unit_id,lon_ctr,lat_ctr,area_km2,t0_reclam_rs,time_since_t0,ndvi_trough_year,ndvi_trough,ndvi_recent,ndvi_recovery,ndvi_overall_slope,phase_v0,dating_confidence,label_method,label_role,note,aml_status_ext
MINE_US_00000,-113.928095,40.687568,330.5375,,,2000,-0.061,-0.035,0.025,-3e-05,degraded,state_only_no_t0,regimeB_v0_RS_t0,RS_derived,t0 = RS reclamation-onset proxy from NDVI trough; pre2000=left-censored; state_only=undatable in 2000-24 window,no_aml_match
MINE_US_00001,-112.627015,40.852618,290.2537,2013,11,2013,-0.41,-0.283,0.127,-2e-05,early_restoration,rs_t0,regimeB_v0_RS_t0,RS_derived,t0 = RS reclamation-onset proxy from NDVI trough; pre2000=left-censored; state_only=undatable in 2000-24 window,no_aml_match
MINE_US_00002,-113.0017,41.289298,162.6922,2013,11,2013,-0.365,-0.057,0.309,0.0074,early_restoration,rs_t0,regimeB_v0_RS_t0,RS_derived,t0 = RS reclamation-onset proxy from NDVI trough; pre2000=left-censored; state_only=undatable in 2000-24 window,no_aml_match
MINE_US_00003,-112.294945,41.284258,123.0654,,,2000,-0.463,-0.395,0.069,-0.00113,degraded,state_only_no_t0,regimeB_v0_RS_t0,RS_derived,t0 = RS reclamation-onset proxy from NDVI trough; pre2000=left-censored; state_only=undatable in 2000-24 window,no_aml_match
MINE_US_00004,-105.283834,43.692251,122.9569,,,2005,0.14,0.24,0.101,0.00337,early_restoration,state_only_no_t0,regimeB_v0_RS_t0,RS_derived,t0 = RS reclamation-onset proxy from NDVI trough; pre2000=left-censored; state_only=undatable in 2000-24 window,no_aml_match
MINE_US_00005,-92.648027,47.566041,92.6574,,,2020,0.326,0.332,0.006,-0.00012,early_restoration,state_only_no_t0,regimeB_v0_RS_t0,RS_derived,t0 = RS reclamation-onset proxy from NDVI trough; pre2000=left-censored; state_only=undatable in 2000-24 window,no_aml_match
MINE_US_00006,-103.961306,32.332544,92.1592,,,2016,0.002,0.087,0.084,0.0009,degraded,state_only_no_t0,regimeB_v0_RS_t0,RS_derived,t0 = RS reclamation-onset proxy from NDVI trough; pre2000=left-censored; state_only=undatable in 2000-24 window,no_aml_match
MINE_US_00007,-109.357617,33.074804,90.3271,,,2021,0.058,0.059,0.001,-0.0004,degraded,state_only_no_t0,regimeB_v0_RS_t0,RS_derived,t0 = RS reclamation-onset proxy from NDVI trough; pre2000=left-censored; state_only=undatable in 2000-24 window,no_aml_match
MINE_US_00008,-111.07624,31.874344,87.4809,,,2002,0.079,0.122,0.044,0.00197,degraded,state_only_no_t0,regimeB_v0_RS_t0,RS_derived,t0 = RS reclamation-onset proxy from NDVI trough; pre2000=left-censored; state_only=undatable in 2000-24 window,no_aml_match
MINE_US_00009,-105.385864,44.055048,86.9261,,,2005,0.148,0.267,0.118,0.00379,early_restoration,state_only_no_t0,regimeB_v0_RS_t0,RS_derived,t0 = RS reclamation-onset proxy from NDVI trough; pre2000=left-censored; state_only=undatable in 2000-24 window,no_aml_match
MINE_US_00010,-116.382086,40.977785,81.6996,,,2000,0.076,0.093,0.017,0.00061,degraded,state_only_no_t0,regimeB_v0_RS_t0,RS_derived,t0 = RS reclamation-onset proxy from NDVI trough; pre2000=left-censored; state_only=undatable in 2000-24 window,no_aml_match
MINE_US_00011,-92.162785,47.582811,74.2152,pre2000,,2000,0.395,0.598,0.204,0.00859,stable_restoration,censored_pre2000,regimeB_v0_RS_t0,RS_derived,t0 = RS reclamation-onset proxy from NDVI trough; pre2000=left-censored; state_only=undatable in 2000-24 window,no_aml_match
MINE_US_00012,-76.799546,35.348689,70.3596,,,2020,0.454,0.484,0.03,-0.00351,early_restoration,state_only_no_t0,regimeB_v0_RS_t0,RS_derived,t0 = RS reclamation-onset proxy from NDVI trough; pre2000=left-censored; state_only=undatable in 2000-24 window,no_aml_match
MINE_US_00013,-92.972347,47.479291,67.6277,,,2002,0.278,0.311,0.034,0.0015,early_restoration,state_only_no_t0,regimeB_v0_RS_t0,RS_derived,t0 = RS reclamation-onset proxy from NDVI trough; pre2000=left-censored; state_only=undatable in 2000-24 window,no_aml_match
MINE_US_00014,-82.835133,30.446936,51.2989,pre2000,,2012,0.385,0.527,0.142,0.00405,stable_restoration,censored_pre2000,regimeB_v0_RS_t0,RS_derived,t0 = RS reclamation-onset proxy from NDVI trough; pre2000=left-censored; state_only=undatable in 2000-24 window,no_aml_match
MINE_US_00015,-87.624999,46.450957,50.2674,,,2007,0.359,0.43,0.071,0.00252,early_restoration,state_only_no_t0,regimeB_v0_RS_t0,RS_derived,t0 = RS reclamation-onset proxy from NDVI trough; pre2000=left-censored; state_only=undatable in 2000-24 window,no_aml_match
MINE_US_00016,-81.761646,27.651692,47.0244,,,2017,0.37,0.442,0.072,-0.00226,early_restoration,state_only_no_t0,regimeB_v0_RS_t0,RS_derived,t0 = RS reclamation-onset proxy from NDVI trough; pre2000=left-censored; state_only=undatable in 2000-24 window,no_aml_match
MINE_US_00017,-81.912515,27.573432,46.1292,pre2000,,2000,0.418,0.538,0.12,0.00299,stable_restoration,censored_pre2000,regimeB_v0_RS_t0,RS_derived,t0 = RS reclamation-onset proxy from NDVI trough; pre2000=left-censored; state_only=undatable in 2000-24 window,no_aml_match
MINE_US_00018,-111.046232,31.993244,45.9067,,,2001,0.056,0.087,0.031,0.00145,degraded,state_only_no_t0,regimeB_v0_RS_t0,RS_derived,t0 = RS reclamation-onset proxy from NDVI trough; pre2000=left-censored; state_only=undatable in 2000-24 window,no_aml_match
MINE_US_00019,-105.276112,43.575397,45.3554,,,2011,0.142,0.214,0.072,0.00207,degraded,state_only_no_t0,regimeB_v0_RS_t0,RS_derived,t0 = RS reclamation-onset proxy from NDVI trough; pre2000=left-censored; state_only=undatable in 2000-24 window,no_aml_match
MINE_US_00020,-112.136151,40.52997,42.9097,,,2017,0.101,0.11,0.009,-0.00079,degraded,state_only_no_t0,regimeB_v0_RS_t0,RS_derived,t0 = RS reclamation-onset proxy from NDVI trough; pre2000=left-censored; state_only=undatable in 2000-24 window,no_aml_match
MINE_US_00021,-116.199349,40.770679,42.6015,,,2012,0.091,0.105,0.014,0.0002,degraded,state_only_no_t0,regimeB_v0_RS_t0,RS_derived,t0 = RS reclamation-onset proxy from NDVI trough; pre2000=left-censored; state_only=undatable in 2000-24 window,no_aml_match
MINE_US_00022,-110.39419,36.520798,42.5515,,,2002,0.124,0.198,0.074,0.00285,degraded,state_only_no_t0,regimeB_v0_RS_t0,RS_derived,t0 = RS reclamation-onset proxy from NDVI trough; pre2000=left-censored; state_only=undatable in 2000-24 window,no_aml_match
MINE_US_00023,-117.685862,35.044782,41.7818,,,2001,0.05,0.067,0.017,0.00053,degraded,state_only_no_t0,regimeB_v0_RS_t0,RS_derived,t0 = RS reclamation-onset proxy from NDVI trough; pre2000=left-censored; state_only=undatable in 2000-24 window,no_aml_match
MINE_US_00024,-108.732446,41.769441,40.7585,,,2001,0.091,0.135,0.044,0.00189,degraded,state_only_no_t0,regimeB_v0_RS_t0,RS_derived,t0 = RS reclamation-onset proxy from NDVI trough; pre2000=left-censored; state_only=undatable in 2000-24 window,no_aml_match
MINE_US_00025,-117.160267,41.257023,40.4488,,,2002,0.079,0.111,0.032,0.00116,degraded,state_only_no_t0,regimeB_v0_RS_t0,RS_derived,t0 = RS reclamation-onset proxy from NDVI trough; pre2000=left-censored; state_only=undatable in 2000-24 window,no_aml_match
MINE_US_00026,-112.125515,40.743747,39.6982,,,2000,0.027,0.09,0.063,0.00229,degraded,state_only_no_t0,regimeB_v0_RS_t0,RS_derived,t0 = RS reclamation-onset proxy from NDVI trough; pre2000=left-censored; state_only=undatable in 2000-24 window,no_aml_match
MINE_US_00027,-121.452515,39.194274,39.4626,,,2005,0.221,0.268,0.047,0.00223,early_restoration,state_only_no_t0,regimeB_v0_RS_t0,RS_derived,t0 = RS reclamation-onset proxy from NDVI trough; pre2000=left-censored; state_only=undatable in 2000-24 window,no_aml_match
MINE_US_00028,-113.231222,34.585143,39.2361,,,2013,0.08,0.093,0.013,-0.00047,degraded,state_only_no_t0,regimeB_v0_RS_t0,RS_derived,t0 = RS reclamation-onset proxy from NDVI trough; pre2000=left-censored; state_only=undatable in 2000-24 window,no_aml_match
MINE_US_00029,-115.012498,39.252458,39.0159,,,2019,0.084,0.09,0.007,-0.00229,degraded,state_only_no_t0,regimeB_v0_RS_t0,RS_derived,t0 = RS reclamation-onset proxy from NDVI trough; pre2000=left-censored; state_only=undatable in 2000-24 window,no_aml_match
MINE_US_00030,-93.07129,47.421745,38.7196,,,2007,0.449,0.463,0.014,-0.00096,early_restoration,state_only_no_t0,regimeB_v0_RS_t0,RS_derived,t0 = RS reclamation-onset proxy from NDVI trough; pre2000=left-censored; state_only=undatable in 2000-24 window,no_aml_match
MINE_US_00031,-110.984618,33.166063,37.1523,,,2001,0.063,0.081,0.018,0.00041,degraded,state_only_no_t0,regimeB_v0_RS_t0,RS_derived,t0 = RS reclamation-onset proxy from NDVI trough; pre2000=left-censored; state_only=undatable in 2000-24 window,no_aml_match
MINE_US_00032,-108.379466,32.650684,37.0838,,,2002,0.077,0.119,0.042,0.00176,degraded,state_only_no_t0,regimeB_v0_RS_t0,RS_derived,t0 = RS reclamation-onset proxy from NDVI trough; pre2000=left-censored; state_only=undatable in 2000-24 window,no_aml_match
MINE_US_00033,-82.096203,27.654831,36.8483,,,2008,0.263,0.49,0.227,0.01081,early_restoration,state_only_no_t0,regimeB_v0_RS_t0,RS_derived,t0 = RS reclamation-onset proxy from NDVI trough; pre2000=left-censored; state_only=undatable in 2000-24 window,no_aml_match
MINE_US_00034,-91.939569,47.657027,36.4913,,,2001,0.439,0.495,0.056,0.00243,early_restoration,state_only_no_t0,regimeB_v0_RS_t0,RS_derived,t0 = RS reclamation-onset proxy from NDVI trough; pre2000=left-censored; state_only=undatable in 2000-24 window,no_aml_match
MINE_US_00035,-117.574676,37.77309,35.7989,,,2000,-0.153,-0.119,0.034,0.00011,degraded,state_only_no_t0,regimeB_v0_RS_t0,RS_derived,t0 = RS reclamation-onset proxy from NDVI trough; pre2000=left-censored; state_only=undatable in 2000-24 window,no_aml_match
MINE_US_00036,-112.521289,40.737493,35.3697,,,2000,-0.323,-0.273,0.05,0.00108,degraded,state_only_no_t0,regimeB_v0_RS_t0,RS_derived,t0 = RS reclamation-onset proxy from NDVI trough; pre2000=left-censored; state_only=undatable in 2000-24 window,no_aml_match
MINE_US_00037,-110.886927,33.407306,34.4281,,,2001,0.06,0.13,0.07,0.00259,degraded,state_only_no_t0,regimeB_v0_RS_t0,RS_derived,t0 = RS reclamation-onset proxy from NDVI trough; pre2000=left-censored; state_only=undatable in 2000-24 window,no_aml_match
MINE_US_00038,-93.059027,47.366265,34.0151,,,2002,0.317,0.377,0.06,0.00269,early_restoration,state_only_no_t0,regimeB_v0_RS_t0,RS_derived,t0 = RS reclamation-onset proxy from NDVI trough; pre2000=left-censored; state_only=undatable in 2000-24 window,no_aml_match
MINE_US_00039,-94.841464,36.981838,32.3573,pre2000,,2011,0.406,0.508,0.102,0.004,stable_restoration,censored_pre2000,regimeB_v0_RS_t0,RS_derived,t0 = RS reclamation-onset proxy from NDVI trough; pre2000=left-censored; state_only=undatable in 2000-24 window,no_aml_match
MINE_US_00040,-117.136699,40.515916,31.7348,,,2020,0.045,0.055,0.009,-0.0011,degraded,state_only_no_t0,regimeB_v0_RS_t0,RS_derived,t0 = RS reclamation-onset proxy from NDVI trough; pre2000=left-censored; state_only=undatable in 2000-24 window,no_aml_match
MINE_US_00041,-106.719678,45.852718,31.4477,,,2005,0.169,0.278,0.109,0.0024,early_restoration,state_only_no_t0,regimeB_v0_RS_t0,RS_derived,t0 = RS reclamation-onset proxy from NDVI trough; pre2000=left-censored; state_only=undatable in 2000-24 window,no_aml_match
MINE_US_00042,-117.09661,38.695519,31.2834,,,2001,0.046,0.062,0.016,0.00036,degraded,state_only_no_t0,regimeB_v0_RS_t0,RS_derived,t0 = RS reclamation-onset proxy from NDVI trough; pre2000=left-censored; state_only=undatable in 2000-24 window,no_aml_match
MINE_US_00043,-110.592626,32.622627,30.6226,,,2001,0.089,0.186,0.097,0.00425,degraded,state_only_no_t0,regimeB_v0_RS_t0,RS_derived,t0 = RS reclamation-onset proxy from NDVI trough; pre2000=left-censored; state_only=undatable in 2000-24 window,no_aml_match
MINE_US_00044,-107.844085,35.655638,29.6645,,,2011,0.102,0.148,0.046,0.00127,degraded,state_only_no_t0,regimeB_v0_RS_t0,RS_derived,t0 = RS reclamation-onset proxy from NDVI trough; pre2000=left-censored; state_only=undatable in 2000-24 window,no_aml_match
MINE_US_00045,-116.707963,40.24565,29.5547,,,2020,0.055,0.067,0.012,-0.00052,degraded,state_only_no_t0,regimeB_v0_RS_t0,RS_derived,t0 = RS reclamation-onset proxy from NDVI trough; pre2000=left-censored; state_only=undatable in 2000-24 window,no_aml_match
MINE_US_00046,-108.106965,32.657983,28.4913,,,2002,0.045,0.106,0.061,0.00282,degraded,state_only_no_t0,regimeB_v0_RS_t0,RS_derived,t0 = RS reclamation-onset proxy from NDVI trough; pre2000=left-censored; state_only=undatable in 2000-24 window,no_aml_match
MINE_US_00047,-115.51007,33.873093,28.3796,,,2002,0.034,0.053,0.02,0.00085,degraded,state_only_no_t0,regimeB_v0_RS_t0,RS_derived,t0 = RS reclamation-onset proxy from NDVI trough; pre2000=left-censored; state_only=undatable in 2000-24 window,no_aml_match
MINE_US_00048,-117.164064,40.719312,27.1881,,,2007,0.087,0.112,0.025,0.00057,degraded,state_only_no_t0,regimeB_v0_RS_t0,RS_derived,t0 = RS reclamation-onset proxy from NDVI trough; pre2000=left-censored; state_only=undatable in 2000-24 window,no_aml_match
MINE_US_00049,-81.974737,38.084398,26.9818,2009,15,2009,0.464,0.685,0.221,0.00304,stable_restoration,rs_t0,regimeB_v0_RS_t0,RS_derived,t0 = RS reclamation-onset proxy from NDVI trough; pre2000=left-censored; state_only=undatable in 2000-24 window,no_aml_match
MINE_US_00050,-106.18678,39.400938,26.9412,,,2001,0.193,0.254,0.061,0.00168,early_restoration,state_only_no_t0,regimeB_v0_RS_t0,RS_derived,t0 = RS reclamation-onset proxy from NDVI trough; pre2000=left-censored; state_only=undatable in 2000-24 window,no_aml_match
MINE_US_00051,-108.067748,32.787682,26.9005,,,2012,0.068,0.087,0.019,-0.00011,degraded,state_only_no_t0,regimeB_v0_RS_t0,RS_derived,t0 = RS reclamation-onset proxy from NDVI trough; pre2000=left-censored; state_only=undatable in 2000-24 window,no_aml_match
MINE_US_00052,-82.711272,37.017397,26.729,2010,14,2010,0.41,0.671,0.261,0.00083,stable_restoration,rs_t0,regimeB_v0_RS_t0,RS_derived,t0 = RS reclamation-onset proxy from NDVI trough; pre2000=left-censored; state_only=undatable in 2000-24 window,no_aml_match
MINE_US_00053,-89.530142,46.781586,26.5597,pre2000,,2000,0.322,0.523,0.201,0.00864,stable_restoration,censored_pre2000,regimeB_v0_RS_t0,RS_derived,t0 = RS reclamation-onset proxy from NDVI trough; pre2000=left-censored; state_only=undatable in 2000-24 window,no_aml_match
MINE_US_00054,-112.498346,46.029751,25.9767,,,2020,0.046,0.052,0.006,-0.00157,degraded,state_only_no_t0,regimeB_v0_RS_t0,RS_derived,t0 = RS reclamation-onset proxy from NDVI trough; pre2000=left-censored; state_only=undatable in 2000-24 window,no_aml_match
MINE_US_00055,-97.261036,30.351028,25.952,,,2010,0.345,0.422,0.077,-0.00562,early_restoration,state_only_no_t0,regimeB_v0_RS_t0,RS_derived,t0 = RS reclamation-onset proxy from NDVI trough; pre2000=left-censored; state_only=undatable in 2000-24 window,no_aml_match
MINE_US_00056,-122.811588,46.732175,25.6924,2004,20,2004,0.347,0.593,0.246,0.01086,stable_restoration,rs_t0,regimeB_v0_RS_t0,RS_derived,t0 = RS reclamation-onset proxy from NDVI trough; pre2000=left-censored; state_only=undatable in 2000-24 window,no_aml_match
MINE_US_00057,-76.271671,40.806106,25.4055,pre2000,,2000,0.63,0.731,0.102,0.0035,stable_restoration,censored_pre2000,regimeB_v0_RS_t0,RS_derived,t0 = RS reclamation-onset proxy from NDVI trough; pre2000=left-censored; state_only=undatable in 2000-24 window,aml_listed_not_complete
MINE_US_00058,-89.243618,33.391674,25.3248,pre2000,,2011,0.588,0.599,0.012,-0.00279,stable_restoration,censored_pre2000,regimeB_v0_RS_t0,RS_derived,t0 = RS reclamation-onset proxy from NDVI trough; pre2000=left-censored; state_only=undatable in 2000-24 window,no_aml_match
MINE_US_00059,-87.523485,46.416012,25.2901,,,2019,0.401,0.438,0.037,-0.00255,early_restoration,state_only_no_t0,regimeB_v0_RS_t0,RS_derived,t0 = RS reclamation-onset proxy from NDVI trough; pre2000=left-censored; state_only=undatable in 2000-24 window,no_aml_match
MINE_US_00060,-87.658198,46.397423,24.6078,,,2007,0.262,0.476,0.214,0.00981,early_restoration,state_only_no_t0,regimeB_v0_RS_t0,RS_derived,t0 = RS reclamation-onset proxy from NDVI trough; pre2000=left-censored; state_only=undatable in 2000-24 window,no_aml_match
MINE_US_00061,-111.516484,32.406802,24.4525,,,2002,0.072,0.085,0.013,0.00013,degraded,state_only_no_t0,regimeB_v0_RS_t0,RS_derived,t0 = RS reclamation-onset proxy from NDVI trough; pre2000=left-censored; state_only=undatable in 2000-24 window,no_aml_match
MINE_US_00062,-81.057075,38.350101,23.2935,2007,17,2007,0.462,0.755,0.293,0.01075,stable_restoration,rs_t0,regimeB_v0_RS_t0,RS_derived,t0 = RS reclamation-onset proxy from NDVI trough; pre2000=left-censored; state_only=undatable in 2000-24 window,no_aml_match
MINE_US_00063,-81.998575,27.566871,23.0735,,,2019,0.44,0.494,0.054,-0.00767,early_restoration,state_only_no_t0,regimeB_v0_RS_t0,RS_derived,t0 = RS reclamation-onset proxy from NDVI trough; pre2000=left-censored; state_only=undatable in 2000-24 window,no_aml_match
MINE_US_00064,-83.12485,37.408367,22.9425,2011,13,2011,0.439,0.626,0.187,-0.0003,stable_restoration,rs_t0,regimeB_v0_RS_t0,RS_derived,t0 = RS reclamation-onset proxy from NDVI trough; pre2000=left-censored; state_only=undatable in 2000-24 window,no_aml_match
MINE_US_00065,-82.120774,27.715549,22.7049,2012,12,2012,0.372,0.523,0.151,-0.00376,stable_restoration,rs_t0,regimeB_v0_RS_t0,RS_derived,t0 = RS reclamation-onset proxy from NDVI trough; pre2000=left-censored; state_only=undatable in 2000-24 window,no_aml_match
MINE_US_00066,-106.907992,45.112804,22.6709,,,2003,0.15,0.235,0.085,0.0035,early_restoration,state_only_no_t0,regimeB_v0_RS_t0,RS_derived,t0 = RS reclamation-onset proxy from NDVI trough; pre2000=left-censored; state_only=undatable in 2000-24 window,no_aml_match
MINE_US_00067,-118.689477,40.869629,22.3258,,,2013,0.048,0.065,0.018,-0.00021,degraded,state_only_no_t0,regimeB_v0_RS_t0,RS_derived,t0 = RS reclamation-onset proxy from NDVI trough; pre2000=left-censored; state_only=undatable in 2000-24 window,no_aml_match
MINE_US_00068,-81.811159,37.808609,22.0345,2008,16,2008,0.554,0.744,0.189,0.00249,stable_restoration,rs_t0,regimeB_v0_RS_t0,RS_derived,t0 = RS reclamation-onset proxy from NDVI trough; pre2000=left-censored; state_only=undatable in 2000-24 window,no_aml_match
MINE_US_00069,-105.380518,43.500841,21.465,,,2010,0.142,0.188,0.046,0.00088,degraded,state_only_no_t0,regimeB_v0_RS_t0,RS_derived,t0 = RS reclamation-onset proxy from NDVI trough; pre2000=left-censored; state_only=undatable in 2000-24 window,no_aml_match
MINE_US_00070,-110.976051,33.40276,21.412,,,2013,0.136,0.159,0.023,-0.00063,degraded,state_only_no_t0,regimeB_v0_RS_t0,RS_derived,t0 = RS reclamation-onset proxy from NDVI trough; pre2000=left-censored; state_only=undatable in 2000-24 window,no_aml_match
MINE_US_00071,-80.613995,38.444984,20.1937,2009,15,2009,0.459,0.773,0.314,0.00915,stable_restoration,rs_t0,regimeB_v0_RS_t0,RS_derived,t0 = RS reclamation-onset proxy from NDVI trough; pre2000=left-censored; state_only=undatable in 2000-24 window,no_aml_match
MINE_US_00072,-107.632812,35.51065,19.7906,,,2007,0.088,0.131,0.043,0.00181,degraded,state_only_no_t0,regimeB_v0_RS_t0,RS_derived,t0 = RS reclamation-onset proxy from NDVI trough; pre2000=left-censored; state_only=undatable in 2000-24 window,no_aml_match
MINE_US_00073,-111.129357,42.668057,19.2101,,,2019,0.422,0.488,0.066,-0.00089,early_restoration,state_only_no_t0,regimeB_v0_RS_t0,RS_derived,t0 = RS reclamation-onset proxy from NDVI trough; pre2000=left-censored; state_only=undatable in 2000-24 window,no_aml_match
MINE_US_00074,-81.571144,37.907819,19.2055,2011,13,2011,0.43,0.649,0.219,0.00299,stable_restoration,rs_t0,regimeB_v0_RS_t0,RS_derived,t0 = RS reclamation-onset proxy from NDVI trough; pre2000=left-censored; state_only=undatable in 2000-24 window,no_aml_match
MINE_US_00075,-117.309307,38.3162,19.1817,,,2002,0.042,0.078,0.036,0.00162,degraded,state_only_no_t0,regimeB_v0_RS_t0,RS_derived,t0 = RS reclamation-onset proxy from NDVI trough; pre2000=left-censored; state_only=undatable in 2000-24 window,no_aml_match
MINE_US_00076,-81.716052,38.061301,19.1247,2009,15,2009,0.555,0.738,0.184,0.00145,stable_restoration,rs_t0,regimeB_v0_RS_t0,RS_derived,t0 = RS reclamation-onset proxy from NDVI trough; pre2000=left-censored; state_only=undatable in 2000-24 window,no_aml_match
MINE_US_00077,-114.980794,33.053136,19.0954,,,2000,0.04,0.06,0.02,0.00087,degraded,state_only_no_t0,regimeB_v0_RS_t0,RS_derived,t0 = RS reclamation-onset proxy from NDVI trough; pre2000=left-censored; state_only=undatable in 2000-24 window,no_aml_match
MINE_US_00078,-87.756213,38.35849,18.9827,,,2012,0.129,0.191,0.062,0.00206,degraded,state_only_no_t0,regimeB_v0_RS_t0,RS_derived,t0 = RS reclamation-onset proxy from NDVI trough; pre2000=left-censored; state_only=undatable in 2000-24 window,no_aml_match
MINE_US_00079,-106.83576,45.063155,18.9725,,,2007,0.142,0.268,0.126,0.00528,early_restoration,state_only_no_t0,regimeB_v0_RS_t0,RS_derived,t0 = RS reclamation-onset proxy from NDVI trough; pre2000=left-censored; state_only=undatable in 2000-24 window,no_aml_match
MINE_US_00080,-76.155388,40.817953,18.9273,pre2000,,2018,0.554,0.585,0.031,0.00013,stable_restoration,censored_pre2000,regimeB_v0_RS_t0,RS_derived,t0 = RS reclamation-onset proxy from NDVI trough; pre2000=left-censored; state_only=undatable in 2000-24 window,aml_listed_not_complete
MINE_US_00081,-94.471851,32.413102,18.2085,2010,14,2010,0.44,0.656,0.216,0.00754,stable_restoration,rs_t0,regimeB_v0_RS_t0,RS_derived,t0 = RS reclamation-onset proxy from NDVI trough; pre2000=left-censored; state_only=undatable in 2000-24 window,no_aml_match
MINE_US_00082,-75.973925,40.919765,17.4982,pre2000,,2000,0.592,0.626,0.034,0.00134,stable_restoration,censored_pre2000,regimeB_v0_RS_t0,RS_derived,t0 = RS reclamation-onset proxy from NDVI trough; pre2000=left-censored; state_only=undatable in 2000-24 window,aml_listed_not_complete
MINE_US_00083,-105.288585,43.952279,17.4079,,,2005,0.147,0.244,0.097,0.00315,early_restoration,state_only_no_t0,regimeB_v0_RS_t0,RS_derived,t0 = RS reclamation-onset proxy from NDVI trough; pre2000=left-censored; state_only=undatable in 2000-24 window,no_aml_match
MINE_US_00084,-96.215797,31.398901,17.0538,,,2012,0.338,0.401,0.063,-0.00491,early_restoration,state_only_no_t0,regimeB_v0_RS_t0,RS_derived,t0 = RS reclamation-onset proxy from NDVI trough; pre2000=left-censored; state_only=undatable in 2000-24 window,no_aml_match
MINE_US_00085,-87.288883,39.019296,17.0314,2016,8,2016,0.401,0.563,0.162,-0.00495,stable_restoration,rs_t0,regimeB_v0_RS_t0,RS_derived,t0 = RS reclamation-onset proxy from NDVI trough; pre2000=left-censored; state_only=undatable in 2000-24 window,no_aml_match
MINE_US_00086,-82.04696,27.534369,16.8437,,,2024,0.293,0.335,0.042,-0.00453,early_restoration,state_only_no_t0,regimeB_v0_RS_t0,RS_derived,t0 = RS reclamation-onset proxy from NDVI trough; pre2000=left-censored; state_only=undatable in 2000-24 window,no_aml_match
MINE_US_00087,-117.214059,40.823834,16.1263,,,2002,0.062,0.114,0.052,0.00204,degraded,state_only_no_t0,regimeB_v0_RS_t0,RS_derived,t0 = RS reclamation-onset proxy from NDVI trough; pre2000=left-censored; state_only=undatable in 2000-24 window,no_aml_match
MINE_US_00088,-87.256979,38.185561,16.0914,2016,8,2016,0.508,0.661,0.154,-0.00772,stable_restoration,rs_t0,regimeB_v0_RS_t0,RS_derived,t0 = RS reclamation-onset proxy from NDVI trough; pre2000=left-censored; state_only=undatable in 2000-24 window,no_aml_match
MINE_US_00089,-105.147103,38.733312,15.0877,,,2019,0.107,0.118,0.012,-0.00584,degraded,state_only_no_t0,regimeB_v0_RS_t0,RS_derived,t0 = RS reclamation-onset proxy from NDVI trough; pre2000=left-censored; state_only=undatable in 2000-24 window,no_aml_match
MINE_US_00090,-101.234273,47.346471,14.9871,2003,21,2003,0.292,0.537,0.245,0.00661,stable_restoration,rs_t0,regimeB_v0_RS_t0,RS_derived,t0 = RS reclamation-onset proxy from NDVI trough; pre2000=left-censored; state_only=undatable in 2000-24 window,no_aml_match
MINE_US_00091,-108.789316,41.750337,14.6991,,,2001,0.115,0.144,0.03,0.00106,degraded,state_only_no_t0,regimeB_v0_RS_t0,RS_derived,t0 = RS reclamation-onset proxy from NDVI trough; pre2000=left-censored; state_only=undatable in 2000-24 window,no_aml_match
MINE_US_00092,-101.132904,47.386492,14.6887,,,2003,0.281,0.431,0.15,0.00569,early_restoration,state_only_no_t0,regimeB_v0_RS_t0,RS_derived,t0 = RS reclamation-onset proxy from NDVI trough; pre2000=left-censored; state_only=undatable in 2000-24 window,no_aml_match
MINE_US_00093,-105.538077,44.472152,14.595,,,2010,0.184,0.282,0.099,0.00276,early_restoration,state_only_no_t0,regimeB_v0_RS_t0,RS_derived,t0 = RS reclamation-onset proxy from NDVI trough; pre2000=left-censored; state_only=undatable in 2000-24 window,no_aml_match
MINE_US_00094,-117.239506,41.218184,14.4218,,,2000,0.075,0.125,0.05,0.00186,degraded,state_only_no_t0,regimeB_v0_RS_t0,RS_derived,t0 = RS reclamation-onset proxy from NDVI trough; pre2000=left-censored; state_only=undatable in 2000-24 window,no_aml_match
MINE_US_00095,-109.687804,32.9519,14.1644,,,2012,0.042,0.069,0.027,-0.00201,degraded,state_only_no_t0,regimeB_v0_RS_t0,RS_derived,t0 = RS reclamation-onset proxy from NDVI trough; pre2000=left-censored; state_only=undatable in 2000-24 window,no_aml_match
MINE_US_00096,-82.064808,37.72639,14.0717,2015,9,2015,0.604,0.722,0.118,-0.00715,stable_restoration,rs_t0,regimeB_v0_RS_t0,RS_derived,t0 = RS reclamation-onset proxy from NDVI trough; pre2000=left-censored; state_only=undatable in 2000-24 window,no_aml_match
MINE_US_00097,-101.080571,47.472026,14.0668,2017,7,2017,0.285,0.432,0.147,-0.0015,early_restoration,rs_t0,regimeB_v0_RS_t0,RS_derived,t0 = RS reclamation-onset proxy from NDVI trough; pre2000=left-censored; state_only=undatable in 2000-24 window,no_aml_match
MINE_US_00098,-101.748652,47.426192,13.8716,2010,14,2010,0.255,0.43,0.175,0.00167,early_restoration,rs_t0,regimeB_v0_RS_t0,RS_derived,t0 = RS reclamation-onset proxy from NDVI trough; pre2000=left-censored; state_only=undatable in 2000-24 window,no_aml_match
MINE_US_00099,-101.834769,47.335744,13.8049,2016,8,2016,0.268,0.43,0.162,-0.00131,early_restoration,rs_t0,regimeB_v0_RS_t0,RS_derived,t0 = RS reclamation-onset proxy from NDVI trough; pre2000=left-censored; state_only=undatable in 2000-24 window,no_aml_match
MINE_US_00100,-116.303599,40.903966,13.7573,,,2007,0.143,0.196,0.053,0.00233,degraded,state_only_no_t0,regimeB_v0_RS_t0,RS_derived,t0 = RS reclamation-onset proxy from NDVI trough; pre2000=left-censored; state_only=undatable in 2000-24 window,no_aml_match
MINE_US_00101,-93.608881,31.980326,13.7213,2011,13,2011,0.388,0.609,0.22,-0.00621,stable_restoration,rs_t0,regimeB_v0_RS_t0,RS_derived,t0 = RS reclamation-onset proxy from NDVI trough; pre2000=left-censored; state_only=undatable in 2000-24 window,no_aml_match
MINE_US_00102,-119.19929,38.999188,13.6599,,,2001,0.002,0.05,0.048,0.00139,degraded,state_only_no_t0,regimeB_v0_RS_t0,RS_derived,t0 = RS reclamation-onset proxy from NDVI trough; pre2000=left-censored; state_only=undatable in 2000-24 window,no_aml_match
MINE_US_00103,-94.394317,32.472656,13.4671,2014,10,2014,0.394,0.541,0.147,-0.01084,stable_restoration,rs_t0,regimeB_v0_RS_t0,RS_derived,t0 = RS reclamation-onset proxy from NDVI trough; pre2000=left-censored; state_only=undatable in 2000-24 window,no_aml_match
MINE_US_00104,-81.946633,37.622533,13.232,2009,15,2009,0.44,0.712,0.273,0.00177,stable_restoration,rs_t0,regimeB_v0_RS_t0,RS_derived,t0 = RS reclamation-onset proxy from NDVI trough; pre2000=left-censored; state_only=undatable in 2000-24 window,no_aml_match
MINE_US_00105,-87.344323,38.238923,13.0037,2016,8,2016,0.495,0.6,0.106,-0.00469,stable_restoration,rs_t0,regimeB_v0_RS_t0,RS_derived,t0 = RS reclamation-onset proxy from NDVI trough; pre2000=left-censored; state_only=undatable in 2000-24 window,no_aml_match
MINE_US_00106,-116.619785,40.161872,12.9761,,,2019,0.066,0.077,0.011,-0.00481,degraded,state_only_no_t0,regimeB_v0_RS_t0,RS_derived,t0 = RS reclamation-onset proxy from NDVI trough; pre2000=left-censored; state_only=undatable in 2000-24 window,no_aml_match
MINE_US_00107,-118.12463,44.699497,12.9277,,,2000,0.301,0.401,0.1,0.00359,early_restoration,state_only_no_t0,regimeB_v0_RS_t0,RS_derived,t0 = RS reclamation-onset proxy from NDVI trough; pre2000=left-censored; state_only=undatable in 2000-24 window,no_aml_match
MINE_US_00108,-82.779061,30.475378,12.9125,,,2019,0.381,0.413,0.032,-0.01596,early_restoration,state_only_no_t0,regimeB_v0_RS_t0,RS_derived,t0 = RS reclamation-onset proxy from NDVI trough; pre2000=left-censored; state_only=undatable in 2000-24 window,no_aml_match
MINE_US_00109,-114.155284,35.35443,12.8527,,,2013,0.056,0.068,0.012,-0.00014,degraded,state_only_no_t0,regimeB_v0_RS_t0,RS_derived,t0 = RS reclamation-onset proxy from NDVI trough; pre2000=left-censored; state_only=undatable in 2000-24 window,no_aml_match
MINE_US_00110,-103.982614,32.590177,12.7995,,,2007,0.081,0.132,0.051,0.00208,degraded,state_only_no_t0,regimeB_v0_RS_t0,RS_derived,t0 = RS reclamation-onset proxy from NDVI trough; pre2000=left-censored; state_only=undatable in 2000-24 window,no_aml_match
MINE_US_00111,-110.30439,36.441257,12.6613,,,2013,0.127,0.18,0.053,0.00016,degraded,state_only_no_t0,regimeB_v0_RS_t0,RS_derived,t0 = RS reclamation-onset proxy from NDVI trough; pre2000=left-censored; state_only=undatable in 2000-24 window,no_aml_match
MINE_US_00112,-86.790639,33.113598,12.5587,,,2006,0.416,0.472,0.056,0.00142,early_restoration,state_only_no_t0,regimeB_v0_RS_t0,RS_derived,t0 = RS reclamation-onset proxy from NDVI trough; pre2000=left-censored; state_only=undatable in 2000-24 window,no_aml_match
MINE_US_00113,-92.555934,47.347508,12.5452,,,2003,0.259,0.351,0.092,0.00389,early_restoration,state_only_no_t0,regimeB_v0_RS_t0,RS_derived,t0 = RS reclamation-onset proxy from NDVI trough; pre2000=left-censored; state_only=undatable in 2000-24 window,no_aml_match
MINE_US_00114,-81.904666,27.895399,12.3824,2005,19,2005,0.284,0.423,0.139,0.00537,early_restoration,rs_t0,regimeB_v0_RS_t0,RS_derived,t0 = RS reclamation-onset proxy from NDVI trough; pre2000=left-censored; state_only=undatable in 2000-24 window,no_aml_match
MINE_US_00115,-75.901006,40.988383,11.9296,pre2000,,2000,0.514,0.61,0.096,0.00385,stable_restoration,censored_pre2000,regimeB_v0_RS_t0,RS_derived,t0 = RS reclamation-onset proxy from NDVI trough; pre2000=left-censored; state_only=undatable in 2000-24 window,aml_listed_not_complete
MINE_US_00116,-81.375362,37.97496,11.9121,2017,7,2017,0.51,0.662,0.152,-0.00943,stable_restoration,rs_t0,regimeB_v0_RS_t0,RS_derived,t0 = RS reclamation-onset proxy from NDVI trough; pre2000=left-censored; state_only=undatable in 2000-24 window,no_aml_match
MINE_US_00117,-107.037466,45.782502,11.8846,,,2013,0.197,0.275,0.078,-0.00077,early_restoration,state_only_no_t0,regimeB_v0_RS_t0,RS_derived,t0 = RS reclamation-onset proxy from NDVI trough; pre2000=left-censored; state_only=undatable in 2000-24 window,no_aml_match
MINE_US_00118,-105.397361,44.150373,11.8545,,,2011,0.143,0.241,0.098,0.00071,early_restoration,state_only_no_t0,regimeB_v0_RS_t0,RS_derived,t0 = RS reclamation-onset proxy from NDVI trough; pre2000=left-censored; state_only=undatable in 2000-24 window,no_aml_match
MINE_US_00119,-107.243838,40.371665,11.6541,pre2000,,2002,0.385,0.58,0.195,0.00685,stable_restoration,censored_pre2000,regimeB_v0_RS_t0,RS_derived,t0 = RS reclamation-onset proxy from NDVI trough; pre2000=left-censored; state_only=undatable in 2000-24 window,no_aml_match
MINE_US_00120,-87.279461,38.946978,11.6388,pre2000,,2016,0.447,0.528,0.081,-0.01089,stable_restoration,censored_pre2000,regimeB_v0_RS_t0,RS_derived,t0 = RS reclamation-onset proxy from NDVI trough; pre2000=left-censored; state_only=undatable in 2000-24 window,no_aml_match
MINE_US_00121,-105.513732,36.699019,11.63,,,2003,0.178,0.203,0.025,0.00076,degraded,state_only_no_t0,regimeB_v0_RS_t0,RS_derived,t0 = RS reclamation-onset proxy from NDVI trough; pre2000=left-censored; state_only=undatable in 2000-24 window,no_aml_match
MINE_US_00122,-83.324354,37.379622,11.5498,2014,10,2014,0.367,0.654,0.287,0.00592,stable_restoration,rs_t0,regimeB_v0_RS_t0,RS_derived,t0 = RS reclamation-onset proxy from NDVI trough; pre2000=left-censored; state_only=undatable in 2000-24 window,no_aml_match
MINE_US_00123,-82.627973,37.288523,11.5087,2011,13,2011,0.56,0.754,0.194,-0.00196,stable_restoration,rs_t0,regimeB_v0_RS_t0,RS_derived,t0 = RS reclamation-onset proxy from NDVI trough; pre2000=left-censored; state_only=undatable in 2000-24 window,no_aml_match
MINE_US_00124,-82.113441,27.498726,11.4104,,,2019,0.301,0.342,0.041,-0.00725,early_restoration,state_only_no_t0,regimeB_v0_RS_t0,RS_derived,t0 = RS reclamation-onset proxy from NDVI trough; pre2000=left-censored; state_only=undatable in 2000-24 window,no_aml_match
MINE_US_00125,-92.460995,47.58546,11.4065,,,2024,0.308,0.325,0.017,-0.00096,early_restoration,state_only_no_t0,regimeB_v0_RS_t0,RS_derived,t0 = RS reclamation-onset proxy from NDVI trough; pre2000=left-censored; state_only=undatable in 2000-24 window,no_aml_match
MINE_US_00126,-104.923714,36.865571,11.3586,,,2011,0.21,0.314,0.103,0.00317,early_restoration,state_only_no_t0,regimeB_v0_RS_t0,RS_derived,t0 = RS reclamation-onset proxy from NDVI trough; pre2000=left-censored; state_only=undatable in 2000-24 window,no_aml_match
MINE_US_00127,-105.505009,44.412874,11.3483,,,2003,0.16,0.266,0.107,0.00321,early_restoration,state_only_no_t0,regimeB_v0_RS_t0,RS_derived,t0 = RS reclamation-onset proxy from NDVI trough; pre2000=left-censored; state_only=undatable in 2000-24 window,no_aml_match
MINE_US_00128,-108.47801,36.694454,11.3151,,,2024,-0.064,-0.05,0.014,-0.00085,degraded,state_only_no_t0,regimeB_v0_RS_t0,RS_derived,t0 = RS reclamation-onset proxy from NDVI trough; pre2000=left-censored; state_only=undatable in 2000-24 window,no_aml_match
MINE_US_00129,-81.918105,27.853066,11.2535,,,2000,0.259,0.448,0.189,0.00859,early_restoration,state_only_no_t0,regimeB_v0_RS_t0,RS_derived,t0 = RS reclamation-onset proxy from NDVI trough; pre2000=left-censored; state_only=undatable in 2000-24 window,no_aml_match
MINE_US_00130,-103.837666,44.339879,11.2428,,,2021,0.386,0.394,0.008,-0.00156,early_restoration,state_only_no_t0,regimeB_v0_RS_t0,RS_derived,t0 = RS reclamation-onset proxy from NDVI trough; pre2000=left-censored; state_only=undatable in 2000-24 window,no_aml_match
MINE_US_00131,-80.979282,38.331142,11.1069,2007,17,2007,0.489,0.779,0.29,0.00711,stable_restoration,rs_t0,regimeB_v0_RS_t0,RS_derived,t0 = RS reclamation-onset proxy from NDVI trough; pre2000=left-censored; state_only=undatable in 2000-24 window,no_aml_match
MINE_US_00132,-92.548297,47.484791,11.0092,,,2007,0.272,0.314,0.041,0.00095,early_restoration,state_only_no_t0,regimeB_v0_RS_t0,RS_derived,t0 = RS reclamation-onset proxy from NDVI trough; pre2000=left-censored; state_only=undatable in 2000-24 window,no_aml_match
MINE_US_00133,-115.532166,39.941817,10.9385,,,2019,0.101,0.115,0.014,-0.00625,degraded,state_only_no_t0,regimeB_v0_RS_t0,RS_derived,t0 = RS reclamation-onset proxy from NDVI trough; pre2000=left-censored; state_only=undatable in 2000-24 window,no_aml_match
MINE_US_00134,-82.826412,37.034927,10.8622,2011,13,2011,0.509,0.68,0.171,-0.00773,stable_restoration,rs_t0,regimeB_v0_RS_t0,RS_derived,t0 = RS reclamation-onset proxy from NDVI trough; pre2000=left-censored; state_only=undatable in 2000-24 window,no_aml_match
MINE_US_00135,-80.537279,34.585751,10.8161,,,2024,0.36,0.363,0.004,-0.01466,early_restoration,state_only_no_t0,regimeB_v0_RS_t0,RS_derived,t0 = RS reclamation-onset proxy from NDVI trough; pre2000=left-censored; state_only=undatable in 2000-24 window,no_aml_match
MINE_US_00136,-112.836823,32.38477,10.7591,,,2003,0.029,0.06,0.032,0.0014,degraded,state_only_no_t0,regimeB_v0_RS_t0,RS_derived,t0 = RS reclamation-onset proxy from NDVI trough; pre2000=left-censored; state_only=undatable in 2000-24 window,no_aml_match
MINE_US_00137,-105.30964,43.516272,10.6687,,,2005,0.121,0.199,0.078,0.00237,degraded,state_only_no_t0,regimeB_v0_RS_t0,RS_derived,t0 = RS reclamation-onset proxy from NDVI trough; pre2000=left-censored; state_only=undatable in 2000-24 window,no_aml_match
MINE_US_00138,-82.03624,27.820062,10.6523,,,2003,0.183,0.305,0.122,0.00462,early_restoration,state_only_no_t0,regimeB_v0_RS_t0,RS_derived,t0 = RS reclamation-onset proxy from NDVI trough; pre2000=left-censored; state_only=undatable in 2000-24 window,no_aml_match
MINE_US_00139,-82.154979,37.062563,10.651,pre2000,,2015,0.634,0.668,0.034,-0.00874,stable_restoration,censored_pre2000,regimeB_v0_RS_t0,RS_derived,t0 = RS reclamation-onset proxy from NDVI trough; pre2000=left-censored; state_only=undatable in 2000-24 window,no_aml_match
MINE_US_00140,-75.92662,40.816532,10.5823,pre2000,,2000,0.547,0.627,0.08,0.00315,stable_restoration,censored_pre2000,regimeB_v0_RS_t0,RS_derived,t0 = RS reclamation-onset proxy from NDVI trough; pre2000=left-censored; state_only=undatable in 2000-24 window,reclamation_complete
MINE_US_00141,-108.42063,36.797873,10.4913,,,2002,0.068,0.125,0.057,0.0024,degraded,state_only_no_t0,regimeB_v0_RS_t0,RS_derived,t0 = RS reclamation-onset proxy from NDVI trough; pre2000=left-censored; state_only=undatable in 2000-24 window,no_aml_match
MINE_US_00142,-82.402662,37.556647,10.4497,2010,14,2010,0.577,0.749,0.172,0.0025,stable_restoration,rs_t0,regimeB_v0_RS_t0,RS_derived,t0 = RS reclamation-onset proxy from NDVI trough; pre2000=left-censored; state_only=undatable in 2000-24 window,no_aml_match
MINE_US_00143,-94.503101,32.358776,10.442,,,2018,0.38,0.462,0.082,-0.01775,early_restoration,state_only_no_t0,regimeB_v0_RS_t0,RS_derived,t0 = RS reclamation-onset proxy from NDVI trough; pre2000=left-censored; state_only=undatable in 2000-24 window,no_aml_match
MINE_US_00144,-108.78587,41.482343,10.2666,,,2012,0.119,0.14,0.021,0.00011,degraded,state_only_no_t0,regimeB_v0_RS_t0,RS_derived,t0 = RS reclamation-onset proxy from NDVI trough; pre2000=left-censored; state_only=undatable in 2000-24 window,no_aml_match
MINE_US_00145,-107.586087,42.798534,10.1535,,,2001,0.097,0.156,0.059,0.0023,degraded,state_only_no_t0,regimeB_v0_RS_t0,RS_derived,t0 = RS reclamation-onset proxy from NDVI trough; pre2000=left-censored; state_only=undatable in 2000-24 window,no_aml_match
MINE_US_00146,-81.961917,27.644576,10.1471,pre2000,,2000,0.398,0.544,0.146,0.00454,stable_restoration,censored_pre2000,regimeB_v0_RS_t0,RS_derived,t0 = RS reclamation-onset proxy from NDVI trough; pre2000=left-censored; state_only=undatable in 2000-24 window,no_aml_match
MINE_US_00147,-81.886852,37.838018,10.0571,2014,10,2014,0.558,0.696,0.138,-0.00126,stable_restoration,rs_t0,regimeB_v0_RS_t0,RS_derived,t0 = RS reclamation-onset proxy from NDVI trough; pre2000=left-censored; state_only=undatable in 2000-24 window,no_aml_match
MINE_US_00148,-112.85499,32.356835,9.9479,,,2001,0.022,0.051,0.029,0.00133,degraded,state_only_no_t0,regimeB_v0_RS_t0,RS_derived,t0 = RS reclamation-onset proxy from NDVI trough; pre2000=left-censored; state_only=undatable in 2000-24 window,no_aml_match
MINE_US_00149,-108.416846,32.721509,9.8522,,,2001,0.054,0.184,0.13,0.00561,degraded,state_only_no_t0,regimeB_v0_RS_t0,RS_derived,t0 = RS reclamation-onset proxy from NDVI trough; pre2000=left-censored; state_only=undatable in 2000-24 window,no_aml_match
MINE_US_00150,-81.479832,37.376673,9.8429,2017,7,2017,0.557,0.671,0.114,-0.01013,stable_restoration,rs_t0,regimeB_v0_RS_t0,RS_derived,t0 = RS reclamation-onset proxy from NDVI trough; pre2000=left-censored; state_only=undatable in 2000-24 window,no_aml_match
MINE_US_00151,-81.634371,37.90371,9.7249,2011,13,2011,0.57,0.756,0.186,5e-05,stable_restoration,rs_t0,regimeB_v0_RS_t0,RS_derived,t0 = RS reclamation-onset proxy from NDVI trough; pre2000=left-censored; state_only=undatable in 2000-24 window,no_aml_match
MINE_US_00152,-104.857349,36.811626,9.7244,,,2011,0.202,0.321,0.12,0.00367,early_restoration,state_only_no_t0,regimeB_v0_RS_t0,RS_derived,t0 = RS reclamation-onset proxy from NDVI trough; pre2000=left-censored; state_only=undatable in 2000-24 window,no_aml_match
MINE_US_00153,-112.004401,45.901734,9.6594,,,2000,0.114,0.192,0.078,0.00182,degraded,state_only_no_t0,regimeB_v0_RS_t0,RS_derived,t0 = RS reclamation-onset proxy from NDVI trough; pre2000=left-censored; state_only=undatable in 2000-24 window,no_aml_match
MINE_US_00154,-108.746053,42.535404,9.6002,,,2001,0.187,0.273,0.086,0.00351,early_restoration,state_only_no_t0,regimeB_v0_RS_t0,RS_derived,t0 = RS reclamation-onset proxy from NDVI trough; pre2000=left-censored; state_only=undatable in 2000-24 window,no_aml_match
MINE_US_00155,-115.523658,39.750833,9.5292,,,2020,0.155,0.171,0.015,-0.00046,degraded,state_only_no_t0,regimeB_v0_RS_t0,RS_derived,t0 = RS reclamation-onset proxy from NDVI trough; pre2000=left-censored; state_only=undatable in 2000-24 window,no_aml_match
MINE_US_00156,-116.634296,40.203966,9.48,,,2000,0.083,0.125,0.042,0.00172,degraded,state_only_no_t0,regimeB_v0_RS_t0,RS_derived,t0 = RS reclamation-onset proxy from NDVI trough; pre2000=left-censored; state_only=undatable in 2000-24 window,no_aml_match
MINE_US_00157,-82.874815,30.506663,9.3783,,,2021,0.42,0.47,0.049,-0.01709,early_restoration,state_only_no_t0,regimeB_v0_RS_t0,RS_derived,t0 = RS reclamation-onset proxy from NDVI trough; pre2000=left-censored; state_only=undatable in 2000-24 window,no_aml_match
MINE_US_00158,-94.498435,32.282844,9.2529,2012,12,2012,0.405,0.674,0.269,0.00229,stable_restoration,rs_t0,regimeB_v0_RS_t0,RS_derived,t0 = RS reclamation-onset proxy from NDVI trough; pre2000=left-censored; state_only=undatable in 2000-24 window,no_aml_match
MINE_US_00159,-96.126594,31.517659,9.2419,2012,12,2012,0.331,0.471,0.14,-0.0094,early_restoration,rs_t0,regimeB_v0_RS_t0,RS_derived,t0 = RS reclamation-onset proxy from NDVI trough; pre2000=left-censored; state_only=undatable in 2000-24 window,no_aml_match
MINE_US_00160,-103.815065,32.578353,9.1411,,,2013,0.001,0.089,0.088,-0.0014,degraded,state_only_no_t0,regimeB_v0_RS_t0,RS_derived,t0 = RS reclamation-onset proxy from NDVI trough; pre2000=left-censored; state_only=undatable in 2000-24 window,no_aml_match
MINE_US_00161,-81.518993,37.854799,9.1345,2009,15,2009,0.477,0.705,0.228,-0.00555,stable_restoration,rs_t0,regimeB_v0_RS_t0,RS_derived,t0 = RS reclamation-onset proxy from NDVI trough; pre2000=left-censored; state_only=undatable in 2000-24 window,no_aml_match
MINE_US_00162,-107.834442,40.235691,8.943,,,2011,0.148,0.224,0.076,-0.00709,early_restoration,state_only_no_t0,regimeB_v0_RS_t0,RS_derived,t0 = RS reclamation-onset proxy from NDVI trough; pre2000=left-censored; state_only=undatable in 2000-24 window,no_aml_match
MINE_US_00163,-101.833851,47.3702,8.9079,2003,21,2003,0.266,0.367,0.101,0.00288,early_restoration,rs_t0,regimeB_v0_RS_t0,RS_derived,t0 = RS reclamation-onset proxy from NDVI trough; pre2000=left-censored; state_only=undatable in 2000-24 window,no_aml_match
MINE_US_00164,-120.994256,39.361432,8.8396,pre2000,,2000,0.414,0.516,0.102,0.0048,stable_restoration,censored_pre2000,regimeB_v0_RS_t0,RS_derived,t0 = RS reclamation-onset proxy from NDVI trough; pre2000=left-censored; state_only=undatable in 2000-24 window,no_aml_match
MINE_US_00165,-108.646731,41.680265,8.797,,,2001,0.094,0.131,0.037,0.00179,degraded,state_only_no_t0,regimeB_v0_RS_t0,RS_derived,t0 = RS reclamation-onset proxy from NDVI trough; pre2000=left-censored; state_only=undatable in 2000-24 window,no_aml_match
MINE_US_00166,-111.360724,42.859136,8.7834,,,2019,0.369,0.425,0.056,-0.0027,early_restoration,state_only_no_t0,regimeB_v0_RS_t0,RS_derived,t0 = RS reclamation-onset proxy from NDVI trough; pre2000=left-censored; state_only=undatable in 2000-24 window,no_aml_match
MINE_US_00167,-81.988223,27.721244,8.7415,,,2000,0.376,0.467,0.09,0.00258,early_restoration,state_only_no_t0,regimeB_v0_RS_t0,RS_derived,t0 = RS reclamation-onset proxy from NDVI trough; pre2000=left-censored; state_only=undatable in 2000-24 window,no_aml_match
MINE_US_00168,-81.497102,38.036197,8.565,2003,21,2003,0.27,0.73,0.459,0.01923,stable_restoration,rs_t0,regimeB_v0_RS_t0,RS_derived,t0 = RS reclamation-onset proxy from NDVI trough; pre2000=left-censored; state_only=undatable in 2000-24 window,no_aml_match
MINE_US_00169,-81.93617,27.677375,8.5373,pre2000,,2006,0.461,0.604,0.143,0.00553,stable_restoration,censored_pre2000,regimeB_v0_RS_t0,RS_derived,t0 = RS reclamation-onset proxy from NDVI trough; pre2000=left-censored; state_only=undatable in 2000-24 window,no_aml_match
MINE_US_00170,-92.386119,47.527951,8.5207,pre2000,,2020,0.487,0.501,0.014,-0.00806,stable_restoration,censored_pre2000,regimeB_v0_RS_t0,RS_derived,t0 = RS reclamation-onset proxy from NDVI trough; pre2000=left-censored; state_only=undatable in 2000-24 window,no_aml_match
MINE_US_00171,-92.268383,34.677723,8.3926,,,2017,0.412,0.426,0.014,-0.00154,early_restoration,state_only_no_t0,regimeB_v0_RS_t0,RS_derived,t0 = RS reclamation-onset proxy from NDVI trough; pre2000=left-censored; state_only=undatable in 2000-24 window,no_aml_match
MINE_US_00172,-76.014898,40.944753,8.3091,pre2000,,2007,0.577,0.643,0.066,0.0014,stable_restoration,censored_pre2000,regimeB_v0_RS_t0,RS_derived,t0 = RS reclamation-onset proxy from NDVI trough; pre2000=left-censored; state_only=undatable in 2000-24 window,aml_listed_not_complete
MINE_US_00173,-105.495858,44.366624,8.2971,,,2003,0.168,0.296,0.128,0.00329,early_restoration,state_only_no_t0,regimeB_v0_RS_t0,RS_derived,t0 = RS reclamation-onset proxy from NDVI trough; pre2000=left-censored; state_only=undatable in 2000-24 window,no_aml_match
MINE_US_00174,-118.385895,39.007215,8.2406,,,2003,0.013,0.067,0.055,0.00169,degraded,state_only_no_t0,regimeB_v0_RS_t0,RS_derived,t0 = RS reclamation-onset proxy from NDVI trough; pre2000=left-censored; state_only=undatable in 2000-24 window,no_aml_match
MINE_US_00175,-94.780246,32.285886,8.1249,2015,9,2015,0.332,0.477,0.145,-0.01215,early_restoration,rs_t0,regimeB_v0_RS_t0,RS_derived,t0 = RS reclamation-onset proxy from NDVI trough; pre2000=left-censored; state_only=undatable in 2000-24 window,no_aml_match
MINE_US_00176,-76.515435,40.615723,8.0694,pre2000,,2001,0.678,0.705,0.027,0.00099,stable_restoration,censored_pre2000,regimeB_v0_RS_t0,RS_derived,t0 = RS reclamation-onset proxy from NDVI trough; pre2000=left-censored; state_only=undatable in 2000-24 window,aml_listed_not_complete
MINE_US_00177,-108.502671,36.533776,8.0492,,,2002,0.069,0.093,0.024,0.00097,degraded,state_only_no_t0,regimeB_v0_RS_t0,RS_derived,t0 = RS reclamation-onset proxy from NDVI trough; pre2000=left-censored; state_only=undatable in 2000-24 window,no_aml_match
MINE_US_00178,-98.189047,29.687839,8.0366,,,2013,0.137,0.171,0.034,-0.00584,degraded,state_only_no_t0,regimeB_v0_RS_t0,RS_derived,t0 = RS reclamation-onset proxy from NDVI trough; pre2000=left-censored; state_only=undatable in 2000-24 window,no_aml_match
MINE_US_00179,-81.499174,37.254866,8.0275,2014,10,2014,0.468,0.591,0.124,-0.01333,stable_restoration,rs_t0,regimeB_v0_RS_t0,RS_derived,t0 = RS reclamation-onset proxy from NDVI trough; pre2000=left-censored; state_only=undatable in 2000-24 window,no_aml_match
MINE_US_00180,-81.853884,27.739668,7.9908,2006,18,2006,0.32,0.525,0.206,0.00759,stable_restoration,rs_t0,regimeB_v0_RS_t0,RS_derived,t0 = RS reclamation-onset proxy from NDVI trough; pre2000=left-censored; state_only=undatable in 2000-24 window,no_aml_match
MINE_US_00181,-118.051471,41.338279,7.9779,,,2002,0.059,0.116,0.057,0.00195,degraded,state_only_no_t0,regimeB_v0_RS_t0,RS_derived,t0 = RS reclamation-onset proxy from NDVI trough; pre2000=left-censored; state_only=undatable in 2000-24 window,no_aml_match
MINE_US_00182,-115.99243,41.407946,7.977,,,2000,0.159,0.256,0.097,0.00359,early_restoration,state_only_no_t0,regimeB_v0_RS_t0,RS_derived,t0 = RS reclamation-onset proxy from NDVI trough; pre2000=left-censored; state_only=undatable in 2000-24 window,no_aml_match
MINE_US_00183,-112.369626,40.476698,7.8901,,,2006,0.151,0.184,0.033,0.00114,degraded,state_only_no_t0,regimeB_v0_RS_t0,RS_derived,t0 = RS reclamation-onset proxy from NDVI trough; pre2000=left-censored; state_only=undatable in 2000-24 window,no_aml_match
MINE_US_00184,-118.238678,40.578696,7.8543,,,2003,0.053,0.096,0.042,0.00188,degraded,state_only_no_t0,regimeB_v0_RS_t0,RS_derived,t0 = RS reclamation-onset proxy from NDVI trough; pre2000=left-censored; state_only=undatable in 2000-24 window,no_aml_match
MINE_US_00185,-81.712451,27.671937,7.8444,pre2000,,2000,0.291,0.589,0.298,0.01233,stable_restoration,censored_pre2000,regimeB_v0_RS_t0,RS_derived,t0 = RS reclamation-onset proxy from NDVI trough; pre2000=left-censored; state_only=undatable in 2000-24 window,no_aml_match
MINE_US_00186,-115.993839,39.530686,7.8431,,,2009,0.109,0.145,0.036,0.00036,degraded,state_only_no_t0,regimeB_v0_RS_t0,RS_derived,t0 = RS reclamation-onset proxy from NDVI trough; pre2000=left-censored; state_only=undatable in 2000-24 window,no_aml_match
MINE_US_00187,-93.244056,47.354845,7.8276,2012,12,2012,0.523,0.657,0.134,-0.00352,stable_restoration,rs_t0,regimeB_v0_RS_t0,RS_derived,t0 = RS reclamation-onset proxy from NDVI trough; pre2000=left-censored; state_only=undatable in 2000-24 window,no_aml_match
MINE_US_00188,-114.553673,44.315556,7.8246,,,2011,0.108,0.13,0.021,-0.00079,degraded,state_only_no_t0,regimeB_v0_RS_t0,RS_derived,t0 = RS reclamation-onset proxy from NDVI trough; pre2000=left-censored; state_only=undatable in 2000-24 window,no_aml_match
MINE_US_00189,-111.546229,42.749693,7.6767,,,2007,0.173,0.255,0.082,0.00228,early_restoration,state_only_no_t0,regimeB_v0_RS_t0,RS_derived,t0 = RS reclamation-onset proxy from NDVI trough; pre2000=left-censored; state_only=undatable in 2000-24 window,no_aml_match
MINE_US_00190,-108.706195,41.499866,7.6702,,,2001,0.083,0.134,0.051,0.00236,degraded,state_only_no_t0,regimeB_v0_RS_t0,RS_derived,t0 = RS reclamation-onset proxy from NDVI trough; pre2000=left-censored; state_only=undatable in 2000-24 window,no_aml_match
MINE_US_00191,-82.023126,27.670586,7.6499,pre2000,,2000,0.425,0.593,0.168,0.00438,stable_restoration,censored_pre2000,regimeB_v0_RS_t0,RS_derived,t0 = RS reclamation-onset proxy from NDVI trough; pre2000=left-censored; state_only=undatable in 2000-24 window,no_aml_match
MINE_US_00192,-91.842193,47.712607,7.6124,pre2000,,2001,0.538,0.696,0.158,0.00759,stable_restoration,censored_pre2000,regimeB_v0_RS_t0,RS_derived,t0 = RS reclamation-onset proxy from NDVI trough; pre2000=left-censored; state_only=undatable in 2000-24 window,no_aml_match
MINE_US_00193,-106.776572,45.04992,7.5751,,,2001,0.163,0.24,0.077,0.00238,early_restoration,state_only_no_t0,regimeB_v0_RS_t0,RS_derived,t0 = RS reclamation-onset proxy from NDVI trough; pre2000=left-censored; state_only=undatable in 2000-24 window,no_aml_match
MINE_US_00194,-118.15113,40.282235,7.5175,,,2012,0.093,0.101,0.008,-0.00039,degraded,state_only_no_t0,regimeB_v0_RS_t0,RS_derived,t0 = RS reclamation-onset proxy from NDVI trough; pre2000=left-censored; state_only=undatable in 2000-24 window,no_aml_match
MINE_US_00195,-80.402241,39.959897,7.4957,,,2019,0.39,0.474,0.084,-0.01054,early_restoration,state_only_no_t0,regimeB_v0_RS_t0,RS_derived,t0 = RS reclamation-onset proxy from NDVI trough; pre2000=left-censored; state_only=undatable in 2000-24 window,no_aml_match
MINE_US_00196,-105.386915,44.302204,7.4846,,,2005,0.177,0.232,0.055,0.00058,early_restoration,state_only_no_t0,regimeB_v0_RS_t0,RS_derived,t0 = RS reclamation-onset proxy from NDVI trough; pre2000=left-censored; state_only=undatable in 2000-24 window,no_aml_match
MINE_US_00197,-111.010367,31.959724,7.4713,,,2003,0.05,0.132,0.081,0.00333,degraded,state_only_no_t0,regimeB_v0_RS_t0,RS_derived,t0 = RS reclamation-onset proxy from NDVI trough; pre2000=left-censored; state_only=undatable in 2000-24 window,no_aml_match
MINE_US_00198,-110.871122,33.44395,7.4255,,,2001,0.087,0.14,0.053,0.00192,degraded,state_only_no_t0,regimeB_v0_RS_t0,RS_derived,t0 = RS reclamation-onset proxy from NDVI trough; pre2000=left-censored; state_only=undatable in 2000-24 window,no_aml_match
MINE_US_00199,-109.012435,35.622833,7.3111,,,2003,0.137,0.184,0.047,0.00167,degraded,state_only_no_t0,regimeB_v0_RS_t0,RS_derived,t0 = RS reclamation-onset proxy from NDVI trough; pre2000=left-censored; state_only=undatable in 2000-24 window,no_aml_match
MINE_US_00200,-80.801937,39.830045,7.3021,,,2015,0.449,0.474,0.025,-0.00796,early_restoration,state_only_no_t0,regimeB_v0_RS_t0,RS_derived,t0 = RS reclamation-onset proxy from NDVI trough; pre2000=left-censored; state_only=undatable in 2000-24 window,no_aml_match
MINE_US_00201,-80.981259,38.367569,7.2854,2011,13,2011,0.475,0.712,0.236,-0.00553,stable_restoration,rs_t0,regimeB_v0_RS_t0,RS_derived,t0 = RS reclamation-onset proxy from NDVI trough; pre2000=left-censored; state_only=undatable in 2000-24 window,no_aml_match
MINE_US_00202,-105.342573,44.120782,7.2567,,,2005,0.189,0.305,0.116,0.00382,early_restoration,state_only_no_t0,regimeB_v0_RS_t0,RS_derived,t0 = RS reclamation-onset proxy from NDVI trough; pre2000=left-censored; state_only=undatable in 2000-24 window,no_aml_match
MINE_US_00203,-96.025812,31.771982,7.1857,,,2014,0.377,0.415,0.038,-0.01792,early_restoration,state_only_no_t0,regimeB_v0_RS_t0,RS_derived,t0 = RS reclamation-onset proxy from NDVI trough; pre2000=left-censored; state_only=undatable in 2000-24 window,no_aml_match
MINE_US_00204,-113.229346,37.728523,7.1632,,,2003,0.126,0.176,0.051,0.00217,degraded,state_only_no_t0,regimeB_v0_RS_t0,RS_derived,t0 = RS reclamation-onset proxy from NDVI trough; pre2000=left-censored; state_only=undatable in 2000-24 window,no_aml_match
MINE_US_00205,-87.116856,37.260498,7.1211,2011,13,2011,0.324,0.698,0.375,-0.00168,stable_restoration,rs_t0,regimeB_v0_RS_t0,RS_derived,t0 = RS reclamation-onset proxy from NDVI trough; pre2000=left-censored; state_only=undatable in 2000-24 window,no_aml_match
MINE_US_00206,-98.328996,28.773724,7.0643,2017,7,2017,0.237,0.384,0.147,-0.00625,early_restoration,rs_t0,regimeB_v0_RS_t0,RS_derived,t0 = RS reclamation-onset proxy from NDVI trough; pre2000=left-censored; state_only=undatable in 2000-24 window,no_aml_match
MINE_US_00207,-94.460464,32.333711,6.9591,2012,12,2012,0.322,0.646,0.324,0.00061,stable_restoration,rs_t0,regimeB_v0_RS_t0,RS_derived,t0 = RS reclamation-onset proxy from NDVI trough; pre2000=left-censored; state_only=undatable in 2000-24 window,no_aml_match
MINE_US_00208,-117.031929,40.612478,6.8326,,,2007,0.089,0.131,0.042,0.00168,degraded,state_only_no_t0,regimeB_v0_RS_t0,RS_derived,t0 = RS reclamation-onset proxy from NDVI trough; pre2000=left-censored; state_only=undatable in 2000-24 window,no_aml_match
MINE_US_00209,-109.136428,38.141402,6.7496,,,2017,0.128,0.145,0.017,-0.0017,degraded,state_only_no_t0,regimeB_v0_RS_t0,RS_derived,t0 = RS reclamation-onset proxy from NDVI trough; pre2000=left-censored; state_only=undatable in 2000-24 window,no_aml_match
MINE_US_00210,-107.366248,35.128429,6.6569,,,2012,0.123,0.162,0.039,0.00121,degraded,state_only_no_t0,regimeB_v0_RS_t0,RS_derived,t0 = RS reclamation-onset proxy from NDVI trough; pre2000=left-censored; state_only=undatable in 2000-24 window,no_aml_match
MINE_US_00211,-82.677043,37.470188,6.6343,2013,11,2013,0.519,0.714,0.194,-0.00838,stable_restoration,rs_t0,regimeB_v0_RS_t0,RS_derived,t0 = RS reclamation-onset proxy from NDVI trough; pre2000=left-censored; state_only=undatable in 2000-24 window,no_aml_match
MINE_US_00212,-80.592142,38.482412,6.6182,2013,11,2013,0.472,0.587,0.115,-0.01388,stable_restoration,rs_t0,regimeB_v0_RS_t0,RS_derived,t0 = RS reclamation-onset proxy from NDVI trough; pre2000=left-censored; state_only=undatable in 2000-24 window,no_aml_match
MINE_US_00213,-81.601976,38.253812,6.5873,2011,13,2011,0.586,0.772,0.186,-0.00263,stable_restoration,rs_t0,regimeB_v0_RS_t0,RS_derived,t0 = RS reclamation-onset proxy from NDVI trough; pre2000=left-censored; state_only=undatable in 2000-24 window,no_aml_match
MINE_US_00214,-96.055375,31.832695,6.5836,2012,12,2012,0.275,0.418,0.143,0.00099,early_restoration,rs_t0,regimeB_v0_RS_t0,RS_derived,t0 = RS reclamation-onset proxy from NDVI trough; pre2000=left-censored; state_only=undatable in 2000-24 window,no_aml_match
MINE_US_00215,-87.036528,38.463151,6.5259,2013,11,2013,0.439,0.606,0.167,-0.00387,stable_restoration,rs_t0,regimeB_v0_RS_t0,RS_derived,t0 = RS reclamation-onset proxy from NDVI trough; pre2000=left-censored; state_only=undatable in 2000-24 window,no_aml_match
MINE_US_00216,-114.505612,40.9873,6.4506,,,2021,0.085,0.099,0.015,-0.00375,degraded,state_only_no_t0,regimeB_v0_RS_t0,RS_derived,t0 = RS reclamation-onset proxy from NDVI trough; pre2000=left-censored; state_only=undatable in 2000-24 window,no_aml_match
MINE_US_00217,-91.147175,37.375482,6.4328,pre2000,,2024,0.512,0.518,0.006,-0.00245,stable_restoration,censored_pre2000,regimeB_v0_RS_t0,RS_derived,t0 = RS reclamation-onset proxy from NDVI trough; pre2000=left-censored; state_only=undatable in 2000-24 window,no_aml_match
MINE_US_00218,-98.045696,29.814274,6.3779,,,2022,0.213,0.223,0.01,-0.00615,early_restoration,state_only_no_t0,regimeB_v0_RS_t0,RS_derived,t0 = RS reclamation-onset proxy from NDVI trough; pre2000=left-censored; state_only=undatable in 2000-24 window,no_aml_match
MINE_US_00219,-87.427068,34.018387,6.3405,2014,10,2014,0.491,0.728,0.237,-0.00897,stable_restoration,rs_t0,regimeB_v0_RS_t0,RS_derived,t0 = RS reclamation-onset proxy from NDVI trough; pre2000=left-censored; state_only=undatable in 2000-24 window,no_aml_match
MINE_US_00220,-87.282744,38.241494,6.3402,2013,11,2013,0.481,0.612,0.13,-0.00285,stable_restoration,rs_t0,regimeB_v0_RS_t0,RS_derived,t0 = RS reclamation-onset proxy from NDVI trough; pre2000=left-censored; state_only=undatable in 2000-24 window,no_aml_match
MINE_US_00221,-112.121077,46.366145,6.3357,,,2006,0.105,0.188,0.083,0.00334,degraded,state_only_no_t0,regimeB_v0_RS_t0,RS_derived,t0 = RS reclamation-onset proxy from NDVI trough; pre2000=left-censored; state_only=undatable in 2000-24 window,no_aml_match
MINE_US_00222,-80.512112,40.614225,6.293,2014,10,2014,0.438,0.636,0.198,0.00579,stable_restoration,rs_t0,regimeB_v0_RS_t0,RS_derived,t0 = RS reclamation-onset proxy from NDVI trough; pre2000=left-censored; state_only=undatable in 2000-24 window,no_aml_match
MINE_US_00223,-103.787877,32.495011,6.2084,,,2011,0.05,0.086,0.037,0.00026,degraded,state_only_no_t0,regimeB_v0_RS_t0,RS_derived,t0 = RS reclamation-onset proxy from NDVI trough; pre2000=left-censored; state_only=undatable in 2000-24 window,no_aml_match
MINE_US_00224,-115.481102,39.905695,6.1895,,,2023,0.11,0.115,0.005,-0.00431,degraded,state_only_no_t0,regimeB_v0_RS_t0,RS_derived,t0 = RS reclamation-onset proxy from NDVI trough; pre2000=left-censored; state_only=undatable in 2000-24 window,no_aml_match
MINE_US_00225,-96.245968,31.427062,6.1405,,,2007,0.331,0.45,0.12,0.00459,early_restoration,state_only_no_t0,regimeB_v0_RS_t0,RS_derived,t0 = RS reclamation-onset proxy from NDVI trough; pre2000=left-censored; state_only=undatable in 2000-24 window,no_aml_match
MINE_US_00226,-92.545591,47.446445,6.1201,pre2000,,2003,0.397,0.594,0.196,0.00873,stable_restoration,censored_pre2000,regimeB_v0_RS_t0,RS_derived,t0 = RS reclamation-onset proxy from NDVI trough; pre2000=left-censored; state_only=undatable in 2000-24 window,no_aml_match
MINE_US_00227,-82.132418,28.159506,6.1084,,,2000,0.274,0.346,0.072,0.00045,early_restoration,state_only_no_t0,regimeB_v0_RS_t0,RS_derived,t0 = RS reclamation-onset proxy from NDVI trough; pre2000=left-censored; state_only=undatable in 2000-24 window,no_aml_match
MINE_US_00228,-104.172152,44.877304,6.0977,,,2003,0.155,0.215,0.06,0.00244,degraded,state_only_no_t0,regimeB_v0_RS_t0,RS_derived,t0 = RS reclamation-onset proxy from NDVI trough; pre2000=left-censored; state_only=undatable in 2000-24 window,no_aml_match
MINE_US_00229,-94.5353,32.227881,6.0694,2014,10,2014,0.291,0.457,0.166,-0.00118,early_restoration,rs_t0,regimeB_v0_RS_t0,RS_derived,t0 = RS reclamation-onset proxy from NDVI trough; pre2000=left-censored; state_only=undatable in 2000-24 window,no_aml_match
MINE_US_00230,-94.693564,32.254023,6.0481,2015,9,2015,0.26,0.494,0.234,-0.01417,early_restoration,rs_t0,regimeB_v0_RS_t0,RS_derived,t0 = RS reclamation-onset proxy from NDVI trough; pre2000=left-censored; state_only=undatable in 2000-24 window,no_aml_match
MINE_US_00231,-107.334128,35.140282,6.0313,,,2007,0.101,0.138,0.037,0.00098,degraded,state_only_no_t0,regimeB_v0_RS_t0,RS_derived,t0 = RS reclamation-onset proxy from NDVI trough; pre2000=left-censored; state_only=undatable in 2000-24 window,no_aml_match
MINE_US_00232,-81.74954,37.965092,6.0285,2008,16,2008,0.498,0.787,0.289,0.00314,stable_restoration,rs_t0,regimeB_v0_RS_t0,RS_derived,t0 = RS reclamation-onset proxy from NDVI trough; pre2000=left-censored; state_only=undatable in 2000-24 window,no_aml_match
MINE_US_00233,-87.046712,33.604827,6.0226,,,2014,0.413,0.486,0.074,-0.00657,early_restoration,state_only_no_t0,regimeB_v0_RS_t0,RS_derived,t0 = RS reclamation-onset proxy from NDVI trough; pre2000=left-censored; state_only=undatable in 2000-24 window,no_aml_match
MINE_US_00234,-98.576145,29.608209,5.9691,,,2008,0.186,0.235,0.049,-0.00149,early_restoration,state_only_no_t0,regimeB_v0_RS_t0,RS_derived,t0 = RS reclamation-onset proxy from NDVI trough; pre2000=left-censored; state_only=undatable in 2000-24 window,no_aml_match
MINE_US_00235,-92.061377,47.623076,5.9641,pre2000,,2000,0.504,0.646,0.142,0.00695,stable_restoration,censored_pre2000,regimeB_v0_RS_t0,RS_derived,t0 = RS reclamation-onset proxy from NDVI trough; pre2000=left-censored; state_only=undatable in 2000-24 window,no_aml_match
MINE_US_00236,-105.387493,43.458646,5.9358,,,2001,0.134,0.211,0.077,0.00322,degraded,state_only_no_t0,regimeB_v0_RS_t0,RS_derived,t0 = RS reclamation-onset proxy from NDVI trough; pre2000=left-censored; state_only=undatable in 2000-24 window,no_aml_match
MINE_US_00237,-96.614974,31.090007,5.8816,2017,7,2017,0.313,0.45,0.137,-0.01105,early_restoration,rs_t0,regimeB_v0_RS_t0,RS_derived,t0 = RS reclamation-onset proxy from NDVI trough; pre2000=left-censored; state_only=undatable in 2000-24 window,no_aml_match
MINE_US_00238,-107.526014,40.427706,5.7871,,,2011,0.221,0.315,0.095,-0.00301,early_restoration,state_only_no_t0,regimeB_v0_RS_t0,RS_derived,t0 = RS reclamation-onset proxy from NDVI trough; pre2000=left-censored; state_only=undatable in 2000-24 window,no_aml_match
MINE_US_00239,-110.623878,41.700239,5.7391,,,2001,0.116,0.183,0.067,0.00286,degraded,state_only_no_t0,regimeB_v0_RS_t0,RS_derived,t0 = RS reclamation-onset proxy from NDVI trough; pre2000=left-censored; state_only=undatable in 2000-24 window,no_aml_match
MINE_US_00240,-81.999244,37.479744,5.7337,2011,13,2011,0.477,0.676,0.199,-0.00093,stable_restoration,rs_t0,regimeB_v0_RS_t0,RS_derived,t0 = RS reclamation-onset proxy from NDVI trough; pre2000=left-censored; state_only=undatable in 2000-24 window,no_aml_match
MINE_US_00241,-122.365759,38.833845,5.7296,,,2001,0.217,0.243,0.026,0.00048,early_restoration,state_only_no_t0,regimeB_v0_RS_t0,RS_derived,t0 = RS reclamation-onset proxy from NDVI trough; pre2000=left-censored; state_only=undatable in 2000-24 window,no_aml_match
MINE_US_00242,-108.088409,32.846848,5.7172,,,2007,0.156,0.174,0.018,0.00043,degraded,state_only_no_t0,regimeB_v0_RS_t0,RS_derived,t0 = RS reclamation-onset proxy from NDVI trough; pre2000=left-censored; state_only=undatable in 2000-24 window,no_aml_match
MINE_US_00243,-116.837418,43.008379,5.7123,,,2001,0.137,0.283,0.146,0.00671,early_restoration,state_only_no_t0,regimeB_v0_RS_t0,RS_derived,t0 = RS reclamation-onset proxy from NDVI trough; pre2000=left-censored; state_only=undatable in 2000-24 window,no_aml_match
MINE_US_00244,-110.414646,36.56646,5.7044,,,2019,0.15,0.166,0.016,-0.00152,degraded,state_only_no_t0,regimeB_v0_RS_t0,RS_derived,t0 = RS reclamation-onset proxy from NDVI trough; pre2000=left-censored; state_only=undatable in 2000-24 window,no_aml_match
MINE_US_00245,-82.578111,37.971703,5.6581,pre2000,,2015,0.719,0.824,0.105,0.0021,stable_restoration,censored_pre2000,regimeB_v0_RS_t0,RS_derived,t0 = RS reclamation-onset proxy from NDVI trough; pre2000=left-censored; state_only=undatable in 2000-24 window,no_aml_match
MINE_US_00246,-98.277266,29.642204,5.6488,,,2024,0.198,0.201,0.002,-0.00493,degraded,state_only_no_t0,regimeB_v0_RS_t0,RS_derived,t0 = RS reclamation-onset proxy from NDVI trough; pre2000=left-censored; state_only=undatable in 2000-24 window,no_aml_match
MINE_US_00247,-92.439933,47.503641,5.6158,,,2004,0.301,0.463,0.161,0.00817,early_restoration,state_only_no_t0,regimeB_v0_RS_t0,RS_derived,t0 = RS reclamation-onset proxy from NDVI trough; pre2000=left-censored; state_only=undatable in 2000-24 window,no_aml_match
MINE_US_00248,-83.479293,36.881133,5.5639,2014,10,2014,0.519,0.763,0.244,-0.00443,stable_restoration,rs_t0,regimeB_v0_RS_t0,RS_derived,t0 = RS reclamation-onset proxy from NDVI trough; pre2000=left-censored; state_only=undatable in 2000-24 window,no_aml_match
MINE_US_00249,-91.102886,37.590229,5.5519,,,2024,0.391,0.394,0.003,-0.00551,early_restoration,state_only_no_t0,regimeB_v0_RS_t0,RS_derived,t0 = RS reclamation-onset proxy from NDVI trough; pre2000=left-censored; state_only=undatable in 2000-24 window,no_aml_match
MINE_US_00250,-104.315492,29.812498,5.5315,,,2011,0.122,0.181,0.059,0.00196,degraded,state_only_no_t0,regimeB_v0_RS_t0,RS_derived,t0 = RS reclamation-onset proxy from NDVI trough; pre2000=left-censored; state_only=undatable in 2000-24 window,no_aml_match
MINE_US_00251,-92.518621,47.550709,5.5027,pre2000,,2003,0.343,0.516,0.173,0.00624,stable_restoration,censored_pre2000,regimeB_v0_RS_t0,RS_derived,t0 = RS reclamation-onset proxy from NDVI trough; pre2000=left-censored; state_only=undatable in 2000-24 window,no_aml_match
MINE_US_00252,-115.896536,41.398565,5.4254,,,2000,0.085,0.113,0.028,0.00072,degraded,state_only_no_t0,regimeB_v0_RS_t0,RS_derived,t0 = RS reclamation-onset proxy from NDVI trough; pre2000=left-censored; state_only=undatable in 2000-24 window,no_aml_match
MINE_US_00253,-96.435769,31.334049,5.4178,,,2017,0.286,0.355,0.069,-0.0172,early_restoration,state_only_no_t0,regimeB_v0_RS_t0,RS_derived,t0 = RS reclamation-onset proxy from NDVI trough; pre2000=left-censored; state_only=undatable in 2000-24 window,no_aml_match
MINE_US_00254,-101.340795,47.088893,5.3984,,,2016,0.251,0.334,0.084,-0.00811,early_restoration,state_only_no_t0,regimeB_v0_RS_t0,RS_derived,t0 = RS reclamation-onset proxy from NDVI trough; pre2000=left-censored; state_only=undatable in 2000-24 window,no_aml_match
MINE_US_00255,-82.425981,37.59004,5.3842,2007,17,2007,0.415,0.654,0.239,0.00675,stable_restoration,rs_t0,regimeB_v0_RS_t0,RS_derived,t0 = RS reclamation-onset proxy from NDVI trough; pre2000=left-censored; state_only=undatable in 2000-24 window,no_aml_match
MINE_US_00256,-101.242752,47.043823,5.3296,2016,8,2016,0.265,0.427,0.162,-0.0018,early_restoration,rs_t0,regimeB_v0_RS_t0,RS_derived,t0 = RS reclamation-onset proxy from NDVI trough; pre2000=left-censored; state_only=undatable in 2000-24 window,no_aml_match
MINE_US_00257,-81.935833,27.773061,5.3151,2013,11,2013,0.265,0.554,0.289,0.00834,stable_restoration,rs_t0,regimeB_v0_RS_t0,RS_derived,t0 = RS reclamation-onset proxy from NDVI trough; pre2000=left-censored; state_only=undatable in 2000-24 window,no_aml_match
MINE_US_00258,-82.743827,30.420835,5.3015,2020,4,2020,0.355,0.505,0.15,-0.00939,stable_restoration,rs_t0,regimeB_v0_RS_t0,RS_derived,t0 = RS reclamation-onset proxy from NDVI trough; pre2000=left-censored; state_only=undatable in 2000-24 window,no_aml_match
MINE_US_00259,-76.378223,40.804138,5.2916,pre2000,,2010,0.566,0.596,0.03,-0.00164,stable_restoration,censored_pre2000,regimeB_v0_RS_t0,RS_derived,t0 = RS reclamation-onset proxy from NDVI trough; pre2000=left-censored; state_only=undatable in 2000-24 window,aml_listed_not_complete
MINE_US_00260,-110.61858,41.760151,5.2871,,,2006,0.118,0.164,0.046,0.0015,degraded,state_only_no_t0,regimeB_v0_RS_t0,RS_derived,t0 = RS reclamation-onset proxy from NDVI trough; pre2000=left-censored; state_only=undatable in 2000-24 window,no_aml_match
MINE_US_00261,-87.24243,33.304364,5.2434,,,2000,0.452,0.475,0.023,-0.00027,early_restoration,state_only_no_t0,regimeB_v0_RS_t0,RS_derived,t0 = RS reclamation-onset proxy from NDVI trough; pre2000=left-censored; state_only=undatable in 2000-24 window,no_aml_match
MINE_US_00262,-120.878881,40.993751,5.1981,,,2000,0.153,0.306,0.154,0.0063,early_restoration,state_only_no_t0,regimeB_v0_RS_t0,RS_derived,t0 = RS reclamation-onset proxy from NDVI trough; pre2000=left-censored; state_only=undatable in 2000-24 window,no_aml_match
MINE_US_00263,-115.534008,35.477819,5.1589,,,2006,0.093,0.102,0.009,-0.00046,degraded,state_only_no_t0,regimeB_v0_RS_t0,RS_derived,t0 = RS reclamation-onset proxy from NDVI trough; pre2000=left-censored; state_only=undatable in 2000-24 window,no_aml_match
MINE_US_00264,-82.444135,37.440963,5.1396,2015,9,2015,0.487,0.67,0.183,-0.01074,stable_restoration,rs_t0,regimeB_v0_RS_t0,RS_derived,t0 = RS reclamation-onset proxy from NDVI trough; pre2000=left-censored; state_only=undatable in 2000-24 window,no_aml_match
MINE_US_00265,-80.888887,34.841456,5.1119,pre2000,,2002,0.377,0.512,0.135,0.00618,stable_restoration,censored_pre2000,regimeB_v0_RS_t0,RS_derived,t0 = RS reclamation-onset proxy from NDVI trough; pre2000=left-censored; state_only=undatable in 2000-24 window,no_aml_match
MINE_US_00266,-109.471881,40.618638,5.0902,,,2019,0.146,0.174,0.028,-0.00119,degraded,state_only_no_t0,regimeB_v0_RS_t0,RS_derived,t0 = RS reclamation-onset proxy from NDVI trough; pre2000=left-censored; state_only=undatable in 2000-24 window,no_aml_match
MINE_US_00267,-81.478316,38.052361,5.0736,2014,10,2014,0.395,0.548,0.153,-0.00847,stable_restoration,rs_t0,regimeB_v0_RS_t0,RS_derived,t0 = RS reclamation-onset proxy from NDVI trough; pre2000=left-censored; state_only=undatable in 2000-24 window,no_aml_match
MINE_US_00268,-81.527383,38.065449,5.0631,2019,5,2019,0.426,0.537,0.111,-0.01873,stable_restoration,rs_t0,regimeB_v0_RS_t0,RS_derived,t0 = RS reclamation-onset proxy from NDVI trough; pre2000=left-censored; state_only=undatable in 2000-24 window,no_aml_match
MINE_US_00269,-103.948731,32.536573,5.0619,,,2000,0.093,0.129,0.037,0.00134,degraded,state_only_no_t0,regimeB_v0_RS_t0,RS_derived,t0 = RS reclamation-onset proxy from NDVI trough; pre2000=left-censored; state_only=undatable in 2000-24 window,no_aml_match
MINE_US_00270,-109.734854,32.927105,5.0247,,,2024,0.037,0.04,0.003,-0.0021,degraded,state_only_no_t0,regimeB_v0_RS_t0,RS_derived,t0 = RS reclamation-onset proxy from NDVI trough; pre2000=left-censored; state_only=undatable in 2000-24 window,no_aml_match
MINE_US_00271,-82.147413,38.960962,5.0092,pre2000,,2000,0.454,0.598,0.144,0.00356,stable_restoration,censored_pre2000,regimeB_v0_RS_t0,RS_derived,t0 = RS reclamation-onset proxy from NDVI trough; pre2000=left-censored; state_only=undatable in 2000-24 window,no_aml_match
MINE_US_00272,-86.74261,33.176378,5.0077,,,2024,0.366,0.37,0.004,-0.00902,early_restoration,state_only_no_t0,regimeB_v0_RS_t0,RS_derived,t0 = RS reclamation-onset proxy from NDVI trough; pre2000=left-censored; state_only=undatable in 2000-24 window,no_aml_match
MINE_US_00273,-96.136771,31.487056,5.0039,,,2015,0.289,0.325,0.036,-0.01693,early_restoration,state_only_no_t0,regimeB_v0_RS_t0,RS_derived,t0 = RS reclamation-onset proxy from NDVI trough; pre2000=left-censored; state_only=undatable in 2000-24 window,no_aml_match
MINE_US_00274,-105.44942,44.359666,5.0037,,,2003,0.18,0.272,0.092,0.00182,early_restoration,state_only_no_t0,regimeB_v0_RS_t0,RS_derived,t0 = RS reclamation-onset proxy from NDVI trough; pre2000=left-censored; state_only=undatable in 2000-24 window,no_aml_match
MINE_US_00275,-82.852393,36.898859,4.9937,2011,13,2011,0.371,0.674,0.302,-0.00866,stable_restoration,rs_t0,regimeB_v0_RS_t0,RS_derived,t0 = RS reclamation-onset proxy from NDVI trough; pre2000=left-censored; state_only=undatable in 2000-24 window,no_aml_match
MINE_US_00276,-82.154394,37.804004,4.9783,pre2000,,2015,0.488,0.513,0.024,-0.01488,stable_restoration,censored_pre2000,regimeB_v0_RS_t0,RS_derived,t0 = RS reclamation-onset proxy from NDVI trough; pre2000=left-censored; state_only=undatable in 2000-24 window,no_aml_match
MINE_US_00277,-89.64211,38.169041,4.9384,2006,18,2006,0.444,0.554,0.11,0.00202,stable_restoration,rs_t0,regimeB_v0_RS_t0,RS_derived,t0 = RS reclamation-onset proxy from NDVI trough; pre2000=left-censored; state_only=undatable in 2000-24 window,no_aml_match
MINE_US_00278,-119.004471,38.208854,4.9255,,,2013,0.177,0.258,0.08,0.00261,early_restoration,state_only_no_t0,regimeB_v0_RS_t0,RS_derived,t0 = RS reclamation-onset proxy from NDVI trough; pre2000=left-censored; state_only=undatable in 2000-24 window,no_aml_match
MINE_US_00279,-117.551907,41.792466,4.9112,,,2000,0.26,0.32,0.06,0.00241,early_restoration,state_only_no_t0,regimeB_v0_RS_t0,RS_derived,t0 = RS reclamation-onset proxy from NDVI trough; pre2000=left-censored; state_only=undatable in 2000-24 window,no_aml_match
MINE_US_00280,-115.965729,40.602856,4.8839,,,2012,0.132,0.156,0.024,-0.00105,degraded,state_only_no_t0,regimeB_v0_RS_t0,RS_derived,t0 = RS reclamation-onset proxy from NDVI trough; pre2000=left-censored; state_only=undatable in 2000-24 window,no_aml_match
MINE_US_00281,-109.605805,32.943507,4.8468,,,2024,0.058,0.062,0.003,-0.00248,degraded,state_only_no_t0,regimeB_v0_RS_t0,RS_derived,t0 = RS reclamation-onset proxy from NDVI trough; pre2000=left-censored; state_only=undatable in 2000-24 window,no_aml_match
MINE_US_00282,-81.313586,37.927558,4.8424,2014,10,2014,0.315,0.473,0.159,-0.02244,early_restoration,rs_t0,regimeB_v0_RS_t0,RS_derived,t0 = RS reclamation-onset proxy from NDVI trough; pre2000=left-censored; state_only=undatable in 2000-24 window,no_aml_match
MINE_US_00283,-88.582517,37.823156,4.8354,,,2016,0.361,0.392,0.031,-0.00334,early_restoration,state_only_no_t0,regimeB_v0_RS_t0,RS_derived,t0 = RS reclamation-onset proxy from NDVI trough; pre2000=left-censored; state_only=undatable in 2000-24 window,no_aml_match
MINE_US_00284,-110.612557,41.791782,4.8115,,,2007,0.115,0.157,0.041,0.00165,degraded,state_only_no_t0,regimeB_v0_RS_t0,RS_derived,t0 = RS reclamation-onset proxy from NDVI trough; pre2000=left-censored; state_only=undatable in 2000-24 window,no_aml_match
MINE_US_00285,-107.832813,35.396275,4.7959,,,2012,0.085,0.134,0.049,0.00194,degraded,state_only_no_t0,regimeB_v0_RS_t0,RS_derived,t0 = RS reclamation-onset proxy from NDVI trough; pre2000=left-censored; state_only=undatable in 2000-24 window,no_aml_match
MINE_US_00286,-82.156929,37.687135,4.7876,2008,16,2008,0.405,0.73,0.325,-0.00284,stable_restoration,rs_t0,regimeB_v0_RS_t0,RS_derived,t0 = RS reclamation-onset proxy from NDVI trough; pre2000=left-censored; state_only=undatable in 2000-24 window,no_aml_match
MINE_US_00287,-105.43757,44.196327,4.785,,,2005,0.202,0.315,0.113,0.00263,early_restoration,state_only_no_t0,regimeB_v0_RS_t0,RS_derived,t0 = RS reclamation-onset proxy from NDVI trough; pre2000=left-censored; state_only=undatable in 2000-24 window,no_aml_match
MINE_US_00288,-80.893658,34.272131,4.732,2000,24,2000,0.33,0.693,0.363,0.01225,stable_restoration,rs_t0,regimeB_v0_RS_t0,RS_derived,t0 = RS reclamation-onset proxy from NDVI trough; pre2000=left-censored; state_only=undatable in 2000-24 window,no_aml_match
MINE_US_00289,-82.051091,37.415962,4.7236,2015,9,2015,0.471,0.608,0.137,-0.0176,stable_restoration,rs_t0,regimeB_v0_RS_t0,RS_derived,t0 = RS reclamation-onset proxy from NDVI trough; pre2000=left-censored; state_only=undatable in 2000-24 window,no_aml_match
MINE_US_00290,-117.059563,38.768345,4.6909,,,2021,0.057,0.079,0.021,0.00021,degraded,state_only_no_t0,regimeB_v0_RS_t0,RS_derived,t0 = RS reclamation-onset proxy from NDVI trough; pre2000=left-censored; state_only=undatable in 2000-24 window,no_aml_match
MINE_US_00291,-81.955015,27.752978,4.6679,pre2000,,2000,0.42,0.533,0.113,0.00206,stable_restoration,censored_pre2000,regimeB_v0_RS_t0,RS_derived,t0 = RS reclamation-onset proxy from NDVI trough; pre2000=left-censored; state_only=undatable in 2000-24 window,no_aml_match
MINE_US_00292,-93.5117,31.951138,4.6604,2012,12,2012,0.3,0.616,0.316,-0.01009,stable_restoration,rs_t0,regimeB_v0_RS_t0,RS_derived,t0 = RS reclamation-onset proxy from NDVI trough; pre2000=left-censored; state_only=undatable in 2000-24 window,no_aml_match
MINE_US_00293,-87.219183,39.435713,4.6551,pre2000,,2011,0.553,0.69,0.138,0.00397,stable_restoration,censored_pre2000,regimeB_v0_RS_t0,RS_derived,t0 = RS reclamation-onset proxy from NDVI trough; pre2000=left-censored; state_only=undatable in 2000-24 window,no_aml_match
MINE_US_00294,-83.083801,37.439573,4.6522,2008,16,2008,0.442,0.798,0.356,0.00594,stable_restoration,rs_t0,regimeB_v0_RS_t0,RS_derived,t0 = RS reclamation-onset proxy from NDVI trough; pre2000=left-censored; state_only=undatable in 2000-24 window,no_aml_match
MINE_US_00295,-81.69061,38.157306,4.6437,2011,13,2011,0.581,0.733,0.152,-0.00706,stable_restoration,rs_t0,regimeB_v0_RS_t0,RS_derived,t0 = RS reclamation-onset proxy from NDVI trough; pre2000=left-censored; state_only=undatable in 2000-24 window,no_aml_match
MINE_US_00296,-98.366469,29.619209,4.6371,,,2010,0.227,0.291,0.064,0.00014,early_restoration,state_only_no_t0,regimeB_v0_RS_t0,RS_derived,t0 = RS reclamation-onset proxy from NDVI trough; pre2000=left-censored; state_only=undatable in 2000-24 window,no_aml_match
MINE_US_00297,-96.443304,31.300518,4.6248,,,2018,0.257,0.311,0.053,-0.02186,early_restoration,state_only_no_t0,regimeB_v0_RS_t0,RS_derived,t0 = RS reclamation-onset proxy from NDVI trough; pre2000=left-censored; state_only=undatable in 2000-24 window,no_aml_match
MINE_US_00298,-81.794614,37.8982,4.6202,2014,10,2014,0.563,0.668,0.105,-0.00886,stable_restoration,rs_t0,regimeB_v0_RS_t0,RS_derived,t0 = RS reclamation-onset proxy from NDVI trough; pre2000=left-censored; state_only=undatable in 2000-24 window,no_aml_match
MINE_US_00299,-118.769338,40.315902,4.6118,,,2001,0.018,0.086,0.068,0.00278,degraded,state_only_no_t0,regimeB_v0_RS_t0,RS_derived,t0 = RS reclamation-onset proxy from NDVI trough; pre2000=left-censored; state_only=undatable in 2000-24 window,no_aml_match
MINE_US_00300,-89.675688,38.278689,4.5889,,,2016,0.33,0.398,0.068,-0.01066,early_restoration,state_only_no_t0,regimeB_v0_RS_t0,RS_derived,t0 = RS reclamation-onset proxy from NDVI trough; pre2000=left-censored; state_only=undatable in 2000-24 window,no_aml_match
MINE_US_00301,-81.037044,38.292792,4.5874,2010,14,2010,0.549,0.776,0.227,0.00118,stable_restoration,rs_t0,regimeB_v0_RS_t0,RS_derived,t0 = RS reclamation-onset proxy from NDVI trough; pre2000=left-censored; state_only=undatable in 2000-24 window,no_aml_match
MINE_US_00302,-110.591422,41.756755,4.5864,,,2000,0.075,0.143,0.067,0.00284,degraded,state_only_no_t0,regimeB_v0_RS_t0,RS_derived,t0 = RS reclamation-onset proxy from NDVI trough; pre2000=left-censored; state_only=undatable in 2000-24 window,no_aml_match
MINE_US_00303,-81.724738,37.81489,4.5419,2011,13,2011,0.448,0.626,0.179,-0.01201,stable_restoration,rs_t0,regimeB_v0_RS_t0,RS_derived,t0 = RS reclamation-onset proxy from NDVI trough; pre2000=left-censored; state_only=undatable in 2000-24 window,no_aml_match
MINE_US_00304,-75.935596,40.961381,4.5144,,,2016,0.427,0.469,0.041,-0.00033,early_restoration,state_only_no_t0,regimeB_v0_RS_t0,RS_derived,t0 = RS reclamation-onset proxy from NDVI trough; pre2000=left-censored; state_only=undatable in 2000-24 window,aml_listed_not_complete
MINE_US_00305,-110.981553,33.447966,4.4972,,,2017,0.095,0.105,0.011,-0.00292,degraded,state_only_no_t0,regimeB_v0_RS_t0,RS_derived,t0 = RS reclamation-onset proxy from NDVI trough; pre2000=left-censored; state_only=undatable in 2000-24 window,no_aml_match
MINE_US_00306,-117.216422,37.71101,4.491,,,2003,0.05,0.082,0.033,0.00116,degraded,state_only_no_t0,regimeB_v0_RS_t0,RS_derived,t0 = RS reclamation-onset proxy from NDVI trough; pre2000=left-censored; state_only=undatable in 2000-24 window,no_aml_match
MINE_US_00307,-118.882794,38.29334,4.4599,,,2000,0.176,0.232,0.056,0.00167,early_restoration,state_only_no_t0,regimeB_v0_RS_t0,RS_derived,t0 = RS reclamation-onset proxy from NDVI trough; pre2000=left-censored; state_only=undatable in 2000-24 window,no_aml_match
MINE_US_00308,-82.12948,37.52365,4.4033,2015,9,2015,0.457,0.715,0.259,-0.00869,stable_restoration,rs_t0,regimeB_v0_RS_t0,RS_derived,t0 = RS reclamation-onset proxy from NDVI trough; pre2000=left-censored; state_only=undatable in 2000-24 window,no_aml_match
MINE_US_00309,-86.773321,33.211964,4.3962,,,2016,0.353,0.397,0.045,-0.00515,early_restoration,state_only_no_t0,regimeB_v0_RS_t0,RS_derived,t0 = RS reclamation-onset proxy from NDVI trough; pre2000=left-censored; state_only=undatable in 2000-24 window,no_aml_match
MINE_US_00310,-117.254558,37.996155,4.3696,,,2003,0.05,0.082,0.032,0.00128,degraded,state_only_no_t0,regimeB_v0_RS_t0,RS_derived,t0 = RS reclamation-onset proxy from NDVI trough; pre2000=left-censored; state_only=undatable in 2000-24 window,no_aml_match
MINE_US_00311,-110.437159,36.550727,4.358,,,2003,0.14,0.206,0.067,0.00231,degraded,state_only_no_t0,regimeB_v0_RS_t0,RS_derived,t0 = RS reclamation-onset proxy from NDVI trough; pre2000=left-censored; state_only=undatable in 2000-24 window,no_aml_match
MINE_US_00312,-83.079003,37.60955,4.3491,2014,10,2014,0.479,0.737,0.258,-0.00823,stable_restoration,rs_t0,regimeB_v0_RS_t0,RS_derived,t0 = RS reclamation-onset proxy from NDVI trough; pre2000=left-censored; state_only=undatable in 2000-24 window,no_aml_match
MINE_US_00313,-82.836964,30.400032,4.3467,2012,12,2012,0.369,0.655,0.286,-0.00618,stable_restoration,rs_t0,regimeB_v0_RS_t0,RS_derived,t0 = RS reclamation-onset proxy from NDVI trough; pre2000=left-censored; state_only=undatable in 2000-24 window,no_aml_match
MINE_US_00314,-117.195455,40.340687,4.3249,,,2002,0.032,0.081,0.049,0.00151,degraded,state_only_no_t0,regimeB_v0_RS_t0,RS_derived,t0 = RS reclamation-onset proxy from NDVI trough; pre2000=left-censored; state_only=undatable in 2000-24 window,no_aml_match
MINE_US_00315,-103.774289,32.551065,4.2995,,,2005,-0.019,0.076,0.094,0.0027,degraded,state_only_no_t0,regimeB_v0_RS_t0,RS_derived,t0 = RS reclamation-onset proxy from NDVI trough; pre2000=left-censored; state_only=undatable in 2000-24 window,no_aml_match
MINE_US_00316,-110.678807,32.695173,4.2838,,,2001,0.064,0.138,0.073,0.00307,degraded,state_only_no_t0,regimeB_v0_RS_t0,RS_derived,t0 = RS reclamation-onset proxy from NDVI trough; pre2000=left-censored; state_only=undatable in 2000-24 window,no_aml_match
MINE_US_00317,-107.591015,40.464872,4.2507,,,2002,0.165,0.223,0.058,0.00262,early_restoration,state_only_no_t0,regimeB_v0_RS_t0,RS_derived,t0 = RS reclamation-onset proxy from NDVI trough; pre2000=left-censored; state_only=undatable in 2000-24 window,no_aml_match
MINE_US_00318,-81.674724,38.067648,4.2295,2011,13,2011,0.583,0.725,0.142,-0.00378,stable_restoration,rs_t0,regimeB_v0_RS_t0,RS_derived,t0 = RS reclamation-onset proxy from NDVI trough; pre2000=left-censored; state_only=undatable in 2000-24 window,no_aml_match
MINE_US_00319,-86.355057,38.136584,4.2081,,,2016,0.304,0.349,0.045,-0.00473,early_restoration,state_only_no_t0,regimeB_v0_RS_t0,RS_derived,t0 = RS reclamation-onset proxy from NDVI trough; pre2000=left-censored; state_only=undatable in 2000-24 window,no_aml_match
MINE_US_00320,-110.802421,32.99875,4.2034,,,2000,0.001,0.036,0.035,0.00125,degraded,state_only_no_t0,regimeB_v0_RS_t0,RS_derived,t0 = RS reclamation-onset proxy from NDVI trough; pre2000=left-censored; state_only=undatable in 2000-24 window,no_aml_match
MINE_US_00321,-110.740762,33.069494,4.195,,,2001,0.082,0.16,0.078,0.00311,degraded,state_only_no_t0,regimeB_v0_RS_t0,RS_derived,t0 = RS reclamation-onset proxy from NDVI trough; pre2000=left-censored; state_only=undatable in 2000-24 window,no_aml_match
MINE_US_00322,-106.855053,45.878816,4.1925,,,2011,0.194,0.292,0.099,-0.00224,early_restoration,state_only_no_t0,regimeB_v0_RS_t0,RS_derived,t0 = RS reclamation-onset proxy from NDVI trough; pre2000=left-censored; state_only=undatable in 2000-24 window,no_aml_match
MINE_US_00323,-89.307855,37.954416,4.1562,2016,8,2016,0.451,0.6,0.15,-0.00022,stable_restoration,rs_t0,regimeB_v0_RS_t0,RS_derived,t0 = RS reclamation-onset proxy from NDVI trough; pre2000=left-censored; state_only=undatable in 2000-24 window,no_aml_match
MINE_US_00324,-82.187794,37.041105,4.154,2006,18,2006,0.724,0.852,0.128,0.0011,stable_restoration,rs_t0,regimeB_v0_RS_t0,RS_derived,t0 = RS reclamation-onset proxy from NDVI trough; pre2000=left-censored; state_only=undatable in 2000-24 window,no_aml_match
MINE_US_00325,-108.655247,43.938364,4.1193,,,2001,0.163,0.269,0.106,0.00556,early_restoration,state_only_no_t0,regimeB_v0_RS_t0,RS_derived,t0 = RS reclamation-onset proxy from NDVI trough; pre2000=left-censored; state_only=undatable in 2000-24 window,no_aml_match
MINE_US_00326,-118.19005,34.988861,4.1153,,,2021,0.054,0.069,0.014,-0.00261,degraded,state_only_no_t0,regimeB_v0_RS_t0,RS_derived,t0 = RS reclamation-onset proxy from NDVI trough; pre2000=left-censored; state_only=undatable in 2000-24 window,no_aml_match
MINE_US_00327,-107.301974,35.161234,4.1041,,,2002,0.096,0.133,0.037,0.00117,degraded,state_only_no_t0,regimeB_v0_RS_t0,RS_derived,t0 = RS reclamation-onset proxy from NDVI trough; pre2000=left-censored; state_only=undatable in 2000-24 window,no_aml_match
MINE_US_00328,-113.272467,34.30401,4.0996,,,2001,0.098,0.141,0.043,0.00147,degraded,state_only_no_t0,regimeB_v0_RS_t0,RS_derived,t0 = RS reclamation-onset proxy from NDVI trough; pre2000=left-censored; state_only=undatable in 2000-24 window,no_aml_match
MINE_US_00329,-114.871173,36.373682,4.0941,,,2007,0.061,0.09,0.028,0.00094,degraded,state_only_no_t0,regimeB_v0_RS_t0,RS_derived,t0 = RS reclamation-onset proxy from NDVI trough; pre2000=left-censored; state_only=undatable in 2000-24 window,no_aml_match
MINE_US_00330,-109.650996,32.944293,4.0924,,,2020,0.058,0.068,0.01,-0.00199,degraded,state_only_no_t0,regimeB_v0_RS_t0,RS_derived,t0 = RS reclamation-onset proxy from NDVI trough; pre2000=left-censored; state_only=undatable in 2000-24 window,no_aml_match
MINE_US_00331,-81.516212,37.271578,4.0382,2007,17,2007,0.349,0.787,0.437,0.01594,stable_restoration,rs_t0,regimeB_v0_RS_t0,RS_derived,t0 = RS reclamation-onset proxy from NDVI trough; pre2000=left-censored; state_only=undatable in 2000-24 window,no_aml_match
MINE_US_00332,-87.009589,37.361955,4.0222,2017,7,2017,0.456,0.575,0.119,-0.01616,stable_restoration,rs_t0,regimeB_v0_RS_t0,RS_derived,t0 = RS reclamation-onset proxy from NDVI trough; pre2000=left-censored; state_only=undatable in 2000-24 window,no_aml_match
MINE_US_00333,-83.341073,37.06355,4.017,2012,12,2012,0.36,0.665,0.306,-0.00327,stable_restoration,rs_t0,regimeB_v0_RS_t0,RS_derived,t0 = RS reclamation-onset proxy from NDVI trough; pre2000=left-censored; state_only=undatable in 2000-24 window,no_aml_match
MINE_US_00334,-80.327111,34.694577,4.0141,2008,16,2008,0.305,0.45,0.145,0.00153,early_restoration,rs_t0,regimeB_v0_RS_t0,RS_derived,t0 = RS reclamation-onset proxy from NDVI trough; pre2000=left-censored; state_only=undatable in 2000-24 window,no_aml_match
MINE_US_00335,-120.949954,38.329027,4.0077,,,2011,0.087,0.103,0.016,-5e-05,degraded,state_only_no_t0,regimeB_v0_RS_t0,RS_derived,t0 = RS reclamation-onset proxy from NDVI trough; pre2000=left-censored; state_only=undatable in 2000-24 window,no_aml_match
MINE_US_00336,-91.133898,37.538913,4.0029,pre2000,,2019,0.552,0.559,0.007,-0.00646,stable_restoration,censored_pre2000,regimeB_v0_RS_t0,RS_derived,t0 = RS reclamation-onset proxy from NDVI trough; pre2000=left-censored; state_only=undatable in 2000-24 window,no_aml_match
MINE_US_00337,-111.111344,33.297687,4.0006,,,2001,0.116,0.171,0.055,0.0016,degraded,state_only_no_t0,regimeB_v0_RS_t0,RS_derived,t0 = RS reclamation-onset proxy from NDVI trough; pre2000=left-censored; state_only=undatable in 2000-24 window,no_aml_match
MINE_US_00338,-87.334181,33.32346,4.0005,2007,17,2007,0.305,0.481,0.176,0.00574,early_restoration,rs_t0,regimeB_v0_RS_t0,RS_derived,t0 = RS reclamation-onset proxy from NDVI trough; pre2000=left-censored; state_only=undatable in 2000-24 window,no_aml_match
MINE_US_00339,-95.082313,35.296778,3.9822,2011,13,2011,0.349,0.504,0.154,-0.00489,stable_restoration,rs_t0,regimeB_v0_RS_t0,RS_derived,t0 = RS reclamation-onset proxy from NDVI trough; pre2000=left-censored; state_only=undatable in 2000-24 window,no_aml_match
MINE_US_00340,-82.069981,37.572027,3.9768,pre2000,,2018,0.606,0.704,0.098,-0.0107,stable_restoration,censored_pre2000,regimeB_v0_RS_t0,RS_derived,t0 = RS reclamation-onset proxy from NDVI trough; pre2000=left-censored; state_only=undatable in 2000-24 window,no_aml_match
MINE_US_00341,-113.39409,37.620577,3.9764,,,2002,0.145,0.205,0.06,0.00242,degraded,state_only_no_t0,regimeB_v0_RS_t0,RS_derived,t0 = RS reclamation-onset proxy from NDVI trough; pre2000=left-censored; state_only=undatable in 2000-24 window,no_aml_match
MINE_US_00342,-81.732925,37.647185,3.9666,2017,7,2017,0.413,0.558,0.146,-0.01715,stable_restoration,rs_t0,regimeB_v0_RS_t0,RS_derived,t0 = RS reclamation-onset proxy from NDVI trough; pre2000=left-censored; state_only=undatable in 2000-24 window,no_aml_match
MINE_US_00343,-83.07409,37.664063,3.9581,2016,8,2016,0.452,0.699,0.246,-0.01254,stable_restoration,rs_t0,regimeB_v0_RS_t0,RS_derived,t0 = RS reclamation-onset proxy from NDVI trough; pre2000=left-censored; state_only=undatable in 2000-24 window,no_aml_match
MINE_US_00344,-107.83651,35.337786,3.9566,,,2001,0.129,0.176,0.047,0.00204,degraded,state_only_no_t0,regimeB_v0_RS_t0,RS_derived,t0 = RS reclamation-onset proxy from NDVI trough; pre2000=left-censored; state_only=undatable in 2000-24 window,no_aml_match
MINE_US_00345,-81.935622,29.712875,3.9486,,,2000,0.389,0.465,0.076,0.00293,early_restoration,state_only_no_t0,regimeB_v0_RS_t0,RS_derived,t0 = RS reclamation-onset proxy from NDVI trough; pre2000=left-censored; state_only=undatable in 2000-24 window,no_aml_match
MINE_US_00346,-87.816769,37.68106,3.9432,,,2013,0.36,0.45,0.091,-0.00116,early_restoration,state_only_no_t0,regimeB_v0_RS_t0,RS_derived,t0 = RS reclamation-onset proxy from NDVI trough; pre2000=left-censored; state_only=undatable in 2000-24 window,no_aml_match
MINE_US_00347,-87.41864,38.340589,3.919,pre2000,,2001,0.376,0.523,0.147,0.00522,stable_restoration,censored_pre2000,regimeB_v0_RS_t0,RS_derived,t0 = RS reclamation-onset proxy from NDVI trough; pre2000=left-censored; state_only=undatable in 2000-24 window,no_aml_match
MINE_US_00348,-119.452286,41.160678,3.9189,,,2002,0.108,0.148,0.041,0.00183,degraded,state_only_no_t0,regimeB_v0_RS_t0,RS_derived,t0 = RS reclamation-onset proxy from NDVI trough; pre2000=left-censored; state_only=undatable in 2000-24 window,no_aml_match
MINE_US_00349,-111.897591,32.517598,3.9095,,,2001,0.045,0.086,0.041,0.00169,degraded,state_only_no_t0,regimeB_v0_RS_t0,RS_derived,t0 = RS reclamation-onset proxy from NDVI trough; pre2000=left-censored; state_only=undatable in 2000-24 window,no_aml_match
MINE_US_00350,-112.298098,46.419348,3.9091,,,2000,0.332,0.476,0.144,0.00575,early_restoration,state_only_no_t0,regimeB_v0_RS_t0,RS_derived,t0 = RS reclamation-onset proxy from NDVI trough; pre2000=left-censored; state_only=undatable in 2000-24 window,no_aml_match
MINE_US_00351,-117.076797,38.534147,3.8989,,,2001,0.163,0.203,0.04,0.00136,degraded,state_only_no_t0,regimeB_v0_RS_t0,RS_derived,t0 = RS reclamation-onset proxy from NDVI trough; pre2000=left-censored; state_only=undatable in 2000-24 window,no_aml_match
MINE_US_00352,-113.354211,37.644573,3.8921,,,2003,0.14,0.171,0.031,0.00104,degraded,state_only_no_t0,regimeB_v0_RS_t0,RS_derived,t0 = RS reclamation-onset proxy from NDVI trough; pre2000=left-censored; state_only=undatable in 2000-24 window,no_aml_match
MINE_US_00353,-109.493123,40.597457,3.8821,,,2021,0.048,0.053,0.006,-0.0003,degraded,state_only_no_t0,regimeB_v0_RS_t0,RS_derived,t0 = RS reclamation-onset proxy from NDVI trough; pre2000=left-censored; state_only=undatable in 2000-24 window,no_aml_match
MINE_US_00354,-111.192335,32.357352,3.869,,,2002,0.059,0.095,0.037,0.00153,degraded,state_only_no_t0,regimeB_v0_RS_t0,RS_derived,t0 = RS reclamation-onset proxy from NDVI trough; pre2000=left-censored; state_only=undatable in 2000-24 window,no_aml_match
MINE_US_00355,-87.837271,38.429685,3.8655,2016,8,2016,0.306,0.548,0.241,-0.00324,stable_restoration,rs_t0,regimeB_v0_RS_t0,RS_derived,t0 = RS reclamation-onset proxy from NDVI trough; pre2000=left-censored; state_only=undatable in 2000-24 window,no_aml_match
MINE_US_00356,-93.362409,47.298002,3.856,2015,9,2015,0.275,0.545,0.269,-0.01101,stable_restoration,rs_t0,regimeB_v0_RS_t0,RS_derived,t0 = RS reclamation-onset proxy from NDVI trough; pre2000=left-censored; state_only=undatable in 2000-24 window,no_aml_match
MINE_US_00357,-107.677103,42.735214,3.837,,,2000,0.079,0.159,0.079,0.00329,degraded,state_only_no_t0,regimeB_v0_RS_t0,RS_derived,t0 = RS reclamation-onset proxy from NDVI trough; pre2000=left-censored; state_only=undatable in 2000-24 window,no_aml_match
MINE_US_00358,-86.296771,33.151106,3.8349,,,2016,0.18,0.233,0.053,0.00037,early_restoration,state_only_no_t0,regimeB_v0_RS_t0,RS_derived,t0 = RS reclamation-onset proxy from NDVI trough; pre2000=left-censored; state_only=undatable in 2000-24 window,no_aml_match
MINE_US_00359,-81.951386,27.886895,3.8239,pre2000,,2000,0.367,0.596,0.229,0.01037,stable_restoration,censored_pre2000,regimeB_v0_RS_t0,RS_derived,t0 = RS reclamation-onset proxy from NDVI trough; pre2000=left-censored; state_only=undatable in 2000-24 window,no_aml_match
MINE_US_00360,-118.757449,38.384949,3.807,,,2013,0.107,0.136,0.028,0.0004,degraded,state_only_no_t0,regimeB_v0_RS_t0,RS_derived,t0 = RS reclamation-onset proxy from NDVI trough; pre2000=left-censored; state_only=undatable in 2000-24 window,no_aml_match
MINE_US_00361,-117.895992,38.86905,3.8017,,,2001,-0.003,0.02,0.023,0.00088,degraded,state_only_no_t0,regimeB_v0_RS_t0,RS_derived,t0 = RS reclamation-onset proxy from NDVI trough; pre2000=left-censored; state_only=undatable in 2000-24 window,no_aml_match
MINE_US_00362,-116.427115,41.077643,3.7977,,,2014,0.091,0.117,0.026,-0.00027,degraded,state_only_no_t0,regimeB_v0_RS_t0,RS_derived,t0 = RS reclamation-onset proxy from NDVI trough; pre2000=left-censored; state_only=undatable in 2000-24 window,no_aml_match
MINE_US_00363,-119.467203,39.478267,3.7827,,,2000,0.107,0.178,0.071,0.00267,degraded,state_only_no_t0,regimeB_v0_RS_t0,RS_derived,t0 = RS reclamation-onset proxy from NDVI trough; pre2000=left-censored; state_only=undatable in 2000-24 window,no_aml_match
MINE_US_00364,-91.100589,37.458602,3.7496,,,2023,0.483,0.485,0.002,-0.00346,early_restoration,state_only_no_t0,regimeB_v0_RS_t0,RS_derived,t0 = RS reclamation-onset proxy from NDVI trough; pre2000=left-censored; state_only=undatable in 2000-24 window,no_aml_match
MINE_US_00365,-81.47121,37.914598,3.7415,2011,13,2011,0.526,0.684,0.158,0.00159,stable_restoration,rs_t0,regimeB_v0_RS_t0,RS_derived,t0 = RS reclamation-onset proxy from NDVI trough; pre2000=left-censored; state_only=undatable in 2000-24 window,no_aml_match
MINE_US_00366,-118.317033,35.031882,3.733,,,2001,0.072,0.106,0.034,0.00083,degraded,state_only_no_t0,regimeB_v0_RS_t0,RS_derived,t0 = RS reclamation-onset proxy from NDVI trough; pre2000=left-censored; state_only=undatable in 2000-24 window,no_aml_match
MINE_US_00367,-87.265343,33.47962,3.727,,,2011,0.385,0.477,0.092,-0.00161,early_restoration,state_only_no_t0,regimeB_v0_RS_t0,RS_derived,t0 = RS reclamation-onset proxy from NDVI trough; pre2000=left-censored; state_only=undatable in 2000-24 window,no_aml_match
MINE_US_00368,-92.486339,34.521135,3.7052,pre2000,,2000,0.492,0.524,0.033,0.00142,stable_restoration,censored_pre2000,regimeB_v0_RS_t0,RS_derived,t0 = RS reclamation-onset proxy from NDVI trough; pre2000=left-censored; state_only=undatable in 2000-24 window,no_aml_match
MINE_US_00369,-114.737818,44.432807,3.6965,,,2007,0.178,0.255,0.077,0.00319,early_restoration,state_only_no_t0,regimeB_v0_RS_t0,RS_derived,t0 = RS reclamation-onset proxy from NDVI trough; pre2000=left-censored; state_only=undatable in 2000-24 window,no_aml_match
MINE_US_00370,-101.859772,47.193848,3.6947,2008,16,2008,0.327,0.464,0.137,0.00217,early_restoration,rs_t0,regimeB_v0_RS_t0,RS_derived,t0 = RS reclamation-onset proxy from NDVI trough; pre2000=left-censored; state_only=undatable in 2000-24 window,no_aml_match
MINE_US_00371,-117.659419,35.35798,3.6608,,,2001,0.045,0.088,0.043,0.00163,degraded,state_only_no_t0,regimeB_v0_RS_t0,RS_derived,t0 = RS reclamation-onset proxy from NDVI trough; pre2000=left-censored; state_only=undatable in 2000-24 window,no_aml_match
MINE_US_00372,-76.148141,40.794136,3.655,pre2000,,2000,0.573,0.702,0.129,0.00498,stable_restoration,censored_pre2000,regimeB_v0_RS_t0,RS_derived,t0 = RS reclamation-onset proxy from NDVI trough; pre2000=left-censored; state_only=undatable in 2000-24 window,aml_listed_not_complete
MINE_US_00373,-117.189638,35.937485,3.6496,,,2003,0.032,0.047,0.015,0.00059,degraded,state_only_no_t0,regimeB_v0_RS_t0,RS_derived,t0 = RS reclamation-onset proxy from NDVI trough; pre2000=left-censored; state_only=undatable in 2000-24 window,no_aml_match
MINE_US_00374,-111.583993,42.688529,3.6477,,,2002,0.132,0.181,0.05,0.00196,degraded,state_only_no_t0,regimeB_v0_RS_t0,RS_derived,t0 = RS reclamation-onset proxy from NDVI trough; pre2000=left-censored; state_only=undatable in 2000-24 window,no_aml_match
MINE_US_00375,-89.703147,39.43184,3.6343,2006,18,2006,0.274,0.442,0.168,0.005,early_restoration,rs_t0,regimeB_v0_RS_t0,RS_derived,t0 = RS reclamation-onset proxy from NDVI trough; pre2000=left-censored; state_only=undatable in 2000-24 window,no_aml_match
MINE_US_00376,-81.998967,27.37311,3.6114,pre2000,,2000,0.487,0.578,0.091,0.00274,stable_restoration,censored_pre2000,regimeB_v0_RS_t0,RS_derived,t0 = RS reclamation-onset proxy from NDVI trough; pre2000=left-censored; state_only=undatable in 2000-24 window,no_aml_match
MINE_US_00377,-82.858083,36.973951,3.6079,2007,17,2007,0.4,0.639,0.239,-0.00818,stable_restoration,rs_t0,regimeB_v0_RS_t0,RS_derived,t0 = RS reclamation-onset proxy from NDVI trough; pre2000=left-censored; state_only=undatable in 2000-24 window,no_aml_match
MINE_US_00378,-87.095933,38.695477,3.5888,,,2016,0.355,0.445,0.09,-0.01272,early_restoration,state_only_no_t0,regimeB_v0_RS_t0,RS_derived,t0 = RS reclamation-onset proxy from NDVI trough; pre2000=left-censored; state_only=undatable in 2000-24 window,no_aml_match
MINE_US_00379,-82.118499,37.747459,3.5797,pre2000,,2015,0.463,0.531,0.068,-0.01064,stable_restoration,censored_pre2000,regimeB_v0_RS_t0,RS_derived,t0 = RS reclamation-onset proxy from NDVI trough; pre2000=left-censored; state_only=undatable in 2000-24 window,no_aml_match
MINE_US_00380,-111.817147,32.943719,3.5785,,,2001,0.056,0.101,0.045,0.00182,degraded,state_only_no_t0,regimeB_v0_RS_t0,RS_derived,t0 = RS reclamation-onset proxy from NDVI trough; pre2000=left-censored; state_only=undatable in 2000-24 window,no_aml_match
MINE_US_00381,-98.376171,28.728122,3.573,,,2018,0.225,0.295,0.07,-0.01135,early_restoration,state_only_no_t0,regimeB_v0_RS_t0,RS_derived,t0 = RS reclamation-onset proxy from NDVI trough; pre2000=left-censored; state_only=undatable in 2000-24 window,no_aml_match
MINE_US_00382,-109.902952,31.433975,3.5717,,,2007,0.08,0.124,0.044,0.00147,degraded,state_only_no_t0,regimeB_v0_RS_t0,RS_derived,t0 = RS reclamation-onset proxy from NDVI trough; pre2000=left-censored; state_only=undatable in 2000-24 window,no_aml_match
MINE_US_00383,-94.462874,32.304239,3.569,2018,6,2018,0.266,0.4,0.134,-0.01688,early_restoration,rs_t0,regimeB_v0_RS_t0,RS_derived,t0 = RS reclamation-onset proxy from NDVI trough; pre2000=left-censored; state_only=undatable in 2000-24 window,no_aml_match
MINE_US_00384,-96.505668,31.304596,3.5661,,,2011,0.259,0.331,0.072,0.00172,early_restoration,state_only_no_t0,regimeB_v0_RS_t0,RS_derived,t0 = RS reclamation-onset proxy from NDVI trough; pre2000=left-censored; state_only=undatable in 2000-24 window,no_aml_match
MINE_US_00385,-116.471631,38.633618,3.5643,,,2024,0.079,0.12,0.041,0.00026,degraded,state_only_no_t0,regimeB_v0_RS_t0,RS_derived,t0 = RS reclamation-onset proxy from NDVI trough; pre2000=left-censored; state_only=undatable in 2000-24 window,no_aml_match
MINE_US_00386,-108.420036,46.273321,3.5595,,,2016,0.202,0.221,0.019,-0.00153,early_restoration,state_only_no_t0,regimeB_v0_RS_t0,RS_derived,t0 = RS reclamation-onset proxy from NDVI trough; pre2000=left-censored; state_only=undatable in 2000-24 window,no_aml_match
MINE_US_00387,-115.590223,39.966253,3.545,,,2012,0.118,0.18,0.062,0.00194,degraded,state_only_no_t0,regimeB_v0_RS_t0,RS_derived,t0 = RS reclamation-onset proxy from NDVI trough; pre2000=left-censored; state_only=undatable in 2000-24 window,no_aml_match
MINE_US_00388,-81.978453,37.726505,3.5361,2008,16,2008,0.384,0.697,0.313,-0.00332,stable_restoration,rs_t0,regimeB_v0_RS_t0,RS_derived,t0 = RS reclamation-onset proxy from NDVI trough; pre2000=left-censored; state_only=undatable in 2000-24 window,no_aml_match
MINE_US_00389,-116.532084,40.141471,3.5254,,,2000,0.184,0.231,0.048,0.00197,early_restoration,state_only_no_t0,regimeB_v0_RS_t0,RS_derived,t0 = RS reclamation-onset proxy from NDVI trough; pre2000=left-censored; state_only=undatable in 2000-24 window,no_aml_match
MINE_US_00390,-87.3456,38.100171,3.5229,2017,7,2017,0.35,0.506,0.156,-0.01418,stable_restoration,rs_t0,regimeB_v0_RS_t0,RS_derived,t0 = RS reclamation-onset proxy from NDVI trough; pre2000=left-censored; state_only=undatable in 2000-24 window,no_aml_match
MINE_US_00391,-107.070381,40.344879,3.4888,,,2001,0.306,0.363,0.058,0.00118,early_restoration,state_only_no_t0,regimeB_v0_RS_t0,RS_derived,t0 = RS reclamation-onset proxy from NDVI trough; pre2000=left-censored; state_only=undatable in 2000-24 window,no_aml_match
MINE_US_00392,-80.992632,39.922299,3.477,,,2015,0.352,0.437,0.085,-0.00834,early_restoration,state_only_no_t0,regimeB_v0_RS_t0,RS_derived,t0 = RS reclamation-onset proxy from NDVI trough; pre2000=left-censored; state_only=undatable in 2000-24 window,no_aml_match
MINE_US_00393,-86.95802,37.38665,3.4726,2014,10,2014,0.372,0.554,0.182,-0.01731,stable_restoration,rs_t0,regimeB_v0_RS_t0,RS_derived,t0 = RS reclamation-onset proxy from NDVI trough; pre2000=left-censored; state_only=undatable in 2000-24 window,no_aml_match
MINE_US_00394,-118.216123,37.999302,3.4524,,,2001,-0.013,0.093,0.106,0.00376,degraded,state_only_no_t0,regimeB_v0_RS_t0,RS_derived,t0 = RS reclamation-onset proxy from NDVI trough; pre2000=left-censored; state_only=undatable in 2000-24 window,no_aml_match
MINE_US_00395,-90.084217,38.005601,3.4523,,,2016,0.29,0.298,0.008,-0.00207,early_restoration,state_only_no_t0,regimeB_v0_RS_t0,RS_derived,t0 = RS reclamation-onset proxy from NDVI trough; pre2000=left-censored; state_only=undatable in 2000-24 window,no_aml_match
MINE_US_00396,-82.043684,27.565821,3.4508,2002,22,2002,0.113,0.308,0.195,0.00892,early_restoration,rs_t0,regimeB_v0_RS_t0,RS_derived,t0 = RS reclamation-onset proxy from NDVI trough; pre2000=left-censored; state_only=undatable in 2000-24 window,no_aml_match
MINE_US_00397,-114.517129,44.324805,3.4318,,,2023,0.11,0.119,0.009,-0.00495,degraded,state_only_no_t0,regimeB_v0_RS_t0,RS_derived,t0 = RS reclamation-onset proxy from NDVI trough; pre2000=left-censored; state_only=undatable in 2000-24 window,no_aml_match
MINE_US_00398,-98.498002,28.630779,3.4303,,,2000,0.193,0.268,0.076,-0.00039,early_restoration,state_only_no_t0,regimeB_v0_RS_t0,RS_derived,t0 = RS reclamation-onset proxy from NDVI trough; pre2000=left-censored; state_only=undatable in 2000-24 window,no_aml_match
MINE_US_00399,-116.173001,39.787556,3.4267,,,2013,0.183,0.229,0.046,-0.00016,early_restoration,state_only_no_t0,regimeB_v0_RS_t0,RS_derived,t0 = RS reclamation-onset proxy from NDVI trough; pre2000=left-censored; state_only=undatable in 2000-24 window,no_aml_match
MINE_US_00400,-108.73878,41.547674,3.4043,,,2001,0.081,0.147,0.066,0.00316,degraded,state_only_no_t0,regimeB_v0_RS_t0,RS_derived,t0 = RS reclamation-onset proxy from NDVI trough; pre2000=left-censored; state_only=undatable in 2000-24 window,no_aml_match
MINE_US_00401,-101.818941,47.195006,3.4018,,,2016,0.282,0.377,0.096,-0.0008,early_restoration,state_only_no_t0,regimeB_v0_RS_t0,RS_derived,t0 = RS reclamation-onset proxy from NDVI trough; pre2000=left-censored; state_only=undatable in 2000-24 window,no_aml_match
MINE_US_00402,-114.916084,36.362704,3.3862,,,2007,0.043,0.057,0.015,0.00049,degraded,state_only_no_t0,regimeB_v0_RS_t0,RS_derived,t0 = RS reclamation-onset proxy from NDVI trough; pre2000=left-censored; state_only=undatable in 2000-24 window,no_aml_match
MINE_US_00403,-83.506816,36.864417,3.3856,2011,13,2011,0.521,0.741,0.22,-0.00219,stable_restoration,rs_t0,regimeB_v0_RS_t0,RS_derived,t0 = RS reclamation-onset proxy from NDVI trough; pre2000=left-censored; state_only=undatable in 2000-24 window,no_aml_match
MINE_US_00404,-113.049049,42.081243,3.3811,,,2007,0.194,0.257,0.063,0.00287,early_restoration,state_only_no_t0,regimeB_v0_RS_t0,RS_derived,t0 = RS reclamation-onset proxy from NDVI trough; pre2000=left-censored; state_only=undatable in 2000-24 window,no_aml_match
MINE_US_00405,-105.276036,43.527693,3.3779,,,2005,0.142,0.224,0.082,0.00316,early_restoration,state_only_no_t0,regimeB_v0_RS_t0,RS_derived,t0 = RS reclamation-onset proxy from NDVI trough; pre2000=left-censored; state_only=undatable in 2000-24 window,no_aml_match
MINE_US_00406,-81.436504,38.010567,3.3768,pre2000,,2001,0.503,0.745,0.242,0.0081,stable_restoration,censored_pre2000,regimeB_v0_RS_t0,RS_derived,t0 = RS reclamation-onset proxy from NDVI trough; pre2000=left-censored; state_only=undatable in 2000-24 window,no_aml_match
MINE_US_00407,-76.213836,40.721434,3.3738,pre2000,,2000,0.564,0.578,0.014,-0.00146,stable_restoration,censored_pre2000,regimeB_v0_RS_t0,RS_derived,t0 = RS reclamation-onset proxy from NDVI trough; pre2000=left-censored; state_only=undatable in 2000-24 window,aml_listed_not_complete
MINE_US_00408,-88.865811,37.797476,3.3596,pre2000,,2003,0.585,0.717,0.132,0.00581,stable_restoration,censored_pre2000,regimeB_v0_RS_t0,RS_derived,t0 = RS reclamation-onset proxy from NDVI trough; pre2000=left-censored; state_only=undatable in 2000-24 window,no_aml_match
MINE_US_00409,-88.821865,37.840829,3.3552,,,2016,0.353,0.401,0.048,-0.01614,early_restoration,state_only_no_t0,regimeB_v0_RS_t0,RS_derived,t0 = RS reclamation-onset proxy from NDVI trough; pre2000=left-censored; state_only=undatable in 2000-24 window,no_aml_match
MINE_US_00410,-81.887501,37.868928,3.3404,2010,14,2010,0.386,0.671,0.285,-0.00849,stable_restoration,rs_t0,regimeB_v0_RS_t0,RS_derived,t0 = RS reclamation-onset proxy from NDVI trough; pre2000=left-censored; state_only=undatable in 2000-24 window,no_aml_match
MINE_US_00411,-92.519126,34.540956,3.3397,,,2015,0.39,0.442,0.052,-0.00216,early_restoration,state_only_no_t0,regimeB_v0_RS_t0,RS_derived,t0 = RS reclamation-onset proxy from NDVI trough; pre2000=left-censored; state_only=undatable in 2000-24 window,no_aml_match
MINE_US_00412,-105.766115,42.844573,3.3365,,,2005,0.117,0.184,0.067,0.00333,degraded,state_only_no_t0,regimeB_v0_RS_t0,RS_derived,t0 = RS reclamation-onset proxy from NDVI trough; pre2000=left-censored; state_only=undatable in 2000-24 window,no_aml_match
MINE_US_00413,-117.154108,40.885304,3.3283,,,2012,0.014,0.055,0.041,0.00021,degraded,state_only_no_t0,regimeB_v0_RS_t0,RS_derived,t0 = RS reclamation-onset proxy from NDVI trough; pre2000=left-censored; state_only=undatable in 2000-24 window,no_aml_match
MINE_US_00414,-83.326421,36.926127,3.3253,2010,14,2010,0.534,0.751,0.217,-0.00479,stable_restoration,rs_t0,regimeB_v0_RS_t0,RS_derived,t0 = RS reclamation-onset proxy from NDVI trough; pre2000=left-censored; state_only=undatable in 2000-24 window,no_aml_match
MINE_US_00415,-105.354756,44.150563,3.3246,,,2005,0.17,0.269,0.099,0.00283,early_restoration,state_only_no_t0,regimeB_v0_RS_t0,RS_derived,t0 = RS reclamation-onset proxy from NDVI trough; pre2000=left-censored; state_only=undatable in 2000-24 window,no_aml_match
MINE_US_00416,-96.495201,31.179458,3.3246,,,2010,0.351,0.407,0.056,-0.00684,early_restoration,state_only_no_t0,regimeB_v0_RS_t0,RS_derived,t0 = RS reclamation-onset proxy from NDVI trough; pre2000=left-censored; state_only=undatable in 2000-24 window,no_aml_match
MINE_US_00417,-105.271868,43.495376,3.316,,,2005,0.157,0.244,0.087,0.00419,early_restoration,state_only_no_t0,regimeB_v0_RS_t0,RS_derived,t0 = RS reclamation-onset proxy from NDVI trough; pre2000=left-censored; state_only=undatable in 2000-24 window,no_aml_match
MINE_US_00418,-82.567122,37.373659,3.3116,2011,13,2011,0.406,0.762,0.356,-0.00304,stable_restoration,rs_t0,regimeB_v0_RS_t0,RS_derived,t0 = RS reclamation-onset proxy from NDVI trough; pre2000=left-censored; state_only=undatable in 2000-24 window,no_aml_match
MINE_US_00419,-114.295055,33.870188,3.2964,,,2007,0.058,0.088,0.031,0.00163,degraded,state_only_no_t0,regimeB_v0_RS_t0,RS_derived,t0 = RS reclamation-onset proxy from NDVI trough; pre2000=left-censored; state_only=undatable in 2000-24 window,no_aml_match
MINE_US_00420,-83.412424,36.931836,3.2788,2017,7,2017,0.589,0.739,0.149,-0.00939,stable_restoration,rs_t0,regimeB_v0_RS_t0,RS_derived,t0 = RS reclamation-onset proxy from NDVI trough; pre2000=left-censored; state_only=undatable in 2000-24 window,no_aml_match
MINE_US_00421,-81.683623,39.581147,3.2725,2009,15,2009,0.455,0.557,0.101,0.00215,stable_restoration,rs_t0,regimeB_v0_RS_t0,RS_derived,t0 = RS reclamation-onset proxy from NDVI trough; pre2000=left-censored; state_only=undatable in 2000-24 window,no_aml_match
MINE_US_00422,-108.077076,35.414122,3.2668,,,2001,0.097,0.151,0.054,0.00202,degraded,state_only_no_t0,regimeB_v0_RS_t0,RS_derived,t0 = RS reclamation-onset proxy from NDVI trough; pre2000=left-censored; state_only=undatable in 2000-24 window,no_aml_match
MINE_US_00423,-82.253259,37.445451,3.2664,2015,9,2015,0.516,0.741,0.225,-0.00829,stable_restoration,rs_t0,regimeB_v0_RS_t0,RS_derived,t0 = RS reclamation-onset proxy from NDVI trough; pre2000=left-censored; state_only=undatable in 2000-24 window,no_aml_match
MINE_US_00424,-94.597994,32.243898,3.258,,,2018,0.344,0.418,0.074,-0.016,early_restoration,state_only_no_t0,regimeB_v0_RS_t0,RS_derived,t0 = RS reclamation-onset proxy from NDVI trough; pre2000=left-censored; state_only=undatable in 2000-24 window,no_aml_match
MINE_US_00425,-81.647086,38.210368,3.2555,2012,12,2012,0.388,0.716,0.328,-0.00551,stable_restoration,rs_t0,regimeB_v0_RS_t0,RS_derived,t0 = RS reclamation-onset proxy from NDVI trough; pre2000=left-censored; state_only=undatable in 2000-24 window,no_aml_match
MINE_US_00426,-94.605429,32.224168,3.2512,2018,6,2018,0.284,0.416,0.132,-0.0199,early_restoration,rs_t0,regimeB_v0_RS_t0,RS_derived,t0 = RS reclamation-onset proxy from NDVI trough; pre2000=left-censored; state_only=undatable in 2000-24 window,no_aml_match
MINE_US_00427,-83.330812,37.325724,3.2332,2011,13,2011,0.258,0.687,0.429,0.01364,stable_restoration,rs_t0,regimeB_v0_RS_t0,RS_derived,t0 = RS reclamation-onset proxy from NDVI trough; pre2000=left-censored; state_only=undatable in 2000-24 window,no_aml_match
MINE_US_00428,-88.612592,38.167145,3.2251,,,2016,0.386,0.456,0.07,-0.00982,early_restoration,state_only_no_t0,regimeB_v0_RS_t0,RS_derived,t0 = RS reclamation-onset proxy from NDVI trough; pre2000=left-censored; state_only=undatable in 2000-24 window,no_aml_match
MINE_US_00429,-89.576122,38.068057,3.2105,pre2000,,2008,0.495,0.524,0.029,-0.00503,stable_restoration,censored_pre2000,regimeB_v0_RS_t0,RS_derived,t0 = RS reclamation-onset proxy from NDVI trough; pre2000=left-censored; state_only=undatable in 2000-24 window,no_aml_match
MINE_US_00430,-94.574688,32.259814,3.2084,,,2010,0.314,0.395,0.08,0.00157,early_restoration,state_only_no_t0,regimeB_v0_RS_t0,RS_derived,t0 = RS reclamation-onset proxy from NDVI trough; pre2000=left-censored; state_only=undatable in 2000-24 window,no_aml_match
MINE_US_00431,-87.420501,38.861832,3.2051,,,2017,0.426,0.436,0.01,-0.00849,early_restoration,state_only_no_t0,regimeB_v0_RS_t0,RS_derived,t0 = RS reclamation-onset proxy from NDVI trough; pre2000=left-censored; state_only=undatable in 2000-24 window,no_aml_match
MINE_US_00432,-87.376388,38.228361,3.1893,2011,13,2011,0.266,0.585,0.319,-0.0017,stable_restoration,rs_t0,regimeB_v0_RS_t0,RS_derived,t0 = RS reclamation-onset proxy from NDVI trough; pre2000=left-censored; state_only=undatable in 2000-24 window,no_aml_match
MINE_US_00433,-81.218693,38.037089,3.1809,2011,13,2011,0.521,0.72,0.199,-0.00678,stable_restoration,rs_t0,regimeB_v0_RS_t0,RS_derived,t0 = RS reclamation-onset proxy from NDVI trough; pre2000=left-censored; state_only=undatable in 2000-24 window,no_aml_match
MINE_US_00434,-122.519518,40.673071,3.1719,,,2019,0.335,0.398,0.064,-0.00315,early_restoration,state_only_no_t0,regimeB_v0_RS_t0,RS_derived,t0 = RS reclamation-onset proxy from NDVI trough; pre2000=left-censored; state_only=undatable in 2000-24 window,no_aml_match
MINE_US_00435,-88.395108,37.768014,3.1712,2004,20,2004,0.333,0.459,0.126,0.00237,relapse_degradation,rs_t0,regimeB_v0_RS_t0,RS_derived,t0 = RS reclamation-onset proxy from NDVI trough; pre2000=left-censored; state_only=undatable in 2000-24 window,no_aml_match
MINE_US_00436,-113.275368,37.707283,3.1624,,,2001,0.069,0.125,0.055,0.00233,degraded,state_only_no_t0,regimeB_v0_RS_t0,RS_derived,t0 = RS reclamation-onset proxy from NDVI trough; pre2000=left-censored; state_only=undatable in 2000-24 window,no_aml_match
MINE_US_00437,-87.083893,37.454881,3.1591,2011,13,2011,0.385,0.489,0.105,0.00057,early_restoration,rs_t0,regimeB_v0_RS_t0,RS_derived,t0 = RS reclamation-onset proxy from NDVI trough; pre2000=left-censored; state_only=undatable in 2000-24 window,no_aml_match
MINE_US_00438,-117.184248,40.648976,3.1506,,,2002,0.121,0.188,0.066,0.00293,degraded,state_only_no_t0,regimeB_v0_RS_t0,RS_derived,t0 = RS reclamation-onset proxy from NDVI trough; pre2000=left-censored; state_only=undatable in 2000-24 window,no_aml_match
MINE_US_00439,-94.308775,32.334712,3.1484,,,2022,0.34,0.359,0.019,-0.02289,early_restoration,state_only_no_t0,regimeB_v0_RS_t0,RS_derived,t0 = RS reclamation-onset proxy from NDVI trough; pre2000=left-censored; state_only=undatable in 2000-24 window,no_aml_match
MINE_US_00440,-87.251131,38.526595,3.1418,pre2000,,2001,0.351,0.528,0.177,0.00658,stable_restoration,censored_pre2000,regimeB_v0_RS_t0,RS_derived,t0 = RS reclamation-onset proxy from NDVI trough; pre2000=left-censored; state_only=undatable in 2000-24 window,no_aml_match
MINE_US_00441,-115.69648,45.286286,3.1072,,,2000,0.313,0.42,0.107,0.0043,early_restoration,state_only_no_t0,regimeB_v0_RS_t0,RS_derived,t0 = RS reclamation-onset proxy from NDVI trough; pre2000=left-censored; state_only=undatable in 2000-24 window,no_aml_match
MINE_US_00442,-76.406634,40.776054,3.0998,pre2000,,2000,0.609,0.645,0.036,0.00222,stable_restoration,censored_pre2000,regimeB_v0_RS_t0,RS_derived,t0 = RS reclamation-onset proxy from NDVI trough; pre2000=left-censored; state_only=undatable in 2000-24 window,aml_listed_not_complete
MINE_US_00443,-98.405449,29.614245,3.0989,,,2010,0.211,0.249,0.039,-0.0026,early_restoration,state_only_no_t0,regimeB_v0_RS_t0,RS_derived,t0 = RS reclamation-onset proxy from NDVI trough; pre2000=left-censored; state_only=undatable in 2000-24 window,no_aml_match
MINE_US_00444,-101.223959,47.065511,3.0872,2007,17,2007,0.26,0.39,0.13,0.00275,early_restoration,rs_t0,regimeB_v0_RS_t0,RS_derived,t0 = RS reclamation-onset proxy from NDVI trough; pre2000=left-censored; state_only=undatable in 2000-24 window,no_aml_match
MINE_US_00445,-106.665792,45.885477,3.0808,,,2003,0.118,0.241,0.123,0.004,early_restoration,state_only_no_t0,regimeB_v0_RS_t0,RS_derived,t0 = RS reclamation-onset proxy from NDVI trough; pre2000=left-censored; state_only=undatable in 2000-24 window,no_aml_match
MINE_US_00446,-117.163505,40.314671,3.0726,,,2001,0.048,0.155,0.108,0.00392,degraded,state_only_no_t0,regimeB_v0_RS_t0,RS_derived,t0 = RS reclamation-onset proxy from NDVI trough; pre2000=left-censored; state_only=undatable in 2000-24 window,no_aml_match
MINE_US_00447,-83.22661,37.409573,3.0712,2011,13,2011,0.342,0.713,0.371,-0.00145,stable_restoration,rs_t0,regimeB_v0_RS_t0,RS_derived,t0 = RS reclamation-onset proxy from NDVI trough; pre2000=left-censored; state_only=undatable in 2000-24 window,no_aml_match
MINE_US_00448,-82.853251,36.943477,3.0617,2008,16,2008,0.415,0.748,0.333,-0.00477,stable_restoration,rs_t0,regimeB_v0_RS_t0,RS_derived,t0 = RS reclamation-onset proxy from NDVI trough; pre2000=left-censored; state_only=undatable in 2000-24 window,no_aml_match
MINE_US_00449,-94.438458,35.187137,3.0617,pre2000,,2000,0.403,0.553,0.15,0.00598,stable_restoration,censored_pre2000,regimeB_v0_RS_t0,RS_derived,t0 = RS reclamation-onset proxy from NDVI trough; pre2000=left-censored; state_only=undatable in 2000-24 window,no_aml_match
MINE_US_00450,-87.02362,38.593918,3.0499,2011,13,2011,0.312,0.637,0.325,-0.00429,stable_restoration,rs_t0,regimeB_v0_RS_t0,RS_derived,t0 = RS reclamation-onset proxy from NDVI trough; pre2000=left-censored; state_only=undatable in 2000-24 window,no_aml_match
MINE_US_00451,-89.864955,39.205416,3.0417,pre2000,,2006,0.387,0.548,0.16,0.00644,stable_restoration,censored_pre2000,regimeB_v0_RS_t0,RS_derived,t0 = RS reclamation-onset proxy from NDVI trough; pre2000=left-censored; state_only=undatable in 2000-24 window,no_aml_match
MINE_US_00452,-108.004365,40.545532,3.0403,,,2001,0.124,0.202,0.078,0.00357,degraded,state_only_no_t0,regimeB_v0_RS_t0,RS_derived,t0 = RS reclamation-onset proxy from NDVI trough; pre2000=left-censored; state_only=undatable in 2000-24 window,no_aml_match
MINE_US_00453,-96.483662,31.269395,3.0399,2019,5,2019,0.263,0.371,0.107,-0.01216,early_restoration,rs_t0,regimeB_v0_RS_t0,RS_derived,t0 = RS reclamation-onset proxy from NDVI trough; pre2000=left-censored; state_only=undatable in 2000-24 window,no_aml_match
MINE_US_00454,-111.081307,32.033593,3.0378,,,2003,0.068,0.106,0.038,0.00174,degraded,state_only_no_t0,regimeB_v0_RS_t0,RS_derived,t0 = RS reclamation-onset proxy from NDVI trough; pre2000=left-censored; state_only=undatable in 2000-24 window,no_aml_match
MINE_US_00455,-118.668584,48.676517,3.0322,,,2002,0.323,0.457,0.134,0.00568,early_restoration,state_only_no_t0,regimeB_v0_RS_t0,RS_derived,t0 = RS reclamation-onset proxy from NDVI trough; pre2000=left-censored; state_only=undatable in 2000-24 window,no_aml_match
MINE_US_00456,-89.449681,40.003148,2.9869,,,2001,0.349,0.416,0.067,0.00229,early_restoration,state_only_no_t0,regimeB_v0_RS_t0,RS_derived,t0 = RS reclamation-onset proxy from NDVI trough; pre2000=left-censored; state_only=undatable in 2000-24 window,no_aml_match
MINE_US_00457,-116.885062,34.34908,2.9853,,,2003,0.087,0.118,0.031,0.00077,degraded,state_only_no_t0,regimeB_v0_RS_t0,RS_derived,t0 = RS reclamation-onset proxy from NDVI trough; pre2000=left-censored; state_only=undatable in 2000-24 window,no_aml_match
MINE_US_00458,-81.756782,38.16188,2.9838,2013,11,2013,0.412,0.688,0.277,-0.01359,stable_restoration,rs_t0,regimeB_v0_RS_t0,RS_derived,t0 = RS reclamation-onset proxy from NDVI trough; pre2000=left-censored; state_only=undatable in 2000-24 window,no_aml_match
MINE_US_00459,-89.611434,38.085321,2.9644,2014,10,2014,0.54,0.657,0.117,-0.00791,stable_restoration,rs_t0,regimeB_v0_RS_t0,RS_derived,t0 = RS reclamation-onset proxy from NDVI trough; pre2000=left-censored; state_only=undatable in 2000-24 window,no_aml_match
MINE_US_00460,-79.339578,40.667638,2.963,pre2000,,2009,0.523,0.587,0.064,0.00153,stable_restoration,censored_pre2000,regimeB_v0_RS_t0,RS_derived,t0 = RS reclamation-onset proxy from NDVI trough; pre2000=left-censored; state_only=undatable in 2000-24 window,aml_listed_not_complete
MINE_US_00461,-76.443459,40.802595,2.9568,pre2000,,2000,0.546,0.646,0.1,0.00378,stable_restoration,censored_pre2000,regimeB_v0_RS_t0,RS_derived,t0 = RS reclamation-onset proxy from NDVI trough; pre2000=left-censored; state_only=undatable in 2000-24 window,aml_listed_not_complete
MINE_US_00462,-83.023667,37.295788,2.9472,2015,9,2015,0.516,0.763,0.247,-0.00113,stable_restoration,rs_t0,regimeB_v0_RS_t0,RS_derived,t0 = RS reclamation-onset proxy from NDVI trough; pre2000=left-censored; state_only=undatable in 2000-24 window,no_aml_match
MINE_US_00463,-110.811611,32.983411,2.9422,,,2013,0.036,0.047,0.011,-0.0004,degraded,state_only_no_t0,regimeB_v0_RS_t0,RS_derived,t0 = RS reclamation-onset proxy from NDVI trough; pre2000=left-censored; state_only=undatable in 2000-24 window,no_aml_match
MINE_US_00464,-82.421791,39.115785,2.9326,2012,12,2012,0.342,0.596,0.254,-0.0054,stable_restoration,rs_t0,regimeB_v0_RS_t0,RS_derived,t0 = RS reclamation-onset proxy from NDVI trough; pre2000=left-censored; state_only=undatable in 2000-24 window,no_aml_match
MINE_US_00465,-81.401117,38.102726,2.9241,2014,10,2014,0.405,0.514,0.11,-0.02248,stable_restoration,rs_t0,regimeB_v0_RS_t0,RS_derived,t0 = RS reclamation-onset proxy from NDVI trough; pre2000=left-censored; state_only=undatable in 2000-24 window,no_aml_match
MINE_US_00466,-87.004085,33.634145,2.9234,,,2018,0.382,0.429,0.047,-0.00881,early_restoration,state_only_no_t0,regimeB_v0_RS_t0,RS_derived,t0 = RS reclamation-onset proxy from NDVI trough; pre2000=left-censored; state_only=undatable in 2000-24 window,no_aml_match
MINE_US_00467,-82.394273,39.095511,2.9109,2009,15,2009,0.632,0.814,0.182,0.00453,stable_restoration,rs_t0,regimeB_v0_RS_t0,RS_derived,t0 = RS reclamation-onset proxy from NDVI trough; pre2000=left-censored; state_only=undatable in 2000-24 window,no_aml_match
MINE_US_00468,-105.533904,44.371703,2.9017,2016,8,2016,0.152,0.252,0.1,-0.00077,early_restoration,rs_t0,regimeB_v0_RS_t0,RS_derived,t0 = RS reclamation-onset proxy from NDVI trough; pre2000=left-censored; state_only=undatable in 2000-24 window,no_aml_match
MINE_US_00469,-82.632655,37.735526,2.9,2006,18,2006,0.511,0.677,0.165,0.00491,stable_restoration,rs_t0,regimeB_v0_RS_t0,RS_derived,t0 = RS reclamation-onset proxy from NDVI trough; pre2000=left-censored; state_only=undatable in 2000-24 window,no_aml_match
MINE_US_00470,-76.206404,40.942883,2.8984,pre2000,,2000,0.507,0.732,0.225,0.01026,stable_restoration,censored_pre2000,regimeB_v0_RS_t0,RS_derived,t0 = RS reclamation-onset proxy from NDVI trough; pre2000=left-censored; state_only=undatable in 2000-24 window,aml_listed_not_complete
MINE_US_00471,-112.675717,45.992876,2.8956,,,2000,0.142,0.172,0.03,0.00053,degraded,state_only_no_t0,regimeB_v0_RS_t0,RS_derived,t0 = RS reclamation-onset proxy from NDVI trough; pre2000=left-censored; state_only=undatable in 2000-24 window,no_aml_match
MINE_US_00472,-116.009717,40.605534,2.894,,,2000,0.127,0.171,0.044,0.0023,degraded,state_only_no_t0,regimeB_v0_RS_t0,RS_derived,t0 = RS reclamation-onset proxy from NDVI trough; pre2000=left-censored; state_only=undatable in 2000-24 window,no_aml_match
MINE_US_00473,-81.558134,37.221396,2.8919,2013,11,2013,0.38,0.619,0.239,-0.00258,stable_restoration,rs_t0,regimeB_v0_RS_t0,RS_derived,t0 = RS reclamation-onset proxy from NDVI trough; pre2000=left-censored; state_only=undatable in 2000-24 window,no_aml_match
MINE_US_00474,-106.612751,45.882518,2.8898,,,2003,0.149,0.223,0.074,0.00248,early_restoration,state_only_no_t0,regimeB_v0_RS_t0,RS_derived,t0 = RS reclamation-onset proxy from NDVI trough; pre2000=left-censored; state_only=undatable in 2000-24 window,no_aml_match
MINE_US_00475,-104.453535,47.469504,2.8893,,,2001,0.195,0.293,0.098,0.00516,early_restoration,state_only_no_t0,regimeB_v0_RS_t0,RS_derived,t0 = RS reclamation-onset proxy from NDVI trough; pre2000=left-censored; state_only=undatable in 2000-24 window,no_aml_match
MINE_US_00476,-87.952095,37.752474,2.8784,,,2018,0.373,0.389,0.016,-0.01088,early_restoration,state_only_no_t0,regimeB_v0_RS_t0,RS_derived,t0 = RS reclamation-onset proxy from NDVI trough; pre2000=left-censored; state_only=undatable in 2000-24 window,no_aml_match
MINE_US_00477,-79.205871,39.432867,2.8744,2009,15,2009,0.497,0.719,0.222,-0.00199,stable_restoration,rs_t0,regimeB_v0_RS_t0,RS_derived,t0 = RS reclamation-onset proxy from NDVI trough; pre2000=left-censored; state_only=undatable in 2000-24 window,no_aml_match
MINE_US_00478,-93.553431,31.962285,2.8685,2014,10,2014,0.354,0.588,0.234,-0.00986,stable_restoration,rs_t0,regimeB_v0_RS_t0,RS_derived,t0 = RS reclamation-onset proxy from NDVI trough; pre2000=left-censored; state_only=undatable in 2000-24 window,no_aml_match
MINE_US_00479,-115.326783,44.929799,2.8683,,,2000,0.33,0.433,0.103,0.00408,early_restoration,state_only_no_t0,regimeB_v0_RS_t0,RS_derived,t0 = RS reclamation-onset proxy from NDVI trough; pre2000=left-censored; state_only=undatable in 2000-24 window,no_aml_match
MINE_US_00480,-109.155176,41.54015,2.834,,,2007,0.086,0.14,0.054,0.00221,degraded,state_only_no_t0,regimeB_v0_RS_t0,RS_derived,t0 = RS reclamation-onset proxy from NDVI trough; pre2000=left-censored; state_only=undatable in 2000-24 window,no_aml_match
MINE_US_00481,-103.960437,32.672883,2.8339,,,2000,0.066,0.102,0.036,0.00152,degraded,state_only_no_t0,regimeB_v0_RS_t0,RS_derived,t0 = RS reclamation-onset proxy from NDVI trough; pre2000=left-censored; state_only=undatable in 2000-24 window,no_aml_match
MINE_US_00482,-82.762113,37.531786,2.8236,2015,9,2015,0.615,0.776,0.161,-0.00724,stable_restoration,rs_t0,regimeB_v0_RS_t0,RS_derived,t0 = RS reclamation-onset proxy from NDVI trough; pre2000=left-censored; state_only=undatable in 2000-24 window,no_aml_match
MINE_US_00483,-82.999192,36.949913,2.8132,pre2000,,2017,0.619,0.684,0.065,-0.00106,stable_restoration,censored_pre2000,regimeB_v0_RS_t0,RS_derived,t0 = RS reclamation-onset proxy from NDVI trough; pre2000=left-censored; state_only=undatable in 2000-24 window,no_aml_match
MINE_US_00484,-81.507542,38.011811,2.7994,2006,18,2006,0.496,0.752,0.257,-0.0025,stable_restoration,rs_t0,regimeB_v0_RS_t0,RS_derived,t0 = RS reclamation-onset proxy from NDVI trough; pre2000=left-censored; state_only=undatable in 2000-24 window,no_aml_match
MINE_US_00485,-106.315243,42.893589,2.7987,,,2001,-0.091,0.211,0.302,0.01445,degraded,state_only_no_t0,regimeB_v0_RS_t0,RS_derived,t0 = RS reclamation-onset proxy from NDVI trough; pre2000=left-censored; state_only=undatable in 2000-24 window,no_aml_match
MINE_US_00486,-116.873356,40.269517,2.7819,,,2000,0.076,0.097,0.022,0.00109,degraded,state_only_no_t0,regimeB_v0_RS_t0,RS_derived,t0 = RS reclamation-onset proxy from NDVI trough; pre2000=left-censored; state_only=undatable in 2000-24 window,no_aml_match
MINE_US_00487,-83.292964,37.290558,2.7772,2011,13,2011,0.404,0.736,0.332,-0.00272,stable_restoration,rs_t0,regimeB_v0_RS_t0,RS_derived,t0 = RS reclamation-onset proxy from NDVI trough; pre2000=left-censored; state_only=undatable in 2000-24 window,no_aml_match
MINE_US_00488,-112.18983,40.240374,2.7743,,,2002,0.119,0.155,0.035,0.00117,degraded,state_only_no_t0,regimeB_v0_RS_t0,RS_derived,t0 = RS reclamation-onset proxy from NDVI trough; pre2000=left-censored; state_only=undatable in 2000-24 window,no_aml_match
MINE_US_00489,-83.889887,36.610185,2.7662,2017,7,2017,0.625,0.762,0.136,-0.00903,stable_restoration,rs_t0,regimeB_v0_RS_t0,RS_derived,t0 = RS reclamation-onset proxy from NDVI trough; pre2000=left-censored; state_only=undatable in 2000-24 window,no_aml_match
MINE_US_00490,-118.031601,43.205041,2.7566,,,2001,0.12,0.184,0.064,0.00266,degraded,state_only_no_t0,regimeB_v0_RS_t0,RS_derived,t0 = RS reclamation-onset proxy from NDVI trough; pre2000=left-censored; state_only=undatable in 2000-24 window,no_aml_match
MINE_US_00491,-82.548619,37.235483,2.7525,2007,17,2007,0.406,0.764,0.358,0.00195,stable_restoration,rs_t0,regimeB_v0_RS_t0,RS_derived,t0 = RS reclamation-onset proxy from NDVI trough; pre2000=left-censored; state_only=undatable in 2000-24 window,no_aml_match
MINE_US_00492,-114.106964,45.234251,2.7524,,,2000,0.228,0.445,0.217,0.00907,early_restoration,state_only_no_t0,regimeB_v0_RS_t0,RS_derived,t0 = RS reclamation-onset proxy from NDVI trough; pre2000=left-censored; state_only=undatable in 2000-24 window,no_aml_match
MINE_US_00493,-110.391863,39.542243,2.7522,,,2003,0.146,0.193,0.048,0.00193,degraded,state_only_no_t0,regimeB_v0_RS_t0,RS_derived,t0 = RS reclamation-onset proxy from NDVI trough; pre2000=left-censored; state_only=undatable in 2000-24 window,no_aml_match
MINE_US_00494,-106.58256,45.911032,2.744,2010,14,2010,0.107,0.32,0.214,0.00335,early_restoration,rs_t0,regimeB_v0_RS_t0,RS_derived,t0 = RS reclamation-onset proxy from NDVI trough; pre2000=left-censored; state_only=undatable in 2000-24 window,no_aml_match
MINE_US_00495,-82.13928,37.849057,2.7416,2014,10,2014,0.558,0.732,0.173,-0.00194,stable_restoration,rs_t0,regimeB_v0_RS_t0,RS_derived,t0 = RS reclamation-onset proxy from NDVI trough; pre2000=left-censored; state_only=undatable in 2000-24 window,no_aml_match
MINE_US_00496,-103.930939,32.487,2.7408,,,2017,0.067,0.081,0.015,-0.0009,degraded,state_only_no_t0,regimeB_v0_RS_t0,RS_derived,t0 = RS reclamation-onset proxy from NDVI trough; pre2000=left-censored; state_only=undatable in 2000-24 window,no_aml_match
MINE_US_00497,-82.190633,36.959952,2.7386,pre2000,,2001,0.47,0.592,0.121,0.0053,stable_restoration,censored_pre2000,regimeB_v0_RS_t0,RS_derived,t0 = RS reclamation-onset proxy from NDVI trough; pre2000=left-censored; state_only=undatable in 2000-24 window,no_aml_match
MINE_US_00498,-113.789055,45.201696,2.7379,,,2006,0.213,0.264,0.051,0.00234,early_restoration,state_only_no_t0,regimeB_v0_RS_t0,RS_derived,t0 = RS reclamation-onset proxy from NDVI trough; pre2000=left-censored; state_only=undatable in 2000-24 window,no_aml_match
MINE_US_00499,-81.054044,40.271645,2.731,2014,10,2014,0.355,0.718,0.362,-0.00558,stable_restoration,rs_t0,regimeB_v0_RS_t0,RS_derived,t0 = RS reclamation-onset proxy from NDVI trough; pre2000=left-censored; state_only=undatable in 2000-24 window,no_aml_match
MINE_US_00500,-87.150983,33.319876,2.7274,2013,11,2013,0.311,0.459,0.148,-0.00386,early_restoration,rs_t0,regimeB_v0_RS_t0,RS_derived,t0 = RS reclamation-onset proxy from NDVI trough; pre2000=left-censored; state_only=undatable in 2000-24 window,no_aml_match
MINE_US_00501,-81.673809,37.959233,2.7241,2009,15,2009,0.582,0.762,0.181,-0.00578,stable_restoration,rs_t0,regimeB_v0_RS_t0,RS_derived,t0 = RS reclamation-onset proxy from NDVI trough; pre2000=left-censored; state_only=undatable in 2000-24 window,no_aml_match
MINE_US_00502,-94.820495,34.947241,2.7158,2015,9,2015,0.408,0.58,0.172,-0.01106,stable_restoration,rs_t0,regimeB_v0_RS_t0,RS_derived,t0 = RS reclamation-onset proxy from NDVI trough; pre2000=left-censored; state_only=undatable in 2000-24 window,no_aml_match
MINE_US_00503,-106.42761,41.7507,2.6982,,,2007,0.152,0.21,0.058,0.00257,degraded,state_only_no_t0,regimeB_v0_RS_t0,RS_derived,t0 = RS reclamation-onset proxy from NDVI trough; pre2000=left-censored; state_only=undatable in 2000-24 window,no_aml_match
MINE_US_00504,-82.246091,39.074594,2.6914,,,2000,0.257,0.431,0.174,0.00648,early_restoration,state_only_no_t0,regimeB_v0_RS_t0,RS_derived,t0 = RS reclamation-onset proxy from NDVI trough; pre2000=left-censored; state_only=undatable in 2000-24 window,no_aml_match
MINE_US_00505,-105.981283,39.209241,2.6782,,,2003,0.115,0.15,0.035,0.00113,degraded,state_only_no_t0,regimeB_v0_RS_t0,RS_derived,t0 = RS reclamation-onset proxy from NDVI trough; pre2000=left-censored; state_only=undatable in 2000-24 window,no_aml_match
MINE_US_00506,-108.524176,36.510701,2.6719,,,2002,0.074,0.106,0.032,0.0014,degraded,state_only_no_t0,regimeB_v0_RS_t0,RS_derived,t0 = RS reclamation-onset proxy from NDVI trough; pre2000=left-censored; state_only=undatable in 2000-24 window,no_aml_match
MINE_US_00507,-109.465619,47.285787,2.6654,,,2002,0.317,0.468,0.151,0.00712,early_restoration,state_only_no_t0,regimeB_v0_RS_t0,RS_derived,t0 = RS reclamation-onset proxy from NDVI trough; pre2000=left-censored; state_only=undatable in 2000-24 window,no_aml_match
MINE_US_00508,-103.956034,32.510588,2.6639,2017,7,2017,-0.467,-0.364,0.103,-0.03466,early_restoration,rs_t0,regimeB_v0_RS_t0,RS_derived,t0 = RS reclamation-onset proxy from NDVI trough; pre2000=left-censored; state_only=undatable in 2000-24 window,no_aml_match
MINE_US_00509,-79.102581,39.865165,2.6606,pre2000,,2001,0.612,0.728,0.115,0.00555,stable_restoration,censored_pre2000,regimeB_v0_RS_t0,RS_derived,t0 = RS reclamation-onset proxy from NDVI trough; pre2000=left-censored; state_only=undatable in 2000-24 window,no_aml_match
MINE_US_00510,-108.633836,41.62485,2.6546,,,2001,0.087,0.112,0.025,0.0011,degraded,state_only_no_t0,regimeB_v0_RS_t0,RS_derived,t0 = RS reclamation-onset proxy from NDVI trough; pre2000=left-censored; state_only=undatable in 2000-24 window,no_aml_match
MINE_US_00511,-87.391391,38.492872,2.6545,pre2000,,2011,0.421,0.515,0.094,-1e-05,stable_restoration,censored_pre2000,regimeB_v0_RS_t0,RS_derived,t0 = RS reclamation-onset proxy from NDVI trough; pre2000=left-censored; state_only=undatable in 2000-24 window,no_aml_match
MINE_US_00512,-87.615016,33.616206,2.6543,2010,14,2010,0.445,0.643,0.198,0.00213,stable_restoration,rs_t0,regimeB_v0_RS_t0,RS_derived,t0 = RS reclamation-onset proxy from NDVI trough; pre2000=left-censored; state_only=undatable in 2000-24 window,no_aml_match
MINE_US_00513,-90.261253,38.102718,2.6537,,,2011,0.406,0.408,0.002,-0.01559,early_restoration,state_only_no_t0,regimeB_v0_RS_t0,RS_derived,t0 = RS reclamation-onset proxy from NDVI trough; pre2000=left-censored; state_only=undatable in 2000-24 window,no_aml_match
MINE_US_00514,-88.761353,32.649294,2.6474,2012,12,2012,0.19,0.379,0.189,-0.02745,early_restoration,rs_t0,regimeB_v0_RS_t0,RS_derived,t0 = RS reclamation-onset proxy from NDVI trough; pre2000=left-censored; state_only=undatable in 2000-24 window,no_aml_match
MINE_US_00515,-111.190961,42.579842,2.6248,,,2020,0.265,0.282,0.017,-0.01749,early_restoration,state_only_no_t0,regimeB_v0_RS_t0,RS_derived,t0 = RS reclamation-onset proxy from NDVI trough; pre2000=left-censored; state_only=undatable in 2000-24 window,no_aml_match
MINE_US_00516,-89.57458,38.048312,2.623,2006,18,2006,0.49,0.662,0.173,-3e-05,stable_restoration,rs_t0,regimeB_v0_RS_t0,RS_derived,t0 = RS reclamation-onset proxy from NDVI trough; pre2000=left-censored; state_only=undatable in 2000-24 window,no_aml_match
MINE_US_00517,-85.75142,34.891939,2.6168,pre2000,,2000,0.302,0.557,0.254,0.00932,stable_restoration,censored_pre2000,regimeB_v0_RS_t0,RS_derived,t0 = RS reclamation-onset proxy from NDVI trough; pre2000=left-censored; state_only=undatable in 2000-24 window,no_aml_match
MINE_US_00518,-81.467068,37.972594,2.6133,2008,16,2008,0.291,0.671,0.38,-0.00291,stable_restoration,rs_t0,regimeB_v0_RS_t0,RS_derived,t0 = RS reclamation-onset proxy from NDVI trough; pre2000=left-censored; state_only=undatable in 2000-24 window,no_aml_match
MINE_US_00519,-80.69044,38.107941,2.6056,2011,13,2011,0.657,0.791,0.134,0.00203,stable_restoration,rs_t0,regimeB_v0_RS_t0,RS_derived,t0 = RS reclamation-onset proxy from NDVI trough; pre2000=left-censored; state_only=undatable in 2000-24 window,no_aml_match
MINE_US_00520,-120.915743,39.369546,2.5981,pre2000,,2000,0.459,0.538,0.079,0.00415,stable_restoration,censored_pre2000,regimeB_v0_RS_t0,RS_derived,t0 = RS reclamation-onset proxy from NDVI trough; pre2000=left-censored; state_only=undatable in 2000-24 window,no_aml_match
MINE_US_00521,-118.391305,35.145163,2.5949,,,2001,0.05,0.138,0.088,0.00232,degraded,state_only_no_t0,regimeB_v0_RS_t0,RS_derived,t0 = RS reclamation-onset proxy from NDVI trough; pre2000=left-censored; state_only=undatable in 2000-24 window,no_aml_match
MINE_US_00522,-89.731959,39.471171,2.5913,,,2006,0.339,0.458,0.12,0.00517,early_restoration,state_only_no_t0,regimeB_v0_RS_t0,RS_derived,t0 = RS reclamation-onset proxy from NDVI trough; pre2000=left-censored; state_only=undatable in 2000-24 window,no_aml_match
MINE_US_00523,-79.967858,35.339922,2.5913,pre2000,,2016,0.498,0.526,0.028,-0.00405,stable_restoration,censored_pre2000,regimeB_v0_RS_t0,RS_derived,t0 = RS reclamation-onset proxy from NDVI trough; pre2000=left-censored; state_only=undatable in 2000-24 window,no_aml_match
MINE_US_00524,-115.338647,44.89826,2.5831,,,2008,0.325,0.447,0.122,0.00384,early_restoration,state_only_no_t0,regimeB_v0_RS_t0,RS_derived,t0 = RS reclamation-onset proxy from NDVI trough; pre2000=left-censored; state_only=undatable in 2000-24 window,no_aml_match
MINE_US_00525,-77.350042,41.459119,2.5672,2009,15,2009,0.473,0.598,0.125,-0.00181,stable_restoration,rs_t0,regimeB_v0_RS_t0,RS_derived,t0 = RS reclamation-onset proxy from NDVI trough; pre2000=left-censored; state_only=undatable in 2000-24 window,aml_listed_not_complete
MINE_US_00526,-80.645285,38.03733,2.5526,2017,7,2017,0.527,0.692,0.165,-0.01124,stable_restoration,rs_t0,regimeB_v0_RS_t0,RS_derived,t0 = RS reclamation-onset proxy from NDVI trough; pre2000=left-censored; state_only=undatable in 2000-24 window,no_aml_match
MINE_US_00527,-75.9719,40.995725,2.5452,,,2015,0.42,0.49,0.07,-0.00112,early_restoration,state_only_no_t0,regimeB_v0_RS_t0,RS_derived,t0 = RS reclamation-onset proxy from NDVI trough; pre2000=left-censored; state_only=undatable in 2000-24 window,aml_listed_not_complete
MINE_US_00528,-96.714393,31.2911,2.5444,,,2010,0.336,0.369,0.032,-0.00503,early_restoration,state_only_no_t0,regimeB_v0_RS_t0,RS_derived,t0 = RS reclamation-onset proxy from NDVI trough; pre2000=left-censored; state_only=undatable in 2000-24 window,no_aml_match
MINE_US_00529,-97.068159,30.563374,2.5385,,,2008,0.206,0.292,0.086,0.00345,early_restoration,state_only_no_t0,regimeB_v0_RS_t0,RS_derived,t0 = RS reclamation-onset proxy from NDVI trough; pre2000=left-censored; state_only=undatable in 2000-24 window,no_aml_match
MINE_US_00530,-81.376913,37.901968,2.5383,2019,5,2019,0.253,0.374,0.121,-0.02966,early_restoration,rs_t0,regimeB_v0_RS_t0,RS_derived,t0 = RS reclamation-onset proxy from NDVI trough; pre2000=left-censored; state_only=undatable in 2000-24 window,no_aml_match
MINE_US_00531,-81.415049,38.031791,2.5161,2013,11,2013,0.401,0.717,0.316,-0.01371,stable_restoration,rs_t0,regimeB_v0_RS_t0,RS_derived,t0 = RS reclamation-onset proxy from NDVI trough; pre2000=left-censored; state_only=undatable in 2000-24 window,no_aml_match
MINE_US_00532,-82.145135,39.743423,2.5159,2015,9,2015,0.447,0.738,0.292,-0.00977,stable_restoration,rs_t0,regimeB_v0_RS_t0,RS_derived,t0 = RS reclamation-onset proxy from NDVI trough; pre2000=left-censored; state_only=undatable in 2000-24 window,no_aml_match
MINE_US_00533,-76.051566,40.765643,2.5097,pre2000,,2010,0.654,0.739,0.085,0.00239,stable_restoration,censored_pre2000,regimeB_v0_RS_t0,RS_derived,t0 = RS reclamation-onset proxy from NDVI trough; pre2000=left-censored; state_only=undatable in 2000-24 window,aml_listed_not_complete
MINE_US_00534,-82.038203,37.252534,2.5047,pre2000,,2007,0.623,0.724,0.102,0.00286,stable_restoration,censored_pre2000,regimeB_v0_RS_t0,RS_derived,t0 = RS reclamation-onset proxy from NDVI trough; pre2000=left-censored; state_only=undatable in 2000-24 window,no_aml_match
MINE_US_00535,-117.670757,44.800124,2.5011,,,2004,0.143,0.196,0.053,0.0023,degraded,state_only_no_t0,regimeB_v0_RS_t0,RS_derived,t0 = RS reclamation-onset proxy from NDVI trough; pre2000=left-censored; state_only=undatable in 2000-24 window,no_aml_match
MINE_US_00536,-82.186436,37.513042,2.4985,2014,10,2014,0.547,0.791,0.243,-0.00578,stable_restoration,rs_t0,regimeB_v0_RS_t0,RS_derived,t0 = RS reclamation-onset proxy from NDVI trough; pre2000=left-censored; state_only=undatable in 2000-24 window,no_aml_match
MINE_US_00537,-120.88026,39.746323,2.4819,pre2000,,2006,0.454,0.512,0.057,0.00266,stable_restoration,censored_pre2000,regimeB_v0_RS_t0,RS_derived,t0 = RS reclamation-onset proxy from NDVI trough; pre2000=left-censored; state_only=undatable in 2000-24 window,no_aml_match
MINE_US_00538,-81.571602,37.997938,2.4818,pre2000,,2015,0.52,0.599,0.079,0.0006,stable_restoration,censored_pre2000,regimeB_v0_RS_t0,RS_derived,t0 = RS reclamation-onset proxy from NDVI trough; pre2000=left-censored; state_only=undatable in 2000-24 window,no_aml_match
MINE_US_00539,-101.890922,47.177674,2.4814,2016,8,2016,0.264,0.403,0.139,-0.00436,early_restoration,rs_t0,regimeB_v0_RS_t0,RS_derived,t0 = RS reclamation-onset proxy from NDVI trough; pre2000=left-censored; state_only=undatable in 2000-24 window,no_aml_match
MINE_US_00540,-81.964288,37.328335,2.4787,2015,9,2015,0.572,0.819,0.247,-0.00682,stable_restoration,rs_t0,regimeB_v0_RS_t0,RS_derived,t0 = RS reclamation-onset proxy from NDVI trough; pre2000=left-censored; state_only=undatable in 2000-24 window,no_aml_match
MINE_US_00541,-88.768513,38.051051,2.4576,,,2016,0.189,0.267,0.078,-0.01965,early_restoration,state_only_no_t0,regimeB_v0_RS_t0,RS_derived,t0 = RS reclamation-onset proxy from NDVI trough; pre2000=left-censored; state_only=undatable in 2000-24 window,no_aml_match
MINE_US_00542,-108.749399,38.364812,2.454,,,2002,0.108,0.169,0.061,0.00256,degraded,state_only_no_t0,regimeB_v0_RS_t0,RS_derived,t0 = RS reclamation-onset proxy from NDVI trough; pre2000=left-censored; state_only=undatable in 2000-24 window,no_aml_match
MINE_US_00543,-87.290778,38.878386,2.4531,2011,13,2011,0.361,0.549,0.188,-0.00548,stable_restoration,rs_t0,regimeB_v0_RS_t0,RS_derived,t0 = RS reclamation-onset proxy from NDVI trough; pre2000=left-censored; state_only=undatable in 2000-24 window,no_aml_match
MINE_US_00544,-83.295897,37.324132,2.4352,2017,7,2017,0.397,0.657,0.26,-0.01303,stable_restoration,rs_t0,regimeB_v0_RS_t0,RS_derived,t0 = RS reclamation-onset proxy from NDVI trough; pre2000=left-censored; state_only=undatable in 2000-24 window,no_aml_match
MINE_US_00545,-108.654859,41.63979,2.4333,,,2012,0.088,0.112,0.024,-0.00077,degraded,state_only_no_t0,regimeB_v0_RS_t0,RS_derived,t0 = RS reclamation-onset proxy from NDVI trough; pre2000=left-censored; state_only=undatable in 2000-24 window,no_aml_match
MINE_US_00546,-80.543412,34.61361,2.4277,,,2021,0.134,0.157,0.023,-0.03183,degraded,state_only_no_t0,regimeB_v0_RS_t0,RS_derived,t0 = RS reclamation-onset proxy from NDVI trough; pre2000=left-censored; state_only=undatable in 2000-24 window,no_aml_match
MINE_US_00547,-93.17137,31.89999,2.4096,,,2012,0.417,0.455,0.039,-0.00014,early_restoration,state_only_no_t0,regimeB_v0_RS_t0,RS_derived,t0 = RS reclamation-onset proxy from NDVI trough; pre2000=left-censored; state_only=undatable in 2000-24 window,no_aml_match
MINE_US_00548,-114.464134,36.470773,2.408,,,2007,0.059,0.085,0.026,0.00126,degraded,state_only_no_t0,regimeB_v0_RS_t0,RS_derived,t0 = RS reclamation-onset proxy from NDVI trough; pre2000=left-censored; state_only=undatable in 2000-24 window,no_aml_match
MINE_US_00549,-112.110761,40.601096,2.4062,,,2002,0.191,0.321,0.131,0.00411,early_restoration,state_only_no_t0,regimeB_v0_RS_t0,RS_derived,t0 = RS reclamation-onset proxy from NDVI trough; pre2000=left-censored; state_only=undatable in 2000-24 window,no_aml_match
MINE_US_00550,-119.618976,38.795942,2.3989,,,2000,0.136,0.228,0.092,0.00345,early_restoration,state_only_no_t0,regimeB_v0_RS_t0,RS_derived,t0 = RS reclamation-onset proxy from NDVI trough; pre2000=left-censored; state_only=undatable in 2000-24 window,no_aml_match
MINE_US_00551,-79.509654,40.039344,2.3749,2007,17,2007,0.469,0.591,0.122,0.00172,stable_restoration,rs_t0,regimeB_v0_RS_t0,RS_derived,t0 = RS reclamation-onset proxy from NDVI trough; pre2000=left-censored; state_only=undatable in 2000-24 window,no_aml_match
MINE_US_00552,-81.249269,38.030243,2.3621,2012,12,2012,0.588,0.791,0.203,-0.00586,stable_restoration,rs_t0,regimeB_v0_RS_t0,RS_derived,t0 = RS reclamation-onset proxy from NDVI trough; pre2000=left-censored; state_only=undatable in 2000-24 window,no_aml_match
MINE_US_00553,-111.523086,42.791418,2.3571,,,2017,0.285,0.34,0.055,-0.01518,early_restoration,state_only_no_t0,regimeB_v0_RS_t0,RS_derived,t0 = RS reclamation-onset proxy from NDVI trough; pre2000=left-censored; state_only=undatable in 2000-24 window,no_aml_match
MINE_US_00554,-103.049978,46.137495,2.3525,,,2001,0.249,0.404,0.154,0.00783,early_restoration,state_only_no_t0,regimeB_v0_RS_t0,RS_derived,t0 = RS reclamation-onset proxy from NDVI trough; pre2000=left-censored; state_only=undatable in 2000-24 window,no_aml_match
MINE_US_00555,-82.156949,39.732094,2.3501,,,2006,0.39,0.425,0.035,-0.00021,early_restoration,state_only_no_t0,regimeB_v0_RS_t0,RS_derived,t0 = RS reclamation-onset proxy from NDVI trough; pre2000=left-censored; state_only=undatable in 2000-24 window,no_aml_match
MINE_US_00556,-117.222566,40.656471,2.3422,,,2003,0.093,0.162,0.069,0.00306,degraded,state_only_no_t0,regimeB_v0_RS_t0,RS_derived,t0 = RS reclamation-onset proxy from NDVI trough; pre2000=left-censored; state_only=undatable in 2000-24 window,no_aml_match
MINE_US_00557,-82.132411,39.837963,2.3409,,,2011,0.43,0.497,0.067,-0.00107,early_restoration,state_only_no_t0,regimeB_v0_RS_t0,RS_derived,t0 = RS reclamation-onset proxy from NDVI trough; pre2000=left-censored; state_only=undatable in 2000-24 window,no_aml_match
MINE_US_00558,-117.813372,41.919454,2.3349,,,2003,0.074,0.115,0.041,0.00182,degraded,state_only_no_t0,regimeB_v0_RS_t0,RS_derived,t0 = RS reclamation-onset proxy from NDVI trough; pre2000=left-censored; state_only=undatable in 2000-24 window,no_aml_match
MINE_US_00559,-81.873061,38.113011,2.3263,2012,12,2012,0.549,0.673,0.124,-0.00153,stable_restoration,rs_t0,regimeB_v0_RS_t0,RS_derived,t0 = RS reclamation-onset proxy from NDVI trough; pre2000=left-censored; state_only=undatable in 2000-24 window,no_aml_match
MINE_US_00560,-86.923927,33.045972,2.3095,,,2019,0.339,0.361,0.022,-0.01839,early_restoration,state_only_no_t0,regimeB_v0_RS_t0,RS_derived,t0 = RS reclamation-onset proxy from NDVI trough; pre2000=left-censored; state_only=undatable in 2000-24 window,no_aml_match
MINE_US_00561,-88.40751,37.730913,2.3089,2018,6,2018,0.42,0.568,0.148,-0.00932,stable_restoration,rs_t0,regimeB_v0_RS_t0,RS_derived,t0 = RS reclamation-onset proxy from NDVI trough; pre2000=left-censored; state_only=undatable in 2000-24 window,no_aml_match
MINE_US_00562,-86.708587,33.843062,2.3056,2011,13,2011,0.445,0.771,0.325,0.00057,stable_restoration,rs_t0,regimeB_v0_RS_t0,RS_derived,t0 = RS reclamation-onset proxy from NDVI trough; pre2000=left-censored; state_only=undatable in 2000-24 window,no_aml_match
MINE_US_00563,-81.267758,37.663905,2.3025,2016,8,2016,0.526,0.68,0.154,-0.01522,stable_restoration,rs_t0,regimeB_v0_RS_t0,RS_derived,t0 = RS reclamation-onset proxy from NDVI trough; pre2000=left-censored; state_only=undatable in 2000-24 window,no_aml_match
MINE_US_00564,-120.546671,37.936221,2.2958,,,2001,0.135,0.183,0.048,0.00182,degraded,state_only_no_t0,regimeB_v0_RS_t0,RS_derived,t0 = RS reclamation-onset proxy from NDVI trough; pre2000=left-censored; state_only=undatable in 2000-24 window,no_aml_match
MINE_US_00565,-98.217296,29.670916,2.2928,,,2024,0.301,0.302,0.001,-0.01381,early_restoration,state_only_no_t0,regimeB_v0_RS_t0,RS_derived,t0 = RS reclamation-onset proxy from NDVI trough; pre2000=left-censored; state_only=undatable in 2000-24 window,no_aml_match
MINE_US_00566,-80.938878,38.37436,2.2913,pre2000,,2001,0.619,0.811,0.192,0.00764,stable_restoration,censored_pre2000,regimeB_v0_RS_t0,RS_derived,t0 = RS reclamation-onset proxy from NDVI trough; pre2000=left-censored; state_only=undatable in 2000-24 window,no_aml_match
MINE_US_00567,-82.14083,28.207766,2.2899,,,2024,0.249,0.269,0.021,-0.00743,early_restoration,state_only_no_t0,regimeB_v0_RS_t0,RS_derived,t0 = RS reclamation-onset proxy from NDVI trough; pre2000=left-censored; state_only=undatable in 2000-24 window,no_aml_match
MINE_US_00568,-108.121513,35.43965,2.2805,,,2001,0.114,0.164,0.05,0.00236,degraded,state_only_no_t0,regimeB_v0_RS_t0,RS_derived,t0 = RS reclamation-onset proxy from NDVI trough; pre2000=left-censored; state_only=undatable in 2000-24 window,no_aml_match
MINE_US_00569,-76.46935,40.810274,2.2798,pre2000,,2016,0.542,0.617,0.074,-0.00279,stable_restoration,censored_pre2000,regimeB_v0_RS_t0,RS_derived,t0 = RS reclamation-onset proxy from NDVI trough; pre2000=left-censored; state_only=undatable in 2000-24 window,aml_listed_not_complete
MINE_US_00570,-81.648404,37.997411,2.2773,2009,15,2009,0.627,0.731,0.104,0.00176,stable_restoration,rs_t0,regimeB_v0_RS_t0,RS_derived,t0 = RS reclamation-onset proxy from NDVI trough; pre2000=left-censored; state_only=undatable in 2000-24 window,no_aml_match
MINE_US_00571,-81.685707,37.940705,2.269,2007,17,2007,0.398,0.671,0.272,0.00197,stable_restoration,rs_t0,regimeB_v0_RS_t0,RS_derived,t0 = RS reclamation-onset proxy from NDVI trough; pre2000=left-censored; state_only=undatable in 2000-24 window,no_aml_match
MINE_US_00572,-82.942677,30.461617,2.2614,2015,9,2015,0.345,0.611,0.265,-0.01494,stable_restoration,rs_t0,regimeB_v0_RS_t0,RS_derived,t0 = RS reclamation-onset proxy from NDVI trough; pre2000=left-censored; state_only=undatable in 2000-24 window,no_aml_match
MINE_US_00573,-83.350194,37.298979,2.2598,2012,12,2012,0.394,0.751,0.357,-0.00835,stable_restoration,rs_t0,regimeB_v0_RS_t0,RS_derived,t0 = RS reclamation-onset proxy from NDVI trough; pre2000=left-censored; state_only=undatable in 2000-24 window,no_aml_match
MINE_US_00574,-107.505479,32.959583,2.2597,,,2002,0.107,0.183,0.076,0.00176,degraded,state_only_no_t0,regimeB_v0_RS_t0,RS_derived,t0 = RS reclamation-onset proxy from NDVI trough; pre2000=left-censored; state_only=undatable in 2000-24 window,no_aml_match
MINE_US_00575,-86.813535,33.217043,2.2548,,,2018,0.391,0.409,0.017,-0.00018,early_restoration,state_only_no_t0,regimeB_v0_RS_t0,RS_derived,t0 = RS reclamation-onset proxy from NDVI trough; pre2000=left-censored; state_only=undatable in 2000-24 window,no_aml_match
MINE_US_00576,-86.985056,37.262934,2.2524,,,2015,0.307,0.333,0.025,-0.00259,early_restoration,state_only_no_t0,regimeB_v0_RS_t0,RS_derived,t0 = RS reclamation-onset proxy from NDVI trough; pre2000=left-censored; state_only=undatable in 2000-24 window,no_aml_match
MINE_US_00577,-88.128062,37.478358,2.2494,,,2011,0.29,0.385,0.095,0.00304,early_restoration,state_only_no_t0,regimeB_v0_RS_t0,RS_derived,t0 = RS reclamation-onset proxy from NDVI trough; pre2000=left-censored; state_only=undatable in 2000-24 window,no_aml_match
MINE_US_00578,-96.69149,31.093171,2.2474,,,2000,0.27,0.298,0.027,-2e-05,early_restoration,state_only_no_t0,regimeB_v0_RS_t0,RS_derived,t0 = RS reclamation-onset proxy from NDVI trough; pre2000=left-censored; state_only=undatable in 2000-24 window,no_aml_match
MINE_US_00579,-93.507662,31.931683,2.2427,2016,8,2016,0.292,0.556,0.263,-0.01707,stable_restoration,rs_t0,regimeB_v0_RS_t0,RS_derived,t0 = RS reclamation-onset proxy from NDVI trough; pre2000=left-censored; state_only=undatable in 2000-24 window,no_aml_match
MINE_US_00580,-108.587076,38.290718,2.2294,2012,12,2012,0.193,0.33,0.137,0.00121,early_restoration,rs_t0,regimeB_v0_RS_t0,RS_derived,t0 = RS reclamation-onset proxy from NDVI trough; pre2000=left-censored; state_only=undatable in 2000-24 window,no_aml_match
MINE_US_00581,-116.434913,40.945203,2.228,,,2011,0.101,0.15,0.049,0.00139,degraded,state_only_no_t0,regimeB_v0_RS_t0,RS_derived,t0 = RS reclamation-onset proxy from NDVI trough; pre2000=left-censored; state_only=undatable in 2000-24 window,no_aml_match
MINE_US_00582,-81.410019,37.373444,2.2271,2019,5,2019,0.396,0.527,0.131,-0.02199,stable_restoration,rs_t0,regimeB_v0_RS_t0,RS_derived,t0 = RS reclamation-onset proxy from NDVI trough; pre2000=left-censored; state_only=undatable in 2000-24 window,no_aml_match
MINE_US_00583,-83.425813,36.78514,2.2241,2016,8,2016,0.486,0.645,0.159,-0.01667,stable_restoration,rs_t0,regimeB_v0_RS_t0,RS_derived,t0 = RS reclamation-onset proxy from NDVI trough; pre2000=left-censored; state_only=undatable in 2000-24 window,no_aml_match
MINE_US_00584,-116.48679,40.183284,2.2191,,,2000,0.132,0.17,0.038,0.00129,degraded,state_only_no_t0,regimeB_v0_RS_t0,RS_derived,t0 = RS reclamation-onset proxy from NDVI trough; pre2000=left-censored; state_only=undatable in 2000-24 window,no_aml_match
MINE_US_00585,-83.523257,37.281922,2.2096,2012,12,2012,0.472,0.699,0.226,-0.00898,stable_restoration,rs_t0,regimeB_v0_RS_t0,RS_derived,t0 = RS reclamation-onset proxy from NDVI trough; pre2000=left-censored; state_only=undatable in 2000-24 window,no_aml_match
MINE_US_00586,-100.457226,28.813757,2.2079,2017,7,2017,0.186,0.324,0.138,-0.00401,early_restoration,rs_t0,regimeB_v0_RS_t0,RS_derived,t0 = RS reclamation-onset proxy from NDVI trough; pre2000=left-censored; state_only=undatable in 2000-24 window,no_aml_match
MINE_US_00587,-79.716112,35.20801,2.2037,,,2023,0.328,0.329,0.002,-0.00503,early_restoration,state_only_no_t0,regimeB_v0_RS_t0,RS_derived,t0 = RS reclamation-onset proxy from NDVI trough; pre2000=left-censored; state_only=undatable in 2000-24 window,no_aml_match
MINE_US_00588,-82.34116,36.92452,2.2032,2015,9,2015,0.474,0.59,0.115,-0.01203,stable_restoration,rs_t0,regimeB_v0_RS_t0,RS_derived,t0 = RS reclamation-onset proxy from NDVI trough; pre2000=left-censored; state_only=undatable in 2000-24 window,no_aml_match
MINE_US_00589,-104.897978,36.798163,2.1994,,,2001,0.195,0.307,0.112,0.00312,early_restoration,state_only_no_t0,regimeB_v0_RS_t0,RS_derived,t0 = RS reclamation-onset proxy from NDVI trough; pre2000=left-censored; state_only=undatable in 2000-24 window,no_aml_match
MINE_US_00590,-114.487212,37.907723,2.1958,,,2002,0.133,0.19,0.057,0.00215,degraded,state_only_no_t0,regimeB_v0_RS_t0,RS_derived,t0 = RS reclamation-onset proxy from NDVI trough; pre2000=left-censored; state_only=undatable in 2000-24 window,no_aml_match
MINE_US_00591,-115.622985,39.946829,2.193,,,2002,0.097,0.132,0.036,0.0015,degraded,state_only_no_t0,regimeB_v0_RS_t0,RS_derived,t0 = RS reclamation-onset proxy from NDVI trough; pre2000=left-censored; state_only=undatable in 2000-24 window,no_aml_match
MINE_US_00592,-81.336189,38.194111,2.1911,pre2000,,2015,0.528,0.555,0.027,-0.00366,stable_restoration,censored_pre2000,regimeB_v0_RS_t0,RS_derived,t0 = RS reclamation-onset proxy from NDVI trough; pre2000=left-censored; state_only=undatable in 2000-24 window,no_aml_match
MINE_US_00593,-116.849951,38.958388,2.189,,,2001,0.125,0.174,0.049,0.00219,degraded,state_only_no_t0,regimeB_v0_RS_t0,RS_derived,t0 = RS reclamation-onset proxy from NDVI trough; pre2000=left-censored; state_only=undatable in 2000-24 window,no_aml_match
MINE_US_00594,-108.694172,41.571959,2.1883,,,2001,0.101,0.174,0.073,0.0028,degraded,state_only_no_t0,regimeB_v0_RS_t0,RS_derived,t0 = RS reclamation-onset proxy from NDVI trough; pre2000=left-censored; state_only=undatable in 2000-24 window,no_aml_match
MINE_US_00595,-82.71159,36.929004,2.1836,pre2000,,2018,0.592,0.683,0.091,-0.00519,stable_restoration,censored_pre2000,regimeB_v0_RS_t0,RS_derived,t0 = RS reclamation-onset proxy from NDVI trough; pre2000=left-censored; state_only=undatable in 2000-24 window,no_aml_match
MINE_US_00596,-81.853783,37.895747,2.1816,2013,11,2013,0.497,0.728,0.232,-5e-05,stable_restoration,rs_t0,regimeB_v0_RS_t0,RS_derived,t0 = RS reclamation-onset proxy from NDVI trough; pre2000=left-censored; state_only=undatable in 2000-24 window,no_aml_match
MINE_US_00597,-110.066932,32.099942,2.1782,,,2010,0.072,0.1,0.027,0.00088,degraded,state_only_no_t0,regimeB_v0_RS_t0,RS_derived,t0 = RS reclamation-onset proxy from NDVI trough; pre2000=left-censored; state_only=undatable in 2000-24 window,no_aml_match
MINE_US_00598,-81.378512,39.82121,2.1671,2015,9,2015,0.569,0.703,0.134,-0.00916,stable_restoration,rs_t0,regimeB_v0_RS_t0,RS_derived,t0 = RS reclamation-onset proxy from NDVI trough; pre2000=left-censored; state_only=undatable in 2000-24 window,no_aml_match
MINE_US_00599,-80.453412,40.632831,2.1627,,,2007,0.348,0.441,0.093,0.00271,early_restoration,state_only_no_t0,regimeB_v0_RS_t0,RS_derived,t0 = RS reclamation-onset proxy from NDVI trough; pre2000=left-censored; state_only=undatable in 2000-24 window,no_aml_match
MINE_US_00600,-83.275141,37.359902,2.161,pre2000,,2001,0.461,0.627,0.166,0.00648,stable_restoration,censored_pre2000,regimeB_v0_RS_t0,RS_derived,t0 = RS reclamation-onset proxy from NDVI trough; pre2000=left-censored; state_only=undatable in 2000-24 window,no_aml_match
MINE_US_00601,-90.332726,38.178888,2.1587,,,2019,0.331,0.345,0.015,-0.00179,early_restoration,state_only_no_t0,regimeB_v0_RS_t0,RS_derived,t0 = RS reclamation-onset proxy from NDVI trough; pre2000=left-censored; state_only=undatable in 2000-24 window,no_aml_match
MINE_US_00602,-87.661208,34.128351,2.1526,2012,12,2012,0.498,0.676,0.178,-0.00328,stable_restoration,rs_t0,regimeB_v0_RS_t0,RS_derived,t0 = RS reclamation-onset proxy from NDVI trough; pre2000=left-censored; state_only=undatable in 2000-24 window,no_aml_match
MINE_US_00603,-113.072885,38.44932,2.1459,,,2001,0.081,0.106,0.025,0.0006,degraded,state_only_no_t0,regimeB_v0_RS_t0,RS_derived,t0 = RS reclamation-onset proxy from NDVI trough; pre2000=left-censored; state_only=undatable in 2000-24 window,no_aml_match
MINE_US_00604,-81.767981,37.631075,2.1436,2007,17,2007,0.471,0.769,0.298,-0.00308,stable_restoration,rs_t0,regimeB_v0_RS_t0,RS_derived,t0 = RS reclamation-onset proxy from NDVI trough; pre2000=left-censored; state_only=undatable in 2000-24 window,no_aml_match
MINE_US_00605,-78.942782,40.006444,2.1428,2012,12,2012,0.307,0.449,0.143,-0.0064,early_restoration,rs_t0,regimeB_v0_RS_t0,RS_derived,t0 = RS reclamation-onset proxy from NDVI trough; pre2000=left-censored; state_only=undatable in 2000-24 window,aml_listed_not_complete
MINE_US_00606,-116.814375,36.873998,2.1418,,,2007,0.067,0.106,0.039,0.00049,degraded,state_only_no_t0,regimeB_v0_RS_t0,RS_derived,t0 = RS reclamation-onset proxy from NDVI trough; pre2000=left-censored; state_only=undatable in 2000-24 window,no_aml_match
MINE_US_00607,-110.720463,31.461284,2.1283,,,2006,0.283,0.309,0.026,-0.00157,early_restoration,state_only_no_t0,regimeB_v0_RS_t0,RS_derived,t0 = RS reclamation-onset proxy from NDVI trough; pre2000=left-censored; state_only=undatable in 2000-24 window,no_aml_match
MINE_US_00608,-90.075908,37.97114,2.1258,,,2006,0.378,0.453,0.075,0.00289,early_restoration,state_only_no_t0,regimeB_v0_RS_t0,RS_derived,t0 = RS reclamation-onset proxy from NDVI trough; pre2000=left-censored; state_only=undatable in 2000-24 window,no_aml_match
MINE_US_00609,-87.102302,33.595635,2.1235,2013,11,2013,0.447,0.621,0.174,-0.00661,stable_restoration,rs_t0,regimeB_v0_RS_t0,RS_derived,t0 = RS reclamation-onset proxy from NDVI trough; pre2000=left-censored; state_only=undatable in 2000-24 window,no_aml_match
MINE_US_00610,-81.013573,40.211682,2.1229,2015,9,2015,0.318,0.613,0.295,-0.00979,stable_restoration,rs_t0,regimeB_v0_RS_t0,RS_derived,t0 = RS reclamation-onset proxy from NDVI trough; pre2000=left-censored; state_only=undatable in 2000-24 window,no_aml_match
MINE_US_00611,-116.428002,34.746749,2.12,,,2007,0.04,0.06,0.02,0.00085,degraded,state_only_no_t0,regimeB_v0_RS_t0,RS_derived,t0 = RS reclamation-onset proxy from NDVI trough; pre2000=left-censored; state_only=undatable in 2000-24 window,no_aml_match
MINE_US_00612,-118.234078,40.506066,2.1179,,,2012,0.055,0.122,0.067,-0.00087,degraded,state_only_no_t0,regimeB_v0_RS_t0,RS_derived,t0 = RS reclamation-onset proxy from NDVI trough; pre2000=left-censored; state_only=undatable in 2000-24 window,no_aml_match
MINE_US_00613,-80.317321,34.751118,2.1159,,,2021,0.292,0.297,0.005,-0.00821,early_restoration,state_only_no_t0,regimeB_v0_RS_t0,RS_derived,t0 = RS reclamation-onset proxy from NDVI trough; pre2000=left-censored; state_only=undatable in 2000-24 window,no_aml_match
MINE_US_00614,-97.857062,30.044793,2.1151,,,2013,0.092,0.186,0.094,-0.00202,degraded,state_only_no_t0,regimeB_v0_RS_t0,RS_derived,t0 = RS reclamation-onset proxy from NDVI trough; pre2000=left-censored; state_only=undatable in 2000-24 window,no_aml_match
MINE_US_00615,-82.257357,37.02624,2.113,2007,17,2007,0.55,0.788,0.238,0.00168,stable_restoration,rs_t0,regimeB_v0_RS_t0,RS_derived,t0 = RS reclamation-onset proxy from NDVI trough; pre2000=left-censored; state_only=undatable in 2000-24 window,no_aml_match
MINE_US_00616,-87.346791,37.268965,2.1104,2009,15,2009,0.359,0.801,0.442,0.00407,stable_restoration,rs_t0,regimeB_v0_RS_t0,RS_derived,t0 = RS reclamation-onset proxy from NDVI trough; pre2000=left-censored; state_only=undatable in 2000-24 window,no_aml_match
MINE_US_00617,-106.108266,31.841914,2.106,,,2011,0.093,0.116,0.023,0.00056,degraded,state_only_no_t0,regimeB_v0_RS_t0,RS_derived,t0 = RS reclamation-onset proxy from NDVI trough; pre2000=left-censored; state_only=undatable in 2000-24 window,no_aml_match
MINE_US_00618,-87.359821,39.210011,2.1032,2010,14,2010,0.265,0.57,0.306,-0.00701,stable_restoration,rs_t0,regimeB_v0_RS_t0,RS_derived,t0 = RS reclamation-onset proxy from NDVI trough; pre2000=left-censored; state_only=undatable in 2000-24 window,no_aml_match
MINE_US_00619,-80.327956,39.402811,2.1031,pre2000,,2024,0.507,0.526,0.02,-0.00397,stable_restoration,censored_pre2000,regimeB_v0_RS_t0,RS_derived,t0 = RS reclamation-onset proxy from NDVI trough; pre2000=left-censored; state_only=undatable in 2000-24 window,no_aml_match
MINE_US_00620,-81.424178,40.678235,2.0996,2008,16,2008,0.357,0.496,0.139,0.00238,early_restoration,rs_t0,regimeB_v0_RS_t0,RS_derived,t0 = RS reclamation-onset proxy from NDVI trough; pre2000=left-censored; state_only=undatable in 2000-24 window,no_aml_match
MINE_US_00621,-88.767611,38.026636,2.0725,2016,8,2016,0.325,0.472,0.147,-0.01094,early_restoration,rs_t0,regimeB_v0_RS_t0,RS_derived,t0 = RS reclamation-onset proxy from NDVI trough; pre2000=left-censored; state_only=undatable in 2000-24 window,no_aml_match
MINE_US_00622,-116.121309,40.732065,2.0709,,,2001,0.11,0.147,0.037,0.0012,degraded,state_only_no_t0,regimeB_v0_RS_t0,RS_derived,t0 = RS reclamation-onset proxy from NDVI trough; pre2000=left-censored; state_only=undatable in 2000-24 window,no_aml_match
MINE_US_00623,-81.522052,40.499096,2.0688,,,2024,0.376,0.387,0.012,-0.00137,early_restoration,state_only_no_t0,regimeB_v0_RS_t0,RS_derived,t0 = RS reclamation-onset proxy from NDVI trough; pre2000=left-censored; state_only=undatable in 2000-24 window,no_aml_match
MINE_US_00624,-107.862447,35.241307,2.0671,,,2005,0.066,0.135,0.069,0.00255,degraded,state_only_no_t0,regimeB_v0_RS_t0,RS_derived,t0 = RS reclamation-onset proxy from NDVI trough; pre2000=left-censored; state_only=undatable in 2000-24 window,no_aml_match
MINE_US_00625,-115.005379,33.024656,2.0665,,,2001,0.044,0.062,0.018,0.00083,degraded,state_only_no_t0,regimeB_v0_RS_t0,RS_derived,t0 = RS reclamation-onset proxy from NDVI trough; pre2000=left-censored; state_only=undatable in 2000-24 window,no_aml_match
MINE_US_00626,-79.965169,39.707966,2.0655,pre2000,,2009,0.516,0.58,0.064,-0.00653,stable_restoration,censored_pre2000,regimeB_v0_RS_t0,RS_derived,t0 = RS reclamation-onset proxy from NDVI trough; pre2000=left-censored; state_only=undatable in 2000-24 window,no_aml_match
MINE_US_00627,-90.576014,38.496203,2.0573,,,2006,0.353,0.389,0.036,-0.00077,early_restoration,state_only_no_t0,regimeB_v0_RS_t0,RS_derived,t0 = RS reclamation-onset proxy from NDVI trough; pre2000=left-censored; state_only=undatable in 2000-24 window,no_aml_match
MINE_US_00628,-112.114769,33.412755,2.055,,,2011,0.049,0.083,0.034,0.00088,degraded,state_only_no_t0,regimeB_v0_RS_t0,RS_derived,t0 = RS reclamation-onset proxy from NDVI trough; pre2000=left-censored; state_only=undatable in 2000-24 window,no_aml_match
MINE_US_00629,-87.770068,37.434257,2.0492,2011,13,2011,0.364,0.592,0.228,-0.00036,stable_restoration,rs_t0,regimeB_v0_RS_t0,RS_derived,t0 = RS reclamation-onset proxy from NDVI trough; pre2000=left-censored; state_only=undatable in 2000-24 window,no_aml_match
MINE_US_00630,-97.896795,30.066535,2.0392,2013,11,2013,0.141,0.276,0.135,0.00013,early_restoration,rs_t0,regimeB_v0_RS_t0,RS_derived,t0 = RS reclamation-onset proxy from NDVI trough; pre2000=left-censored; state_only=undatable in 2000-24 window,no_aml_match
MINE_US_00631,-105.228227,38.395779,2.0388,,,2001,0.112,0.237,0.125,0.00666,early_restoration,state_only_no_t0,regimeB_v0_RS_t0,RS_derived,t0 = RS reclamation-onset proxy from NDVI trough; pre2000=left-censored; state_only=undatable in 2000-24 window,no_aml_match
MINE_US_00632,-115.675041,39.175408,2.0362,,,2003,0.107,0.143,0.036,0.00133,degraded,state_only_no_t0,regimeB_v0_RS_t0,RS_derived,t0 = RS reclamation-onset proxy from NDVI trough; pre2000=left-censored; state_only=undatable in 2000-24 window,no_aml_match
MINE_US_00633,-80.479641,38.129713,2.0353,2014,10,2014,0.419,0.577,0.158,-0.01816,stable_restoration,rs_t0,regimeB_v0_RS_t0,RS_derived,t0 = RS reclamation-onset proxy from NDVI trough; pre2000=left-censored; state_only=undatable in 2000-24 window,no_aml_match
MINE_US_00634,-76.244305,40.709975,2.0327,pre2000,,2000,0.466,0.577,0.111,0.00319,stable_restoration,censored_pre2000,regimeB_v0_RS_t0,RS_derived,t0 = RS reclamation-onset proxy from NDVI trough; pre2000=left-censored; state_only=undatable in 2000-24 window,aml_listed_not_complete
MINE_US_00635,-79.202151,40.517737,2.0308,pre2000,,2014,0.44,0.523,0.083,-0.0008,stable_restoration,censored_pre2000,regimeB_v0_RS_t0,RS_derived,t0 = RS reclamation-onset proxy from NDVI trough; pre2000=left-censored; state_only=undatable in 2000-24 window,aml_listed_not_complete
MINE_US_00636,-87.366673,39.282599,2.0302,2009,15,2009,0.329,0.485,0.155,-0.00648,relapse_degradation,rs_t0,regimeB_v0_RS_t0,RS_derived,t0 = RS reclamation-onset proxy from NDVI trough; pre2000=left-censored; state_only=undatable in 2000-24 window,no_aml_match
MINE_US_00637,-87.50307,37.640817,2.0235,,,2011,0.372,0.469,0.097,0.00187,early_restoration,state_only_no_t0,regimeB_v0_RS_t0,RS_derived,t0 = RS reclamation-onset proxy from NDVI trough; pre2000=left-censored; state_only=undatable in 2000-24 window,no_aml_match
MINE_US_00638,-96.464101,31.284935,2.0217,,,2016,0.237,0.321,0.084,-0.01921,early_restoration,state_only_no_t0,regimeB_v0_RS_t0,RS_derived,t0 = RS reclamation-onset proxy from NDVI trough; pre2000=left-censored; state_only=undatable in 2000-24 window,no_aml_match
MINE_US_00639,-82.661946,37.759905,2.0215,pre2000,,2004,0.544,0.633,0.088,0.00428,stable_restoration,censored_pre2000,regimeB_v0_RS_t0,RS_derived,t0 = RS reclamation-onset proxy from NDVI trough; pre2000=left-censored; state_only=undatable in 2000-24 window,no_aml_match
MINE_US_00640,-118.132961,38.589805,2.0212,,,2003,0.065,0.089,0.024,0.00053,degraded,state_only_no_t0,regimeB_v0_RS_t0,RS_derived,t0 = RS reclamation-onset proxy from NDVI trough; pre2000=left-censored; state_only=undatable in 2000-24 window,no_aml_match
MINE_US_00641,-115.858107,48.317996,2.0186,,,2007,0.222,0.376,0.154,0.00457,early_restoration,state_only_no_t0,regimeB_v0_RS_t0,RS_derived,t0 = RS reclamation-onset proxy from NDVI trough; pre2000=left-censored; state_only=undatable in 2000-24 window,no_aml_match
MINE_US_00642,-113.199256,39.704476,2.0158,,,2001,0.059,0.097,0.039,0.00156,degraded,state_only_no_t0,regimeB_v0_RS_t0,RS_derived,t0 = RS reclamation-onset proxy from NDVI trough; pre2000=left-censored; state_only=undatable in 2000-24 window,no_aml_match
MINE_US_00643,-112.635883,34.30168,2.0126,,,2006,0.155,0.24,0.085,0.00318,early_restoration,state_only_no_t0,regimeB_v0_RS_t0,RS_derived,t0 = RS reclamation-onset proxy from NDVI trough; pre2000=left-censored; state_only=undatable in 2000-24 window,no_aml_match
MINE_US_00644,-81.915977,37.734867,2.0101,2007,17,2007,0.345,0.768,0.423,0.00438,stable_restoration,rs_t0,regimeB_v0_RS_t0,RS_derived,t0 = RS reclamation-onset proxy from NDVI trough; pre2000=left-censored; state_only=undatable in 2000-24 window,no_aml_match
MINE_US_00645,-97.056041,30.547097,2.0079,2004,20,2004,0.223,0.35,0.127,-0.00102,early_restoration,rs_t0,regimeB_v0_RS_t0,RS_derived,t0 = RS reclamation-onset proxy from NDVI trough; pre2000=left-censored; state_only=undatable in 2000-24 window,no_aml_match
MINE_US_00646,-79.450966,39.261901,2.0004,pre2000,,2009,0.51,0.585,0.075,-0.00077,stable_restoration,censored_pre2000,regimeB_v0_RS_t0,RS_derived,t0 = RS reclamation-onset proxy from NDVI trough; pre2000=left-censored; state_only=undatable in 2000-24 window,no_aml_match
MINE_US_00647,-80.934798,40.333957,1.997,pre2000,,2015,0.468,0.558,0.09,-0.01473,stable_restoration,censored_pre2000,regimeB_v0_RS_t0,RS_derived,t0 = RS reclamation-onset proxy from NDVI trough; pre2000=left-censored; state_only=undatable in 2000-24 window,no_aml_match
MINE_US_00648,-108.46866,36.626503,1.9916,,,2011,0.064,0.183,0.12,0.00396,degraded,state_only_no_t0,regimeB_v0_RS_t0,RS_derived,t0 = RS reclamation-onset proxy from NDVI trough; pre2000=left-censored; state_only=undatable in 2000-24 window,no_aml_match
MINE_US_00649,-94.393817,32.446793,1.9916,2019,5,2019,0.284,0.508,0.223,-0.01462,stable_restoration,rs_t0,regimeB_v0_RS_t0,RS_derived,t0 = RS reclamation-onset proxy from NDVI trough; pre2000=left-censored; state_only=undatable in 2000-24 window,no_aml_match
MINE_US_00650,-110.385679,36.447035,1.9916,,,2002,0.094,0.189,0.094,0.00329,degraded,state_only_no_t0,regimeB_v0_RS_t0,RS_derived,t0 = RS reclamation-onset proxy from NDVI trough; pre2000=left-censored; state_only=undatable in 2000-24 window,no_aml_match
MINE_US_00651,-82.874191,30.400821,1.991,2008,16,2008,0.305,0.71,0.405,0.00117,stable_restoration,rs_t0,regimeB_v0_RS_t0,RS_derived,t0 = RS reclamation-onset proxy from NDVI trough; pre2000=left-censored; state_only=undatable in 2000-24 window,no_aml_match
MINE_US_00652,-87.032617,33.451723,1.9907,,,2021,0.369,0.404,0.036,-0.00308,early_restoration,state_only_no_t0,regimeB_v0_RS_t0,RS_derived,t0 = RS reclamation-onset proxy from NDVI trough; pre2000=left-censored; state_only=undatable in 2000-24 window,no_aml_match
MINE_US_00653,-106.547193,45.86523,1.984,,,2020,0.058,0.069,0.011,-0.00079,degraded,state_only_no_t0,regimeB_v0_RS_t0,RS_derived,t0 = RS reclamation-onset proxy from NDVI trough; pre2000=left-censored; state_only=undatable in 2000-24 window,no_aml_match
MINE_US_00654,-116.727763,40.638094,1.9695,,,2012,0.098,0.13,0.032,0.00118,degraded,state_only_no_t0,regimeB_v0_RS_t0,RS_derived,t0 = RS reclamation-onset proxy from NDVI trough; pre2000=left-censored; state_only=undatable in 2000-24 window,no_aml_match
MINE_US_00655,-106.680109,45.868976,1.9643,,,2003,0.153,0.236,0.083,0.00262,early_restoration,state_only_no_t0,regimeB_v0_RS_t0,RS_derived,t0 = RS reclamation-onset proxy from NDVI trough; pre2000=left-censored; state_only=undatable in 2000-24 window,no_aml_match
MINE_US_00656,-87.112919,37.34099,1.962,2016,8,2016,0.261,0.463,0.202,-0.02344,early_restoration,rs_t0,regimeB_v0_RS_t0,RS_derived,t0 = RS reclamation-onset proxy from NDVI trough; pre2000=left-censored; state_only=undatable in 2000-24 window,no_aml_match
MINE_US_00657,-87.310692,33.2832,1.9591,,,2000,0.312,0.414,0.102,0.00315,early_restoration,state_only_no_t0,regimeB_v0_RS_t0,RS_derived,t0 = RS reclamation-onset proxy from NDVI trough; pre2000=left-censored; state_only=undatable in 2000-24 window,no_aml_match
MINE_US_00658,-87.192933,33.650599,1.9515,,,2015,0.363,0.454,0.091,-0.00475,early_restoration,state_only_no_t0,regimeB_v0_RS_t0,RS_derived,t0 = RS reclamation-onset proxy from NDVI trough; pre2000=left-censored; state_only=undatable in 2000-24 window,no_aml_match
MINE_US_00659,-93.56677,32.031388,1.9298,pre2000,,2000,0.46,0.54,0.08,0.00328,stable_restoration,censored_pre2000,regimeB_v0_RS_t0,RS_derived,t0 = RS reclamation-onset proxy from NDVI trough; pre2000=left-censored; state_only=undatable in 2000-24 window,no_aml_match
MINE_US_00660,-80.148935,39.801277,1.925,pre2000,,2011,0.495,0.561,0.066,-0.00212,stable_restoration,censored_pre2000,regimeB_v0_RS_t0,RS_derived,t0 = RS reclamation-onset proxy from NDVI trough; pre2000=left-censored; state_only=undatable in 2000-24 window,no_aml_match
MINE_US_00661,-107.573857,35.519437,1.9234,,,2007,0.074,0.1,0.026,0.00093,degraded,state_only_no_t0,regimeB_v0_RS_t0,RS_derived,t0 = RS reclamation-onset proxy from NDVI trough; pre2000=left-censored; state_only=undatable in 2000-24 window,no_aml_match
MINE_US_00662,-103.953789,43.471811,1.9225,,,2005,0.177,0.265,0.088,0.00457,early_restoration,state_only_no_t0,regimeB_v0_RS_t0,RS_derived,t0 = RS reclamation-onset proxy from NDVI trough; pre2000=left-censored; state_only=undatable in 2000-24 window,no_aml_match
MINE_US_00663,-86.978472,37.246943,1.9167,,,2000,0.419,0.478,0.058,0.00052,early_restoration,state_only_no_t0,regimeB_v0_RS_t0,RS_derived,t0 = RS reclamation-onset proxy from NDVI trough; pre2000=left-censored; state_only=undatable in 2000-24 window,no_aml_match
MINE_US_00664,-116.819622,36.893863,1.9167,,,2003,0.059,0.085,0.026,0.0009,degraded,state_only_no_t0,regimeB_v0_RS_t0,RS_derived,t0 = RS reclamation-onset proxy from NDVI trough; pre2000=left-censored; state_only=undatable in 2000-24 window,no_aml_match
MINE_US_00665,-87.071283,33.357895,1.914,2012,12,2012,0.275,0.543,0.267,-0.01666,stable_restoration,rs_t0,regimeB_v0_RS_t0,RS_derived,t0 = RS reclamation-onset proxy from NDVI trough; pre2000=left-censored; state_only=undatable in 2000-24 window,no_aml_match
MINE_US_00666,-86.35493,33.13786,1.9126,,,2019,0.181,0.196,0.015,-0.03141,degraded,state_only_no_t0,regimeB_v0_RS_t0,RS_derived,t0 = RS reclamation-onset proxy from NDVI trough; pre2000=left-censored; state_only=undatable in 2000-24 window,no_aml_match
MINE_US_00667,-82.685262,36.976801,1.9124,2012,12,2012,0.372,0.73,0.357,-0.00746,stable_restoration,rs_t0,regimeB_v0_RS_t0,RS_derived,t0 = RS reclamation-onset proxy from NDVI trough; pre2000=left-censored; state_only=undatable in 2000-24 window,no_aml_match
MINE_US_00668,-76.37331,40.676236,1.9096,pre2000,,2011,0.516,0.651,0.135,0.00485,stable_restoration,censored_pre2000,regimeB_v0_RS_t0,RS_derived,t0 = RS reclamation-onset proxy from NDVI trough; pre2000=left-censored; state_only=undatable in 2000-24 window,reclamation_complete
MINE_US_00669,-118.730429,40.289194,1.9045,,,2000,0.016,0.065,0.049,0.00185,degraded,state_only_no_t0,regimeB_v0_RS_t0,RS_derived,t0 = RS reclamation-onset proxy from NDVI trough; pre2000=left-censored; state_only=undatable in 2000-24 window,no_aml_match
MINE_US_00670,-82.424394,39.152708,1.9036,2014,10,2014,0.469,0.611,0.142,-0.0008,stable_restoration,rs_t0,regimeB_v0_RS_t0,RS_derived,t0 = RS reclamation-onset proxy from NDVI trough; pre2000=left-censored; state_only=undatable in 2000-24 window,no_aml_match
MINE_US_00671,-118.198042,44.735239,1.9007,,,2000,0.358,0.467,0.109,0.00447,early_restoration,state_only_no_t0,regimeB_v0_RS_t0,RS_derived,t0 = RS reclamation-onset proxy from NDVI trough; pre2000=left-censored; state_only=undatable in 2000-24 window,no_aml_match
MINE_US_00672,-112.123603,34.756657,1.8986,,,2003,0.125,0.194,0.069,0.00274,degraded,state_only_no_t0,regimeB_v0_RS_t0,RS_derived,t0 = RS reclamation-onset proxy from NDVI trough; pre2000=left-censored; state_only=undatable in 2000-24 window,no_aml_match
MINE_US_00673,-116.852634,34.35037,1.8985,,,2003,0.045,0.067,0.022,0.00074,degraded,state_only_no_t0,regimeB_v0_RS_t0,RS_derived,t0 = RS reclamation-onset proxy from NDVI trough; pre2000=left-censored; state_only=undatable in 2000-24 window,no_aml_match
MINE_US_00674,-119.524148,39.342566,1.8902,,,2000,0.089,0.139,0.05,0.00183,degraded,state_only_no_t0,regimeB_v0_RS_t0,RS_derived,t0 = RS reclamation-onset proxy from NDVI trough; pre2000=left-censored; state_only=undatable in 2000-24 window,no_aml_match
MINE_US_00675,-81.241169,38.1959,1.8822,2008,16,2008,0.567,0.695,0.128,-0.00412,stable_restoration,rs_t0,regimeB_v0_RS_t0,RS_derived,t0 = RS reclamation-onset proxy from NDVI trough; pre2000=left-censored; state_only=undatable in 2000-24 window,no_aml_match
MINE_US_00676,-78.788137,40.124848,1.8789,pre2000,,2000,0.424,0.569,0.146,0.00819,stable_restoration,censored_pre2000,regimeB_v0_RS_t0,RS_derived,t0 = RS reclamation-onset proxy from NDVI trough; pre2000=left-censored; state_only=undatable in 2000-24 window,aml_listed_not_complete
MINE_US_00677,-81.471537,38.219578,1.8787,2011,13,2011,0.448,0.788,0.34,-0.00078,stable_restoration,rs_t0,regimeB_v0_RS_t0,RS_derived,t0 = RS reclamation-onset proxy from NDVI trough; pre2000=left-censored; state_only=undatable in 2000-24 window,no_aml_match
MINE_US_00678,-118.284023,34.96067,1.8778,,,2003,0.051,0.118,0.067,0.00195,degraded,state_only_no_t0,regimeB_v0_RS_t0,RS_derived,t0 = RS reclamation-onset proxy from NDVI trough; pre2000=left-censored; state_only=undatable in 2000-24 window,no_aml_match
MINE_US_00679,-82.128337,39.793702,1.8777,2016,8,2016,0.447,0.724,0.277,-0.01217,stable_restoration,rs_t0,regimeB_v0_RS_t0,RS_derived,t0 = RS reclamation-onset proxy from NDVI trough; pre2000=left-censored; state_only=undatable in 2000-24 window,no_aml_match
MINE_US_00680,-114.937951,35.915195,1.8707,,,2007,0.05,0.068,0.018,0.00071,degraded,state_only_no_t0,regimeB_v0_RS_t0,RS_derived,t0 = RS reclamation-onset proxy from NDVI trough; pre2000=left-censored; state_only=undatable in 2000-24 window,no_aml_match
MINE_US_00681,-86.260631,38.061327,1.8672,,,2017,0.388,0.39,0.003,-0.00591,early_restoration,state_only_no_t0,regimeB_v0_RS_t0,RS_derived,t0 = RS reclamation-onset proxy from NDVI trough; pre2000=left-censored; state_only=undatable in 2000-24 window,no_aml_match
MINE_US_00682,-81.473479,37.991013,1.8668,2014,10,2014,0.405,0.644,0.239,-0.00705,stable_restoration,rs_t0,regimeB_v0_RS_t0,RS_derived,t0 = RS reclamation-onset proxy from NDVI trough; pre2000=left-censored; state_only=undatable in 2000-24 window,no_aml_match
MINE_US_00683,-115.751887,39.306395,1.865,,,2014,0.093,0.112,0.02,-0.00028,degraded,state_only_no_t0,regimeB_v0_RS_t0,RS_derived,t0 = RS reclamation-onset proxy from NDVI trough; pre2000=left-censored; state_only=undatable in 2000-24 window,no_aml_match
MINE_US_00684,-82.28355,37.892093,1.8648,2012,12,2012,0.457,0.682,0.226,-0.00842,stable_restoration,rs_t0,regimeB_v0_RS_t0,RS_derived,t0 = RS reclamation-onset proxy from NDVI trough; pre2000=left-censored; state_only=undatable in 2000-24 window,no_aml_match
MINE_US_00685,-77.576027,36.89577,1.8557,2006,18,2006,0.401,0.587,0.186,-9e-05,stable_restoration,rs_t0,regimeB_v0_RS_t0,RS_derived,t0 = RS reclamation-onset proxy from NDVI trough; pre2000=left-censored; state_only=undatable in 2000-24 window,no_aml_match
MINE_US_00686,-95.075257,33.129618,1.8489,2014,10,2014,0.404,0.626,0.222,-0.00095,stable_restoration,rs_t0,regimeB_v0_RS_t0,RS_derived,t0 = RS reclamation-onset proxy from NDVI trough; pre2000=left-censored; state_only=undatable in 2000-24 window,no_aml_match
MINE_US_00687,-101.707267,47.383148,1.8468,2016,8,2016,0.228,0.397,0.169,0.00135,early_restoration,rs_t0,regimeB_v0_RS_t0,RS_derived,t0 = RS reclamation-onset proxy from NDVI trough; pre2000=left-censored; state_only=undatable in 2000-24 window,no_aml_match
MINE_US_00688,-75.992044,40.877419,1.8429,pre2000,,2000,0.481,0.624,0.143,0.00579,stable_restoration,censored_pre2000,regimeB_v0_RS_t0,RS_derived,t0 = RS reclamation-onset proxy from NDVI trough; pre2000=left-censored; state_only=undatable in 2000-24 window,aml_listed_not_complete
MINE_US_00689,-108.431828,35.490519,1.8418,,,2013,0.048,0.16,0.112,0.00178,degraded,state_only_no_t0,regimeB_v0_RS_t0,RS_derived,t0 = RS reclamation-onset proxy from NDVI trough; pre2000=left-censored; state_only=undatable in 2000-24 window,no_aml_match
MINE_US_00690,-114.786086,32.857857,1.8257,,,2003,0.029,0.057,0.027,0.00137,degraded,state_only_no_t0,regimeB_v0_RS_t0,RS_derived,t0 = RS reclamation-onset proxy from NDVI trough; pre2000=left-censored; state_only=undatable in 2000-24 window,no_aml_match
MINE_US_00691,-106.343867,39.126568,1.8233,,,2003,0.194,0.237,0.043,0.00144,early_restoration,state_only_no_t0,regimeB_v0_RS_t0,RS_derived,t0 = RS reclamation-onset proxy from NDVI trough; pre2000=left-censored; state_only=undatable in 2000-24 window,no_aml_match
MINE_US_00692,-118.141467,40.305965,1.82,,,2020,0.078,0.086,0.008,-0.00016,degraded,state_only_no_t0,regimeB_v0_RS_t0,RS_derived,t0 = RS reclamation-onset proxy from NDVI trough; pre2000=left-censored; state_only=undatable in 2000-24 window,no_aml_match
MINE_US_00693,-91.110715,37.482237,1.8111,pre2000,,2001,0.556,0.591,0.035,0.00067,stable_restoration,censored_pre2000,regimeB_v0_RS_t0,RS_derived,t0 = RS reclamation-onset proxy from NDVI trough; pre2000=left-censored; state_only=undatable in 2000-24 window,no_aml_match
MINE_US_00694,-87.361407,38.941167,1.8106,2011,13,2011,0.404,0.561,0.156,-0.00537,stable_restoration,rs_t0,regimeB_v0_RS_t0,RS_derived,t0 = RS reclamation-onset proxy from NDVI trough; pre2000=left-censored; state_only=undatable in 2000-24 window,no_aml_match
MINE_US_00695,-87.257982,33.68471,1.8042,2018,6,2018,0.313,0.447,0.134,-0.02261,early_restoration,rs_t0,regimeB_v0_RS_t0,RS_derived,t0 = RS reclamation-onset proxy from NDVI trough; pre2000=left-censored; state_only=undatable in 2000-24 window,no_aml_match
MINE_US_00696,-89.023729,38.192111,1.8005,,,2000,0.343,0.489,0.146,0.00626,early_restoration,state_only_no_t0,regimeB_v0_RS_t0,RS_derived,t0 = RS reclamation-onset proxy from NDVI trough; pre2000=left-censored; state_only=undatable in 2000-24 window,no_aml_match
MINE_US_00697,-87.296224,38.729014,1.797,2007,17,2007,0.388,0.593,0.204,0.00355,stable_restoration,rs_t0,regimeB_v0_RS_t0,RS_derived,t0 = RS reclamation-onset proxy from NDVI trough; pre2000=left-censored; state_only=undatable in 2000-24 window,no_aml_match
MINE_US_00698,-78.435461,37.478622,1.7954,,,2011,0.456,0.5,0.044,-0.00126,early_restoration,state_only_no_t0,regimeB_v0_RS_t0,RS_derived,t0 = RS reclamation-onset proxy from NDVI trough; pre2000=left-censored; state_only=undatable in 2000-24 window,no_aml_match
MINE_US_00699,-90.218199,38.077665,1.7939,,,2018,0.334,0.346,0.012,-0.00907,early_restoration,state_only_no_t0,regimeB_v0_RS_t0,RS_derived,t0 = RS reclamation-onset proxy from NDVI trough; pre2000=left-censored; state_only=undatable in 2000-24 window,no_aml_match
MINE_US_00700,-86.965599,33.190395,1.7933,2009,15,2009,0.592,0.744,0.152,0.00011,stable_restoration,rs_t0,regimeB_v0_RS_t0,RS_derived,t0 = RS reclamation-onset proxy from NDVI trough; pre2000=left-censored; state_only=undatable in 2000-24 window,no_aml_match
MINE_US_00701,-104.892203,36.779038,1.7931,2011,13,2011,0.244,0.346,0.102,0.00134,early_restoration,rs_t0,regimeB_v0_RS_t0,RS_derived,t0 = RS reclamation-onset proxy from NDVI trough; pre2000=left-censored; state_only=undatable in 2000-24 window,no_aml_match
MINE_US_00702,-117.259491,41.134298,1.793,,,2002,0.065,0.11,0.045,0.00188,degraded,state_only_no_t0,regimeB_v0_RS_t0,RS_derived,t0 = RS reclamation-onset proxy from NDVI trough; pre2000=left-censored; state_only=undatable in 2000-24 window,no_aml_match
MINE_US_00703,-115.051595,39.89025,1.7868,,,2003,0.181,0.234,0.053,0.00243,early_restoration,state_only_no_t0,regimeB_v0_RS_t0,RS_derived,t0 = RS reclamation-onset proxy from NDVI trough; pre2000=left-censored; state_only=undatable in 2000-24 window,no_aml_match
MINE_US_00704,-97.868727,29.941906,1.7798,,,2010,0.222,0.247,0.026,-0.00151,early_restoration,state_only_no_t0,regimeB_v0_RS_t0,RS_derived,t0 = RS reclamation-onset proxy from NDVI trough; pre2000=left-censored; state_only=undatable in 2000-24 window,no_aml_match
MINE_US_00705,-87.008294,37.265549,1.7773,pre2000,,2000,0.325,0.524,0.198,0.00906,stable_restoration,censored_pre2000,regimeB_v0_RS_t0,RS_derived,t0 = RS reclamation-onset proxy from NDVI trough; pre2000=left-censored; state_only=undatable in 2000-24 window,no_aml_match
MINE_US_00706,-96.166124,31.351054,1.7747,,,2010,0.366,0.411,0.045,0.00145,early_restoration,state_only_no_t0,regimeB_v0_RS_t0,RS_derived,t0 = RS reclamation-onset proxy from NDVI trough; pre2000=left-censored; state_only=undatable in 2000-24 window,no_aml_match
MINE_US_00707,-82.099726,37.50577,1.7731,2014,10,2014,0.448,0.796,0.348,-0.00572,stable_restoration,rs_t0,regimeB_v0_RS_t0,RS_derived,t0 = RS reclamation-onset proxy from NDVI trough; pre2000=left-censored; state_only=undatable in 2000-24 window,no_aml_match
MINE_US_00708,-114.918455,35.960383,1.7707,,,2002,0.051,0.068,0.017,0.00076,degraded,state_only_no_t0,regimeB_v0_RS_t0,RS_derived,t0 = RS reclamation-onset proxy from NDVI trough; pre2000=left-censored; state_only=undatable in 2000-24 window,no_aml_match
MINE_US_00709,-106.902114,35.991236,1.7684,,,2012,0.183,0.226,0.042,0.00145,early_restoration,state_only_no_t0,regimeB_v0_RS_t0,RS_derived,t0 = RS reclamation-onset proxy from NDVI trough; pre2000=left-censored; state_only=undatable in 2000-24 window,no_aml_match
MINE_US_00710,-109.682724,38.487118,1.7585,,,2021,-0.181,-0.154,0.027,-0.00197,degraded,state_only_no_t0,regimeB_v0_RS_t0,RS_derived,t0 = RS reclamation-onset proxy from NDVI trough; pre2000=left-censored; state_only=undatable in 2000-24 window,no_aml_match
MINE_US_00711,-92.285449,34.69302,1.7555,,,2000,0.286,0.334,0.048,0.00169,early_restoration,state_only_no_t0,regimeB_v0_RS_t0,RS_derived,t0 = RS reclamation-onset proxy from NDVI trough; pre2000=left-censored; state_only=undatable in 2000-24 window,no_aml_match
MINE_US_00712,-79.132353,39.878699,1.7554,2008,16,2008,0.527,0.67,0.142,0.00055,stable_restoration,rs_t0,regimeB_v0_RS_t0,RS_derived,t0 = RS reclamation-onset proxy from NDVI trough; pre2000=left-censored; state_only=undatable in 2000-24 window,aml_listed_not_complete
MINE_US_00713,-78.802308,40.081815,1.7505,pre2000,,2016,0.472,0.501,0.029,0.00019,stable_restoration,censored_pre2000,regimeB_v0_RS_t0,RS_derived,t0 = RS reclamation-onset proxy from NDVI trough; pre2000=left-censored; state_only=undatable in 2000-24 window,aml_listed_not_complete
MINE_US_00714,-81.579892,37.204437,1.7478,2014,10,2014,0.415,0.578,0.163,-0.01487,stable_restoration,rs_t0,regimeB_v0_RS_t0,RS_derived,t0 = RS reclamation-onset proxy from NDVI trough; pre2000=left-censored; state_only=undatable in 2000-24 window,no_aml_match
MINE_US_00715,-115.448253,39.461585,1.7455,,,2001,0.135,0.178,0.043,0.00183,degraded,state_only_no_t0,regimeB_v0_RS_t0,RS_derived,t0 = RS reclamation-onset proxy from NDVI trough; pre2000=left-censored; state_only=undatable in 2000-24 window,no_aml_match
MINE_US_00716,-82.226647,37.047418,1.7442,2016,8,2016,0.558,0.783,0.225,-0.00917,stable_restoration,rs_t0,regimeB_v0_RS_t0,RS_derived,t0 = RS reclamation-onset proxy from NDVI trough; pre2000=left-censored; state_only=undatable in 2000-24 window,no_aml_match
MINE_US_00717,-112.708925,34.15572,1.7433,,,2006,0.164,0.238,0.073,0.00224,early_restoration,state_only_no_t0,regimeB_v0_RS_t0,RS_derived,t0 = RS reclamation-onset proxy from NDVI trough; pre2000=left-censored; state_only=undatable in 2000-24 window,no_aml_match
MINE_US_00718,-82.111833,37.424397,1.7405,2016,8,2016,0.451,0.662,0.212,-0.01816,stable_restoration,rs_t0,regimeB_v0_RS_t0,RS_derived,t0 = RS reclamation-onset proxy from NDVI trough; pre2000=left-censored; state_only=undatable in 2000-24 window,no_aml_match
MINE_US_00719,-81.808874,38.142293,1.74,2011,13,2011,0.379,0.615,0.236,-0.01631,stable_restoration,rs_t0,regimeB_v0_RS_t0,RS_derived,t0 = RS reclamation-onset proxy from NDVI trough; pre2000=left-censored; state_only=undatable in 2000-24 window,no_aml_match
MINE_US_00720,-87.218743,37.298707,1.7391,pre2000,,2017,0.461,0.531,0.071,-0.00225,stable_restoration,censored_pre2000,regimeB_v0_RS_t0,RS_derived,t0 = RS reclamation-onset proxy from NDVI trough; pre2000=left-censored; state_only=undatable in 2000-24 window,no_aml_match
MINE_US_00721,-87.057107,37.289865,1.7384,pre2000,,2013,0.509,0.586,0.077,-0.00827,stable_restoration,censored_pre2000,regimeB_v0_RS_t0,RS_derived,t0 = RS reclamation-onset proxy from NDVI trough; pre2000=left-censored; state_only=undatable in 2000-24 window,no_aml_match
MINE_US_00722,-80.738818,38.391781,1.7238,2008,16,2008,0.299,0.593,0.293,-0.0041,stable_restoration,rs_t0,regimeB_v0_RS_t0,RS_derived,t0 = RS reclamation-onset proxy from NDVI trough; pre2000=left-censored; state_only=undatable in 2000-24 window,no_aml_match
MINE_US_00723,-105.175158,41.105171,1.7208,,,2021,0.085,0.098,0.013,-0.0019,degraded,state_only_no_t0,regimeB_v0_RS_t0,RS_derived,t0 = RS reclamation-onset proxy from NDVI trough; pre2000=left-censored; state_only=undatable in 2000-24 window,no_aml_match
MINE_US_00724,-107.671015,35.489058,1.7142,,,2001,0.094,0.143,0.049,0.00231,degraded,state_only_no_t0,regimeB_v0_RS_t0,RS_derived,t0 = RS reclamation-onset proxy from NDVI trough; pre2000=left-censored; state_only=undatable in 2000-24 window,no_aml_match
MINE_US_00725,-115.103468,35.280408,1.7118,,,2001,0.054,0.081,0.027,0.00059,degraded,state_only_no_t0,regimeB_v0_RS_t0,RS_derived,t0 = RS reclamation-onset proxy from NDVI trough; pre2000=left-censored; state_only=undatable in 2000-24 window,no_aml_match
MINE_US_00726,-110.283283,36.484958,1.7077,,,2002,0.136,0.196,0.06,0.00226,degraded,state_only_no_t0,regimeB_v0_RS_t0,RS_derived,t0 = RS reclamation-onset proxy from NDVI trough; pre2000=left-censored; state_only=undatable in 2000-24 window,no_aml_match
MINE_US_00727,-82.576325,37.193778,1.7028,pre2000,,2011,0.538,0.602,0.063,-0.00039,stable_restoration,censored_pre2000,regimeB_v0_RS_t0,RS_derived,t0 = RS reclamation-onset proxy from NDVI trough; pre2000=left-censored; state_only=undatable in 2000-24 window,no_aml_match
MINE_US_00728,-87.037027,38.617319,1.701,2011,13,2011,0.274,0.534,0.26,-0.00644,stable_restoration,rs_t0,regimeB_v0_RS_t0,RS_derived,t0 = RS reclamation-onset proxy from NDVI trough; pre2000=left-censored; state_only=undatable in 2000-24 window,no_aml_match
MINE_US_00729,-119.422683,39.663257,1.7005,,,2001,0.088,0.154,0.067,0.00292,degraded,state_only_no_t0,regimeB_v0_RS_t0,RS_derived,t0 = RS reclamation-onset proxy from NDVI trough; pre2000=left-censored; state_only=undatable in 2000-24 window,no_aml_match
MINE_US_00730,-114.927353,35.935764,1.6987,,,2001,0.064,0.067,0.003,-0.00014,degraded,state_only_no_t0,regimeB_v0_RS_t0,RS_derived,t0 = RS reclamation-onset proxy from NDVI trough; pre2000=left-censored; state_only=undatable in 2000-24 window,no_aml_match
MINE_US_00731,-81.631456,37.775466,1.697,,,2020,0.244,0.277,0.032,-0.0288,early_restoration,state_only_no_t0,regimeB_v0_RS_t0,RS_derived,t0 = RS reclamation-onset proxy from NDVI trough; pre2000=left-censored; state_only=undatable in 2000-24 window,no_aml_match
MINE_US_00732,-94.77104,35.087999,1.6941,2011,13,2011,0.447,0.598,0.152,-0.00163,relapse_degradation,rs_t0,regimeB_v0_RS_t0,RS_derived,t0 = RS reclamation-onset proxy from NDVI trough; pre2000=left-censored; state_only=undatable in 2000-24 window,no_aml_match
MINE_US_00733,-78.333693,41.088498,1.6927,,,2016,0.399,0.47,0.071,-0.01768,early_restoration,state_only_no_t0,regimeB_v0_RS_t0,RS_derived,t0 = RS reclamation-onset proxy from NDVI trough; pre2000=left-censored; state_only=undatable in 2000-24 window,aml_listed_not_complete
MINE_US_00734,-112.054793,40.647717,1.6844,,,2011,0.136,0.151,0.015,0.00015,degraded,state_only_no_t0,regimeB_v0_RS_t0,RS_derived,t0 = RS reclamation-onset proxy from NDVI trough; pre2000=left-censored; state_only=undatable in 2000-24 window,no_aml_match
MINE_US_00735,-82.022877,27.830502,1.6803,,,2002,0.142,0.264,0.121,0.00628,early_restoration,state_only_no_t0,regimeB_v0_RS_t0,RS_derived,t0 = RS reclamation-onset proxy from NDVI trough; pre2000=left-censored; state_only=undatable in 2000-24 window,no_aml_match
MINE_US_00736,-81.866876,37.778771,1.6785,2008,16,2008,0.386,0.794,0.408,0.00867,stable_restoration,rs_t0,regimeB_v0_RS_t0,RS_derived,t0 = RS reclamation-onset proxy from NDVI trough; pre2000=left-censored; state_only=undatable in 2000-24 window,no_aml_match
MINE_US_00737,-103.668629,44.332582,1.6775,,,2002,0.233,0.369,0.136,0.00647,early_restoration,state_only_no_t0,regimeB_v0_RS_t0,RS_derived,t0 = RS reclamation-onset proxy from NDVI trough; pre2000=left-censored; state_only=undatable in 2000-24 window,no_aml_match
MINE_US_00738,-80.776238,38.3781,1.6764,2011,13,2011,0.531,0.724,0.193,-0.00771,stable_restoration,rs_t0,regimeB_v0_RS_t0,RS_derived,t0 = RS reclamation-onset proxy from NDVI trough; pre2000=left-censored; state_only=undatable in 2000-24 window,no_aml_match
MINE_US_00739,-103.785751,32.527453,1.669,,,2012,0.104,0.145,0.041,-6e-05,degraded,state_only_no_t0,regimeB_v0_RS_t0,RS_derived,t0 = RS reclamation-onset proxy from NDVI trough; pre2000=left-censored; state_only=undatable in 2000-24 window,no_aml_match
MINE_US_00740,-117.130493,40.790302,1.6676,,,2001,0.093,0.172,0.079,0.00308,degraded,state_only_no_t0,regimeB_v0_RS_t0,RS_derived,t0 = RS reclamation-onset proxy from NDVI trough; pre2000=left-censored; state_only=undatable in 2000-24 window,no_aml_match
MINE_US_00741,-114.713414,41.0976,1.6633,,,2002,0.117,0.173,0.056,0.00249,degraded,state_only_no_t0,regimeB_v0_RS_t0,RS_derived,t0 = RS reclamation-onset proxy from NDVI trough; pre2000=left-censored; state_only=undatable in 2000-24 window,no_aml_match
MINE_US_00742,-115.598203,39.945904,1.6614,,,2007,0.108,0.188,0.08,0.00034,degraded,state_only_no_t0,regimeB_v0_RS_t0,RS_derived,t0 = RS reclamation-onset proxy from NDVI trough; pre2000=left-censored; state_only=undatable in 2000-24 window,no_aml_match
MINE_US_00743,-104.726238,42.279257,1.6591,,,2003,0.151,0.171,0.02,0.00104,degraded,state_only_no_t0,regimeB_v0_RS_t0,RS_derived,t0 = RS reclamation-onset proxy from NDVI trough; pre2000=left-censored; state_only=undatable in 2000-24 window,no_aml_match
MINE_US_00744,-98.475818,28.702555,1.6558,,,2010,0.202,0.289,0.087,0.00089,early_restoration,state_only_no_t0,regimeB_v0_RS_t0,RS_derived,t0 = RS reclamation-onset proxy from NDVI trough; pre2000=left-censored; state_only=undatable in 2000-24 window,no_aml_match
MINE_US_00745,-116.800402,37.030053,1.6486,,,2008,0.082,0.119,0.038,0.00114,degraded,state_only_no_t0,regimeB_v0_RS_t0,RS_derived,t0 = RS reclamation-onset proxy from NDVI trough; pre2000=left-censored; state_only=undatable in 2000-24 window,no_aml_match
MINE_US_00746,-111.313467,42.767323,1.6467,,,2000,0.294,0.398,0.104,0.00378,early_restoration,state_only_no_t0,regimeB_v0_RS_t0,RS_derived,t0 = RS reclamation-onset proxy from NDVI trough; pre2000=left-censored; state_only=undatable in 2000-24 window,no_aml_match
MINE_US_00747,-111.612548,46.319836,1.6463,,,2020,0.145,0.161,0.016,-0.00137,degraded,state_only_no_t0,regimeB_v0_RS_t0,RS_derived,t0 = RS reclamation-onset proxy from NDVI trough; pre2000=left-censored; state_only=undatable in 2000-24 window,no_aml_match
MINE_US_00748,-112.333662,34.57713,1.6446,,,2003,0.123,0.174,0.051,0.00231,degraded,state_only_no_t0,regimeB_v0_RS_t0,RS_derived,t0 = RS reclamation-onset proxy from NDVI trough; pre2000=left-censored; state_only=undatable in 2000-24 window,no_aml_match
MINE_US_00749,-83.244565,37.562381,1.6413,2014,10,2014,0.564,0.784,0.22,-0.00548,stable_restoration,rs_t0,regimeB_v0_RS_t0,RS_derived,t0 = RS reclamation-onset proxy from NDVI trough; pre2000=left-censored; state_only=undatable in 2000-24 window,no_aml_match
MINE_US_00750,-82.038105,33.536601,1.6413,,,2011,0.188,0.261,0.074,-0.00708,early_restoration,state_only_no_t0,regimeB_v0_RS_t0,RS_derived,t0 = RS reclamation-onset proxy from NDVI trough; pre2000=left-censored; state_only=undatable in 2000-24 window,no_aml_match
MINE_US_00751,-84.242607,34.325792,1.6326,,,2017,0.431,0.5,0.069,-0.01324,early_restoration,state_only_no_t0,regimeB_v0_RS_t0,RS_derived,t0 = RS reclamation-onset proxy from NDVI trough; pre2000=left-censored; state_only=undatable in 2000-24 window,no_aml_match
MINE_US_00752,-88.375375,37.752912,1.6323,2016,8,2016,0.263,0.623,0.36,-0.00023,stable_restoration,rs_t0,regimeB_v0_RS_t0,RS_derived,t0 = RS reclamation-onset proxy from NDVI trough; pre2000=left-censored; state_only=undatable in 2000-24 window,no_aml_match
MINE_US_00753,-87.27571,33.135338,1.6281,,,2019,0.35,0.361,0.011,-0.01128,early_restoration,state_only_no_t0,regimeB_v0_RS_t0,RS_derived,t0 = RS reclamation-onset proxy from NDVI trough; pre2000=left-censored; state_only=undatable in 2000-24 window,no_aml_match
MINE_US_00754,-79.655165,40.849897,1.6239,pre2000,,2019,0.46,0.508,0.048,-0.01203,stable_restoration,censored_pre2000,regimeB_v0_RS_t0,RS_derived,t0 = RS reclamation-onset proxy from NDVI trough; pre2000=left-censored; state_only=undatable in 2000-24 window,aml_listed_not_complete
MINE_US_00755,-119.309669,40.500883,1.6224,,,2000,0.042,0.077,0.034,0.0015,degraded,state_only_no_t0,regimeB_v0_RS_t0,RS_derived,t0 = RS reclamation-onset proxy from NDVI trough; pre2000=left-censored; state_only=undatable in 2000-24 window,no_aml_match
MINE_US_00756,-87.882814,40.028985,1.6165,,,2018,0.258,0.261,0.002,-0.01007,early_restoration,state_only_no_t0,regimeB_v0_RS_t0,RS_derived,t0 = RS reclamation-onset proxy from NDVI trough; pre2000=left-censored; state_only=undatable in 2000-24 window,no_aml_match
MINE_US_00757,-83.725101,36.220553,1.6138,,,2007,0.374,0.494,0.12,0.00455,early_restoration,state_only_no_t0,regimeB_v0_RS_t0,RS_derived,t0 = RS reclamation-onset proxy from NDVI trough; pre2000=left-censored; state_only=undatable in 2000-24 window,no_aml_match
MINE_US_00758,-87.060335,33.631616,1.609,,,2007,0.287,0.352,0.065,0.00188,early_restoration,state_only_no_t0,regimeB_v0_RS_t0,RS_derived,t0 = RS reclamation-onset proxy from NDVI trough; pre2000=left-censored; state_only=undatable in 2000-24 window,no_aml_match
MINE_US_00759,-119.334534,39.070566,1.6087,,,2001,0.053,0.113,0.06,0.00227,degraded,state_only_no_t0,regimeB_v0_RS_t0,RS_derived,t0 = RS reclamation-onset proxy from NDVI trough; pre2000=left-censored; state_only=undatable in 2000-24 window,no_aml_match
MINE_US_00760,-82.180564,39.759162,1.6045,2014,10,2014,0.382,0.717,0.335,-0.01085,stable_restoration,rs_t0,regimeB_v0_RS_t0,RS_derived,t0 = RS reclamation-onset proxy from NDVI trough; pre2000=left-censored; state_only=undatable in 2000-24 window,no_aml_match
MINE_US_00761,-87.251681,38.284002,1.6005,pre2000,,2006,0.505,0.623,0.118,0.00488,stable_restoration,censored_pre2000,regimeB_v0_RS_t0,RS_derived,t0 = RS reclamation-onset proxy from NDVI trough; pre2000=left-censored; state_only=undatable in 2000-24 window,no_aml_match
MINE_US_00762,-87.074625,33.376352,1.5998,,,2012,0.287,0.336,0.049,-0.02468,early_restoration,state_only_no_t0,regimeB_v0_RS_t0,RS_derived,t0 = RS reclamation-onset proxy from NDVI trough; pre2000=left-censored; state_only=undatable in 2000-24 window,no_aml_match
MINE_US_00763,-119.611509,39.493474,1.5982,,,2003,0.063,0.088,0.025,0.00095,degraded,state_only_no_t0,regimeB_v0_RS_t0,RS_derived,t0 = RS reclamation-onset proxy from NDVI trough; pre2000=left-censored; state_only=undatable in 2000-24 window,no_aml_match
MINE_US_00764,-80.202771,39.885754,1.5967,2005,19,2005,0.445,0.59,0.146,0.00435,stable_restoration,rs_t0,regimeB_v0_RS_t0,RS_derived,t0 = RS reclamation-onset proxy from NDVI trough; pre2000=left-censored; state_only=undatable in 2000-24 window,no_aml_match
MINE_US_00765,-81.669893,38.04396,1.5939,2012,12,2012,0.466,0.68,0.214,-0.0107,stable_restoration,rs_t0,regimeB_v0_RS_t0,RS_derived,t0 = RS reclamation-onset proxy from NDVI trough; pre2000=left-censored; state_only=undatable in 2000-24 window,no_aml_match
MINE_US_00766,-79.952012,39.833448,1.5937,2015,9,2015,0.532,0.664,0.133,0.00073,stable_restoration,rs_t0,regimeB_v0_RS_t0,RS_derived,t0 = RS reclamation-onset proxy from NDVI trough; pre2000=left-censored; state_only=undatable in 2000-24 window,no_aml_match
MINE_US_00767,-76.148306,41.091994,1.5879,pre2000,,2004,0.51,0.569,0.06,0.00272,stable_restoration,censored_pre2000,regimeB_v0_RS_t0,RS_derived,t0 = RS reclamation-onset proxy from NDVI trough; pre2000=left-censored; state_only=undatable in 2000-24 window,no_aml_match
MINE_US_00768,-106.30131,38.407308,1.5843,,,2001,0.246,0.408,0.162,0.00779,early_restoration,state_only_no_t0,regimeB_v0_RS_t0,RS_derived,t0 = RS reclamation-onset proxy from NDVI trough; pre2000=left-censored; state_only=undatable in 2000-24 window,no_aml_match
MINE_US_00769,-82.19827,36.930465,1.5802,pre2000,,2008,0.572,0.669,0.097,0.00356,stable_restoration,censored_pre2000,regimeB_v0_RS_t0,RS_derived,t0 = RS reclamation-onset proxy from NDVI trough; pre2000=left-censored; state_only=undatable in 2000-24 window,no_aml_match
MINE_US_00770,-81.309513,37.891616,1.5752,2017,7,2017,0.397,0.584,0.187,-0.00537,stable_restoration,rs_t0,regimeB_v0_RS_t0,RS_derived,t0 = RS reclamation-onset proxy from NDVI trough; pre2000=left-censored; state_only=undatable in 2000-24 window,no_aml_match
MINE_US_00771,-103.816977,32.532855,1.5715,,,2011,0.135,0.172,0.037,0.00075,degraded,state_only_no_t0,regimeB_v0_RS_t0,RS_derived,t0 = RS reclamation-onset proxy from NDVI trough; pre2000=left-censored; state_only=undatable in 2000-24 window,no_aml_match
MINE_US_00772,-80.666622,40.153515,1.5696,2015,9,2015,0.419,0.554,0.134,-0.01232,stable_restoration,rs_t0,regimeB_v0_RS_t0,RS_derived,t0 = RS reclamation-onset proxy from NDVI trough; pre2000=left-censored; state_only=undatable in 2000-24 window,no_aml_match
MINE_US_00773,-75.854857,40.267275,1.5686,pre2000,,2016,0.536,0.544,0.009,-0.00345,stable_restoration,censored_pre2000,regimeB_v0_RS_t0,RS_derived,t0 = RS reclamation-onset proxy from NDVI trough; pre2000=left-censored; state_only=undatable in 2000-24 window,no_aml_match
MINE_US_00774,-107.529133,32.968962,1.5674,,,2002,0.089,0.144,0.054,0.00158,degraded,state_only_no_t0,regimeB_v0_RS_t0,RS_derived,t0 = RS reclamation-onset proxy from NDVI trough; pre2000=left-censored; state_only=undatable in 2000-24 window,no_aml_match
MINE_US_00775,-87.005032,37.243228,1.5656,2011,13,2011,0.26,0.37,0.11,-0.00187,early_restoration,rs_t0,regimeB_v0_RS_t0,RS_derived,t0 = RS reclamation-onset proxy from NDVI trough; pre2000=left-censored; state_only=undatable in 2000-24 window,no_aml_match
MINE_US_00776,-110.473874,39.53035,1.5649,,,2002,0.093,0.15,0.058,0.00204,degraded,state_only_no_t0,regimeB_v0_RS_t0,RS_derived,t0 = RS reclamation-onset proxy from NDVI trough; pre2000=left-censored; state_only=undatable in 2000-24 window,no_aml_match
MINE_US_00777,-123.437604,42.965029,1.5644,,,2000,0.078,0.132,0.054,0.00219,degraded,state_only_no_t0,regimeB_v0_RS_t0,RS_derived,t0 = RS reclamation-onset proxy from NDVI trough; pre2000=left-censored; state_only=undatable in 2000-24 window,no_aml_match
MINE_US_00778,-82.146976,37.450862,1.5643,2015,9,2015,0.522,0.72,0.198,-0.01234,stable_restoration,rs_t0,regimeB_v0_RS_t0,RS_derived,t0 = RS reclamation-onset proxy from NDVI trough; pre2000=left-censored; state_only=undatable in 2000-24 window,no_aml_match
MINE_US_00779,-79.18692,39.431137,1.5626,pre2000,,2007,0.576,0.666,0.09,0.0039,stable_restoration,censored_pre2000,regimeB_v0_RS_t0,RS_derived,t0 = RS reclamation-onset proxy from NDVI trough; pre2000=left-censored; state_only=undatable in 2000-24 window,no_aml_match
MINE_US_00780,-82.833759,37.754171,1.5609,2009,15,2009,0.472,0.744,0.272,-0.0072,stable_restoration,rs_t0,regimeB_v0_RS_t0,RS_derived,t0 = RS reclamation-onset proxy from NDVI trough; pre2000=left-censored; state_only=undatable in 2000-24 window,no_aml_match
MINE_US_00781,-82.248551,39.906438,1.5603,pre2000,,2001,0.485,0.638,0.153,0.00573,stable_restoration,censored_pre2000,regimeB_v0_RS_t0,RS_derived,t0 = RS reclamation-onset proxy from NDVI trough; pre2000=left-censored; state_only=undatable in 2000-24 window,no_aml_match
MINE_US_00782,-81.023962,39.901457,1.5598,pre2000,,2015,0.471,0.536,0.065,-0.00358,stable_restoration,censored_pre2000,regimeB_v0_RS_t0,RS_derived,t0 = RS reclamation-onset proxy from NDVI trough; pre2000=left-censored; state_only=undatable in 2000-24 window,no_aml_match
MINE_US_00783,-88.527525,37.667288,1.5585,2015,9,2015,0.255,0.585,0.33,-0.00986,stable_restoration,rs_t0,regimeB_v0_RS_t0,RS_derived,t0 = RS reclamation-onset proxy from NDVI trough; pre2000=left-censored; state_only=undatable in 2000-24 window,no_aml_match
MINE_US_00784,-82.721324,37.220492,1.5571,2014,10,2014,0.367,0.684,0.316,-0.01356,stable_restoration,rs_t0,regimeB_v0_RS_t0,RS_derived,t0 = RS reclamation-onset proxy from NDVI trough; pre2000=left-censored; state_only=undatable in 2000-24 window,no_aml_match
MINE_US_00785,-87.580535,37.337475,1.5568,,,2024,0.464,0.471,0.007,-0.00351,early_restoration,state_only_no_t0,regimeB_v0_RS_t0,RS_derived,t0 = RS reclamation-onset proxy from NDVI trough; pre2000=left-censored; state_only=undatable in 2000-24 window,no_aml_match
MINE_US_00786,-83.610987,36.078224,1.5563,,,2019,0.346,0.365,0.018,-0.00059,early_restoration,state_only_no_t0,regimeB_v0_RS_t0,RS_derived,t0 = RS reclamation-onset proxy from NDVI trough; pre2000=left-censored; state_only=undatable in 2000-24 window,no_aml_match
MINE_US_00787,-89.726254,38.074645,1.5563,2016,8,2016,0.447,0.592,0.145,-0.00668,stable_restoration,rs_t0,regimeB_v0_RS_t0,RS_derived,t0 = RS reclamation-onset proxy from NDVI trough; pre2000=left-censored; state_only=undatable in 2000-24 window,no_aml_match
MINE_US_00788,-100.513448,28.795863,1.5553,,,2010,0.131,0.241,0.11,0.00257,early_restoration,state_only_no_t0,regimeB_v0_RS_t0,RS_derived,t0 = RS reclamation-onset proxy from NDVI trough; pre2000=left-censored; state_only=undatable in 2000-24 window,no_aml_match
MINE_US_00789,-117.6808,40.473866,1.555,,,2002,0.104,0.161,0.057,0.00237,degraded,state_only_no_t0,regimeB_v0_RS_t0,RS_derived,t0 = RS reclamation-onset proxy from NDVI trough; pre2000=left-censored; state_only=undatable in 2000-24 window,no_aml_match
MINE_US_00790,-92.18406,34.340374,1.5535,pre2000,,2011,0.442,0.518,0.076,0.00219,stable_restoration,censored_pre2000,regimeB_v0_RS_t0,RS_derived,t0 = RS reclamation-onset proxy from NDVI trough; pre2000=left-censored; state_only=undatable in 2000-24 window,no_aml_match
MINE_US_00791,-81.959323,37.763009,1.5512,2014,10,2014,0.547,0.661,0.114,-0.00601,stable_restoration,rs_t0,regimeB_v0_RS_t0,RS_derived,t0 = RS reclamation-onset proxy from NDVI trough; pre2000=left-censored; state_only=undatable in 2000-24 window,no_aml_match
MINE_US_00792,-90.261244,38.126259,1.5437,,,2001,0.366,0.429,0.063,0.0012,early_restoration,state_only_no_t0,regimeB_v0_RS_t0,RS_derived,t0 = RS reclamation-onset proxy from NDVI trough; pre2000=left-censored; state_only=undatable in 2000-24 window,no_aml_match
MINE_US_00793,-87.091859,39.27751,1.5377,,,2018,0.443,0.485,0.043,-0.00935,early_restoration,state_only_no_t0,regimeB_v0_RS_t0,RS_derived,t0 = RS reclamation-onset proxy from NDVI trough; pre2000=left-censored; state_only=undatable in 2000-24 window,no_aml_match
MINE_US_00794,-82.908941,30.440577,1.5375,2012,12,2012,0.324,0.612,0.288,-0.00753,stable_restoration,rs_t0,regimeB_v0_RS_t0,RS_derived,t0 = RS reclamation-onset proxy from NDVI trough; pre2000=left-censored; state_only=undatable in 2000-24 window,no_aml_match
MINE_US_00795,-81.445432,38.2001,1.5349,2015,9,2015,0.569,0.765,0.196,-0.00137,stable_restoration,rs_t0,regimeB_v0_RS_t0,RS_derived,t0 = RS reclamation-onset proxy from NDVI trough; pre2000=left-censored; state_only=undatable in 2000-24 window,no_aml_match
MINE_US_00796,-108.848902,41.749307,1.5341,,,2007,0.118,0.228,0.11,0.00469,early_restoration,state_only_no_t0,regimeB_v0_RS_t0,RS_derived,t0 = RS reclamation-onset proxy from NDVI trough; pre2000=left-censored; state_only=undatable in 2000-24 window,no_aml_match
MINE_US_00797,-84.390241,34.272342,1.5338,,,2020,0.444,0.482,0.037,-0.00616,early_restoration,state_only_no_t0,regimeB_v0_RS_t0,RS_derived,t0 = RS reclamation-onset proxy from NDVI trough; pre2000=left-censored; state_only=undatable in 2000-24 window,no_aml_match
MINE_US_00798,-91.043225,38.130131,1.5335,pre2000,,2000,0.459,0.669,0.21,0.01085,stable_restoration,censored_pre2000,regimeB_v0_RS_t0,RS_derived,t0 = RS reclamation-onset proxy from NDVI trough; pre2000=left-censored; state_only=undatable in 2000-24 window,no_aml_match
MINE_US_00799,-116.455275,39.741692,1.5323,,,2000,0.103,0.157,0.054,0.00253,degraded,state_only_no_t0,regimeB_v0_RS_t0,RS_derived,t0 = RS reclamation-onset proxy from NDVI trough; pre2000=left-censored; state_only=undatable in 2000-24 window,no_aml_match
MINE_US_00800,-86.8519,33.739669,1.5314,,,2018,0.313,0.381,0.068,-0.02483,early_restoration,state_only_no_t0,regimeB_v0_RS_t0,RS_derived,t0 = RS reclamation-onset proxy from NDVI trough; pre2000=left-censored; state_only=undatable in 2000-24 window,no_aml_match
MINE_US_00801,-75.423402,44.270577,1.5287,,,2000,0.277,0.415,0.137,0.00545,early_restoration,state_only_no_t0,regimeB_v0_RS_t0,RS_derived,t0 = RS reclamation-onset proxy from NDVI trough; pre2000=left-censored; state_only=undatable in 2000-24 window,no_aml_match
MINE_US_00802,-82.35622,37.630097,1.5284,2007,17,2007,0.467,0.636,0.169,0.00243,stable_restoration,rs_t0,regimeB_v0_RS_t0,RS_derived,t0 = RS reclamation-onset proxy from NDVI trough; pre2000=left-censored; state_only=undatable in 2000-24 window,no_aml_match
MINE_US_00803,-105.366792,37.234628,1.5239,,,2001,0.161,0.228,0.067,0.00193,early_restoration,state_only_no_t0,regimeB_v0_RS_t0,RS_derived,t0 = RS reclamation-onset proxy from NDVI trough; pre2000=left-censored; state_only=undatable in 2000-24 window,no_aml_match
MINE_US_00804,-115.993784,41.367606,1.5231,,,2000,0.147,0.251,0.104,0.00428,early_restoration,state_only_no_t0,regimeB_v0_RS_t0,RS_derived,t0 = RS reclamation-onset proxy from NDVI trough; pre2000=left-censored; state_only=undatable in 2000-24 window,no_aml_match
MINE_US_00805,-81.99511,37.156303,1.5229,pre2000,,2024,0.528,0.542,0.014,-0.002,stable_restoration,censored_pre2000,regimeB_v0_RS_t0,RS_derived,t0 = RS reclamation-onset proxy from NDVI trough; pre2000=left-censored; state_only=undatable in 2000-24 window,no_aml_match
MINE_US_00806,-82.605682,37.35632,1.5169,2014,10,2014,0.468,0.764,0.295,-0.00513,stable_restoration,rs_t0,regimeB_v0_RS_t0,RS_derived,t0 = RS reclamation-onset proxy from NDVI trough; pre2000=left-censored; state_only=undatable in 2000-24 window,no_aml_match
MINE_US_00807,-98.240342,29.651555,1.515,,,2022,0.225,0.227,0.002,-0.01509,early_restoration,state_only_no_t0,regimeB_v0_RS_t0,RS_derived,t0 = RS reclamation-onset proxy from NDVI trough; pre2000=left-censored; state_only=undatable in 2000-24 window,no_aml_match
MINE_US_00808,-83.10993,37.612227,1.5126,2013,11,2013,0.454,0.738,0.284,-0.00545,stable_restoration,rs_t0,regimeB_v0_RS_t0,RS_derived,t0 = RS reclamation-onset proxy from NDVI trough; pre2000=left-censored; state_only=undatable in 2000-24 window,no_aml_match
MINE_US_00809,-118.201906,40.207395,1.5093,,,2020,0.071,0.096,0.025,9e-05,degraded,state_only_no_t0,regimeB_v0_RS_t0,RS_derived,t0 = RS reclamation-onset proxy from NDVI trough; pre2000=left-censored; state_only=undatable in 2000-24 window,no_aml_match
MINE_US_00810,-80.059759,40.146483,1.5025,2005,19,2005,0.328,0.526,0.198,0.00635,stable_restoration,rs_t0,regimeB_v0_RS_t0,RS_derived,t0 = RS reclamation-onset proxy from NDVI trough; pre2000=left-censored; state_only=undatable in 2000-24 window,no_aml_match
MINE_US_00811,-81.344125,38.051563,1.5009,2011,13,2011,0.415,0.579,0.164,0.00163,stable_restoration,rs_t0,regimeB_v0_RS_t0,RS_derived,t0 = RS reclamation-onset proxy from NDVI trough; pre2000=left-censored; state_only=undatable in 2000-24 window,no_aml_match
MINE_US_00812,-83.009889,37.216638,1.4982,2006,18,2006,0.402,0.614,0.212,-0.00336,stable_restoration,rs_t0,regimeB_v0_RS_t0,RS_derived,t0 = RS reclamation-onset proxy from NDVI trough; pre2000=left-censored; state_only=undatable in 2000-24 window,no_aml_match
MINE_US_00813,-92.295786,34.647718,1.4967,,,2000,0.385,0.497,0.112,0.00432,early_restoration,state_only_no_t0,regimeB_v0_RS_t0,RS_derived,t0 = RS reclamation-onset proxy from NDVI trough; pre2000=left-censored; state_only=undatable in 2000-24 window,no_aml_match
MINE_US_00814,-117.600886,35.310779,1.4928,,,2007,0.066,0.121,0.055,0.0015,degraded,state_only_no_t0,regimeB_v0_RS_t0,RS_derived,t0 = RS reclamation-onset proxy from NDVI trough; pre2000=left-censored; state_only=undatable in 2000-24 window,no_aml_match
MINE_US_00815,-118.175395,40.20448,1.4916,,,2020,0.057,0.078,0.021,0.00013,degraded,state_only_no_t0,regimeB_v0_RS_t0,RS_derived,t0 = RS reclamation-onset proxy from NDVI trough; pre2000=left-censored; state_only=undatable in 2000-24 window,no_aml_match
MINE_US_00816,-87.05401,33.709558,1.4914,,,2013,0.449,0.493,0.044,-0.0035,early_restoration,state_only_no_t0,regimeB_v0_RS_t0,RS_derived,t0 = RS reclamation-onset proxy from NDVI trough; pre2000=left-censored; state_only=undatable in 2000-24 window,no_aml_match
MINE_US_00817,-82.464489,39.149747,1.4874,2015,9,2015,0.435,0.654,0.218,0.00137,stable_restoration,rs_t0,regimeB_v0_RS_t0,RS_derived,t0 = RS reclamation-onset proxy from NDVI trough; pre2000=left-censored; state_only=undatable in 2000-24 window,no_aml_match
MINE_US_00818,-119.620582,39.470358,1.4872,,,2003,0.056,0.085,0.028,0.00114,degraded,state_only_no_t0,regimeB_v0_RS_t0,RS_derived,t0 = RS reclamation-onset proxy from NDVI trough; pre2000=left-censored; state_only=undatable in 2000-24 window,no_aml_match
MINE_US_00819,-81.453261,38.34951,1.4862,pre2000,,2019,0.592,0.624,0.032,-0.00923,stable_restoration,censored_pre2000,regimeB_v0_RS_t0,RS_derived,t0 = RS reclamation-onset proxy from NDVI trough; pre2000=left-censored; state_only=undatable in 2000-24 window,no_aml_match
MINE_US_00820,-89.33539,37.984223,1.4839,,,2019,0.393,0.425,0.032,-0.00028,early_restoration,state_only_no_t0,regimeB_v0_RS_t0,RS_derived,t0 = RS reclamation-onset proxy from NDVI trough; pre2000=left-censored; state_only=undatable in 2000-24 window,no_aml_match
MINE_US_00821,-115.885673,41.571455,1.4774,,,2000,0.191,0.299,0.108,0.00403,early_restoration,state_only_no_t0,regimeB_v0_RS_t0,RS_derived,t0 = RS reclamation-onset proxy from NDVI trough; pre2000=left-censored; state_only=undatable in 2000-24 window,no_aml_match
MINE_US_00822,-113.050345,36.658251,1.4765,,,2001,0.097,0.154,0.057,0.00232,degraded,state_only_no_t0,regimeB_v0_RS_t0,RS_derived,t0 = RS reclamation-onset proxy from NDVI trough; pre2000=left-censored; state_only=undatable in 2000-24 window,no_aml_match
MINE_US_00823,-106.801046,41.950699,1.4749,,,2006,0.11,0.164,0.053,0.00271,degraded,state_only_no_t0,regimeB_v0_RS_t0,RS_derived,t0 = RS reclamation-onset proxy from NDVI trough; pre2000=left-censored; state_only=undatable in 2000-24 window,no_aml_match
MINE_US_00824,-79.741218,35.202111,1.4748,,,2024,0.391,0.391,0.0,-0.00189,early_restoration,state_only_no_t0,regimeB_v0_RS_t0,RS_derived,t0 = RS reclamation-onset proxy from NDVI trough; pre2000=left-censored; state_only=undatable in 2000-24 window,no_aml_match
MINE_US_00825,-116.439183,39.747344,1.4748,,,2000,0.1,0.139,0.039,0.00158,degraded,state_only_no_t0,regimeB_v0_RS_t0,RS_derived,t0 = RS reclamation-onset proxy from NDVI trough; pre2000=left-censored; state_only=undatable in 2000-24 window,no_aml_match
MINE_US_00826,-78.074706,41.149781,1.4744,2012,12,2012,0.315,0.46,0.145,-0.00237,early_restoration,rs_t0,regimeB_v0_RS_t0,RS_derived,t0 = RS reclamation-onset proxy from NDVI trough; pre2000=left-censored; state_only=undatable in 2000-24 window,aml_listed_not_complete
MINE_US_00827,-83.033438,37.255124,1.4739,2011,13,2011,0.521,0.722,0.201,-0.00226,stable_restoration,rs_t0,regimeB_v0_RS_t0,RS_derived,t0 = RS reclamation-onset proxy from NDVI trough; pre2000=left-censored; state_only=undatable in 2000-24 window,no_aml_match
MINE_US_00828,-81.803311,38.176889,1.4708,pre2000,,2015,0.472,0.531,0.06,-0.02064,stable_restoration,censored_pre2000,regimeB_v0_RS_t0,RS_derived,t0 = RS reclamation-onset proxy from NDVI trough; pre2000=left-censored; state_only=undatable in 2000-24 window,no_aml_match
MINE_US_00829,-82.66731,36.972614,1.4693,2016,8,2016,0.383,0.631,0.248,-0.00201,stable_restoration,rs_t0,regimeB_v0_RS_t0,RS_derived,t0 = RS reclamation-onset proxy from NDVI trough; pre2000=left-censored; state_only=undatable in 2000-24 window,no_aml_match
MINE_US_00830,-87.610599,38.379042,1.4673,pre2000,,2014,0.462,0.533,0.072,-0.00393,stable_restoration,censored_pre2000,regimeB_v0_RS_t0,RS_derived,t0 = RS reclamation-onset proxy from NDVI trough; pre2000=left-censored; state_only=undatable in 2000-24 window,no_aml_match
MINE_US_00831,-81.759371,27.592853,1.4632,,,2020,0.298,0.35,0.052,-0.01408,early_restoration,state_only_no_t0,regimeB_v0_RS_t0,RS_derived,t0 = RS reclamation-onset proxy from NDVI trough; pre2000=left-censored; state_only=undatable in 2000-24 window,no_aml_match
MINE_US_00832,-111.288942,42.734967,1.4624,,,2016,0.298,0.349,0.051,-0.00025,early_restoration,state_only_no_t0,regimeB_v0_RS_t0,RS_derived,t0 = RS reclamation-onset proxy from NDVI trough; pre2000=left-censored; state_only=undatable in 2000-24 window,no_aml_match
MINE_US_00833,-75.972726,41.085058,1.4615,pre2000,,2016,0.56,0.616,0.056,-0.00367,stable_restoration,censored_pre2000,regimeB_v0_RS_t0,RS_derived,t0 = RS reclamation-onset proxy from NDVI trough; pre2000=left-censored; state_only=undatable in 2000-24 window,no_aml_match
MINE_US_00834,-80.296141,39.716725,1.4609,pre2000,,2005,0.506,0.634,0.128,0.00482,stable_restoration,censored_pre2000,regimeB_v0_RS_t0,RS_derived,t0 = RS reclamation-onset proxy from NDVI trough; pre2000=left-censored; state_only=undatable in 2000-24 window,no_aml_match
MINE_US_00835,-114.642766,32.964664,1.4606,,,2000,0.045,0.072,0.027,0.00115,degraded,state_only_no_t0,regimeB_v0_RS_t0,RS_derived,t0 = RS reclamation-onset proxy from NDVI trough; pre2000=left-censored; state_only=undatable in 2000-24 window,no_aml_match
MINE_US_00836,-86.290209,38.076111,1.4591,,,2013,0.233,0.314,0.081,-0.00175,early_restoration,state_only_no_t0,regimeB_v0_RS_t0,RS_derived,t0 = RS reclamation-onset proxy from NDVI trough; pre2000=left-censored; state_only=undatable in 2000-24 window,no_aml_match
MINE_US_00837,-107.539746,38.925517,1.4576,,,2006,0.332,0.387,0.055,0.00071,early_restoration,state_only_no_t0,regimeB_v0_RS_t0,RS_derived,t0 = RS reclamation-onset proxy from NDVI trough; pre2000=left-censored; state_only=undatable in 2000-24 window,no_aml_match
MINE_US_00838,-109.616582,32.930189,1.4574,,,2001,0.108,0.12,0.011,0.00036,degraded,state_only_no_t0,regimeB_v0_RS_t0,RS_derived,t0 = RS reclamation-onset proxy from NDVI trough; pre2000=left-censored; state_only=undatable in 2000-24 window,no_aml_match
MINE_US_00839,-119.57456,39.229056,1.4552,,,2008,0.063,0.086,0.023,0.00066,degraded,state_only_no_t0,regimeB_v0_RS_t0,RS_derived,t0 = RS reclamation-onset proxy from NDVI trough; pre2000=left-censored; state_only=undatable in 2000-24 window,no_aml_match
MINE_US_00840,-116.689025,40.592962,1.4538,,,2000,0.104,0.147,0.044,0.00212,degraded,state_only_no_t0,regimeB_v0_RS_t0,RS_derived,t0 = RS reclamation-onset proxy from NDVI trough; pre2000=left-censored; state_only=undatable in 2000-24 window,no_aml_match
MINE_US_00841,-118.262385,38.004229,1.4522,,,2001,0.033,0.09,0.058,0.00233,degraded,state_only_no_t0,regimeB_v0_RS_t0,RS_derived,t0 = RS reclamation-onset proxy from NDVI trough; pre2000=left-censored; state_only=undatable in 2000-24 window,no_aml_match
MINE_US_00842,-82.532176,37.142639,1.4496,2011,13,2011,0.471,0.724,0.254,-0.00405,stable_restoration,rs_t0,regimeB_v0_RS_t0,RS_derived,t0 = RS reclamation-onset proxy from NDVI trough; pre2000=left-censored; state_only=undatable in 2000-24 window,no_aml_match
MINE_US_00843,-115.525743,39.679683,1.4486,,,2003,0.126,0.163,0.037,0.00149,degraded,state_only_no_t0,regimeB_v0_RS_t0,RS_derived,t0 = RS reclamation-onset proxy from NDVI trough; pre2000=left-censored; state_only=undatable in 2000-24 window,no_aml_match
MINE_US_00844,-88.523933,37.678588,1.4478,2019,5,2019,0.28,0.454,0.173,-0.0118,early_restoration,rs_t0,regimeB_v0_RS_t0,RS_derived,t0 = RS reclamation-onset proxy from NDVI trough; pre2000=left-censored; state_only=undatable in 2000-24 window,no_aml_match
MINE_US_00845,-87.089584,33.812106,1.445,2013,11,2013,0.305,0.605,0.3,-0.00609,stable_restoration,rs_t0,regimeB_v0_RS_t0,RS_derived,t0 = RS reclamation-onset proxy from NDVI trough; pre2000=left-censored; state_only=undatable in 2000-24 window,no_aml_match
MINE_US_00846,-114.128117,45.220133,1.4436,,,2000,0.197,0.407,0.21,0.0079,early_restoration,state_only_no_t0,regimeB_v0_RS_t0,RS_derived,t0 = RS reclamation-onset proxy from NDVI trough; pre2000=left-censored; state_only=undatable in 2000-24 window,no_aml_match
MINE_US_00847,-113.44742,37.124426,1.443,,,2003,0.105,0.145,0.039,0.00213,degraded,state_only_no_t0,regimeB_v0_RS_t0,RS_derived,t0 = RS reclamation-onset proxy from NDVI trough; pre2000=left-censored; state_only=undatable in 2000-24 window,no_aml_match
MINE_US_00848,-110.691116,32.862758,1.4324,,,2001,0.085,0.124,0.039,0.00184,degraded,state_only_no_t0,regimeB_v0_RS_t0,RS_derived,t0 = RS reclamation-onset proxy from NDVI trough; pre2000=left-censored; state_only=undatable in 2000-24 window,no_aml_match
MINE_US_00849,-92.854689,34.435264,1.4318,,,2011,0.278,0.341,0.063,0.00102,early_restoration,state_only_no_t0,regimeB_v0_RS_t0,RS_derived,t0 = RS reclamation-onset proxy from NDVI trough; pre2000=left-censored; state_only=undatable in 2000-24 window,no_aml_match
MINE_US_00850,-79.720654,35.233958,1.4304,,,2019,0.258,0.286,0.029,-0.00838,early_restoration,state_only_no_t0,regimeB_v0_RS_t0,RS_derived,t0 = RS reclamation-onset proxy from NDVI trough; pre2000=left-censored; state_only=undatable in 2000-24 window,no_aml_match
MINE_US_00851,-80.27304,39.663474,1.4292,2009,15,2009,0.514,0.627,0.112,0.00255,stable_restoration,rs_t0,regimeB_v0_RS_t0,RS_derived,t0 = RS reclamation-onset proxy from NDVI trough; pre2000=left-censored; state_only=undatable in 2000-24 window,no_aml_match
MINE_US_00852,-109.907635,32.074162,1.4284,,,2002,-0.119,0.064,0.183,0.00824,degraded,state_only_no_t0,regimeB_v0_RS_t0,RS_derived,t0 = RS reclamation-onset proxy from NDVI trough; pre2000=left-censored; state_only=undatable in 2000-24 window,no_aml_match
MINE_US_00853,-81.729612,38.018892,1.4278,pre2000,,2007,0.591,0.779,0.189,0.00834,stable_restoration,censored_pre2000,regimeB_v0_RS_t0,RS_derived,t0 = RS reclamation-onset proxy from NDVI trough; pre2000=left-censored; state_only=undatable in 2000-24 window,no_aml_match
MINE_US_00854,-117.971537,38.749445,1.4242,,,2001,0.02,0.05,0.03,0.0009,degraded,state_only_no_t0,regimeB_v0_RS_t0,RS_derived,t0 = RS reclamation-onset proxy from NDVI trough; pre2000=left-censored; state_only=undatable in 2000-24 window,no_aml_match
MINE_US_00855,-78.238372,40.852689,1.4229,pre2000,,2011,0.443,0.519,0.076,0.00079,stable_restoration,censored_pre2000,regimeB_v0_RS_t0,RS_derived,t0 = RS reclamation-onset proxy from NDVI trough; pre2000=left-censored; state_only=undatable in 2000-24 window,aml_listed_not_complete
MINE_US_00856,-81.440195,40.368463,1.4196,2006,18,2006,0.286,0.418,0.132,0.00309,early_restoration,rs_t0,regimeB_v0_RS_t0,RS_derived,t0 = RS reclamation-onset proxy from NDVI trough; pre2000=left-censored; state_only=undatable in 2000-24 window,no_aml_match
MINE_US_00857,-119.657061,39.516109,1.4171,,,2020,0.06,0.085,0.025,0.00022,degraded,state_only_no_t0,regimeB_v0_RS_t0,RS_derived,t0 = RS reclamation-onset proxy from NDVI trough; pre2000=left-censored; state_only=undatable in 2000-24 window,no_aml_match
MINE_US_00858,-88.168078,37.498551,1.4112,pre2000,,2000,0.349,0.576,0.227,0.01028,stable_restoration,censored_pre2000,regimeB_v0_RS_t0,RS_derived,t0 = RS reclamation-onset proxy from NDVI trough; pre2000=left-censored; state_only=undatable in 2000-24 window,no_aml_match
MINE_US_00859,-81.311565,37.970725,1.4082,pre2000,,2024,0.617,0.628,0.011,-0.00424,stable_restoration,censored_pre2000,regimeB_v0_RS_t0,RS_derived,t0 = RS reclamation-onset proxy from NDVI trough; pre2000=left-censored; state_only=undatable in 2000-24 window,no_aml_match
MINE_US_00860,-80.413931,40.634406,1.4059,pre2000,,2001,0.365,0.506,0.141,0.00442,stable_restoration,censored_pre2000,regimeB_v0_RS_t0,RS_derived,t0 = RS reclamation-onset proxy from NDVI trough; pre2000=left-censored; state_only=undatable in 2000-24 window,no_aml_match
MINE_US_00861,-105.499112,44.394805,1.398,,,2003,0.166,0.297,0.131,0.0043,early_restoration,state_only_no_t0,regimeB_v0_RS_t0,RS_derived,t0 = RS reclamation-onset proxy from NDVI trough; pre2000=left-censored; state_only=undatable in 2000-24 window,no_aml_match
MINE_US_00862,-78.892846,40.47625,1.3957,2017,7,2017,0.485,0.73,0.244,-0.0108,stable_restoration,rs_t0,regimeB_v0_RS_t0,RS_derived,t0 = RS reclamation-onset proxy from NDVI trough; pre2000=left-censored; state_only=undatable in 2000-24 window,aml_listed_not_complete
MINE_US_00863,-81.27889,37.62265,1.3951,2011,13,2011,0.578,0.725,0.147,0.00299,stable_restoration,rs_t0,regimeB_v0_RS_t0,RS_derived,t0 = RS reclamation-onset proxy from NDVI trough; pre2000=left-censored; state_only=undatable in 2000-24 window,no_aml_match
MINE_US_00864,-96.490153,31.28818,1.3918,2008,16,2008,0.234,0.387,0.153,-0.01017,early_restoration,rs_t0,regimeB_v0_RS_t0,RS_derived,t0 = RS reclamation-onset proxy from NDVI trough; pre2000=left-censored; state_only=undatable in 2000-24 window,no_aml_match
MINE_US_00865,-105.509833,44.384976,1.3893,,,2003,0.148,0.257,0.109,0.00415,early_restoration,state_only_no_t0,regimeB_v0_RS_t0,RS_derived,t0 = RS reclamation-onset proxy from NDVI trough; pre2000=left-censored; state_only=undatable in 2000-24 window,no_aml_match
MINE_US_00866,-82.635514,37.493416,1.3865,2015,9,2015,0.673,0.819,0.146,-0.00255,stable_restoration,rs_t0,regimeB_v0_RS_t0,RS_derived,t0 = RS reclamation-onset proxy from NDVI trough; pre2000=left-censored; state_only=undatable in 2000-24 window,no_aml_match
MINE_US_00867,-88.417228,37.755427,1.3847,2016,8,2016,0.204,0.355,0.151,-0.00954,early_restoration,rs_t0,regimeB_v0_RS_t0,RS_derived,t0 = RS reclamation-onset proxy from NDVI trough; pre2000=left-censored; state_only=undatable in 2000-24 window,no_aml_match
MINE_US_00868,-91.10854,37.702376,1.3833,,,2010,0.217,0.417,0.2,0.00866,early_restoration,state_only_no_t0,regimeB_v0_RS_t0,RS_derived,t0 = RS reclamation-onset proxy from NDVI trough; pre2000=left-censored; state_only=undatable in 2000-24 window,no_aml_match
MINE_US_00869,-112.156276,40.582506,1.3832,,,2000,0.135,0.268,0.133,0.00453,early_restoration,state_only_no_t0,regimeB_v0_RS_t0,RS_derived,t0 = RS reclamation-onset proxy from NDVI trough; pre2000=left-censored; state_only=undatable in 2000-24 window,no_aml_match
MINE_US_00870,-81.50317,37.942212,1.3823,pre2000,,2000,0.679,0.689,0.01,0.00038,stable_restoration,censored_pre2000,regimeB_v0_RS_t0,RS_derived,t0 = RS reclamation-onset proxy from NDVI trough; pre2000=left-censored; state_only=undatable in 2000-24 window,no_aml_match
MINE_US_00871,-98.438648,28.697982,1.3815,,,2010,0.202,0.298,0.096,0.00052,early_restoration,state_only_no_t0,regimeB_v0_RS_t0,RS_derived,t0 = RS reclamation-onset proxy from NDVI trough; pre2000=left-censored; state_only=undatable in 2000-24 window,no_aml_match
MINE_US_00872,-107.053701,45.756177,1.3795,,,2015,0.154,0.24,0.086,-0.0062,early_restoration,state_only_no_t0,regimeB_v0_RS_t0,RS_derived,t0 = RS reclamation-onset proxy from NDVI trough; pre2000=left-censored; state_only=undatable in 2000-24 window,no_aml_match
MINE_US_00873,-81.948009,38.94704,1.3783,2007,17,2007,0.428,0.633,0.205,0.00335,early_restoration,rs_t0,regimeB_v0_RS_t0,RS_derived,t0 = RS reclamation-onset proxy from NDVI trough; pre2000=left-censored; state_only=undatable in 2000-24 window,no_aml_match
MINE_US_00874,-82.40031,37.108658,1.3767,pre2000,,2016,0.532,0.541,0.009,-0.0037,stable_restoration,censored_pre2000,regimeB_v0_RS_t0,RS_derived,t0 = RS reclamation-onset proxy from NDVI trough; pre2000=left-censored; state_only=undatable in 2000-24 window,no_aml_match
MINE_US_00875,-80.456471,34.692318,1.3764,,,2019,0.359,0.4,0.041,-0.0024,early_restoration,state_only_no_t0,regimeB_v0_RS_t0,RS_derived,t0 = RS reclamation-onset proxy from NDVI trough; pre2000=left-censored; state_only=undatable in 2000-24 window,no_aml_match
MINE_US_00876,-82.343686,38.150121,1.3762,2011,13,2011,0.4,0.617,0.217,0.0024,stable_restoration,rs_t0,regimeB_v0_RS_t0,RS_derived,t0 = RS reclamation-onset proxy from NDVI trough; pre2000=left-censored; state_only=undatable in 2000-24 window,no_aml_match
MINE_US_00877,-105.347083,43.477155,1.3752,,,2003,0.115,0.142,0.026,0.00054,degraded,state_only_no_t0,regimeB_v0_RS_t0,RS_derived,t0 = RS reclamation-onset proxy from NDVI trough; pre2000=left-censored; state_only=undatable in 2000-24 window,no_aml_match
MINE_US_00878,-80.910326,40.431851,1.3744,,,2024,0.425,0.435,0.01,-0.0119,early_restoration,state_only_no_t0,regimeB_v0_RS_t0,RS_derived,t0 = RS reclamation-onset proxy from NDVI trough; pre2000=left-censored; state_only=undatable in 2000-24 window,no_aml_match
MINE_US_00879,-114.329469,38.466317,1.3736,,,2001,0.18,0.216,0.036,0.00163,degraded,state_only_no_t0,regimeB_v0_RS_t0,RS_derived,t0 = RS reclamation-onset proxy from NDVI trough; pre2000=left-censored; state_only=undatable in 2000-24 window,no_aml_match
MINE_US_00880,-78.80136,40.375328,1.3728,2014,10,2014,0.461,0.724,0.263,-0.01222,stable_restoration,rs_t0,regimeB_v0_RS_t0,RS_derived,t0 = RS reclamation-onset proxy from NDVI trough; pre2000=left-censored; state_only=undatable in 2000-24 window,aml_listed_not_complete
MINE_US_00881,-105.82792,39.754688,1.3719,,,2003,0.336,0.437,0.101,0.00355,early_restoration,state_only_no_t0,regimeB_v0_RS_t0,RS_derived,t0 = RS reclamation-onset proxy from NDVI trough; pre2000=left-censored; state_only=undatable in 2000-24 window,no_aml_match
MINE_US_00882,-82.74283,38.370656,1.3673,,,2015,0.473,0.483,0.01,-0.01512,early_restoration,state_only_no_t0,regimeB_v0_RS_t0,RS_derived,t0 = RS reclamation-onset proxy from NDVI trough; pre2000=left-censored; state_only=undatable in 2000-24 window,no_aml_match
MINE_US_00883,-78.376613,40.853862,1.3667,2010,14,2010,0.487,0.734,0.248,0.00087,stable_restoration,rs_t0,regimeB_v0_RS_t0,RS_derived,t0 = RS reclamation-onset proxy from NDVI trough; pre2000=left-censored; state_only=undatable in 2000-24 window,aml_listed_not_complete
MINE_US_00884,-87.249402,38.799701,1.3624,2011,13,2011,0.224,0.38,0.157,-0.01356,early_restoration,rs_t0,regimeB_v0_RS_t0,RS_derived,t0 = RS reclamation-onset proxy from NDVI trough; pre2000=left-censored; state_only=undatable in 2000-24 window,no_aml_match
MINE_US_00885,-81.668335,38.15122,1.3621,2019,5,2019,0.367,0.486,0.119,-0.02082,early_restoration,rs_t0,regimeB_v0_RS_t0,RS_derived,t0 = RS reclamation-onset proxy from NDVI trough; pre2000=left-censored; state_only=undatable in 2000-24 window,no_aml_match
MINE_US_00886,-82.08171,39.874677,1.3598,pre2000,,2008,0.451,0.602,0.151,0.00699,stable_restoration,censored_pre2000,regimeB_v0_RS_t0,RS_derived,t0 = RS reclamation-onset proxy from NDVI trough; pre2000=left-censored; state_only=undatable in 2000-24 window,no_aml_match
MINE_US_00887,-88.204477,37.50782,1.3577,,,2013,0.349,0.412,0.063,-0.0057,early_restoration,state_only_no_t0,regimeB_v0_RS_t0,RS_derived,t0 = RS reclamation-onset proxy from NDVI trough; pre2000=left-censored; state_only=undatable in 2000-24 window,no_aml_match
MINE_US_00888,-109.665555,38.517654,1.3569,,,2000,0.084,0.109,0.025,0.00117,degraded,state_only_no_t0,regimeB_v0_RS_t0,RS_derived,t0 = RS reclamation-onset proxy from NDVI trough; pre2000=left-censored; state_only=undatable in 2000-24 window,no_aml_match
MINE_US_00889,-79.253174,40.066381,1.3552,2011,13,2011,0.433,0.535,0.102,-0.00123,stable_restoration,rs_t0,regimeB_v0_RS_t0,RS_derived,t0 = RS reclamation-onset proxy from NDVI trough; pre2000=left-censored; state_only=undatable in 2000-24 window,no_aml_match
MINE_US_00890,-81.756136,38.032514,1.354,2012,12,2012,0.548,0.681,0.132,0.00229,stable_restoration,rs_t0,regimeB_v0_RS_t0,RS_derived,t0 = RS reclamation-onset proxy from NDVI trough; pre2000=left-censored; state_only=undatable in 2000-24 window,no_aml_match
MINE_US_00891,-87.675808,34.396747,1.3532,,,2018,0.347,0.396,0.049,-0.00874,early_restoration,state_only_no_t0,regimeB_v0_RS_t0,RS_derived,t0 = RS reclamation-onset proxy from NDVI trough; pre2000=left-censored; state_only=undatable in 2000-24 window,no_aml_match
MINE_US_00892,-81.33186,37.232631,1.3523,,,2019,0.382,0.433,0.051,-0.00462,early_restoration,state_only_no_t0,regimeB_v0_RS_t0,RS_derived,t0 = RS reclamation-onset proxy from NDVI trough; pre2000=left-censored; state_only=undatable in 2000-24 window,no_aml_match
MINE_US_00893,-81.487729,40.344157,1.3513,2006,18,2006,0.372,0.496,0.124,0.00167,early_restoration,rs_t0,regimeB_v0_RS_t0,RS_derived,t0 = RS reclamation-onset proxy from NDVI trough; pre2000=left-censored; state_only=undatable in 2000-24 window,no_aml_match
MINE_US_00894,-80.287045,39.6108,1.3465,pre2000,,2014,0.549,0.642,0.093,0.00071,stable_restoration,censored_pre2000,regimeB_v0_RS_t0,RS_derived,t0 = RS reclamation-onset proxy from NDVI trough; pre2000=left-censored; state_only=undatable in 2000-24 window,no_aml_match
MINE_US_00895,-81.353902,38.069912,1.3459,,,2015,0.325,0.411,0.086,-0.02861,early_restoration,state_only_no_t0,regimeB_v0_RS_t0,RS_derived,t0 = RS reclamation-onset proxy from NDVI trough; pre2000=left-censored; state_only=undatable in 2000-24 window,no_aml_match
MINE_US_00896,-109.871381,45.388397,1.3454,,,2011,0.151,0.199,0.047,0.00034,degraded,state_only_no_t0,regimeB_v0_RS_t0,RS_derived,t0 = RS reclamation-onset proxy from NDVI trough; pre2000=left-censored; state_only=undatable in 2000-24 window,no_aml_match
MINE_US_00897,-115.738107,39.291169,1.3444,,,2020,0.102,0.105,0.003,-0.00315,degraded,state_only_no_t0,regimeB_v0_RS_t0,RS_derived,t0 = RS reclamation-onset proxy from NDVI trough; pre2000=left-censored; state_only=undatable in 2000-24 window,no_aml_match
MINE_US_00898,-117.042879,40.319448,1.3426,,,2001,0.087,0.115,0.028,0.0013,degraded,state_only_no_t0,regimeB_v0_RS_t0,RS_derived,t0 = RS reclamation-onset proxy from NDVI trough; pre2000=left-censored; state_only=undatable in 2000-24 window,no_aml_match
MINE_US_00899,-86.941135,33.194014,1.3417,2013,11,2013,0.513,0.684,0.171,-0.00151,stable_restoration,rs_t0,regimeB_v0_RS_t0,RS_derived,t0 = RS reclamation-onset proxy from NDVI trough; pre2000=left-censored; state_only=undatable in 2000-24 window,no_aml_match
MINE_US_00900,-112.311907,33.666969,1.3407,,,2003,0.07,0.095,0.024,0.00095,degraded,state_only_no_t0,regimeB_v0_RS_t0,RS_derived,t0 = RS reclamation-onset proxy from NDVI trough; pre2000=left-censored; state_only=undatable in 2000-24 window,no_aml_match
MINE_US_00901,-86.693065,33.180249,1.3398,,,2024,0.44,0.456,0.016,-0.00359,early_restoration,state_only_no_t0,regimeB_v0_RS_t0,RS_derived,t0 = RS reclamation-onset proxy from NDVI trough; pre2000=left-censored; state_only=undatable in 2000-24 window,no_aml_match
MINE_US_00902,-89.038421,38.13795,1.3396,,,2000,0.262,0.484,0.222,0.00924,early_restoration,state_only_no_t0,regimeB_v0_RS_t0,RS_derived,t0 = RS reclamation-onset proxy from NDVI trough; pre2000=left-censored; state_only=undatable in 2000-24 window,no_aml_match
MINE_US_00903,-107.897991,42.053786,1.3379,,,2001,0.07,0.107,0.037,0.00166,degraded,state_only_no_t0,regimeB_v0_RS_t0,RS_derived,t0 = RS reclamation-onset proxy from NDVI trough; pre2000=left-censored; state_only=undatable in 2000-24 window,no_aml_match
MINE_US_00904,-88.085511,38.067842,1.3363,2011,13,2011,0.411,0.518,0.106,0.00107,stable_restoration,rs_t0,regimeB_v0_RS_t0,RS_derived,t0 = RS reclamation-onset proxy from NDVI trough; pre2000=left-censored; state_only=undatable in 2000-24 window,no_aml_match
MINE_US_00905,-79.531254,39.186248,1.3319,pre2000,,2007,0.49,0.595,0.104,0.00366,stable_restoration,censored_pre2000,regimeB_v0_RS_t0,RS_derived,t0 = RS reclamation-onset proxy from NDVI trough; pre2000=left-censored; state_only=undatable in 2000-24 window,no_aml_match
MINE_US_00906,-79.03851,39.535199,1.3301,,,2016,0.422,0.478,0.057,-0.00782,early_restoration,state_only_no_t0,regimeB_v0_RS_t0,RS_derived,t0 = RS reclamation-onset proxy from NDVI trough; pre2000=left-censored; state_only=undatable in 2000-24 window,no_aml_match
MINE_US_00907,-82.719911,37.525775,1.3294,2008,16,2008,0.474,0.675,0.201,-0.00315,stable_restoration,rs_t0,regimeB_v0_RS_t0,RS_derived,t0 = RS reclamation-onset proxy from NDVI trough; pre2000=left-censored; state_only=undatable in 2000-24 window,no_aml_match
MINE_US_00908,-107.494953,32.970058,1.3285,,,2010,0.133,0.206,0.073,0.00176,degraded,state_only_no_t0,regimeB_v0_RS_t0,RS_derived,t0 = RS reclamation-onset proxy from NDVI trough; pre2000=left-censored; state_only=undatable in 2000-24 window,no_aml_match
MINE_US_00909,-81.773128,38.202444,1.328,2009,15,2009,0.422,0.7,0.277,0.00036,stable_restoration,rs_t0,regimeB_v0_RS_t0,RS_derived,t0 = RS reclamation-onset proxy from NDVI trough; pre2000=left-censored; state_only=undatable in 2000-24 window,no_aml_match
MINE_US_00910,-113.217369,39.708704,1.3275,,,2000,0.05,0.092,0.042,0.00181,degraded,state_only_no_t0,regimeB_v0_RS_t0,RS_derived,t0 = RS reclamation-onset proxy from NDVI trough; pre2000=left-censored; state_only=undatable in 2000-24 window,no_aml_match
MINE_US_00911,-103.951028,32.601304,1.3266,,,2011,0.136,0.167,0.031,-0.00136,degraded,state_only_no_t0,regimeB_v0_RS_t0,RS_derived,t0 = RS reclamation-onset proxy from NDVI trough; pre2000=left-censored; state_only=undatable in 2000-24 window,no_aml_match
MINE_US_00912,-81.260529,40.718128,1.3264,pre2000,,2007,0.337,0.541,0.204,0.0061,stable_restoration,censored_pre2000,regimeB_v0_RS_t0,RS_derived,t0 = RS reclamation-onset proxy from NDVI trough; pre2000=left-censored; state_only=undatable in 2000-24 window,no_aml_match
MINE_US_00913,-82.237878,37.298427,1.3264,2016,8,2016,0.523,0.707,0.183,-0.01073,stable_restoration,rs_t0,regimeB_v0_RS_t0,RS_derived,t0 = RS reclamation-onset proxy from NDVI trough; pre2000=left-censored; state_only=undatable in 2000-24 window,no_aml_match
MINE_US_00914,-81.229463,37.707452,1.3262,pre2000,,2024,0.551,0.559,0.009,-0.0127,stable_restoration,censored_pre2000,regimeB_v0_RS_t0,RS_derived,t0 = RS reclamation-onset proxy from NDVI trough; pre2000=left-censored; state_only=undatable in 2000-24 window,no_aml_match
MINE_US_00915,-81.617652,37.839877,1.324,pre2000,,2019,0.469,0.525,0.056,-0.00481,stable_restoration,censored_pre2000,regimeB_v0_RS_t0,RS_derived,t0 = RS reclamation-onset proxy from NDVI trough; pre2000=left-censored; state_only=undatable in 2000-24 window,no_aml_match
MINE_US_00916,-115.11689,35.266965,1.3224,,,2006,0.061,0.091,0.03,0.00032,degraded,state_only_no_t0,regimeB_v0_RS_t0,RS_derived,t0 = RS reclamation-onset proxy from NDVI trough; pre2000=left-censored; state_only=undatable in 2000-24 window,no_aml_match
MINE_US_00917,-105.340825,37.255975,1.3199,,,2001,0.212,0.276,0.065,0.002,early_restoration,state_only_no_t0,regimeB_v0_RS_t0,RS_derived,t0 = RS reclamation-onset proxy from NDVI trough; pre2000=left-censored; state_only=undatable in 2000-24 window,no_aml_match
MINE_US_00918,-111.670468,33.605128,1.3182,,,2015,0.025,0.101,0.076,-0.00606,degraded,state_only_no_t0,regimeB_v0_RS_t0,RS_derived,t0 = RS reclamation-onset proxy from NDVI trough; pre2000=left-censored; state_only=undatable in 2000-24 window,no_aml_match
MINE_US_00919,-87.395531,38.943546,1.3161,2011,13,2011,0.413,0.57,0.158,-0.00367,stable_restoration,rs_t0,regimeB_v0_RS_t0,RS_derived,t0 = RS reclamation-onset proxy from NDVI trough; pre2000=left-censored; state_only=undatable in 2000-24 window,no_aml_match
MINE_US_00920,-80.23899,38.915028,1.3156,2014,10,2014,0.611,0.735,0.124,-0.00455,stable_restoration,rs_t0,regimeB_v0_RS_t0,RS_derived,t0 = RS reclamation-onset proxy from NDVI trough; pre2000=left-censored; state_only=undatable in 2000-24 window,no_aml_match
MINE_US_00921,-96.577167,31.238891,1.3108,,,2018,0.309,0.353,0.044,-0.01711,early_restoration,state_only_no_t0,regimeB_v0_RS_t0,RS_derived,t0 = RS reclamation-onset proxy from NDVI trough; pre2000=left-censored; state_only=undatable in 2000-24 window,no_aml_match
MINE_US_00922,-110.061546,31.702637,1.308,,,2007,0.092,0.164,0.072,0.00232,degraded,state_only_no_t0,regimeB_v0_RS_t0,RS_derived,t0 = RS reclamation-onset proxy from NDVI trough; pre2000=left-censored; state_only=undatable in 2000-24 window,no_aml_match
MINE_US_00923,-117.692365,35.320921,1.306,,,2007,0.039,0.096,0.057,0.00133,degraded,state_only_no_t0,regimeB_v0_RS_t0,RS_derived,t0 = RS reclamation-onset proxy from NDVI trough; pre2000=left-censored; state_only=undatable in 2000-24 window,no_aml_match
MINE_US_00924,-83.038805,36.841338,1.3057,pre2000,,2021,0.472,0.5,0.028,-0.00564,stable_restoration,censored_pre2000,regimeB_v0_RS_t0,RS_derived,t0 = RS reclamation-onset proxy from NDVI trough; pre2000=left-censored; state_only=undatable in 2000-24 window,no_aml_match
MINE_US_00925,-112.084577,34.776293,1.3035,,,2003,0.09,0.134,0.044,0.00146,degraded,state_only_no_t0,regimeB_v0_RS_t0,RS_derived,t0 = RS reclamation-onset proxy from NDVI trough; pre2000=left-censored; state_only=undatable in 2000-24 window,no_aml_match
MINE_US_00926,-110.040011,32.077535,1.2992,,,2001,0.15,0.231,0.082,0.00347,early_restoration,state_only_no_t0,regimeB_v0_RS_t0,RS_derived,t0 = RS reclamation-onset proxy from NDVI trough; pre2000=left-censored; state_only=undatable in 2000-24 window,no_aml_match
MINE_US_00927,-117.950103,40.73298,1.2991,,,2003,0.116,0.171,0.055,0.00182,degraded,state_only_no_t0,regimeB_v0_RS_t0,RS_derived,t0 = RS reclamation-onset proxy from NDVI trough; pre2000=left-censored; state_only=undatable in 2000-24 window,no_aml_match
MINE_US_00928,-112.112009,34.781419,1.2977,,,2003,0.09,0.128,0.038,0.00116,degraded,state_only_no_t0,regimeB_v0_RS_t0,RS_derived,t0 = RS reclamation-onset proxy from NDVI trough; pre2000=left-censored; state_only=undatable in 2000-24 window,no_aml_match
MINE_US_00929,-79.589694,40.718938,1.2964,2008,16,2008,0.476,0.724,0.248,0.00171,stable_restoration,rs_t0,regimeB_v0_RS_t0,RS_derived,t0 = RS reclamation-onset proxy from NDVI trough; pre2000=left-censored; state_only=undatable in 2000-24 window,no_aml_match
MINE_US_00930,-81.389335,37.346167,1.2939,2018,6,2018,0.485,0.65,0.165,-0.01403,stable_restoration,rs_t0,regimeB_v0_RS_t0,RS_derived,t0 = RS reclamation-onset proxy from NDVI trough; pre2000=left-censored; state_only=undatable in 2000-24 window,no_aml_match
MINE_US_00931,-109.877623,31.423331,1.2921,,,2013,0.002,0.014,0.012,8e-05,degraded,state_only_no_t0,regimeB_v0_RS_t0,RS_derived,t0 = RS reclamation-onset proxy from NDVI trough; pre2000=left-censored; state_only=undatable in 2000-24 window,no_aml_match
MINE_US_00932,-94.487396,32.462988,1.291,,,2000,0.253,0.309,0.056,0.00137,early_restoration,state_only_no_t0,regimeB_v0_RS_t0,RS_derived,t0 = RS reclamation-onset proxy from NDVI trough; pre2000=left-censored; state_only=undatable in 2000-24 window,no_aml_match
MINE_US_00933,-87.701733,38.302707,1.2903,,,2012,0.335,0.392,0.057,-0.02485,early_restoration,state_only_no_t0,regimeB_v0_RS_t0,RS_derived,t0 = RS reclamation-onset proxy from NDVI trough; pre2000=left-censored; state_only=undatable in 2000-24 window,no_aml_match
MINE_US_00934,-82.219976,37.318823,1.2844,2015,9,2015,0.487,0.703,0.215,-0.013,stable_restoration,rs_t0,regimeB_v0_RS_t0,RS_derived,t0 = RS reclamation-onset proxy from NDVI trough; pre2000=left-censored; state_only=undatable in 2000-24 window,no_aml_match
MINE_US_00935,-93.36952,31.97815,1.2837,2015,9,2015,0.281,0.528,0.246,-0.01327,stable_restoration,rs_t0,regimeB_v0_RS_t0,RS_derived,t0 = RS reclamation-onset proxy from NDVI trough; pre2000=left-censored; state_only=undatable in 2000-24 window,no_aml_match
MINE_US_00936,-87.351327,39.30302,1.2827,,,2001,0.309,0.498,0.189,0.0053,early_restoration,state_only_no_t0,regimeB_v0_RS_t0,RS_derived,t0 = RS reclamation-onset proxy from NDVI trough; pre2000=left-censored; state_only=undatable in 2000-24 window,no_aml_match
MINE_US_00937,-81.292234,37.665129,1.2822,2011,13,2011,0.594,0.78,0.186,0.00278,stable_restoration,rs_t0,regimeB_v0_RS_t0,RS_derived,t0 = RS reclamation-onset proxy from NDVI trough; pre2000=left-censored; state_only=undatable in 2000-24 window,no_aml_match
MINE_US_00938,-110.089513,45.508887,1.2822,,,2024,0.106,0.113,0.007,-0.00545,degraded,state_only_no_t0,regimeB_v0_RS_t0,RS_derived,t0 = RS reclamation-onset proxy from NDVI trough; pre2000=left-censored; state_only=undatable in 2000-24 window,no_aml_match
MINE_US_00939,-80.714311,40.017262,1.2817,,,2018,0.393,0.439,0.045,-0.01409,early_restoration,state_only_no_t0,regimeB_v0_RS_t0,RS_derived,t0 = RS reclamation-onset proxy from NDVI trough; pre2000=left-censored; state_only=undatable in 2000-24 window,no_aml_match
MINE_US_00940,-76.457147,40.621173,1.2796,pre2000,,2000,0.482,0.673,0.191,0.00822,stable_restoration,censored_pre2000,regimeB_v0_RS_t0,RS_derived,t0 = RS reclamation-onset proxy from NDVI trough; pre2000=left-censored; state_only=undatable in 2000-24 window,aml_listed_not_complete
MINE_US_00941,-110.777876,33.006875,1.2728,,,2001,0.021,0.069,0.048,0.00204,degraded,state_only_no_t0,regimeB_v0_RS_t0,RS_derived,t0 = RS reclamation-onset proxy from NDVI trough; pre2000=left-censored; state_only=undatable in 2000-24 window,no_aml_match
MINE_US_00942,-80.994099,38.302,1.2725,pre2000,,2000,0.444,0.671,0.228,0.00957,stable_restoration,censored_pre2000,regimeB_v0_RS_t0,RS_derived,t0 = RS reclamation-onset proxy from NDVI trough; pre2000=left-censored; state_only=undatable in 2000-24 window,no_aml_match
MINE_US_00943,-81.373313,37.455182,1.2686,2009,15,2009,0.361,0.761,0.4,0.0022,stable_restoration,rs_t0,regimeB_v0_RS_t0,RS_derived,t0 = RS reclamation-onset proxy from NDVI trough; pre2000=left-censored; state_only=undatable in 2000-24 window,no_aml_match
MINE_US_00944,-116.005253,41.340056,1.2683,,,2000,0.108,0.266,0.158,0.00728,early_restoration,state_only_no_t0,regimeB_v0_RS_t0,RS_derived,t0 = RS reclamation-onset proxy from NDVI trough; pre2000=left-censored; state_only=undatable in 2000-24 window,no_aml_match
MINE_US_00945,-76.063881,40.93322,1.2681,,,2024,0.423,0.444,0.021,-0.00563,early_restoration,state_only_no_t0,regimeB_v0_RS_t0,RS_derived,t0 = RS reclamation-onset proxy from NDVI trough; pre2000=left-censored; state_only=undatable in 2000-24 window,aml_listed_not_complete
MINE_US_00946,-81.568973,37.571389,1.2671,pre2000,,2015,0.549,0.579,0.03,-0.0062,stable_restoration,censored_pre2000,regimeB_v0_RS_t0,RS_derived,t0 = RS reclamation-onset proxy from NDVI trough; pre2000=left-censored; state_only=undatable in 2000-24 window,no_aml_match
MINE_US_00947,-81.771128,37.257208,1.2657,2013,11,2013,0.429,0.632,0.203,-0.01853,stable_restoration,rs_t0,regimeB_v0_RS_t0,RS_derived,t0 = RS reclamation-onset proxy from NDVI trough; pre2000=left-censored; state_only=undatable in 2000-24 window,no_aml_match
MINE_US_00948,-92.944703,34.46822,1.2643,2011,13,2011,0.355,0.529,0.173,0.00578,stable_restoration,rs_t0,regimeB_v0_RS_t0,RS_derived,t0 = RS reclamation-onset proxy from NDVI trough; pre2000=left-censored; state_only=undatable in 2000-24 window,no_aml_match
MINE_US_00949,-105.231792,39.8891,1.2635,,,2007,0.178,0.209,0.03,-0.00021,degraded,state_only_no_t0,regimeB_v0_RS_t0,RS_derived,t0 = RS reclamation-onset proxy from NDVI trough; pre2000=left-censored; state_only=undatable in 2000-24 window,no_aml_match
MINE_US_00950,-103.85167,44.397345,1.2617,pre2000,,2001,0.498,0.552,0.054,0.00242,stable_restoration,censored_pre2000,regimeB_v0_RS_t0,RS_derived,t0 = RS reclamation-onset proxy from NDVI trough; pre2000=left-censored; state_only=undatable in 2000-24 window,no_aml_match
MINE_US_00951,-111.803344,32.858156,1.2604,,,2003,0.091,0.107,0.016,0.00033,degraded,state_only_no_t0,regimeB_v0_RS_t0,RS_derived,t0 = RS reclamation-onset proxy from NDVI trough; pre2000=left-censored; state_only=undatable in 2000-24 window,no_aml_match
MINE_US_00952,-106.312183,38.537601,1.2583,,,2003,0.162,0.232,0.07,0.00297,early_restoration,state_only_no_t0,regimeB_v0_RS_t0,RS_derived,t0 = RS reclamation-onset proxy from NDVI trough; pre2000=left-censored; state_only=undatable in 2000-24 window,no_aml_match
MINE_US_00953,-83.139145,37.06298,1.2568,pre2000,,2006,0.478,0.593,0.115,0.0047,stable_restoration,censored_pre2000,regimeB_v0_RS_t0,RS_derived,t0 = RS reclamation-onset proxy from NDVI trough; pre2000=left-censored; state_only=undatable in 2000-24 window,no_aml_match
MINE_US_00954,-79.389066,39.181742,1.2568,2013,11,2013,0.491,0.62,0.128,-0.00814,stable_restoration,rs_t0,regimeB_v0_RS_t0,RS_derived,t0 = RS reclamation-onset proxy from NDVI trough; pre2000=left-censored; state_only=undatable in 2000-24 window,no_aml_match
MINE_US_00955,-82.132904,37.832234,1.2425,2013,11,2013,0.567,0.795,0.228,-0.00319,stable_restoration,rs_t0,regimeB_v0_RS_t0,RS_derived,t0 = RS reclamation-onset proxy from NDVI trough; pre2000=left-censored; state_only=undatable in 2000-24 window,no_aml_match
MINE_US_00956,-79.24721,39.42282,1.2404,2016,8,2016,0.521,0.704,0.182,-0.0108,stable_restoration,rs_t0,regimeB_v0_RS_t0,RS_derived,t0 = RS reclamation-onset proxy from NDVI trough; pre2000=left-censored; state_only=undatable in 2000-24 window,no_aml_match
MINE_US_00957,-93.220301,47.381162,1.2401,2015,9,2015,0.482,0.623,0.141,-0.00845,stable_restoration,rs_t0,regimeB_v0_RS_t0,RS_derived,t0 = RS reclamation-onset proxy from NDVI trough; pre2000=left-censored; state_only=undatable in 2000-24 window,no_aml_match
MINE_US_00958,-82.04191,37.502678,1.2351,2020,4,2020,0.456,0.611,0.155,-0.01905,stable_restoration,rs_t0,regimeB_v0_RS_t0,RS_derived,t0 = RS reclamation-onset proxy from NDVI trough; pre2000=left-censored; state_only=undatable in 2000-24 window,no_aml_match
MINE_US_00959,-82.518064,37.961381,1.2348,2014,10,2014,0.679,0.838,0.159,-0.00258,stable_restoration,rs_t0,regimeB_v0_RS_t0,RS_derived,t0 = RS reclamation-onset proxy from NDVI trough; pre2000=left-censored; state_only=undatable in 2000-24 window,no_aml_match
MINE_US_00960,-109.891783,32.060886,1.234,,,2007,0.106,0.159,0.052,0.00261,degraded,state_only_no_t0,regimeB_v0_RS_t0,RS_derived,t0 = RS reclamation-onset proxy from NDVI trough; pre2000=left-censored; state_only=undatable in 2000-24 window,no_aml_match
MINE_US_00961,-107.780968,42.340504,1.2321,,,2001,0.056,0.123,0.067,0.00311,degraded,state_only_no_t0,regimeB_v0_RS_t0,RS_derived,t0 = RS reclamation-onset proxy from NDVI trough; pre2000=left-censored; state_only=undatable in 2000-24 window,no_aml_match
MINE_US_00962,-96.751047,29.914685,1.2305,,,2010,0.174,0.272,0.098,0.00129,early_restoration,state_only_no_t0,regimeB_v0_RS_t0,RS_derived,t0 = RS reclamation-onset proxy from NDVI trough; pre2000=left-censored; state_only=undatable in 2000-24 window,no_aml_match
MINE_US_00963,-77.560894,36.889609,1.2284,2011,13,2011,0.252,0.522,0.27,-0.01259,stable_restoration,rs_t0,regimeB_v0_RS_t0,RS_derived,t0 = RS reclamation-onset proxy from NDVI trough; pre2000=left-censored; state_only=undatable in 2000-24 window,no_aml_match
MINE_US_00964,-106.28995,42.886173,1.2279,,,2011,0.145,0.186,0.041,0.00036,degraded,state_only_no_t0,regimeB_v0_RS_t0,RS_derived,t0 = RS reclamation-onset proxy from NDVI trough; pre2000=left-censored; state_only=undatable in 2000-24 window,no_aml_match
MINE_US_00965,-82.281064,37.466729,1.2258,pre2000,,2004,0.623,0.775,0.151,0.00498,stable_restoration,censored_pre2000,regimeB_v0_RS_t0,RS_derived,t0 = RS reclamation-onset proxy from NDVI trough; pre2000=left-censored; state_only=undatable in 2000-24 window,no_aml_match
MINE_US_00966,-82.391562,37.319621,1.2241,2015,9,2015,0.44,0.629,0.189,-0.01654,stable_restoration,rs_t0,regimeB_v0_RS_t0,RS_derived,t0 = RS reclamation-onset proxy from NDVI trough; pre2000=left-censored; state_only=undatable in 2000-24 window,no_aml_match
MINE_US_00967,-117.758081,40.897694,1.221,,,2012,0.086,0.128,0.042,0.00091,degraded,state_only_no_t0,regimeB_v0_RS_t0,RS_derived,t0 = RS reclamation-onset proxy from NDVI trough; pre2000=left-censored; state_only=undatable in 2000-24 window,no_aml_match
MINE_US_00968,-86.855442,33.180308,1.2162,,,2011,0.358,0.444,0.086,0.00331,early_restoration,state_only_no_t0,regimeB_v0_RS_t0,RS_derived,t0 = RS reclamation-onset proxy from NDVI trough; pre2000=left-censored; state_only=undatable in 2000-24 window,no_aml_match
MINE_US_00969,-117.800002,41.931321,1.2144,,,2003,0.075,0.113,0.038,0.00165,degraded,state_only_no_t0,regimeB_v0_RS_t0,RS_derived,t0 = RS reclamation-onset proxy from NDVI trough; pre2000=left-censored; state_only=undatable in 2000-24 window,no_aml_match
MINE_US_00970,-114.341156,40.151532,1.2119,,,2001,0.115,0.168,0.053,0.00252,degraded,state_only_no_t0,regimeB_v0_RS_t0,RS_derived,t0 = RS reclamation-onset proxy from NDVI trough; pre2000=left-censored; state_only=undatable in 2000-24 window,no_aml_match
MINE_US_00971,-114.501618,35.797672,1.2046,,,2001,0.065,0.101,0.036,0.00118,degraded,state_only_no_t0,regimeB_v0_RS_t0,RS_derived,t0 = RS reclamation-onset proxy from NDVI trough; pre2000=left-censored; state_only=undatable in 2000-24 window,no_aml_match
MINE_US_00972,-82.096754,28.236136,1.2046,2007,17,2007,0.419,0.53,0.111,0.00323,early_restoration,rs_t0,regimeB_v0_RS_t0,RS_derived,t0 = RS reclamation-onset proxy from NDVI trough; pre2000=left-censored; state_only=undatable in 2000-24 window,no_aml_match
MINE_US_00973,-74.682233,41.055239,1.2038,,,2000,0.27,0.361,0.091,0.00226,early_restoration,state_only_no_t0,regimeB_v0_RS_t0,RS_derived,t0 = RS reclamation-onset proxy from NDVI trough; pre2000=left-censored; state_only=undatable in 2000-24 window,no_aml_match
MINE_US_00974,-94.787016,35.162661,1.202,pre2000,,2011,0.356,0.546,0.19,0.00661,stable_restoration,censored_pre2000,regimeB_v0_RS_t0,RS_derived,t0 = RS reclamation-onset proxy from NDVI trough; pre2000=left-censored; state_only=undatable in 2000-24 window,no_aml_match
MINE_US_00975,-81.829537,37.903499,1.1996,pre2000,,2001,0.487,0.533,0.046,-0.00047,stable_restoration,censored_pre2000,regimeB_v0_RS_t0,RS_derived,t0 = RS reclamation-onset proxy from NDVI trough; pre2000=left-censored; state_only=undatable in 2000-24 window,no_aml_match
MINE_US_00976,-82.147507,37.486009,1.1961,2015,9,2015,0.471,0.615,0.144,-0.01381,stable_restoration,rs_t0,regimeB_v0_RS_t0,RS_derived,t0 = RS reclamation-onset proxy from NDVI trough; pre2000=left-censored; state_only=undatable in 2000-24 window,no_aml_match
MINE_US_00977,-82.636064,38.181625,1.1922,2018,6,2018,0.385,0.615,0.231,-0.0029,stable_restoration,rs_t0,regimeB_v0_RS_t0,RS_derived,t0 = RS reclamation-onset proxy from NDVI trough; pre2000=left-censored; state_only=undatable in 2000-24 window,no_aml_match
MINE_US_00978,-119.676473,39.190556,1.1919,,,2003,0.105,0.146,0.041,0.00131,degraded,state_only_no_t0,regimeB_v0_RS_t0,RS_derived,t0 = RS reclamation-onset proxy from NDVI trough; pre2000=left-censored; state_only=undatable in 2000-24 window,no_aml_match
MINE_US_00979,-78.242309,40.842986,1.191,2013,11,2013,0.325,0.692,0.367,-0.00589,stable_restoration,rs_t0,regimeB_v0_RS_t0,RS_derived,t0 = RS reclamation-onset proxy from NDVI trough; pre2000=left-censored; state_only=undatable in 2000-24 window,aml_listed_not_complete
MINE_US_00980,-90.372849,38.197535,1.1869,,,2017,0.301,0.359,0.058,-0.00506,early_restoration,state_only_no_t0,regimeB_v0_RS_t0,RS_derived,t0 = RS reclamation-onset proxy from NDVI trough; pre2000=left-censored; state_only=undatable in 2000-24 window,no_aml_match
MINE_US_00981,-107.735586,33.430448,1.1866,,,2007,0.182,0.257,0.076,0.00254,early_restoration,state_only_no_t0,regimeB_v0_RS_t0,RS_derived,t0 = RS reclamation-onset proxy from NDVI trough; pre2000=left-censored; state_only=undatable in 2000-24 window,no_aml_match
MINE_US_00982,-83.19156,36.379491,1.1855,,,2016,0.448,0.473,0.024,-0.00606,early_restoration,state_only_no_t0,regimeB_v0_RS_t0,RS_derived,t0 = RS reclamation-onset proxy from NDVI trough; pre2000=left-censored; state_only=undatable in 2000-24 window,no_aml_match
MINE_US_00983,-82.718436,37.81481,1.1791,2017,7,2017,0.575,0.738,0.163,-0.01167,stable_restoration,rs_t0,regimeB_v0_RS_t0,RS_derived,t0 = RS reclamation-onset proxy from NDVI trough; pre2000=left-censored; state_only=undatable in 2000-24 window,no_aml_match
MINE_US_00984,-119.431297,39.495349,1.1789,,,2020,0.089,0.101,0.012,-0.00063,degraded,state_only_no_t0,regimeB_v0_RS_t0,RS_derived,t0 = RS reclamation-onset proxy from NDVI trough; pre2000=left-censored; state_only=undatable in 2000-24 window,no_aml_match
MINE_US_00985,-87.666372,39.937536,1.1775,2006,18,2006,0.403,0.634,0.231,0.00863,stable_restoration,rs_t0,regimeB_v0_RS_t0,RS_derived,t0 = RS reclamation-onset proxy from NDVI trough; pre2000=left-censored; state_only=undatable in 2000-24 window,no_aml_match
MINE_US_00986,-86.29851,38.149207,1.1767,pre2000,,2020,0.548,0.565,0.017,-0.00839,stable_restoration,censored_pre2000,regimeB_v0_RS_t0,RS_derived,t0 = RS reclamation-onset proxy from NDVI trough; pre2000=left-censored; state_only=undatable in 2000-24 window,no_aml_match
MINE_US_00987,-116.33291,39.795217,1.1757,,,2021,0.098,0.101,0.003,-0.00107,degraded,state_only_no_t0,regimeB_v0_RS_t0,RS_derived,t0 = RS reclamation-onset proxy from NDVI trough; pre2000=left-censored; state_only=undatable in 2000-24 window,no_aml_match
MINE_US_00988,-87.271369,33.669234,1.1756,2016,8,2016,0.299,0.48,0.181,-0.02296,early_restoration,rs_t0,regimeB_v0_RS_t0,RS_derived,t0 = RS reclamation-onset proxy from NDVI trough; pre2000=left-censored; state_only=undatable in 2000-24 window,no_aml_match
MINE_US_00989,-87.261379,38.440475,1.1745,,,2005,0.258,0.324,0.066,0.00086,early_restoration,state_only_no_t0,regimeB_v0_RS_t0,RS_derived,t0 = RS reclamation-onset proxy from NDVI trough; pre2000=left-censored; state_only=undatable in 2000-24 window,no_aml_match
MINE_US_00990,-75.816973,40.98513,1.1744,pre2000,,2000,0.579,0.719,0.14,0.00618,stable_restoration,censored_pre2000,regimeB_v0_RS_t0,RS_derived,t0 = RS reclamation-onset proxy from NDVI trough; pre2000=left-censored; state_only=undatable in 2000-24 window,aml_listed_not_complete
MINE_US_00991,-116.829635,40.249779,1.1715,,,2003,0.08,0.109,0.029,0.00123,degraded,state_only_no_t0,regimeB_v0_RS_t0,RS_derived,t0 = RS reclamation-onset proxy from NDVI trough; pre2000=left-censored; state_only=undatable in 2000-24 window,no_aml_match
MINE_US_00992,-84.355503,34.366045,1.1696,,,2006,0.311,0.405,0.094,0.00091,early_restoration,state_only_no_t0,regimeB_v0_RS_t0,RS_derived,t0 = RS reclamation-onset proxy from NDVI trough; pre2000=left-censored; state_only=undatable in 2000-24 window,no_aml_match
MINE_US_00993,-116.776038,34.334005,1.1687,,,2001,0.055,0.092,0.038,0.00135,degraded,state_only_no_t0,regimeB_v0_RS_t0,RS_derived,t0 = RS reclamation-onset proxy from NDVI trough; pre2000=left-censored; state_only=undatable in 2000-24 window,no_aml_match
MINE_US_00994,-80.387283,39.159666,1.1678,2009,15,2009,0.45,0.766,0.316,0.00285,stable_restoration,rs_t0,regimeB_v0_RS_t0,RS_derived,t0 = RS reclamation-onset proxy from NDVI trough; pre2000=left-censored; state_only=undatable in 2000-24 window,no_aml_match
MINE_US_00995,-105.399095,44.325058,1.1669,,,2005,0.209,0.298,0.089,0.0029,early_restoration,state_only_no_t0,regimeB_v0_RS_t0,RS_derived,t0 = RS reclamation-onset proxy from NDVI trough; pre2000=left-censored; state_only=undatable in 2000-24 window,no_aml_match
MINE_US_00996,-119.089828,39.938631,1.1618,,,2003,0.049,0.093,0.045,0.00167,degraded,state_only_no_t0,regimeB_v0_RS_t0,RS_derived,t0 = RS reclamation-onset proxy from NDVI trough; pre2000=left-censored; state_only=undatable in 2000-24 window,no_aml_match
MINE_US_00997,-120.904594,39.44513,1.1609,pre2000,,2008,0.567,0.607,0.04,0.00226,stable_restoration,censored_pre2000,regimeB_v0_RS_t0,RS_derived,t0 = RS reclamation-onset proxy from NDVI trough; pre2000=left-censored; state_only=undatable in 2000-24 window,no_aml_match
MINE_US_00998,-78.202083,40.947709,1.1594,2010,14,2010,0.319,0.716,0.397,0.00823,stable_restoration,rs_t0,regimeB_v0_RS_t0,RS_derived,t0 = RS reclamation-onset proxy from NDVI trough; pre2000=left-censored; state_only=undatable in 2000-24 window,reclamation_complete
MINE_US_00999,-77.555939,36.899399,1.1593,2009,15,2009,0.255,0.657,0.402,0.00013,stable_restoration,rs_t0,regimeB_v0_RS_t0,RS_derived,t0 = RS reclamation-onset proxy from NDVI trough; pre2000=left-censored; state_only=undatable in 2000-24 window,no_aml_match
MINE_US_01000,-115.998059,40.458987,1.1591,,,2002,0.212,0.262,0.049,0.00179,early_restoration,state_only_no_t0,regimeB_v0_RS_t0,RS_derived,t0 = RS reclamation-onset proxy from NDVI trough; pre2000=left-censored; state_only=undatable in 2000-24 window,no_aml_match
MINE_US_01001,-115.783692,44.032424,1.1553,,,2017,0.409,0.448,0.039,-0.00306,early_restoration,state_only_no_t0,regimeB_v0_RS_t0,RS_derived,t0 = RS reclamation-onset proxy from NDVI trough; pre2000=left-censored; state_only=undatable in 2000-24 window,no_aml_match
MINE_US_01002,-116.556701,40.161375,1.1551,,,2003,0.093,0.14,0.047,0.00214,degraded,state_only_no_t0,regimeB_v0_RS_t0,RS_derived,t0 = RS reclamation-onset proxy from NDVI trough; pre2000=left-censored; state_only=undatable in 2000-24 window,no_aml_match
MINE_US_01003,-75.885365,40.972948,1.1541,pre2000,,2004,0.604,0.681,0.077,0.00136,stable_restoration,censored_pre2000,regimeB_v0_RS_t0,RS_derived,t0 = RS reclamation-onset proxy from NDVI trough; pre2000=left-censored; state_only=undatable in 2000-24 window,aml_listed_not_complete
MINE_US_01004,-96.698551,31.398976,1.1533,,,2000,0.256,0.444,0.188,0.00721,early_restoration,state_only_no_t0,regimeB_v0_RS_t0,RS_derived,t0 = RS reclamation-onset proxy from NDVI trough; pre2000=left-censored; state_only=undatable in 2000-24 window,no_aml_match
MINE_US_01005,-117.703234,37.796658,1.1531,,,2013,0.033,0.045,0.012,-0.00034,degraded,state_only_no_t0,regimeB_v0_RS_t0,RS_derived,t0 = RS reclamation-onset proxy from NDVI trough; pre2000=left-censored; state_only=undatable in 2000-24 window,no_aml_match
MINE_US_01006,-81.972803,29.831419,1.1479,,,2022,0.178,0.183,0.005,-0.00885,degraded,state_only_no_t0,regimeB_v0_RS_t0,RS_derived,t0 = RS reclamation-onset proxy from NDVI trough; pre2000=left-censored; state_only=undatable in 2000-24 window,no_aml_match
MINE_US_01007,-111.075948,39.366822,1.1458,,,2011,0.121,0.155,0.034,0.00073,degraded,state_only_no_t0,regimeB_v0_RS_t0,RS_derived,t0 = RS reclamation-onset proxy from NDVI trough; pre2000=left-censored; state_only=undatable in 2000-24 window,no_aml_match
MINE_US_01008,-75.948875,40.759183,1.145,pre2000,,2000,0.586,0.668,0.082,0.00362,stable_restoration,censored_pre2000,regimeB_v0_RS_t0,RS_derived,t0 = RS reclamation-onset proxy from NDVI trough; pre2000=left-censored; state_only=undatable in 2000-24 window,no_aml_match
MINE_US_01009,-106.967675,44.916296,1.1368,,,2001,0.108,0.233,0.125,0.00468,early_restoration,state_only_no_t0,regimeB_v0_RS_t0,RS_derived,t0 = RS reclamation-onset proxy from NDVI trough; pre2000=left-censored; state_only=undatable in 2000-24 window,no_aml_match
MINE_US_01010,-105.451825,44.374977,1.1367,,,2003,0.19,0.293,0.103,0.00343,early_restoration,state_only_no_t0,regimeB_v0_RS_t0,RS_derived,t0 = RS reclamation-onset proxy from NDVI trough; pre2000=left-censored; state_only=undatable in 2000-24 window,no_aml_match
MINE_US_01011,-112.099175,40.583819,1.1362,,,2012,0.15,0.178,0.028,0.00032,degraded,state_only_no_t0,regimeB_v0_RS_t0,RS_derived,t0 = RS reclamation-onset proxy from NDVI trough; pre2000=left-censored; state_only=undatable in 2000-24 window,no_aml_match
MINE_US_01012,-81.006599,34.891672,1.1321,,,2024,0.376,0.382,0.006,-0.00146,early_restoration,state_only_no_t0,regimeB_v0_RS_t0,RS_derived,t0 = RS reclamation-onset proxy from NDVI trough; pre2000=left-censored; state_only=undatable in 2000-24 window,no_aml_match
MINE_US_01013,-93.096752,31.999307,1.128,2017,7,2017,0.364,0.476,0.112,-0.01868,early_restoration,rs_t0,regimeB_v0_RS_t0,RS_derived,t0 = RS reclamation-onset proxy from NDVI trough; pre2000=left-censored; state_only=undatable in 2000-24 window,no_aml_match
MINE_US_01014,-77.568506,36.876438,1.1271,2012,12,2012,0.35,0.564,0.214,-0.00478,stable_restoration,rs_t0,regimeB_v0_RS_t0,RS_derived,t0 = RS reclamation-onset proxy from NDVI trough; pre2000=left-censored; state_only=undatable in 2000-24 window,no_aml_match
MINE_US_01015,-101.812045,47.218661,1.1231,,,2007,0.235,0.326,0.091,0.00206,early_restoration,state_only_no_t0,regimeB_v0_RS_t0,RS_derived,t0 = RS reclamation-onset proxy from NDVI trough; pre2000=left-censored; state_only=undatable in 2000-24 window,no_aml_match
MINE_US_01016,-92.295351,34.694309,1.1204,,,2023,0.129,0.133,0.004,-0.00859,degraded,state_only_no_t0,regimeB_v0_RS_t0,RS_derived,t0 = RS reclamation-onset proxy from NDVI trough; pre2000=left-censored; state_only=undatable in 2000-24 window,no_aml_match
MINE_US_01017,-107.441183,38.924764,1.1191,,,2011,0.388,0.437,0.049,-0.00055,early_restoration,state_only_no_t0,regimeB_v0_RS_t0,RS_derived,t0 = RS reclamation-onset proxy from NDVI trough; pre2000=left-censored; state_only=undatable in 2000-24 window,no_aml_match
MINE_US_01018,-114.32635,43.142521,1.1183,,,2007,0.127,0.176,0.049,0.00017,degraded,state_only_no_t0,regimeB_v0_RS_t0,RS_derived,t0 = RS reclamation-onset proxy from NDVI trough; pre2000=left-censored; state_only=undatable in 2000-24 window,no_aml_match
MINE_US_01019,-87.215875,33.18956,1.1176,,,2014,0.297,0.36,0.063,-0.00964,early_restoration,state_only_no_t0,regimeB_v0_RS_t0,RS_derived,t0 = RS reclamation-onset proxy from NDVI trough; pre2000=left-censored; state_only=undatable in 2000-24 window,no_aml_match
MINE_US_01020,-107.837816,42.362418,1.1168,,,2001,0.085,0.175,0.09,0.00302,degraded,state_only_no_t0,regimeB_v0_RS_t0,RS_derived,t0 = RS reclamation-onset proxy from NDVI trough; pre2000=left-censored; state_only=undatable in 2000-24 window,no_aml_match
MINE_US_01021,-111.083399,39.380197,1.1163,,,2011,0.128,0.161,0.033,0.00128,degraded,state_only_no_t0,regimeB_v0_RS_t0,RS_derived,t0 = RS reclamation-onset proxy from NDVI trough; pre2000=left-censored; state_only=undatable in 2000-24 window,no_aml_match
MINE_US_01022,-81.568833,38.150262,1.1146,pre2000,,2015,0.521,0.562,0.041,-0.00343,stable_restoration,censored_pre2000,regimeB_v0_RS_t0,RS_derived,t0 = RS reclamation-onset proxy from NDVI trough; pre2000=left-censored; state_only=undatable in 2000-24 window,no_aml_match
MINE_US_01023,-87.279405,37.669677,1.1135,,,2011,0.398,0.473,0.075,0.00137,early_restoration,state_only_no_t0,regimeB_v0_RS_t0,RS_derived,t0 = RS reclamation-onset proxy from NDVI trough; pre2000=left-censored; state_only=undatable in 2000-24 window,no_aml_match
MINE_US_01024,-83.337828,37.22356,1.1106,2015,9,2015,0.48,0.736,0.256,-0.01161,stable_restoration,rs_t0,regimeB_v0_RS_t0,RS_derived,t0 = RS reclamation-onset proxy from NDVI trough; pre2000=left-censored; state_only=undatable in 2000-24 window,no_aml_match
MINE_US_01025,-111.516461,35.309683,1.106,,,2006,0.13,0.147,0.017,0.00037,degraded,state_only_no_t0,regimeB_v0_RS_t0,RS_derived,t0 = RS reclamation-onset proxy from NDVI trough; pre2000=left-censored; state_only=undatable in 2000-24 window,no_aml_match
MINE_US_01026,-89.779658,38.257336,1.1048,pre2000,,2000,0.424,0.511,0.088,0.00336,stable_restoration,censored_pre2000,regimeB_v0_RS_t0,RS_derived,t0 = RS reclamation-onset proxy from NDVI trough; pre2000=left-censored; state_only=undatable in 2000-24 window,no_aml_match
MINE_US_01027,-103.752472,32.543424,1.1047,,,2011,0.106,0.127,0.021,-0.00203,degraded,state_only_no_t0,regimeB_v0_RS_t0,RS_derived,t0 = RS reclamation-onset proxy from NDVI trough; pre2000=left-censored; state_only=undatable in 2000-24 window,no_aml_match
MINE_US_01028,-80.162048,39.558971,1.1042,pre2000,,2015,0.532,0.62,0.088,-0.00095,stable_restoration,censored_pre2000,regimeB_v0_RS_t0,RS_derived,t0 = RS reclamation-onset proxy from NDVI trough; pre2000=left-censored; state_only=undatable in 2000-24 window,no_aml_match
MINE_US_01029,-79.075043,39.85219,1.1014,pre2000,,2007,0.657,0.715,0.057,0.00053,stable_restoration,censored_pre2000,regimeB_v0_RS_t0,RS_derived,t0 = RS reclamation-onset proxy from NDVI trough; pre2000=left-censored; state_only=undatable in 2000-24 window,no_aml_match
MINE_US_01030,-80.603629,38.016812,1.1002,2012,12,2012,0.397,0.689,0.292,-0.00175,stable_restoration,rs_t0,regimeB_v0_RS_t0,RS_derived,t0 = RS reclamation-onset proxy from NDVI trough; pre2000=left-censored; state_only=undatable in 2000-24 window,no_aml_match
MINE_US_01031,-82.240664,37.424175,1.0975,pre2000,,2007,0.537,0.647,0.11,0.00491,stable_restoration,censored_pre2000,regimeB_v0_RS_t0,RS_derived,t0 = RS reclamation-onset proxy from NDVI trough; pre2000=left-censored; state_only=undatable in 2000-24 window,no_aml_match
MINE_US_01032,-79.497446,40.864201,1.0963,pre2000,,2001,0.473,0.716,0.243,0.00914,stable_restoration,censored_pre2000,regimeB_v0_RS_t0,RS_derived,t0 = RS reclamation-onset proxy from NDVI trough; pre2000=left-censored; state_only=undatable in 2000-24 window,no_aml_match
MINE_US_01033,-118.167873,40.253823,1.0958,,,2006,0.075,0.12,0.045,0.00132,degraded,state_only_no_t0,regimeB_v0_RS_t0,RS_derived,t0 = RS reclamation-onset proxy from NDVI trough; pre2000=left-censored; state_only=undatable in 2000-24 window,no_aml_match
MINE_US_01034,-113.449959,37.138113,1.0942,,,2003,0.096,0.123,0.028,0.00137,degraded,state_only_no_t0,regimeB_v0_RS_t0,RS_derived,t0 = RS reclamation-onset proxy from NDVI trough; pre2000=left-censored; state_only=undatable in 2000-24 window,no_aml_match
MINE_US_01035,-86.377523,38.118548,1.0917,,,2015,0.355,0.366,0.011,-0.0141,early_restoration,state_only_no_t0,regimeB_v0_RS_t0,RS_derived,t0 = RS reclamation-onset proxy from NDVI trough; pre2000=left-censored; state_only=undatable in 2000-24 window,no_aml_match
MINE_US_01036,-81.877956,37.142072,1.0892,pre2000,,2015,0.528,0.579,0.051,-0.00101,stable_restoration,censored_pre2000,regimeB_v0_RS_t0,RS_derived,t0 = RS reclamation-onset proxy from NDVI trough; pre2000=left-censored; state_only=undatable in 2000-24 window,no_aml_match
MINE_US_01037,-91.130397,37.63759,1.0839,,,2000,0.357,0.401,0.043,0.00141,early_restoration,state_only_no_t0,regimeB_v0_RS_t0,RS_derived,t0 = RS reclamation-onset proxy from NDVI trough; pre2000=left-censored; state_only=undatable in 2000-24 window,no_aml_match
MINE_US_01038,-114.41563,39.0602,1.0837,,,2007,0.158,0.198,0.039,0.00177,degraded,state_only_no_t0,regimeB_v0_RS_t0,RS_derived,t0 = RS reclamation-onset proxy from NDVI trough; pre2000=left-censored; state_only=undatable in 2000-24 window,no_aml_match
MINE_US_01039,-87.290176,38.425501,1.0795,2005,19,2005,0.326,0.582,0.257,0.00573,relapse_degradation,rs_t0,regimeB_v0_RS_t0,RS_derived,t0 = RS reclamation-onset proxy from NDVI trough; pre2000=left-censored; state_only=undatable in 2000-24 window,no_aml_match
MINE_US_01040,-82.45381,36.979701,1.0754,,,2020,0.401,0.453,0.053,-0.01021,early_restoration,state_only_no_t0,regimeB_v0_RS_t0,RS_derived,t0 = RS reclamation-onset proxy from NDVI trough; pre2000=left-censored; state_only=undatable in 2000-24 window,no_aml_match
MINE_US_01041,-82.115582,37.608383,1.0747,2019,5,2019,0.262,0.432,0.171,-0.02821,early_restoration,rs_t0,regimeB_v0_RS_t0,RS_derived,t0 = RS reclamation-onset proxy from NDVI trough; pre2000=left-censored; state_only=undatable in 2000-24 window,no_aml_match
MINE_US_01042,-116.751215,40.475399,1.073,,,2002,0.131,0.168,0.037,0.00056,degraded,state_only_no_t0,regimeB_v0_RS_t0,RS_derived,t0 = RS reclamation-onset proxy from NDVI trough; pre2000=left-censored; state_only=undatable in 2000-24 window,no_aml_match
MINE_US_01043,-79.190708,40.528044,1.0728,pre2000,,2009,0.488,0.594,0.106,0.00297,stable_restoration,censored_pre2000,regimeB_v0_RS_t0,RS_derived,t0 = RS reclamation-onset proxy from NDVI trough; pre2000=left-censored; state_only=undatable in 2000-24 window,no_aml_match
MINE_US_01044,-111.260688,33.09605,1.0718,,,2019,0.138,0.163,0.025,-0.0055,degraded,state_only_no_t0,regimeB_v0_RS_t0,RS_derived,t0 = RS reclamation-onset proxy from NDVI trough; pre2000=left-censored; state_only=undatable in 2000-24 window,no_aml_match
MINE_US_01045,-80.362923,39.408014,1.0713,pre2000,,2009,0.466,0.555,0.088,-0.00025,stable_restoration,censored_pre2000,regimeB_v0_RS_t0,RS_derived,t0 = RS reclamation-onset proxy from NDVI trough; pre2000=left-censored; state_only=undatable in 2000-24 window,no_aml_match
MINE_US_01046,-81.019502,40.2978,1.0713,2015,9,2015,0.269,0.622,0.353,-0.01683,stable_restoration,rs_t0,regimeB_v0_RS_t0,RS_derived,t0 = RS reclamation-onset proxy from NDVI trough; pre2000=left-censored; state_only=undatable in 2000-24 window,no_aml_match
MINE_US_01047,-79.997223,39.675785,1.0711,pre2000,,2006,0.564,0.618,0.054,0.00153,stable_restoration,censored_pre2000,regimeB_v0_RS_t0,RS_derived,t0 = RS reclamation-onset proxy from NDVI trough; pre2000=left-censored; state_only=undatable in 2000-24 window,no_aml_match
MINE_US_01048,-118.341237,35.046149,1.0704,,,2021,0.099,0.101,0.002,-0.00253,degraded,state_only_no_t0,regimeB_v0_RS_t0,RS_derived,t0 = RS reclamation-onset proxy from NDVI trough; pre2000=left-censored; state_only=undatable in 2000-24 window,no_aml_match
MINE_US_01049,-83.607693,37.216861,1.0682,2010,14,2010,0.537,0.795,0.258,-0.00428,stable_restoration,rs_t0,regimeB_v0_RS_t0,RS_derived,t0 = RS reclamation-onset proxy from NDVI trough; pre2000=left-censored; state_only=undatable in 2000-24 window,no_aml_match
MINE_US_01050,-85.786184,34.866501,1.0673,,,2000,0.358,0.441,0.084,0.003,early_restoration,state_only_no_t0,regimeB_v0_RS_t0,RS_derived,t0 = RS reclamation-onset proxy from NDVI trough; pre2000=left-censored; state_only=undatable in 2000-24 window,no_aml_match
MINE_US_01051,-96.755534,29.851935,1.0672,2008,16,2008,0.199,0.345,0.146,0.00026,early_restoration,rs_t0,regimeB_v0_RS_t0,RS_derived,t0 = RS reclamation-onset proxy from NDVI trough; pre2000=left-censored; state_only=undatable in 2000-24 window,no_aml_match
MINE_US_01052,-80.465796,34.703622,1.0639,,,2024,0.434,0.443,0.01,-0.01725,early_restoration,state_only_no_t0,regimeB_v0_RS_t0,RS_derived,t0 = RS reclamation-onset proxy from NDVI trough; pre2000=left-censored; state_only=undatable in 2000-24 window,no_aml_match
MINE_US_01053,-83.561172,36.076158,1.0632,,,2001,0.281,0.359,0.078,0.00268,early_restoration,state_only_no_t0,regimeB_v0_RS_t0,RS_derived,t0 = RS reclamation-onset proxy from NDVI trough; pre2000=left-censored; state_only=undatable in 2000-24 window,no_aml_match
MINE_US_01054,-119.690198,39.225964,1.062,,,2000,0.098,0.146,0.048,0.00115,degraded,state_only_no_t0,regimeB_v0_RS_t0,RS_derived,t0 = RS reclamation-onset proxy from NDVI trough; pre2000=left-censored; state_only=undatable in 2000-24 window,no_aml_match
MINE_US_01055,-116.688558,36.767256,1.0599,,,2001,0.058,0.069,0.012,0.00055,degraded,state_only_no_t0,regimeB_v0_RS_t0,RS_derived,t0 = RS reclamation-onset proxy from NDVI trough; pre2000=left-censored; state_only=undatable in 2000-24 window,no_aml_match
MINE_US_01056,-96.714237,31.314106,1.0573,2012,12,2012,0.29,0.448,0.157,0.00075,early_restoration,rs_t0,regimeB_v0_RS_t0,RS_derived,t0 = RS reclamation-onset proxy from NDVI trough; pre2000=left-censored; state_only=undatable in 2000-24 window,no_aml_match
MINE_US_01057,-81.093679,40.047931,1.057,2016,8,2016,0.545,0.76,0.215,-0.00274,stable_restoration,rs_t0,regimeB_v0_RS_t0,RS_derived,t0 = RS reclamation-onset proxy from NDVI trough; pre2000=left-censored; state_only=undatable in 2000-24 window,no_aml_match
MINE_US_01058,-82.164591,37.460793,1.0562,2016,8,2016,0.403,0.513,0.11,-0.02134,stable_restoration,rs_t0,regimeB_v0_RS_t0,RS_derived,t0 = RS reclamation-onset proxy from NDVI trough; pre2000=left-censored; state_only=undatable in 2000-24 window,no_aml_match
MINE_US_01059,-87.090425,37.419919,1.0562,2011,13,2011,0.351,0.495,0.143,-0.01727,early_restoration,rs_t0,regimeB_v0_RS_t0,RS_derived,t0 = RS reclamation-onset proxy from NDVI trough; pre2000=left-censored; state_only=undatable in 2000-24 window,no_aml_match
MINE_US_01060,-87.782416,38.33367,1.0554,,,2024,0.278,0.298,0.02,-0.01321,early_restoration,state_only_no_t0,regimeB_v0_RS_t0,RS_derived,t0 = RS reclamation-onset proxy from NDVI trough; pre2000=left-censored; state_only=undatable in 2000-24 window,no_aml_match
MINE_US_01061,-116.081292,40.747492,1.0528,,,2002,0.096,0.15,0.054,0.00182,degraded,state_only_no_t0,regimeB_v0_RS_t0,RS_derived,t0 = RS reclamation-onset proxy from NDVI trough; pre2000=left-censored; state_only=undatable in 2000-24 window,no_aml_match
MINE_US_01062,-118.259948,34.973771,1.0521,,,2012,0.065,0.095,0.031,0.00035,degraded,state_only_no_t0,regimeB_v0_RS_t0,RS_derived,t0 = RS reclamation-onset proxy from NDVI trough; pre2000=left-censored; state_only=undatable in 2000-24 window,no_aml_match
MINE_US_01063,-87.646687,34.41582,1.0496,2006,18,2006,0.387,0.566,0.178,0.00647,stable_restoration,rs_t0,regimeB_v0_RS_t0,RS_derived,t0 = RS reclamation-onset proxy from NDVI trough; pre2000=left-censored; state_only=undatable in 2000-24 window,no_aml_match
MINE_US_01064,-106.02526,38.552323,1.0488,,,2002,0.14,0.196,0.057,0.00173,degraded,state_only_no_t0,regimeB_v0_RS_t0,RS_derived,t0 = RS reclamation-onset proxy from NDVI trough; pre2000=left-censored; state_only=undatable in 2000-24 window,no_aml_match
MINE_US_01065,-114.842337,35.711726,1.0438,,,2001,0.076,0.106,0.03,0.00089,degraded,state_only_no_t0,regimeB_v0_RS_t0,RS_derived,t0 = RS reclamation-onset proxy from NDVI trough; pre2000=left-censored; state_only=undatable in 2000-24 window,no_aml_match
MINE_US_01066,-81.924649,37.026979,1.0433,,,2019,0.448,0.462,0.014,-0.00227,early_restoration,state_only_no_t0,regimeB_v0_RS_t0,RS_derived,t0 = RS reclamation-onset proxy from NDVI trough; pre2000=left-censored; state_only=undatable in 2000-24 window,no_aml_match
MINE_US_01067,-105.237774,43.541549,1.0422,,,2005,0.115,0.243,0.128,0.00398,early_restoration,state_only_no_t0,regimeB_v0_RS_t0,RS_derived,t0 = RS reclamation-onset proxy from NDVI trough; pre2000=left-censored; state_only=undatable in 2000-24 window,no_aml_match
MINE_US_01068,-94.550245,32.361957,1.039,,,2023,0.333,0.335,0.002,-0.01911,early_restoration,state_only_no_t0,regimeB_v0_RS_t0,RS_derived,t0 = RS reclamation-onset proxy from NDVI trough; pre2000=left-censored; state_only=undatable in 2000-24 window,no_aml_match
MINE_US_01069,-118.777013,40.288703,1.0377,,,2001,0.063,0.115,0.052,0.00237,degraded,state_only_no_t0,regimeB_v0_RS_t0,RS_derived,t0 = RS reclamation-onset proxy from NDVI trough; pre2000=left-censored; state_only=undatable in 2000-24 window,no_aml_match
MINE_US_01070,-89.417347,37.919948,1.0299,2007,17,2007,0.285,0.622,0.337,0.00138,stable_restoration,rs_t0,regimeB_v0_RS_t0,RS_derived,t0 = RS reclamation-onset proxy from NDVI trough; pre2000=left-censored; state_only=undatable in 2000-24 window,no_aml_match
MINE_US_01071,-82.822962,37.742553,1.0284,2012,12,2012,0.489,0.76,0.271,-0.00879,stable_restoration,rs_t0,regimeB_v0_RS_t0,RS_derived,t0 = RS reclamation-onset proxy from NDVI trough; pre2000=left-censored; state_only=undatable in 2000-24 window,no_aml_match
MINE_US_01072,-104.965722,37.158928,1.0266,,,2012,0.274,0.363,0.089,0.00209,early_restoration,state_only_no_t0,regimeB_v0_RS_t0,RS_derived,t0 = RS reclamation-onset proxy from NDVI trough; pre2000=left-censored; state_only=undatable in 2000-24 window,no_aml_match
MINE_US_01073,-117.247908,40.602077,1.0239,,,2003,0.087,0.125,0.038,0.00194,degraded,state_only_no_t0,regimeB_v0_RS_t0,RS_derived,t0 = RS reclamation-onset proxy from NDVI trough; pre2000=left-censored; state_only=undatable in 2000-24 window,no_aml_match
MINE_US_01074,-95.538913,33.113135,1.0213,2015,9,2015,0.333,0.579,0.245,-0.0037,stable_restoration,rs_t0,regimeB_v0_RS_t0,RS_derived,t0 = RS reclamation-onset proxy from NDVI trough; pre2000=left-censored; state_only=undatable in 2000-24 window,no_aml_match
MINE_US_01075,-107.589844,40.426803,1.0175,,,2001,0.17,0.257,0.087,0.00433,early_restoration,state_only_no_t0,regimeB_v0_RS_t0,RS_derived,t0 = RS reclamation-onset proxy from NDVI trough; pre2000=left-censored; state_only=undatable in 2000-24 window,no_aml_match
MINE_US_01076,-84.072237,36.800545,1.0172,2015,9,2015,0.523,0.796,0.273,-0.00574,stable_restoration,rs_t0,regimeB_v0_RS_t0,RS_derived,t0 = RS reclamation-onset proxy from NDVI trough; pre2000=left-censored; state_only=undatable in 2000-24 window,no_aml_match
MINE_US_01077,-79.970594,39.326991,1.0148,,,2021,0.392,0.392,0.0,-0.02602,early_restoration,state_only_no_t0,regimeB_v0_RS_t0,RS_derived,t0 = RS reclamation-onset proxy from NDVI trough; pre2000=left-censored; state_only=undatable in 2000-24 window,no_aml_match
MINE_US_01078,-112.486465,45.621208,1.0144,,,2000,0.18,0.248,0.068,0.00226,early_restoration,state_only_no_t0,regimeB_v0_RS_t0,RS_derived,t0 = RS reclamation-onset proxy from NDVI trough; pre2000=left-censored; state_only=undatable in 2000-24 window,no_aml_match
MINE_US_01079,-82.907785,30.463489,1.0135,2011,13,2011,0.234,0.649,0.415,-0.00945,stable_restoration,rs_t0,regimeB_v0_RS_t0,RS_derived,t0 = RS reclamation-onset proxy from NDVI trough; pre2000=left-censored; state_only=undatable in 2000-24 window,no_aml_match
MINE_US_01080,-86.856021,33.716904,1.011,pre2000,,2018,0.48,0.507,0.027,-0.00563,stable_restoration,censored_pre2000,regimeB_v0_RS_t0,RS_derived,t0 = RS reclamation-onset proxy from NDVI trough; pre2000=left-censored; state_only=undatable in 2000-24 window,no_aml_match
MINE_US_01081,-116.436433,39.907278,1.0079,,,2000,0.144,0.199,0.055,0.00267,degraded,state_only_no_t0,regimeB_v0_RS_t0,RS_derived,t0 = RS reclamation-onset proxy from NDVI trough; pre2000=left-censored; state_only=undatable in 2000-24 window,no_aml_match
MINE_US_01082,-81.549282,37.380961,1.0077,pre2000,,2010,0.587,0.673,0.086,-0.00058,stable_restoration,censored_pre2000,regimeB_v0_RS_t0,RS_derived,t0 = RS reclamation-onset proxy from NDVI trough; pre2000=left-censored; state_only=undatable in 2000-24 window,no_aml_match
MINE_US_01083,-112.433906,40.490528,1.0076,,,2009,0.133,0.185,0.052,-4e-05,degraded,state_only_no_t0,regimeB_v0_RS_t0,RS_derived,t0 = RS reclamation-onset proxy from NDVI trough; pre2000=left-censored; state_only=undatable in 2000-24 window,no_aml_match
MINE_US_01084,-109.789222,45.453734,1.0045,,,2023,-0.09,-0.065,0.026,-0.00738,degraded,state_only_no_t0,regimeB_v0_RS_t0,RS_derived,t0 = RS reclamation-onset proxy from NDVI trough; pre2000=left-censored; state_only=undatable in 2000-24 window,no_aml_match
MINE_US_01085,-79.754535,39.737247,1.0037,pre2000,,2014,0.489,0.571,0.081,-0.00836,stable_restoration,censored_pre2000,regimeB_v0_RS_t0,RS_derived,t0 = RS reclamation-onset proxy from NDVI trough; pre2000=left-censored; state_only=undatable in 2000-24 window,no_aml_match
MINE_US_01086,-107.912758,42.061055,1.0032,,,2000,0.066,0.108,0.042,0.00174,degraded,state_only_no_t0,regimeB_v0_RS_t0,RS_derived,t0 = RS reclamation-onset proxy from NDVI trough; pre2000=left-censored; state_only=undatable in 2000-24 window,no_aml_match
MINE_US_01087,-95.095015,35.342658,1.0028,2011,13,2011,0.421,0.549,0.129,-0.00524,stable_restoration,rs_t0,regimeB_v0_RS_t0,RS_derived,t0 = RS reclamation-onset proxy from NDVI trough; pre2000=left-censored; state_only=undatable in 2000-24 window,no_aml_match
MINE_US_01088,-80.224316,38.898287,1.0024,pre2000,,2009,0.594,0.806,0.212,0.0095,stable_restoration,censored_pre2000,regimeB_v0_RS_t0,RS_derived,t0 = RS reclamation-onset proxy from NDVI trough; pre2000=left-censored; state_only=undatable in 2000-24 window,no_aml_match
MINE_US_01089,-81.956285,37.657529,1.002,pre2000,,2007,0.607,0.691,0.084,0.00035,stable_restoration,censored_pre2000,regimeB_v0_RS_t0,RS_derived,t0 = RS reclamation-onset proxy from NDVI trough; pre2000=left-censored; state_only=undatable in 2000-24 window,no_aml_match
MINE_US_01090,-81.493024,38.244296,1.0009,2013,11,2013,0.613,0.812,0.199,-0.00444,stable_restoration,rs_t0,regimeB_v0_RS_t0,RS_derived,t0 = RS reclamation-onset proxy from NDVI trough; pre2000=left-censored; state_only=undatable in 2000-24 window,no_aml_match
MINE_US_01091,-81.89163,37.6368,1.0003,2012,12,2012,0.539,0.679,0.14,-0.00813,early_restoration,rs_t0,regimeB_v0_RS_t0,RS_derived,t0 = RS reclamation-onset proxy from NDVI trough; pre2000=left-censored; state_only=undatable in 2000-24 window,no_aml_match
MINE_US_01092,-108.6701,41.599103,0.9993,,,2007,0.09,0.165,0.075,0.00365,degraded,state_only_no_t0,regimeB_v0_RS_t0,RS_derived,t0 = RS reclamation-onset proxy from NDVI trough; pre2000=left-censored; state_only=undatable in 2000-24 window,no_aml_match
MINE_US_01093,-76.100398,40.742978,0.9976,pre2000,,2014,0.562,0.647,0.085,-0.00052,stable_restoration,censored_pre2000,regimeB_v0_RS_t0,RS_derived,t0 = RS reclamation-onset proxy from NDVI trough; pre2000=left-censored; state_only=undatable in 2000-24 window,aml_listed_not_complete
MINE_US_01094,-109.263533,38.239396,0.9963,,,2002,0.124,0.172,0.048,0.00218,degraded,state_only_no_t0,regimeB_v0_RS_t0,RS_derived,t0 = RS reclamation-onset proxy from NDVI trough; pre2000=left-censored; state_only=undatable in 2000-24 window,no_aml_match
MINE_US_01095,-87.274654,38.160816,0.9932,2019,5,2019,0.261,0.656,0.394,-0.00674,stable_restoration,rs_t0,regimeB_v0_RS_t0,RS_derived,t0 = RS reclamation-onset proxy from NDVI trough; pre2000=left-censored; state_only=undatable in 2000-24 window,no_aml_match
MINE_US_01096,-103.851602,44.379778,0.9903,pre2000,,2001,0.51,0.591,0.08,0.00373,stable_restoration,censored_pre2000,regimeB_v0_RS_t0,RS_derived,t0 = RS reclamation-onset proxy from NDVI trough; pre2000=left-censored; state_only=undatable in 2000-24 window,no_aml_match
MINE_US_01097,-87.782303,37.456359,0.99,2016,8,2016,0.361,0.553,0.192,-0.0071,stable_restoration,rs_t0,regimeB_v0_RS_t0,RS_derived,t0 = RS reclamation-onset proxy from NDVI trough; pre2000=left-censored; state_only=undatable in 2000-24 window,no_aml_match
MINE_US_01098,-81.691172,39.866471,0.989,2015,9,2015,0.445,0.592,0.147,-0.01516,stable_restoration,rs_t0,regimeB_v0_RS_t0,RS_derived,t0 = RS reclamation-onset proxy from NDVI trough; pre2000=left-censored; state_only=undatable in 2000-24 window,no_aml_match
MINE_US_01099,-108.137132,42.704758,0.982,,,2001,0.158,0.244,0.086,0.00322,early_restoration,state_only_no_t0,regimeB_v0_RS_t0,RS_derived,t0 = RS reclamation-onset proxy from NDVI trough; pre2000=left-censored; state_only=undatable in 2000-24 window,no_aml_match
MINE_US_01100,-98.568441,29.562325,0.981,,,2010,0.209,0.242,0.033,0.00044,early_restoration,state_only_no_t0,regimeB_v0_RS_t0,RS_derived,t0 = RS reclamation-onset proxy from NDVI trough; pre2000=left-censored; state_only=undatable in 2000-24 window,no_aml_match
MINE_US_01101,-94.735397,35.122451,0.9796,pre2000,,2011,0.463,0.556,0.093,-0.00358,stable_restoration,censored_pre2000,regimeB_v0_RS_t0,RS_derived,t0 = RS reclamation-onset proxy from NDVI trough; pre2000=left-censored; state_only=undatable in 2000-24 window,no_aml_match
MINE_US_01102,-116.427982,41.055908,0.9795,,,2020,0.135,0.156,0.02,0.0001,degraded,state_only_no_t0,regimeB_v0_RS_t0,RS_derived,t0 = RS reclamation-onset proxy from NDVI trough; pre2000=left-censored; state_only=undatable in 2000-24 window,no_aml_match
MINE_US_01103,-115.558822,39.253177,0.9788,,,2000,0.101,0.159,0.058,0.00242,degraded,state_only_no_t0,regimeB_v0_RS_t0,RS_derived,t0 = RS reclamation-onset proxy from NDVI trough; pre2000=left-censored; state_only=undatable in 2000-24 window,no_aml_match
MINE_US_01104,-82.814209,38.396757,0.9752,pre2000,,2006,0.482,0.555,0.073,-0.00026,stable_restoration,censored_pre2000,regimeB_v0_RS_t0,RS_derived,t0 = RS reclamation-onset proxy from NDVI trough; pre2000=left-censored; state_only=undatable in 2000-24 window,no_aml_match
MINE_US_01105,-76.609917,40.784628,0.9751,pre2000,,2020,0.473,0.513,0.04,-0.01226,stable_restoration,censored_pre2000,regimeB_v0_RS_t0,RS_derived,t0 = RS reclamation-onset proxy from NDVI trough; pre2000=left-censored; state_only=undatable in 2000-24 window,aml_listed_not_complete
MINE_US_01106,-112.57968,40.700467,0.9745,,,2000,0.083,0.137,0.055,0.00257,degraded,state_only_no_t0,regimeB_v0_RS_t0,RS_derived,t0 = RS reclamation-onset proxy from NDVI trough; pre2000=left-censored; state_only=undatable in 2000-24 window,no_aml_match
MINE_US_01107,-79.879524,40.305953,0.9744,,,2005,0.167,0.227,0.06,0.00204,early_restoration,state_only_no_t0,regimeB_v0_RS_t0,RS_derived,t0 = RS reclamation-onset proxy from NDVI trough; pre2000=left-censored; state_only=undatable in 2000-24 window,no_aml_match
MINE_US_01108,-122.299653,40.745257,0.9714,,,2023,0.291,0.297,0.006,-0.00162,early_restoration,state_only_no_t0,regimeB_v0_RS_t0,RS_derived,t0 = RS reclamation-onset proxy from NDVI trough; pre2000=left-censored; state_only=undatable in 2000-24 window,no_aml_match
MINE_US_01109,-92.449722,34.708812,0.9703,,,2024,0.455,0.48,0.025,-0.00732,early_restoration,state_only_no_t0,regimeB_v0_RS_t0,RS_derived,t0 = RS reclamation-onset proxy from NDVI trough; pre2000=left-censored; state_only=undatable in 2000-24 window,no_aml_match
MINE_US_01110,-86.926855,33.202547,0.9697,2018,6,2018,0.467,0.611,0.144,-0.0084,stable_restoration,rs_t0,regimeB_v0_RS_t0,RS_derived,t0 = RS reclamation-onset proxy from NDVI trough; pre2000=left-censored; state_only=undatable in 2000-24 window,no_aml_match
MINE_US_01111,-81.29914,37.886768,0.9694,2019,5,2019,0.26,0.415,0.155,-0.02659,early_restoration,rs_t0,regimeB_v0_RS_t0,RS_derived,t0 = RS reclamation-onset proxy from NDVI trough; pre2000=left-censored; state_only=undatable in 2000-24 window,no_aml_match
MINE_US_01112,-116.912072,34.36604,0.9692,,,2003,0.045,0.095,0.05,0.00188,degraded,state_only_no_t0,regimeB_v0_RS_t0,RS_derived,t0 = RS reclamation-onset proxy from NDVI trough; pre2000=left-censored; state_only=undatable in 2000-24 window,no_aml_match
MINE_US_01113,-97.924978,30.08724,0.9685,,,2024,0.31,0.316,0.006,-0.00662,early_restoration,state_only_no_t0,regimeB_v0_RS_t0,RS_derived,t0 = RS reclamation-onset proxy from NDVI trough; pre2000=left-censored; state_only=undatable in 2000-24 window,no_aml_match
MINE_US_01114,-76.190262,40.730637,0.9678,pre2000,,2000,0.429,0.616,0.187,0.00728,stable_restoration,censored_pre2000,regimeB_v0_RS_t0,RS_derived,t0 = RS reclamation-onset proxy from NDVI trough; pre2000=left-censored; state_only=undatable in 2000-24 window,aml_listed_not_complete
MINE_US_01115,-78.658145,41.285061,0.9666,,,2007,0.401,0.438,0.037,-0.00557,early_restoration,state_only_no_t0,regimeB_v0_RS_t0,RS_derived,t0 = RS reclamation-onset proxy from NDVI trough; pre2000=left-censored; state_only=undatable in 2000-24 window,aml_listed_not_complete
MINE_US_01116,-101.147213,47.404011,0.9654,,,2008,0.25,0.345,0.094,0.00258,early_restoration,state_only_no_t0,regimeB_v0_RS_t0,RS_derived,t0 = RS reclamation-onset proxy from NDVI trough; pre2000=left-censored; state_only=undatable in 2000-24 window,no_aml_match
MINE_US_01117,-78.864636,40.364666,0.9643,pre2000,,2000,0.386,0.501,0.116,0.00522,stable_restoration,censored_pre2000,regimeB_v0_RS_t0,RS_derived,t0 = RS reclamation-onset proxy from NDVI trough; pre2000=left-censored; state_only=undatable in 2000-24 window,no_aml_match
MINE_US_01118,-112.614596,46.021761,0.9634,,,2000,0.163,0.247,0.084,0.00354,early_restoration,state_only_no_t0,regimeB_v0_RS_t0,RS_derived,t0 = RS reclamation-onset proxy from NDVI trough; pre2000=left-censored; state_only=undatable in 2000-24 window,no_aml_match
MINE_US_01119,-115.96697,39.533153,0.963,,,2011,0.124,0.167,0.043,-0.00021,degraded,state_only_no_t0,regimeB_v0_RS_t0,RS_derived,t0 = RS reclamation-onset proxy from NDVI trough; pre2000=left-censored; state_only=undatable in 2000-24 window,no_aml_match
MINE_US_01120,-117.254446,40.794165,0.9615,,,2003,0.103,0.168,0.064,0.00213,degraded,state_only_no_t0,regimeB_v0_RS_t0,RS_derived,t0 = RS reclamation-onset proxy from NDVI trough; pre2000=left-censored; state_only=undatable in 2000-24 window,no_aml_match
MINE_US_01121,-90.92111,38.05471,0.9614,pre2000,,2000,0.232,0.511,0.279,0.01085,stable_restoration,censored_pre2000,regimeB_v0_RS_t0,RS_derived,t0 = RS reclamation-onset proxy from NDVI trough; pre2000=left-censored; state_only=undatable in 2000-24 window,no_aml_match
MINE_US_01122,-74.625117,40.989979,0.9565,,,2014,0.387,0.415,0.027,-0.00267,early_restoration,state_only_no_t0,regimeB_v0_RS_t0,RS_derived,t0 = RS reclamation-onset proxy from NDVI trough; pre2000=left-censored; state_only=undatable in 2000-24 window,no_aml_match
MINE_US_01123,-87.245183,39.272511,0.955,2011,13,2011,0.319,0.634,0.315,1e-05,stable_restoration,rs_t0,regimeB_v0_RS_t0,RS_derived,t0 = RS reclamation-onset proxy from NDVI trough; pre2000=left-censored; state_only=undatable in 2000-24 window,no_aml_match
MINE_US_01124,-82.471567,37.595503,0.9545,,,2024,0.407,0.428,0.022,-0.01133,early_restoration,state_only_no_t0,regimeB_v0_RS_t0,RS_derived,t0 = RS reclamation-onset proxy from NDVI trough; pre2000=left-censored; state_only=undatable in 2000-24 window,no_aml_match
MINE_US_01125,-97.842027,28.122654,0.9519,,,2000,0.197,0.398,0.201,0.00689,early_restoration,state_only_no_t0,regimeB_v0_RS_t0,RS_derived,t0 = RS reclamation-onset proxy from NDVI trough; pre2000=left-censored; state_only=undatable in 2000-24 window,no_aml_match
MINE_US_01126,-123.427929,42.936933,0.9519,,,2017,0.007,0.021,0.014,-0.00378,degraded,state_only_no_t0,regimeB_v0_RS_t0,RS_derived,t0 = RS reclamation-onset proxy from NDVI trough; pre2000=left-censored; state_only=undatable in 2000-24 window,no_aml_match
MINE_US_01127,-97.076693,30.540251,0.9516,,,2012,0.177,0.276,0.099,-0.00439,early_restoration,state_only_no_t0,regimeB_v0_RS_t0,RS_derived,t0 = RS reclamation-onset proxy from NDVI trough; pre2000=left-censored; state_only=undatable in 2000-24 window,no_aml_match
MINE_US_01128,-116.712131,44.240878,0.9513,,,2006,0.146,0.203,0.057,0.00279,degraded,state_only_no_t0,regimeB_v0_RS_t0,RS_derived,t0 = RS reclamation-onset proxy from NDVI trough; pre2000=left-censored; state_only=undatable in 2000-24 window,no_aml_match
MINE_US_01129,-105.34649,43.900118,0.9503,,,2003,0.097,0.167,0.07,0.00303,degraded,state_only_no_t0,regimeB_v0_RS_t0,RS_derived,t0 = RS reclamation-onset proxy from NDVI trough; pre2000=left-censored; state_only=undatable in 2000-24 window,no_aml_match
MINE_US_01130,-105.213547,39.705864,0.9474,,,2007,0.165,0.19,0.026,-0.00125,degraded,state_only_no_t0,regimeB_v0_RS_t0,RS_derived,t0 = RS reclamation-onset proxy from NDVI trough; pre2000=left-censored; state_only=undatable in 2000-24 window,no_aml_match
MINE_US_01131,-105.847064,39.770134,0.9471,,,2003,0.287,0.39,0.103,0.00421,early_restoration,state_only_no_t0,regimeB_v0_RS_t0,RS_derived,t0 = RS reclamation-onset proxy from NDVI trough; pre2000=left-censored; state_only=undatable in 2000-24 window,no_aml_match
MINE_US_01132,-89.404587,37.903449,0.947,2011,13,2011,0.236,0.481,0.246,-0.01025,early_restoration,rs_t0,regimeB_v0_RS_t0,RS_derived,t0 = RS reclamation-onset proxy from NDVI trough; pre2000=left-censored; state_only=undatable in 2000-24 window,no_aml_match
MINE_US_01133,-118.608809,48.673601,0.9453,,,2003,0.081,0.247,0.166,0.00794,early_restoration,state_only_no_t0,regimeB_v0_RS_t0,RS_derived,t0 = RS reclamation-onset proxy from NDVI trough; pre2000=left-censored; state_only=undatable in 2000-24 window,no_aml_match
MINE_US_01134,-81.797245,38.204389,0.9451,2015,9,2015,0.578,0.775,0.197,-0.0066,stable_restoration,rs_t0,regimeB_v0_RS_t0,RS_derived,t0 = RS reclamation-onset proxy from NDVI trough; pre2000=left-censored; state_only=undatable in 2000-24 window,no_aml_match
MINE_US_01135,-87.227704,37.269873,0.9415,,,2012,0.433,0.45,0.017,-0.00929,early_restoration,state_only_no_t0,regimeB_v0_RS_t0,RS_derived,t0 = RS reclamation-onset proxy from NDVI trough; pre2000=left-censored; state_only=undatable in 2000-24 window,no_aml_match
MINE_US_01136,-87.019079,33.37079,0.941,,,2008,0.368,0.444,0.076,-0.00071,early_restoration,state_only_no_t0,regimeB_v0_RS_t0,RS_derived,t0 = RS reclamation-onset proxy from NDVI trough; pre2000=left-censored; state_only=undatable in 2000-24 window,no_aml_match
MINE_US_01137,-114.523326,44.304677,0.9389,,,2002,0.226,0.31,0.084,0.00355,early_restoration,state_only_no_t0,regimeB_v0_RS_t0,RS_derived,t0 = RS reclamation-onset proxy from NDVI trough; pre2000=left-censored; state_only=undatable in 2000-24 window,no_aml_match
MINE_US_01138,-116.649487,40.463264,0.9379,,,2002,0.117,0.141,0.024,0.00067,degraded,state_only_no_t0,regimeB_v0_RS_t0,RS_derived,t0 = RS reclamation-onset proxy from NDVI trough; pre2000=left-censored; state_only=undatable in 2000-24 window,no_aml_match
MINE_US_01139,-81.389756,37.464914,0.9363,2019,5,2019,0.296,0.405,0.108,-0.02284,early_restoration,rs_t0,regimeB_v0_RS_t0,RS_derived,t0 = RS reclamation-onset proxy from NDVI trough; pre2000=left-censored; state_only=undatable in 2000-24 window,no_aml_match
MINE_US_01140,-107.973275,40.564683,0.9362,,,2001,0.14,0.231,0.091,0.00385,early_restoration,state_only_no_t0,regimeB_v0_RS_t0,RS_derived,t0 = RS reclamation-onset proxy from NDVI trough; pre2000=left-censored; state_only=undatable in 2000-24 window,no_aml_match
MINE_US_01141,-85.402614,34.998281,0.9318,,,2020,0.459,0.469,0.01,-0.00451,early_restoration,state_only_no_t0,regimeB_v0_RS_t0,RS_derived,t0 = RS reclamation-onset proxy from NDVI trough; pre2000=left-censored; state_only=undatable in 2000-24 window,no_aml_match
MINE_US_01142,-109.590656,32.942677,0.9312,,,2021,0.036,0.038,0.002,-0.00293,degraded,state_only_no_t0,regimeB_v0_RS_t0,RS_derived,t0 = RS reclamation-onset proxy from NDVI trough; pre2000=left-censored; state_only=undatable in 2000-24 window,no_aml_match
MINE_US_01143,-104.06097,32.498629,0.9262,,,2011,0.125,0.145,0.02,-0.0006,degraded,state_only_no_t0,regimeB_v0_RS_t0,RS_derived,t0 = RS reclamation-onset proxy from NDVI trough; pre2000=left-censored; state_only=undatable in 2000-24 window,no_aml_match
MINE_US_01144,-78.459835,37.480791,0.9249,pre2000,,2000,0.553,0.619,0.066,0.00267,stable_restoration,censored_pre2000,regimeB_v0_RS_t0,RS_derived,t0 = RS reclamation-onset proxy from NDVI trough; pre2000=left-censored; state_only=undatable in 2000-24 window,no_aml_match
MINE_US_01145,-82.47548,39.134678,0.9229,2011,13,2011,0.37,0.498,0.128,0.00295,early_restoration,rs_t0,regimeB_v0_RS_t0,RS_derived,t0 = RS reclamation-onset proxy from NDVI trough; pre2000=left-censored; state_only=undatable in 2000-24 window,no_aml_match
MINE_US_01146,-87.27167,38.865073,0.9222,,,2013,0.404,0.492,0.087,-0.00998,early_restoration,state_only_no_t0,regimeB_v0_RS_t0,RS_derived,t0 = RS reclamation-onset proxy from NDVI trough; pre2000=left-censored; state_only=undatable in 2000-24 window,no_aml_match
MINE_US_01147,-75.848028,40.980746,0.9206,pre2000,,2000,0.554,0.715,0.161,0.00636,stable_restoration,censored_pre2000,regimeB_v0_RS_t0,RS_derived,t0 = RS reclamation-onset proxy from NDVI trough; pre2000=left-censored; state_only=undatable in 2000-24 window,aml_listed_not_complete
MINE_US_01148,-105.413309,31.256851,0.9198,,,2012,0.026,0.096,0.07,0.00099,degraded,state_only_no_t0,regimeB_v0_RS_t0,RS_derived,t0 = RS reclamation-onset proxy from NDVI trough; pre2000=left-censored; state_only=undatable in 2000-24 window,no_aml_match
MINE_US_01149,-94.362473,35.007487,0.9182,2015,9,2015,0.566,0.67,0.104,-0.00166,stable_restoration,rs_t0,regimeB_v0_RS_t0,RS_derived,t0 = RS reclamation-onset proxy from NDVI trough; pre2000=left-censored; state_only=undatable in 2000-24 window,no_aml_match
MINE_US_01150,-76.694292,40.778059,0.9134,,,2000,0.367,0.482,0.115,0.004,early_restoration,state_only_no_t0,regimeB_v0_RS_t0,RS_derived,t0 = RS reclamation-onset proxy from NDVI trough; pre2000=left-censored; state_only=undatable in 2000-24 window,no_aml_match
MINE_US_01151,-107.055383,40.338966,0.9079,,,2020,0.388,0.471,0.083,-0.00047,early_restoration,state_only_no_t0,regimeB_v0_RS_t0,RS_derived,t0 = RS reclamation-onset proxy from NDVI trough; pre2000=left-censored; state_only=undatable in 2000-24 window,no_aml_match
MINE_US_01152,-114.814963,32.878728,0.9057,,,2000,0.035,0.063,0.028,0.0014,degraded,state_only_no_t0,regimeB_v0_RS_t0,RS_derived,t0 = RS reclamation-onset proxy from NDVI trough; pre2000=left-censored; state_only=undatable in 2000-24 window,no_aml_match
MINE_US_01153,-82.36254,37.269889,0.9038,2009,15,2009,0.402,0.539,0.137,0.00053,stable_restoration,rs_t0,regimeB_v0_RS_t0,RS_derived,t0 = RS reclamation-onset proxy from NDVI trough; pre2000=left-censored; state_only=undatable in 2000-24 window,no_aml_match
MINE_US_01154,-117.225167,40.323977,0.9038,,,2000,0.054,0.102,0.048,0.00181,degraded,state_only_no_t0,regimeB_v0_RS_t0,RS_derived,t0 = RS reclamation-onset proxy from NDVI trough; pre2000=left-censored; state_only=undatable in 2000-24 window,no_aml_match
MINE_US_01155,-81.693397,38.199181,0.9031,2014,10,2014,0.571,0.705,0.134,-0.00144,stable_restoration,rs_t0,regimeB_v0_RS_t0,RS_derived,t0 = RS reclamation-onset proxy from NDVI trough; pre2000=left-censored; state_only=undatable in 2000-24 window,no_aml_match
MINE_US_01156,-120.924142,38.313965,0.9025,,,2000,0.038,0.152,0.114,0.00445,degraded,state_only_no_t0,regimeB_v0_RS_t0,RS_derived,t0 = RS reclamation-onset proxy from NDVI trough; pre2000=left-censored; state_only=undatable in 2000-24 window,no_aml_match
MINE_US_01157,-103.978402,43.489909,0.9023,,,2003,0.179,0.312,0.133,0.00719,early_restoration,state_only_no_t0,regimeB_v0_RS_t0,RS_derived,t0 = RS reclamation-onset proxy from NDVI trough; pre2000=left-censored; state_only=undatable in 2000-24 window,no_aml_match
MINE_US_01158,-122.923279,46.102763,0.9021,,,2002,0.117,0.168,0.051,0.00262,degraded,state_only_no_t0,regimeB_v0_RS_t0,RS_derived,t0 = RS reclamation-onset proxy from NDVI trough; pre2000=left-censored; state_only=undatable in 2000-24 window,no_aml_match
MINE_US_01159,-93.569954,32.012462,0.9012,2012,12,2012,0.415,0.58,0.165,0.00422,stable_restoration,rs_t0,regimeB_v0_RS_t0,RS_derived,t0 = RS reclamation-onset proxy from NDVI trough; pre2000=left-censored; state_only=undatable in 2000-24 window,no_aml_match
MINE_US_01160,-81.984704,37.598449,0.8963,2012,12,2012,0.483,0.641,0.158,-0.00886,stable_restoration,rs_t0,regimeB_v0_RS_t0,RS_derived,t0 = RS reclamation-onset proxy from NDVI trough; pre2000=left-censored; state_only=undatable in 2000-24 window,no_aml_match
MINE_US_01161,-85.906771,36.217983,0.8957,,,2000,0.375,0.408,0.033,2e-05,early_restoration,state_only_no_t0,regimeB_v0_RS_t0,RS_derived,t0 = RS reclamation-onset proxy from NDVI trough; pre2000=left-censored; state_only=undatable in 2000-24 window,no_aml_match
MINE_US_01162,-79.782654,39.699707,0.8946,,,2019,0.378,0.442,0.064,-0.00954,early_restoration,state_only_no_t0,regimeB_v0_RS_t0,RS_derived,t0 = RS reclamation-onset proxy from NDVI trough; pre2000=left-censored; state_only=undatable in 2000-24 window,no_aml_match
MINE_US_01163,-80.35873,40.392733,0.8945,2015,9,2015,0.501,0.731,0.23,-0.00722,stable_restoration,rs_t0,regimeB_v0_RS_t0,RS_derived,t0 = RS reclamation-onset proxy from NDVI trough; pre2000=left-censored; state_only=undatable in 2000-24 window,aml_listed_not_complete
MINE_US_01164,-117.662981,35.345339,0.8942,,,2007,0.033,0.076,0.043,0.0019,degraded,state_only_no_t0,regimeB_v0_RS_t0,RS_derived,t0 = RS reclamation-onset proxy from NDVI trough; pre2000=left-censored; state_only=undatable in 2000-24 window,no_aml_match
MINE_US_01165,-78.356306,40.857048,0.8931,2010,14,2010,0.363,0.715,0.352,0.00743,stable_restoration,rs_t0,regimeB_v0_RS_t0,RS_derived,t0 = RS reclamation-onset proxy from NDVI trough; pre2000=left-censored; state_only=undatable in 2000-24 window,no_aml_match
MINE_US_01166,-112.309695,33.681257,0.8926,,,2006,0.065,0.096,0.031,0.00101,degraded,state_only_no_t0,regimeB_v0_RS_t0,RS_derived,t0 = RS reclamation-onset proxy from NDVI trough; pre2000=left-censored; state_only=undatable in 2000-24 window,no_aml_match
MINE_US_01167,-91.116348,45.519859,0.8916,,,2008,0.345,0.417,0.072,-0.00213,early_restoration,state_only_no_t0,regimeB_v0_RS_t0,RS_derived,t0 = RS reclamation-onset proxy from NDVI trough; pre2000=left-censored; state_only=undatable in 2000-24 window,no_aml_match
MINE_US_01168,-117.115226,40.77453,0.8879,,,2009,0.095,0.149,0.054,0.00175,degraded,state_only_no_t0,regimeB_v0_RS_t0,RS_derived,t0 = RS reclamation-onset proxy from NDVI trough; pre2000=left-censored; state_only=undatable in 2000-24 window,no_aml_match
MINE_US_01169,-105.55663,44.390071,0.8879,,,2011,0.162,0.23,0.068,4e-05,early_restoration,state_only_no_t0,regimeB_v0_RS_t0,RS_derived,t0 = RS reclamation-onset proxy from NDVI trough; pre2000=left-censored; state_only=undatable in 2000-24 window,no_aml_match
MINE_US_01170,-107.573127,40.431997,0.8864,,,2002,0.193,0.321,0.127,0.00546,early_restoration,state_only_no_t0,regimeB_v0_RS_t0,RS_derived,t0 = RS reclamation-onset proxy from NDVI trough; pre2000=left-censored; state_only=undatable in 2000-24 window,no_aml_match
MINE_US_01171,-82.117792,38.935082,0.8858,,,2007,0.212,0.27,0.057,0.00209,early_restoration,state_only_no_t0,regimeB_v0_RS_t0,RS_derived,t0 = RS reclamation-onset proxy from NDVI trough; pre2000=left-censored; state_only=undatable in 2000-24 window,no_aml_match
MINE_US_01172,-98.58009,27.427455,0.884,,,2001,0.199,0.355,0.156,0.00693,early_restoration,state_only_no_t0,regimeB_v0_RS_t0,RS_derived,t0 = RS reclamation-onset proxy from NDVI trough; pre2000=left-censored; state_only=undatable in 2000-24 window,no_aml_match
MINE_US_01173,-103.766418,44.357606,0.883,,,2005,0.168,0.257,0.089,0.00452,early_restoration,state_only_no_t0,regimeB_v0_RS_t0,RS_derived,t0 = RS reclamation-onset proxy from NDVI trough; pre2000=left-censored; state_only=undatable in 2000-24 window,no_aml_match
MINE_US_01174,-119.518416,48.792221,0.8807,,,2002,0.224,0.315,0.091,0.00383,early_restoration,state_only_no_t0,regimeB_v0_RS_t0,RS_derived,t0 = RS reclamation-onset proxy from NDVI trough; pre2000=left-censored; state_only=undatable in 2000-24 window,no_aml_match
MINE_US_01175,-76.080307,40.751243,0.8798,2012,12,2012,0.638,0.739,0.101,0.00214,stable_restoration,rs_t0,regimeB_v0_RS_t0,RS_derived,t0 = RS reclamation-onset proxy from NDVI trough; pre2000=left-censored; state_only=undatable in 2000-24 window,aml_listed_not_complete
MINE_US_01176,-89.011254,38.116621,0.8796,,,2011,0.359,0.432,0.073,0.00064,early_restoration,state_only_no_t0,regimeB_v0_RS_t0,RS_derived,t0 = RS reclamation-onset proxy from NDVI trough; pre2000=left-censored; state_only=undatable in 2000-24 window,no_aml_match
MINE_US_01177,-117.227897,41.139893,0.8792,,,2000,0.117,0.166,0.048,0.00082,degraded,state_only_no_t0,regimeB_v0_RS_t0,RS_derived,t0 = RS reclamation-onset proxy from NDVI trough; pre2000=left-censored; state_only=undatable in 2000-24 window,no_aml_match
MINE_US_01178,-81.49412,40.49533,0.8776,,,2017,0.308,0.367,0.059,-0.021,early_restoration,state_only_no_t0,regimeB_v0_RS_t0,RS_derived,t0 = RS reclamation-onset proxy from NDVI trough; pre2000=left-censored; state_only=undatable in 2000-24 window,no_aml_match
MINE_US_01179,-79.581009,40.132397,0.8774,pre2000,,2024,0.477,0.504,0.027,0.00029,stable_restoration,censored_pre2000,regimeB_v0_RS_t0,RS_derived,t0 = RS reclamation-onset proxy from NDVI trough; pre2000=left-censored; state_only=undatable in 2000-24 window,aml_listed_not_complete
MINE_US_01180,-109.717227,32.877071,0.8754,,,2010,0.069,0.102,0.033,0.0013,degraded,state_only_no_t0,regimeB_v0_RS_t0,RS_derived,t0 = RS reclamation-onset proxy from NDVI trough; pre2000=left-censored; state_only=undatable in 2000-24 window,no_aml_match
MINE_US_01181,-87.500466,37.657918,0.8739,,,2001,0.247,0.287,0.039,0.00158,early_restoration,state_only_no_t0,regimeB_v0_RS_t0,RS_derived,t0 = RS reclamation-onset proxy from NDVI trough; pre2000=left-censored; state_only=undatable in 2000-24 window,no_aml_match
MINE_US_01182,-83.15743,37.868934,0.8739,2009,15,2009,0.428,0.76,0.332,-0.00241,stable_restoration,rs_t0,regimeB_v0_RS_t0,RS_derived,t0 = RS reclamation-onset proxy from NDVI trough; pre2000=left-censored; state_only=undatable in 2000-24 window,no_aml_match
MINE_US_01183,-81.112543,34.110929,0.8733,,,2024,0.243,0.244,0.002,-0.01015,early_restoration,state_only_no_t0,regimeB_v0_RS_t0,RS_derived,t0 = RS reclamation-onset proxy from NDVI trough; pre2000=left-censored; state_only=undatable in 2000-24 window,no_aml_match
MINE_US_01184,-109.689987,32.85953,0.872,,,2007,0.071,0.11,0.038,0.00165,degraded,state_only_no_t0,regimeB_v0_RS_t0,RS_derived,t0 = RS reclamation-onset proxy from NDVI trough; pre2000=left-censored; state_only=undatable in 2000-24 window,no_aml_match
MINE_US_01185,-76.362584,40.822973,0.8709,,,2022,0.447,0.45,0.003,-0.00102,early_restoration,state_only_no_t0,regimeB_v0_RS_t0,RS_derived,t0 = RS reclamation-onset proxy from NDVI trough; pre2000=left-censored; state_only=undatable in 2000-24 window,aml_listed_not_complete
MINE_US_01186,-107.859155,42.131772,0.8702,,,2001,0.114,0.163,0.049,0.00204,degraded,state_only_no_t0,regimeB_v0_RS_t0,RS_derived,t0 = RS reclamation-onset proxy from NDVI trough; pre2000=left-censored; state_only=undatable in 2000-24 window,no_aml_match
MINE_US_01187,-78.969123,39.619652,0.8699,2013,11,2013,0.353,0.455,0.102,-0.01951,early_restoration,rs_t0,regimeB_v0_RS_t0,RS_derived,t0 = RS reclamation-onset proxy from NDVI trough; pre2000=left-censored; state_only=undatable in 2000-24 window,no_aml_match
MINE_US_01188,-86.862542,33.523019,0.8682,,,2000,0.183,0.216,0.033,0.00097,degraded,state_only_no_t0,regimeB_v0_RS_t0,RS_derived,t0 = RS reclamation-onset proxy from NDVI trough; pre2000=left-censored; state_only=undatable in 2000-24 window,no_aml_match
MINE_US_01189,-75.738887,41.396581,0.8659,,,2001,0.256,0.378,0.122,0.00511,early_restoration,state_only_no_t0,regimeB_v0_RS_t0,RS_derived,t0 = RS reclamation-onset proxy from NDVI trough; pre2000=left-censored; state_only=undatable in 2000-24 window,aml_listed_not_complete
MINE_US_01190,-116.152148,40.805051,0.8658,,,2000,0.108,0.161,0.053,0.00179,degraded,state_only_no_t0,regimeB_v0_RS_t0,RS_derived,t0 = RS reclamation-onset proxy from NDVI trough; pre2000=left-censored; state_only=undatable in 2000-24 window,no_aml_match
MINE_US_01191,-118.371313,35.124283,0.8601,,,2001,0.058,0.112,0.054,0.00212,degraded,state_only_no_t0,regimeB_v0_RS_t0,RS_derived,t0 = RS reclamation-onset proxy from NDVI trough; pre2000=left-censored; state_only=undatable in 2000-24 window,no_aml_match
MINE_US_01192,-82.702433,36.952643,0.8581,2013,11,2013,0.51,0.713,0.204,-0.00524,stable_restoration,rs_t0,regimeB_v0_RS_t0,RS_derived,t0 = RS reclamation-onset proxy from NDVI trough; pre2000=left-censored; state_only=undatable in 2000-24 window,no_aml_match
MINE_US_01193,-106.650782,45.904892,0.8578,2012,12,2012,0.028,0.13,0.102,0.00194,early_restoration,rs_t0,regimeB_v0_RS_t0,RS_derived,t0 = RS reclamation-onset proxy from NDVI trough; pre2000=left-censored; state_only=undatable in 2000-24 window,no_aml_match
MINE_US_01194,-96.220719,31.442306,0.8519,pre2000,,2017,0.419,0.503,0.083,-0.0097,stable_restoration,censored_pre2000,regimeB_v0_RS_t0,RS_derived,t0 = RS reclamation-onset proxy from NDVI trough; pre2000=left-censored; state_only=undatable in 2000-24 window,no_aml_match
MINE_US_01195,-120.00589,39.96181,0.8513,,,2014,0.155,0.201,0.046,0.00085,degraded,state_only_no_t0,regimeB_v0_RS_t0,RS_derived,t0 = RS reclamation-onset proxy from NDVI trough; pre2000=left-censored; state_only=undatable in 2000-24 window,no_aml_match
MINE_US_01196,-87.41655,38.610582,0.8505,2011,13,2011,0.271,0.539,0.268,0.00761,stable_restoration,rs_t0,regimeB_v0_RS_t0,RS_derived,t0 = RS reclamation-onset proxy from NDVI trough; pre2000=left-censored; state_only=undatable in 2000-24 window,no_aml_match
MINE_US_01197,-115.97608,41.81402,0.8501,,,2000,0.144,0.263,0.119,0.00412,early_restoration,state_only_no_t0,regimeB_v0_RS_t0,RS_derived,t0 = RS reclamation-onset proxy from NDVI trough; pre2000=left-censored; state_only=undatable in 2000-24 window,no_aml_match
MINE_US_01198,-120.500834,38.024983,0.8493,,,2003,0.152,0.227,0.075,0.00273,early_restoration,state_only_no_t0,regimeB_v0_RS_t0,RS_derived,t0 = RS reclamation-onset proxy from NDVI trough; pre2000=left-censored; state_only=undatable in 2000-24 window,no_aml_match
MINE_US_01199,-111.461604,33.028324,0.8488,,,2024,0.016,0.028,0.011,-0.00503,degraded,state_only_no_t0,regimeB_v0_RS_t0,RS_derived,t0 = RS reclamation-onset proxy from NDVI trough; pre2000=left-censored; state_only=undatable in 2000-24 window,no_aml_match
MINE_US_01200,-87.204983,38.325865,0.8469,2011,13,2011,0.356,0.476,0.12,0.00135,early_restoration,rs_t0,regimeB_v0_RS_t0,RS_derived,t0 = RS reclamation-onset proxy from NDVI trough; pre2000=left-censored; state_only=undatable in 2000-24 window,no_aml_match
MINE_US_01201,-86.695048,33.819284,0.8462,pre2000,,2007,0.489,0.64,0.15,0.00589,stable_restoration,censored_pre2000,regimeB_v0_RS_t0,RS_derived,t0 = RS reclamation-onset proxy from NDVI trough; pre2000=left-censored; state_only=undatable in 2000-24 window,no_aml_match
MINE_US_01202,-80.693044,40.694722,0.8459,2003,21,2003,0.371,0.728,0.357,0.01642,stable_restoration,rs_t0,regimeB_v0_RS_t0,RS_derived,t0 = RS reclamation-onset proxy from NDVI trough; pre2000=left-censored; state_only=undatable in 2000-24 window,no_aml_match
MINE_US_01203,-113.026562,45.202952,0.8455,,,2001,0.213,0.288,0.075,0.00325,early_restoration,state_only_no_t0,regimeB_v0_RS_t0,RS_derived,t0 = RS reclamation-onset proxy from NDVI trough; pre2000=left-censored; state_only=undatable in 2000-24 window,no_aml_match
MINE_US_01204,-111.382527,40.743246,0.8449,,,2007,0.195,0.269,0.074,0.00174,early_restoration,state_only_no_t0,regimeB_v0_RS_t0,RS_derived,t0 = RS reclamation-onset proxy from NDVI trough; pre2000=left-censored; state_only=undatable in 2000-24 window,no_aml_match
MINE_US_01205,-86.996347,38.60554,0.8437,2002,22,2002,0.325,0.667,0.343,0.01461,stable_restoration,rs_t0,regimeB_v0_RS_t0,RS_derived,t0 = RS reclamation-onset proxy from NDVI trough; pre2000=left-censored; state_only=undatable in 2000-24 window,no_aml_match
MINE_US_01206,-87.347615,38.650558,0.843,2003,21,2003,0.169,0.539,0.37,0.01597,stable_restoration,rs_t0,regimeB_v0_RS_t0,RS_derived,t0 = RS reclamation-onset proxy from NDVI trough; pre2000=left-censored; state_only=undatable in 2000-24 window,no_aml_match
MINE_US_01207,-82.785507,36.96341,0.8421,2011,13,2011,0.32,0.436,0.117,-0.00672,early_restoration,rs_t0,regimeB_v0_RS_t0,RS_derived,t0 = RS reclamation-onset proxy from NDVI trough; pre2000=left-censored; state_only=undatable in 2000-24 window,no_aml_match
MINE_US_01208,-115.495032,39.999321,0.8416,,,2007,0.128,0.172,0.044,0.00178,degraded,state_only_no_t0,regimeB_v0_RS_t0,RS_derived,t0 = RS reclamation-onset proxy from NDVI trough; pre2000=left-censored; state_only=undatable in 2000-24 window,no_aml_match
MINE_US_01209,-87.412905,37.664626,0.8414,2017,7,2017,0.491,0.652,0.161,-0.01463,stable_restoration,rs_t0,regimeB_v0_RS_t0,RS_derived,t0 = RS reclamation-onset proxy from NDVI trough; pre2000=left-censored; state_only=undatable in 2000-24 window,no_aml_match
MINE_US_01210,-79.669624,39.446679,0.8403,2011,13,2011,0.5,0.602,0.102,-0.00014,stable_restoration,rs_t0,regimeB_v0_RS_t0,RS_derived,t0 = RS reclamation-onset proxy from NDVI trough; pre2000=left-censored; state_only=undatable in 2000-24 window,no_aml_match
MINE_US_01211,-79.942394,39.715033,0.8388,2009,15,2009,0.551,0.73,0.178,0.00132,stable_restoration,rs_t0,regimeB_v0_RS_t0,RS_derived,t0 = RS reclamation-onset proxy from NDVI trough; pre2000=left-censored; state_only=undatable in 2000-24 window,no_aml_match
MINE_US_01212,-94.321553,35.004573,0.8378,pre2000,,2000,0.512,0.678,0.166,0.00428,stable_restoration,censored_pre2000,regimeB_v0_RS_t0,RS_derived,t0 = RS reclamation-onset proxy from NDVI trough; pre2000=left-censored; state_only=undatable in 2000-24 window,no_aml_match
MINE_US_01213,-116.668794,40.286405,0.8358,,,2002,0.079,0.137,0.059,0.0025,degraded,state_only_no_t0,regimeB_v0_RS_t0,RS_derived,t0 = RS reclamation-onset proxy from NDVI trough; pre2000=left-censored; state_only=undatable in 2000-24 window,no_aml_match
MINE_US_01214,-85.740297,34.904128,0.8351,pre2000,,2011,0.307,0.594,0.287,0.01253,stable_restoration,censored_pre2000,regimeB_v0_RS_t0,RS_derived,t0 = RS reclamation-onset proxy from NDVI trough; pre2000=left-censored; state_only=undatable in 2000-24 window,no_aml_match
MINE_US_01215,-83.187935,37.79096,0.8335,2010,14,2010,0.51,0.714,0.204,-0.00619,stable_restoration,rs_t0,regimeB_v0_RS_t0,RS_derived,t0 = RS reclamation-onset proxy from NDVI trough; pre2000=left-censored; state_only=undatable in 2000-24 window,no_aml_match
MINE_US_01216,-84.080099,36.92446,0.8307,pre2000,,2000,0.323,0.598,0.276,0.01167,stable_restoration,censored_pre2000,regimeB_v0_RS_t0,RS_derived,t0 = RS reclamation-onset proxy from NDVI trough; pre2000=left-censored; state_only=undatable in 2000-24 window,no_aml_match
MINE_US_01217,-76.283926,40.659388,0.8289,pre2000,,2001,0.583,0.756,0.173,0.00753,stable_restoration,censored_pre2000,regimeB_v0_RS_t0,RS_derived,t0 = RS reclamation-onset proxy from NDVI trough; pre2000=left-censored; state_only=undatable in 2000-24 window,aml_listed_not_complete
MINE_US_01218,-81.678316,38.090643,0.8263,2018,6,2018,0.278,0.475,0.197,-0.02379,early_restoration,rs_t0,regimeB_v0_RS_t0,RS_derived,t0 = RS reclamation-onset proxy from NDVI trough; pre2000=left-censored; state_only=undatable in 2000-24 window,no_aml_match
MINE_US_01219,-81.39583,39.70703,0.8236,pre2000,,2015,0.557,0.656,0.099,-0.00992,stable_restoration,censored_pre2000,regimeB_v0_RS_t0,RS_derived,t0 = RS reclamation-onset proxy from NDVI trough; pre2000=left-censored; state_only=undatable in 2000-24 window,no_aml_match
MINE_US_01220,-106.842168,38.516887,0.823,,,2011,0.13,0.172,0.041,0.00136,degraded,state_only_no_t0,regimeB_v0_RS_t0,RS_derived,t0 = RS reclamation-onset proxy from NDVI trough; pre2000=left-censored; state_only=undatable in 2000-24 window,no_aml_match
MINE_US_01221,-83.111705,36.882949,0.8228,2011,13,2011,0.501,0.741,0.241,0.00258,stable_restoration,rs_t0,regimeB_v0_RS_t0,RS_derived,t0 = RS reclamation-onset proxy from NDVI trough; pre2000=left-censored; state_only=undatable in 2000-24 window,no_aml_match
MINE_US_01222,-116.929985,34.375234,0.8225,,,2007,0.078,0.118,0.04,0.00093,degraded,state_only_no_t0,regimeB_v0_RS_t0,RS_derived,t0 = RS reclamation-onset proxy from NDVI trough; pre2000=left-censored; state_only=undatable in 2000-24 window,no_aml_match
MINE_US_01223,-118.695856,41.82782,0.821,,,2003,0.122,0.173,0.051,0.00193,degraded,state_only_no_t0,regimeB_v0_RS_t0,RS_derived,t0 = RS reclamation-onset proxy from NDVI trough; pre2000=left-censored; state_only=undatable in 2000-24 window,no_aml_match
MINE_US_01224,-82.06567,39.576211,0.8209,pre2000,,2013,0.481,0.566,0.084,-0.01488,stable_restoration,censored_pre2000,regimeB_v0_RS_t0,RS_derived,t0 = RS reclamation-onset proxy from NDVI trough; pre2000=left-censored; state_only=undatable in 2000-24 window,no_aml_match
MINE_US_01225,-87.29563,38.165826,0.8199,2015,9,2015,0.343,0.645,0.302,-0.01384,stable_restoration,rs_t0,regimeB_v0_RS_t0,RS_derived,t0 = RS reclamation-onset proxy from NDVI trough; pre2000=left-censored; state_only=undatable in 2000-24 window,no_aml_match
MINE_US_01226,-111.340771,33.280833,0.8185,,,2002,0.094,0.147,0.053,0.00196,degraded,state_only_no_t0,regimeB_v0_RS_t0,RS_derived,t0 = RS reclamation-onset proxy from NDVI trough; pre2000=left-censored; state_only=undatable in 2000-24 window,no_aml_match
MINE_US_01227,-68.535227,44.455055,0.8182,pre2000,,2007,0.469,0.642,0.173,0.00592,stable_restoration,censored_pre2000,regimeB_v0_RS_t0,RS_derived,t0 = RS reclamation-onset proxy from NDVI trough; pre2000=left-censored; state_only=undatable in 2000-24 window,no_aml_match
MINE_US_01228,-75.815516,41.286538,0.8167,,,2016,0.354,0.394,0.04,-0.00064,early_restoration,state_only_no_t0,regimeB_v0_RS_t0,RS_derived,t0 = RS reclamation-onset proxy from NDVI trough; pre2000=left-censored; state_only=undatable in 2000-24 window,aml_listed_not_complete
MINE_US_01229,-84.090898,37.034456,0.8164,,,2007,0.396,0.489,0.093,0.00406,early_restoration,state_only_no_t0,regimeB_v0_RS_t0,RS_derived,t0 = RS reclamation-onset proxy from NDVI trough; pre2000=left-censored; state_only=undatable in 2000-24 window,no_aml_match
MINE_US_01230,-103.710336,44.4423,0.8156,,,2011,0.248,0.295,0.047,0.00119,early_restoration,state_only_no_t0,regimeB_v0_RS_t0,RS_derived,t0 = RS reclamation-onset proxy from NDVI trough; pre2000=left-censored; state_only=undatable in 2000-24 window,no_aml_match
MINE_US_01231,-105.242325,39.910477,0.8154,,,2001,0.215,0.306,0.092,0.00343,early_restoration,state_only_no_t0,regimeB_v0_RS_t0,RS_derived,t0 = RS reclamation-onset proxy from NDVI trough; pre2000=left-censored; state_only=undatable in 2000-24 window,no_aml_match
MINE_US_01232,-79.021997,40.95133,0.8151,2011,13,2011,0.37,0.655,0.285,-0.0095,stable_restoration,rs_t0,regimeB_v0_RS_t0,RS_derived,t0 = RS reclamation-onset proxy from NDVI trough; pre2000=left-censored; state_only=undatable in 2000-24 window,aml_listed_not_complete
MINE_US_01233,-87.552309,33.928038,0.8113,2011,13,2011,0.33,0.57,0.24,-0.00845,stable_restoration,rs_t0,regimeB_v0_RS_t0,RS_derived,t0 = RS reclamation-onset proxy from NDVI trough; pre2000=left-censored; state_only=undatable in 2000-24 window,no_aml_match
MINE_US_01234,-105.205758,39.631656,0.8102,,,2012,0.152,0.168,0.016,-0.00431,degraded,state_only_no_t0,regimeB_v0_RS_t0,RS_derived,t0 = RS reclamation-onset proxy from NDVI trough; pre2000=left-censored; state_only=undatable in 2000-24 window,no_aml_match
MINE_US_01235,-109.681822,38.472823,0.8097,,,2017,-0.207,-0.17,0.037,-0.00701,degraded,state_only_no_t0,regimeB_v0_RS_t0,RS_derived,t0 = RS reclamation-onset proxy from NDVI trough; pre2000=left-censored; state_only=undatable in 2000-24 window,no_aml_match
MINE_US_01236,-113.342641,42.402953,0.8092,,,2002,0.118,0.179,0.061,0.00177,degraded,state_only_no_t0,regimeB_v0_RS_t0,RS_derived,t0 = RS reclamation-onset proxy from NDVI trough; pre2000=left-censored; state_only=undatable in 2000-24 window,no_aml_match
MINE_US_01237,-105.416269,44.358126,0.808,,,2003,0.203,0.292,0.088,0.00247,early_restoration,state_only_no_t0,regimeB_v0_RS_t0,RS_derived,t0 = RS reclamation-onset proxy from NDVI trough; pre2000=left-censored; state_only=undatable in 2000-24 window,no_aml_match
MINE_US_01238,-115.489702,35.36105,0.8076,,,2006,0.08,0.11,0.03,0.00105,degraded,state_only_no_t0,regimeB_v0_RS_t0,RS_derived,t0 = RS reclamation-onset proxy from NDVI trough; pre2000=left-censored; state_only=undatable in 2000-24 window,no_aml_match
MINE_US_01239,-87.215785,33.682573,0.8067,2018,6,2018,0.331,0.548,0.217,-0.00748,stable_restoration,rs_t0,regimeB_v0_RS_t0,RS_derived,t0 = RS reclamation-onset proxy from NDVI trough; pre2000=left-censored; state_only=undatable in 2000-24 window,no_aml_match
MINE_US_01240,-83.246469,37.397303,0.8058,2011,13,2011,0.269,0.71,0.441,0.00141,stable_restoration,rs_t0,regimeB_v0_RS_t0,RS_derived,t0 = RS reclamation-onset proxy from NDVI trough; pre2000=left-censored; state_only=undatable in 2000-24 window,no_aml_match
MINE_US_01241,-105.365102,44.101254,0.8054,,,2005,0.15,0.241,0.091,0.00311,early_restoration,state_only_no_t0,regimeB_v0_RS_t0,RS_derived,t0 = RS reclamation-onset proxy from NDVI trough; pre2000=left-censored; state_only=undatable in 2000-24 window,no_aml_match
MINE_US_01242,-87.361682,33.824947,0.8043,2017,7,2017,0.343,0.513,0.17,-0.02137,stable_restoration,rs_t0,regimeB_v0_RS_t0,RS_derived,t0 = RS reclamation-onset proxy from NDVI trough; pre2000=left-censored; state_only=undatable in 2000-24 window,no_aml_match
MINE_US_01243,-94.494764,32.454675,0.8042,,,2011,0.253,0.328,0.076,0.00038,early_restoration,state_only_no_t0,regimeB_v0_RS_t0,RS_derived,t0 = RS reclamation-onset proxy from NDVI trough; pre2000=left-censored; state_only=undatable in 2000-24 window,no_aml_match
MINE_US_01244,-82.953843,37.533565,0.8038,2013,11,2013,0.569,0.8,0.231,-0.00569,stable_restoration,rs_t0,regimeB_v0_RS_t0,RS_derived,t0 = RS reclamation-onset proxy from NDVI trough; pre2000=left-censored; state_only=undatable in 2000-24 window,no_aml_match
MINE_US_01245,-117.756308,40.887934,0.8033,,,2002,0.102,0.171,0.069,0.00316,degraded,state_only_no_t0,regimeB_v0_RS_t0,RS_derived,t0 = RS reclamation-onset proxy from NDVI trough; pre2000=left-censored; state_only=undatable in 2000-24 window,no_aml_match
MINE_US_01246,-80.005869,39.637393,0.7964,2019,5,2019,0.403,0.521,0.118,-0.02061,stable_restoration,rs_t0,regimeB_v0_RS_t0,RS_derived,t0 = RS reclamation-onset proxy from NDVI trough; pre2000=left-censored; state_only=undatable in 2000-24 window,no_aml_match
MINE_US_01247,-83.056836,37.592929,0.7964,2013,11,2013,0.465,0.736,0.271,0.00244,stable_restoration,rs_t0,regimeB_v0_RS_t0,RS_derived,t0 = RS reclamation-onset proxy from NDVI trough; pre2000=left-censored; state_only=undatable in 2000-24 window,no_aml_match
MINE_US_01248,-105.402524,44.356304,0.7952,,,2005,0.177,0.411,0.234,0.0078,early_restoration,state_only_no_t0,regimeB_v0_RS_t0,RS_derived,t0 = RS reclamation-onset proxy from NDVI trough; pre2000=left-censored; state_only=undatable in 2000-24 window,no_aml_match
MINE_US_01249,-78.842822,39.537255,0.7918,,,2024,0.49,0.492,0.003,-0.001,early_restoration,state_only_no_t0,regimeB_v0_RS_t0,RS_derived,t0 = RS reclamation-onset proxy from NDVI trough; pre2000=left-censored; state_only=undatable in 2000-24 window,no_aml_match
MINE_US_01250,-80.915606,40.170209,0.7909,2015,9,2015,0.331,0.705,0.374,-0.00874,stable_restoration,rs_t0,regimeB_v0_RS_t0,RS_derived,t0 = RS reclamation-onset proxy from NDVI trough; pre2000=left-censored; state_only=undatable in 2000-24 window,no_aml_match
MINE_US_01251,-83.21118,37.541995,0.7905,2015,9,2015,0.62,0.805,0.186,-0.00518,stable_restoration,rs_t0,regimeB_v0_RS_t0,RS_derived,t0 = RS reclamation-onset proxy from NDVI trough; pre2000=left-censored; state_only=undatable in 2000-24 window,no_aml_match
MINE_US_01252,-80.375626,34.537578,0.79,,,2019,0.359,0.371,0.012,-0.01787,early_restoration,state_only_no_t0,regimeB_v0_RS_t0,RS_derived,t0 = RS reclamation-onset proxy from NDVI trough; pre2000=left-censored; state_only=undatable in 2000-24 window,no_aml_match
MINE_US_01253,-85.362586,43.876646,0.7898,,,2008,0.339,0.415,0.075,0.0007,early_restoration,state_only_no_t0,regimeB_v0_RS_t0,RS_derived,t0 = RS reclamation-onset proxy from NDVI trough; pre2000=left-censored; state_only=undatable in 2000-24 window,no_aml_match
MINE_US_01254,-75.877841,40.852573,0.7887,pre2000,,2000,0.434,0.621,0.187,0.0095,stable_restoration,censored_pre2000,regimeB_v0_RS_t0,RS_derived,t0 = RS reclamation-onset proxy from NDVI trough; pre2000=left-censored; state_only=undatable in 2000-24 window,no_aml_match
MINE_US_01255,-111.474514,33.094686,0.7885,,,2008,0.081,0.095,0.014,-0.00052,degraded,state_only_no_t0,regimeB_v0_RS_t0,RS_derived,t0 = RS reclamation-onset proxy from NDVI trough; pre2000=left-censored; state_only=undatable in 2000-24 window,no_aml_match
MINE_US_01256,-80.619554,38.511529,0.7885,pre2000,,2011,0.53,0.609,0.079,0.00028,stable_restoration,censored_pre2000,regimeB_v0_RS_t0,RS_derived,t0 = RS reclamation-onset proxy from NDVI trough; pre2000=left-censored; state_only=undatable in 2000-24 window,no_aml_match
MINE_US_01257,-117.134561,39.22754,0.7884,,,2001,0.268,0.365,0.098,0.00388,early_restoration,state_only_no_t0,regimeB_v0_RS_t0,RS_derived,t0 = RS reclamation-onset proxy from NDVI trough; pre2000=left-censored; state_only=undatable in 2000-24 window,no_aml_match
MINE_US_01258,-78.921762,39.613336,0.786,2015,9,2015,0.293,0.446,0.153,-0.0146,early_restoration,rs_t0,regimeB_v0_RS_t0,RS_derived,t0 = RS reclamation-onset proxy from NDVI trough; pre2000=left-censored; state_only=undatable in 2000-24 window,no_aml_match
MINE_US_01259,-79.146871,40.550106,0.7855,pre2000,,2013,0.421,0.503,0.082,-0.00193,stable_restoration,censored_pre2000,regimeB_v0_RS_t0,RS_derived,t0 = RS reclamation-onset proxy from NDVI trough; pre2000=left-censored; state_only=undatable in 2000-24 window,aml_listed_not_complete
MINE_US_01260,-95.094367,33.13215,0.7841,2005,19,2005,0.377,0.568,0.19,0.00577,stable_restoration,rs_t0,regimeB_v0_RS_t0,RS_derived,t0 = RS reclamation-onset proxy from NDVI trough; pre2000=left-censored; state_only=undatable in 2000-24 window,no_aml_match
MINE_US_01261,-111.452945,42.160362,0.7839,,,2008,0.312,0.415,0.103,0.0024,early_restoration,state_only_no_t0,regimeB_v0_RS_t0,RS_derived,t0 = RS reclamation-onset proxy from NDVI trough; pre2000=left-censored; state_only=undatable in 2000-24 window,no_aml_match
MINE_US_01262,-81.911421,40.307608,0.7813,,,2017,0.387,0.463,0.076,0.00162,early_restoration,state_only_no_t0,regimeB_v0_RS_t0,RS_derived,t0 = RS reclamation-onset proxy from NDVI trough; pre2000=left-censored; state_only=undatable in 2000-24 window,no_aml_match
MINE_US_01263,-120.167881,47.405489,0.7801,,,2020,0.143,0.169,0.026,-0.00137,degraded,state_only_no_t0,regimeB_v0_RS_t0,RS_derived,t0 = RS reclamation-onset proxy from NDVI trough; pre2000=left-censored; state_only=undatable in 2000-24 window,no_aml_match
MINE_US_01264,-81.578896,37.451276,0.7783,2014,10,2014,0.389,0.64,0.251,-0.0171,stable_restoration,rs_t0,regimeB_v0_RS_t0,RS_derived,t0 = RS reclamation-onset proxy from NDVI trough; pre2000=left-censored; state_only=undatable in 2000-24 window,no_aml_match
MINE_US_01265,-87.495068,37.582785,0.7766,2015,9,2015,0.344,0.458,0.113,-0.01184,early_restoration,rs_t0,regimeB_v0_RS_t0,RS_derived,t0 = RS reclamation-onset proxy from NDVI trough; pre2000=left-censored; state_only=undatable in 2000-24 window,no_aml_match
MINE_US_01266,-113.690196,35.376718,0.7762,,,2001,0.109,0.161,0.052,0.00184,degraded,state_only_no_t0,regimeB_v0_RS_t0,RS_derived,t0 = RS reclamation-onset proxy from NDVI trough; pre2000=left-censored; state_only=undatable in 2000-24 window,no_aml_match
MINE_US_01267,-75.521943,41.546727,0.7752,,,2000,0.333,0.484,0.152,0.00611,early_restoration,state_only_no_t0,regimeB_v0_RS_t0,RS_derived,t0 = RS reclamation-onset proxy from NDVI trough; pre2000=left-censored; state_only=undatable in 2000-24 window,aml_listed_not_complete
MINE_US_01268,-80.676794,38.028037,0.7738,2016,8,2016,0.432,0.578,0.147,-0.01936,stable_restoration,rs_t0,regimeB_v0_RS_t0,RS_derived,t0 = RS reclamation-onset proxy from NDVI trough; pre2000=left-censored; state_only=undatable in 2000-24 window,no_aml_match
MINE_US_01269,-117.974179,38.735699,0.7735,,,2000,-0.013,0.062,0.075,0.0039,degraded,state_only_no_t0,regimeB_v0_RS_t0,RS_derived,t0 = RS reclamation-onset proxy from NDVI trough; pre2000=left-censored; state_only=undatable in 2000-24 window,no_aml_match
MINE_US_01270,-107.34765,42.791971,0.773,,,2001,0.28,0.379,0.098,0.00401,early_restoration,state_only_no_t0,regimeB_v0_RS_t0,RS_derived,t0 = RS reclamation-onset proxy from NDVI trough; pre2000=left-censored; state_only=undatable in 2000-24 window,no_aml_match
MINE_US_01271,-116.565199,41.106118,0.7724,,,2001,0.13,0.162,0.032,0.00091,degraded,state_only_no_t0,regimeB_v0_RS_t0,RS_derived,t0 = RS reclamation-onset proxy from NDVI trough; pre2000=left-censored; state_only=undatable in 2000-24 window,no_aml_match
MINE_US_01272,-105.997129,39.60863,0.7718,,,2003,0.219,0.306,0.087,0.00159,early_restoration,state_only_no_t0,regimeB_v0_RS_t0,RS_derived,t0 = RS reclamation-onset proxy from NDVI trough; pre2000=left-censored; state_only=undatable in 2000-24 window,no_aml_match
MINE_US_01273,-90.116133,38.293692,0.7713,,,2016,0.3,0.326,0.025,-0.00495,early_restoration,state_only_no_t0,regimeB_v0_RS_t0,RS_derived,t0 = RS reclamation-onset proxy from NDVI trough; pre2000=left-censored; state_only=undatable in 2000-24 window,no_aml_match
MINE_US_01274,-78.980697,39.875944,0.7707,2011,13,2011,0.298,0.663,0.365,0.00697,stable_restoration,rs_t0,regimeB_v0_RS_t0,RS_derived,t0 = RS reclamation-onset proxy from NDVI trough; pre2000=left-censored; state_only=undatable in 2000-24 window,aml_listed_not_complete
MINE_US_01275,-85.936461,36.191143,0.7697,,,2001,0.321,0.368,0.047,0.00197,early_restoration,state_only_no_t0,regimeB_v0_RS_t0,RS_derived,t0 = RS reclamation-onset proxy from NDVI trough; pre2000=left-censored; state_only=undatable in 2000-24 window,no_aml_match
MINE_US_01276,-87.306809,33.305791,0.7697,2012,12,2012,0.216,0.327,0.111,-0.02575,early_restoration,rs_t0,regimeB_v0_RS_t0,RS_derived,t0 = RS reclamation-onset proxy from NDVI trough; pre2000=left-censored; state_only=undatable in 2000-24 window,no_aml_match
MINE_US_01277,-87.308572,33.32164,0.7689,,,2018,0.28,0.347,0.067,-0.02631,early_restoration,state_only_no_t0,regimeB_v0_RS_t0,RS_derived,t0 = RS reclamation-onset proxy from NDVI trough; pre2000=left-censored; state_only=undatable in 2000-24 window,no_aml_match
MINE_US_01278,-90.275421,37.542539,0.7668,,,2020,0.206,0.296,0.09,-0.00909,early_restoration,state_only_no_t0,regimeB_v0_RS_t0,RS_derived,t0 = RS reclamation-onset proxy from NDVI trough; pre2000=left-censored; state_only=undatable in 2000-24 window,no_aml_match
MINE_US_01279,-93.39522,32.005312,0.7664,2010,14,2010,0.409,0.547,0.138,-0.00042,stable_restoration,rs_t0,regimeB_v0_RS_t0,RS_derived,t0 = RS reclamation-onset proxy from NDVI trough; pre2000=left-censored; state_only=undatable in 2000-24 window,no_aml_match
MINE_US_01280,-80.113433,39.173514,0.7662,pre2000,,2003,0.75,0.85,0.1,0.00349,stable_restoration,censored_pre2000,regimeB_v0_RS_t0,RS_derived,t0 = RS reclamation-onset proxy from NDVI trough; pre2000=left-censored; state_only=undatable in 2000-24 window,no_aml_match
MINE_US_01281,-79.173839,40.670049,0.7622,pre2000,,2000,0.395,0.658,0.263,0.01207,stable_restoration,censored_pre2000,regimeB_v0_RS_t0,RS_derived,t0 = RS reclamation-onset proxy from NDVI trough; pre2000=left-censored; state_only=undatable in 2000-24 window,aml_listed_not_complete
MINE_US_01282,-110.103534,31.697914,0.7617,2007,17,2007,0.113,0.214,0.101,0.00279,early_restoration,rs_t0,regimeB_v0_RS_t0,RS_derived,t0 = RS reclamation-onset proxy from NDVI trough; pre2000=left-censored; state_only=undatable in 2000-24 window,no_aml_match
MINE_US_01283,-112.213734,40.325426,0.7595,,,2000,0.177,0.255,0.078,0.00258,early_restoration,state_only_no_t0,regimeB_v0_RS_t0,RS_derived,t0 = RS reclamation-onset proxy from NDVI trough; pre2000=left-censored; state_only=undatable in 2000-24 window,no_aml_match
MINE_US_01284,-78.268853,40.899904,0.7589,2015,9,2015,0.336,0.637,0.301,-0.01206,stable_restoration,rs_t0,regimeB_v0_RS_t0,RS_derived,t0 = RS reclamation-onset proxy from NDVI trough; pre2000=left-censored; state_only=undatable in 2000-24 window,aml_listed_not_complete
MINE_US_01285,-79.983121,40.19016,0.7589,2005,19,2005,0.275,0.423,0.148,0.00276,early_restoration,rs_t0,regimeB_v0_RS_t0,RS_derived,t0 = RS reclamation-onset proxy from NDVI trough; pre2000=left-censored; state_only=undatable in 2000-24 window,no_aml_match
MINE_US_01286,-82.72916,37.496918,0.7588,2011,13,2011,0.425,0.778,0.353,-0.0076,stable_restoration,rs_t0,regimeB_v0_RS_t0,RS_derived,t0 = RS reclamation-onset proxy from NDVI trough; pre2000=left-censored; state_only=undatable in 2000-24 window,no_aml_match
MINE_US_01287,-80.275033,40.447879,0.7586,,,2001,0.369,0.473,0.103,0.00427,early_restoration,state_only_no_t0,regimeB_v0_RS_t0,RS_derived,t0 = RS reclamation-onset proxy from NDVI trough; pre2000=left-censored; state_only=undatable in 2000-24 window,no_aml_match
MINE_US_01288,-82.078713,37.780834,0.7577,2014,10,2014,0.552,0.829,0.277,-0.0046,stable_restoration,rs_t0,regimeB_v0_RS_t0,RS_derived,t0 = RS reclamation-onset proxy from NDVI trough; pre2000=left-censored; state_only=undatable in 2000-24 window,no_aml_match
MINE_US_01289,-81.905119,37.838491,0.7575,2018,6,2018,0.321,0.572,0.252,-0.02305,stable_restoration,rs_t0,regimeB_v0_RS_t0,RS_derived,t0 = RS reclamation-onset proxy from NDVI trough; pre2000=left-censored; state_only=undatable in 2000-24 window,no_aml_match
MINE_US_01290,-79.174593,39.402219,0.7566,2015,9,2015,0.477,0.677,0.2,-0.00801,stable_restoration,rs_t0,regimeB_v0_RS_t0,RS_derived,t0 = RS reclamation-onset proxy from NDVI trough; pre2000=left-censored; state_only=undatable in 2000-24 window,no_aml_match
MINE_US_01291,-81.634955,37.272658,0.7562,2011,13,2011,0.471,0.836,0.365,-0.00405,stable_restoration,rs_t0,regimeB_v0_RS_t0,RS_derived,t0 = RS reclamation-onset proxy from NDVI trough; pre2000=left-censored; state_only=undatable in 2000-24 window,no_aml_match
MINE_US_01292,-69.15198,44.092754,0.7553,,,2005,0.178,0.249,0.071,0.00111,early_restoration,state_only_no_t0,regimeB_v0_RS_t0,RS_derived,t0 = RS reclamation-onset proxy from NDVI trough; pre2000=left-censored; state_only=undatable in 2000-24 window,no_aml_match
MINE_US_01293,-79.54518,41.104384,0.7552,2012,12,2012,0.379,0.729,0.35,-0.00322,stable_restoration,rs_t0,regimeB_v0_RS_t0,RS_derived,t0 = RS reclamation-onset proxy from NDVI trough; pre2000=left-censored; state_only=undatable in 2000-24 window,aml_listed_not_complete
MINE_US_01294,-116.763365,41.232657,0.7536,,,2008,0.056,0.147,0.091,0.00138,degraded,state_only_no_t0,regimeB_v0_RS_t0,RS_derived,t0 = RS reclamation-onset proxy from NDVI trough; pre2000=left-censored; state_only=undatable in 2000-24 window,no_aml_match
MINE_US_01295,-117.715236,37.791401,0.7535,,,2013,0.051,0.074,0.022,0.00058,degraded,state_only_no_t0,regimeB_v0_RS_t0,RS_derived,t0 = RS reclamation-onset proxy from NDVI trough; pre2000=left-censored; state_only=undatable in 2000-24 window,no_aml_match
MINE_US_01296,-76.362262,40.354288,0.7534,,,2020,0.271,0.284,0.013,-0.00094,early_restoration,state_only_no_t0,regimeB_v0_RS_t0,RS_derived,t0 = RS reclamation-onset proxy from NDVI trough; pre2000=left-censored; state_only=undatable in 2000-24 window,no_aml_match
MINE_US_01297,-81.557874,37.402378,0.7533,2015,9,2015,0.495,0.69,0.195,-0.0127,stable_restoration,rs_t0,regimeB_v0_RS_t0,RS_derived,t0 = RS reclamation-onset proxy from NDVI trough; pre2000=left-censored; state_only=undatable in 2000-24 window,no_aml_match
MINE_US_01298,-118.171852,35.007306,0.7528,,,2003,0.094,0.135,0.041,0.00106,degraded,state_only_no_t0,regimeB_v0_RS_t0,RS_derived,t0 = RS reclamation-onset proxy from NDVI trough; pre2000=left-censored; state_only=undatable in 2000-24 window,no_aml_match
MINE_US_01299,-111.417387,42.884332,0.7512,,,2017,0.273,0.367,0.094,0.00187,early_restoration,state_only_no_t0,regimeB_v0_RS_t0,RS_derived,t0 = RS reclamation-onset proxy from NDVI trough; pre2000=left-censored; state_only=undatable in 2000-24 window,no_aml_match
MINE_US_01300,-79.909637,38.920642,0.7499,2008,16,2008,0.317,0.435,0.117,0.0026,early_restoration,rs_t0,regimeB_v0_RS_t0,RS_derived,t0 = RS reclamation-onset proxy from NDVI trough; pre2000=left-censored; state_only=undatable in 2000-24 window,no_aml_match
MINE_US_01301,-81.696691,37.883073,0.7497,pre2000,,2003,0.54,0.796,0.255,0.01173,stable_restoration,censored_pre2000,regimeB_v0_RS_t0,RS_derived,t0 = RS reclamation-onset proxy from NDVI trough; pre2000=left-censored; state_only=undatable in 2000-24 window,no_aml_match
MINE_US_01302,-87.297996,37.947549,0.7479,2011,13,2011,0.381,0.602,0.221,-0.00217,stable_restoration,rs_t0,regimeB_v0_RS_t0,RS_derived,t0 = RS reclamation-onset proxy from NDVI trough; pre2000=left-censored; state_only=undatable in 2000-24 window,no_aml_match
MINE_US_01303,-76.367459,40.620499,0.7477,pre2000,,2011,0.754,0.826,0.073,-0.003,stable_restoration,censored_pre2000,regimeB_v0_RS_t0,RS_derived,t0 = RS reclamation-onset proxy from NDVI trough; pre2000=left-censored; state_only=undatable in 2000-24 window,aml_listed_not_complete
MINE_US_01304,-81.929164,38.971108,0.7462,,,2006,0.295,0.49,0.196,0.00961,early_restoration,state_only_no_t0,regimeB_v0_RS_t0,RS_derived,t0 = RS reclamation-onset proxy from NDVI trough; pre2000=left-censored; state_only=undatable in 2000-24 window,no_aml_match
MINE_US_01305,-78.847312,40.114112,0.7453,2016,8,2016,0.503,0.726,0.223,-0.00759,stable_restoration,rs_t0,regimeB_v0_RS_t0,RS_derived,t0 = RS reclamation-onset proxy from NDVI trough; pre2000=left-censored; state_only=undatable in 2000-24 window,aml_listed_not_complete
MINE_US_01306,-85.526652,35.083002,0.7447,,,2024,0.358,0.374,0.015,-0.0023,early_restoration,state_only_no_t0,regimeB_v0_RS_t0,RS_derived,t0 = RS reclamation-onset proxy from NDVI trough; pre2000=left-censored; state_only=undatable in 2000-24 window,no_aml_match
MINE_US_01307,-108.766202,32.332543,0.7438,,,2010,0.07,0.111,0.041,0.00102,degraded,state_only_no_t0,regimeB_v0_RS_t0,RS_derived,t0 = RS reclamation-onset proxy from NDVI trough; pre2000=left-censored; state_only=undatable in 2000-24 window,no_aml_match
MINE_US_01308,-114.190073,35.365644,0.7437,,,2001,0.077,0.124,0.046,0.00164,degraded,state_only_no_t0,regimeB_v0_RS_t0,RS_derived,t0 = RS reclamation-onset proxy from NDVI trough; pre2000=left-censored; state_only=undatable in 2000-24 window,no_aml_match
MINE_US_01309,-82.526111,37.348795,0.7434,2007,17,2007,0.399,0.523,0.124,0.00236,stable_restoration,rs_t0,regimeB_v0_RS_t0,RS_derived,t0 = RS reclamation-onset proxy from NDVI trough; pre2000=left-censored; state_only=undatable in 2000-24 window,no_aml_match
MINE_US_01310,-80.765817,36.880496,0.7423,,,2024,0.349,0.359,0.01,-0.004,early_restoration,state_only_no_t0,regimeB_v0_RS_t0,RS_derived,t0 = RS reclamation-onset proxy from NDVI trough; pre2000=left-censored; state_only=undatable in 2000-24 window,no_aml_match
MINE_US_01311,-75.826757,40.852923,0.7421,,,2017,0.341,0.35,0.009,-0.02174,early_restoration,state_only_no_t0,regimeB_v0_RS_t0,RS_derived,t0 = RS reclamation-onset proxy from NDVI trough; pre2000=left-censored; state_only=undatable in 2000-24 window,aml_listed_not_complete
MINE_US_01312,-81.545359,39.695592,0.7401,pre2000,,2019,0.529,0.538,0.009,-0.00899,stable_restoration,censored_pre2000,regimeB_v0_RS_t0,RS_derived,t0 = RS reclamation-onset proxy from NDVI trough; pre2000=left-censored; state_only=undatable in 2000-24 window,no_aml_match
MINE_US_01313,-81.174936,35.384882,0.7396,,,2007,0.382,0.449,0.066,-0.00072,early_restoration,state_only_no_t0,regimeB_v0_RS_t0,RS_derived,t0 = RS reclamation-onset proxy from NDVI trough; pre2000=left-censored; state_only=undatable in 2000-24 window,no_aml_match
MINE_US_01314,-87.253473,38.236714,0.739,2016,8,2016,0.399,0.625,0.226,-0.0105,stable_restoration,rs_t0,regimeB_v0_RS_t0,RS_derived,t0 = RS reclamation-onset proxy from NDVI trough; pre2000=left-censored; state_only=undatable in 2000-24 window,no_aml_match
MINE_US_01315,-78.868496,40.47193,0.7383,2016,8,2016,0.305,0.674,0.369,-0.01158,stable_restoration,rs_t0,regimeB_v0_RS_t0,RS_derived,t0 = RS reclamation-onset proxy from NDVI trough; pre2000=left-censored; state_only=undatable in 2000-24 window,aml_listed_not_complete
MINE_US_01316,-80.283443,34.718332,0.7369,,,2019,0.3,0.326,0.026,-0.01653,early_restoration,state_only_no_t0,regimeB_v0_RS_t0,RS_derived,t0 = RS reclamation-onset proxy from NDVI trough; pre2000=left-censored; state_only=undatable in 2000-24 window,no_aml_match
MINE_US_01317,-115.566635,35.570582,0.7338,,,2001,0.053,0.085,0.032,0.00151,degraded,state_only_no_t0,regimeB_v0_RS_t0,RS_derived,t0 = RS reclamation-onset proxy from NDVI trough; pre2000=left-censored; state_only=undatable in 2000-24 window,no_aml_match
MINE_US_01318,-78.648797,40.81379,0.7337,2010,14,2010,0.414,0.638,0.224,0.001,stable_restoration,rs_t0,regimeB_v0_RS_t0,RS_derived,t0 = RS reclamation-onset proxy from NDVI trough; pre2000=left-censored; state_only=undatable in 2000-24 window,aml_listed_not_complete
MINE_US_01319,-82.604779,37.4163,0.7333,2007,17,2007,0.435,0.769,0.333,0.01482,stable_restoration,rs_t0,regimeB_v0_RS_t0,RS_derived,t0 = RS reclamation-onset proxy from NDVI trough; pre2000=left-censored; state_only=undatable in 2000-24 window,no_aml_match
MINE_US_01320,-107.633542,35.341,0.7322,,,2007,0.139,0.175,0.037,0.00144,degraded,state_only_no_t0,regimeB_v0_RS_t0,RS_derived,t0 = RS reclamation-onset proxy from NDVI trough; pre2000=left-censored; state_only=undatable in 2000-24 window,no_aml_match
MINE_US_01321,-76.102176,40.728871,0.73,pre2000,,2010,0.68,0.762,0.081,-0.00194,stable_restoration,censored_pre2000,regimeB_v0_RS_t0,RS_derived,t0 = RS reclamation-onset proxy from NDVI trough; pre2000=left-censored; state_only=undatable in 2000-24 window,aml_listed_not_complete
MINE_US_01322,-86.902235,33.770819,0.7293,2018,6,2018,0.189,0.441,0.252,-0.01998,early_restoration,rs_t0,regimeB_v0_RS_t0,RS_derived,t0 = RS reclamation-onset proxy from NDVI trough; pre2000=left-censored; state_only=undatable in 2000-24 window,no_aml_match
MINE_US_01323,-113.364574,37.187737,0.7272,,,2006,0.094,0.131,0.038,0.00155,degraded,state_only_no_t0,regimeB_v0_RS_t0,RS_derived,t0 = RS reclamation-onset proxy from NDVI trough; pre2000=left-censored; state_only=undatable in 2000-24 window,no_aml_match
MINE_US_01324,-108.989877,35.669934,0.7264,,,2003,0.129,0.185,0.055,0.00245,degraded,state_only_no_t0,regimeB_v0_RS_t0,RS_derived,t0 = RS reclamation-onset proxy from NDVI trough; pre2000=left-censored; state_only=undatable in 2000-24 window,no_aml_match
MINE_US_01325,-74.575788,41.169124,0.7261,,,2015,0.374,0.439,0.065,-0.00196,early_restoration,state_only_no_t0,regimeB_v0_RS_t0,RS_derived,t0 = RS reclamation-onset proxy from NDVI trough; pre2000=left-censored; state_only=undatable in 2000-24 window,no_aml_match
MINE_US_01326,-87.289508,33.292253,0.7246,2011,13,2011,0.298,0.524,0.226,-0.00936,stable_restoration,rs_t0,regimeB_v0_RS_t0,RS_derived,t0 = RS reclamation-onset proxy from NDVI trough; pre2000=left-censored; state_only=undatable in 2000-24 window,no_aml_match
MINE_US_01327,-87.282404,33.269085,0.7244,2011,13,2011,0.186,0.524,0.338,-0.0141,stable_restoration,rs_t0,regimeB_v0_RS_t0,RS_derived,t0 = RS reclamation-onset proxy from NDVI trough; pre2000=left-censored; state_only=undatable in 2000-24 window,no_aml_match
MINE_US_01328,-76.388696,40.702594,0.7243,pre2000,,2024,0.642,0.655,0.013,0.0012,stable_restoration,censored_pre2000,regimeB_v0_RS_t0,RS_derived,t0 = RS reclamation-onset proxy from NDVI trough; pre2000=left-censored; state_only=undatable in 2000-24 window,aml_listed_not_complete
MINE_US_01329,-116.344632,39.809984,0.724,,,2000,0.126,0.169,0.044,0.00179,degraded,state_only_no_t0,regimeB_v0_RS_t0,RS_derived,t0 = RS reclamation-onset proxy from NDVI trough; pre2000=left-censored; state_only=undatable in 2000-24 window,no_aml_match
MINE_US_01330,-114.193673,33.945903,0.7233,,,2001,0.057,0.09,0.032,0.00149,degraded,state_only_no_t0,regimeB_v0_RS_t0,RS_derived,t0 = RS reclamation-onset proxy from NDVI trough; pre2000=left-censored; state_only=undatable in 2000-24 window,no_aml_match
MINE_US_01331,-115.494787,39.763639,0.7232,,,2020,0.205,0.218,0.013,-0.00034,degraded,state_only_no_t0,regimeB_v0_RS_t0,RS_derived,t0 = RS reclamation-onset proxy from NDVI trough; pre2000=left-censored; state_only=undatable in 2000-24 window,no_aml_match
MINE_US_01332,-75.87515,41.012653,0.7231,pre2000,,2000,0.322,0.635,0.313,0.01323,stable_restoration,censored_pre2000,regimeB_v0_RS_t0,RS_derived,t0 = RS reclamation-onset proxy from NDVI trough; pre2000=left-censored; state_only=undatable in 2000-24 window,aml_listed_not_complete
MINE_US_01333,-120.978419,38.382148,0.7223,,,2000,0.082,0.138,0.055,0.00264,degraded,state_only_no_t0,regimeB_v0_RS_t0,RS_derived,t0 = RS reclamation-onset proxy from NDVI trough; pre2000=left-censored; state_only=undatable in 2000-24 window,no_aml_match
MINE_US_01334,-79.207313,39.740509,0.7223,pre2000,,2003,0.517,0.59,0.073,0.00252,stable_restoration,censored_pre2000,regimeB_v0_RS_t0,RS_derived,t0 = RS reclamation-onset proxy from NDVI trough; pre2000=left-censored; state_only=undatable in 2000-24 window,no_aml_match
MINE_US_01335,-117.759492,48.760875,0.722,,,2006,0.375,0.497,0.122,0.00512,early_restoration,state_only_no_t0,regimeB_v0_RS_t0,RS_derived,t0 = RS reclamation-onset proxy from NDVI trough; pre2000=left-censored; state_only=undatable in 2000-24 window,no_aml_match
MINE_US_01336,-94.871763,36.991787,0.7218,,,2023,0.298,0.3,0.002,-0.00171,early_restoration,state_only_no_t0,regimeB_v0_RS_t0,RS_derived,t0 = RS reclamation-onset proxy from NDVI trough; pre2000=left-censored; state_only=undatable in 2000-24 window,no_aml_match
MINE_US_01337,-81.37174,37.885221,0.7209,,,2024,0.456,0.47,0.014,-0.00216,early_restoration,state_only_no_t0,regimeB_v0_RS_t0,RS_derived,t0 = RS reclamation-onset proxy from NDVI trough; pre2000=left-censored; state_only=undatable in 2000-24 window,no_aml_match
MINE_US_01338,-81.112086,40.011879,0.7207,2015,9,2015,0.465,0.752,0.287,-0.00936,stable_restoration,rs_t0,regimeB_v0_RS_t0,RS_derived,t0 = RS reclamation-onset proxy from NDVI trough; pre2000=left-censored; state_only=undatable in 2000-24 window,no_aml_match
MINE_US_01339,-81.641993,37.79347,0.7194,,,2024,0.425,0.432,0.006,-0.02276,early_restoration,state_only_no_t0,regimeB_v0_RS_t0,RS_derived,t0 = RS reclamation-onset proxy from NDVI trough; pre2000=left-censored; state_only=undatable in 2000-24 window,no_aml_match
MINE_US_01340,-87.337837,38.640419,0.7165,2011,13,2011,0.205,0.645,0.44,0.01257,stable_restoration,rs_t0,regimeB_v0_RS_t0,RS_derived,t0 = RS reclamation-onset proxy from NDVI trough; pre2000=left-censored; state_only=undatable in 2000-24 window,no_aml_match
MINE_US_01341,-76.488475,40.755051,0.7162,,,2018,0.252,0.291,0.039,-0.0285,early_restoration,state_only_no_t0,regimeB_v0_RS_t0,RS_derived,t0 = RS reclamation-onset proxy from NDVI trough; pre2000=left-censored; state_only=undatable in 2000-24 window,aml_listed_not_complete
MINE_US_01342,-114.76924,37.459994,0.7156,,,2002,0.114,0.165,0.051,0.00169,degraded,state_only_no_t0,regimeB_v0_RS_t0,RS_derived,t0 = RS reclamation-onset proxy from NDVI trough; pre2000=left-censored; state_only=undatable in 2000-24 window,no_aml_match
MINE_US_01343,-87.656513,34.402371,0.7148,pre2000,,2000,0.328,0.51,0.182,0.00749,stable_restoration,censored_pre2000,regimeB_v0_RS_t0,RS_derived,t0 = RS reclamation-onset proxy from NDVI trough; pre2000=left-censored; state_only=undatable in 2000-24 window,no_aml_match
MINE_US_01344,-90.41462,38.289964,0.7145,,,2007,0.278,0.358,0.08,-0.00249,early_restoration,state_only_no_t0,regimeB_v0_RS_t0,RS_derived,t0 = RS reclamation-onset proxy from NDVI trough; pre2000=left-censored; state_only=undatable in 2000-24 window,no_aml_match
MINE_US_01345,-94.644419,35.19376,0.7145,,,2000,0.3,0.395,0.095,0.00414,early_restoration,state_only_no_t0,regimeB_v0_RS_t0,RS_derived,t0 = RS reclamation-onset proxy from NDVI trough; pre2000=left-censored; state_only=undatable in 2000-24 window,no_aml_match
MINE_US_01346,-83.429169,36.978771,0.7144,2011,13,2011,0.341,0.521,0.18,0.00378,stable_restoration,rs_t0,regimeB_v0_RS_t0,RS_derived,t0 = RS reclamation-onset proxy from NDVI trough; pre2000=left-censored; state_only=undatable in 2000-24 window,no_aml_match
MINE_US_01347,-104.751942,38.776846,0.7116,,,2007,0.149,0.188,0.039,-0.00218,degraded,state_only_no_t0,regimeB_v0_RS_t0,RS_derived,t0 = RS reclamation-onset proxy from NDVI trough; pre2000=left-censored; state_only=undatable in 2000-24 window,no_aml_match
MINE_US_01348,-87.382571,37.158715,0.711,2007,17,2007,0.285,0.403,0.118,-0.00828,early_restoration,rs_t0,regimeB_v0_RS_t0,RS_derived,t0 = RS reclamation-onset proxy from NDVI trough; pre2000=left-censored; state_only=undatable in 2000-24 window,no_aml_match
MINE_US_01349,-83.172622,37.332859,0.7105,2012,12,2012,0.309,0.718,0.409,0.00538,stable_restoration,rs_t0,regimeB_v0_RS_t0,RS_derived,t0 = RS reclamation-onset proxy from NDVI trough; pre2000=left-censored; state_only=undatable in 2000-24 window,no_aml_match
MINE_US_01350,-78.951017,40.045971,0.71,2012,12,2012,0.37,0.683,0.312,-0.00988,stable_restoration,rs_t0,regimeB_v0_RS_t0,RS_derived,t0 = RS reclamation-onset proxy from NDVI trough; pre2000=left-censored; state_only=undatable in 2000-24 window,no_aml_match
MINE_US_01351,-86.906187,33.716976,0.7096,,,2016,0.408,0.461,0.053,-0.0194,early_restoration,state_only_no_t0,regimeB_v0_RS_t0,RS_derived,t0 = RS reclamation-onset proxy from NDVI trough; pre2000=left-censored; state_only=undatable in 2000-24 window,no_aml_match
MINE_US_01352,-79.752982,35.747577,0.7095,,,2023,0.36,0.385,0.026,-0.02434,early_restoration,state_only_no_t0,regimeB_v0_RS_t0,RS_derived,t0 = RS reclamation-onset proxy from NDVI trough; pre2000=left-censored; state_only=undatable in 2000-24 window,no_aml_match
MINE_US_01353,-81.495684,37.546719,0.7081,pre2000,,2003,0.536,0.646,0.11,0.00363,stable_restoration,censored_pre2000,regimeB_v0_RS_t0,RS_derived,t0 = RS reclamation-onset proxy from NDVI trough; pre2000=left-censored; state_only=undatable in 2000-24 window,no_aml_match
MINE_US_01354,-105.840569,39.758778,0.7079,,,2012,0.137,0.153,0.017,0.00015,degraded,state_only_no_t0,regimeB_v0_RS_t0,RS_derived,t0 = RS reclamation-onset proxy from NDVI trough; pre2000=left-censored; state_only=undatable in 2000-24 window,no_aml_match
MINE_US_01355,-118.802815,38.415162,0.7032,,,2001,0.125,0.164,0.039,0.00154,degraded,state_only_no_t0,regimeB_v0_RS_t0,RS_derived,t0 = RS reclamation-onset proxy from NDVI trough; pre2000=left-censored; state_only=undatable in 2000-24 window,no_aml_match
MINE_US_01356,-108.70248,40.208179,0.7027,,,2002,0.088,0.179,0.091,0.00344,degraded,state_only_no_t0,regimeB_v0_RS_t0,RS_derived,t0 = RS reclamation-onset proxy from NDVI trough; pre2000=left-censored; state_only=undatable in 2000-24 window,no_aml_match
MINE_US_01357,-78.908402,39.610758,0.7024,pre2000,,2005,0.525,0.618,0.093,0.00396,stable_restoration,censored_pre2000,regimeB_v0_RS_t0,RS_derived,t0 = RS reclamation-onset proxy from NDVI trough; pre2000=left-censored; state_only=undatable in 2000-24 window,no_aml_match
MINE_US_01358,-114.447644,35.096818,0.7003,,,2022,0.043,0.043,0.0,-0.00175,degraded,state_only_no_t0,regimeB_v0_RS_t0,RS_derived,t0 = RS reclamation-onset proxy from NDVI trough; pre2000=left-censored; state_only=undatable in 2000-24 window,no_aml_match
MINE_US_01359,-113.236428,39.70298,0.6995,,,2002,0.057,0.096,0.039,0.00134,degraded,state_only_no_t0,regimeB_v0_RS_t0,RS_derived,t0 = RS reclamation-onset proxy from NDVI trough; pre2000=left-censored; state_only=undatable in 2000-24 window,no_aml_match
MINE_US_01360,-80.621685,40.280914,0.6993,2016,8,2016,0.345,0.557,0.212,-0.01734,stable_restoration,rs_t0,regimeB_v0_RS_t0,RS_derived,t0 = RS reclamation-onset proxy from NDVI trough; pre2000=left-censored; state_only=undatable in 2000-24 window,no_aml_match
MINE_US_01361,-80.246861,39.505172,0.6985,2015,9,2015,0.518,0.787,0.269,-0.00073,stable_restoration,rs_t0,regimeB_v0_RS_t0,RS_derived,t0 = RS reclamation-onset proxy from NDVI trough; pre2000=left-censored; state_only=undatable in 2000-24 window,no_aml_match
MINE_US_01362,-87.478686,37.584311,0.6974,2015,9,2015,0.444,0.546,0.102,-0.00526,stable_restoration,rs_t0,regimeB_v0_RS_t0,RS_derived,t0 = RS reclamation-onset proxy from NDVI trough; pre2000=left-censored; state_only=undatable in 2000-24 window,no_aml_match
MINE_US_01363,-106.055968,39.282161,0.6959,,,2016,0.13,0.171,0.042,-0.00051,degraded,state_only_no_t0,regimeB_v0_RS_t0,RS_derived,t0 = RS reclamation-onset proxy from NDVI trough; pre2000=left-censored; state_only=undatable in 2000-24 window,no_aml_match
MINE_US_01364,-87.329096,39.306357,0.6955,2006,18,2006,0.274,0.41,0.136,0.00177,early_restoration,rs_t0,regimeB_v0_RS_t0,RS_derived,t0 = RS reclamation-onset proxy from NDVI trough; pre2000=left-censored; state_only=undatable in 2000-24 window,no_aml_match
MINE_US_01365,-83.525231,36.851557,0.695,2015,9,2015,0.511,0.692,0.181,-0.00404,stable_restoration,rs_t0,regimeB_v0_RS_t0,RS_derived,t0 = RS reclamation-onset proxy from NDVI trough; pre2000=left-censored; state_only=undatable in 2000-24 window,no_aml_match
MINE_US_01366,-116.62324,40.121744,0.6948,,,2011,0.104,0.136,0.032,-0.00072,degraded,state_only_no_t0,regimeB_v0_RS_t0,RS_derived,t0 = RS reclamation-onset proxy from NDVI trough; pre2000=left-censored; state_only=undatable in 2000-24 window,no_aml_match
MINE_US_01367,-80.721282,40.240007,0.6938,2014,10,2014,0.566,0.772,0.206,-0.00523,stable_restoration,rs_t0,regimeB_v0_RS_t0,RS_derived,t0 = RS reclamation-onset proxy from NDVI trough; pre2000=left-censored; state_only=undatable in 2000-24 window,no_aml_match
MINE_US_01368,-117.013542,34.364678,0.6911,,,2003,0.089,0.132,0.043,0.00155,degraded,state_only_no_t0,regimeB_v0_RS_t0,RS_derived,t0 = RS reclamation-onset proxy from NDVI trough; pre2000=left-censored; state_only=undatable in 2000-24 window,no_aml_match
MINE_US_01369,-94.48877,38.156382,0.6909,2016,8,2016,0.475,0.628,0.153,-0.00525,stable_restoration,rs_t0,regimeB_v0_RS_t0,RS_derived,t0 = RS reclamation-onset proxy from NDVI trough; pre2000=left-censored; state_only=undatable in 2000-24 window,no_aml_match
MINE_US_01370,-119.638355,39.539275,0.6898,,,2020,0.056,0.075,0.019,5e-05,degraded,state_only_no_t0,regimeB_v0_RS_t0,RS_derived,t0 = RS reclamation-onset proxy from NDVI trough; pre2000=left-censored; state_only=undatable in 2000-24 window,no_aml_match
MINE_US_01371,-114.311707,35.799791,0.6891,,,2003,0.098,0.123,0.026,0.00098,degraded,state_only_no_t0,regimeB_v0_RS_t0,RS_derived,t0 = RS reclamation-onset proxy from NDVI trough; pre2000=left-censored; state_only=undatable in 2000-24 window,no_aml_match
MINE_US_01372,-105.431044,44.160728,0.6883,2011,13,2011,0.14,0.28,0.14,-0.00071,early_restoration,rs_t0,regimeB_v0_RS_t0,RS_derived,t0 = RS reclamation-onset proxy from NDVI trough; pre2000=left-censored; state_only=undatable in 2000-24 window,no_aml_match
MINE_US_01373,-116.807023,40.414873,0.6882,,,2002,0.135,0.188,0.053,0.00232,degraded,state_only_no_t0,regimeB_v0_RS_t0,RS_derived,t0 = RS reclamation-onset proxy from NDVI trough; pre2000=left-censored; state_only=undatable in 2000-24 window,no_aml_match
MINE_US_01374,-80.385686,39.407724,0.6877,,,2015,0.321,0.346,0.026,-0.01197,early_restoration,state_only_no_t0,regimeB_v0_RS_t0,RS_derived,t0 = RS reclamation-onset proxy from NDVI trough; pre2000=left-censored; state_only=undatable in 2000-24 window,no_aml_match
MINE_US_01375,-81.437105,39.636138,0.6868,2017,7,2017,0.471,0.609,0.138,-0.01542,stable_restoration,rs_t0,regimeB_v0_RS_t0,RS_derived,t0 = RS reclamation-onset proxy from NDVI trough; pre2000=left-censored; state_only=undatable in 2000-24 window,no_aml_match
MINE_US_01376,-87.842476,38.351136,0.6861,pre2000,,2001,0.35,0.652,0.301,0.01606,stable_restoration,censored_pre2000,regimeB_v0_RS_t0,RS_derived,t0 = RS reclamation-onset proxy from NDVI trough; pre2000=left-censored; state_only=undatable in 2000-24 window,no_aml_match
MINE_US_01377,-116.979807,39.020771,0.6861,,,2003,0.021,0.086,0.064,0.00204,degraded,state_only_no_t0,regimeB_v0_RS_t0,RS_derived,t0 = RS reclamation-onset proxy from NDVI trough; pre2000=left-censored; state_only=undatable in 2000-24 window,no_aml_match
MINE_US_01378,-76.28616,40.72081,0.6855,,,2018,0.404,0.432,0.028,-0.00773,early_restoration,state_only_no_t0,regimeB_v0_RS_t0,RS_derived,t0 = RS reclamation-onset proxy from NDVI trough; pre2000=left-censored; state_only=undatable in 2000-24 window,aml_listed_not_complete
MINE_US_01379,-112.267986,46.418494,0.6835,,,2011,0.385,0.448,0.063,-0.00015,early_restoration,state_only_no_t0,regimeB_v0_RS_t0,RS_derived,t0 = RS reclamation-onset proxy from NDVI trough; pre2000=left-censored; state_only=undatable in 2000-24 window,no_aml_match
MINE_US_01380,-80.271472,40.212073,0.6831,,,2019,0.355,0.439,0.084,-0.0057,early_restoration,state_only_no_t0,regimeB_v0_RS_t0,RS_derived,t0 = RS reclamation-onset proxy from NDVI trough; pre2000=left-censored; state_only=undatable in 2000-24 window,no_aml_match
MINE_US_01381,-82.20182,37.748665,0.6827,2009,15,2009,0.42,0.559,0.139,-0.0034,stable_restoration,rs_t0,regimeB_v0_RS_t0,RS_derived,t0 = RS reclamation-onset proxy from NDVI trough; pre2000=left-censored; state_only=undatable in 2000-24 window,no_aml_match
MINE_US_01382,-75.760023,41.289914,0.6813,,,2009,0.326,0.346,0.02,-0.00353,early_restoration,state_only_no_t0,regimeB_v0_RS_t0,RS_derived,t0 = RS reclamation-onset proxy from NDVI trough; pre2000=left-censored; state_only=undatable in 2000-24 window,aml_listed_not_complete
MINE_US_01383,-105.314112,43.491629,0.679,,,2003,0.126,0.241,0.115,0.00516,early_restoration,state_only_no_t0,regimeB_v0_RS_t0,RS_derived,t0 = RS reclamation-onset proxy from NDVI trough; pre2000=left-censored; state_only=undatable in 2000-24 window,no_aml_match
MINE_US_01384,-110.286644,31.719599,0.6776,,,2005,0.123,0.146,0.023,0.00011,degraded,state_only_no_t0,regimeB_v0_RS_t0,RS_derived,t0 = RS reclamation-onset proxy from NDVI trough; pre2000=left-censored; state_only=undatable in 2000-24 window,no_aml_match
MINE_US_01385,-116.853626,40.299171,0.6767,,,2007,0.111,0.149,0.037,0.00162,degraded,state_only_no_t0,regimeB_v0_RS_t0,RS_derived,t0 = RS reclamation-onset proxy from NDVI trough; pre2000=left-censored; state_only=undatable in 2000-24 window,no_aml_match
MINE_US_01386,-114.514152,35.022323,0.6746,,,2001,0.04,0.072,0.032,0.00125,degraded,state_only_no_t0,regimeB_v0_RS_t0,RS_derived,t0 = RS reclamation-onset proxy from NDVI trough; pre2000=left-censored; state_only=undatable in 2000-24 window,no_aml_match
MINE_US_01387,-78.964424,40.000874,0.6744,2012,12,2012,0.247,0.492,0.245,-0.02025,early_restoration,rs_t0,regimeB_v0_RS_t0,RS_derived,t0 = RS reclamation-onset proxy from NDVI trough; pre2000=left-censored; state_only=undatable in 2000-24 window,aml_listed_not_complete
MINE_US_01388,-113.0695,38.419501,0.6736,,,2002,0.052,0.097,0.045,0.00177,degraded,state_only_no_t0,regimeB_v0_RS_t0,RS_derived,t0 = RS reclamation-onset proxy from NDVI trough; pre2000=left-censored; state_only=undatable in 2000-24 window,no_aml_match
MINE_US_01389,-78.618111,41.321546,0.6733,2011,13,2011,0.376,0.549,0.173,-0.00713,stable_restoration,rs_t0,regimeB_v0_RS_t0,RS_derived,t0 = RS reclamation-onset proxy from NDVI trough; pre2000=left-censored; state_only=undatable in 2000-24 window,aml_listed_not_complete
MINE_US_01390,-108.825493,41.731251,0.6721,,,2001,0.112,0.182,0.07,0.00337,degraded,state_only_no_t0,regimeB_v0_RS_t0,RS_derived,t0 = RS reclamation-onset proxy from NDVI trough; pre2000=left-censored; state_only=undatable in 2000-24 window,no_aml_match
MINE_US_01391,-82.911428,36.869017,0.6703,2011,13,2011,0.358,0.736,0.378,-0.00011,stable_restoration,rs_t0,regimeB_v0_RS_t0,RS_derived,t0 = RS reclamation-onset proxy from NDVI trough; pre2000=left-censored; state_only=undatable in 2000-24 window,no_aml_match
MINE_US_01392,-78.278309,40.891602,0.6702,,,2016,0.379,0.472,0.093,-0.01941,early_restoration,state_only_no_t0,regimeB_v0_RS_t0,RS_derived,t0 = RS reclamation-onset proxy from NDVI trough; pre2000=left-censored; state_only=undatable in 2000-24 window,aml_listed_not_complete
MINE_US_01393,-121.003158,39.624709,0.6699,pre2000,,2000,0.42,0.511,0.091,0.00442,stable_restoration,censored_pre2000,regimeB_v0_RS_t0,RS_derived,t0 = RS reclamation-onset proxy from NDVI trough; pre2000=left-censored; state_only=undatable in 2000-24 window,no_aml_match
MINE_US_01394,-68.506618,44.450854,0.6695,pre2000,,2010,0.534,0.55,0.016,0.00027,stable_restoration,censored_pre2000,regimeB_v0_RS_t0,RS_derived,t0 = RS reclamation-onset proxy from NDVI trough; pre2000=left-censored; state_only=undatable in 2000-24 window,no_aml_match
MINE_US_01395,-105.532192,44.442733,0.6685,,,2001,0.145,0.257,0.112,0.00423,early_restoration,state_only_no_t0,regimeB_v0_RS_t0,RS_derived,t0 = RS reclamation-onset proxy from NDVI trough; pre2000=left-censored; state_only=undatable in 2000-24 window,no_aml_match
MINE_US_01396,-80.930721,40.176961,0.6676,2015,9,2015,0.364,0.713,0.349,-0.00892,stable_restoration,rs_t0,regimeB_v0_RS_t0,RS_derived,t0 = RS reclamation-onset proxy from NDVI trough; pre2000=left-censored; state_only=undatable in 2000-24 window,no_aml_match
MINE_US_01397,-120.420939,38.067388,0.6667,,,2003,0.142,0.157,0.015,0.00096,degraded,state_only_no_t0,regimeB_v0_RS_t0,RS_derived,t0 = RS reclamation-onset proxy from NDVI trough; pre2000=left-censored; state_only=undatable in 2000-24 window,no_aml_match
MINE_US_01398,-88.399204,37.453132,0.6664,,,2011,0.313,0.408,0.094,0.00158,early_restoration,state_only_no_t0,regimeB_v0_RS_t0,RS_derived,t0 = RS reclamation-onset proxy from NDVI trough; pre2000=left-censored; state_only=undatable in 2000-24 window,no_aml_match
MINE_US_01399,-79.471281,39.143267,0.6632,pre2000,,2013,0.454,0.529,0.075,-0.00623,stable_restoration,censored_pre2000,regimeB_v0_RS_t0,RS_derived,t0 = RS reclamation-onset proxy from NDVI trough; pre2000=left-censored; state_only=undatable in 2000-24 window,no_aml_match
MINE_US_01400,-112.088749,40.64993,0.6626,,,2002,0.15,0.187,0.037,0.00099,degraded,state_only_no_t0,regimeB_v0_RS_t0,RS_derived,t0 = RS reclamation-onset proxy from NDVI trough; pre2000=left-censored; state_only=undatable in 2000-24 window,no_aml_match
MINE_US_01401,-118.175902,40.643023,0.6609,,,2002,0.085,0.175,0.09,0.00315,degraded,state_only_no_t0,regimeB_v0_RS_t0,RS_derived,t0 = RS reclamation-onset proxy from NDVI trough; pre2000=left-censored; state_only=undatable in 2000-24 window,no_aml_match
MINE_US_01402,-79.039565,39.841746,0.6601,2014,10,2014,0.373,0.622,0.249,-0.00309,stable_restoration,rs_t0,regimeB_v0_RS_t0,RS_derived,t0 = RS reclamation-onset proxy from NDVI trough; pre2000=left-censored; state_only=undatable in 2000-24 window,no_aml_match
MINE_US_01403,-88.031983,37.552749,0.6601,2011,13,2011,0.361,0.587,0.226,2e-05,stable_restoration,rs_t0,regimeB_v0_RS_t0,RS_derived,t0 = RS reclamation-onset proxy from NDVI trough; pre2000=left-censored; state_only=undatable in 2000-24 window,no_aml_match
MINE_US_01404,-81.032292,38.387137,0.6585,pre2000,,2000,0.609,0.751,0.141,0.00651,stable_restoration,censored_pre2000,regimeB_v0_RS_t0,RS_derived,t0 = RS reclamation-onset proxy from NDVI trough; pre2000=left-censored; state_only=undatable in 2000-24 window,no_aml_match
MINE_US_01405,-111.620205,42.696923,0.6577,,,2006,0.179,0.238,0.059,0.00236,early_restoration,state_only_no_t0,regimeB_v0_RS_t0,RS_derived,t0 = RS reclamation-onset proxy from NDVI trough; pre2000=left-censored; state_only=undatable in 2000-24 window,no_aml_match
MINE_US_01406,-76.079152,41.161964,0.6571,2015,9,2015,0.409,0.523,0.113,-0.01036,stable_restoration,rs_t0,regimeB_v0_RS_t0,RS_derived,t0 = RS reclamation-onset proxy from NDVI trough; pre2000=left-censored; state_only=undatable in 2000-24 window,aml_listed_not_complete
MINE_US_01407,-88.398811,37.670634,0.6564,2011,13,2011,0.324,0.629,0.305,-0.00389,stable_restoration,rs_t0,regimeB_v0_RS_t0,RS_derived,t0 = RS reclamation-onset proxy from NDVI trough; pre2000=left-censored; state_only=undatable in 2000-24 window,no_aml_match
MINE_US_01408,-115.493413,39.91621,0.6548,,,2011,0.126,0.166,0.04,-0.00362,degraded,state_only_no_t0,regimeB_v0_RS_t0,RS_derived,t0 = RS reclamation-onset proxy from NDVI trough; pre2000=left-censored; state_only=undatable in 2000-24 window,no_aml_match
MINE_US_01409,-114.315777,40.149446,0.6517,,,2002,0.083,0.153,0.07,0.00238,degraded,state_only_no_t0,regimeB_v0_RS_t0,RS_derived,t0 = RS reclamation-onset proxy from NDVI trough; pre2000=left-censored; state_only=undatable in 2000-24 window,no_aml_match
MINE_US_01410,-80.487341,40.641722,0.6514,pre2000,,2001,0.451,0.598,0.147,0.00643,stable_restoration,censored_pre2000,regimeB_v0_RS_t0,RS_derived,t0 = RS reclamation-onset proxy from NDVI trough; pre2000=left-censored; state_only=undatable in 2000-24 window,no_aml_match
MINE_US_01411,-87.745831,37.420183,0.6482,pre2000,,2001,0.265,0.565,0.301,0.01343,stable_restoration,censored_pre2000,regimeB_v0_RS_t0,RS_derived,t0 = RS reclamation-onset proxy from NDVI trough; pre2000=left-censored; state_only=undatable in 2000-24 window,no_aml_match
MINE_US_01412,-97.850677,28.140302,0.6463,,,2000,0.139,0.238,0.099,0.00334,early_restoration,state_only_no_t0,regimeB_v0_RS_t0,RS_derived,t0 = RS reclamation-onset proxy from NDVI trough; pre2000=left-censored; state_only=undatable in 2000-24 window,no_aml_match
MINE_US_01413,-80.179416,39.508845,0.6462,2015,9,2015,0.469,0.619,0.15,6e-05,stable_restoration,rs_t0,regimeB_v0_RS_t0,RS_derived,t0 = RS reclamation-onset proxy from NDVI trough; pre2000=left-censored; state_only=undatable in 2000-24 window,no_aml_match
MINE_US_01414,-80.916294,40.352592,0.6454,,,2009,0.355,0.446,0.091,-0.00249,early_restoration,state_only_no_t0,regimeB_v0_RS_t0,RS_derived,t0 = RS reclamation-onset proxy from NDVI trough; pre2000=left-censored; state_only=undatable in 2000-24 window,no_aml_match
MINE_US_01415,-79.684574,39.365886,0.6446,2013,11,2013,0.574,0.765,0.191,-0.00099,stable_restoration,rs_t0,regimeB_v0_RS_t0,RS_derived,t0 = RS reclamation-onset proxy from NDVI trough; pre2000=left-censored; state_only=undatable in 2000-24 window,no_aml_match
MINE_US_01416,-117.672828,35.314993,0.6445,,,2007,0.03,0.082,0.052,0.00135,degraded,state_only_no_t0,regimeB_v0_RS_t0,RS_derived,t0 = RS reclamation-onset proxy from NDVI trough; pre2000=left-censored; state_only=undatable in 2000-24 window,no_aml_match
MINE_US_01417,-116.138593,40.760641,0.6431,,,2007,0.091,0.136,0.044,0.00117,degraded,state_only_no_t0,regimeB_v0_RS_t0,RS_derived,t0 = RS reclamation-onset proxy from NDVI trough; pre2000=left-censored; state_only=undatable in 2000-24 window,no_aml_match
MINE_US_01418,-78.270072,41.095697,0.6405,2014,10,2014,0.437,0.703,0.266,-0.00787,stable_restoration,rs_t0,regimeB_v0_RS_t0,RS_derived,t0 = RS reclamation-onset proxy from NDVI trough; pre2000=left-censored; state_only=undatable in 2000-24 window,aml_listed_not_complete
MINE_US_01419,-117.464704,38.133146,0.6397,2001,23,2001,-0.07,0.07,0.139,0.00274,early_restoration,rs_t0,regimeB_v0_RS_t0,RS_derived,t0 = RS reclamation-onset proxy from NDVI trough; pre2000=left-censored; state_only=undatable in 2000-24 window,no_aml_match
MINE_US_01420,-81.357303,39.595623,0.6394,2014,10,2014,0.442,0.695,0.252,-0.01378,stable_restoration,rs_t0,regimeB_v0_RS_t0,RS_derived,t0 = RS reclamation-onset proxy from NDVI trough; pre2000=left-censored; state_only=undatable in 2000-24 window,no_aml_match
MINE_US_01421,-105.253808,43.538774,0.6384,,,2005,0.128,0.201,0.073,0.00277,degraded,state_only_no_t0,regimeB_v0_RS_t0,RS_derived,t0 = RS reclamation-onset proxy from NDVI trough; pre2000=left-censored; state_only=undatable in 2000-24 window,no_aml_match
MINE_US_01422,-87.881538,46.74812,0.6379,2011,13,2011,0.269,0.413,0.144,-0.01134,early_restoration,rs_t0,regimeB_v0_RS_t0,RS_derived,t0 = RS reclamation-onset proxy from NDVI trough; pre2000=left-censored; state_only=undatable in 2000-24 window,no_aml_match
MINE_US_01423,-115.712687,43.144072,0.6379,,,2000,0.174,0.255,0.081,0.00273,early_restoration,state_only_no_t0,regimeB_v0_RS_t0,RS_derived,t0 = RS reclamation-onset proxy from NDVI trough; pre2000=left-censored; state_only=undatable in 2000-24 window,no_aml_match
MINE_US_01424,-82.173126,37.400541,0.6367,2008,16,2008,0.351,0.812,0.462,-0.00098,stable_restoration,rs_t0,regimeB_v0_RS_t0,RS_derived,t0 = RS reclamation-onset proxy from NDVI trough; pre2000=left-censored; state_only=undatable in 2000-24 window,no_aml_match
MINE_US_01425,-87.565113,34.052443,0.6353,,,2006,0.449,0.496,0.048,0.00172,early_restoration,state_only_no_t0,regimeB_v0_RS_t0,RS_derived,t0 = RS reclamation-onset proxy from NDVI trough; pre2000=left-censored; state_only=undatable in 2000-24 window,no_aml_match
MINE_US_01426,-98.353874,28.755604,0.6349,2013,11,2013,0.19,0.414,0.224,-0.00536,early_restoration,rs_t0,regimeB_v0_RS_t0,RS_derived,t0 = RS reclamation-onset proxy from NDVI trough; pre2000=left-censored; state_only=undatable in 2000-24 window,no_aml_match
MINE_US_01427,-82.041046,37.856319,0.6342,2008,16,2008,0.289,0.458,0.169,0.00613,early_restoration,rs_t0,regimeB_v0_RS_t0,RS_derived,t0 = RS reclamation-onset proxy from NDVI trough; pre2000=left-censored; state_only=undatable in 2000-24 window,no_aml_match
MINE_US_01428,-79.17893,39.439642,0.6332,pre2000,,2011,0.525,0.594,0.068,-0.01443,stable_restoration,censored_pre2000,regimeB_v0_RS_t0,RS_derived,t0 = RS reclamation-onset proxy from NDVI trough; pre2000=left-censored; state_only=undatable in 2000-24 window,no_aml_match
MINE_US_01429,-122.775562,42.381012,0.6324,,,2018,0.131,0.14,0.01,-0.00529,degraded,state_only_no_t0,regimeB_v0_RS_t0,RS_derived,t0 = RS reclamation-onset proxy from NDVI trough; pre2000=left-censored; state_only=undatable in 2000-24 window,no_aml_match
MINE_US_01430,-77.553078,36.884561,0.632,2014,10,2014,0.358,0.561,0.203,-0.01009,stable_restoration,rs_t0,regimeB_v0_RS_t0,RS_derived,t0 = RS reclamation-onset proxy from NDVI trough; pre2000=left-censored; state_only=undatable in 2000-24 window,no_aml_match
MINE_US_01431,-83.047758,37.245665,0.6316,pre2000,,2006,0.522,0.689,0.167,0.00745,stable_restoration,censored_pre2000,regimeB_v0_RS_t0,RS_derived,t0 = RS reclamation-onset proxy from NDVI trough; pre2000=left-censored; state_only=undatable in 2000-24 window,no_aml_match
MINE_US_01432,-80.633487,40.759203,0.6314,pre2000,,2020,0.551,0.575,0.024,-0.00647,stable_restoration,censored_pre2000,regimeB_v0_RS_t0,RS_derived,t0 = RS reclamation-onset proxy from NDVI trough; pre2000=left-censored; state_only=undatable in 2000-24 window,no_aml_match
MINE_US_01433,-101.312758,47.062414,0.631,pre2000,,2000,0.149,0.592,0.443,0.01616,stable_restoration,censored_pre2000,regimeB_v0_RS_t0,RS_derived,t0 = RS reclamation-onset proxy from NDVI trough; pre2000=left-censored; state_only=undatable in 2000-24 window,no_aml_match
MINE_US_01434,-117.708808,38.185538,0.6309,,,2001,0.052,0.079,0.027,0.00127,degraded,state_only_no_t0,regimeB_v0_RS_t0,RS_derived,t0 = RS reclamation-onset proxy from NDVI trough; pre2000=left-censored; state_only=undatable in 2000-24 window,no_aml_match
MINE_US_01435,-94.481629,35.137863,0.6291,2011,13,2011,0.302,0.49,0.188,-0.00205,early_restoration,rs_t0,regimeB_v0_RS_t0,RS_derived,t0 = RS reclamation-onset proxy from NDVI trough; pre2000=left-censored; state_only=undatable in 2000-24 window,no_aml_match
MINE_US_01436,-115.993043,44.478209,0.6272,,,2000,0.256,0.304,0.048,0.0023,early_restoration,state_only_no_t0,regimeB_v0_RS_t0,RS_derived,t0 = RS reclamation-onset proxy from NDVI trough; pre2000=left-censored; state_only=undatable in 2000-24 window,no_aml_match
MINE_US_01437,-79.464943,40.766248,0.627,,,2011,0.428,0.488,0.06,-0.0027,early_restoration,state_only_no_t0,regimeB_v0_RS_t0,RS_derived,t0 = RS reclamation-onset proxy from NDVI trough; pre2000=left-censored; state_only=undatable in 2000-24 window,no_aml_match
MINE_US_01438,-112.253504,34.501307,0.6266,,,2001,0.085,0.139,0.055,0.00246,degraded,state_only_no_t0,regimeB_v0_RS_t0,RS_derived,t0 = RS reclamation-onset proxy from NDVI trough; pre2000=left-censored; state_only=undatable in 2000-24 window,no_aml_match
MINE_US_01439,-82.921495,30.468994,0.6257,2013,11,2013,0.332,0.662,0.33,-0.01166,stable_restoration,rs_t0,regimeB_v0_RS_t0,RS_derived,t0 = RS reclamation-onset proxy from NDVI trough; pre2000=left-censored; state_only=undatable in 2000-24 window,no_aml_match
MINE_US_01440,-81.650333,37.202197,0.6256,pre2000,,2003,0.477,0.543,0.066,0.0041,stable_restoration,censored_pre2000,regimeB_v0_RS_t0,RS_derived,t0 = RS reclamation-onset proxy from NDVI trough; pre2000=left-censored; state_only=undatable in 2000-24 window,no_aml_match
MINE_US_01441,-106.851886,45.042188,0.624,,,2001,0.1,0.273,0.172,0.00891,early_restoration,state_only_no_t0,regimeB_v0_RS_t0,RS_derived,t0 = RS reclamation-onset proxy from NDVI trough; pre2000=left-censored; state_only=undatable in 2000-24 window,no_aml_match
MINE_US_01442,-121.032358,39.378351,0.6234,,,2000,0.385,0.493,0.108,0.00464,early_restoration,state_only_no_t0,regimeB_v0_RS_t0,RS_derived,t0 = RS reclamation-onset proxy from NDVI trough; pre2000=left-censored; state_only=undatable in 2000-24 window,no_aml_match
MINE_US_01443,-79.005461,40.686609,0.6226,pre2000,,2019,0.493,0.529,0.035,-0.01061,stable_restoration,censored_pre2000,regimeB_v0_RS_t0,RS_derived,t0 = RS reclamation-onset proxy from NDVI trough; pre2000=left-censored; state_only=undatable in 2000-24 window,aml_listed_not_complete
MINE_US_01444,-79.823354,35.764236,0.6226,,,2011,0.29,0.368,0.079,0.00152,early_restoration,state_only_no_t0,regimeB_v0_RS_t0,RS_derived,t0 = RS reclamation-onset proxy from NDVI trough; pre2000=left-censored; state_only=undatable in 2000-24 window,no_aml_match
MINE_US_01445,-111.4087,42.811954,0.6223,,,2006,0.292,0.413,0.121,0.00375,early_restoration,state_only_no_t0,regimeB_v0_RS_t0,RS_derived,t0 = RS reclamation-onset proxy from NDVI trough; pre2000=left-censored; state_only=undatable in 2000-24 window,no_aml_match
MINE_US_01446,-86.781893,33.950123,0.6223,,,2007,0.423,0.48,0.057,-0.00098,early_restoration,state_only_no_t0,regimeB_v0_RS_t0,RS_derived,t0 = RS reclamation-onset proxy from NDVI trough; pre2000=left-censored; state_only=undatable in 2000-24 window,no_aml_match
MINE_US_01447,-75.89558,40.734842,0.6218,pre2000,,2011,0.676,0.775,0.099,0.00208,stable_restoration,censored_pre2000,regimeB_v0_RS_t0,RS_derived,t0 = RS reclamation-onset proxy from NDVI trough; pre2000=left-censored; state_only=undatable in 2000-24 window,no_aml_match
MINE_US_01448,-78.772087,41.227027,0.6212,2013,11,2013,0.463,0.679,0.216,-0.00752,stable_restoration,rs_t0,regimeB_v0_RS_t0,RS_derived,t0 = RS reclamation-onset proxy from NDVI trough; pre2000=left-censored; state_only=undatable in 2000-24 window,aml_listed_not_complete
MINE_US_01449,-118.01855,38.758838,0.6207,,,2003,0.043,0.065,0.022,0.00083,degraded,state_only_no_t0,regimeB_v0_RS_t0,RS_derived,t0 = RS reclamation-onset proxy from NDVI trough; pre2000=left-censored; state_only=undatable in 2000-24 window,no_aml_match
MINE_US_01450,-78.884587,40.461203,0.6206,,,2020,0.345,0.368,0.023,-0.02103,early_restoration,state_only_no_t0,regimeB_v0_RS_t0,RS_derived,t0 = RS reclamation-onset proxy from NDVI trough; pre2000=left-censored; state_only=undatable in 2000-24 window,aml_listed_not_complete
MINE_US_01451,-80.116809,39.183777,0.6198,2014,10,2014,0.619,0.777,0.158,0.00232,stable_restoration,rs_t0,regimeB_v0_RS_t0,RS_derived,t0 = RS reclamation-onset proxy from NDVI trough; pre2000=left-censored; state_only=undatable in 2000-24 window,no_aml_match
MINE_US_01452,-74.597784,41.132942,0.6181,,,2021,0.338,0.354,0.016,-0.00974,early_restoration,state_only_no_t0,regimeB_v0_RS_t0,RS_derived,t0 = RS reclamation-onset proxy from NDVI trough; pre2000=left-censored; state_only=undatable in 2000-24 window,no_aml_match
MINE_US_01453,-89.258692,37.83386,0.6174,2011,13,2011,0.272,0.413,0.141,-0.00106,relapse_degradation,rs_t0,regimeB_v0_RS_t0,RS_derived,t0 = RS reclamation-onset proxy from NDVI trough; pre2000=left-censored; state_only=undatable in 2000-24 window,no_aml_match
MINE_US_01454,-81.461452,38.161527,0.6171,pre2000,,2016,0.482,0.558,0.076,-0.00658,stable_restoration,censored_pre2000,regimeB_v0_RS_t0,RS_derived,t0 = RS reclamation-onset proxy from NDVI trough; pre2000=left-censored; state_only=undatable in 2000-24 window,no_aml_match
MINE_US_01455,-80.374706,40.380024,0.6157,2014,10,2014,0.386,0.696,0.31,-0.01049,stable_restoration,rs_t0,regimeB_v0_RS_t0,RS_derived,t0 = RS reclamation-onset proxy from NDVI trough; pre2000=left-censored; state_only=undatable in 2000-24 window,aml_listed_not_complete
MINE_US_01456,-89.936351,37.788948,0.6145,2011,13,2011,0.255,0.475,0.22,-0.01203,early_restoration,rs_t0,regimeB_v0_RS_t0,RS_derived,t0 = RS reclamation-onset proxy from NDVI trough; pre2000=left-censored; state_only=undatable in 2000-24 window,no_aml_match
MINE_US_01457,-84.366693,34.405758,0.6143,pre2000,,2011,0.433,0.502,0.069,0.00016,stable_restoration,censored_pre2000,regimeB_v0_RS_t0,RS_derived,t0 = RS reclamation-onset proxy from NDVI trough; pre2000=left-censored; state_only=undatable in 2000-24 window,no_aml_match
MINE_US_01458,-78.9071,40.454703,0.6128,2006,18,2006,0.395,0.571,0.176,0.00558,stable_restoration,rs_t0,regimeB_v0_RS_t0,RS_derived,t0 = RS reclamation-onset proxy from NDVI trough; pre2000=left-censored; state_only=undatable in 2000-24 window,aml_listed_not_complete
MINE_US_01459,-81.401921,37.359606,0.612,2018,6,2018,0.549,0.681,0.131,-0.01347,stable_restoration,rs_t0,regimeB_v0_RS_t0,RS_derived,t0 = RS reclamation-onset proxy from NDVI trough; pre2000=left-censored; state_only=undatable in 2000-24 window,no_aml_match
MINE_US_01460,-82.327272,38.158534,0.6114,pre2000,,2007,0.577,0.724,0.147,0.00643,stable_restoration,censored_pre2000,regimeB_v0_RS_t0,RS_derived,t0 = RS reclamation-onset proxy from NDVI trough; pre2000=left-censored; state_only=undatable in 2000-24 window,no_aml_match
MINE_US_01461,-86.909912,33.430383,0.6108,2007,17,2007,0.226,0.349,0.123,-0.012,early_restoration,rs_t0,regimeB_v0_RS_t0,RS_derived,t0 = RS reclamation-onset proxy from NDVI trough; pre2000=left-censored; state_only=undatable in 2000-24 window,no_aml_match
MINE_US_01462,-112.047629,34.51489,0.6087,,,2011,0.116,0.17,0.054,0.00071,degraded,state_only_no_t0,regimeB_v0_RS_t0,RS_derived,t0 = RS reclamation-onset proxy from NDVI trough; pre2000=left-censored; state_only=undatable in 2000-24 window,no_aml_match
MINE_US_01463,-111.055951,39.376638,0.6074,,,2017,0.188,0.24,0.052,-0.00017,early_restoration,state_only_no_t0,regimeB_v0_RS_t0,RS_derived,t0 = RS reclamation-onset proxy from NDVI trough; pre2000=left-censored; state_only=undatable in 2000-24 window,no_aml_match
MINE_US_01464,-82.619014,37.095874,0.6067,pre2000,,2021,0.478,0.518,0.039,-0.01638,stable_restoration,censored_pre2000,regimeB_v0_RS_t0,RS_derived,t0 = RS reclamation-onset proxy from NDVI trough; pre2000=left-censored; state_only=undatable in 2000-24 window,no_aml_match
MINE_US_01465,-82.116929,39.863811,0.6065,pre2000,,2015,0.595,0.62,0.025,-0.00549,stable_restoration,censored_pre2000,regimeB_v0_RS_t0,RS_derived,t0 = RS reclamation-onset proxy from NDVI trough; pre2000=left-censored; state_only=undatable in 2000-24 window,no_aml_match
MINE_US_01466,-80.011211,39.647847,0.6061,2017,7,2017,0.468,0.671,0.203,-0.01249,stable_restoration,rs_t0,regimeB_v0_RS_t0,RS_derived,t0 = RS reclamation-onset proxy from NDVI trough; pre2000=left-censored; state_only=undatable in 2000-24 window,no_aml_match
MINE_US_01467,-113.026036,33.72295,0.6057,,,2003,0.092,0.117,0.025,0.00051,degraded,state_only_no_t0,regimeB_v0_RS_t0,RS_derived,t0 = RS reclamation-onset proxy from NDVI trough; pre2000=left-censored; state_only=undatable in 2000-24 window,no_aml_match
MINE_US_01468,-116.349801,39.797239,0.6032,,,2000,0.122,0.152,0.029,0.00139,degraded,state_only_no_t0,regimeB_v0_RS_t0,RS_derived,t0 = RS reclamation-onset proxy from NDVI trough; pre2000=left-censored; state_only=undatable in 2000-24 window,no_aml_match
MINE_US_01469,-81.899737,37.738252,0.6031,2008,16,2008,0.307,0.689,0.382,-0.01032,stable_restoration,rs_t0,regimeB_v0_RS_t0,RS_derived,t0 = RS reclamation-onset proxy from NDVI trough; pre2000=left-censored; state_only=undatable in 2000-24 window,no_aml_match
MINE_US_01470,-80.378419,34.522547,0.5986,,,2014,0.239,0.248,0.009,-0.01727,early_restoration,state_only_no_t0,regimeB_v0_RS_t0,RS_derived,t0 = RS reclamation-onset proxy from NDVI trough; pre2000=left-censored; state_only=undatable in 2000-24 window,no_aml_match
MINE_US_01471,-85.698584,34.845716,0.5982,2013,11,2013,0.349,0.52,0.171,-0.01891,stable_restoration,rs_t0,regimeB_v0_RS_t0,RS_derived,t0 = RS reclamation-onset proxy from NDVI trough; pre2000=left-censored; state_only=undatable in 2000-24 window,no_aml_match
MINE_US_01472,-81.913485,37.846114,0.5978,2019,5,2019,0.436,0.59,0.155,-0.01796,stable_restoration,rs_t0,regimeB_v0_RS_t0,RS_derived,t0 = RS reclamation-onset proxy from NDVI trough; pre2000=left-censored; state_only=undatable in 2000-24 window,no_aml_match
MINE_US_01473,-78.673055,41.001561,0.5976,2014,10,2014,0.46,0.65,0.19,-0.0096,stable_restoration,rs_t0,regimeB_v0_RS_t0,RS_derived,t0 = RS reclamation-onset proxy from NDVI trough; pre2000=left-censored; state_only=undatable in 2000-24 window,no_aml_match
MINE_US_01474,-84.263314,36.229221,0.5961,2011,13,2011,0.564,0.789,0.224,-0.00656,stable_restoration,rs_t0,regimeB_v0_RS_t0,RS_derived,t0 = RS reclamation-onset proxy from NDVI trough; pre2000=left-censored; state_only=undatable in 2000-24 window,no_aml_match
MINE_US_01475,-83.185676,36.364313,0.5958,,,2010,0.389,0.488,0.098,0.00356,early_restoration,state_only_no_t0,regimeB_v0_RS_t0,RS_derived,t0 = RS reclamation-onset proxy from NDVI trough; pre2000=left-censored; state_only=undatable in 2000-24 window,no_aml_match
MINE_US_01476,-82.683405,36.92924,0.595,2020,4,2020,0.351,0.536,0.185,0.00438,stable_restoration,rs_t0,regimeB_v0_RS_t0,RS_derived,t0 = RS reclamation-onset proxy from NDVI trough; pre2000=left-censored; state_only=undatable in 2000-24 window,no_aml_match
MINE_US_01477,-81.451043,37.427587,0.5926,2008,16,2008,0.414,0.63,0.217,0.0054,stable_restoration,rs_t0,regimeB_v0_RS_t0,RS_derived,t0 = RS reclamation-onset proxy from NDVI trough; pre2000=left-censored; state_only=undatable in 2000-24 window,no_aml_match
MINE_US_01478,-113.853949,42.1134,0.5921,,,2011,0.177,0.186,0.009,-0.00068,degraded,state_only_no_t0,regimeB_v0_RS_t0,RS_derived,t0 = RS reclamation-onset proxy from NDVI trough; pre2000=left-censored; state_only=undatable in 2000-24 window,no_aml_match
MINE_US_01479,-82.22164,37.231227,0.5919,2015,9,2015,0.601,0.757,0.156,-0.00827,stable_restoration,rs_t0,regimeB_v0_RS_t0,RS_derived,t0 = RS reclamation-onset proxy from NDVI trough; pre2000=left-censored; state_only=undatable in 2000-24 window,no_aml_match
MINE_US_01480,-94.328454,35.131826,0.5917,pre2000,,2007,0.45,0.541,0.091,0.00383,stable_restoration,censored_pre2000,regimeB_v0_RS_t0,RS_derived,t0 = RS reclamation-onset proxy from NDVI trough; pre2000=left-censored; state_only=undatable in 2000-24 window,no_aml_match
MINE_US_01481,-82.152174,37.434044,0.5909,2011,13,2011,0.459,0.751,0.292,-0.01091,stable_restoration,rs_t0,regimeB_v0_RS_t0,RS_derived,t0 = RS reclamation-onset proxy from NDVI trough; pre2000=left-censored; state_only=undatable in 2000-24 window,no_aml_match
MINE_US_01482,-78.750523,40.130081,0.5908,2004,20,2004,0.517,0.633,0.115,0.00357,stable_restoration,rs_t0,regimeB_v0_RS_t0,RS_derived,t0 = RS reclamation-onset proxy from NDVI trough; pre2000=left-censored; state_only=undatable in 2000-24 window,no_aml_match
MINE_US_01483,-117.902618,42.044439,0.5897,,,2000,0.102,0.134,0.032,0.00142,degraded,state_only_no_t0,regimeB_v0_RS_t0,RS_derived,t0 = RS reclamation-onset proxy from NDVI trough; pre2000=left-censored; state_only=undatable in 2000-24 window,no_aml_match
MINE_US_01484,-120.842736,39.469271,0.5884,pre2000,,2000,0.645,0.727,0.082,0.00383,stable_restoration,censored_pre2000,regimeB_v0_RS_t0,RS_derived,t0 = RS reclamation-onset proxy from NDVI trough; pre2000=left-censored; state_only=undatable in 2000-24 window,no_aml_match
MINE_US_01485,-83.996676,36.799882,0.5884,2015,9,2015,0.585,0.789,0.204,-0.00406,stable_restoration,rs_t0,regimeB_v0_RS_t0,RS_derived,t0 = RS reclamation-onset proxy from NDVI trough; pre2000=left-censored; state_only=undatable in 2000-24 window,no_aml_match
MINE_US_01486,-116.054208,40.721995,0.5882,,,2006,0.094,0.149,0.055,0.00085,degraded,state_only_no_t0,regimeB_v0_RS_t0,RS_derived,t0 = RS reclamation-onset proxy from NDVI trough; pre2000=left-censored; state_only=undatable in 2000-24 window,no_aml_match
MINE_US_01487,-119.661079,39.250782,0.5882,,,2008,0.089,0.149,0.06,0.00117,degraded,state_only_no_t0,regimeB_v0_RS_t0,RS_derived,t0 = RS reclamation-onset proxy from NDVI trough; pre2000=left-censored; state_only=undatable in 2000-24 window,no_aml_match
MINE_US_01488,-79.945634,39.851478,0.5867,2011,13,2011,0.334,0.681,0.347,0.00268,stable_restoration,rs_t0,regimeB_v0_RS_t0,RS_derived,t0 = RS reclamation-onset proxy from NDVI trough; pre2000=left-censored; state_only=undatable in 2000-24 window,no_aml_match
MINE_US_01489,-115.590535,39.276288,0.5866,,,2000,0.101,0.178,0.077,0.00245,degraded,state_only_no_t0,regimeB_v0_RS_t0,RS_derived,t0 = RS reclamation-onset proxy from NDVI trough; pre2000=left-censored; state_only=undatable in 2000-24 window,no_aml_match
MINE_US_01490,-112.294804,33.70037,0.5866,,,2000,0.051,0.097,0.047,0.00177,degraded,state_only_no_t0,regimeB_v0_RS_t0,RS_derived,t0 = RS reclamation-onset proxy from NDVI trough; pre2000=left-censored; state_only=undatable in 2000-24 window,no_aml_match
MINE_US_01491,-83.502329,36.104933,0.5846,,,2000,0.228,0.335,0.106,0.00472,early_restoration,state_only_no_t0,regimeB_v0_RS_t0,RS_derived,t0 = RS reclamation-onset proxy from NDVI trough; pre2000=left-censored; state_only=undatable in 2000-24 window,no_aml_match
MINE_US_01492,-78.988003,39.972076,0.5838,,,2009,0.318,0.412,0.094,0.00175,early_restoration,state_only_no_t0,regimeB_v0_RS_t0,RS_derived,t0 = RS reclamation-onset proxy from NDVI trough; pre2000=left-censored; state_only=undatable in 2000-24 window,aml_listed_not_complete
MINE_US_01493,-116.032769,41.345886,0.5835,,,2000,0.125,0.256,0.131,0.00562,early_restoration,state_only_no_t0,regimeB_v0_RS_t0,RS_derived,t0 = RS reclamation-onset proxy from NDVI trough; pre2000=left-censored; state_only=undatable in 2000-24 window,no_aml_match
MINE_US_01494,-111.965163,40.036236,0.583,,,2021,0.095,0.103,0.008,-0.00044,degraded,state_only_no_t0,regimeB_v0_RS_t0,RS_derived,t0 = RS reclamation-onset proxy from NDVI trough; pre2000=left-censored; state_only=undatable in 2000-24 window,no_aml_match
MINE_US_01495,-78.257998,40.842474,0.5818,2014,10,2014,0.489,0.674,0.185,-0.01348,stable_restoration,rs_t0,regimeB_v0_RS_t0,RS_derived,t0 = RS reclamation-onset proxy from NDVI trough; pre2000=left-censored; state_only=undatable in 2000-24 window,aml_listed_not_complete
MINE_US_01496,-76.434728,40.624365,0.5811,,,2022,0.283,0.289,0.006,-0.00651,early_restoration,state_only_no_t0,regimeB_v0_RS_t0,RS_derived,t0 = RS reclamation-onset proxy from NDVI trough; pre2000=left-censored; state_only=undatable in 2000-24 window,aml_listed_not_complete
MINE_US_01497,-116.601119,37.998968,0.5811,,,2003,0.072,0.112,0.039,0.00145,degraded,state_only_no_t0,regimeB_v0_RS_t0,RS_derived,t0 = RS reclamation-onset proxy from NDVI trough; pre2000=left-censored; state_only=undatable in 2000-24 window,no_aml_match
MINE_US_01498,-122.465993,40.604901,0.5806,,,2020,0.153,0.168,0.015,-0.00387,degraded,state_only_no_t0,regimeB_v0_RS_t0,RS_derived,t0 = RS reclamation-onset proxy from NDVI trough; pre2000=left-censored; state_only=undatable in 2000-24 window,no_aml_match
MINE_US_01499,-115.929064,41.365175,0.5801,,,2000,0.086,0.172,0.086,0.00357,degraded,state_only_no_t0,regimeB_v0_RS_t0,RS_derived,t0 = RS reclamation-onset proxy from NDVI trough; pre2000=left-censored; state_only=undatable in 2000-24 window,no_aml_match
MINE_US_01500,-75.503741,41.557897,0.578,pre2000,,2000,0.47,0.669,0.199,0.007,stable_restoration,censored_pre2000,regimeB_v0_RS_t0,RS_derived,t0 = RS reclamation-onset proxy from NDVI trough; pre2000=left-censored; state_only=undatable in 2000-24 window,aml_listed_not_complete
MINE_US_01501,-78.626217,40.915227,0.5764,pre2000,,2009,0.666,0.696,0.03,0.00027,stable_restoration,censored_pre2000,regimeB_v0_RS_t0,RS_derived,t0 = RS reclamation-onset proxy from NDVI trough; pre2000=left-censored; state_only=undatable in 2000-24 window,no_aml_match
MINE_US_01502,-81.618412,38.310155,0.5763,pre2000,,2024,0.495,0.517,0.022,-0.00411,stable_restoration,censored_pre2000,regimeB_v0_RS_t0,RS_derived,t0 = RS reclamation-onset proxy from NDVI trough; pre2000=left-censored; state_only=undatable in 2000-24 window,no_aml_match
MINE_US_01503,-91.170119,38.15239,0.5745,,,2010,0.295,0.347,0.052,-0.00149,early_restoration,state_only_no_t0,regimeB_v0_RS_t0,RS_derived,t0 = RS reclamation-onset proxy from NDVI trough; pre2000=left-censored; state_only=undatable in 2000-24 window,no_aml_match
MINE_US_01504,-80.432053,40.621636,0.5742,2013,11,2013,0.328,0.439,0.111,0.0008,early_restoration,rs_t0,regimeB_v0_RS_t0,RS_derived,t0 = RS reclamation-onset proxy from NDVI trough; pre2000=left-censored; state_only=undatable in 2000-24 window,no_aml_match
MINE_US_01505,-81.768106,37.398215,0.5738,2014,10,2014,0.635,0.788,0.153,-0.00875,stable_restoration,rs_t0,regimeB_v0_RS_t0,RS_derived,t0 = RS reclamation-onset proxy from NDVI trough; pre2000=left-censored; state_only=undatable in 2000-24 window,no_aml_match
MINE_US_01506,-82.165553,38.924351,0.5735,2011,13,2011,0.344,0.593,0.249,-0.01231,stable_restoration,rs_t0,regimeB_v0_RS_t0,RS_derived,t0 = RS reclamation-onset proxy from NDVI trough; pre2000=left-censored; state_only=undatable in 2000-24 window,no_aml_match
MINE_US_01507,-81.998605,37.584453,0.5733,pre2000,,2024,0.579,0.606,0.027,-0.00065,stable_restoration,censored_pre2000,regimeB_v0_RS_t0,RS_derived,t0 = RS reclamation-onset proxy from NDVI trough; pre2000=left-censored; state_only=undatable in 2000-24 window,no_aml_match
MINE_US_01508,-94.399733,32.53476,0.5716,pre2000,,2000,0.459,0.578,0.12,0.00403,stable_restoration,censored_pre2000,regimeB_v0_RS_t0,RS_derived,t0 = RS reclamation-onset proxy from NDVI trough; pre2000=left-censored; state_only=undatable in 2000-24 window,no_aml_match
MINE_US_01509,-75.804747,41.281387,0.5716,,,2016,0.306,0.366,0.06,0.00047,early_restoration,state_only_no_t0,regimeB_v0_RS_t0,RS_derived,t0 = RS reclamation-onset proxy from NDVI trough; pre2000=left-censored; state_only=undatable in 2000-24 window,aml_listed_not_complete
MINE_US_01510,-120.840829,38.033074,0.5708,,,2001,0.145,0.191,0.046,0.00223,degraded,state_only_no_t0,regimeB_v0_RS_t0,RS_derived,t0 = RS reclamation-onset proxy from NDVI trough; pre2000=left-censored; state_only=undatable in 2000-24 window,no_aml_match
MINE_US_01511,-94.503637,32.230705,0.5701,,,2000,0.338,0.399,0.061,0.0017,early_restoration,state_only_no_t0,regimeB_v0_RS_t0,RS_derived,t0 = RS reclamation-onset proxy from NDVI trough; pre2000=left-censored; state_only=undatable in 2000-24 window,no_aml_match
MINE_US_01512,-112.110434,39.915313,0.5692,,,2006,0.122,0.159,0.037,0.00117,degraded,state_only_no_t0,regimeB_v0_RS_t0,RS_derived,t0 = RS reclamation-onset proxy from NDVI trough; pre2000=left-censored; state_only=undatable in 2000-24 window,no_aml_match
MINE_US_01513,-89.860787,37.808171,0.569,,,2011,0.28,0.35,0.069,6e-05,early_restoration,state_only_no_t0,regimeB_v0_RS_t0,RS_derived,t0 = RS reclamation-onset proxy from NDVI trough; pre2000=left-censored; state_only=undatable in 2000-24 window,no_aml_match
MINE_US_01514,-76.367666,40.669149,0.5681,,,2017,0.4,0.471,0.071,-0.02085,early_restoration,state_only_no_t0,regimeB_v0_RS_t0,RS_derived,t0 = RS reclamation-onset proxy from NDVI trough; pre2000=left-censored; state_only=undatable in 2000-24 window,aml_listed_not_complete
MINE_US_01515,-106.083318,38.662101,0.568,,,2002,0.164,0.22,0.056,0.00175,early_restoration,state_only_no_t0,regimeB_v0_RS_t0,RS_derived,t0 = RS reclamation-onset proxy from NDVI trough; pre2000=left-censored; state_only=undatable in 2000-24 window,no_aml_match
MINE_US_01516,-81.782997,38.21981,0.5676,2012,12,2012,0.456,0.602,0.146,-0.01206,stable_restoration,rs_t0,regimeB_v0_RS_t0,RS_derived,t0 = RS reclamation-onset proxy from NDVI trough; pre2000=left-censored; state_only=undatable in 2000-24 window,no_aml_match
MINE_US_01517,-118.969348,48.786767,0.5665,,,2012,0.149,0.208,0.059,-0.0024,degraded,state_only_no_t0,regimeB_v0_RS_t0,RS_derived,t0 = RS reclamation-onset proxy from NDVI trough; pre2000=left-censored; state_only=undatable in 2000-24 window,no_aml_match
MINE_US_01518,-81.501209,37.533682,0.5659,pre2000,,2007,0.413,0.504,0.091,0.0021,stable_restoration,censored_pre2000,regimeB_v0_RS_t0,RS_derived,t0 = RS reclamation-onset proxy from NDVI trough; pre2000=left-censored; state_only=undatable in 2000-24 window,no_aml_match
MINE_US_01519,-87.784128,33.949329,0.5657,,,2000,0.242,0.412,0.171,0.00992,early_restoration,state_only_no_t0,regimeB_v0_RS_t0,RS_derived,t0 = RS reclamation-onset proxy from NDVI trough; pre2000=left-censored; state_only=undatable in 2000-24 window,no_aml_match
MINE_US_01520,-109.44397,38.471385,0.5656,,,2021,0.099,0.105,0.006,-0.00052,degraded,state_only_no_t0,regimeB_v0_RS_t0,RS_derived,t0 = RS reclamation-onset proxy from NDVI trough; pre2000=left-censored; state_only=undatable in 2000-24 window,no_aml_match
MINE_US_01521,-114.501264,35.380685,0.565,,,2003,0.069,0.103,0.034,0.00128,degraded,state_only_no_t0,regimeB_v0_RS_t0,RS_derived,t0 = RS reclamation-onset proxy from NDVI trough; pre2000=left-censored; state_only=undatable in 2000-24 window,no_aml_match
MINE_US_01522,-118.165369,40.645599,0.5649,,,2002,0.062,0.132,0.07,0.00287,degraded,state_only_no_t0,regimeB_v0_RS_t0,RS_derived,t0 = RS reclamation-onset proxy from NDVI trough; pre2000=left-censored; state_only=undatable in 2000-24 window,no_aml_match
MINE_US_01523,-104.273945,42.046273,0.5648,,,2001,0.155,0.201,0.047,0.00111,degraded,state_only_no_t0,regimeB_v0_RS_t0,RS_derived,t0 = RS reclamation-onset proxy from NDVI trough; pre2000=left-censored; state_only=undatable in 2000-24 window,no_aml_match
MINE_US_01524,-88.69213,37.690674,0.5636,pre2000,,2011,0.434,0.592,0.158,0.00585,stable_restoration,censored_pre2000,regimeB_v0_RS_t0,RS_derived,t0 = RS reclamation-onset proxy from NDVI trough; pre2000=left-censored; state_only=undatable in 2000-24 window,no_aml_match
MINE_US_01525,-115.255726,47.577808,0.5634,,,2004,0.198,0.256,0.058,0.00184,early_restoration,state_only_no_t0,regimeB_v0_RS_t0,RS_derived,t0 = RS reclamation-onset proxy from NDVI trough; pre2000=left-censored; state_only=undatable in 2000-24 window,no_aml_match
MINE_US_01526,-80.709883,40.250515,0.5617,2015,9,2015,0.462,0.747,0.285,-0.0072,stable_restoration,rs_t0,regimeB_v0_RS_t0,RS_derived,t0 = RS reclamation-onset proxy from NDVI trough; pre2000=left-censored; state_only=undatable in 2000-24 window,no_aml_match
MINE_US_01527,-79.096818,40.934856,0.5596,2014,10,2014,0.358,0.483,0.125,-0.00418,early_restoration,rs_t0,regimeB_v0_RS_t0,RS_derived,t0 = RS reclamation-onset proxy from NDVI trough; pre2000=left-censored; state_only=undatable in 2000-24 window,aml_listed_not_complete
MINE_US_01528,-114.872258,39.270711,0.558,,,2011,0.113,0.137,0.024,-7e-05,degraded,state_only_no_t0,regimeB_v0_RS_t0,RS_derived,t0 = RS reclamation-onset proxy from NDVI trough; pre2000=left-censored; state_only=undatable in 2000-24 window,no_aml_match
MINE_US_01529,-78.648736,40.787733,0.5576,2010,14,2010,0.571,0.763,0.192,-0.00288,stable_restoration,rs_t0,regimeB_v0_RS_t0,RS_derived,t0 = RS reclamation-onset proxy from NDVI trough; pre2000=left-censored; state_only=undatable in 2000-24 window,aml_listed_not_complete
MINE_US_01530,-84.505206,35.943283,0.5558,,,2000,0.322,0.374,0.052,0.00032,early_restoration,state_only_no_t0,regimeB_v0_RS_t0,RS_derived,t0 = RS reclamation-onset proxy from NDVI trough; pre2000=left-censored; state_only=undatable in 2000-24 window,no_aml_match
MINE_US_01531,-84.262379,34.285632,0.5553,,,2024,0.316,0.33,0.014,-0.00283,early_restoration,state_only_no_t0,regimeB_v0_RS_t0,RS_derived,t0 = RS reclamation-onset proxy from NDVI trough; pre2000=left-censored; state_only=undatable in 2000-24 window,no_aml_match
MINE_US_01532,-114.355118,38.45795,0.5546,,,2001,0.239,0.292,0.053,0.00212,early_restoration,state_only_no_t0,regimeB_v0_RS_t0,RS_derived,t0 = RS reclamation-onset proxy from NDVI trough; pre2000=left-censored; state_only=undatable in 2000-24 window,no_aml_match
MINE_US_01533,-83.351658,36.744772,0.5534,2008,16,2008,0.459,0.739,0.28,0.00371,stable_restoration,rs_t0,regimeB_v0_RS_t0,RS_derived,t0 = RS reclamation-onset proxy from NDVI trough; pre2000=left-censored; state_only=undatable in 2000-24 window,no_aml_match
MINE_US_01534,-91.117547,37.712354,0.5531,pre2000,,2005,0.426,0.533,0.107,0.00493,stable_restoration,censored_pre2000,regimeB_v0_RS_t0,RS_derived,t0 = RS reclamation-onset proxy from NDVI trough; pre2000=left-censored; state_only=undatable in 2000-24 window,no_aml_match
MINE_US_01535,-81.25246,37.860435,0.5518,,,2015,0.404,0.437,0.033,-0.00373,early_restoration,state_only_no_t0,regimeB_v0_RS_t0,RS_derived,t0 = RS reclamation-onset proxy from NDVI trough; pre2000=left-censored; state_only=undatable in 2000-24 window,no_aml_match
MINE_US_01536,-76.417069,40.62528,0.5511,2009,15,2009,0.574,0.797,0.223,0.00388,stable_restoration,rs_t0,regimeB_v0_RS_t0,RS_derived,t0 = RS reclamation-onset proxy from NDVI trough; pre2000=left-censored; state_only=undatable in 2000-24 window,aml_listed_not_complete
MINE_US_01537,-79.21393,40.40439,0.551,pre2000,,2018,0.492,0.527,0.035,-0.00495,stable_restoration,censored_pre2000,regimeB_v0_RS_t0,RS_derived,t0 = RS reclamation-onset proxy from NDVI trough; pre2000=left-censored; state_only=undatable in 2000-24 window,no_aml_match
MINE_US_01538,-79.985674,39.677743,0.5504,pre2000,,2019,0.464,0.532,0.068,-0.0112,stable_restoration,censored_pre2000,regimeB_v0_RS_t0,RS_derived,t0 = RS reclamation-onset proxy from NDVI trough; pre2000=left-censored; state_only=undatable in 2000-24 window,no_aml_match
MINE_US_01539,-111.160907,35.259002,0.5504,,,2002,0.058,0.081,0.023,0.0011,degraded,state_only_no_t0,regimeB_v0_RS_t0,RS_derived,t0 = RS reclamation-onset proxy from NDVI trough; pre2000=left-censored; state_only=undatable in 2000-24 window,no_aml_match
MINE_US_01540,-94.480434,35.113685,0.5499,2011,13,2011,0.399,0.538,0.139,0.00117,stable_restoration,rs_t0,regimeB_v0_RS_t0,RS_derived,t0 = RS reclamation-onset proxy from NDVI trough; pre2000=left-censored; state_only=undatable in 2000-24 window,no_aml_match
MINE_US_01541,-106.033634,39.249566,0.5498,,,2003,0.079,0.139,0.06,0.00254,degraded,state_only_no_t0,regimeB_v0_RS_t0,RS_derived,t0 = RS reclamation-onset proxy from NDVI trough; pre2000=left-censored; state_only=undatable in 2000-24 window,no_aml_match
MINE_US_01542,-79.977824,40.213638,0.5496,,,2005,0.312,0.475,0.163,0.00453,early_restoration,state_only_no_t0,regimeB_v0_RS_t0,RS_derived,t0 = RS reclamation-onset proxy from NDVI trough; pre2000=left-censored; state_only=undatable in 2000-24 window,no_aml_match
MINE_US_01543,-109.643058,32.87984,0.5486,,,2008,0.08,0.093,0.014,-6e-05,degraded,state_only_no_t0,regimeB_v0_RS_t0,RS_derived,t0 = RS reclamation-onset proxy from NDVI trough; pre2000=left-censored; state_only=undatable in 2000-24 window,no_aml_match
MINE_US_01544,-115.783076,47.469826,0.5459,,,2009,0.368,0.41,0.042,0.0014,early_restoration,state_only_no_t0,regimeB_v0_RS_t0,RS_derived,t0 = RS reclamation-onset proxy from NDVI trough; pre2000=left-censored; state_only=undatable in 2000-24 window,no_aml_match
MINE_US_01545,-117.349362,48.880797,0.5458,,,2015,0.229,0.328,0.099,8e-05,early_restoration,state_only_no_t0,regimeB_v0_RS_t0,RS_derived,t0 = RS reclamation-onset proxy from NDVI trough; pre2000=left-censored; state_only=undatable in 2000-24 window,no_aml_match
MINE_US_01546,-84.059315,36.823951,0.5452,2018,6,2018,0.543,0.768,0.225,-0.00339,stable_restoration,rs_t0,regimeB_v0_RS_t0,RS_derived,t0 = RS reclamation-onset proxy from NDVI trough; pre2000=left-censored; state_only=undatable in 2000-24 window,no_aml_match
MINE_US_01547,-75.764256,41.333038,0.5447,,,2004,0.273,0.405,0.132,0.00618,early_restoration,state_only_no_t0,regimeB_v0_RS_t0,RS_derived,t0 = RS reclamation-onset proxy from NDVI trough; pre2000=left-censored; state_only=undatable in 2000-24 window,no_aml_match
MINE_US_01548,-114.938638,39.385244,0.5434,,,2007,0.094,0.125,0.031,0.00072,degraded,state_only_no_t0,regimeB_v0_RS_t0,RS_derived,t0 = RS reclamation-onset proxy from NDVI trough; pre2000=left-censored; state_only=undatable in 2000-24 window,no_aml_match
MINE_US_01549,-80.638512,40.148186,0.541,2015,9,2015,0.428,0.54,0.112,-0.00383,stable_restoration,rs_t0,regimeB_v0_RS_t0,RS_derived,t0 = RS reclamation-onset proxy from NDVI trough; pre2000=left-censored; state_only=undatable in 2000-24 window,no_aml_match
MINE_US_01550,-110.687694,32.877138,0.5397,,,2001,0.063,0.146,0.083,0.0039,degraded,state_only_no_t0,regimeB_v0_RS_t0,RS_derived,t0 = RS reclamation-onset proxy from NDVI trough; pre2000=left-censored; state_only=undatable in 2000-24 window,no_aml_match
MINE_US_01551,-111.477474,33.010558,0.5389,,,2010,0.077,0.096,0.019,-0.00097,degraded,state_only_no_t0,regimeB_v0_RS_t0,RS_derived,t0 = RS reclamation-onset proxy from NDVI trough; pre2000=left-censored; state_only=undatable in 2000-24 window,no_aml_match
MINE_US_01552,-81.528404,38.093989,0.5383,2007,17,2007,0.472,0.735,0.263,0.01026,stable_restoration,rs_t0,regimeB_v0_RS_t0,RS_derived,t0 = RS reclamation-onset proxy from NDVI trough; pre2000=left-censored; state_only=undatable in 2000-24 window,no_aml_match
MINE_US_01553,-80.077268,40.814946,0.5378,,,2020,0.294,0.308,0.013,-0.011,early_restoration,state_only_no_t0,regimeB_v0_RS_t0,RS_derived,t0 = RS reclamation-onset proxy from NDVI trough; pre2000=left-censored; state_only=undatable in 2000-24 window,aml_listed_not_complete
MINE_US_01554,-121.943661,47.201069,0.5376,,,2018,0.2,0.214,0.014,-0.01386,degraded,state_only_no_t0,regimeB_v0_RS_t0,RS_derived,t0 = RS reclamation-onset proxy from NDVI trough; pre2000=left-censored; state_only=undatable in 2000-24 window,no_aml_match
MINE_US_01555,-87.5467,37.575349,0.5367,pre2000,,2011,0.364,0.612,0.248,0.0082,stable_restoration,censored_pre2000,regimeB_v0_RS_t0,RS_derived,t0 = RS reclamation-onset proxy from NDVI trough; pre2000=left-censored; state_only=undatable in 2000-24 window,no_aml_match
MINE_US_01556,-87.082576,37.274692,0.5365,2012,12,2012,0.28,0.688,0.408,-0.01205,stable_restoration,rs_t0,regimeB_v0_RS_t0,RS_derived,t0 = RS reclamation-onset proxy from NDVI trough; pre2000=left-censored; state_only=undatable in 2000-24 window,no_aml_match
MINE_US_01557,-117.952426,44.983322,0.5362,,,2019,0.14,0.148,0.008,-0.00076,degraded,state_only_no_t0,regimeB_v0_RS_t0,RS_derived,t0 = RS reclamation-onset proxy from NDVI trough; pre2000=left-censored; state_only=undatable in 2000-24 window,no_aml_match
MINE_US_01558,-78.297048,41.115251,0.5356,2014,10,2014,0.35,0.66,0.311,-0.00964,stable_restoration,rs_t0,regimeB_v0_RS_t0,RS_derived,t0 = RS reclamation-onset proxy from NDVI trough; pre2000=left-censored; state_only=undatable in 2000-24 window,aml_listed_not_complete
MINE_US_01559,-105.270034,43.553669,0.5354,,,2003,0.108,0.212,0.104,0.00423,degraded,state_only_no_t0,regimeB_v0_RS_t0,RS_derived,t0 = RS reclamation-onset proxy from NDVI trough; pre2000=left-censored; state_only=undatable in 2000-24 window,no_aml_match
MINE_US_01560,-107.799938,35.409005,0.5351,,,2020,-0.016,-0.009,0.007,-0.00076,degraded,state_only_no_t0,regimeB_v0_RS_t0,RS_derived,t0 = RS reclamation-onset proxy from NDVI trough; pre2000=left-censored; state_only=undatable in 2000-24 window,no_aml_match
MINE_US_01561,-77.553514,36.910829,0.5349,,,2017,0.367,0.429,0.062,-0.01716,early_restoration,state_only_no_t0,regimeB_v0_RS_t0,RS_derived,t0 = RS reclamation-onset proxy from NDVI trough; pre2000=left-censored; state_only=undatable in 2000-24 window,no_aml_match
MINE_US_01562,-115.507539,39.6716,0.5345,,,2000,0.093,0.149,0.056,0.0019,degraded,state_only_no_t0,regimeB_v0_RS_t0,RS_derived,t0 = RS reclamation-onset proxy from NDVI trough; pre2000=left-censored; state_only=undatable in 2000-24 window,no_aml_match
MINE_US_01563,-87.355725,38.297362,0.5342,2009,15,2009,0.338,0.592,0.255,0.00489,stable_restoration,rs_t0,regimeB_v0_RS_t0,RS_derived,t0 = RS reclamation-onset proxy from NDVI trough; pre2000=left-censored; state_only=undatable in 2000-24 window,no_aml_match
MINE_US_01564,-81.943592,38.985562,0.5337,,,2012,0.435,0.492,0.057,-0.00274,early_restoration,state_only_no_t0,regimeB_v0_RS_t0,RS_derived,t0 = RS reclamation-onset proxy from NDVI trough; pre2000=left-censored; state_only=undatable in 2000-24 window,no_aml_match
MINE_US_01565,-88.056677,38.026802,0.5336,,,2001,0.265,0.325,0.06,0.00104,early_restoration,state_only_no_t0,regimeB_v0_RS_t0,RS_derived,t0 = RS reclamation-onset proxy from NDVI trough; pre2000=left-censored; state_only=undatable in 2000-24 window,no_aml_match
MINE_US_01566,-78.791512,40.792001,0.5333,2016,8,2016,0.652,0.768,0.116,-0.00346,stable_restoration,rs_t0,regimeB_v0_RS_t0,RS_derived,t0 = RS reclamation-onset proxy from NDVI trough; pre2000=left-censored; state_only=undatable in 2000-24 window,no_aml_match
MINE_US_01567,-75.958777,41.292793,0.5331,,,2013,0.377,0.402,0.025,-0.00014,early_restoration,state_only_no_t0,regimeB_v0_RS_t0,RS_derived,t0 = RS reclamation-onset proxy from NDVI trough; pre2000=left-censored; state_only=undatable in 2000-24 window,no_aml_match
MINE_US_01568,-115.541325,45.702824,0.533,,,2024,0.448,0.497,0.049,-0.00608,early_restoration,state_only_no_t0,regimeB_v0_RS_t0,RS_derived,t0 = RS reclamation-onset proxy from NDVI trough; pre2000=left-censored; state_only=undatable in 2000-24 window,no_aml_match
MINE_US_01569,-96.7047,31.375979,0.5328,,,2012,0.237,0.295,0.058,-0.00763,early_restoration,state_only_no_t0,regimeB_v0_RS_t0,RS_derived,t0 = RS reclamation-onset proxy from NDVI trough; pre2000=left-censored; state_only=undatable in 2000-24 window,no_aml_match
MINE_US_01570,-80.98339,40.138289,0.5326,2015,9,2015,0.375,0.482,0.108,-0.01104,early_restoration,rs_t0,regimeB_v0_RS_t0,RS_derived,t0 = RS reclamation-onset proxy from NDVI trough; pre2000=left-censored; state_only=undatable in 2000-24 window,no_aml_match
MINE_US_01571,-75.811105,41.305776,0.5321,,,2004,0.346,0.417,0.071,0.00091,early_restoration,state_only_no_t0,regimeB_v0_RS_t0,RS_derived,t0 = RS reclamation-onset proxy from NDVI trough; pre2000=left-censored; state_only=undatable in 2000-24 window,aml_listed_not_complete
MINE_US_01572,-79.717504,40.496767,0.5308,2011,13,2011,0.462,0.802,0.34,0.00788,stable_restoration,rs_t0,regimeB_v0_RS_t0,RS_derived,t0 = RS reclamation-onset proxy from NDVI trough; pre2000=left-censored; state_only=undatable in 2000-24 window,aml_listed_not_complete
MINE_US_01573,-87.336249,39.292018,0.5308,pre2000,,2001,0.257,0.646,0.389,0.01805,stable_restoration,censored_pre2000,regimeB_v0_RS_t0,RS_derived,t0 = RS reclamation-onset proxy from NDVI trough; pre2000=left-censored; state_only=undatable in 2000-24 window,no_aml_match
MINE_US_01574,-81.445575,37.498496,0.5307,,,2012,0.377,0.46,0.083,-0.0102,early_restoration,state_only_no_t0,regimeB_v0_RS_t0,RS_derived,t0 = RS reclamation-onset proxy from NDVI trough; pre2000=left-censored; state_only=undatable in 2000-24 window,no_aml_match
MINE_US_01575,-79.207869,40.389101,0.5295,2007,17,2007,0.374,0.526,0.152,0.00481,stable_restoration,rs_t0,regimeB_v0_RS_t0,RS_derived,t0 = RS reclamation-onset proxy from NDVI trough; pre2000=left-censored; state_only=undatable in 2000-24 window,no_aml_match
MINE_US_01576,-104.701029,42.33233,0.5287,,,2005,0.157,0.208,0.052,0.00172,degraded,state_only_no_t0,regimeB_v0_RS_t0,RS_derived,t0 = RS reclamation-onset proxy from NDVI trough; pre2000=left-censored; state_only=undatable in 2000-24 window,no_aml_match
MINE_US_01577,-86.304621,33.134756,0.5281,2008,16,2008,0.159,0.262,0.103,-0.00574,early_restoration,rs_t0,regimeB_v0_RS_t0,RS_derived,t0 = RS reclamation-onset proxy from NDVI trough; pre2000=left-censored; state_only=undatable in 2000-24 window,no_aml_match
MINE_US_01578,-81.740083,38.0261,0.5281,pre2000,,2007,0.618,0.754,0.136,0.00601,stable_restoration,censored_pre2000,regimeB_v0_RS_t0,RS_derived,t0 = RS reclamation-onset proxy from NDVI trough; pre2000=left-censored; state_only=undatable in 2000-24 window,no_aml_match
MINE_US_01579,-81.833521,33.489963,0.5275,,,2018,0.141,0.18,0.039,-0.01276,degraded,state_only_no_t0,regimeB_v0_RS_t0,RS_derived,t0 = RS reclamation-onset proxy from NDVI trough; pre2000=left-censored; state_only=undatable in 2000-24 window,no_aml_match
MINE_US_01580,-83.722363,36.064739,0.5261,,,2007,0.276,0.372,0.096,0.00165,early_restoration,state_only_no_t0,regimeB_v0_RS_t0,RS_derived,t0 = RS reclamation-onset proxy from NDVI trough; pre2000=left-censored; state_only=undatable in 2000-24 window,no_aml_match
MINE_US_01581,-87.429867,38.878654,0.5257,2009,15,2009,0.436,0.548,0.112,-0.00167,stable_restoration,rs_t0,regimeB_v0_RS_t0,RS_derived,t0 = RS reclamation-onset proxy from NDVI trough; pre2000=left-censored; state_only=undatable in 2000-24 window,no_aml_match
MINE_US_01582,-87.375265,33.79747,0.525,,,2019,0.307,0.388,0.082,-0.0215,early_restoration,state_only_no_t0,regimeB_v0_RS_t0,RS_derived,t0 = RS reclamation-onset proxy from NDVI trough; pre2000=left-censored; state_only=undatable in 2000-24 window,no_aml_match
MINE_US_01583,-107.079953,45.803686,0.5235,,,2005,0.22,0.314,0.095,0.00345,early_restoration,state_only_no_t0,regimeB_v0_RS_t0,RS_derived,t0 = RS reclamation-onset proxy from NDVI trough; pre2000=left-censored; state_only=undatable in 2000-24 window,no_aml_match
MINE_US_01584,-87.119591,33.38728,0.5231,pre2000,,2000,0.286,0.552,0.266,0.01146,stable_restoration,censored_pre2000,regimeB_v0_RS_t0,RS_derived,t0 = RS reclamation-onset proxy from NDVI trough; pre2000=left-censored; state_only=undatable in 2000-24 window,no_aml_match
MINE_US_01585,-117.95885,38.735085,0.5225,,,2008,0.056,0.095,0.039,0.00158,degraded,state_only_no_t0,regimeB_v0_RS_t0,RS_derived,t0 = RS reclamation-onset proxy from NDVI trough; pre2000=left-censored; state_only=undatable in 2000-24 window,no_aml_match
MINE_US_01586,-113.130416,38.485007,0.5222,,,2012,0.042,0.055,0.013,-0.00143,degraded,state_only_no_t0,regimeB_v0_RS_t0,RS_derived,t0 = RS reclamation-onset proxy from NDVI trough; pre2000=left-censored; state_only=undatable in 2000-24 window,no_aml_match
MINE_US_01587,-115.258491,35.744266,0.5218,,,2007,0.069,0.093,0.025,0.0007,degraded,state_only_no_t0,regimeB_v0_RS_t0,RS_derived,t0 = RS reclamation-onset proxy from NDVI trough; pre2000=left-censored; state_only=undatable in 2000-24 window,no_aml_match
MINE_US_01588,-111.696375,33.568118,0.5215,,,2001,0.094,0.141,0.047,0.00195,degraded,state_only_no_t0,regimeB_v0_RS_t0,RS_derived,t0 = RS reclamation-onset proxy from NDVI trough; pre2000=left-censored; state_only=undatable in 2000-24 window,no_aml_match
MINE_US_01589,-76.340869,40.655667,0.5198,pre2000,,2000,0.457,0.731,0.273,0.01242,stable_restoration,censored_pre2000,regimeB_v0_RS_t0,RS_derived,t0 = RS reclamation-onset proxy from NDVI trough; pre2000=left-censored; state_only=undatable in 2000-24 window,aml_listed_not_complete
MINE_US_01590,-87.3814,33.316034,0.5197,2006,18,2006,0.255,0.596,0.342,0.00243,stable_restoration,rs_t0,regimeB_v0_RS_t0,RS_derived,t0 = RS reclamation-onset proxy from NDVI trough; pre2000=left-censored; state_only=undatable in 2000-24 window,no_aml_match
MINE_US_01591,-119.121373,38.680729,0.5194,,,2000,0.158,0.214,0.056,0.00218,degraded,state_only_no_t0,regimeB_v0_RS_t0,RS_derived,t0 = RS reclamation-onset proxy from NDVI trough; pre2000=left-censored; state_only=undatable in 2000-24 window,no_aml_match
MINE_US_01592,-105.327155,43.479085,0.5186,,,2005,0.119,0.211,0.092,0.00461,degraded,state_only_no_t0,regimeB_v0_RS_t0,RS_derived,t0 = RS reclamation-onset proxy from NDVI trough; pre2000=left-censored; state_only=undatable in 2000-24 window,no_aml_match
MINE_US_01593,-97.786922,28.609423,0.5186,,,2016,0.162,0.181,0.02,-0.01431,degraded,state_only_no_t0,regimeB_v0_RS_t0,RS_derived,t0 = RS reclamation-onset proxy from NDVI trough; pre2000=left-censored; state_only=undatable in 2000-24 window,no_aml_match
MINE_US_01594,-108.03618,35.432381,0.5178,,,2001,0.105,0.164,0.058,0.00233,degraded,state_only_no_t0,regimeB_v0_RS_t0,RS_derived,t0 = RS reclamation-onset proxy from NDVI trough; pre2000=left-censored; state_only=undatable in 2000-24 window,no_aml_match
MINE_US_01595,-117.349818,48.848778,0.5173,,,2000,0.366,0.473,0.107,0.00456,early_restoration,state_only_no_t0,regimeB_v0_RS_t0,RS_derived,t0 = RS reclamation-onset proxy from NDVI trough; pre2000=left-censored; state_only=undatable in 2000-24 window,no_aml_match
MINE_US_01596,-87.313517,38.720574,0.5166,2007,17,2007,0.303,0.49,0.188,-0.0055,early_restoration,rs_t0,regimeB_v0_RS_t0,RS_derived,t0 = RS reclamation-onset proxy from NDVI trough; pre2000=left-censored; state_only=undatable in 2000-24 window,no_aml_match
MINE_US_01597,-90.465519,38.26612,0.5162,2012,12,2012,0.363,0.513,0.15,-0.00094,stable_restoration,rs_t0,regimeB_v0_RS_t0,RS_derived,t0 = RS reclamation-onset proxy from NDVI trough; pre2000=left-censored; state_only=undatable in 2000-24 window,no_aml_match
MINE_US_01598,-122.300047,40.724082,0.5153,,,2022,0.308,0.308,0.0,0.00123,early_restoration,state_only_no_t0,regimeB_v0_RS_t0,RS_derived,t0 = RS reclamation-onset proxy from NDVI trough; pre2000=left-censored; state_only=undatable in 2000-24 window,no_aml_match
MINE_US_01599,-94.641228,37.632121,0.5153,,,2011,0.352,0.386,0.034,0.00112,early_restoration,state_only_no_t0,regimeB_v0_RS_t0,RS_derived,t0 = RS reclamation-onset proxy from NDVI trough; pre2000=left-censored; state_only=undatable in 2000-24 window,no_aml_match
MINE_US_01600,-82.443619,39.138745,0.5144,pre2000,,2003,0.414,0.654,0.239,0.01142,stable_restoration,censored_pre2000,regimeB_v0_RS_t0,RS_derived,t0 = RS reclamation-onset proxy from NDVI trough; pre2000=left-censored; state_only=undatable in 2000-24 window,no_aml_match
MINE_US_01601,-87.121207,33.439084,0.5138,pre2000,,2000,0.497,0.527,0.031,-0.00061,stable_restoration,censored_pre2000,regimeB_v0_RS_t0,RS_derived,t0 = RS reclamation-onset proxy from NDVI trough; pre2000=left-censored; state_only=undatable in 2000-24 window,no_aml_match
MINE_US_01602,-111.784174,34.536196,0.5134,,,2003,0.079,0.106,0.027,0.00111,degraded,state_only_no_t0,regimeB_v0_RS_t0,RS_derived,t0 = RS reclamation-onset proxy from NDVI trough; pre2000=left-censored; state_only=undatable in 2000-24 window,no_aml_match
MINE_US_01603,-88.829813,37.889036,0.5131,,,2011,0.341,0.499,0.158,0.00477,early_restoration,state_only_no_t0,regimeB_v0_RS_t0,RS_derived,t0 = RS reclamation-onset proxy from NDVI trough; pre2000=left-censored; state_only=undatable in 2000-24 window,no_aml_match
MINE_US_01604,-78.548746,41.202604,0.5123,pre2000,,2012,0.441,0.513,0.072,-0.00697,stable_restoration,censored_pre2000,regimeB_v0_RS_t0,RS_derived,t0 = RS reclamation-onset proxy from NDVI trough; pre2000=left-censored; state_only=undatable in 2000-24 window,aml_listed_not_complete
MINE_US_01605,-100.525676,28.803746,0.5116,2011,13,2011,0.141,0.274,0.133,-0.00617,early_restoration,rs_t0,regimeB_v0_RS_t0,RS_derived,t0 = RS reclamation-onset proxy from NDVI trough; pre2000=left-censored; state_only=undatable in 2000-24 window,no_aml_match
MINE_US_01606,-78.788461,40.240625,0.5112,,,2013,0.374,0.474,0.1,-0.01874,early_restoration,state_only_no_t0,regimeB_v0_RS_t0,RS_derived,t0 = RS reclamation-onset proxy from NDVI trough; pre2000=left-censored; state_only=undatable in 2000-24 window,no_aml_match
MINE_US_01607,-82.953115,38.041102,0.5104,2014,10,2014,0.555,0.749,0.194,-0.00707,stable_restoration,rs_t0,regimeB_v0_RS_t0,RS_derived,t0 = RS reclamation-onset proxy from NDVI trough; pre2000=left-censored; state_only=undatable in 2000-24 window,no_aml_match
MINE_US_01608,-82.16474,37.275628,0.5102,2017,7,2017,0.339,0.568,0.229,-0.02086,stable_restoration,rs_t0,regimeB_v0_RS_t0,RS_derived,t0 = RS reclamation-onset proxy from NDVI trough; pre2000=left-censored; state_only=undatable in 2000-24 window,no_aml_match
MINE_US_01609,-108.282117,35.547712,0.5101,,,2001,0.168,0.222,0.054,0.00161,early_restoration,state_only_no_t0,regimeB_v0_RS_t0,RS_derived,t0 = RS reclamation-onset proxy from NDVI trough; pre2000=left-censored; state_only=undatable in 2000-24 window,no_aml_match
MINE_US_01610,-105.42585,31.258417,0.5081,,,2012,0.038,0.074,0.036,-0.00128,degraded,state_only_no_t0,regimeB_v0_RS_t0,RS_derived,t0 = RS reclamation-onset proxy from NDVI trough; pre2000=left-censored; state_only=undatable in 2000-24 window,no_aml_match
MINE_US_01611,-80.673083,40.309447,0.5072,,,2024,0.404,0.441,0.037,0.00219,early_restoration,state_only_no_t0,regimeB_v0_RS_t0,RS_derived,t0 = RS reclamation-onset proxy from NDVI trough; pre2000=left-censored; state_only=undatable in 2000-24 window,no_aml_match
MINE_US_01612,-80.861687,40.51237,0.5058,2012,12,2012,0.359,0.731,0.372,-0.00903,stable_restoration,rs_t0,regimeB_v0_RS_t0,RS_derived,t0 = RS reclamation-onset proxy from NDVI trough; pre2000=left-censored; state_only=undatable in 2000-24 window,no_aml_match
MINE_US_01613,-82.49043,38.976612,0.5056,2009,15,2009,0.393,0.801,0.409,0.01035,stable_restoration,rs_t0,regimeB_v0_RS_t0,RS_derived,t0 = RS reclamation-onset proxy from NDVI trough; pre2000=left-censored; state_only=undatable in 2000-24 window,no_aml_match
MINE_US_01614,-79.065206,39.799718,0.5054,2013,11,2013,0.329,0.601,0.272,-0.0111,stable_restoration,rs_t0,regimeB_v0_RS_t0,RS_derived,t0 = RS reclamation-onset proxy from NDVI trough; pre2000=left-censored; state_only=undatable in 2000-24 window,aml_listed_not_complete
MINE_US_01615,-78.890179,40.125903,0.5052,2014,10,2014,0.44,0.683,0.243,-0.01049,stable_restoration,rs_t0,regimeB_v0_RS_t0,RS_derived,t0 = RS reclamation-onset proxy from NDVI trough; pre2000=left-censored; state_only=undatable in 2000-24 window,aml_listed_not_complete
MINE_US_01616,-109.852934,32.326329,0.5049,,,2000,0.079,0.138,0.059,0.0023,degraded,state_only_no_t0,regimeB_v0_RS_t0,RS_derived,t0 = RS reclamation-onset proxy from NDVI trough; pre2000=left-censored; state_only=undatable in 2000-24 window,no_aml_match
MINE_US_01617,-79.034033,40.948123,0.5046,2015,9,2015,0.381,0.584,0.204,-0.01351,stable_restoration,rs_t0,regimeB_v0_RS_t0,RS_derived,t0 = RS reclamation-onset proxy from NDVI trough; pre2000=left-censored; state_only=undatable in 2000-24 window,aml_listed_not_complete
MINE_US_01618,-79.539022,40.012119,0.5046,pre2000,,2005,0.464,0.558,0.094,0.0038,stable_restoration,censored_pre2000,regimeB_v0_RS_t0,RS_derived,t0 = RS reclamation-onset proxy from NDVI trough; pre2000=left-censored; state_only=undatable in 2000-24 window,no_aml_match
MINE_US_01619,-87.297902,33.267372,0.5044,,,2000,0.283,0.488,0.205,0.00733,early_restoration,state_only_no_t0,regimeB_v0_RS_t0,RS_derived,t0 = RS reclamation-onset proxy from NDVI trough; pre2000=left-censored; state_only=undatable in 2000-24 window,no_aml_match
MINE_US_01620,-79.302859,39.209208,0.5044,2004,20,2004,0.275,0.545,0.27,0.00169,stable_restoration,rs_t0,regimeB_v0_RS_t0,RS_derived,t0 = RS reclamation-onset proxy from NDVI trough; pre2000=left-censored; state_only=undatable in 2000-24 window,no_aml_match
MINE_US_01621,-82.616828,38.172441,0.5043,,,2004,0.273,0.433,0.161,0.00552,early_restoration,state_only_no_t0,regimeB_v0_RS_t0,RS_derived,t0 = RS reclamation-onset proxy from NDVI trough; pre2000=left-censored; state_only=undatable in 2000-24 window,no_aml_match
MINE_US_01622,-79.283426,39.183087,0.504,pre2000,,2000,0.22,0.536,0.316,0.01111,stable_restoration,censored_pre2000,regimeB_v0_RS_t0,RS_derived,t0 = RS reclamation-onset proxy from NDVI trough; pre2000=left-censored; state_only=undatable in 2000-24 window,no_aml_match
MINE_US_01623,-84.198892,36.31018,0.5036,,,2019,0.362,0.39,0.029,-0.00488,early_restoration,state_only_no_t0,regimeB_v0_RS_t0,RS_derived,t0 = RS reclamation-onset proxy from NDVI trough; pre2000=left-censored; state_only=undatable in 2000-24 window,no_aml_match
MINE_US_01624,-76.128034,41.261425,0.5034,pre2000,,2000,0.543,0.638,0.095,0.00151,stable_restoration,censored_pre2000,regimeB_v0_RS_t0,RS_derived,t0 = RS reclamation-onset proxy from NDVI trough; pre2000=left-censored; state_only=undatable in 2000-24 window,no_aml_match
MINE_US_01625,-87.078717,37.161281,0.5031,2009,15,2009,0.351,0.722,0.371,-0.00498,stable_restoration,rs_t0,regimeB_v0_RS_t0,RS_derived,t0 = RS reclamation-onset proxy from NDVI trough; pre2000=left-censored; state_only=undatable in 2000-24 window,no_aml_match
MINE_US_01626,-108.448874,36.796082,0.5031,,,2000,-0.014,0.09,0.104,0.00168,degraded,state_only_no_t0,regimeB_v0_RS_t0,RS_derived,t0 = RS reclamation-onset proxy from NDVI trough; pre2000=left-censored; state_only=undatable in 2000-24 window,no_aml_match
MINE_US_01627,-81.463136,37.339553,0.5018,2015,9,2015,0.502,0.774,0.272,-0.00915,stable_restoration,rs_t0,regimeB_v0_RS_t0,RS_derived,t0 = RS reclamation-onset proxy from NDVI trough; pre2000=left-censored; state_only=undatable in 2000-24 window,no_aml_match
MINE_US_01628,-82.177424,37.427224,0.5008,2011,13,2011,0.525,0.816,0.291,-0.0053,stable_restoration,rs_t0,regimeB_v0_RS_t0,RS_derived,t0 = RS reclamation-onset proxy from NDVI trough; pre2000=left-censored; state_only=undatable in 2000-24 window,no_aml_match
MINE_US_01629,-98.212967,28.578637,0.5002,,,2016,0.166,0.25,0.084,-0.01611,early_restoration,state_only_no_t0,regimeB_v0_RS_t0,RS_derived,t0 = RS reclamation-onset proxy from NDVI trough; pre2000=left-censored; state_only=undatable in 2000-24 window,no_aml_match
MINE_US_01630,-80.90885,40.297447,0.4994,2015,9,2015,0.264,0.765,0.501,-0.00756,stable_restoration,rs_t0,regimeB_v0_RS_t0,RS_derived,t0 = RS reclamation-onset proxy from NDVI trough; pre2000=left-censored; state_only=undatable in 2000-24 window,no_aml_match
MINE_US_01631,-81.481687,37.504783,0.4982,pre2000,,2000,0.196,0.53,0.334,0.00646,stable_restoration,censored_pre2000,regimeB_v0_RS_t0,RS_derived,t0 = RS reclamation-onset proxy from NDVI trough; pre2000=left-censored; state_only=undatable in 2000-24 window,no_aml_match
MINE_US_01632,-108.589206,38.279176,0.4981,,,2012,0.162,0.234,0.071,-0.0089,early_restoration,state_only_no_t0,regimeB_v0_RS_t0,RS_derived,t0 = RS reclamation-onset proxy from NDVI trough; pre2000=left-censored; state_only=undatable in 2000-24 window,no_aml_match
MINE_US_01633,-107.468603,38.932246,0.498,,,2003,0.301,0.408,0.107,0.00373,early_restoration,state_only_no_t0,regimeB_v0_RS_t0,RS_derived,t0 = RS reclamation-onset proxy from NDVI trough; pre2000=left-censored; state_only=undatable in 2000-24 window,no_aml_match
MINE_US_01634,-110.690668,32.891861,0.4979,,,2001,0.085,0.155,0.069,0.00296,degraded,state_only_no_t0,regimeB_v0_RS_t0,RS_derived,t0 = RS reclamation-onset proxy from NDVI trough; pre2000=left-censored; state_only=undatable in 2000-24 window,no_aml_match
MINE_US_01635,-87.38609,38.395034,0.497,2006,18,2006,0.324,0.467,0.144,-0.00259,relapse_degradation,rs_t0,regimeB_v0_RS_t0,RS_derived,t0 = RS reclamation-onset proxy from NDVI trough; pre2000=left-censored; state_only=undatable in 2000-24 window,no_aml_match
MINE_US_01636,-81.254817,37.77715,0.4962,,,2024,0.445,0.449,0.003,-0.0223,early_restoration,state_only_no_t0,regimeB_v0_RS_t0,RS_derived,t0 = RS reclamation-onset proxy from NDVI trough; pre2000=left-censored; state_only=undatable in 2000-24 window,no_aml_match
MINE_US_01637,-83.420091,36.982598,0.4961,2014,10,2014,0.365,0.636,0.271,0.00494,stable_restoration,rs_t0,regimeB_v0_RS_t0,RS_derived,t0 = RS reclamation-onset proxy from NDVI trough; pre2000=left-censored; state_only=undatable in 2000-24 window,no_aml_match
MINE_US_01638,-116.365536,39.803193,0.4952,,,2000,0.143,0.207,0.064,0.0027,degraded,state_only_no_t0,regimeB_v0_RS_t0,RS_derived,t0 = RS reclamation-onset proxy from NDVI trough; pre2000=left-censored; state_only=undatable in 2000-24 window,no_aml_match
MINE_US_01639,-112.076049,40.571283,0.4949,,,2011,0.119,0.177,0.058,0.0023,degraded,state_only_no_t0,regimeB_v0_RS_t0,RS_derived,t0 = RS reclamation-onset proxy from NDVI trough; pre2000=left-censored; state_only=undatable in 2000-24 window,no_aml_match
MINE_US_01640,-110.448166,39.534982,0.4946,,,2006,0.132,0.191,0.059,0.00033,degraded,state_only_no_t0,regimeB_v0_RS_t0,RS_derived,t0 = RS reclamation-onset proxy from NDVI trough; pre2000=left-censored; state_only=undatable in 2000-24 window,no_aml_match
MINE_US_01641,-106.943099,38.525202,0.4945,,,2007,0.182,0.244,0.062,0.00237,early_restoration,state_only_no_t0,regimeB_v0_RS_t0,RS_derived,t0 = RS reclamation-onset proxy from NDVI trough; pre2000=left-censored; state_only=undatable in 2000-24 window,no_aml_match
MINE_US_01642,-116.782481,37.779416,0.4944,,,2003,0.052,0.082,0.03,0.00128,degraded,state_only_no_t0,regimeB_v0_RS_t0,RS_derived,t0 = RS reclamation-onset proxy from NDVI trough; pre2000=left-censored; state_only=undatable in 2000-24 window,no_aml_match
MINE_US_01643,-115.980719,34.118759,0.4941,,,2002,0.038,0.052,0.014,0.00062,degraded,state_only_no_t0,regimeB_v0_RS_t0,RS_derived,t0 = RS reclamation-onset proxy from NDVI trough; pre2000=left-censored; state_only=undatable in 2000-24 window,no_aml_match
MINE_US_01644,-115.301746,35.709416,0.4938,,,2007,0.072,0.086,0.015,0.0004,degraded,state_only_no_t0,regimeB_v0_RS_t0,RS_derived,t0 = RS reclamation-onset proxy from NDVI trough; pre2000=left-censored; state_only=undatable in 2000-24 window,no_aml_match
MINE_US_01645,-84.064884,36.817612,0.4935,2017,7,2017,0.465,0.698,0.234,-0.0075,stable_restoration,rs_t0,regimeB_v0_RS_t0,RS_derived,t0 = RS reclamation-onset proxy from NDVI trough; pre2000=left-censored; state_only=undatable in 2000-24 window,no_aml_match
MINE_US_01646,-121.003122,38.369987,0.493,,,2013,0.093,0.099,0.005,-0.00209,degraded,state_only_no_t0,regimeB_v0_RS_t0,RS_derived,t0 = RS reclamation-onset proxy from NDVI trough; pre2000=left-censored; state_only=undatable in 2000-24 window,no_aml_match
MINE_US_01647,-76.213525,40.83639,0.489,2008,16,2008,0.621,0.751,0.13,0.00115,stable_restoration,rs_t0,regimeB_v0_RS_t0,RS_derived,t0 = RS reclamation-onset proxy from NDVI trough; pre2000=left-censored; state_only=undatable in 2000-24 window,aml_listed_not_complete
MINE_US_01648,-112.471483,33.914903,0.4877,,,2006,0.111,0.134,0.023,0.00053,degraded,state_only_no_t0,regimeB_v0_RS_t0,RS_derived,t0 = RS reclamation-onset proxy from NDVI trough; pre2000=left-censored; state_only=undatable in 2000-24 window,no_aml_match
MINE_US_01649,-120.190472,47.380614,0.4877,,,2000,0.144,0.198,0.054,0.0021,degraded,state_only_no_t0,regimeB_v0_RS_t0,RS_derived,t0 = RS reclamation-onset proxy from NDVI trough; pre2000=left-censored; state_only=undatable in 2000-24 window,no_aml_match
MINE_US_01650,-116.738074,40.534076,0.487,,,2002,0.086,0.152,0.066,0.00265,degraded,state_only_no_t0,regimeB_v0_RS_t0,RS_derived,t0 = RS reclamation-onset proxy from NDVI trough; pre2000=left-censored; state_only=undatable in 2000-24 window,no_aml_match
MINE_US_01651,-117.785042,44.705082,0.4842,,,2002,0.16,0.195,0.035,0.00093,degraded,state_only_no_t0,regimeB_v0_RS_t0,RS_derived,t0 = RS reclamation-onset proxy from NDVI trough; pre2000=left-censored; state_only=undatable in 2000-24 window,no_aml_match
MINE_US_01652,-112.042426,46.707782,0.4834,,,2016,0.133,0.161,0.028,-0.00062,degraded,state_only_no_t0,regimeB_v0_RS_t0,RS_derived,t0 = RS reclamation-onset proxy from NDVI trough; pre2000=left-censored; state_only=undatable in 2000-24 window,no_aml_match
MINE_US_01653,-78.721733,41.038952,0.4818,2014,10,2014,0.525,0.66,0.135,-0.00892,stable_restoration,rs_t0,regimeB_v0_RS_t0,RS_derived,t0 = RS reclamation-onset proxy from NDVI trough; pre2000=left-censored; state_only=undatable in 2000-24 window,aml_listed_not_complete
MINE_US_01654,-87.107131,39.393382,0.481,pre2000,,2020,0.479,0.509,0.031,-0.00578,stable_restoration,censored_pre2000,regimeB_v0_RS_t0,RS_derived,t0 = RS reclamation-onset proxy from NDVI trough; pre2000=left-censored; state_only=undatable in 2000-24 window,no_aml_match
MINE_US_01655,-117.406263,36.160554,0.481,,,2001,0.027,0.051,0.024,0.00075,degraded,state_only_no_t0,regimeB_v0_RS_t0,RS_derived,t0 = RS reclamation-onset proxy from NDVI trough; pre2000=left-censored; state_only=undatable in 2000-24 window,no_aml_match
MINE_US_01656,-115.463869,43.341126,0.4805,,,2000,0.254,0.361,0.106,0.00362,early_restoration,state_only_no_t0,regimeB_v0_RS_t0,RS_derived,t0 = RS reclamation-onset proxy from NDVI trough; pre2000=left-censored; state_only=undatable in 2000-24 window,no_aml_match
MINE_US_01657,-112.346703,38.982448,0.4799,,,2002,0.142,0.151,0.009,-0.00014,degraded,state_only_no_t0,regimeB_v0_RS_t0,RS_derived,t0 = RS reclamation-onset proxy from NDVI trough; pre2000=left-censored; state_only=undatable in 2000-24 window,no_aml_match
MINE_US_01658,-82.21835,36.844191,0.4785,pre2000,,2016,0.503,0.526,0.023,-0.00987,stable_restoration,censored_pre2000,regimeB_v0_RS_t0,RS_derived,t0 = RS reclamation-onset proxy from NDVI trough; pre2000=left-censored; state_only=undatable in 2000-24 window,no_aml_match
MINE_US_01659,-116.529493,40.746984,0.4779,,,2007,0.067,0.131,0.064,-0.00014,degraded,state_only_no_t0,regimeB_v0_RS_t0,RS_derived,t0 = RS reclamation-onset proxy from NDVI trough; pre2000=left-censored; state_only=undatable in 2000-24 window,no_aml_match
MINE_US_01660,-120.51187,37.897088,0.4776,,,2007,0.087,0.118,0.031,-0.00016,degraded,state_only_no_t0,regimeB_v0_RS_t0,RS_derived,t0 = RS reclamation-onset proxy from NDVI trough; pre2000=left-censored; state_only=undatable in 2000-24 window,no_aml_match
MINE_US_01661,-105.850505,39.741704,0.4745,,,2002,0.39,0.5,0.11,0.00452,early_restoration,state_only_no_t0,regimeB_v0_RS_t0,RS_derived,t0 = RS reclamation-onset proxy from NDVI trough; pre2000=left-censored; state_only=undatable in 2000-24 window,no_aml_match
MINE_US_01662,-84.245569,36.374502,0.4744,,,2001,0.402,0.467,0.065,-0.0012,early_restoration,state_only_no_t0,regimeB_v0_RS_t0,RS_derived,t0 = RS reclamation-onset proxy from NDVI trough; pre2000=left-censored; state_only=undatable in 2000-24 window,no_aml_match
MINE_US_01663,-113.217717,39.722422,0.4741,,,2000,0.037,0.078,0.041,0.00173,degraded,state_only_no_t0,regimeB_v0_RS_t0,RS_derived,t0 = RS reclamation-onset proxy from NDVI trough; pre2000=left-censored; state_only=undatable in 2000-24 window,no_aml_match
MINE_US_01664,-94.793526,35.105776,0.4741,,,2011,0.392,0.461,0.069,-0.00264,early_restoration,state_only_no_t0,regimeB_v0_RS_t0,RS_derived,t0 = RS reclamation-onset proxy from NDVI trough; pre2000=left-censored; state_only=undatable in 2000-24 window,no_aml_match
MINE_US_01665,-105.462397,44.389713,0.4734,,,2009,0.134,0.196,0.062,-0.00022,degraded,state_only_no_t0,regimeB_v0_RS_t0,RS_derived,t0 = RS reclamation-onset proxy from NDVI trough; pre2000=left-censored; state_only=undatable in 2000-24 window,no_aml_match
MINE_US_01666,-115.478306,40.001068,0.4729,,,2007,0.119,0.177,0.058,0.00161,degraded,state_only_no_t0,regimeB_v0_RS_t0,RS_derived,t0 = RS reclamation-onset proxy from NDVI trough; pre2000=left-censored; state_only=undatable in 2000-24 window,no_aml_match
MINE_US_01667,-75.81604,40.247038,0.4718,,,2010,0.355,0.372,0.017,-0.00989,early_restoration,state_only_no_t0,regimeB_v0_RS_t0,RS_derived,t0 = RS reclamation-onset proxy from NDVI trough; pre2000=left-censored; state_only=undatable in 2000-24 window,no_aml_match
MINE_US_01668,-76.330119,40.674888,0.4712,2018,6,2018,0.543,0.671,0.128,-0.00472,stable_restoration,rs_t0,regimeB_v0_RS_t0,RS_derived,t0 = RS reclamation-onset proxy from NDVI trough; pre2000=left-censored; state_only=undatable in 2000-24 window,aml_listed_not_complete
MINE_US_01669,-113.791608,35.185144,0.4712,,,2021,0.089,0.092,0.002,-0.0015,degraded,state_only_no_t0,regimeB_v0_RS_t0,RS_derived,t0 = RS reclamation-onset proxy from NDVI trough; pre2000=left-censored; state_only=undatable in 2000-24 window,no_aml_match
MINE_US_01670,-113.06064,38.463658,0.4707,,,2007,0.056,0.089,0.032,0.0009,degraded,state_only_no_t0,regimeB_v0_RS_t0,RS_derived,t0 = RS reclamation-onset proxy from NDVI trough; pre2000=left-censored; state_only=undatable in 2000-24 window,no_aml_match
MINE_US_01671,-116.94166,34.382292,0.4698,,,2003,0.049,0.083,0.034,0.00121,degraded,state_only_no_t0,regimeB_v0_RS_t0,RS_derived,t0 = RS reclamation-onset proxy from NDVI trough; pre2000=left-censored; state_only=undatable in 2000-24 window,no_aml_match
MINE_US_01672,-118.092021,44.876717,0.469,,,2007,0.403,0.476,0.074,0.00299,early_restoration,state_only_no_t0,regimeB_v0_RS_t0,RS_derived,t0 = RS reclamation-onset proxy from NDVI trough; pre2000=left-censored; state_only=undatable in 2000-24 window,no_aml_match
MINE_US_01673,-76.370075,40.640437,0.4678,2010,14,2010,0.464,0.638,0.173,0.00416,stable_restoration,rs_t0,regimeB_v0_RS_t0,RS_derived,t0 = RS reclamation-onset proxy from NDVI trough; pre2000=left-censored; state_only=undatable in 2000-24 window,aml_listed_not_complete
MINE_US_01674,-84.057133,36.922464,0.4676,pre2000,,2022,0.559,0.562,0.003,0.00042,stable_restoration,censored_pre2000,regimeB_v0_RS_t0,RS_derived,t0 = RS reclamation-onset proxy from NDVI trough; pre2000=left-censored; state_only=undatable in 2000-24 window,no_aml_match
MINE_US_01675,-108.267191,32.706341,0.4676,,,2012,0.118,0.166,0.048,0.0007,degraded,state_only_no_t0,regimeB_v0_RS_t0,RS_derived,t0 = RS reclamation-onset proxy from NDVI trough; pre2000=left-censored; state_only=undatable in 2000-24 window,no_aml_match
MINE_US_01676,-112.077529,40.649229,0.4675,,,2001,0.146,0.22,0.074,0.00376,early_restoration,state_only_no_t0,regimeB_v0_RS_t0,RS_derived,t0 = RS reclamation-onset proxy from NDVI trough; pre2000=left-censored; state_only=undatable in 2000-24 window,no_aml_match
MINE_US_01677,-119.710872,39.412079,0.4674,,,2002,0.075,0.089,0.014,0.00034,degraded,state_only_no_t0,regimeB_v0_RS_t0,RS_derived,t0 = RS reclamation-onset proxy from NDVI trough; pre2000=left-censored; state_only=undatable in 2000-24 window,no_aml_match
MINE_US_01678,-79.927678,39.711983,0.4672,2008,16,2008,0.362,0.466,0.104,-0.00182,early_restoration,rs_t0,regimeB_v0_RS_t0,RS_derived,t0 = RS reclamation-onset proxy from NDVI trough; pre2000=left-censored; state_only=undatable in 2000-24 window,no_aml_match
MINE_US_01679,-109.457904,38.487326,0.4668,,,2001,0.113,0.139,0.026,0.0007,degraded,state_only_no_t0,regimeB_v0_RS_t0,RS_derived,t0 = RS reclamation-onset proxy from NDVI trough; pre2000=left-censored; state_only=undatable in 2000-24 window,no_aml_match
MINE_US_01680,-108.611465,47.920959,0.4664,,,2000,0.076,0.248,0.173,0.00858,early_restoration,state_only_no_t0,regimeB_v0_RS_t0,RS_derived,t0 = RS reclamation-onset proxy from NDVI trough; pre2000=left-censored; state_only=undatable in 2000-24 window,no_aml_match
MINE_US_01681,-87.211021,37.078202,0.4663,,,2020,0.321,0.363,0.042,-0.01082,early_restoration,state_only_no_t0,regimeB_v0_RS_t0,RS_derived,t0 = RS reclamation-onset proxy from NDVI trough; pre2000=left-censored; state_only=undatable in 2000-24 window,no_aml_match
MINE_US_01682,-83.11537,37.592062,0.4659,pre2000,,2024,0.53,0.578,0.048,-0.01062,stable_restoration,censored_pre2000,regimeB_v0_RS_t0,RS_derived,t0 = RS reclamation-onset proxy from NDVI trough; pre2000=left-censored; state_only=undatable in 2000-24 window,no_aml_match
MINE_US_01683,-112.296089,46.745933,0.4645,2011,13,2011,0.517,0.629,0.111,0.00101,stable_restoration,rs_t0,regimeB_v0_RS_t0,RS_derived,t0 = RS reclamation-onset proxy from NDVI trough; pre2000=left-censored; state_only=undatable in 2000-24 window,no_aml_match
MINE_US_01684,-87.54636,33.887692,0.4639,2018,6,2018,0.385,0.555,0.171,-0.01512,stable_restoration,rs_t0,regimeB_v0_RS_t0,RS_derived,t0 = RS reclamation-onset proxy from NDVI trough; pre2000=left-censored; state_only=undatable in 2000-24 window,no_aml_match
MINE_US_01685,-81.610528,37.594734,0.4638,2011,13,2011,0.571,0.73,0.159,-0.00163,stable_restoration,rs_t0,regimeB_v0_RS_t0,RS_derived,t0 = RS reclamation-onset proxy from NDVI trough; pre2000=left-censored; state_only=undatable in 2000-24 window,no_aml_match
MINE_US_01686,-76.103338,40.710787,0.4632,2007,17,2007,0.571,0.783,0.213,0.00509,stable_restoration,rs_t0,regimeB_v0_RS_t0,RS_derived,t0 = RS reclamation-onset proxy from NDVI trough; pre2000=left-censored; state_only=undatable in 2000-24 window,aml_listed_not_complete
MINE_US_01687,-83.222536,37.557715,0.4631,2014,10,2014,0.484,0.784,0.3,-0.00472,stable_restoration,rs_t0,regimeB_v0_RS_t0,RS_derived,t0 = RS reclamation-onset proxy from NDVI trough; pre2000=left-censored; state_only=undatable in 2000-24 window,no_aml_match
MINE_US_01688,-81.585715,40.527194,0.4628,2007,17,2007,0.309,0.564,0.255,0.00252,stable_restoration,rs_t0,regimeB_v0_RS_t0,RS_derived,t0 = RS reclamation-onset proxy from NDVI trough; pre2000=left-censored; state_only=undatable in 2000-24 window,no_aml_match
MINE_US_01689,-80.957029,40.381199,0.4622,2012,12,2012,0.287,0.603,0.316,-0.0038,stable_restoration,rs_t0,regimeB_v0_RS_t0,RS_derived,t0 = RS reclamation-onset proxy from NDVI trough; pre2000=left-censored; state_only=undatable in 2000-24 window,no_aml_match
MINE_US_01690,-116.699867,40.311976,0.4615,,,2000,0.092,0.125,0.033,0.0015,degraded,state_only_no_t0,regimeB_v0_RS_t0,RS_derived,t0 = RS reclamation-onset proxy from NDVI trough; pre2000=left-censored; state_only=undatable in 2000-24 window,no_aml_match
MINE_US_01691,-105.863759,42.912135,0.4614,,,2005,0.17,0.228,0.058,0.00195,early_restoration,state_only_no_t0,regimeB_v0_RS_t0,RS_derived,t0 = RS reclamation-onset proxy from NDVI trough; pre2000=left-censored; state_only=undatable in 2000-24 window,no_aml_match
MINE_US_01692,-79.694528,39.405605,0.4612,pre2000,,2020,0.517,0.528,0.011,-0.01367,stable_restoration,censored_pre2000,regimeB_v0_RS_t0,RS_derived,t0 = RS reclamation-onset proxy from NDVI trough; pre2000=left-censored; state_only=undatable in 2000-24 window,no_aml_match
MINE_US_01693,-81.78227,37.229385,0.461,2014,10,2014,0.636,0.844,0.208,-0.00367,stable_restoration,rs_t0,regimeB_v0_RS_t0,RS_derived,t0 = RS reclamation-onset proxy from NDVI trough; pre2000=left-censored; state_only=undatable in 2000-24 window,no_aml_match
MINE_US_01694,-76.302516,40.703803,0.4605,pre2000,,2002,0.681,0.847,0.166,0.00685,stable_restoration,censored_pre2000,regimeB_v0_RS_t0,RS_derived,t0 = RS reclamation-onset proxy from NDVI trough; pre2000=left-censored; state_only=undatable in 2000-24 window,aml_listed_not_complete
MINE_US_01695,-81.877912,33.586902,0.4598,,,2018,0.28,0.298,0.018,-0.003,early_restoration,state_only_no_t0,regimeB_v0_RS_t0,RS_derived,t0 = RS reclamation-onset proxy from NDVI trough; pre2000=left-censored; state_only=undatable in 2000-24 window,no_aml_match
MINE_US_01696,-87.447742,37.312183,0.457,,,2001,0.162,0.499,0.337,0.0098,early_restoration,state_only_no_t0,regimeB_v0_RS_t0,RS_derived,t0 = RS reclamation-onset proxy from NDVI trough; pre2000=left-censored; state_only=undatable in 2000-24 window,no_aml_match
MINE_US_01697,-79.30804,40.69417,0.457,pre2000,,2016,0.505,0.564,0.059,-0.00284,stable_restoration,censored_pre2000,regimeB_v0_RS_t0,RS_derived,t0 = RS reclamation-onset proxy from NDVI trough; pre2000=left-censored; state_only=undatable in 2000-24 window,aml_listed_not_complete
MINE_US_01698,-117.809764,41.388026,0.4567,,,2012,0.176,0.228,0.052,0.00154,early_restoration,state_only_no_t0,regimeB_v0_RS_t0,RS_derived,t0 = RS reclamation-onset proxy from NDVI trough; pre2000=left-censored; state_only=undatable in 2000-24 window,no_aml_match
MINE_US_01699,-112.062674,40.610857,0.4556,,,2011,0.145,0.193,0.048,0.00183,degraded,state_only_no_t0,regimeB_v0_RS_t0,RS_derived,t0 = RS reclamation-onset proxy from NDVI trough; pre2000=left-censored; state_only=undatable in 2000-24 window,no_aml_match
MINE_US_01700,-81.699677,37.079544,0.4533,,,2003,0.302,0.383,0.08,0.00317,early_restoration,state_only_no_t0,regimeB_v0_RS_t0,RS_derived,t0 = RS reclamation-onset proxy from NDVI trough; pre2000=left-censored; state_only=undatable in 2000-24 window,no_aml_match
MINE_US_01701,-87.185081,38.335324,0.453,2011,13,2011,0.417,0.759,0.342,-0.00184,stable_restoration,rs_t0,regimeB_v0_RS_t0,RS_derived,t0 = RS reclamation-onset proxy from NDVI trough; pre2000=left-censored; state_only=undatable in 2000-24 window,no_aml_match
MINE_US_01702,-78.949855,40.702637,0.4525,2009,15,2009,0.452,0.704,0.253,-0.00396,stable_restoration,rs_t0,regimeB_v0_RS_t0,RS_derived,t0 = RS reclamation-onset proxy from NDVI trough; pre2000=left-censored; state_only=undatable in 2000-24 window,aml_listed_not_complete
MINE_US_01703,-94.798864,35.090027,0.4514,,,2011,0.411,0.446,0.036,-0.00926,early_restoration,state_only_no_t0,regimeB_v0_RS_t0,RS_derived,t0 = RS reclamation-onset proxy from NDVI trough; pre2000=left-censored; state_only=undatable in 2000-24 window,no_aml_match
MINE_US_01704,-118.783826,37.686199,0.4489,,,2000,0.094,0.143,0.048,0.00177,degraded,state_only_no_t0,regimeB_v0_RS_t0,RS_derived,t0 = RS reclamation-onset proxy from NDVI trough; pre2000=left-censored; state_only=undatable in 2000-24 window,no_aml_match
MINE_US_01705,-81.713587,38.118333,0.4487,2017,7,2017,0.436,0.537,0.101,-0.00755,stable_restoration,rs_t0,regimeB_v0_RS_t0,RS_derived,t0 = RS reclamation-onset proxy from NDVI trough; pre2000=left-censored; state_only=undatable in 2000-24 window,no_aml_match
MINE_US_01706,-111.968448,46.544256,0.4474,,,2008,0.055,0.078,0.023,0.00061,degraded,state_only_no_t0,regimeB_v0_RS_t0,RS_derived,t0 = RS reclamation-onset proxy from NDVI trough; pre2000=left-censored; state_only=undatable in 2000-24 window,no_aml_match
MINE_US_01707,-114.383357,35.050743,0.4474,,,2003,0.091,0.123,0.032,0.00093,degraded,state_only_no_t0,regimeB_v0_RS_t0,RS_derived,t0 = RS reclamation-onset proxy from NDVI trough; pre2000=left-censored; state_only=undatable in 2000-24 window,no_aml_match
MINE_US_01708,-113.573244,43.591521,0.4473,,,2007,0.105,0.17,0.065,0.00285,degraded,state_only_no_t0,regimeB_v0_RS_t0,RS_derived,t0 = RS reclamation-onset proxy from NDVI trough; pre2000=left-censored; state_only=undatable in 2000-24 window,no_aml_match
MINE_US_01709,-79.960401,39.33252,0.4465,2011,13,2011,0.484,0.592,0.108,-0.01287,stable_restoration,rs_t0,regimeB_v0_RS_t0,RS_derived,t0 = RS reclamation-onset proxy from NDVI trough; pre2000=left-censored; state_only=undatable in 2000-24 window,no_aml_match
MINE_US_01710,-97.050196,30.567083,0.4463,2011,13,2011,0.124,0.287,0.163,-0.00997,early_restoration,rs_t0,regimeB_v0_RS_t0,RS_derived,t0 = RS reclamation-onset proxy from NDVI trough; pre2000=left-censored; state_only=undatable in 2000-24 window,no_aml_match
MINE_US_01711,-80.284336,38.915857,0.4451,2008,16,2008,0.597,0.787,0.19,0.00637,stable_restoration,rs_t0,regimeB_v0_RS_t0,RS_derived,t0 = RS reclamation-onset proxy from NDVI trough; pre2000=left-censored; state_only=undatable in 2000-24 window,no_aml_match
MINE_US_01712,-107.058679,44.941526,0.4449,,,2003,0.15,0.298,0.148,0.00671,early_restoration,state_only_no_t0,regimeB_v0_RS_t0,RS_derived,t0 = RS reclamation-onset proxy from NDVI trough; pre2000=left-censored; state_only=undatable in 2000-24 window,no_aml_match
MINE_US_01713,-83.810727,36.62648,0.4439,,,2018,0.406,0.475,0.069,-0.00511,early_restoration,state_only_no_t0,regimeB_v0_RS_t0,RS_derived,t0 = RS reclamation-onset proxy from NDVI trough; pre2000=left-censored; state_only=undatable in 2000-24 window,no_aml_match
MINE_US_01714,-97.851978,28.560409,0.4432,2012,12,2012,0.001,0.158,0.157,-0.02988,early_restoration,rs_t0,regimeB_v0_RS_t0,RS_derived,t0 = RS reclamation-onset proxy from NDVI trough; pre2000=left-censored; state_only=undatable in 2000-24 window,no_aml_match
MINE_US_01715,-87.292864,38.174727,0.4427,2019,5,2019,0.228,0.563,0.335,-0.01114,stable_restoration,rs_t0,regimeB_v0_RS_t0,RS_derived,t0 = RS reclamation-onset proxy from NDVI trough; pre2000=left-censored; state_only=undatable in 2000-24 window,no_aml_match
MINE_US_01716,-81.616899,37.292292,0.4425,pre2000,,2016,0.548,0.624,0.077,-0.01523,stable_restoration,censored_pre2000,regimeB_v0_RS_t0,RS_derived,t0 = RS reclamation-onset proxy from NDVI trough; pre2000=left-censored; state_only=undatable in 2000-24 window,no_aml_match
MINE_US_01717,-117.719029,37.705475,0.4425,,,2003,0.037,0.086,0.049,0.00214,degraded,state_only_no_t0,regimeB_v0_RS_t0,RS_derived,t0 = RS reclamation-onset proxy from NDVI trough; pre2000=left-censored; state_only=undatable in 2000-24 window,no_aml_match
MINE_US_01718,-105.530644,44.43251,0.4422,,,2003,0.152,0.246,0.094,0.00393,early_restoration,state_only_no_t0,regimeB_v0_RS_t0,RS_derived,t0 = RS reclamation-onset proxy from NDVI trough; pre2000=left-censored; state_only=undatable in 2000-24 window,no_aml_match
MINE_US_01719,-87.358223,33.277619,0.442,,,2016,0.34,0.346,0.006,-0.01739,early_restoration,state_only_no_t0,regimeB_v0_RS_t0,RS_derived,t0 = RS reclamation-onset proxy from NDVI trough; pre2000=left-censored; state_only=undatable in 2000-24 window,no_aml_match
MINE_US_01720,-83.548538,37.365314,0.4412,2014,10,2014,0.676,0.808,0.132,-0.0033,stable_restoration,rs_t0,regimeB_v0_RS_t0,RS_derived,t0 = RS reclamation-onset proxy from NDVI trough; pre2000=left-censored; state_only=undatable in 2000-24 window,no_aml_match
MINE_US_01721,-106.368639,39.189745,0.4406,,,2019,0.143,0.159,0.015,-0.00229,degraded,state_only_no_t0,regimeB_v0_RS_t0,RS_derived,t0 = RS reclamation-onset proxy from NDVI trough; pre2000=left-censored; state_only=undatable in 2000-24 window,no_aml_match
MINE_US_01722,-81.467832,37.501664,0.4398,2000,24,2000,0.336,0.61,0.274,0.00455,stable_restoration,rs_t0,regimeB_v0_RS_t0,RS_derived,t0 = RS reclamation-onset proxy from NDVI trough; pre2000=left-censored; state_only=undatable in 2000-24 window,no_aml_match
MINE_US_01723,-78.803501,40.550662,0.4396,pre2000,,2000,0.342,0.521,0.179,0.00709,stable_restoration,censored_pre2000,regimeB_v0_RS_t0,RS_derived,t0 = RS reclamation-onset proxy from NDVI trough; pre2000=left-censored; state_only=undatable in 2000-24 window,aml_listed_not_complete
MINE_US_01724,-87.692832,34.008941,0.4396,2009,15,2009,0.317,0.427,0.11,-0.00176,early_restoration,rs_t0,regimeB_v0_RS_t0,RS_derived,t0 = RS reclamation-onset proxy from NDVI trough; pre2000=left-censored; state_only=undatable in 2000-24 window,no_aml_match
MINE_US_01725,-110.918599,39.650732,0.4388,,,2002,0.113,0.196,0.083,0.00286,degraded,state_only_no_t0,regimeB_v0_RS_t0,RS_derived,t0 = RS reclamation-onset proxy from NDVI trough; pre2000=left-censored; state_only=undatable in 2000-24 window,no_aml_match
MINE_US_01726,-83.86396,36.565474,0.4388,2016,8,2016,0.431,0.673,0.242,-0.01328,stable_restoration,rs_t0,regimeB_v0_RS_t0,RS_derived,t0 = RS reclamation-onset proxy from NDVI trough; pre2000=left-censored; state_only=undatable in 2000-24 window,no_aml_match
MINE_US_01727,-75.897285,40.125434,0.4382,,,2016,0.288,0.312,0.024,-0.00463,early_restoration,state_only_no_t0,regimeB_v0_RS_t0,RS_derived,t0 = RS reclamation-onset proxy from NDVI trough; pre2000=left-censored; state_only=undatable in 2000-24 window,no_aml_match
MINE_US_01728,-79.866886,35.368732,0.4381,2018,6,2018,0.384,0.528,0.143,-0.01183,stable_restoration,rs_t0,regimeB_v0_RS_t0,RS_derived,t0 = RS reclamation-onset proxy from NDVI trough; pre2000=left-censored; state_only=undatable in 2000-24 window,no_aml_match
MINE_US_01729,-80.418934,34.653197,0.4381,pre2000,,2001,0.299,0.536,0.237,0.01085,stable_restoration,censored_pre2000,regimeB_v0_RS_t0,RS_derived,t0 = RS reclamation-onset proxy from NDVI trough; pre2000=left-censored; state_only=undatable in 2000-24 window,no_aml_match
MINE_US_01730,-96.726783,31.266661,0.4371,2012,12,2012,0.247,0.349,0.102,-0.00506,early_restoration,rs_t0,regimeB_v0_RS_t0,RS_derived,t0 = RS reclamation-onset proxy from NDVI trough; pre2000=left-censored; state_only=undatable in 2000-24 window,no_aml_match
MINE_US_01731,-116.863027,34.37061,0.4369,,,2007,0.081,0.1,0.02,0.00012,degraded,state_only_no_t0,regimeB_v0_RS_t0,RS_derived,t0 = RS reclamation-onset proxy from NDVI trough; pre2000=left-censored; state_only=undatable in 2000-24 window,no_aml_match
MINE_US_01732,-112.834042,33.817583,0.4368,,,2021,0.098,0.111,0.013,-0.00064,degraded,state_only_no_t0,regimeB_v0_RS_t0,RS_derived,t0 = RS reclamation-onset proxy from NDVI trough; pre2000=left-censored; state_only=undatable in 2000-24 window,no_aml_match
MINE_US_01733,-87.172736,33.326353,0.4367,2018,6,2018,0.362,0.515,0.153,-0.01493,stable_restoration,rs_t0,regimeB_v0_RS_t0,RS_derived,t0 = RS reclamation-onset proxy from NDVI trough; pre2000=left-censored; state_only=undatable in 2000-24 window,no_aml_match
MINE_US_01734,-81.242156,40.694863,0.4367,,,2017,0.352,0.403,0.051,-0.00686,early_restoration,state_only_no_t0,regimeB_v0_RS_t0,RS_derived,t0 = RS reclamation-onset proxy from NDVI trough; pre2000=left-censored; state_only=undatable in 2000-24 window,no_aml_match
MINE_US_01735,-81.357613,40.298785,0.4366,2013,11,2013,0.419,0.764,0.345,-0.00698,stable_restoration,rs_t0,regimeB_v0_RS_t0,RS_derived,t0 = RS reclamation-onset proxy from NDVI trough; pre2000=left-censored; state_only=undatable in 2000-24 window,no_aml_match
MINE_US_01736,-79.062572,39.493851,0.4364,pre2000,,2011,0.441,0.518,0.077,-0.01427,stable_restoration,censored_pre2000,regimeB_v0_RS_t0,RS_derived,t0 = RS reclamation-onset proxy from NDVI trough; pre2000=left-censored; state_only=undatable in 2000-24 window,no_aml_match
MINE_US_01737,-78.993854,39.87814,0.4364,2011,13,2011,0.252,0.359,0.107,-0.01577,early_restoration,rs_t0,regimeB_v0_RS_t0,RS_derived,t0 = RS reclamation-onset proxy from NDVI trough; pre2000=left-censored; state_only=undatable in 2000-24 window,no_aml_match
MINE_US_01738,-116.475632,38.579737,0.4361,,,2024,-0.107,-0.008,0.099,-0.00422,degraded,state_only_no_t0,regimeB_v0_RS_t0,RS_derived,t0 = RS reclamation-onset proxy from NDVI trough; pre2000=left-censored; state_only=undatable in 2000-24 window,no_aml_match
MINE_US_01739,-114.241245,37.686382,0.4352,,,2003,0.168,0.222,0.054,0.00215,early_restoration,state_only_no_t0,regimeB_v0_RS_t0,RS_derived,t0 = RS reclamation-onset proxy from NDVI trough; pre2000=left-censored; state_only=undatable in 2000-24 window,no_aml_match
MINE_US_01740,-108.71941,41.554499,0.4351,,,2001,0.081,0.147,0.066,0.0026,degraded,state_only_no_t0,regimeB_v0_RS_t0,RS_derived,t0 = RS reclamation-onset proxy from NDVI trough; pre2000=left-censored; state_only=undatable in 2000-24 window,no_aml_match
MINE_US_01741,-112.011991,40.569662,0.435,,,2002,0.143,0.208,0.064,0.00195,degraded,state_only_no_t0,regimeB_v0_RS_t0,RS_derived,t0 = RS reclamation-onset proxy from NDVI trough; pre2000=left-censored; state_only=undatable in 2000-24 window,no_aml_match
MINE_US_01742,-83.4177,36.725097,0.4344,pre2000,,2001,0.484,0.735,0.25,0.01096,stable_restoration,censored_pre2000,regimeB_v0_RS_t0,RS_derived,t0 = RS reclamation-onset proxy from NDVI trough; pre2000=left-censored; state_only=undatable in 2000-24 window,no_aml_match
MINE_US_01743,-76.145159,40.695538,0.4323,pre2000,,2006,0.615,0.724,0.109,0.00352,stable_restoration,censored_pre2000,regimeB_v0_RS_t0,RS_derived,t0 = RS reclamation-onset proxy from NDVI trough; pre2000=left-censored; state_only=undatable in 2000-24 window,aml_listed_not_complete
MINE_US_01744,-82.181094,37.353948,0.4322,,,2022,0.399,0.4,0.001,-0.00837,early_restoration,state_only_no_t0,regimeB_v0_RS_t0,RS_derived,t0 = RS reclamation-onset proxy from NDVI trough; pre2000=left-censored; state_only=undatable in 2000-24 window,no_aml_match
MINE_US_01745,-118.734357,38.393771,0.4321,,,2000,0.157,0.19,0.033,0.00132,degraded,state_only_no_t0,regimeB_v0_RS_t0,RS_derived,t0 = RS reclamation-onset proxy from NDVI trough; pre2000=left-censored; state_only=undatable in 2000-24 window,no_aml_match
MINE_US_01746,-116.632154,36.832221,0.4316,,,2013,0.051,0.081,0.03,0.00032,degraded,state_only_no_t0,regimeB_v0_RS_t0,RS_derived,t0 = RS reclamation-onset proxy from NDVI trough; pre2000=left-censored; state_only=undatable in 2000-24 window,no_aml_match
MINE_US_01747,-117.525053,40.809956,0.4308,,,2001,0.101,0.152,0.051,0.00226,degraded,state_only_no_t0,regimeB_v0_RS_t0,RS_derived,t0 = RS reclamation-onset proxy from NDVI trough; pre2000=left-censored; state_only=undatable in 2000-24 window,no_aml_match
MINE_US_01748,-112.728807,34.165277,0.4303,,,2006,0.16,0.241,0.081,0.00292,early_restoration,state_only_no_t0,regimeB_v0_RS_t0,RS_derived,t0 = RS reclamation-onset proxy from NDVI trough; pre2000=left-censored; state_only=undatable in 2000-24 window,no_aml_match
MINE_US_01749,-76.301402,40.685951,0.4291,pre2000,,2006,0.519,0.587,0.068,0.00179,stable_restoration,censored_pre2000,regimeB_v0_RS_t0,RS_derived,t0 = RS reclamation-onset proxy from NDVI trough; pre2000=left-censored; state_only=undatable in 2000-24 window,aml_listed_not_complete
MINE_US_01750,-116.763105,40.1865,0.4281,,,2010,0.092,0.154,0.062,0.00201,degraded,state_only_no_t0,regimeB_v0_RS_t0,RS_derived,t0 = RS reclamation-onset proxy from NDVI trough; pre2000=left-censored; state_only=undatable in 2000-24 window,no_aml_match
MINE_US_01751,-86.330399,33.889347,0.4279,,,2024,0.34,0.35,0.009,-0.01285,early_restoration,state_only_no_t0,regimeB_v0_RS_t0,RS_derived,t0 = RS reclamation-onset proxy from NDVI trough; pre2000=left-censored; state_only=undatable in 2000-24 window,no_aml_match
MINE_US_01752,-114.924183,35.498404,0.4278,,,2006,0.071,0.094,0.023,0.00035,degraded,state_only_no_t0,regimeB_v0_RS_t0,RS_derived,t0 = RS reclamation-onset proxy from NDVI trough; pre2000=left-censored; state_only=undatable in 2000-24 window,no_aml_match
MINE_US_01753,-67.192675,44.976647,0.4275,2009,15,2009,0.529,0.658,0.128,0.00379,stable_restoration,rs_t0,regimeB_v0_RS_t0,RS_derived,t0 = RS reclamation-onset proxy from NDVI trough; pre2000=left-censored; state_only=undatable in 2000-24 window,no_aml_match
MINE_US_01754,-81.487274,38.179038,0.4272,2007,17,2007,0.589,0.714,0.125,0.00049,stable_restoration,rs_t0,regimeB_v0_RS_t0,RS_derived,t0 = RS reclamation-onset proxy from NDVI trough; pre2000=left-censored; state_only=undatable in 2000-24 window,no_aml_match
MINE_US_01755,-87.200206,37.088237,0.4267,,,2001,0.35,0.465,0.115,0.00356,early_restoration,state_only_no_t0,regimeB_v0_RS_t0,RS_derived,t0 = RS reclamation-onset proxy from NDVI trough; pre2000=left-censored; state_only=undatable in 2000-24 window,no_aml_match
MINE_US_01756,-111.121873,31.829542,0.4259,,,2002,0.15,0.21,0.06,0.00215,degraded,state_only_no_t0,regimeB_v0_RS_t0,RS_derived,t0 = RS reclamation-onset proxy from NDVI trough; pre2000=left-censored; state_only=undatable in 2000-24 window,no_aml_match
MINE_US_01757,-89.61485,38.15476,0.4248,pre2000,,2006,0.5,0.597,0.096,0.00359,stable_restoration,censored_pre2000,regimeB_v0_RS_t0,RS_derived,t0 = RS reclamation-onset proxy from NDVI trough; pre2000=left-censored; state_only=undatable in 2000-24 window,no_aml_match
MINE_US_01758,-105.116811,38.782215,0.4245,,,2001,0.261,0.315,0.054,0.00216,early_restoration,state_only_no_t0,regimeB_v0_RS_t0,RS_derived,t0 = RS reclamation-onset proxy from NDVI trough; pre2000=left-censored; state_only=undatable in 2000-24 window,no_aml_match
MINE_US_01759,-119.670539,39.276895,0.4244,,,2013,0.122,0.189,0.066,0.00113,degraded,state_only_no_t0,regimeB_v0_RS_t0,RS_derived,t0 = RS reclamation-onset proxy from NDVI trough; pre2000=left-censored; state_only=undatable in 2000-24 window,no_aml_match
MINE_US_01760,-84.389671,36.15024,0.4241,pre2000,,2010,0.547,0.72,0.173,0.00583,stable_restoration,censored_pre2000,regimeB_v0_RS_t0,RS_derived,t0 = RS reclamation-onset proxy from NDVI trough; pre2000=left-censored; state_only=undatable in 2000-24 window,no_aml_match
MINE_US_01761,-108.385501,36.764871,0.424,,,2011,0.08,0.104,0.023,-0.0002,degraded,state_only_no_t0,regimeB_v0_RS_t0,RS_derived,t0 = RS reclamation-onset proxy from NDVI trough; pre2000=left-censored; state_only=undatable in 2000-24 window,no_aml_match
MINE_US_01762,-83.54831,37.353999,0.424,2019,5,2019,0.53,0.716,0.185,-0.00976,stable_restoration,rs_t0,regimeB_v0_RS_t0,RS_derived,t0 = RS reclamation-onset proxy from NDVI trough; pre2000=left-censored; state_only=undatable in 2000-24 window,no_aml_match
MINE_US_01763,-112.852114,34.199072,0.4233,,,2006,0.123,0.177,0.054,0.00145,degraded,state_only_no_t0,regimeB_v0_RS_t0,RS_derived,t0 = RS reclamation-onset proxy from NDVI trough; pre2000=left-censored; state_only=undatable in 2000-24 window,no_aml_match
MINE_US_01764,-114.062336,40.723051,0.4228,,,2010,0.094,0.203,0.11,0.00371,degraded,state_only_no_t0,regimeB_v0_RS_t0,RS_derived,t0 = RS reclamation-onset proxy from NDVI trough; pre2000=left-censored; state_only=undatable in 2000-24 window,no_aml_match
MINE_US_01765,-115.753988,47.471041,0.4224,,,2009,0.329,0.402,0.073,0.00327,early_restoration,state_only_no_t0,regimeB_v0_RS_t0,RS_derived,t0 = RS reclamation-onset proxy from NDVI trough; pre2000=left-censored; state_only=undatable in 2000-24 window,no_aml_match
MINE_US_01766,-118.095438,47.938834,0.4202,,,2021,0.139,0.155,0.016,-0.00061,degraded,state_only_no_t0,regimeB_v0_RS_t0,RS_derived,t0 = RS reclamation-onset proxy from NDVI trough; pre2000=left-censored; state_only=undatable in 2000-24 window,no_aml_match
MINE_US_01767,-108.986038,35.616143,0.4177,,,2003,0.13,0.196,0.066,0.0028,degraded,state_only_no_t0,regimeB_v0_RS_t0,RS_derived,t0 = RS reclamation-onset proxy from NDVI trough; pre2000=left-censored; state_only=undatable in 2000-24 window,no_aml_match
MINE_US_01768,-112.046787,40.619721,0.4176,,,2002,0.133,0.243,0.11,0.00359,early_restoration,state_only_no_t0,regimeB_v0_RS_t0,RS_derived,t0 = RS reclamation-onset proxy from NDVI trough; pre2000=left-censored; state_only=undatable in 2000-24 window,no_aml_match
MINE_US_01769,-120.82967,38.146005,0.4175,,,2001,0.162,0.183,0.021,0.00116,degraded,state_only_no_t0,regimeB_v0_RS_t0,RS_derived,t0 = RS reclamation-onset proxy from NDVI trough; pre2000=left-censored; state_only=undatable in 2000-24 window,no_aml_match
MINE_US_01770,-82.925423,37.218238,0.4172,2014,10,2014,0.37,0.772,0.403,-0.00922,stable_restoration,rs_t0,regimeB_v0_RS_t0,RS_derived,t0 = RS reclamation-onset proxy from NDVI trough; pre2000=left-censored; state_only=undatable in 2000-24 window,no_aml_match
MINE_US_01771,-105.934454,42.814303,0.4163,,,2011,0.106,0.159,0.052,-0.00276,degraded,state_only_no_t0,regimeB_v0_RS_t0,RS_derived,t0 = RS reclamation-onset proxy from NDVI trough; pre2000=left-censored; state_only=undatable in 2000-24 window,no_aml_match
MINE_US_01772,-80.650028,40.25019,0.4158,,,2008,0.21,0.247,0.038,-0.00024,early_restoration,state_only_no_t0,regimeB_v0_RS_t0,RS_derived,t0 = RS reclamation-onset proxy from NDVI trough; pre2000=left-censored; state_only=undatable in 2000-24 window,no_aml_match
MINE_US_01773,-112.232915,34.660133,0.4157,,,2007,0.095,0.104,0.009,-0.00099,degraded,state_only_no_t0,regimeB_v0_RS_t0,RS_derived,t0 = RS reclamation-onset proxy from NDVI trough; pre2000=left-censored; state_only=undatable in 2000-24 window,no_aml_match
MINE_US_01774,-80.064596,39.206491,0.4155,pre2000,,2011,0.441,0.691,0.25,0.00511,stable_restoration,censored_pre2000,regimeB_v0_RS_t0,RS_derived,t0 = RS reclamation-onset proxy from NDVI trough; pre2000=left-censored; state_only=undatable in 2000-24 window,no_aml_match
MINE_US_01775,-76.05849,40.726177,0.4153,,,2021,0.244,0.249,0.004,-0.01697,early_restoration,state_only_no_t0,regimeB_v0_RS_t0,RS_derived,t0 = RS reclamation-onset proxy from NDVI trough; pre2000=left-censored; state_only=undatable in 2000-24 window,aml_listed_not_complete
MINE_US_01776,-88.220668,37.506864,0.4147,,,2019,0.281,0.319,0.039,-0.02931,early_restoration,state_only_no_t0,regimeB_v0_RS_t0,RS_derived,t0 = RS reclamation-onset proxy from NDVI trough; pre2000=left-censored; state_only=undatable in 2000-24 window,no_aml_match
MINE_US_01777,-120.814251,39.45638,0.4145,pre2000,,2009,0.541,0.58,0.038,0.00196,stable_restoration,censored_pre2000,regimeB_v0_RS_t0,RS_derived,t0 = RS reclamation-onset proxy from NDVI trough; pre2000=left-censored; state_only=undatable in 2000-24 window,no_aml_match
MINE_US_01778,-80.434467,34.735086,0.4136,,,2008,0.348,0.428,0.081,0.00165,early_restoration,state_only_no_t0,regimeB_v0_RS_t0,RS_derived,t0 = RS reclamation-onset proxy from NDVI trough; pre2000=left-censored; state_only=undatable in 2000-24 window,no_aml_match
MINE_US_01779,-115.264253,35.728829,0.4136,,,2007,0.067,0.099,0.032,0.00112,degraded,state_only_no_t0,regimeB_v0_RS_t0,RS_derived,t0 = RS reclamation-onset proxy from NDVI trough; pre2000=left-censored; state_only=undatable in 2000-24 window,no_aml_match
MINE_US_01780,-78.980156,39.530859,0.4133,2013,11,2013,0.269,0.748,0.48,-0.00612,stable_restoration,rs_t0,regimeB_v0_RS_t0,RS_derived,t0 = RS reclamation-onset proxy from NDVI trough; pre2000=left-censored; state_only=undatable in 2000-24 window,no_aml_match
MINE_US_01781,-106.119607,31.852042,0.4127,,,2011,0.081,0.097,0.016,-0.00021,degraded,state_only_no_t0,regimeB_v0_RS_t0,RS_derived,t0 = RS reclamation-onset proxy from NDVI trough; pre2000=left-censored; state_only=undatable in 2000-24 window,no_aml_match
MINE_US_01782,-92.49454,34.557767,0.4127,,,2018,0.267,0.363,0.096,-0.00582,early_restoration,state_only_no_t0,regimeB_v0_RS_t0,RS_derived,t0 = RS reclamation-onset proxy from NDVI trough; pre2000=left-censored; state_only=undatable in 2000-24 window,no_aml_match
MINE_US_01783,-76.278998,40.686133,0.4126,2013,11,2013,0.475,0.697,0.221,0.00603,stable_restoration,rs_t0,regimeB_v0_RS_t0,RS_derived,t0 = RS reclamation-onset proxy from NDVI trough; pre2000=left-censored; state_only=undatable in 2000-24 window,aml_listed_not_complete
MINE_US_01784,-81.25501,38.1906,0.4121,2018,6,2018,0.482,0.625,0.143,-0.01011,stable_restoration,rs_t0,regimeB_v0_RS_t0,RS_derived,t0 = RS reclamation-onset proxy from NDVI trough; pre2000=left-censored; state_only=undatable in 2000-24 window,no_aml_match
MINE_US_01785,-87.016569,33.553957,0.4119,2015,9,2015,0.401,0.531,0.13,-0.00477,stable_restoration,rs_t0,regimeB_v0_RS_t0,RS_derived,t0 = RS reclamation-onset proxy from NDVI trough; pre2000=left-censored; state_only=undatable in 2000-24 window,no_aml_match
MINE_US_01786,-115.71124,43.186984,0.4117,,,2007,0.158,0.226,0.068,0.00179,early_restoration,state_only_no_t0,regimeB_v0_RS_t0,RS_derived,t0 = RS reclamation-onset proxy from NDVI trough; pre2000=left-censored; state_only=undatable in 2000-24 window,no_aml_match
MINE_US_01787,-75.977907,40.185776,0.411,,,2024,0.351,0.364,0.013,-0.0041,early_restoration,state_only_no_t0,regimeB_v0_RS_t0,RS_derived,t0 = RS reclamation-onset proxy from NDVI trough; pre2000=left-censored; state_only=undatable in 2000-24 window,no_aml_match
MINE_US_01788,-111.480597,32.354563,0.4108,,,2022,0.081,0.083,0.002,-0.0024,degraded,state_only_no_t0,regimeB_v0_RS_t0,RS_derived,t0 = RS reclamation-onset proxy from NDVI trough; pre2000=left-censored; state_only=undatable in 2000-24 window,no_aml_match
MINE_US_01789,-82.454412,37.384589,0.4107,pre2000,,2012,0.516,0.675,0.16,0.00505,stable_restoration,censored_pre2000,regimeB_v0_RS_t0,RS_derived,t0 = RS reclamation-onset proxy from NDVI trough; pre2000=left-censored; state_only=undatable in 2000-24 window,no_aml_match
MINE_US_01790,-115.987796,39.503947,0.4099,,,2000,0.171,0.231,0.06,0.00266,early_restoration,state_only_no_t0,regimeB_v0_RS_t0,RS_derived,t0 = RS reclamation-onset proxy from NDVI trough; pre2000=left-censored; state_only=undatable in 2000-24 window,no_aml_match
MINE_US_01791,-118.791177,40.267275,0.4088,,,2001,-0.078,0.07,0.147,0.00549,degraded,state_only_no_t0,regimeB_v0_RS_t0,RS_derived,t0 = RS reclamation-onset proxy from NDVI trough; pre2000=left-censored; state_only=undatable in 2000-24 window,no_aml_match
MINE_US_01792,-80.470917,38.145651,0.4088,2013,11,2013,0.359,0.643,0.284,-0.01646,stable_restoration,rs_t0,regimeB_v0_RS_t0,RS_derived,t0 = RS reclamation-onset proxy from NDVI trough; pre2000=left-censored; state_only=undatable in 2000-24 window,no_aml_match
MINE_US_01793,-80.694893,40.234628,0.4084,2014,10,2014,0.513,0.732,0.219,-0.00786,relapse_degradation,rs_t0,regimeB_v0_RS_t0,RS_derived,t0 = RS reclamation-onset proxy from NDVI trough; pre2000=left-censored; state_only=undatable in 2000-24 window,no_aml_match
MINE_US_01794,-118.555431,48.710618,0.4084,pre2000,,2002,0.308,0.508,0.2,0.00849,stable_restoration,censored_pre2000,regimeB_v0_RS_t0,RS_derived,t0 = RS reclamation-onset proxy from NDVI trough; pre2000=left-censored; state_only=undatable in 2000-24 window,no_aml_match
MINE_US_01795,-79.611958,41.1617,0.4081,pre2000,,2019,0.422,0.506,0.085,-0.018,stable_restoration,censored_pre2000,regimeB_v0_RS_t0,RS_derived,t0 = RS reclamation-onset proxy from NDVI trough; pre2000=left-censored; state_only=undatable in 2000-24 window,no_aml_match
MINE_US_01796,-76.563084,40.800296,0.4079,pre2000,,2000,0.536,0.661,0.125,0.00395,stable_restoration,censored_pre2000,regimeB_v0_RS_t0,RS_derived,t0 = RS reclamation-onset proxy from NDVI trough; pre2000=left-censored; state_only=undatable in 2000-24 window,aml_listed_not_complete
MINE_US_01797,-83.406378,36.370309,0.4078,,,2000,0.233,0.415,0.182,0.00823,early_restoration,state_only_no_t0,regimeB_v0_RS_t0,RS_derived,t0 = RS reclamation-onset proxy from NDVI trough; pre2000=left-censored; state_only=undatable in 2000-24 window,no_aml_match
MINE_US_01798,-111.422541,42.160515,0.4077,,,2007,0.232,0.279,0.047,0.00217,early_restoration,state_only_no_t0,regimeB_v0_RS_t0,RS_derived,t0 = RS reclamation-onset proxy from NDVI trough; pre2000=left-censored; state_only=undatable in 2000-24 window,no_aml_match
MINE_US_01799,-117.440455,38.595117,0.4075,,,2003,0.165,0.208,0.044,0.00176,degraded,state_only_no_t0,regimeB_v0_RS_t0,RS_derived,t0 = RS reclamation-onset proxy from NDVI trough; pre2000=left-censored; state_only=undatable in 2000-24 window,no_aml_match
MINE_US_01800,-81.239454,38.151099,0.4074,2008,16,2008,0.356,0.757,0.401,0.01508,stable_restoration,rs_t0,regimeB_v0_RS_t0,RS_derived,t0 = RS reclamation-onset proxy from NDVI trough; pre2000=left-censored; state_only=undatable in 2000-24 window,no_aml_match
MINE_US_01801,-111.130462,33.270173,0.4051,,,2001,0.112,0.175,0.063,0.0026,degraded,state_only_no_t0,regimeB_v0_RS_t0,RS_derived,t0 = RS reclamation-onset proxy from NDVI trough; pre2000=left-censored; state_only=undatable in 2000-24 window,no_aml_match
MINE_US_01802,-94.6119,32.252459,0.4039,,,2013,0.217,0.306,0.089,-0.0274,early_restoration,state_only_no_t0,regimeB_v0_RS_t0,RS_derived,t0 = RS reclamation-onset proxy from NDVI trough; pre2000=left-censored; state_only=undatable in 2000-24 window,no_aml_match
MINE_US_01803,-78.406653,40.841205,0.4035,2011,13,2011,0.319,0.525,0.207,-0.00301,stable_restoration,rs_t0,regimeB_v0_RS_t0,RS_derived,t0 = RS reclamation-onset proxy from NDVI trough; pre2000=left-censored; state_only=undatable in 2000-24 window,aml_listed_not_complete
MINE_US_01804,-92.970344,34.471285,0.4029,2005,19,2005,0.369,0.575,0.206,0.00224,stable_restoration,rs_t0,regimeB_v0_RS_t0,RS_derived,t0 = RS reclamation-onset proxy from NDVI trough; pre2000=left-censored; state_only=undatable in 2000-24 window,no_aml_match
MINE_US_01805,-118.25057,37.888948,0.4028,,,2001,0.071,0.142,0.071,0.00244,degraded,state_only_no_t0,regimeB_v0_RS_t0,RS_derived,t0 = RS reclamation-onset proxy from NDVI trough; pre2000=left-censored; state_only=undatable in 2000-24 window,no_aml_match
MINE_US_01806,-111.916614,46.546127,0.4016,,,2000,0.064,0.118,0.054,0.00181,degraded,state_only_no_t0,regimeB_v0_RS_t0,RS_derived,t0 = RS reclamation-onset proxy from NDVI trough; pre2000=left-censored; state_only=undatable in 2000-24 window,no_aml_match
MINE_US_01807,-111.013907,39.528614,0.4012,,,2001,0.146,0.218,0.072,0.00289,degraded,state_only_no_t0,regimeB_v0_RS_t0,RS_derived,t0 = RS reclamation-onset proxy from NDVI trough; pre2000=left-censored; state_only=undatable in 2000-24 window,no_aml_match
MINE_US_01808,-80.217381,39.420288,0.4009,,,2020,0.403,0.44,0.037,-0.01044,early_restoration,state_only_no_t0,regimeB_v0_RS_t0,RS_derived,t0 = RS reclamation-onset proxy from NDVI trough; pre2000=left-censored; state_only=undatable in 2000-24 window,no_aml_match
MINE_US_01809,-112.214219,33.837148,0.4005,,,2019,0.08,0.114,0.034,-0.00116,degraded,state_only_no_t0,regimeB_v0_RS_t0,RS_derived,t0 = RS reclamation-onset proxy from NDVI trough; pre2000=left-censored; state_only=undatable in 2000-24 window,no_aml_match
MINE_US_01810,-89.301563,38.033595,0.3998,,,2018,0.349,0.383,0.034,-0.00724,early_restoration,state_only_no_t0,regimeB_v0_RS_t0,RS_derived,t0 = RS reclamation-onset proxy from NDVI trough; pre2000=left-censored; state_only=undatable in 2000-24 window,no_aml_match
MINE_US_01811,-92.481085,34.55596,0.3989,,,2000,0.234,0.289,0.055,0.0005,early_restoration,state_only_no_t0,regimeB_v0_RS_t0,RS_derived,t0 = RS reclamation-onset proxy from NDVI trough; pre2000=left-censored; state_only=undatable in 2000-24 window,no_aml_match
MINE_US_01812,-114.360187,45.132255,0.3972,,,2000,0.115,0.228,0.114,0.00519,early_restoration,state_only_no_t0,regimeB_v0_RS_t0,RS_derived,t0 = RS reclamation-onset proxy from NDVI trough; pre2000=left-censored; state_only=undatable in 2000-24 window,no_aml_match
MINE_US_01813,-84.083308,36.579308,0.3972,2007,17,2007,0.382,0.522,0.14,0.0042,stable_restoration,rs_t0,regimeB_v0_RS_t0,RS_derived,t0 = RS reclamation-onset proxy from NDVI trough; pre2000=left-censored; state_only=undatable in 2000-24 window,no_aml_match
MINE_US_01814,-83.404403,36.97821,0.3968,pre2000,,2002,0.594,0.722,0.127,0.00437,stable_restoration,censored_pre2000,regimeB_v0_RS_t0,RS_derived,t0 = RS reclamation-onset proxy from NDVI trough; pre2000=left-censored; state_only=undatable in 2000-24 window,no_aml_match
MINE_US_01815,-82.569274,38.926977,0.3967,,,2001,0.391,0.482,0.092,0.00427,early_restoration,state_only_no_t0,regimeB_v0_RS_t0,RS_derived,t0 = RS reclamation-onset proxy from NDVI trough; pre2000=left-censored; state_only=undatable in 2000-24 window,no_aml_match
MINE_US_01816,-90.708215,40.298178,0.3966,pre2000,,2001,0.359,0.688,0.33,0.01412,stable_restoration,censored_pre2000,regimeB_v0_RS_t0,RS_derived,t0 = RS reclamation-onset proxy from NDVI trough; pre2000=left-censored; state_only=undatable in 2000-24 window,no_aml_match
MINE_US_01817,-94.692272,34.942144,0.3965,2011,13,2011,0.345,0.619,0.274,-0.00285,stable_restoration,rs_t0,regimeB_v0_RS_t0,RS_derived,t0 = RS reclamation-onset proxy from NDVI trough; pre2000=left-censored; state_only=undatable in 2000-24 window,no_aml_match
MINE_US_01818,-110.412029,39.539072,0.3952,,,2003,0.1,0.168,0.068,0.00305,degraded,state_only_no_t0,regimeB_v0_RS_t0,RS_derived,t0 = RS reclamation-onset proxy from NDVI trough; pre2000=left-censored; state_only=undatable in 2000-24 window,no_aml_match
MINE_US_01819,-87.489453,38.451885,0.395,2003,21,2003,0.373,0.583,0.209,0.00721,stable_restoration,rs_t0,regimeB_v0_RS_t0,RS_derived,t0 = RS reclamation-onset proxy from NDVI trough; pre2000=left-censored; state_only=undatable in 2000-24 window,no_aml_match
MINE_US_01820,-115.3981,39.060599,0.3947,,,2000,0.172,0.255,0.083,0.00306,early_restoration,state_only_no_t0,regimeB_v0_RS_t0,RS_derived,t0 = RS reclamation-onset proxy from NDVI trough; pre2000=left-censored; state_only=undatable in 2000-24 window,no_aml_match
MINE_US_01821,-114.548517,40.330774,0.394,,,2000,0.11,0.172,0.063,0.00281,degraded,state_only_no_t0,regimeB_v0_RS_t0,RS_derived,t0 = RS reclamation-onset proxy from NDVI trough; pre2000=left-censored; state_only=undatable in 2000-24 window,no_aml_match
MINE_US_01822,-117.26142,38.063272,0.393,,,2003,0.061,0.099,0.038,0.00152,degraded,state_only_no_t0,regimeB_v0_RS_t0,RS_derived,t0 = RS reclamation-onset proxy from NDVI trough; pre2000=left-censored; state_only=undatable in 2000-24 window,no_aml_match
MINE_US_01823,-85.679492,34.794089,0.3927,2012,12,2012,0.297,0.584,0.287,-0.01532,stable_restoration,rs_t0,regimeB_v0_RS_t0,RS_derived,t0 = RS reclamation-onset proxy from NDVI trough; pre2000=left-censored; state_only=undatable in 2000-24 window,no_aml_match
MINE_US_01824,-109.13263,41.541222,0.3922,,,2012,0.063,0.076,0.013,-0.00034,degraded,state_only_no_t0,regimeB_v0_RS_t0,RS_derived,t0 = RS reclamation-onset proxy from NDVI trough; pre2000=left-censored; state_only=undatable in 2000-24 window,no_aml_match
MINE_US_01825,-122.903185,46.112117,0.3915,,,2016,0.244,0.255,0.011,-0.00133,early_restoration,state_only_no_t0,regimeB_v0_RS_t0,RS_derived,t0 = RS reclamation-onset proxy from NDVI trough; pre2000=left-censored; state_only=undatable in 2000-24 window,no_aml_match
MINE_US_01826,-115.480818,39.935903,0.3909,,,2000,0.148,0.169,0.021,0.00093,degraded,state_only_no_t0,regimeB_v0_RS_t0,RS_derived,t0 = RS reclamation-onset proxy from NDVI trough; pre2000=left-censored; state_only=undatable in 2000-24 window,no_aml_match
MINE_US_01827,-81.825624,37.687417,0.3903,,,2023,0.405,0.416,0.011,-0.00808,early_restoration,state_only_no_t0,regimeB_v0_RS_t0,RS_derived,t0 = RS reclamation-onset proxy from NDVI trough; pre2000=left-censored; state_only=undatable in 2000-24 window,no_aml_match
MINE_US_01828,-112.374812,38.946142,0.3899,,,2008,0.164,0.216,0.052,0.00215,degraded,state_only_no_t0,regimeB_v0_RS_t0,RS_derived,t0 = RS reclamation-onset proxy from NDVI trough; pre2000=left-censored; state_only=undatable in 2000-24 window,no_aml_match
MINE_US_01829,-93.568405,47.260841,0.3897,2006,18,2006,0.177,0.31,0.133,0.00419,early_restoration,rs_t0,regimeB_v0_RS_t0,RS_derived,t0 = RS reclamation-onset proxy from NDVI trough; pre2000=left-censored; state_only=undatable in 2000-24 window,no_aml_match
MINE_US_01830,-80.61933,35.232817,0.3896,,,2007,0.25,0.257,0.007,-0.00481,early_restoration,state_only_no_t0,regimeB_v0_RS_t0,RS_derived,t0 = RS reclamation-onset proxy from NDVI trough; pre2000=left-censored; state_only=undatable in 2000-24 window,no_aml_match
MINE_US_01831,-95.044938,35.144703,0.3891,,,2017,0.307,0.375,0.068,-0.00887,early_restoration,state_only_no_t0,regimeB_v0_RS_t0,RS_derived,t0 = RS reclamation-onset proxy from NDVI trough; pre2000=left-censored; state_only=undatable in 2000-24 window,no_aml_match
MINE_US_01832,-96.829717,29.853342,0.3883,,,2019,0.245,0.311,0.066,-0.00531,early_restoration,state_only_no_t0,regimeB_v0_RS_t0,RS_derived,t0 = RS reclamation-onset proxy from NDVI trough; pre2000=left-censored; state_only=undatable in 2000-24 window,no_aml_match
MINE_US_01833,-119.663629,39.274635,0.3883,,,2007,0.122,0.188,0.065,0.0021,degraded,state_only_no_t0,regimeB_v0_RS_t0,RS_derived,t0 = RS reclamation-onset proxy from NDVI trough; pre2000=left-censored; state_only=undatable in 2000-24 window,no_aml_match
MINE_US_01834,-107.125173,40.425835,0.3879,,,2012,0.222,0.291,0.07,-0.00384,early_restoration,state_only_no_t0,regimeB_v0_RS_t0,RS_derived,t0 = RS reclamation-onset proxy from NDVI trough; pre2000=left-censored; state_only=undatable in 2000-24 window,no_aml_match
MINE_US_01835,-94.699168,37.742728,0.3876,,,2001,0.307,0.36,0.054,0.00107,early_restoration,state_only_no_t0,regimeB_v0_RS_t0,RS_derived,t0 = RS reclamation-onset proxy from NDVI trough; pre2000=left-censored; state_only=undatable in 2000-24 window,no_aml_match
MINE_US_01836,-81.254588,37.789464,0.3876,2014,10,2014,0.402,0.514,0.112,-0.00391,stable_restoration,rs_t0,regimeB_v0_RS_t0,RS_derived,t0 = RS reclamation-onset proxy from NDVI trough; pre2000=left-censored; state_only=undatable in 2000-24 window,no_aml_match
MINE_US_01837,-83.769615,36.604926,0.3872,2012,12,2012,0.24,0.494,0.254,0.00521,early_restoration,rs_t0,regimeB_v0_RS_t0,RS_derived,t0 = RS reclamation-onset proxy from NDVI trough; pre2000=left-censored; state_only=undatable in 2000-24 window,no_aml_match
MINE_US_01838,-94.467247,35.10433,0.3864,,,2011,0.333,0.448,0.115,0.00302,early_restoration,state_only_no_t0,regimeB_v0_RS_t0,RS_derived,t0 = RS reclamation-onset proxy from NDVI trough; pre2000=left-censored; state_only=undatable in 2000-24 window,no_aml_match
MINE_US_01839,-81.860424,37.497945,0.3856,2015,9,2015,0.466,0.619,0.153,-0.00025,stable_restoration,rs_t0,regimeB_v0_RS_t0,RS_derived,t0 = RS reclamation-onset proxy from NDVI trough; pre2000=left-censored; state_only=undatable in 2000-24 window,no_aml_match
MINE_US_01840,-76.53324,40.776476,0.3853,pre2000,,2000,0.394,0.626,0.232,0.01004,stable_restoration,censored_pre2000,regimeB_v0_RS_t0,RS_derived,t0 = RS reclamation-onset proxy from NDVI trough; pre2000=left-censored; state_only=undatable in 2000-24 window,aml_listed_not_complete
MINE_US_01841,-82.176471,37.488692,0.3846,pre2000,,2014,0.561,0.744,0.183,0.00471,stable_restoration,censored_pre2000,regimeB_v0_RS_t0,RS_derived,t0 = RS reclamation-onset proxy from NDVI trough; pre2000=left-censored; state_only=undatable in 2000-24 window,no_aml_match
MINE_US_01842,-81.11626,34.124082,0.3836,,,2021,0.132,0.148,0.016,-0.0067,degraded,state_only_no_t0,regimeB_v0_RS_t0,RS_derived,t0 = RS reclamation-onset proxy from NDVI trough; pre2000=left-censored; state_only=undatable in 2000-24 window,no_aml_match
MINE_US_01843,-87.429502,37.314846,0.3835,pre2000,,2013,0.22,0.53,0.311,0.01084,stable_restoration,censored_pre2000,regimeB_v0_RS_t0,RS_derived,t0 = RS reclamation-onset proxy from NDVI trough; pre2000=left-censored; state_only=undatable in 2000-24 window,no_aml_match
MINE_US_01844,-87.433868,37.306731,0.3831,,,2011,0.258,0.432,0.173,0.00564,early_restoration,state_only_no_t0,regimeB_v0_RS_t0,RS_derived,t0 = RS reclamation-onset proxy from NDVI trough; pre2000=left-censored; state_only=undatable in 2000-24 window,no_aml_match
MINE_US_01845,-82.017789,37.762036,0.3827,2009,15,2009,0.554,0.675,0.121,-0.00368,stable_restoration,rs_t0,regimeB_v0_RS_t0,RS_derived,t0 = RS reclamation-onset proxy from NDVI trough; pre2000=left-censored; state_only=undatable in 2000-24 window,no_aml_match
MINE_US_01846,-111.842402,39.670848,0.3818,,,2001,0.119,0.14,0.021,0.00103,degraded,state_only_no_t0,regimeB_v0_RS_t0,RS_derived,t0 = RS reclamation-onset proxy from NDVI trough; pre2000=left-censored; state_only=undatable in 2000-24 window,no_aml_match
MINE_US_01847,-81.937855,37.325598,0.3816,2012,12,2012,0.509,0.821,0.312,-0.0066,stable_restoration,rs_t0,regimeB_v0_RS_t0,RS_derived,t0 = RS reclamation-onset proxy from NDVI trough; pre2000=left-censored; state_only=undatable in 2000-24 window,no_aml_match
MINE_US_01848,-78.659465,40.796511,0.3805,2012,12,2012,0.303,0.702,0.398,-0.00146,stable_restoration,rs_t0,regimeB_v0_RS_t0,RS_derived,t0 = RS reclamation-onset proxy from NDVI trough; pre2000=left-censored; state_only=undatable in 2000-24 window,aml_listed_not_complete
MINE_US_01849,-75.483696,41.620913,0.3803,2009,15,2009,0.296,0.443,0.147,-0.00128,early_restoration,rs_t0,regimeB_v0_RS_t0,RS_derived,t0 = RS reclamation-onset proxy from NDVI trough; pre2000=left-censored; state_only=undatable in 2000-24 window,aml_listed_not_complete
MINE_US_01850,-105.347303,43.493279,0.3802,,,2002,0.076,0.208,0.132,0.00613,degraded,state_only_no_t0,regimeB_v0_RS_t0,RS_derived,t0 = RS reclamation-onset proxy from NDVI trough; pre2000=left-censored; state_only=undatable in 2000-24 window,no_aml_match
MINE_US_01851,-87.700501,40.017197,0.3798,pre2000,,2016,0.546,0.599,0.053,0.00171,stable_restoration,censored_pre2000,regimeB_v0_RS_t0,RS_derived,t0 = RS reclamation-onset proxy from NDVI trough; pre2000=left-censored; state_only=undatable in 2000-24 window,no_aml_match
MINE_US_01852,-78.804294,40.128969,0.3797,2014,10,2014,0.385,0.698,0.313,-0.01417,stable_restoration,rs_t0,regimeB_v0_RS_t0,RS_derived,t0 = RS reclamation-onset proxy from NDVI trough; pre2000=left-censored; state_only=undatable in 2000-24 window,aml_listed_not_complete
MINE_US_01853,-89.395135,37.93039,0.3792,2006,18,2006,0.252,0.467,0.215,-0.00444,early_restoration,rs_t0,regimeB_v0_RS_t0,RS_derived,t0 = RS reclamation-onset proxy from NDVI trough; pre2000=left-censored; state_only=undatable in 2000-24 window,no_aml_match
MINE_US_01854,-78.902531,40.356482,0.3788,pre2000,,2014,0.45,0.528,0.078,-0.00372,stable_restoration,censored_pre2000,regimeB_v0_RS_t0,RS_derived,t0 = RS reclamation-onset proxy from NDVI trough; pre2000=left-censored; state_only=undatable in 2000-24 window,no_aml_match
MINE_US_01855,-110.688036,41.408762,0.3783,,,2012,0.101,0.133,0.032,-0.00159,degraded,state_only_no_t0,regimeB_v0_RS_t0,RS_derived,t0 = RS reclamation-onset proxy from NDVI trough; pre2000=left-censored; state_only=undatable in 2000-24 window,no_aml_match
MINE_US_01856,-87.555144,37.316036,0.3769,pre2000,,2000,0.435,0.558,0.123,0.00515,stable_restoration,censored_pre2000,regimeB_v0_RS_t0,RS_derived,t0 = RS reclamation-onset proxy from NDVI trough; pre2000=left-censored; state_only=undatable in 2000-24 window,no_aml_match
MINE_US_01857,-119.349224,38.991412,0.3755,,,2002,0.039,0.095,0.057,0.00222,degraded,state_only_no_t0,regimeB_v0_RS_t0,RS_derived,t0 = RS reclamation-onset proxy from NDVI trough; pre2000=left-censored; state_only=undatable in 2000-24 window,no_aml_match
MINE_US_01858,-79.425136,39.261701,0.3755,pre2000,,2009,0.509,0.556,0.047,0.00062,stable_restoration,censored_pre2000,regimeB_v0_RS_t0,RS_derived,t0 = RS reclamation-onset proxy from NDVI trough; pre2000=left-censored; state_only=undatable in 2000-24 window,no_aml_match
MINE_US_01859,-95.08798,33.187873,0.3751,pre2000,,2005,0.365,0.566,0.2,0.00737,stable_restoration,censored_pre2000,regimeB_v0_RS_t0,RS_derived,t0 = RS reclamation-onset proxy from NDVI trough; pre2000=left-censored; state_only=undatable in 2000-24 window,no_aml_match
MINE_US_01860,-76.280922,40.648622,0.3746,2007,17,2007,0.597,0.856,0.26,0.00455,stable_restoration,rs_t0,regimeB_v0_RS_t0,RS_derived,t0 = RS reclamation-onset proxy from NDVI trough; pre2000=left-censored; state_only=undatable in 2000-24 window,aml_listed_not_complete
MINE_US_01861,-104.761322,38.77593,0.3745,,,2019,0.126,0.153,0.028,-0.00117,degraded,state_only_no_t0,regimeB_v0_RS_t0,RS_derived,t0 = RS reclamation-onset proxy from NDVI trough; pre2000=left-censored; state_only=undatable in 2000-24 window,no_aml_match
MINE_US_01862,-76.327282,40.639688,0.3738,pre2000,,2000,0.547,0.727,0.18,0.0065,stable_restoration,censored_pre2000,regimeB_v0_RS_t0,RS_derived,t0 = RS reclamation-onset proxy from NDVI trough; pre2000=left-censored; state_only=undatable in 2000-24 window,aml_listed_not_complete
MINE_US_01863,-105.325196,43.950251,0.373,,,2005,0.166,0.309,0.143,0.0054,early_restoration,state_only_no_t0,regimeB_v0_RS_t0,RS_derived,t0 = RS reclamation-onset proxy from NDVI trough; pre2000=left-censored; state_only=undatable in 2000-24 window,no_aml_match
MINE_US_01864,-122.486487,40.660165,0.3726,,,2020,0.252,0.31,0.058,-8e-05,early_restoration,state_only_no_t0,regimeB_v0_RS_t0,RS_derived,t0 = RS reclamation-onset proxy from NDVI trough; pre2000=left-censored; state_only=undatable in 2000-24 window,no_aml_match
MINE_US_01865,-79.067481,40.144236,0.3721,,,2014,0.404,0.476,0.072,-0.01435,early_restoration,state_only_no_t0,regimeB_v0_RS_t0,RS_derived,t0 = RS reclamation-onset proxy from NDVI trough; pre2000=left-censored; state_only=undatable in 2000-24 window,no_aml_match
MINE_US_01866,-75.718527,41.390721,0.372,,,2016,0.384,0.434,0.051,-0.0042,early_restoration,state_only_no_t0,regimeB_v0_RS_t0,RS_derived,t0 = RS reclamation-onset proxy from NDVI trough; pre2000=left-censored; state_only=undatable in 2000-24 window,aml_listed_not_complete
MINE_US_01867,-79.080302,39.519553,0.3719,pre2000,,2015,0.48,0.52,0.04,-0.01444,stable_restoration,censored_pre2000,regimeB_v0_RS_t0,RS_derived,t0 = RS reclamation-onset proxy from NDVI trough; pre2000=left-censored; state_only=undatable in 2000-24 window,no_aml_match
MINE_US_01868,-94.482007,35.127337,0.3712,pre2000,,2011,0.417,0.606,0.189,0.00771,stable_restoration,censored_pre2000,regimeB_v0_RS_t0,RS_derived,t0 = RS reclamation-onset proxy from NDVI trough; pre2000=left-censored; state_only=undatable in 2000-24 window,no_aml_match
MINE_US_01869,-76.238117,40.673361,0.3711,pre2000,,2000,0.489,0.598,0.109,0.00395,stable_restoration,censored_pre2000,regimeB_v0_RS_t0,RS_derived,t0 = RS reclamation-onset proxy from NDVI trough; pre2000=left-censored; state_only=undatable in 2000-24 window,reclamation_complete
MINE_US_01870,-116.724158,40.671499,0.3709,,,2009,0.07,0.158,0.088,0.00381,degraded,state_only_no_t0,regimeB_v0_RS_t0,RS_derived,t0 = RS reclamation-onset proxy from NDVI trough; pre2000=left-censored; state_only=undatable in 2000-24 window,no_aml_match
MINE_US_01871,-78.859928,40.123803,0.3689,2015,9,2015,0.369,0.697,0.327,-0.01348,stable_restoration,rs_t0,regimeB_v0_RS_t0,RS_derived,t0 = RS reclamation-onset proxy from NDVI trough; pre2000=left-censored; state_only=undatable in 2000-24 window,no_aml_match
MINE_US_01872,-117.151316,40.772844,0.3683,,,2008,0.084,0.151,0.067,0.00261,degraded,state_only_no_t0,regimeB_v0_RS_t0,RS_derived,t0 = RS reclamation-onset proxy from NDVI trough; pre2000=left-censored; state_only=undatable in 2000-24 window,no_aml_match
MINE_US_01873,-112.47077,33.9268,0.3683,,,2021,0.134,0.145,0.011,-0.00055,degraded,state_only_no_t0,regimeB_v0_RS_t0,RS_derived,t0 = RS reclamation-onset proxy from NDVI trough; pre2000=left-censored; state_only=undatable in 2000-24 window,no_aml_match
MINE_US_01874,-82.124679,38.937105,0.3663,,,2013,0.273,0.31,0.037,0.00082,early_restoration,state_only_no_t0,regimeB_v0_RS_t0,RS_derived,t0 = RS reclamation-onset proxy from NDVI trough; pre2000=left-censored; state_only=undatable in 2000-24 window,no_aml_match
MINE_US_01875,-82.707762,37.51337,0.3657,2013,11,2013,0.52,0.787,0.267,-0.00814,stable_restoration,rs_t0,regimeB_v0_RS_t0,RS_derived,t0 = RS reclamation-onset proxy from NDVI trough; pre2000=left-censored; state_only=undatable in 2000-24 window,no_aml_match
MINE_US_01876,-78.87432,40.350362,0.3656,,,2012,0.482,0.495,0.013,-0.00114,early_restoration,state_only_no_t0,regimeB_v0_RS_t0,RS_derived,t0 = RS reclamation-onset proxy from NDVI trough; pre2000=left-censored; state_only=undatable in 2000-24 window,aml_listed_not_complete
MINE_US_01877,-78.871636,40.112806,0.3647,2015,9,2015,0.496,0.753,0.257,-0.00329,stable_restoration,rs_t0,regimeB_v0_RS_t0,RS_derived,t0 = RS reclamation-onset proxy from NDVI trough; pre2000=left-censored; state_only=undatable in 2000-24 window,no_aml_match
MINE_US_01878,-110.855245,41.138297,0.3645,,,2001,0.226,0.366,0.14,0.00515,early_restoration,state_only_no_t0,regimeB_v0_RS_t0,RS_derived,t0 = RS reclamation-onset proxy from NDVI trough; pre2000=left-censored; state_only=undatable in 2000-24 window,no_aml_match
MINE_US_01879,-112.056061,34.783208,0.3638,,,2003,0.039,0.062,0.023,0.00092,degraded,state_only_no_t0,regimeB_v0_RS_t0,RS_derived,t0 = RS reclamation-onset proxy from NDVI trough; pre2000=left-censored; state_only=undatable in 2000-24 window,no_aml_match
MINE_US_01880,-116.212024,40.86782,0.3636,,,2002,0.111,0.157,0.046,0.00162,degraded,state_only_no_t0,regimeB_v0_RS_t0,RS_derived,t0 = RS reclamation-onset proxy from NDVI trough; pre2000=left-censored; state_only=undatable in 2000-24 window,no_aml_match
MINE_US_01881,-83.514194,37.370014,0.3635,2014,10,2014,0.718,0.859,0.142,-0.00041,stable_restoration,rs_t0,regimeB_v0_RS_t0,RS_derived,t0 = RS reclamation-onset proxy from NDVI trough; pre2000=left-censored; state_only=undatable in 2000-24 window,no_aml_match
MINE_US_01882,-108.163788,32.711488,0.3632,,,2020,0.086,0.094,0.007,-0.00209,degraded,state_only_no_t0,regimeB_v0_RS_t0,RS_derived,t0 = RS reclamation-onset proxy from NDVI trough; pre2000=left-censored; state_only=undatable in 2000-24 window,no_aml_match
MINE_US_01883,-117.109372,38.743692,0.3622,,,2002,0.076,0.119,0.043,0.0017,degraded,state_only_no_t0,regimeB_v0_RS_t0,RS_derived,t0 = RS reclamation-onset proxy from NDVI trough; pre2000=left-censored; state_only=undatable in 2000-24 window,no_aml_match
MINE_US_01884,-82.956892,36.715788,0.362,pre2000,,2001,0.398,0.512,0.114,0.00491,stable_restoration,censored_pre2000,regimeB_v0_RS_t0,RS_derived,t0 = RS reclamation-onset proxy from NDVI trough; pre2000=left-censored; state_only=undatable in 2000-24 window,no_aml_match
MINE_US_01885,-110.074714,31.683679,0.3618,,,2007,0.128,0.218,0.089,0.00277,degraded,state_only_no_t0,regimeB_v0_RS_t0,RS_derived,t0 = RS reclamation-onset proxy from NDVI trough; pre2000=left-censored; state_only=undatable in 2000-24 window,no_aml_match
MINE_US_01886,-111.397424,40.719099,0.3616,,,2020,0.172,0.194,0.021,-0.00428,degraded,state_only_no_t0,regimeB_v0_RS_t0,RS_derived,t0 = RS reclamation-onset proxy from NDVI trough; pre2000=left-censored; state_only=undatable in 2000-24 window,no_aml_match
MINE_US_01887,-114.902153,35.436073,0.3614,,,2001,0.07,0.087,0.017,0.00056,degraded,state_only_no_t0,regimeB_v0_RS_t0,RS_derived,t0 = RS reclamation-onset proxy from NDVI trough; pre2000=left-censored; state_only=undatable in 2000-24 window,no_aml_match
MINE_US_01888,-87.31286,39.357081,0.3602,pre2000,,2000,0.462,0.689,0.227,0.01048,stable_restoration,censored_pre2000,regimeB_v0_RS_t0,RS_derived,t0 = RS reclamation-onset proxy from NDVI trough; pre2000=left-censored; state_only=undatable in 2000-24 window,no_aml_match
MINE_US_01889,-82.552484,38.94772,0.3597,,,2006,0.324,0.452,0.128,0.0052,early_restoration,state_only_no_t0,regimeB_v0_RS_t0,RS_derived,t0 = RS reclamation-onset proxy from NDVI trough; pre2000=left-censored; state_only=undatable in 2000-24 window,no_aml_match
MINE_US_01890,-85.740894,34.749507,0.3582,2002,22,2002,0.525,0.693,0.168,0.00395,stable_restoration,rs_t0,regimeB_v0_RS_t0,RS_derived,t0 = RS reclamation-onset proxy from NDVI trough; pre2000=left-censored; state_only=undatable in 2000-24 window,no_aml_match
MINE_US_01891,-90.0927,37.882944,0.3575,,,2024,0.252,0.271,0.019,-0.01309,early_restoration,state_only_no_t0,regimeB_v0_RS_t0,RS_derived,t0 = RS reclamation-onset proxy from NDVI trough; pre2000=left-censored; state_only=undatable in 2000-24 window,no_aml_match
MINE_US_01892,-108.483711,38.204423,0.3553,,,2002,0.141,0.216,0.075,0.00248,degraded,state_only_no_t0,regimeB_v0_RS_t0,RS_derived,t0 = RS reclamation-onset proxy from NDVI trough; pre2000=left-censored; state_only=undatable in 2000-24 window,no_aml_match
MINE_US_01893,-112.135055,40.596678,0.3553,,,2001,0.17,0.254,0.083,0.00299,early_restoration,state_only_no_t0,regimeB_v0_RS_t0,RS_derived,t0 = RS reclamation-onset proxy from NDVI trough; pre2000=left-censored; state_only=undatable in 2000-24 window,no_aml_match
MINE_US_01894,-74.599391,41.094677,0.3544,,,2021,0.288,0.291,0.003,-0.01351,early_restoration,state_only_no_t0,regimeB_v0_RS_t0,RS_derived,t0 = RS reclamation-onset proxy from NDVI trough; pre2000=left-censored; state_only=undatable in 2000-24 window,no_aml_match
MINE_US_01895,-111.367517,33.054883,0.3544,,,2024,0.075,0.086,0.011,0.00024,degraded,state_only_no_t0,regimeB_v0_RS_t0,RS_derived,t0 = RS reclamation-onset proxy from NDVI trough; pre2000=left-censored; state_only=undatable in 2000-24 window,no_aml_match
MINE_US_01896,-107.054765,44.958366,0.3537,,,2003,0.133,0.266,0.133,0.00539,early_restoration,state_only_no_t0,regimeB_v0_RS_t0,RS_derived,t0 = RS reclamation-onset proxy from NDVI trough; pre2000=left-censored; state_only=undatable in 2000-24 window,no_aml_match
MINE_US_01897,-85.357047,43.833708,0.3537,pre2000,,2000,0.451,0.544,0.093,0.00405,stable_restoration,censored_pre2000,regimeB_v0_RS_t0,RS_derived,t0 = RS reclamation-onset proxy from NDVI trough; pre2000=left-censored; state_only=undatable in 2000-24 window,no_aml_match
MINE_US_01898,-117.037858,40.560998,0.3535,,,2012,0.08,0.098,0.018,-0.00044,degraded,state_only_no_t0,regimeB_v0_RS_t0,RS_derived,t0 = RS reclamation-onset proxy from NDVI trough; pre2000=left-censored; state_only=undatable in 2000-24 window,no_aml_match
MINE_US_01899,-118.286352,40.48775,0.3529,,,2001,0.104,0.177,0.073,0.0027,degraded,state_only_no_t0,regimeB_v0_RS_t0,RS_derived,t0 = RS reclamation-onset proxy from NDVI trough; pre2000=left-censored; state_only=undatable in 2000-24 window,no_aml_match
MINE_US_01900,-116.769468,43.010785,0.3525,,,2000,0.135,0.288,0.152,0.0059,early_restoration,state_only_no_t0,regimeB_v0_RS_t0,RS_derived,t0 = RS reclamation-onset proxy from NDVI trough; pre2000=left-censored; state_only=undatable in 2000-24 window,no_aml_match
MINE_US_01901,-83.541978,37.237348,0.3509,2013,11,2013,0.572,0.803,0.231,-0.00609,stable_restoration,rs_t0,regimeB_v0_RS_t0,RS_derived,t0 = RS reclamation-onset proxy from NDVI trough; pre2000=left-censored; state_only=undatable in 2000-24 window,no_aml_match
MINE_US_01902,-83.590281,37.223801,0.3508,pre2000,,2013,0.406,0.502,0.096,-0.02261,stable_restoration,censored_pre2000,regimeB_v0_RS_t0,RS_derived,t0 = RS reclamation-onset proxy from NDVI trough; pre2000=left-censored; state_only=undatable in 2000-24 window,no_aml_match
MINE_US_01903,-79.107319,40.531737,0.35,2013,11,2013,0.54,0.654,0.114,-0.00891,stable_restoration,rs_t0,regimeB_v0_RS_t0,RS_derived,t0 = RS reclamation-onset proxy from NDVI trough; pre2000=left-censored; state_only=undatable in 2000-24 window,aml_listed_not_complete
MINE_US_01904,-115.12885,35.471614,0.3498,,,2001,0.096,0.123,0.027,0.00083,degraded,state_only_no_t0,regimeB_v0_RS_t0,RS_derived,t0 = RS reclamation-onset proxy from NDVI trough; pre2000=left-censored; state_only=undatable in 2000-24 window,no_aml_match
MINE_US_01905,-119.623127,38.835752,0.3494,,,2002,0.189,0.237,0.049,0.00169,early_restoration,state_only_no_t0,regimeB_v0_RS_t0,RS_derived,t0 = RS reclamation-onset proxy from NDVI trough; pre2000=left-censored; state_only=undatable in 2000-24 window,no_aml_match
MINE_US_01906,-101.789646,47.210208,0.3488,2011,13,2011,0.167,0.316,0.149,0.00489,early_restoration,rs_t0,regimeB_v0_RS_t0,RS_derived,t0 = RS reclamation-onset proxy from NDVI trough; pre2000=left-censored; state_only=undatable in 2000-24 window,no_aml_match
MINE_US_01907,-108.45547,46.267799,0.3482,2007,17,2007,0.172,0.34,0.168,0.00539,early_restoration,rs_t0,regimeB_v0_RS_t0,RS_derived,t0 = RS reclamation-onset proxy from NDVI trough; pre2000=left-censored; state_only=undatable in 2000-24 window,no_aml_match
MINE_US_01908,-118.387885,40.24786,0.3475,,,2012,0.064,0.09,0.026,0.00064,degraded,state_only_no_t0,regimeB_v0_RS_t0,RS_derived,t0 = RS reclamation-onset proxy from NDVI trough; pre2000=left-censored; state_only=undatable in 2000-24 window,no_aml_match
MINE_US_01909,-108.003834,32.744078,0.3468,,,2011,0.183,0.259,0.076,0.00248,early_restoration,state_only_no_t0,regimeB_v0_RS_t0,RS_derived,t0 = RS reclamation-onset proxy from NDVI trough; pre2000=left-censored; state_only=undatable in 2000-24 window,no_aml_match
MINE_US_01910,-122.307288,40.736243,0.3457,,,2023,0.354,0.366,0.012,-0.0002,early_restoration,state_only_no_t0,regimeB_v0_RS_t0,RS_derived,t0 = RS reclamation-onset proxy from NDVI trough; pre2000=left-censored; state_only=undatable in 2000-24 window,no_aml_match
MINE_US_01911,-76.815373,40.539519,0.3454,,,2013,0.426,0.458,0.031,-0.0002,early_restoration,state_only_no_t0,regimeB_v0_RS_t0,RS_derived,t0 = RS reclamation-onset proxy from NDVI trough; pre2000=left-censored; state_only=undatable in 2000-24 window,no_aml_match
MINE_US_01912,-76.123944,40.729525,0.3449,2010,14,2010,0.55,0.686,0.137,-0.00038,stable_restoration,rs_t0,regimeB_v0_RS_t0,RS_derived,t0 = RS reclamation-onset proxy from NDVI trough; pre2000=left-censored; state_only=undatable in 2000-24 window,aml_listed_not_complete
MINE_US_01913,-115.131259,44.957248,0.3447,,,2000,0.099,0.193,0.094,0.00411,degraded,state_only_no_t0,regimeB_v0_RS_t0,RS_derived,t0 = RS reclamation-onset proxy from NDVI trough; pre2000=left-censored; state_only=undatable in 2000-24 window,no_aml_match
MINE_US_01914,-78.977026,40.553984,0.3446,2010,14,2010,0.536,0.749,0.213,0.00499,stable_restoration,rs_t0,regimeB_v0_RS_t0,RS_derived,t0 = RS reclamation-onset proxy from NDVI trough; pre2000=left-censored; state_only=undatable in 2000-24 window,no_aml_match
MINE_US_01915,-114.303148,43.596771,0.3446,,,2007,0.179,0.26,0.081,0.00324,early_restoration,state_only_no_t0,regimeB_v0_RS_t0,RS_derived,t0 = RS reclamation-onset proxy from NDVI trough; pre2000=left-censored; state_only=undatable in 2000-24 window,no_aml_match
MINE_US_01916,-86.980772,37.410007,0.3444,2013,11,2013,0.236,0.563,0.327,-0.01507,stable_restoration,rs_t0,regimeB_v0_RS_t0,RS_derived,t0 = RS reclamation-onset proxy from NDVI trough; pre2000=left-censored; state_only=undatable in 2000-24 window,no_aml_match
MINE_US_01917,-75.8955,41.301182,0.3442,pre2000,,2016,0.498,0.556,0.057,-0.0027,stable_restoration,censored_pre2000,regimeB_v0_RS_t0,RS_derived,t0 = RS reclamation-onset proxy from NDVI trough; pre2000=left-censored; state_only=undatable in 2000-24 window,aml_listed_not_complete
MINE_US_01918,-77.88359,37.988606,0.3435,,,2012,0.411,0.47,0.058,-0.00494,early_restoration,state_only_no_t0,regimeB_v0_RS_t0,RS_derived,t0 = RS reclamation-onset proxy from NDVI trough; pre2000=left-censored; state_only=undatable in 2000-24 window,no_aml_match
MINE_US_01919,-92.513198,34.581718,0.3433,,,2013,0.181,0.262,0.081,-0.00894,early_restoration,state_only_no_t0,regimeB_v0_RS_t0,RS_derived,t0 = RS reclamation-onset proxy from NDVI trough; pre2000=left-censored; state_only=undatable in 2000-24 window,no_aml_match
MINE_US_01920,-76.253921,40.901557,0.3429,pre2000,,2008,0.669,0.716,0.047,0.00071,stable_restoration,censored_pre2000,regimeB_v0_RS_t0,RS_derived,t0 = RS reclamation-onset proxy from NDVI trough; pre2000=left-censored; state_only=undatable in 2000-24 window,no_aml_match
MINE_US_01921,-82.480184,38.984464,0.3425,2007,17,2007,0.288,0.63,0.341,0.00891,stable_restoration,rs_t0,regimeB_v0_RS_t0,RS_derived,t0 = RS reclamation-onset proxy from NDVI trough; pre2000=left-censored; state_only=undatable in 2000-24 window,no_aml_match
MINE_US_01922,-119.287089,39.148073,0.3421,,,2001,0.041,0.069,0.028,0.00121,degraded,state_only_no_t0,regimeB_v0_RS_t0,RS_derived,t0 = RS reclamation-onset proxy from NDVI trough; pre2000=left-censored; state_only=undatable in 2000-24 window,no_aml_match
MINE_US_01923,-118.776646,40.266504,0.3419,,,2003,0.075,0.122,0.048,0.00217,degraded,state_only_no_t0,regimeB_v0_RS_t0,RS_derived,t0 = RS reclamation-onset proxy from NDVI trough; pre2000=left-censored; state_only=undatable in 2000-24 window,no_aml_match
MINE_US_01924,-112.350156,33.735512,0.3415,,,2006,0.091,0.125,0.034,0.0012,degraded,state_only_no_t0,regimeB_v0_RS_t0,RS_derived,t0 = RS reclamation-onset proxy from NDVI trough; pre2000=left-censored; state_only=undatable in 2000-24 window,no_aml_match
MINE_US_01925,-111.410065,40.716533,0.3405,,,2020,0.153,0.175,0.022,-0.00373,degraded,state_only_no_t0,regimeB_v0_RS_t0,RS_derived,t0 = RS reclamation-onset proxy from NDVI trough; pre2000=left-censored; state_only=undatable in 2000-24 window,no_aml_match
MINE_US_01926,-78.832264,40.461532,0.3388,2014,10,2014,0.387,0.629,0.243,0.00479,stable_restoration,rs_t0,regimeB_v0_RS_t0,RS_derived,t0 = RS reclamation-onset proxy from NDVI trough; pre2000=left-censored; state_only=undatable in 2000-24 window,aml_listed_not_complete
MINE_US_01927,-116.056821,47.523708,0.3385,,,2000,0.265,0.388,0.123,0.00389,early_restoration,state_only_no_t0,regimeB_v0_RS_t0,RS_derived,t0 = RS reclamation-onset proxy from NDVI trough; pre2000=left-censored; state_only=undatable in 2000-24 window,no_aml_match
MINE_US_01928,-108.563281,47.934696,0.3385,,,2000,0.09,0.187,0.097,0.0047,degraded,state_only_no_t0,regimeB_v0_RS_t0,RS_derived,t0 = RS reclamation-onset proxy from NDVI trough; pre2000=left-censored; state_only=undatable in 2000-24 window,no_aml_match
MINE_US_01929,-105.287521,43.918556,0.3382,,,2007,0.104,0.199,0.095,0.00475,degraded,state_only_no_t0,regimeB_v0_RS_t0,RS_derived,t0 = RS reclamation-onset proxy from NDVI trough; pre2000=left-censored; state_only=undatable in 2000-24 window,no_aml_match
MINE_US_01930,-117.359548,43.66971,0.3381,,,2007,0.147,0.199,0.052,0.0021,degraded,state_only_no_t0,regimeB_v0_RS_t0,RS_derived,t0 = RS reclamation-onset proxy from NDVI trough; pre2000=left-censored; state_only=undatable in 2000-24 window,no_aml_match
MINE_US_01931,-110.996129,33.365537,0.3379,,,2020,0.145,0.165,0.02,-0.00956,degraded,state_only_no_t0,regimeB_v0_RS_t0,RS_derived,t0 = RS reclamation-onset proxy from NDVI trough; pre2000=left-censored; state_only=undatable in 2000-24 window,no_aml_match
MINE_US_01932,-117.215298,35.942638,0.3378,,,2019,-0.025,-0.018,0.007,-0.00143,degraded,state_only_no_t0,regimeB_v0_RS_t0,RS_derived,t0 = RS reclamation-onset proxy from NDVI trough; pre2000=left-censored; state_only=undatable in 2000-24 window,no_aml_match
MINE_US_01933,-115.519855,39.666435,0.3373,,,2003,0.146,0.192,0.046,0.0017,degraded,state_only_no_t0,regimeB_v0_RS_t0,RS_derived,t0 = RS reclamation-onset proxy from NDVI trough; pre2000=left-censored; state_only=undatable in 2000-24 window,no_aml_match
MINE_US_01934,-113.247626,37.75964,0.3371,,,2021,0.093,0.094,0.001,-0.00051,degraded,state_only_no_t0,regimeB_v0_RS_t0,RS_derived,t0 = RS reclamation-onset proxy from NDVI trough; pre2000=left-censored; state_only=undatable in 2000-24 window,no_aml_match
MINE_US_01935,-121.545504,39.565847,0.3369,,,2017,0.162,0.204,0.042,-0.00652,degraded,state_only_no_t0,regimeB_v0_RS_t0,RS_derived,t0 = RS reclamation-onset proxy from NDVI trough; pre2000=left-censored; state_only=undatable in 2000-24 window,no_aml_match
MINE_US_01936,-75.759282,41.357545,0.3362,,,2004,0.251,0.432,0.181,0.00805,early_restoration,state_only_no_t0,regimeB_v0_RS_t0,RS_derived,t0 = RS reclamation-onset proxy from NDVI trough; pre2000=left-censored; state_only=undatable in 2000-24 window,aml_listed_not_complete
MINE_US_01937,-87.044109,37.420907,0.336,2015,9,2015,0.291,0.445,0.155,-0.02705,early_restoration,rs_t0,regimeB_v0_RS_t0,RS_derived,t0 = RS reclamation-onset proxy from NDVI trough; pre2000=left-censored; state_only=undatable in 2000-24 window,no_aml_match
MINE_US_01938,-86.935003,37.410409,0.3352,pre2000,,2000,0.276,0.537,0.261,0.01202,stable_restoration,censored_pre2000,regimeB_v0_RS_t0,RS_derived,t0 = RS reclamation-onset proxy from NDVI trough; pre2000=left-censored; state_only=undatable in 2000-24 window,no_aml_match
MINE_US_01939,-115.962993,47.481978,0.3335,pre2000,,2009,0.503,0.568,0.066,0.00279,stable_restoration,censored_pre2000,regimeB_v0_RS_t0,RS_derived,t0 = RS reclamation-onset proxy from NDVI trough; pre2000=left-censored; state_only=undatable in 2000-24 window,no_aml_match
MINE_US_01940,-79.692614,41.047595,0.3326,2014,10,2014,0.614,0.743,0.13,-0.00398,stable_restoration,rs_t0,regimeB_v0_RS_t0,RS_derived,t0 = RS reclamation-onset proxy from NDVI trough; pre2000=left-censored; state_only=undatable in 2000-24 window,aml_listed_not_complete
MINE_US_01941,-106.176452,42.364714,0.3325,,,2005,0.097,0.194,0.097,0.00464,degraded,state_only_no_t0,regimeB_v0_RS_t0,RS_derived,t0 = RS reclamation-onset proxy from NDVI trough; pre2000=left-censored; state_only=undatable in 2000-24 window,no_aml_match
MINE_US_01942,-114.263128,43.401294,0.3324,,,2007,0.067,0.095,0.028,0.0003,degraded,state_only_no_t0,regimeB_v0_RS_t0,RS_derived,t0 = RS reclamation-onset proxy from NDVI trough; pre2000=left-censored; state_only=undatable in 2000-24 window,no_aml_match
MINE_US_01943,-79.267656,39.20497,0.3323,,,2009,0.406,0.455,0.049,0.00042,early_restoration,state_only_no_t0,regimeB_v0_RS_t0,RS_derived,t0 = RS reclamation-onset proxy from NDVI trough; pre2000=left-censored; state_only=undatable in 2000-24 window,no_aml_match
MINE_US_01944,-110.863868,41.134013,0.332,,,2007,0.203,0.259,0.056,-0.00015,early_restoration,state_only_no_t0,regimeB_v0_RS_t0,RS_derived,t0 = RS reclamation-onset proxy from NDVI trough; pre2000=left-censored; state_only=undatable in 2000-24 window,no_aml_match
MINE_US_01945,-112.481521,33.903464,0.3318,,,2006,0.113,0.147,0.034,0.00072,degraded,state_only_no_t0,regimeB_v0_RS_t0,RS_derived,t0 = RS reclamation-onset proxy from NDVI trough; pre2000=left-censored; state_only=undatable in 2000-24 window,no_aml_match
MINE_US_01946,-80.396355,34.67915,0.3315,,,2000,0.237,0.44,0.203,0.00786,early_restoration,state_only_no_t0,regimeB_v0_RS_t0,RS_derived,t0 = RS reclamation-onset proxy from NDVI trough; pre2000=left-censored; state_only=undatable in 2000-24 window,no_aml_match
MINE_US_01947,-83.080722,37.240236,0.3314,2013,11,2013,0.557,0.755,0.198,-0.00732,stable_restoration,rs_t0,regimeB_v0_RS_t0,RS_derived,t0 = RS reclamation-onset proxy from NDVI trough; pre2000=left-censored; state_only=undatable in 2000-24 window,no_aml_match
MINE_US_01948,-76.365826,40.690683,0.3308,2016,8,2016,0.346,0.52,0.173,-0.00763,stable_restoration,rs_t0,regimeB_v0_RS_t0,RS_derived,t0 = RS reclamation-onset proxy from NDVI trough; pre2000=left-censored; state_only=undatable in 2000-24 window,aml_listed_not_complete
MINE_US_01949,-82.94537,37.545524,0.3304,2011,13,2011,0.543,0.831,0.288,-0.00312,stable_restoration,rs_t0,regimeB_v0_RS_t0,RS_derived,t0 = RS reclamation-onset proxy from NDVI trough; pre2000=left-censored; state_only=undatable in 2000-24 window,no_aml_match
MINE_US_01950,-80.415366,40.643908,0.3301,,,2019,0.355,0.414,0.058,-0.00081,early_restoration,state_only_no_t0,regimeB_v0_RS_t0,RS_derived,t0 = RS reclamation-onset proxy from NDVI trough; pre2000=left-censored; state_only=undatable in 2000-24 window,no_aml_match
MINE_US_01951,-117.695841,35.429294,0.33,,,2007,0.044,0.09,0.046,0.0013,degraded,state_only_no_t0,regimeB_v0_RS_t0,RS_derived,t0 = RS reclamation-onset proxy from NDVI trough; pre2000=left-censored; state_only=undatable in 2000-24 window,no_aml_match
MINE_US_01952,-98.580545,27.437607,0.3299,2000,24,2000,0.267,0.59,0.323,0.00621,stable_restoration,rs_t0,regimeB_v0_RS_t0,RS_derived,t0 = RS reclamation-onset proxy from NDVI trough; pre2000=left-censored; state_only=undatable in 2000-24 window,no_aml_match
MINE_US_01953,-111.071293,33.34283,0.3297,,,2008,0.075,0.174,0.1,-0.00164,degraded,state_only_no_t0,regimeB_v0_RS_t0,RS_derived,t0 = RS reclamation-onset proxy from NDVI trough; pre2000=left-censored; state_only=undatable in 2000-24 window,no_aml_match
MINE_US_01954,-76.570083,40.7783,0.3285,pre2000,,2000,0.485,0.633,0.147,0.00457,stable_restoration,censored_pre2000,regimeB_v0_RS_t0,RS_derived,t0 = RS reclamation-onset proxy from NDVI trough; pre2000=left-censored; state_only=undatable in 2000-24 window,aml_listed_not_complete
MINE_US_01955,-82.655894,36.913496,0.3283,,,2011,0.366,0.473,0.108,0.00235,early_restoration,state_only_no_t0,regimeB_v0_RS_t0,RS_derived,t0 = RS reclamation-onset proxy from NDVI trough; pre2000=left-censored; state_only=undatable in 2000-24 window,no_aml_match
MINE_US_01956,-82.15323,37.419725,0.328,2009,15,2009,0.394,0.769,0.375,-0.0041,stable_restoration,rs_t0,regimeB_v0_RS_t0,RS_derived,t0 = RS reclamation-onset proxy from NDVI trough; pre2000=left-censored; state_only=undatable in 2000-24 window,no_aml_match
MINE_US_01957,-83.998551,36.683517,0.3274,pre2000,,2001,0.541,0.56,0.019,2e-05,stable_restoration,censored_pre2000,regimeB_v0_RS_t0,RS_derived,t0 = RS reclamation-onset proxy from NDVI trough; pre2000=left-censored; state_only=undatable in 2000-24 window,no_aml_match
MINE_US_01958,-118.735278,38.425722,0.3263,,,2013,0.164,0.203,0.039,0.00085,degraded,state_only_no_t0,regimeB_v0_RS_t0,RS_derived,t0 = RS reclamation-onset proxy from NDVI trough; pre2000=left-censored; state_only=undatable in 2000-24 window,no_aml_match
MINE_US_01959,-80.140182,39.11274,0.326,2009,15,2009,0.323,0.525,0.201,-0.00738,relapse_degradation,rs_t0,regimeB_v0_RS_t0,RS_derived,t0 = RS reclamation-onset proxy from NDVI trough; pre2000=left-censored; state_only=undatable in 2000-24 window,no_aml_match
MINE_US_01960,-104.94489,44.577402,0.3259,,,2001,0.262,0.324,0.062,0.0002,early_restoration,state_only_no_t0,regimeB_v0_RS_t0,RS_derived,t0 = RS reclamation-onset proxy from NDVI trough; pre2000=left-censored; state_only=undatable in 2000-24 window,no_aml_match
MINE_US_01961,-81.926252,38.957084,0.3253,,,2013,0.397,0.443,0.046,0.00167,early_restoration,state_only_no_t0,regimeB_v0_RS_t0,RS_derived,t0 = RS reclamation-onset proxy from NDVI trough; pre2000=left-censored; state_only=undatable in 2000-24 window,no_aml_match
MINE_US_01962,-113.251417,37.74973,0.3251,,,2001,0.114,0.149,0.036,0.00133,degraded,state_only_no_t0,regimeB_v0_RS_t0,RS_derived,t0 = RS reclamation-onset proxy from NDVI trough; pre2000=left-censored; state_only=undatable in 2000-24 window,no_aml_match
MINE_US_01963,-87.1017,33.80938,0.3249,2014,10,2014,0.318,0.502,0.184,-0.02032,stable_restoration,rs_t0,regimeB_v0_RS_t0,RS_derived,t0 = RS reclamation-onset proxy from NDVI trough; pre2000=left-censored; state_only=undatable in 2000-24 window,no_aml_match
MINE_US_01964,-87.071654,37.404565,0.3243,2011,13,2011,0.276,0.584,0.308,-0.01793,stable_restoration,rs_t0,regimeB_v0_RS_t0,RS_derived,t0 = RS reclamation-onset proxy from NDVI trough; pre2000=left-censored; state_only=undatable in 2000-24 window,no_aml_match
MINE_US_01965,-112.505564,45.619263,0.3235,,,2011,0.127,0.17,0.043,0.00161,degraded,state_only_no_t0,regimeB_v0_RS_t0,RS_derived,t0 = RS reclamation-onset proxy from NDVI trough; pre2000=left-censored; state_only=undatable in 2000-24 window,no_aml_match
MINE_US_01966,-87.198537,33.699624,0.323,,,2015,0.288,0.358,0.07,-0.00568,early_restoration,state_only_no_t0,regimeB_v0_RS_t0,RS_derived,t0 = RS reclamation-onset proxy from NDVI trough; pre2000=left-censored; state_only=undatable in 2000-24 window,no_aml_match
MINE_US_01967,-79.927549,39.886296,0.3228,pre2000,,2001,0.354,0.533,0.178,0.00692,stable_restoration,censored_pre2000,regimeB_v0_RS_t0,RS_derived,t0 = RS reclamation-onset proxy from NDVI trough; pre2000=left-censored; state_only=undatable in 2000-24 window,no_aml_match
MINE_US_01968,-81.362871,40.34638,0.3227,2014,10,2014,0.361,0.693,0.332,-0.0094,stable_restoration,rs_t0,regimeB_v0_RS_t0,RS_derived,t0 = RS reclamation-onset proxy from NDVI trough; pre2000=left-censored; state_only=undatable in 2000-24 window,no_aml_match
MINE_US_01969,-116.754648,43.017999,0.3227,,,2000,0.096,0.164,0.068,0.00294,degraded,state_only_no_t0,regimeB_v0_RS_t0,RS_derived,t0 = RS reclamation-onset proxy from NDVI trough; pre2000=left-censored; state_only=undatable in 2000-24 window,no_aml_match
MINE_US_01970,-118.340939,35.123576,0.3226,,,2003,0.112,0.185,0.073,0.00323,degraded,state_only_no_t0,regimeB_v0_RS_t0,RS_derived,t0 = RS reclamation-onset proxy from NDVI trough; pre2000=left-censored; state_only=undatable in 2000-24 window,no_aml_match
MINE_US_01971,-108.809409,38.073367,0.3222,,,2002,0.094,0.144,0.05,0.00209,degraded,state_only_no_t0,regimeB_v0_RS_t0,RS_derived,t0 = RS reclamation-onset proxy from NDVI trough; pre2000=left-censored; state_only=undatable in 2000-24 window,no_aml_match
MINE_US_01972,-114.005447,40.798226,0.3217,,,2008,0.062,0.114,0.052,0.00288,degraded,state_only_no_t0,regimeB_v0_RS_t0,RS_derived,t0 = RS reclamation-onset proxy from NDVI trough; pre2000=left-censored; state_only=undatable in 2000-24 window,no_aml_match
MINE_US_01973,-105.36444,44.090962,0.3213,,,2005,0.144,0.221,0.077,0.00273,early_restoration,state_only_no_t0,regimeB_v0_RS_t0,RS_derived,t0 = RS reclamation-onset proxy from NDVI trough; pre2000=left-censored; state_only=undatable in 2000-24 window,no_aml_match
MINE_US_01974,-78.795254,40.236477,0.3211,pre2000,,2007,0.448,0.545,0.097,-0.0062,stable_restoration,censored_pre2000,regimeB_v0_RS_t0,RS_derived,t0 = RS reclamation-onset proxy from NDVI trough; pre2000=left-censored; state_only=undatable in 2000-24 window,no_aml_match
MINE_US_01975,-116.729904,40.196004,0.3202,,,2020,0.126,0.198,0.073,-0.00135,degraded,state_only_no_t0,regimeB_v0_RS_t0,RS_derived,t0 = RS reclamation-onset proxy from NDVI trough; pre2000=left-censored; state_only=undatable in 2000-24 window,no_aml_match
MINE_US_01976,-87.118822,38.687127,0.32,2011,13,2011,0.456,0.609,0.152,-0.00382,stable_restoration,rs_t0,regimeB_v0_RS_t0,RS_derived,t0 = RS reclamation-onset proxy from NDVI trough; pre2000=left-censored; state_only=undatable in 2000-24 window,no_aml_match
MINE_US_01977,-116.204918,34.737881,0.3198,,,2002,0.064,0.09,0.027,0.00101,degraded,state_only_no_t0,regimeB_v0_RS_t0,RS_derived,t0 = RS reclamation-onset proxy from NDVI trough; pre2000=left-censored; state_only=undatable in 2000-24 window,no_aml_match
MINE_US_01978,-118.848471,38.3062,0.3181,,,2000,0.212,0.291,0.078,0.00322,early_restoration,state_only_no_t0,regimeB_v0_RS_t0,RS_derived,t0 = RS reclamation-onset proxy from NDVI trough; pre2000=left-censored; state_only=undatable in 2000-24 window,no_aml_match
MINE_US_01979,-81.600489,37.480071,0.3178,pre2000,,2014,0.529,0.578,0.049,-0.011,stable_restoration,censored_pre2000,regimeB_v0_RS_t0,RS_derived,t0 = RS reclamation-onset proxy from NDVI trough; pre2000=left-censored; state_only=undatable in 2000-24 window,no_aml_match
MINE_US_01980,-76.36217,40.645107,0.3172,pre2000,,2009,0.618,0.639,0.021,-0.00213,stable_restoration,censored_pre2000,regimeB_v0_RS_t0,RS_derived,t0 = RS reclamation-onset proxy from NDVI trough; pre2000=left-censored; state_only=undatable in 2000-24 window,aml_listed_not_complete
MINE_US_01981,-80.92853,36.840385,0.3172,,,2013,0.167,0.207,0.039,-0.00036,degraded,state_only_no_t0,regimeB_v0_RS_t0,RS_derived,t0 = RS reclamation-onset proxy from NDVI trough; pre2000=left-censored; state_only=undatable in 2000-24 window,no_aml_match
MINE_US_01982,-94.785853,35.093742,0.317,,,2011,0.378,0.417,0.039,-0.00911,early_restoration,state_only_no_t0,regimeB_v0_RS_t0,RS_derived,t0 = RS reclamation-onset proxy from NDVI trough; pre2000=left-censored; state_only=undatable in 2000-24 window,no_aml_match
MINE_US_01983,-76.285034,40.71306,0.3168,pre2000,,2000,0.347,0.712,0.365,0.01857,stable_restoration,censored_pre2000,regimeB_v0_RS_t0,RS_derived,t0 = RS reclamation-onset proxy from NDVI trough; pre2000=left-censored; state_only=undatable in 2000-24 window,aml_listed_not_complete
MINE_US_01984,-78.965949,39.632038,0.3167,,,2017,0.386,0.471,0.085,-0.01993,early_restoration,state_only_no_t0,regimeB_v0_RS_t0,RS_derived,t0 = RS reclamation-onset proxy from NDVI trough; pre2000=left-censored; state_only=undatable in 2000-24 window,no_aml_match
MINE_US_01985,-112.305806,33.703525,0.3157,,,2005,0.05,0.089,0.04,0.00104,degraded,state_only_no_t0,regimeB_v0_RS_t0,RS_derived,t0 = RS reclamation-onset proxy from NDVI trough; pre2000=left-censored; state_only=undatable in 2000-24 window,no_aml_match
MINE_US_01986,-112.235825,38.403529,0.3144,,,2017,0.105,0.194,0.089,-0.00427,degraded,state_only_no_t0,regimeB_v0_RS_t0,RS_derived,t0 = RS reclamation-onset proxy from NDVI trough; pre2000=left-censored; state_only=undatable in 2000-24 window,no_aml_match
MINE_US_01987,-81.012391,38.386491,0.3136,pre2000,,2001,0.489,0.729,0.24,0.00964,stable_restoration,censored_pre2000,regimeB_v0_RS_t0,RS_derived,t0 = RS reclamation-onset proxy from NDVI trough; pre2000=left-censored; state_only=undatable in 2000-24 window,no_aml_match
MINE_US_01988,-78.931801,40.084949,0.313,pre2000,,2001,0.557,0.671,0.114,0.0027,stable_restoration,censored_pre2000,regimeB_v0_RS_t0,RS_derived,t0 = RS reclamation-onset proxy from NDVI trough; pre2000=left-censored; state_only=undatable in 2000-24 window,aml_listed_not_complete
MINE_US_01989,-106.323449,39.23336,0.3127,,,2001,0.07,0.17,0.1,0.00478,degraded,state_only_no_t0,regimeB_v0_RS_t0,RS_derived,t0 = RS reclamation-onset proxy from NDVI trough; pre2000=left-censored; state_only=undatable in 2000-24 window,no_aml_match
MINE_US_01990,-80.845339,40.573269,0.3119,2014,10,2014,0.419,0.705,0.286,0.00115,stable_restoration,rs_t0,regimeB_v0_RS_t0,RS_derived,t0 = RS reclamation-onset proxy from NDVI trough; pre2000=left-censored; state_only=undatable in 2000-24 window,no_aml_match
MINE_US_01991,-78.294122,41.002423,0.3117,2011,13,2011,0.409,0.542,0.133,-0.00305,stable_restoration,rs_t0,regimeB_v0_RS_t0,RS_derived,t0 = RS reclamation-onset proxy from NDVI trough; pre2000=left-censored; state_only=undatable in 2000-24 window,aml_listed_not_complete
MINE_US_01992,-94.781478,36.929195,0.3116,,,2011,0.213,0.299,0.086,-0.00058,early_restoration,state_only_no_t0,regimeB_v0_RS_t0,RS_derived,t0 = RS reclamation-onset proxy from NDVI trough; pre2000=left-censored; state_only=undatable in 2000-24 window,no_aml_match
MINE_US_01993,-110.810913,33.398259,0.3112,,,2003,0.098,0.139,0.041,0.0016,degraded,state_only_no_t0,regimeB_v0_RS_t0,RS_derived,t0 = RS reclamation-onset proxy from NDVI trough; pre2000=left-censored; state_only=undatable in 2000-24 window,no_aml_match
MINE_US_01994,-83.223961,36.430973,0.3109,,,2001,0.241,0.33,0.089,0.00295,early_restoration,state_only_no_t0,regimeB_v0_RS_t0,RS_derived,t0 = RS reclamation-onset proxy from NDVI trough; pre2000=left-censored; state_only=undatable in 2000-24 window,no_aml_match
MINE_US_01995,-118.043732,48.7825,0.3109,,,2008,0.281,0.378,0.097,0.00329,early_restoration,state_only_no_t0,regimeB_v0_RS_t0,RS_derived,t0 = RS reclamation-onset proxy from NDVI trough; pre2000=left-censored; state_only=undatable in 2000-24 window,no_aml_match
MINE_US_01996,-81.804643,27.726306,0.3107,,,2000,0.382,0.478,0.096,0.00478,early_restoration,state_only_no_t0,regimeB_v0_RS_t0,RS_derived,t0 = RS reclamation-onset proxy from NDVI trough; pre2000=left-censored; state_only=undatable in 2000-24 window,no_aml_match
MINE_US_01997,-82.446177,39.123368,0.3105,,,2006,0.245,0.344,0.1,0.00362,early_restoration,state_only_no_t0,regimeB_v0_RS_t0,RS_derived,t0 = RS reclamation-onset proxy from NDVI trough; pre2000=left-censored; state_only=undatable in 2000-24 window,no_aml_match
MINE_US_01998,-89.382015,44.973156,0.3104,2015,9,2015,0.448,0.562,0.114,-0.00257,stable_restoration,rs_t0,regimeB_v0_RS_t0,RS_derived,t0 = RS reclamation-onset proxy from NDVI trough; pre2000=left-censored; state_only=undatable in 2000-24 window,no_aml_match
MINE_US_01999,-83.741586,36.067416,0.3103,,,2017,0.311,0.432,0.121,0.00046,early_restoration,state_only_no_t0,regimeB_v0_RS_t0,RS_derived,t0 = RS reclamation-onset proxy from NDVI trough; pre2000=left-censored; state_only=undatable in 2000-24 window,no_aml_match
MINE_US_02000,-86.925282,33.494962,0.3102,,,2000,0.195,0.262,0.067,0.00249,early_restoration,state_only_no_t0,regimeB_v0_RS_t0,RS_derived,t0 = RS reclamation-onset proxy from NDVI trough; pre2000=left-censored; state_only=undatable in 2000-24 window,no_aml_match
MINE_US_02001,-108.508153,36.61325,0.3102,,,2002,0.062,0.115,0.053,0.00257,degraded,state_only_no_t0,regimeB_v0_RS_t0,RS_derived,t0 = RS reclamation-onset proxy from NDVI trough; pre2000=left-censored; state_only=undatable in 2000-24 window,no_aml_match
MINE_US_02002,-116.63562,40.188937,0.31,,,2020,0.034,0.051,0.017,-0.00419,degraded,state_only_no_t0,regimeB_v0_RS_t0,RS_derived,t0 = RS reclamation-onset proxy from NDVI trough; pre2000=left-censored; state_only=undatable in 2000-24 window,no_aml_match
MINE_US_02003,-94.77412,36.990835,0.3099,,,2000,0.228,0.34,0.112,0.00445,early_restoration,state_only_no_t0,regimeB_v0_RS_t0,RS_derived,t0 = RS reclamation-onset proxy from NDVI trough; pre2000=left-censored; state_only=undatable in 2000-24 window,no_aml_match
MINE_US_02004,-74.627095,41.155987,0.3089,,,2024,0.314,0.337,0.024,-0.00637,early_restoration,state_only_no_t0,regimeB_v0_RS_t0,RS_derived,t0 = RS reclamation-onset proxy from NDVI trough; pre2000=left-censored; state_only=undatable in 2000-24 window,no_aml_match
MINE_US_02005,-80.004175,39.70668,0.3088,pre2000,,2009,0.641,0.728,0.087,0.00126,stable_restoration,censored_pre2000,regimeB_v0_RS_t0,RS_derived,t0 = RS reclamation-onset proxy from NDVI trough; pre2000=left-censored; state_only=undatable in 2000-24 window,no_aml_match
MINE_US_02006,-87.777511,33.87687,0.3086,,,2023,0.326,0.328,0.002,-0.00951,early_restoration,state_only_no_t0,regimeB_v0_RS_t0,RS_derived,t0 = RS reclamation-onset proxy from NDVI trough; pre2000=left-censored; state_only=undatable in 2000-24 window,no_aml_match
MINE_US_02007,-81.692242,38.11959,0.3076,2008,16,2008,0.573,0.717,0.144,0.00107,stable_restoration,rs_t0,regimeB_v0_RS_t0,RS_derived,t0 = RS reclamation-onset proxy from NDVI trough; pre2000=left-censored; state_only=undatable in 2000-24 window,no_aml_match
MINE_US_02008,-83.569604,36.617429,0.3075,,,2009,0.21,0.284,0.073,-0.00217,early_restoration,state_only_no_t0,regimeB_v0_RS_t0,RS_derived,t0 = RS reclamation-onset proxy from NDVI trough; pre2000=left-censored; state_only=undatable in 2000-24 window,no_aml_match
MINE_US_02009,-110.884106,41.179462,0.3075,,,2001,0.164,0.231,0.067,0.00202,early_restoration,state_only_no_t0,regimeB_v0_RS_t0,RS_derived,t0 = RS reclamation-onset proxy from NDVI trough; pre2000=left-censored; state_only=undatable in 2000-24 window,no_aml_match
MINE_US_02010,-101.818927,47.390072,0.3074,,,2008,0.121,0.168,0.048,0.00039,degraded,state_only_no_t0,regimeB_v0_RS_t0,RS_derived,t0 = RS reclamation-onset proxy from NDVI trough; pre2000=left-censored; state_only=undatable in 2000-24 window,no_aml_match
MINE_US_02011,-84.018412,36.678222,0.3073,pre2000,,2000,0.547,0.651,0.104,0.00328,stable_restoration,censored_pre2000,regimeB_v0_RS_t0,RS_derived,t0 = RS reclamation-onset proxy from NDVI trough; pre2000=left-censored; state_only=undatable in 2000-24 window,no_aml_match
MINE_US_02012,-89.518284,38.083925,0.3066,2016,8,2016,0.323,0.46,0.137,-0.00183,early_restoration,rs_t0,regimeB_v0_RS_t0,RS_derived,t0 = RS reclamation-onset proxy from NDVI trough; pre2000=left-censored; state_only=undatable in 2000-24 window,no_aml_match
MINE_US_02013,-80.704318,38.41761,0.3063,2011,13,2011,0.408,0.739,0.331,-0.00482,stable_restoration,rs_t0,regimeB_v0_RS_t0,RS_derived,t0 = RS reclamation-onset proxy from NDVI trough; pre2000=left-censored; state_only=undatable in 2000-24 window,no_aml_match
MINE_US_02014,-86.923699,33.717854,0.3059,2019,5,2019,0.231,0.437,0.206,-0.01755,early_restoration,rs_t0,regimeB_v0_RS_t0,RS_derived,t0 = RS reclamation-onset proxy from NDVI trough; pre2000=left-censored; state_only=undatable in 2000-24 window,no_aml_match
MINE_US_02015,-117.638241,35.349341,0.3058,,,2001,0.016,0.067,0.051,0.00181,degraded,state_only_no_t0,regimeB_v0_RS_t0,RS_derived,t0 = RS reclamation-onset proxy from NDVI trough; pre2000=left-censored; state_only=undatable in 2000-24 window,no_aml_match
MINE_US_02016,-111.84154,39.647421,0.3056,,,2008,0.112,0.152,0.04,0.00078,degraded,state_only_no_t0,regimeB_v0_RS_t0,RS_derived,t0 = RS reclamation-onset proxy from NDVI trough; pre2000=left-censored; state_only=undatable in 2000-24 window,no_aml_match
MINE_US_02017,-84.008261,36.811453,0.3054,2016,8,2016,0.546,0.759,0.212,-0.00284,stable_restoration,rs_t0,regimeB_v0_RS_t0,RS_derived,t0 = RS reclamation-onset proxy from NDVI trough; pre2000=left-censored; state_only=undatable in 2000-24 window,no_aml_match
MINE_US_02018,-94.707661,35.14335,0.3049,pre2000,,2011,0.403,0.584,0.181,0.00749,stable_restoration,censored_pre2000,regimeB_v0_RS_t0,RS_derived,t0 = RS reclamation-onset proxy from NDVI trough; pre2000=left-censored; state_only=undatable in 2000-24 window,no_aml_match
MINE_US_02019,-92.476101,34.676293,0.3047,,,2022,0.294,0.296,0.002,-0.0282,early_restoration,state_only_no_t0,regimeB_v0_RS_t0,RS_derived,t0 = RS reclamation-onset proxy from NDVI trough; pre2000=left-censored; state_only=undatable in 2000-24 window,no_aml_match
MINE_US_02020,-80.064978,39.646275,0.3046,2014,10,2014,0.507,0.653,0.146,-0.01033,stable_restoration,rs_t0,regimeB_v0_RS_t0,RS_derived,t0 = RS reclamation-onset proxy from NDVI trough; pre2000=left-censored; state_only=undatable in 2000-24 window,no_aml_match
MINE_US_02021,-80.066701,39.190098,0.304,,,2024,0.298,0.307,0.009,-0.01036,early_restoration,state_only_no_t0,regimeB_v0_RS_t0,RS_derived,t0 = RS reclamation-onset proxy from NDVI trough; pre2000=left-censored; state_only=undatable in 2000-24 window,no_aml_match
MINE_US_02022,-81.386864,40.637158,0.3035,,,2001,0.404,0.459,0.055,0.00276,early_restoration,state_only_no_t0,regimeB_v0_RS_t0,RS_derived,t0 = RS reclamation-onset proxy from NDVI trough; pre2000=left-censored; state_only=undatable in 2000-24 window,no_aml_match
MINE_US_02023,-80.126982,39.874588,0.3027,pre2000,,2002,0.642,0.764,0.122,0.00558,stable_restoration,censored_pre2000,regimeB_v0_RS_t0,RS_derived,t0 = RS reclamation-onset proxy from NDVI trough; pre2000=left-censored; state_only=undatable in 2000-24 window,no_aml_match
MINE_US_02024,-83.939251,36.870502,0.3026,2012,12,2012,0.463,0.803,0.34,-0.00157,stable_restoration,rs_t0,regimeB_v0_RS_t0,RS_derived,t0 = RS reclamation-onset proxy from NDVI trough; pre2000=left-censored; state_only=undatable in 2000-24 window,no_aml_match
MINE_US_02025,-81.347098,35.22425,0.3025,,,2012,0.177,0.219,0.042,-0.00345,degraded,state_only_no_t0,regimeB_v0_RS_t0,RS_derived,t0 = RS reclamation-onset proxy from NDVI trough; pre2000=left-censored; state_only=undatable in 2000-24 window,no_aml_match
MINE_US_02026,-112.72264,33.582982,0.3024,,,2007,0.062,0.11,0.049,0.00039,degraded,state_only_no_t0,regimeB_v0_RS_t0,RS_derived,t0 = RS reclamation-onset proxy from NDVI trough; pre2000=left-censored; state_only=undatable in 2000-24 window,no_aml_match
MINE_US_02027,-110.776234,31.881779,0.3021,,,2002,0.105,0.168,0.063,0.00286,degraded,state_only_no_t0,regimeB_v0_RS_t0,RS_derived,t0 = RS reclamation-onset proxy from NDVI trough; pre2000=left-censored; state_only=undatable in 2000-24 window,no_aml_match
MINE_US_02028,-106.933489,38.531807,0.3019,,,2004,0.285,0.382,0.097,0.0006,early_restoration,state_only_no_t0,regimeB_v0_RS_t0,RS_derived,t0 = RS reclamation-onset proxy from NDVI trough; pre2000=left-censored; state_only=undatable in 2000-24 window,no_aml_match
MINE_US_02029,-80.197237,39.894579,0.3018,,,2005,0.424,0.498,0.074,0.00418,early_restoration,state_only_no_t0,regimeB_v0_RS_t0,RS_derived,t0 = RS reclamation-onset proxy from NDVI trough; pre2000=left-censored; state_only=undatable in 2000-24 window,no_aml_match
MINE_US_02030,-118.336337,35.029041,0.3016,,,2003,0.095,0.139,0.044,0.0014,degraded,state_only_no_t0,regimeB_v0_RS_t0,RS_derived,t0 = RS reclamation-onset proxy from NDVI trough; pre2000=left-censored; state_only=undatable in 2000-24 window,no_aml_match
MINE_US_02031,-78.332424,40.838192,0.3016,2010,14,2010,0.243,0.59,0.347,-0.00598,stable_restoration,rs_t0,regimeB_v0_RS_t0,RS_derived,t0 = RS reclamation-onset proxy from NDVI trough; pre2000=left-censored; state_only=undatable in 2000-24 window,aml_listed_not_complete
MINE_US_02032,-80.732984,40.040911,0.3006,,,2019,0.241,0.271,0.029,-0.0036,early_restoration,state_only_no_t0,regimeB_v0_RS_t0,RS_derived,t0 = RS reclamation-onset proxy from NDVI trough; pre2000=left-censored; state_only=undatable in 2000-24 window,no_aml_match
MINE_US_02033,-81.857193,33.549716,0.3005,,,2014,0.182,0.252,0.07,-0.00034,early_restoration,state_only_no_t0,regimeB_v0_RS_t0,RS_derived,t0 = RS reclamation-onset proxy from NDVI trough; pre2000=left-censored; state_only=undatable in 2000-24 window,no_aml_match
MINE_US_02034,-87.216734,33.653429,0.3005,,,2016,0.306,0.368,0.062,-0.00388,early_restoration,state_only_no_t0,regimeB_v0_RS_t0,RS_derived,t0 = RS reclamation-onset proxy from NDVI trough; pre2000=left-censored; state_only=undatable in 2000-24 window,no_aml_match
MINE_US_02035,-85.728013,34.783259,0.2994,2013,11,2013,0.355,0.675,0.32,-0.01131,stable_restoration,rs_t0,regimeB_v0_RS_t0,RS_derived,t0 = RS reclamation-onset proxy from NDVI trough; pre2000=left-censored; state_only=undatable in 2000-24 window,no_aml_match
MINE_US_02036,-110.931551,46.532047,0.2993,,,2016,0.178,0.219,0.04,-0.00353,degraded,state_only_no_t0,regimeB_v0_RS_t0,RS_derived,t0 = RS reclamation-onset proxy from NDVI trough; pre2000=left-censored; state_only=undatable in 2000-24 window,no_aml_match
MINE_US_02037,-80.019077,39.722803,0.2987,pre2000,,2005,0.547,0.634,0.087,0.00171,stable_restoration,censored_pre2000,regimeB_v0_RS_t0,RS_derived,t0 = RS reclamation-onset proxy from NDVI trough; pre2000=left-censored; state_only=undatable in 2000-24 window,no_aml_match
MINE_US_02038,-78.297575,40.839114,0.2981,pre2000,,2000,0.381,0.519,0.138,0.00471,stable_restoration,censored_pre2000,regimeB_v0_RS_t0,RS_derived,t0 = RS reclamation-onset proxy from NDVI trough; pre2000=left-censored; state_only=undatable in 2000-24 window,aml_listed_not_complete
MINE_US_02039,-83.946839,36.516036,0.2975,2019,5,2019,0.409,0.515,0.106,-0.00762,stable_restoration,rs_t0,regimeB_v0_RS_t0,RS_derived,t0 = RS reclamation-onset proxy from NDVI trough; pre2000=left-censored; state_only=undatable in 2000-24 window,no_aml_match
MINE_US_02040,-75.896446,41.002514,0.2964,pre2000,,2000,0.539,0.709,0.17,0.00739,stable_restoration,censored_pre2000,regimeB_v0_RS_t0,RS_derived,t0 = RS reclamation-onset proxy from NDVI trough; pre2000=left-censored; state_only=undatable in 2000-24 window,aml_listed_not_complete
MINE_US_02041,-79.931244,39.894254,0.296,2010,14,2010,0.381,0.623,0.242,-0.01352,stable_restoration,rs_t0,regimeB_v0_RS_t0,RS_derived,t0 = RS reclamation-onset proxy from NDVI trough; pre2000=left-censored; state_only=undatable in 2000-24 window,no_aml_match
MINE_US_02042,-88.703191,37.875739,0.296,,,2018,0.352,0.432,0.08,-0.00446,early_restoration,state_only_no_t0,regimeB_v0_RS_t0,RS_derived,t0 = RS reclamation-onset proxy from NDVI trough; pre2000=left-censored; state_only=undatable in 2000-24 window,no_aml_match
MINE_US_02043,-81.898733,38.957762,0.2954,2011,13,2011,0.473,0.594,0.122,-0.01334,stable_restoration,rs_t0,regimeB_v0_RS_t0,RS_derived,t0 = RS reclamation-onset proxy from NDVI trough; pre2000=left-censored; state_only=undatable in 2000-24 window,no_aml_match
MINE_US_02044,-91.822635,47.901034,0.2953,,,2007,0.308,0.389,0.081,0.00151,early_restoration,state_only_no_t0,regimeB_v0_RS_t0,RS_derived,t0 = RS reclamation-onset proxy from NDVI trough; pre2000=left-censored; state_only=undatable in 2000-24 window,no_aml_match
MINE_US_02045,-86.939419,33.488164,0.2944,,,2013,0.154,0.198,0.044,-0.00094,degraded,state_only_no_t0,regimeB_v0_RS_t0,RS_derived,t0 = RS reclamation-onset proxy from NDVI trough; pre2000=left-censored; state_only=undatable in 2000-24 window,no_aml_match
MINE_US_02046,-117.82576,41.395219,0.2944,,,2002,0.108,0.188,0.08,0.00327,degraded,state_only_no_t0,regimeB_v0_RS_t0,RS_derived,t0 = RS reclamation-onset proxy from NDVI trough; pre2000=left-censored; state_only=undatable in 2000-24 window,no_aml_match
MINE_US_02047,-96.084701,31.810298,0.2936,2009,15,2009,0.144,0.308,0.165,-0.01308,relapse_degradation,rs_t0,regimeB_v0_RS_t0,RS_derived,t0 = RS reclamation-onset proxy from NDVI trough; pre2000=left-censored; state_only=undatable in 2000-24 window,no_aml_match
MINE_US_02048,-86.920792,33.724846,0.2933,2018,6,2018,0.408,0.548,0.14,-0.01231,stable_restoration,rs_t0,regimeB_v0_RS_t0,RS_derived,t0 = RS reclamation-onset proxy from NDVI trough; pre2000=left-censored; state_only=undatable in 2000-24 window,no_aml_match
MINE_US_02049,-75.470048,44.38053,0.2926,,,2000,0.222,0.403,0.18,0.00745,early_restoration,state_only_no_t0,regimeB_v0_RS_t0,RS_derived,t0 = RS reclamation-onset proxy from NDVI trough; pre2000=left-censored; state_only=undatable in 2000-24 window,no_aml_match
MINE_US_02050,-117.400365,43.707999,0.2926,,,2003,0.131,0.197,0.066,0.003,degraded,state_only_no_t0,regimeB_v0_RS_t0,RS_derived,t0 = RS reclamation-onset proxy from NDVI trough; pre2000=left-censored; state_only=undatable in 2000-24 window,no_aml_match
MINE_US_02051,-112.244764,45.916193,0.2914,,,2011,0.078,0.104,0.026,-0.00021,degraded,state_only_no_t0,regimeB_v0_RS_t0,RS_derived,t0 = RS reclamation-onset proxy from NDVI trough; pre2000=left-censored; state_only=undatable in 2000-24 window,no_aml_match
MINE_US_02052,-78.286105,40.824513,0.2909,pre2000,,2000,0.266,0.538,0.272,0.01126,stable_restoration,censored_pre2000,regimeB_v0_RS_t0,RS_derived,t0 = RS reclamation-onset proxy from NDVI trough; pre2000=left-censored; state_only=undatable in 2000-24 window,aml_listed_not_complete
MINE_US_02053,-115.820018,40.777972,0.2889,,,2003,-0.09,-0.022,0.068,0.00306,degraded,state_only_no_t0,regimeB_v0_RS_t0,RS_derived,t0 = RS reclamation-onset proxy from NDVI trough; pre2000=left-censored; state_only=undatable in 2000-24 window,no_aml_match
MINE_US_02054,-80.737803,40.765881,0.2887,2010,14,2010,0.533,0.727,0.193,0.00533,stable_restoration,rs_t0,regimeB_v0_RS_t0,RS_derived,t0 = RS reclamation-onset proxy from NDVI trough; pre2000=left-censored; state_only=undatable in 2000-24 window,no_aml_match
MINE_US_02055,-75.806669,40.856289,0.2884,pre2000,,2010,0.44,0.535,0.095,-0.00748,stable_restoration,censored_pre2000,regimeB_v0_RS_t0,RS_derived,t0 = RS reclamation-onset proxy from NDVI trough; pre2000=left-censored; state_only=undatable in 2000-24 window,aml_listed_not_complete
MINE_US_02056,-88.106762,38.070836,0.2883,pre2000,,2011,0.433,0.544,0.112,0.00388,stable_restoration,censored_pre2000,regimeB_v0_RS_t0,RS_derived,t0 = RS reclamation-onset proxy from NDVI trough; pre2000=left-censored; state_only=undatable in 2000-24 window,no_aml_match
MINE_US_02057,-81.709954,38.189315,0.2875,2013,11,2013,0.484,0.761,0.277,-0.00821,stable_restoration,rs_t0,regimeB_v0_RS_t0,RS_derived,t0 = RS reclamation-onset proxy from NDVI trough; pre2000=left-censored; state_only=undatable in 2000-24 window,no_aml_match
MINE_US_02058,-119.649895,39.269016,0.2872,,,2014,0.096,0.12,0.024,-0.00139,degraded,state_only_no_t0,regimeB_v0_RS_t0,RS_derived,t0 = RS reclamation-onset proxy from NDVI trough; pre2000=left-censored; state_only=undatable in 2000-24 window,no_aml_match
MINE_US_02059,-78.198715,40.994901,0.2866,pre2000,,2012,0.451,0.656,0.206,0.00601,stable_restoration,censored_pre2000,regimeB_v0_RS_t0,RS_derived,t0 = RS reclamation-onset proxy from NDVI trough; pre2000=left-censored; state_only=undatable in 2000-24 window,aml_listed_not_complete
MINE_US_02060,-116.473902,40.944834,0.2865,,,2002,0.1,0.168,0.068,0.00325,degraded,state_only_no_t0,regimeB_v0_RS_t0,RS_derived,t0 = RS reclamation-onset proxy from NDVI trough; pre2000=left-censored; state_only=undatable in 2000-24 window,no_aml_match
MINE_US_02061,-112.466366,33.934283,0.2863,,,2006,0.105,0.144,0.04,0.00094,degraded,state_only_no_t0,regimeB_v0_RS_t0,RS_derived,t0 = RS reclamation-onset proxy from NDVI trough; pre2000=left-censored; state_only=undatable in 2000-24 window,no_aml_match
MINE_US_02062,-79.320174,39.213151,0.2855,pre2000,,2014,0.498,0.645,0.147,0.00377,stable_restoration,censored_pre2000,regimeB_v0_RS_t0,RS_derived,t0 = RS reclamation-onset proxy from NDVI trough; pre2000=left-censored; state_only=undatable in 2000-24 window,no_aml_match
MINE_US_02063,-78.636583,40.895522,0.2855,2009,15,2009,0.368,0.563,0.194,0.00095,stable_restoration,rs_t0,regimeB_v0_RS_t0,RS_derived,t0 = RS reclamation-onset proxy from NDVI trough; pre2000=left-censored; state_only=undatable in 2000-24 window,no_aml_match
MINE_US_02064,-111.482539,33.473144,0.2854,,,2002,0.092,0.176,0.084,0.00374,degraded,state_only_no_t0,regimeB_v0_RS_t0,RS_derived,t0 = RS reclamation-onset proxy from NDVI trough; pre2000=left-censored; state_only=undatable in 2000-24 window,no_aml_match
MINE_US_02065,-76.239043,40.654366,0.2853,pre2000,,2016,0.555,0.632,0.076,-0.00048,stable_restoration,censored_pre2000,regimeB_v0_RS_t0,RS_derived,t0 = RS reclamation-onset proxy from NDVI trough; pre2000=left-censored; state_only=undatable in 2000-24 window,no_aml_match
MINE_US_02066,-79.00608,39.532209,0.2851,,,2017,0.39,0.47,0.08,-0.00842,early_restoration,state_only_no_t0,regimeB_v0_RS_t0,RS_derived,t0 = RS reclamation-onset proxy from NDVI trough; pre2000=left-censored; state_only=undatable in 2000-24 window,no_aml_match
MINE_US_02067,-118.545563,40.184009,0.2844,,,2002,0.062,0.118,0.055,0.00232,degraded,state_only_no_t0,regimeB_v0_RS_t0,RS_derived,t0 = RS reclamation-onset proxy from NDVI trough; pre2000=left-censored; state_only=undatable in 2000-24 window,no_aml_match
MINE_US_02068,-118.278462,40.488791,0.2843,,,2001,0.051,0.139,0.088,0.00239,degraded,state_only_no_t0,regimeB_v0_RS_t0,RS_derived,t0 = RS reclamation-onset proxy from NDVI trough; pre2000=left-censored; state_only=undatable in 2000-24 window,no_aml_match
MINE_US_02069,-97.076421,30.550084,0.284,,,2008,0.236,0.322,0.085,0.00292,early_restoration,state_only_no_t0,regimeB_v0_RS_t0,RS_derived,t0 = RS reclamation-onset proxy from NDVI trough; pre2000=left-censored; state_only=undatable in 2000-24 window,no_aml_match
MINE_US_02070,-111.508379,33.019393,0.2836,,,2003,0.066,0.102,0.036,0.00098,degraded,state_only_no_t0,regimeB_v0_RS_t0,RS_derived,t0 = RS reclamation-onset proxy from NDVI trough; pre2000=left-censored; state_only=undatable in 2000-24 window,no_aml_match
MINE_US_02071,-95.421974,36.629915,0.2833,2005,19,2005,0.268,0.501,0.234,-0.00117,stable_restoration,rs_t0,regimeB_v0_RS_t0,RS_derived,t0 = RS reclamation-onset proxy from NDVI trough; pre2000=left-censored; state_only=undatable in 2000-24 window,no_aml_match
MINE_US_02072,-79.124308,40.543702,0.2832,2019,5,2019,0.405,0.511,0.106,-0.0226,stable_restoration,rs_t0,regimeB_v0_RS_t0,RS_derived,t0 = RS reclamation-onset proxy from NDVI trough; pre2000=left-censored; state_only=undatable in 2000-24 window,no_aml_match
MINE_US_02073,-111.636905,46.449286,0.2832,,,2012,0.131,0.158,0.027,-0.0014,degraded,state_only_no_t0,regimeB_v0_RS_t0,RS_derived,t0 = RS reclamation-onset proxy from NDVI trough; pre2000=left-censored; state_only=undatable in 2000-24 window,no_aml_match
MINE_US_02074,-83.539561,37.353153,0.2822,2011,13,2011,0.601,0.777,0.176,-0.00441,stable_restoration,rs_t0,regimeB_v0_RS_t0,RS_derived,t0 = RS reclamation-onset proxy from NDVI trough; pre2000=left-censored; state_only=undatable in 2000-24 window,no_aml_match
MINE_US_02075,-67.256644,45.038236,0.2822,pre2000,,2019,0.516,0.535,0.019,-0.00741,stable_restoration,censored_pre2000,regimeB_v0_RS_t0,RS_derived,t0 = RS reclamation-onset proxy from NDVI trough; pre2000=left-censored; state_only=undatable in 2000-24 window,no_aml_match
MINE_US_02076,-104.937404,41.183713,0.2817,,,2015,0.16,0.247,0.087,-0.00044,early_restoration,state_only_no_t0,regimeB_v0_RS_t0,RS_derived,t0 = RS reclamation-onset proxy from NDVI trough; pre2000=left-censored; state_only=undatable in 2000-24 window,no_aml_match
MINE_US_02077,-101.275339,47.135525,0.2807,2007,17,2007,0.454,0.615,0.162,0.00457,stable_restoration,rs_t0,regimeB_v0_RS_t0,RS_derived,t0 = RS reclamation-onset proxy from NDVI trough; pre2000=left-censored; state_only=undatable in 2000-24 window,no_aml_match
MINE_US_02078,-116.530269,40.71032,0.2801,,,2013,0.071,0.126,0.055,0.00055,degraded,state_only_no_t0,regimeB_v0_RS_t0,RS_derived,t0 = RS reclamation-onset proxy from NDVI trough; pre2000=left-censored; state_only=undatable in 2000-24 window,no_aml_match
MINE_US_02079,-82.696557,36.932903,0.2799,2019,5,2019,0.435,0.645,0.21,-0.01337,stable_restoration,rs_t0,regimeB_v0_RS_t0,RS_derived,t0 = RS reclamation-onset proxy from NDVI trough; pre2000=left-censored; state_only=undatable in 2000-24 window,no_aml_match
MINE_US_02080,-89.62132,38.185633,0.2799,,,2015,0.404,0.47,0.066,-0.01205,early_restoration,state_only_no_t0,regimeB_v0_RS_t0,RS_derived,t0 = RS reclamation-onset proxy from NDVI trough; pre2000=left-censored; state_only=undatable in 2000-24 window,no_aml_match
MINE_US_02081,-106.539067,41.889865,0.2797,,,2005,0.119,0.209,0.09,0.00431,degraded,state_only_no_t0,regimeB_v0_RS_t0,RS_derived,t0 = RS reclamation-onset proxy from NDVI trough; pre2000=left-censored; state_only=undatable in 2000-24 window,no_aml_match
MINE_US_02082,-113.858133,42.131234,0.2795,,,2009,0.147,0.156,0.01,-0.00296,degraded,state_only_no_t0,regimeB_v0_RS_t0,RS_derived,t0 = RS reclamation-onset proxy from NDVI trough; pre2000=left-censored; state_only=undatable in 2000-24 window,no_aml_match
MINE_US_02083,-80.676124,40.195403,0.2788,,,2015,0.321,0.344,0.023,-0.01536,early_restoration,state_only_no_t0,regimeB_v0_RS_t0,RS_derived,t0 = RS reclamation-onset proxy from NDVI trough; pre2000=left-censored; state_only=undatable in 2000-24 window,no_aml_match
MINE_US_02084,-87.0393,37.233613,0.278,,,2011,0.412,0.444,0.032,-0.00188,early_restoration,state_only_no_t0,regimeB_v0_RS_t0,RS_derived,t0 = RS reclamation-onset proxy from NDVI trough; pre2000=left-censored; state_only=undatable in 2000-24 window,no_aml_match
MINE_US_02085,-115.513544,39.967695,0.2775,,,2003,0.158,0.223,0.065,0.00253,early_restoration,state_only_no_t0,regimeB_v0_RS_t0,RS_derived,t0 = RS reclamation-onset proxy from NDVI trough; pre2000=left-censored; state_only=undatable in 2000-24 window,no_aml_match
MINE_US_02086,-79.730665,41.032367,0.2774,2015,9,2015,0.548,0.737,0.189,-0.00745,stable_restoration,rs_t0,regimeB_v0_RS_t0,RS_derived,t0 = RS reclamation-onset proxy from NDVI trough; pre2000=left-censored; state_only=undatable in 2000-24 window,aml_listed_not_complete
MINE_US_02087,-122.975365,41.828167,0.2764,,,2024,0.282,0.298,0.016,-0.00024,early_restoration,state_only_no_t0,regimeB_v0_RS_t0,RS_derived,t0 = RS reclamation-onset proxy from NDVI trough; pre2000=left-censored; state_only=undatable in 2000-24 window,no_aml_match
MINE_US_02088,-116.50229,40.179422,0.2764,,,2002,0.185,0.223,0.038,0.00166,early_restoration,state_only_no_t0,regimeB_v0_RS_t0,RS_derived,t0 = RS reclamation-onset proxy from NDVI trough; pre2000=left-censored; state_only=undatable in 2000-24 window,no_aml_match
MINE_US_02089,-86.888561,33.728088,0.2759,2019,5,2019,0.453,0.598,0.145,-0.00739,relapse_degradation,rs_t0,regimeB_v0_RS_t0,RS_derived,t0 = RS reclamation-onset proxy from NDVI trough; pre2000=left-censored; state_only=undatable in 2000-24 window,no_aml_match
MINE_US_02090,-82.030299,39.701254,0.2757,2015,9,2015,0.499,0.668,0.169,-0.00645,stable_restoration,rs_t0,regimeB_v0_RS_t0,RS_derived,t0 = RS reclamation-onset proxy from NDVI trough; pre2000=left-censored; state_only=undatable in 2000-24 window,no_aml_match
MINE_US_02091,-76.382341,40.787723,0.2753,2009,15,2009,0.521,0.756,0.235,-0.00539,stable_restoration,rs_t0,regimeB_v0_RS_t0,RS_derived,t0 = RS reclamation-onset proxy from NDVI trough; pre2000=left-censored; state_only=undatable in 2000-24 window,aml_listed_not_complete
MINE_US_02092,-111.464395,33.001275,0.2747,,,2002,0.066,0.116,0.049,0.00217,degraded,state_only_no_t0,regimeB_v0_RS_t0,RS_derived,t0 = RS reclamation-onset proxy from NDVI trough; pre2000=left-censored; state_only=undatable in 2000-24 window,no_aml_match
MINE_US_02093,-98.479677,28.685959,0.2742,,,2010,0.183,0.253,0.07,0.00261,early_restoration,state_only_no_t0,regimeB_v0_RS_t0,RS_derived,t0 = RS reclamation-onset proxy from NDVI trough; pre2000=left-censored; state_only=undatable in 2000-24 window,no_aml_match
MINE_US_02094,-111.431861,33.010767,0.2736,,,2002,0.062,0.102,0.04,0.00188,degraded,state_only_no_t0,regimeB_v0_RS_t0,RS_derived,t0 = RS reclamation-onset proxy from NDVI trough; pre2000=left-censored; state_only=undatable in 2000-24 window,no_aml_match
MINE_US_02095,-123.015242,40.732961,0.2732,,,2006,0.154,0.17,0.016,-0.0001,degraded,state_only_no_t0,regimeB_v0_RS_t0,RS_derived,t0 = RS reclamation-onset proxy from NDVI trough; pre2000=left-censored; state_only=undatable in 2000-24 window,no_aml_match
MINE_US_02096,-76.419985,40.633053,0.2723,pre2000,,2022,0.539,0.547,0.008,-0.00054,stable_restoration,censored_pre2000,regimeB_v0_RS_t0,RS_derived,t0 = RS reclamation-onset proxy from NDVI trough; pre2000=left-censored; state_only=undatable in 2000-24 window,aml_listed_not_complete
MINE_US_02097,-80.059092,39.197397,0.2723,,,2021,0.423,0.429,0.006,-0.0019,early_restoration,state_only_no_t0,regimeB_v0_RS_t0,RS_derived,t0 = RS reclamation-onset proxy from NDVI trough; pre2000=left-censored; state_only=undatable in 2000-24 window,no_aml_match
MINE_US_02098,-87.277549,33.693199,0.2713,2003,21,2003,0.193,0.403,0.21,0.00568,early_restoration,rs_t0,regimeB_v0_RS_t0,RS_derived,t0 = RS reclamation-onset proxy from NDVI trough; pre2000=left-censored; state_only=undatable in 2000-24 window,no_aml_match
MINE_US_02099,-100.51204,28.816212,0.2707,2011,13,2011,0.121,0.263,0.142,-0.00368,early_restoration,rs_t0,regimeB_v0_RS_t0,RS_derived,t0 = RS reclamation-onset proxy from NDVI trough; pre2000=left-censored; state_only=undatable in 2000-24 window,no_aml_match
MINE_US_02100,-86.93174,33.483636,0.2704,,,2000,0.121,0.201,0.08,0.00277,degraded,state_only_no_t0,regimeB_v0_RS_t0,RS_derived,t0 = RS reclamation-onset proxy from NDVI trough; pre2000=left-censored; state_only=undatable in 2000-24 window,no_aml_match
MINE_US_02101,-83.623046,37.120756,0.27,2014,10,2014,0.613,0.789,0.176,-0.00753,stable_restoration,rs_t0,regimeB_v0_RS_t0,RS_derived,t0 = RS reclamation-onset proxy from NDVI trough; pre2000=left-censored; state_only=undatable in 2000-24 window,no_aml_match
MINE_US_02102,-82.076389,39.517564,0.2699,2007,17,2007,0.516,0.776,0.261,0.0061,stable_restoration,rs_t0,regimeB_v0_RS_t0,RS_derived,t0 = RS reclamation-onset proxy from NDVI trough; pre2000=left-censored; state_only=undatable in 2000-24 window,no_aml_match
MINE_US_02103,-116.810918,36.911675,0.2695,,,2013,0.05,0.073,0.023,0.00075,degraded,state_only_no_t0,regimeB_v0_RS_t0,RS_derived,t0 = RS reclamation-onset proxy from NDVI trough; pre2000=left-censored; state_only=undatable in 2000-24 window,no_aml_match
MINE_US_02104,-105.927879,42.817938,0.2689,,,2012,0.131,0.184,0.053,-0.00216,degraded,state_only_no_t0,regimeB_v0_RS_t0,RS_derived,t0 = RS reclamation-onset proxy from NDVI trough; pre2000=left-censored; state_only=undatable in 2000-24 window,no_aml_match
MINE_US_02105,-80.645885,40.273001,0.2686,,,2022,0.276,0.288,0.012,-0.0073,early_restoration,state_only_no_t0,regimeB_v0_RS_t0,RS_derived,t0 = RS reclamation-onset proxy from NDVI trough; pre2000=left-censored; state_only=undatable in 2000-24 window,no_aml_match
MINE_US_02106,-106.711174,45.063378,0.2683,,,2007,0.238,0.359,0.121,0.00397,early_restoration,state_only_no_t0,regimeB_v0_RS_t0,RS_derived,t0 = RS reclamation-onset proxy from NDVI trough; pre2000=left-censored; state_only=undatable in 2000-24 window,no_aml_match
MINE_US_02107,-76.423254,40.788153,0.2681,pre2000,,2000,0.437,0.503,0.067,0.00228,stable_restoration,censored_pre2000,regimeB_v0_RS_t0,RS_derived,t0 = RS reclamation-onset proxy from NDVI trough; pre2000=left-censored; state_only=undatable in 2000-24 window,aml_listed_not_complete
MINE_US_02108,-110.777134,31.874847,0.2676,,,2021,0.081,0.084,0.002,-0.00118,degraded,state_only_no_t0,regimeB_v0_RS_t0,RS_derived,t0 = RS reclamation-onset proxy from NDVI trough; pre2000=left-censored; state_only=undatable in 2000-24 window,no_aml_match
MINE_US_02109,-81.844365,37.489868,0.2662,pre2000,,2003,0.638,0.77,0.132,0.0044,stable_restoration,censored_pre2000,regimeB_v0_RS_t0,RS_derived,t0 = RS reclamation-onset proxy from NDVI trough; pre2000=left-censored; state_only=undatable in 2000-24 window,no_aml_match
MINE_US_02110,-79.144685,40.979018,0.2659,,,2000,0.322,0.477,0.154,0.00671,early_restoration,state_only_no_t0,regimeB_v0_RS_t0,RS_derived,t0 = RS reclamation-onset proxy from NDVI trough; pre2000=left-censored; state_only=undatable in 2000-24 window,no_aml_match
MINE_US_02111,-95.568491,33.069521,0.2655,pre2000,,2005,0.423,0.521,0.098,0.00265,stable_restoration,censored_pre2000,regimeB_v0_RS_t0,RS_derived,t0 = RS reclamation-onset proxy from NDVI trough; pre2000=left-censored; state_only=undatable in 2000-24 window,no_aml_match
MINE_US_02112,-111.234562,31.459131,0.2652,,,2006,0.177,0.314,0.137,0.00484,early_restoration,state_only_no_t0,regimeB_v0_RS_t0,RS_derived,t0 = RS reclamation-onset proxy from NDVI trough; pre2000=left-censored; state_only=undatable in 2000-24 window,no_aml_match
MINE_US_02113,-80.73124,40.024863,0.2649,,,2019,0.215,0.241,0.025,-0.0014,early_restoration,state_only_no_t0,regimeB_v0_RS_t0,RS_derived,t0 = RS reclamation-onset proxy from NDVI trough; pre2000=left-censored; state_only=undatable in 2000-24 window,no_aml_match
MINE_US_02114,-104.942678,44.569582,0.2649,,,2001,0.278,0.428,0.15,0.00634,early_restoration,state_only_no_t0,regimeB_v0_RS_t0,RS_derived,t0 = RS reclamation-onset proxy from NDVI trough; pre2000=left-censored; state_only=undatable in 2000-24 window,no_aml_match
MINE_US_02115,-78.781672,40.883551,0.2646,,,2013,0.344,0.429,0.085,-0.01853,early_restoration,state_only_no_t0,regimeB_v0_RS_t0,RS_derived,t0 = RS reclamation-onset proxy from NDVI trough; pre2000=left-censored; state_only=undatable in 2000-24 window,no_aml_match
MINE_US_02116,-78.405769,40.86637,0.2644,2011,13,2011,0.472,0.588,0.116,-0.00737,stable_restoration,rs_t0,regimeB_v0_RS_t0,RS_derived,t0 = RS reclamation-onset proxy from NDVI trough; pre2000=left-censored; state_only=undatable in 2000-24 window,aml_listed_not_complete
MINE_US_02117,-94.570853,35.236251,0.2636,,,2011,0.399,0.423,0.024,-0.00295,early_restoration,state_only_no_t0,regimeB_v0_RS_t0,RS_derived,t0 = RS reclamation-onset proxy from NDVI trough; pre2000=left-censored; state_only=undatable in 2000-24 window,no_aml_match
MINE_US_02118,-98.329933,26.855234,0.2636,,,2012,0.141,0.272,0.131,0.00449,early_restoration,state_only_no_t0,regimeB_v0_RS_t0,RS_derived,t0 = RS reclamation-onset proxy from NDVI trough; pre2000=left-censored; state_only=undatable in 2000-24 window,no_aml_match
MINE_US_02119,-108.449881,35.48722,0.2626,,,2005,0.115,0.187,0.072,0.00237,degraded,state_only_no_t0,regimeB_v0_RS_t0,RS_derived,t0 = RS reclamation-onset proxy from NDVI trough; pre2000=left-censored; state_only=undatable in 2000-24 window,no_aml_match
MINE_US_02120,-78.905879,40.615085,0.2621,2011,13,2011,0.5,0.655,0.155,-0.01008,stable_restoration,rs_t0,regimeB_v0_RS_t0,RS_derived,t0 = RS reclamation-onset proxy from NDVI trough; pre2000=left-censored; state_only=undatable in 2000-24 window,aml_listed_not_complete
MINE_US_02121,-82.473248,38.989781,0.2619,2007,17,2007,0.252,0.674,0.422,-0.00101,stable_restoration,rs_t0,regimeB_v0_RS_t0,RS_derived,t0 = RS reclamation-onset proxy from NDVI trough; pre2000=left-censored; state_only=undatable in 2000-24 window,no_aml_match
MINE_US_02122,-106.136008,35.339143,0.261,,,2002,0.13,0.192,0.061,0.00229,degraded,state_only_no_t0,regimeB_v0_RS_t0,RS_derived,t0 = RS reclamation-onset proxy from NDVI trough; pre2000=left-censored; state_only=undatable in 2000-24 window,no_aml_match
MINE_US_02123,-76.312317,40.708221,0.2609,pre2000,,2000,0.459,0.607,0.148,0.00545,stable_restoration,censored_pre2000,regimeB_v0_RS_t0,RS_derived,t0 = RS reclamation-onset proxy from NDVI trough; pre2000=left-censored; state_only=undatable in 2000-24 window,reclamation_complete
MINE_US_02124,-116.552735,41.107781,0.2608,,,2002,0.168,0.247,0.08,0.00198,early_restoration,state_only_no_t0,regimeB_v0_RS_t0,RS_derived,t0 = RS reclamation-onset proxy from NDVI trough; pre2000=left-censored; state_only=undatable in 2000-24 window,no_aml_match
MINE_US_02125,-117.957992,38.742435,0.2607,,,2003,0.016,0.029,0.013,0.00046,degraded,state_only_no_t0,regimeB_v0_RS_t0,RS_derived,t0 = RS reclamation-onset proxy from NDVI trough; pre2000=left-censored; state_only=undatable in 2000-24 window,no_aml_match
MINE_US_02126,-108.143385,32.719298,0.2602,,,2012,0.102,0.151,0.049,0.00113,degraded,state_only_no_t0,regimeB_v0_RS_t0,RS_derived,t0 = RS reclamation-onset proxy from NDVI trough; pre2000=left-censored; state_only=undatable in 2000-24 window,no_aml_match
MINE_US_02127,-107.068809,44.955206,0.26,,,2003,0.157,0.367,0.21,0.00804,early_restoration,state_only_no_t0,regimeB_v0_RS_t0,RS_derived,t0 = RS reclamation-onset proxy from NDVI trough; pre2000=left-censored; state_only=undatable in 2000-24 window,no_aml_match
MINE_US_02128,-79.800304,39.729698,0.26,,,2024,0.423,0.424,0.001,-0.00648,early_restoration,state_only_no_t0,regimeB_v0_RS_t0,RS_derived,t0 = RS reclamation-onset proxy from NDVI trough; pre2000=left-censored; state_only=undatable in 2000-24 window,no_aml_match
MINE_US_02129,-79.048399,40.125798,0.2599,2012,12,2012,0.35,0.464,0.114,-0.01384,early_restoration,rs_t0,regimeB_v0_RS_t0,RS_derived,t0 = RS reclamation-onset proxy from NDVI trough; pre2000=left-censored; state_only=undatable in 2000-24 window,no_aml_match
MINE_US_02130,-105.703498,43.050858,0.2599,,,2001,0.182,0.261,0.078,0.00344,early_restoration,state_only_no_t0,regimeB_v0_RS_t0,RS_derived,t0 = RS reclamation-onset proxy from NDVI trough; pre2000=left-censored; state_only=undatable in 2000-24 window,no_aml_match
MINE_US_02131,-111.246862,33.181435,0.2598,,,2002,0.094,0.121,0.027,0.00081,degraded,state_only_no_t0,regimeB_v0_RS_t0,RS_derived,t0 = RS reclamation-onset proxy from NDVI trough; pre2000=left-censored; state_only=undatable in 2000-24 window,no_aml_match
MINE_US_02132,-115.611736,33.197901,0.2597,,,2002,0.046,0.074,0.028,0.00123,degraded,state_only_no_t0,regimeB_v0_RS_t0,RS_derived,t0 = RS reclamation-onset proxy from NDVI trough; pre2000=left-censored; state_only=undatable in 2000-24 window,no_aml_match
MINE_US_02133,-112.200479,34.544882,0.2597,,,2006,0.125,0.179,0.054,4e-05,degraded,state_only_no_t0,regimeB_v0_RS_t0,RS_derived,t0 = RS reclamation-onset proxy from NDVI trough; pre2000=left-censored; state_only=undatable in 2000-24 window,no_aml_match
MINE_US_02134,-113.985796,40.775093,0.2596,,,2008,0.042,0.082,0.04,0.00212,degraded,state_only_no_t0,regimeB_v0_RS_t0,RS_derived,t0 = RS reclamation-onset proxy from NDVI trough; pre2000=left-censored; state_only=undatable in 2000-24 window,no_aml_match
MINE_US_02135,-113.044017,38.472579,0.2596,,,2013,0.046,0.058,0.012,-0.00022,degraded,state_only_no_t0,regimeB_v0_RS_t0,RS_derived,t0 = RS reclamation-onset proxy from NDVI trough; pre2000=left-censored; state_only=undatable in 2000-24 window,no_aml_match
MINE_US_02136,-115.831277,35.38581,0.2592,,,2001,0.093,0.135,0.042,0.00131,degraded,state_only_no_t0,regimeB_v0_RS_t0,RS_derived,t0 = RS reclamation-onset proxy from NDVI trough; pre2000=left-censored; state_only=undatable in 2000-24 window,no_aml_match
MINE_US_02137,-81.117466,40.069645,0.2592,2017,7,2017,0.284,0.42,0.136,-0.02144,early_restoration,rs_t0,regimeB_v0_RS_t0,RS_derived,t0 = RS reclamation-onset proxy from NDVI trough; pre2000=left-censored; state_only=undatable in 2000-24 window,no_aml_match
MINE_US_02138,-114.299773,43.157926,0.2591,,,2016,0.097,0.18,0.083,0.00083,degraded,state_only_no_t0,regimeB_v0_RS_t0,RS_derived,t0 = RS reclamation-onset proxy from NDVI trough; pre2000=left-censored; state_only=undatable in 2000-24 window,no_aml_match
MINE_US_02139,-111.245526,35.154896,0.2591,,,2002,0.098,0.14,0.042,0.00168,degraded,state_only_no_t0,regimeB_v0_RS_t0,RS_derived,t0 = RS reclamation-onset proxy from NDVI trough; pre2000=left-censored; state_only=undatable in 2000-24 window,no_aml_match
MINE_US_02140,-106.325561,42.882567,0.2591,,,2001,0.114,0.226,0.112,0.00447,early_restoration,state_only_no_t0,regimeB_v0_RS_t0,RS_derived,t0 = RS reclamation-onset proxy from NDVI trough; pre2000=left-censored; state_only=undatable in 2000-24 window,no_aml_match
MINE_US_02141,-92.468027,34.581729,0.2589,,,2022,0.139,0.142,0.003,-0.00753,degraded,state_only_no_t0,regimeB_v0_RS_t0,RS_derived,t0 = RS reclamation-onset proxy from NDVI trough; pre2000=left-censored; state_only=undatable in 2000-24 window,no_aml_match
MINE_US_02142,-79.93162,39.718439,0.2589,pre2000,,2009,0.542,0.603,0.061,-0.00152,stable_restoration,censored_pre2000,regimeB_v0_RS_t0,RS_derived,t0 = RS reclamation-onset proxy from NDVI trough; pre2000=left-censored; state_only=undatable in 2000-24 window,no_aml_match
MINE_US_02143,-95.554403,33.078111,0.2584,pre2000,,2011,0.502,0.67,0.168,0.00582,stable_restoration,censored_pre2000,regimeB_v0_RS_t0,RS_derived,t0 = RS reclamation-onset proxy from NDVI trough; pre2000=left-censored; state_only=undatable in 2000-24 window,no_aml_match
MINE_US_02144,-95.548113,33.097563,0.2579,,,2005,0.301,0.413,0.112,0.0049,early_restoration,state_only_no_t0,regimeB_v0_RS_t0,RS_derived,t0 = RS reclamation-onset proxy from NDVI trough; pre2000=left-censored; state_only=undatable in 2000-24 window,no_aml_match
MINE_US_02145,-78.930227,40.079339,0.2571,2012,12,2012,0.392,0.701,0.309,0.0095,stable_restoration,rs_t0,regimeB_v0_RS_t0,RS_derived,t0 = RS reclamation-onset proxy from NDVI trough; pre2000=left-censored; state_only=undatable in 2000-24 window,aml_listed_not_complete
MINE_US_02146,-76.147301,40.717236,0.2559,2009,15,2009,0.617,0.815,0.198,0.00761,stable_restoration,rs_t0,regimeB_v0_RS_t0,RS_derived,t0 = RS reclamation-onset proxy from NDVI trough; pre2000=left-censored; state_only=undatable in 2000-24 window,aml_listed_not_complete
MINE_US_02147,-114.306241,35.791028,0.2558,,,2003,0.101,0.129,0.027,0.00122,degraded,state_only_no_t0,regimeB_v0_RS_t0,RS_derived,t0 = RS reclamation-onset proxy from NDVI trough; pre2000=left-censored; state_only=undatable in 2000-24 window,no_aml_match
MINE_US_02148,-81.364233,40.336086,0.2554,2015,9,2015,0.543,0.765,0.223,-0.00767,stable_restoration,rs_t0,regimeB_v0_RS_t0,RS_derived,t0 = RS reclamation-onset proxy from NDVI trough; pre2000=left-censored; state_only=undatable in 2000-24 window,no_aml_match
MINE_US_02149,-81.496057,40.59603,0.2553,,,2012,0.294,0.361,0.067,-0.00967,early_restoration,state_only_no_t0,regimeB_v0_RS_t0,RS_derived,t0 = RS reclamation-onset proxy from NDVI trough; pre2000=left-censored; state_only=undatable in 2000-24 window,no_aml_match
MINE_US_02150,-97.822099,28.619821,0.2552,,,2016,0.164,0.244,0.081,-0.01973,early_restoration,state_only_no_t0,regimeB_v0_RS_t0,RS_derived,t0 = RS reclamation-onset proxy from NDVI trough; pre2000=left-censored; state_only=undatable in 2000-24 window,no_aml_match
MINE_US_02151,-111.303756,42.716628,0.255,,,2011,0.192,0.27,0.077,-0.00893,early_restoration,state_only_no_t0,regimeB_v0_RS_t0,RS_derived,t0 = RS reclamation-onset proxy from NDVI trough; pre2000=left-censored; state_only=undatable in 2000-24 window,no_aml_match
MINE_US_02152,-81.788619,37.237596,0.2546,2012,12,2012,0.562,0.766,0.204,-0.0007,stable_restoration,rs_t0,regimeB_v0_RS_t0,RS_derived,t0 = RS reclamation-onset proxy from NDVI trough; pre2000=left-censored; state_only=undatable in 2000-24 window,no_aml_match
MINE_US_02153,-84.960216,36.520388,0.2544,,,2007,0.274,0.337,0.063,0.00021,early_restoration,state_only_no_t0,regimeB_v0_RS_t0,RS_derived,t0 = RS reclamation-onset proxy from NDVI trough; pre2000=left-censored; state_only=undatable in 2000-24 window,no_aml_match
MINE_US_02154,-88.410936,37.760842,0.2543,2007,17,2007,0.368,0.59,0.222,0.00644,stable_restoration,rs_t0,regimeB_v0_RS_t0,RS_derived,t0 = RS reclamation-onset proxy from NDVI trough; pre2000=left-censored; state_only=undatable in 2000-24 window,no_aml_match
MINE_US_02155,-98.324142,29.625491,0.2542,,,2024,0.237,0.246,0.009,-0.01844,early_restoration,state_only_no_t0,regimeB_v0_RS_t0,RS_derived,t0 = RS reclamation-onset proxy from NDVI trough; pre2000=left-censored; state_only=undatable in 2000-24 window,no_aml_match
MINE_US_02156,-79.100143,39.512859,0.2542,2016,8,2016,0.345,0.556,0.212,-0.01368,stable_restoration,rs_t0,regimeB_v0_RS_t0,RS_derived,t0 = RS reclamation-onset proxy from NDVI trough; pre2000=left-censored; state_only=undatable in 2000-24 window,no_aml_match
MINE_US_02157,-117.686282,35.311178,0.254,,,2007,0.038,0.099,0.061,0.00148,degraded,state_only_no_t0,regimeB_v0_RS_t0,RS_derived,t0 = RS reclamation-onset proxy from NDVI trough; pre2000=left-censored; state_only=undatable in 2000-24 window,no_aml_match
MINE_US_02158,-114.199836,35.42722,0.2537,,,2006,0.107,0.115,0.008,-0.00025,degraded,state_only_no_t0,regimeB_v0_RS_t0,RS_derived,t0 = RS reclamation-onset proxy from NDVI trough; pre2000=left-censored; state_only=undatable in 2000-24 window,no_aml_match
MINE_US_02159,-116.304145,35.052953,0.2534,,,2007,0.02,0.032,0.012,0.00041,degraded,state_only_no_t0,regimeB_v0_RS_t0,RS_derived,t0 = RS reclamation-onset proxy from NDVI trough; pre2000=left-censored; state_only=undatable in 2000-24 window,no_aml_match
MINE_US_02160,-122.237753,38.019198,0.2533,,,2000,0.144,0.21,0.066,0.0029,degraded,state_only_no_t0,regimeB_v0_RS_t0,RS_derived,t0 = RS reclamation-onset proxy from NDVI trough; pre2000=left-censored; state_only=undatable in 2000-24 window,no_aml_match
MINE_US_02161,-82.47595,39.148856,0.253,pre2000,,2000,0.448,0.557,0.11,0.00415,stable_restoration,censored_pre2000,regimeB_v0_RS_t0,RS_derived,t0 = RS reclamation-onset proxy from NDVI trough; pre2000=left-censored; state_only=undatable in 2000-24 window,no_aml_match
MINE_US_02162,-110.716917,31.946328,0.2523,,,2002,0.101,0.175,0.075,0.00313,degraded,state_only_no_t0,regimeB_v0_RS_t0,RS_derived,t0 = RS reclamation-onset proxy from NDVI trough; pre2000=left-censored; state_only=undatable in 2000-24 window,no_aml_match
MINE_US_02163,-115.572334,35.823483,0.2522,,,2007,0.062,0.097,0.035,0.0013,degraded,state_only_no_t0,regimeB_v0_RS_t0,RS_derived,t0 = RS reclamation-onset proxy from NDVI trough; pre2000=left-censored; state_only=undatable in 2000-24 window,no_aml_match
MINE_US_02164,-76.142986,40.703599,0.2521,pre2000,,2000,0.47,0.645,0.175,0.00663,stable_restoration,censored_pre2000,regimeB_v0_RS_t0,RS_derived,t0 = RS reclamation-onset proxy from NDVI trough; pre2000=left-censored; state_only=undatable in 2000-24 window,aml_listed_not_complete
MINE_US_02165,-110.04319,34.80076,0.2517,,,2003,0.06,0.137,0.077,0.00327,degraded,state_only_no_t0,regimeB_v0_RS_t0,RS_derived,t0 = RS reclamation-onset proxy from NDVI trough; pre2000=left-censored; state_only=undatable in 2000-24 window,no_aml_match
MINE_US_02166,-81.677645,39.877415,0.2517,,,2023,0.447,0.456,0.009,-0.00556,early_restoration,state_only_no_t0,regimeB_v0_RS_t0,RS_derived,t0 = RS reclamation-onset proxy from NDVI trough; pre2000=left-censored; state_only=undatable in 2000-24 window,no_aml_match
MINE_US_02167,-119.392721,40.425142,0.2513,,,2001,0.042,0.069,0.027,0.00119,degraded,state_only_no_t0,regimeB_v0_RS_t0,RS_derived,t0 = RS reclamation-onset proxy from NDVI trough; pre2000=left-censored; state_only=undatable in 2000-24 window,no_aml_match
MINE_US_02168,-105.970795,39.188736,0.2512,,,2018,0.131,0.161,0.03,-0.00117,degraded,state_only_no_t0,regimeB_v0_RS_t0,RS_derived,t0 = RS reclamation-onset proxy from NDVI trough; pre2000=left-censored; state_only=undatable in 2000-24 window,no_aml_match
MINE_US_02169,-81.877202,38.886695,0.2509,,,2001,0.332,0.467,0.134,0.00552,early_restoration,state_only_no_t0,regimeB_v0_RS_t0,RS_derived,t0 = RS reclamation-onset proxy from NDVI trough; pre2000=left-censored; state_only=undatable in 2000-24 window,no_aml_match
MINE_US_02170,-109.081257,35.638778,0.2509,,,2001,0.128,0.254,0.126,0.00511,early_restoration,state_only_no_t0,regimeB_v0_RS_t0,RS_derived,t0 = RS reclamation-onset proxy from NDVI trough; pre2000=left-censored; state_only=undatable in 2000-24 window,no_aml_match
MINE_US_02171,-76.176789,40.68979,0.2508,2016,8,2016,0.517,0.674,0.157,-0.01123,stable_restoration,rs_t0,regimeB_v0_RS_t0,RS_derived,t0 = RS reclamation-onset proxy from NDVI trough; pre2000=left-censored; state_only=undatable in 2000-24 window,aml_listed_not_complete
MINE_US_02172,-113.221085,39.730433,0.2507,,,2001,0.048,0.089,0.041,0.00178,degraded,state_only_no_t0,regimeB_v0_RS_t0,RS_derived,t0 = RS reclamation-onset proxy from NDVI trough; pre2000=left-censored; state_only=undatable in 2000-24 window,no_aml_match
MINE_US_02173,-106.281124,39.226786,0.2505,,,2009,0.203,0.247,0.044,0.00097,early_restoration,state_only_no_t0,regimeB_v0_RS_t0,RS_derived,t0 = RS reclamation-onset proxy from NDVI trough; pre2000=left-censored; state_only=undatable in 2000-24 window,no_aml_match
MINE_US_02174,-81.101906,34.131036,0.2486,,,2020,0.237,0.264,0.028,-0.03396,early_restoration,state_only_no_t0,regimeB_v0_RS_t0,RS_derived,t0 = RS reclamation-onset proxy from NDVI trough; pre2000=left-censored; state_only=undatable in 2000-24 window,no_aml_match
MINE_US_02175,-108.729018,40.168835,0.2484,,,2002,0.116,0.205,0.089,0.00372,degraded,state_only_no_t0,regimeB_v0_RS_t0,RS_derived,t0 = RS reclamation-onset proxy from NDVI trough; pre2000=left-censored; state_only=undatable in 2000-24 window,no_aml_match
MINE_US_02176,-105.359142,37.246982,0.2481,,,2001,0.19,0.239,0.049,0.00175,early_restoration,state_only_no_t0,regimeB_v0_RS_t0,RS_derived,t0 = RS reclamation-onset proxy from NDVI trough; pre2000=left-censored; state_only=undatable in 2000-24 window,no_aml_match
MINE_US_02177,-81.981765,29.759475,0.248,,,2016,0.267,0.337,0.07,-0.00235,early_restoration,state_only_no_t0,regimeB_v0_RS_t0,RS_derived,t0 = RS reclamation-onset proxy from NDVI trough; pre2000=left-censored; state_only=undatable in 2000-24 window,no_aml_match
MINE_US_02178,-116.142349,35.787925,0.2479,,,2001,0.049,0.078,0.029,0.00122,degraded,state_only_no_t0,regimeB_v0_RS_t0,RS_derived,t0 = RS reclamation-onset proxy from NDVI trough; pre2000=left-censored; state_only=undatable in 2000-24 window,no_aml_match
MINE_US_02179,-105.334727,43.491385,0.246,,,2000,0.072,0.264,0.192,0.00947,early_restoration,state_only_no_t0,regimeB_v0_RS_t0,RS_derived,t0 = RS reclamation-onset proxy from NDVI trough; pre2000=left-censored; state_only=undatable in 2000-24 window,no_aml_match
MINE_US_02180,-111.068231,33.304215,0.2459,,,2010,0.156,0.198,0.042,0.00108,degraded,state_only_no_t0,regimeB_v0_RS_t0,RS_derived,t0 = RS reclamation-onset proxy from NDVI trough; pre2000=left-censored; state_only=undatable in 2000-24 window,no_aml_match
MINE_US_02181,-86.958126,33.734919,0.2452,,,2006,0.215,0.291,0.076,-0.01389,early_restoration,state_only_no_t0,regimeB_v0_RS_t0,RS_derived,t0 = RS reclamation-onset proxy from NDVI trough; pre2000=left-censored; state_only=undatable in 2000-24 window,no_aml_match
MINE_US_02182,-86.819773,33.247876,0.2445,,,2000,0.252,0.278,0.026,0.00036,early_restoration,state_only_no_t0,regimeB_v0_RS_t0,RS_derived,t0 = RS reclamation-onset proxy from NDVI trough; pre2000=left-censored; state_only=undatable in 2000-24 window,no_aml_match
MINE_US_02183,-80.682869,40.279938,0.2443,2008,16,2008,0.399,0.512,0.113,-0.01464,stable_restoration,rs_t0,regimeB_v0_RS_t0,RS_derived,t0 = RS reclamation-onset proxy from NDVI trough; pre2000=left-censored; state_only=undatable in 2000-24 window,no_aml_match
MINE_US_02184,-83.557731,37.248061,0.2441,2014,10,2014,0.639,0.841,0.202,-0.00447,stable_restoration,rs_t0,regimeB_v0_RS_t0,RS_derived,t0 = RS reclamation-onset proxy from NDVI trough; pre2000=left-censored; state_only=undatable in 2000-24 window,no_aml_match
MINE_US_02185,-78.23697,40.952755,0.2439,2014,10,2014,0.275,0.695,0.419,-0.00795,stable_restoration,rs_t0,regimeB_v0_RS_t0,RS_derived,t0 = RS reclamation-onset proxy from NDVI trough; pre2000=left-censored; state_only=undatable in 2000-24 window,aml_listed_not_complete
MINE_US_02186,-95.570285,33.097417,0.2435,,,2022,0.148,0.148,0.0,-0.02127,degraded,state_only_no_t0,regimeB_v0_RS_t0,RS_derived,t0 = RS reclamation-onset proxy from NDVI trough; pre2000=left-censored; state_only=undatable in 2000-24 window,no_aml_match
MINE_US_02187,-83.821702,36.047153,0.2434,,,2019,0.355,0.393,0.038,-0.01405,early_restoration,state_only_no_t0,regimeB_v0_RS_t0,RS_derived,t0 = RS reclamation-onset proxy from NDVI trough; pre2000=left-censored; state_only=undatable in 2000-24 window,no_aml_match
MINE_US_02188,-95.434454,36.623317,0.2429,pre2000,,2015,0.618,0.648,0.03,-0.00409,stable_restoration,censored_pre2000,regimeB_v0_RS_t0,RS_derived,t0 = RS reclamation-onset proxy from NDVI trough; pre2000=left-censored; state_only=undatable in 2000-24 window,no_aml_match
MINE_US_02189,-105.299863,38.479005,0.2424,,,2002,0.216,0.298,0.082,0.00348,early_restoration,state_only_no_t0,regimeB_v0_RS_t0,RS_derived,t0 = RS reclamation-onset proxy from NDVI trough; pre2000=left-censored; state_only=undatable in 2000-24 window,no_aml_match
MINE_US_02190,-108.499067,36.624359,0.2422,,,2002,0.07,0.118,0.048,0.00243,degraded,state_only_no_t0,regimeB_v0_RS_t0,RS_derived,t0 = RS reclamation-onset proxy from NDVI trough; pre2000=left-censored; state_only=undatable in 2000-24 window,no_aml_match
MINE_US_02191,-87.136188,33.437515,0.242,,,2011,0.427,0.468,0.041,0.00116,early_restoration,state_only_no_t0,regimeB_v0_RS_t0,RS_derived,t0 = RS reclamation-onset proxy from NDVI trough; pre2000=left-censored; state_only=undatable in 2000-24 window,no_aml_match
MINE_US_02192,-117.559029,38.638786,0.242,,,2003,0.141,0.195,0.054,0.00219,degraded,state_only_no_t0,regimeB_v0_RS_t0,RS_derived,t0 = RS reclamation-onset proxy from NDVI trough; pre2000=left-censored; state_only=undatable in 2000-24 window,no_aml_match
MINE_US_02193,-79.680254,40.860114,0.2418,pre2000,,2001,0.486,0.611,0.125,0.00371,stable_restoration,censored_pre2000,regimeB_v0_RS_t0,RS_derived,t0 = RS reclamation-onset proxy from NDVI trough; pre2000=left-censored; state_only=undatable in 2000-24 window,aml_listed_not_complete
MINE_US_02194,-103.983198,32.830414,0.2417,,,2011,0.088,0.106,0.017,-0.00181,degraded,state_only_no_t0,regimeB_v0_RS_t0,RS_derived,t0 = RS reclamation-onset proxy from NDVI trough; pre2000=left-censored; state_only=undatable in 2000-24 window,no_aml_match
MINE_US_02195,-76.661216,40.768773,0.2414,pre2000,,2010,0.444,0.527,0.083,-0.01255,stable_restoration,censored_pre2000,regimeB_v0_RS_t0,RS_derived,t0 = RS reclamation-onset proxy from NDVI trough; pre2000=left-censored; state_only=undatable in 2000-24 window,aml_listed_not_complete
MINE_US_02196,-81.657014,37.211315,0.2413,pre2000,,2003,0.513,0.606,0.093,0.00508,stable_restoration,censored_pre2000,regimeB_v0_RS_t0,RS_derived,t0 = RS reclamation-onset proxy from NDVI trough; pre2000=left-censored; state_only=undatable in 2000-24 window,no_aml_match
MINE_US_02197,-110.473597,39.516261,0.2407,,,2002,0.086,0.152,0.066,0.00266,degraded,state_only_no_t0,regimeB_v0_RS_t0,RS_derived,t0 = RS reclamation-onset proxy from NDVI trough; pre2000=left-censored; state_only=undatable in 2000-24 window,no_aml_match
MINE_US_02198,-78.956899,39.56944,0.2405,2015,9,2015,0.412,0.563,0.151,-0.00718,stable_restoration,rs_t0,regimeB_v0_RS_t0,RS_derived,t0 = RS reclamation-onset proxy from NDVI trough; pre2000=left-censored; state_only=undatable in 2000-24 window,no_aml_match
MINE_US_02199,-83.205519,37.203454,0.2404,2015,9,2015,0.383,0.53,0.146,-0.00966,stable_restoration,rs_t0,regimeB_v0_RS_t0,RS_derived,t0 = RS reclamation-onset proxy from NDVI trough; pre2000=left-censored; state_only=undatable in 2000-24 window,no_aml_match
MINE_US_02200,-111.445298,33.03738,0.24,,,2010,0.101,0.141,0.04,-0.00165,degraded,state_only_no_t0,regimeB_v0_RS_t0,RS_derived,t0 = RS reclamation-onset proxy from NDVI trough; pre2000=left-censored; state_only=undatable in 2000-24 window,no_aml_match
MINE_US_02201,-106.912009,45.180987,0.2399,,,2000,0.194,0.31,0.115,0.00519,early_restoration,state_only_no_t0,regimeB_v0_RS_t0,RS_derived,t0 = RS reclamation-onset proxy from NDVI trough; pre2000=left-censored; state_only=undatable in 2000-24 window,no_aml_match
MINE_US_02202,-93.187529,31.980714,0.239,2015,9,2015,0.255,0.358,0.103,-0.02078,early_restoration,rs_t0,regimeB_v0_RS_t0,RS_derived,t0 = RS reclamation-onset proxy from NDVI trough; pre2000=left-censored; state_only=undatable in 2000-24 window,no_aml_match
MINE_US_02203,-82.986075,36.731573,0.2389,,,2024,0.374,0.409,0.035,-0.00189,early_restoration,state_only_no_t0,regimeB_v0_RS_t0,RS_derived,t0 = RS reclamation-onset proxy from NDVI trough; pre2000=left-censored; state_only=undatable in 2000-24 window,no_aml_match
MINE_US_02204,-114.342956,45.139549,0.2389,,,2019,0.093,0.113,0.02,-0.01177,degraded,state_only_no_t0,regimeB_v0_RS_t0,RS_derived,t0 = RS reclamation-onset proxy from NDVI trough; pre2000=left-censored; state_only=undatable in 2000-24 window,no_aml_match
MINE_US_02205,-79.529381,40.866547,0.2381,2016,8,2016,0.39,0.643,0.253,-0.01029,stable_restoration,rs_t0,regimeB_v0_RS_t0,RS_derived,t0 = RS reclamation-onset proxy from NDVI trough; pre2000=left-censored; state_only=undatable in 2000-24 window,aml_listed_not_complete
MINE_US_02206,-123.42395,42.972645,0.2377,,,2000,0.192,0.325,0.133,0.00582,early_restoration,state_only_no_t0,regimeB_v0_RS_t0,RS_derived,t0 = RS reclamation-onset proxy from NDVI trough; pre2000=left-censored; state_only=undatable in 2000-24 window,no_aml_match
MINE_US_02207,-87.767419,37.741355,0.2375,,,2001,0.333,0.417,0.084,0.00266,early_restoration,state_only_no_t0,regimeB_v0_RS_t0,RS_derived,t0 = RS reclamation-onset proxy from NDVI trough; pre2000=left-censored; state_only=undatable in 2000-24 window,no_aml_match
MINE_US_02208,-78.424804,40.86551,0.2372,2013,11,2013,0.462,0.694,0.232,-0.0079,stable_restoration,rs_t0,regimeB_v0_RS_t0,RS_derived,t0 = RS reclamation-onset proxy from NDVI trough; pre2000=left-censored; state_only=undatable in 2000-24 window,aml_listed_not_complete
MINE_US_02209,-116.071121,47.505694,0.237,,,2011,0.396,0.461,0.065,0.00184,early_restoration,state_only_no_t0,regimeB_v0_RS_t0,RS_derived,t0 = RS reclamation-onset proxy from NDVI trough; pre2000=left-censored; state_only=undatable in 2000-24 window,no_aml_match
MINE_US_02210,-88.148683,37.339545,0.2364,2018,6,2018,0.247,0.348,0.102,-0.02354,early_restoration,rs_t0,regimeB_v0_RS_t0,RS_derived,t0 = RS reclamation-onset proxy from NDVI trough; pre2000=left-censored; state_only=undatable in 2000-24 window,no_aml_match
MINE_US_02211,-80.864969,34.256288,0.236,,,2007,0.442,0.462,0.02,-0.00829,early_restoration,state_only_no_t0,regimeB_v0_RS_t0,RS_derived,t0 = RS reclamation-onset proxy from NDVI trough; pre2000=left-censored; state_only=undatable in 2000-24 window,no_aml_match
MINE_US_02212,-81.017396,40.277493,0.2359,2005,19,2005,0.413,0.651,0.238,0.01038,stable_restoration,rs_t0,regimeB_v0_RS_t0,RS_derived,t0 = RS reclamation-onset proxy from NDVI trough; pre2000=left-censored; state_only=undatable in 2000-24 window,no_aml_match
MINE_US_02213,-78.62359,40.88818,0.2359,2010,14,2010,0.427,0.608,0.181,-0.00266,stable_restoration,rs_t0,regimeB_v0_RS_t0,RS_derived,t0 = RS reclamation-onset proxy from NDVI trough; pre2000=left-censored; state_only=undatable in 2000-24 window,reclamation_complete
MINE_US_02214,-116.681438,36.889357,0.2356,,,2013,0.056,0.082,0.026,0.00097,degraded,state_only_no_t0,regimeB_v0_RS_t0,RS_derived,t0 = RS reclamation-onset proxy from NDVI trough; pre2000=left-censored; state_only=undatable in 2000-24 window,no_aml_match
MINE_US_02215,-76.568272,40.769136,0.2355,2014,10,2014,0.526,0.66,0.134,0.00165,stable_restoration,rs_t0,regimeB_v0_RS_t0,RS_derived,t0 = RS reclamation-onset proxy from NDVI trough; pre2000=left-censored; state_only=undatable in 2000-24 window,aml_listed_not_complete
MINE_US_02216,-96.767967,29.850627,0.2353,,,2018,0.281,0.303,0.021,-0.01017,early_restoration,state_only_no_t0,regimeB_v0_RS_t0,RS_derived,t0 = RS reclamation-onset proxy from NDVI trough; pre2000=left-censored; state_only=undatable in 2000-24 window,no_aml_match
MINE_US_02217,-78.697144,40.993697,0.2353,2013,11,2013,0.516,0.688,0.172,-0.00729,stable_restoration,rs_t0,regimeB_v0_RS_t0,RS_derived,t0 = RS reclamation-onset proxy from NDVI trough; pre2000=left-censored; state_only=undatable in 2000-24 window,aml_listed_not_complete
MINE_US_02218,-75.988201,40.788918,0.2353,2007,17,2007,0.5,0.604,0.103,0.00273,stable_restoration,rs_t0,regimeB_v0_RS_t0,RS_derived,t0 = RS reclamation-onset proxy from NDVI trough; pre2000=left-censored; state_only=undatable in 2000-24 window,aml_listed_not_complete
MINE_US_02219,-81.942743,38.968074,0.2352,2007,17,2007,0.381,0.621,0.241,-0.00785,stable_restoration,rs_t0,regimeB_v0_RS_t0,RS_derived,t0 = RS reclamation-onset proxy from NDVI trough; pre2000=left-censored; state_only=undatable in 2000-24 window,no_aml_match
MINE_US_02220,-116.742202,40.198865,0.2345,,,2020,0.112,0.179,0.067,-0.0014,degraded,state_only_no_t0,regimeB_v0_RS_t0,RS_derived,t0 = RS reclamation-onset proxy from NDVI trough; pre2000=left-censored; state_only=undatable in 2000-24 window,no_aml_match
MINE_US_02221,-90.111076,38.097229,0.2343,,,2011,0.2,0.287,0.087,-0.00644,early_restoration,state_only_no_t0,regimeB_v0_RS_t0,RS_derived,t0 = RS reclamation-onset proxy from NDVI trough; pre2000=left-censored; state_only=undatable in 2000-24 window,no_aml_match
MINE_US_02222,-119.37263,39.647502,0.233,,,2008,0.074,0.145,0.071,0.00254,degraded,state_only_no_t0,regimeB_v0_RS_t0,RS_derived,t0 = RS reclamation-onset proxy from NDVI trough; pre2000=left-censored; state_only=undatable in 2000-24 window,no_aml_match
MINE_US_02223,-76.32869,40.666639,0.233,2013,11,2013,0.454,0.701,0.247,-0.00529,stable_restoration,rs_t0,regimeB_v0_RS_t0,RS_derived,t0 = RS reclamation-onset proxy from NDVI trough; pre2000=left-censored; state_only=undatable in 2000-24 window,aml_listed_not_complete
MINE_US_02224,-92.499358,34.54915,0.233,,,2011,0.205,0.229,0.023,-0.00786,early_restoration,state_only_no_t0,regimeB_v0_RS_t0,RS_derived,t0 = RS reclamation-onset proxy from NDVI trough; pre2000=left-censored; state_only=undatable in 2000-24 window,no_aml_match
MINE_US_02225,-78.8053,40.546087,0.2328,pre2000,,2015,0.515,0.548,0.033,-0.00063,stable_restoration,censored_pre2000,regimeB_v0_RS_t0,RS_derived,t0 = RS reclamation-onset proxy from NDVI trough; pre2000=left-censored; state_only=undatable in 2000-24 window,aml_listed_not_complete
MINE_US_02226,-115.72131,47.471118,0.2327,,,2024,0.147,0.148,0.001,-0.02729,degraded,state_only_no_t0,regimeB_v0_RS_t0,RS_derived,t0 = RS reclamation-onset proxy from NDVI trough; pre2000=left-censored; state_only=undatable in 2000-24 window,no_aml_match
MINE_US_02227,-76.319422,40.712481,0.2324,pre2000,,2000,0.361,0.585,0.225,0.01038,stable_restoration,censored_pre2000,regimeB_v0_RS_t0,RS_derived,t0 = RS reclamation-onset proxy from NDVI trough; pre2000=left-censored; state_only=undatable in 2000-24 window,reclamation_complete
MINE_US_02228,-81.425237,37.353792,0.2324,2012,12,2012,0.328,0.752,0.423,-0.01636,stable_restoration,rs_t0,regimeB_v0_RS_t0,RS_derived,t0 = RS reclamation-onset proxy from NDVI trough; pre2000=left-censored; state_only=undatable in 2000-24 window,no_aml_match
MINE_US_02229,-79.437703,40.469434,0.2317,2009,15,2009,0.402,0.555,0.153,0.00218,stable_restoration,rs_t0,regimeB_v0_RS_t0,RS_derived,t0 = RS reclamation-onset proxy from NDVI trough; pre2000=left-censored; state_only=undatable in 2000-24 window,no_aml_match
MINE_US_02230,-104.78332,42.274741,0.2316,,,2011,0.163,0.182,0.019,-0.00221,degraded,state_only_no_t0,regimeB_v0_RS_t0,RS_derived,t0 = RS reclamation-onset proxy from NDVI trough; pre2000=left-censored; state_only=undatable in 2000-24 window,no_aml_match
MINE_US_02231,-103.474494,44.649572,0.2316,2016,8,2016,0.374,0.576,0.202,-0.00084,stable_restoration,rs_t0,regimeB_v0_RS_t0,RS_derived,t0 = RS reclamation-onset proxy from NDVI trough; pre2000=left-censored; state_only=undatable in 2000-24 window,no_aml_match
MINE_US_02232,-101.219869,47.44257,0.2313,,,2000,0.099,0.372,0.273,0.01063,early_restoration,state_only_no_t0,regimeB_v0_RS_t0,RS_derived,t0 = RS reclamation-onset proxy from NDVI trough; pre2000=left-censored; state_only=undatable in 2000-24 window,no_aml_match
MINE_US_02233,-81.446809,40.682989,0.2313,2005,19,2005,0.381,0.627,0.246,0.00527,stable_restoration,rs_t0,regimeB_v0_RS_t0,RS_derived,t0 = RS reclamation-onset proxy from NDVI trough; pre2000=left-censored; state_only=undatable in 2000-24 window,no_aml_match
MINE_US_02234,-79.033245,39.502175,0.2308,2016,8,2016,0.33,0.576,0.246,-0.00792,stable_restoration,rs_t0,regimeB_v0_RS_t0,RS_derived,t0 = RS reclamation-onset proxy from NDVI trough; pre2000=left-censored; state_only=undatable in 2000-24 window,no_aml_match
MINE_US_02235,-87.354769,33.80824,0.2305,2018,6,2018,0.238,0.501,0.263,-0.02134,stable_restoration,rs_t0,regimeB_v0_RS_t0,RS_derived,t0 = RS reclamation-onset proxy from NDVI trough; pre2000=left-censored; state_only=undatable in 2000-24 window,no_aml_match
MINE_US_02236,-108.55538,38.237078,0.2304,,,2002,0.096,0.143,0.047,0.00151,degraded,state_only_no_t0,regimeB_v0_RS_t0,RS_derived,t0 = RS reclamation-onset proxy from NDVI trough; pre2000=left-censored; state_only=undatable in 2000-24 window,no_aml_match
MINE_US_02237,-117.620929,34.377453,0.2302,,,2001,0.146,0.195,0.049,0.00159,degraded,state_only_no_t0,regimeB_v0_RS_t0,RS_derived,t0 = RS reclamation-onset proxy from NDVI trough; pre2000=left-censored; state_only=undatable in 2000-24 window,no_aml_match
MINE_US_02238,-115.753659,39.318468,0.2296,,,2003,0.1,0.123,0.024,0.00062,degraded,state_only_no_t0,regimeB_v0_RS_t0,RS_derived,t0 = RS reclamation-onset proxy from NDVI trough; pre2000=left-censored; state_only=undatable in 2000-24 window,no_aml_match
MINE_US_02239,-75.513171,41.519199,0.2295,2014,10,2014,0.497,0.604,0.107,-0.00218,stable_restoration,rs_t0,regimeB_v0_RS_t0,RS_derived,t0 = RS reclamation-onset proxy from NDVI trough; pre2000=left-censored; state_only=undatable in 2000-24 window,aml_listed_not_complete
MINE_US_02240,-81.299172,39.783538,0.2293,pre2000,,2011,0.431,0.519,0.088,-0.00022,stable_restoration,censored_pre2000,regimeB_v0_RS_t0,RS_derived,t0 = RS reclamation-onset proxy from NDVI trough; pre2000=left-censored; state_only=undatable in 2000-24 window,no_aml_match
MINE_US_02241,-118.335934,40.249418,0.229,,,2002,0.034,0.054,0.021,0.00091,degraded,state_only_no_t0,regimeB_v0_RS_t0,RS_derived,t0 = RS reclamation-onset proxy from NDVI trough; pre2000=left-censored; state_only=undatable in 2000-24 window,no_aml_match
MINE_US_02242,-79.692259,39.363019,0.229,pre2000,,2007,0.569,0.66,0.091,0.00268,stable_restoration,censored_pre2000,regimeB_v0_RS_t0,RS_derived,t0 = RS reclamation-onset proxy from NDVI trough; pre2000=left-censored; state_only=undatable in 2000-24 window,no_aml_match
MINE_US_02243,-80.325554,39.386166,0.2286,pre2000,,2004,0.406,0.509,0.103,0.00431,stable_restoration,censored_pre2000,regimeB_v0_RS_t0,RS_derived,t0 = RS reclamation-onset proxy from NDVI trough; pre2000=left-censored; state_only=undatable in 2000-24 window,no_aml_match
MINE_US_02244,-108.7638,32.298949,0.2283,,,2010,0.06,0.112,0.053,0.00118,degraded,state_only_no_t0,regimeB_v0_RS_t0,RS_derived,t0 = RS reclamation-onset proxy from NDVI trough; pre2000=left-censored; state_only=undatable in 2000-24 window,no_aml_match
MINE_US_02245,-118.844324,37.632951,0.2282,,,2001,0.091,0.171,0.08,0.00284,degraded,state_only_no_t0,regimeB_v0_RS_t0,RS_derived,t0 = RS reclamation-onset proxy from NDVI trough; pre2000=left-censored; state_only=undatable in 2000-24 window,no_aml_match
MINE_US_02246,-96.771656,29.817275,0.2282,,,2018,0.224,0.235,0.011,-0.01354,early_restoration,state_only_no_t0,regimeB_v0_RS_t0,RS_derived,t0 = RS reclamation-onset proxy from NDVI trough; pre2000=left-censored; state_only=undatable in 2000-24 window,no_aml_match
MINE_US_02247,-106.885707,45.137772,0.2282,,,2001,0.175,0.245,0.069,0.00251,early_restoration,state_only_no_t0,regimeB_v0_RS_t0,RS_derived,t0 = RS reclamation-onset proxy from NDVI trough; pre2000=left-censored; state_only=undatable in 2000-24 window,no_aml_match
MINE_US_02248,-112.067741,40.598886,0.2282,,,2011,0.126,0.175,0.049,4e-05,degraded,state_only_no_t0,regimeB_v0_RS_t0,RS_derived,t0 = RS reclamation-onset proxy from NDVI trough; pre2000=left-censored; state_only=undatable in 2000-24 window,no_aml_match
MINE_US_02249,-116.126979,35.779698,0.2279,,,2001,0.04,0.062,0.022,0.00092,degraded,state_only_no_t0,regimeB_v0_RS_t0,RS_derived,t0 = RS reclamation-onset proxy from NDVI trough; pre2000=left-censored; state_only=undatable in 2000-24 window,no_aml_match
MINE_US_02250,-111.01632,32.032744,0.2277,,,2006,0.127,0.183,0.055,0.00304,degraded,state_only_no_t0,regimeB_v0_RS_t0,RS_derived,t0 = RS reclamation-onset proxy from NDVI trough; pre2000=left-censored; state_only=undatable in 2000-24 window,no_aml_match
MINE_US_02251,-115.903044,48.251822,0.2275,,,2006,0.344,0.445,0.102,0.00408,early_restoration,state_only_no_t0,regimeB_v0_RS_t0,RS_derived,t0 = RS reclamation-onset proxy from NDVI trough; pre2000=left-censored; state_only=undatable in 2000-24 window,no_aml_match
MINE_US_02252,-121.421734,40.030755,0.2269,,,2000,0.256,0.366,0.11,0.00401,early_restoration,state_only_no_t0,regimeB_v0_RS_t0,RS_derived,t0 = RS reclamation-onset proxy from NDVI trough; pre2000=left-censored; state_only=undatable in 2000-24 window,no_aml_match
MINE_US_02253,-89.254294,37.892383,0.2268,2010,14,2010,0.172,0.505,0.333,-0.00796,stable_restoration,rs_t0,regimeB_v0_RS_t0,RS_derived,t0 = RS reclamation-onset proxy from NDVI trough; pre2000=left-censored; state_only=undatable in 2000-24 window,no_aml_match
MINE_US_02254,-79.177089,39.940791,0.2264,2016,8,2016,0.313,0.687,0.373,-0.00664,stable_restoration,rs_t0,regimeB_v0_RS_t0,RS_derived,t0 = RS reclamation-onset proxy from NDVI trough; pre2000=left-censored; state_only=undatable in 2000-24 window,no_aml_match
MINE_US_02255,-87.953062,37.761772,0.2261,,,2000,0.305,0.462,0.158,0.00167,early_restoration,state_only_no_t0,regimeB_v0_RS_t0,RS_derived,t0 = RS reclamation-onset proxy from NDVI trough; pre2000=left-censored; state_only=undatable in 2000-24 window,no_aml_match
MINE_US_02256,-83.500733,37.695581,0.2256,2009,15,2009,0.565,0.833,0.268,0.0013,stable_restoration,rs_t0,regimeB_v0_RS_t0,RS_derived,t0 = RS reclamation-onset proxy from NDVI trough; pre2000=left-censored; state_only=undatable in 2000-24 window,no_aml_match
MINE_US_02257,-76.289311,40.697338,0.2253,pre2000,,2000,0.451,0.612,0.161,0.00567,stable_restoration,censored_pre2000,regimeB_v0_RS_t0,RS_derived,t0 = RS reclamation-onset proxy from NDVI trough; pre2000=left-censored; state_only=undatable in 2000-24 window,aml_listed_not_complete
MINE_US_02258,-76.335997,40.680085,0.2248,2017,7,2017,0.415,0.569,0.154,-0.00674,stable_restoration,rs_t0,regimeB_v0_RS_t0,RS_derived,t0 = RS reclamation-onset proxy from NDVI trough; pre2000=left-censored; state_only=undatable in 2000-24 window,no_aml_match
MINE_US_02259,-111.086129,32.061996,0.2248,,,2022,0.034,0.039,0.005,-0.00066,degraded,state_only_no_t0,regimeB_v0_RS_t0,RS_derived,t0 = RS reclamation-onset proxy from NDVI trough; pre2000=left-censored; state_only=undatable in 2000-24 window,no_aml_match
MINE_US_02260,-78.767593,40.247207,0.2245,pre2000,,2004,0.475,0.646,0.17,0.00836,stable_restoration,censored_pre2000,regimeB_v0_RS_t0,RS_derived,t0 = RS reclamation-onset proxy from NDVI trough; pre2000=left-censored; state_only=undatable in 2000-24 window,aml_listed_not_complete
MINE_US_02261,-80.718754,40.248785,0.2244,2014,10,2014,0.356,0.683,0.327,-0.0111,stable_restoration,rs_t0,regimeB_v0_RS_t0,RS_derived,t0 = RS reclamation-onset proxy from NDVI trough; pre2000=left-censored; state_only=undatable in 2000-24 window,no_aml_match
MINE_US_02262,-78.269285,40.878318,0.2241,,,2012,0.318,0.415,0.097,-0.01476,early_restoration,state_only_no_t0,regimeB_v0_RS_t0,RS_derived,t0 = RS reclamation-onset proxy from NDVI trough; pre2000=left-censored; state_only=undatable in 2000-24 window,aml_listed_not_complete
MINE_US_02263,-117.19381,40.325317,0.224,,,2002,0.065,0.144,0.079,0.00367,degraded,state_only_no_t0,regimeB_v0_RS_t0,RS_derived,t0 = RS reclamation-onset proxy from NDVI trough; pre2000=left-censored; state_only=undatable in 2000-24 window,no_aml_match
MINE_US_02264,-120.416186,38.06121,0.2238,,,2021,0.217,0.222,0.005,-0.00203,early_restoration,state_only_no_t0,regimeB_v0_RS_t0,RS_derived,t0 = RS reclamation-onset proxy from NDVI trough; pre2000=left-censored; state_only=undatable in 2000-24 window,no_aml_match
MINE_US_02265,-87.099812,37.355505,0.223,2011,13,2011,0.259,0.532,0.273,-0.0129,stable_restoration,rs_t0,regimeB_v0_RS_t0,RS_derived,t0 = RS reclamation-onset proxy from NDVI trough; pre2000=left-censored; state_only=undatable in 2000-24 window,no_aml_match
MINE_US_02266,-106.35263,39.3419,0.2228,,,2004,0.147,0.183,0.036,0.0011,degraded,state_only_no_t0,regimeB_v0_RS_t0,RS_derived,t0 = RS reclamation-onset proxy from NDVI trough; pre2000=left-censored; state_only=undatable in 2000-24 window,no_aml_match
MINE_US_02267,-115.732479,39.314643,0.2219,,,2020,0.102,0.112,0.01,-0.00166,degraded,state_only_no_t0,regimeB_v0_RS_t0,RS_derived,t0 = RS reclamation-onset proxy from NDVI trough; pre2000=left-censored; state_only=undatable in 2000-24 window,no_aml_match
MINE_US_02268,-96.670842,31.097281,0.2218,,,2000,0.335,0.407,0.071,0.00233,early_restoration,state_only_no_t0,regimeB_v0_RS_t0,RS_derived,t0 = RS reclamation-onset proxy from NDVI trough; pre2000=left-censored; state_only=undatable in 2000-24 window,no_aml_match
MINE_US_02269,-108.468333,38.113116,0.2214,,,2007,0.191,0.248,0.057,0.00035,early_restoration,state_only_no_t0,regimeB_v0_RS_t0,RS_derived,t0 = RS reclamation-onset proxy from NDVI trough; pre2000=left-censored; state_only=undatable in 2000-24 window,no_aml_match
MINE_US_02270,-82.024369,37.255644,0.2212,pre2000,,2000,0.564,0.768,0.204,0.00823,stable_restoration,censored_pre2000,regimeB_v0_RS_t0,RS_derived,t0 = RS reclamation-onset proxy from NDVI trough; pre2000=left-censored; state_only=undatable in 2000-24 window,no_aml_match
MINE_US_02271,-114.44005,36.50935,0.2207,,,2005,0.061,0.096,0.035,0.00186,degraded,state_only_no_t0,regimeB_v0_RS_t0,RS_derived,t0 = RS reclamation-onset proxy from NDVI trough; pre2000=left-censored; state_only=undatable in 2000-24 window,no_aml_match
MINE_US_02272,-115.705056,43.160104,0.2204,,,2000,0.11,0.216,0.106,0.00431,degraded,state_only_no_t0,regimeB_v0_RS_t0,RS_derived,t0 = RS reclamation-onset proxy from NDVI trough; pre2000=left-censored; state_only=undatable in 2000-24 window,no_aml_match
MINE_US_02273,-78.343491,41.09835,0.2203,2014,10,2014,0.401,0.667,0.266,-0.00528,stable_restoration,rs_t0,regimeB_v0_RS_t0,RS_derived,t0 = RS reclamation-onset proxy from NDVI trough; pre2000=left-censored; state_only=undatable in 2000-24 window,aml_listed_not_complete
MINE_US_02274,-87.869858,40.038802,0.2202,,,2000,0.13,0.173,0.044,0.00127,degraded,state_only_no_t0,regimeB_v0_RS_t0,RS_derived,t0 = RS reclamation-onset proxy from NDVI trough; pre2000=left-censored; state_only=undatable in 2000-24 window,no_aml_match
MINE_US_02275,-81.500448,40.601212,0.22,,,2012,0.426,0.46,0.034,-0.00814,early_restoration,state_only_no_t0,regimeB_v0_RS_t0,RS_derived,t0 = RS reclamation-onset proxy from NDVI trough; pre2000=left-censored; state_only=undatable in 2000-24 window,no_aml_match
MINE_US_02276,-76.003021,40.778942,0.2196,2009,15,2009,0.596,0.782,0.186,0.00265,stable_restoration,rs_t0,regimeB_v0_RS_t0,RS_derived,t0 = RS reclamation-onset proxy from NDVI trough; pre2000=left-censored; state_only=undatable in 2000-24 window,aml_listed_not_complete
MINE_US_02277,-79.048171,40.111451,0.2193,2012,12,2012,0.392,0.723,0.331,-0.01175,stable_restoration,rs_t0,regimeB_v0_RS_t0,RS_derived,t0 = RS reclamation-onset proxy from NDVI trough; pre2000=left-censored; state_only=undatable in 2000-24 window,no_aml_match
MINE_US_02278,-87.279575,38.729171,0.2191,2007,17,2007,0.351,0.606,0.255,0.01051,stable_restoration,rs_t0,regimeB_v0_RS_t0,RS_derived,t0 = RS reclamation-onset proxy from NDVI trough; pre2000=left-censored; state_only=undatable in 2000-24 window,no_aml_match
MINE_US_02279,-119.684922,39.177077,0.2191,,,2003,0.063,0.087,0.025,0.00083,degraded,state_only_no_t0,regimeB_v0_RS_t0,RS_derived,t0 = RS reclamation-onset proxy from NDVI trough; pre2000=left-censored; state_only=undatable in 2000-24 window,no_aml_match
MINE_US_02280,-115.207269,35.496977,0.219,,,2006,0.062,0.097,0.035,0.00079,degraded,state_only_no_t0,regimeB_v0_RS_t0,RS_derived,t0 = RS reclamation-onset proxy from NDVI trough; pre2000=left-censored; state_only=undatable in 2000-24 window,no_aml_match
MINE_US_02281,-108.638146,47.850747,0.2184,,,2014,0.146,0.232,0.086,-0.00223,early_restoration,state_only_no_t0,regimeB_v0_RS_t0,RS_derived,t0 = RS reclamation-onset proxy from NDVI trough; pre2000=left-censored; state_only=undatable in 2000-24 window,no_aml_match
MINE_US_02282,-107.807435,40.306006,0.2177,,,2003,0.127,0.204,0.077,0.00334,degraded,state_only_no_t0,regimeB_v0_RS_t0,RS_derived,t0 = RS reclamation-onset proxy from NDVI trough; pre2000=left-censored; state_only=undatable in 2000-24 window,no_aml_match
MINE_US_02283,-107.871538,35.254758,0.2174,,,2024,-0.109,-0.095,0.014,-0.01011,degraded,state_only_no_t0,regimeB_v0_RS_t0,RS_derived,t0 = RS reclamation-onset proxy from NDVI trough; pre2000=left-censored; state_only=undatable in 2000-24 window,no_aml_match
MINE_US_02284,-117.227564,35.933145,0.2173,,,2004,0.047,0.075,0.028,0.00138,degraded,state_only_no_t0,regimeB_v0_RS_t0,RS_derived,t0 = RS reclamation-onset proxy from NDVI trough; pre2000=left-censored; state_only=undatable in 2000-24 window,no_aml_match
MINE_US_02285,-115.505452,39.919481,0.2171,,,2000,0.138,0.24,0.102,0.00524,early_restoration,state_only_no_t0,regimeB_v0_RS_t0,RS_derived,t0 = RS reclamation-onset proxy from NDVI trough; pre2000=left-censored; state_only=undatable in 2000-24 window,no_aml_match
MINE_US_02286,-91.11886,37.72385,0.217,,,2000,0.338,0.393,0.055,0.00204,early_restoration,state_only_no_t0,regimeB_v0_RS_t0,RS_derived,t0 = RS reclamation-onset proxy from NDVI trough; pre2000=left-censored; state_only=undatable in 2000-24 window,no_aml_match
MINE_US_02287,-106.982808,44.84739,0.2167,2017,7,2017,0.304,0.447,0.142,-0.0043,early_restoration,rs_t0,regimeB_v0_RS_t0,RS_derived,t0 = RS reclamation-onset proxy from NDVI trough; pre2000=left-censored; state_only=undatable in 2000-24 window,no_aml_match
MINE_US_02288,-80.659578,40.274295,0.2166,2007,17,2007,0.18,0.33,0.15,-0.00569,early_restoration,rs_t0,regimeB_v0_RS_t0,RS_derived,t0 = RS reclamation-onset proxy from NDVI trough; pre2000=left-censored; state_only=undatable in 2000-24 window,no_aml_match
MINE_US_02289,-67.251751,45.019334,0.2164,,,2000,0.265,0.402,0.138,0.00556,early_restoration,state_only_no_t0,regimeB_v0_RS_t0,RS_derived,t0 = RS reclamation-onset proxy from NDVI trough; pre2000=left-censored; state_only=undatable in 2000-24 window,no_aml_match
MINE_US_02290,-92.436322,34.535823,0.216,2017,7,2017,0.293,0.432,0.139,-0.02086,early_restoration,rs_t0,regimeB_v0_RS_t0,RS_derived,t0 = RS reclamation-onset proxy from NDVI trough; pre2000=left-censored; state_only=undatable in 2000-24 window,no_aml_match
MINE_US_02291,-117.236404,40.30512,0.2158,,,2007,0.099,0.143,0.044,0.00188,degraded,state_only_no_t0,regimeB_v0_RS_t0,RS_derived,t0 = RS reclamation-onset proxy from NDVI trough; pre2000=left-censored; state_only=undatable in 2000-24 window,no_aml_match
MINE_US_02292,-87.404919,38.400153,0.2157,2002,22,2002,0.312,0.548,0.235,0.00669,stable_restoration,rs_t0,regimeB_v0_RS_t0,RS_derived,t0 = RS reclamation-onset proxy from NDVI trough; pre2000=left-censored; state_only=undatable in 2000-24 window,no_aml_match
MINE_US_02293,-105.432426,44.205038,0.2152,,,2003,0.198,0.337,0.139,0.0041,early_restoration,state_only_no_t0,regimeB_v0_RS_t0,RS_derived,t0 = RS reclamation-onset proxy from NDVI trough; pre2000=left-censored; state_only=undatable in 2000-24 window,no_aml_match
MINE_US_02294,-83.062438,36.393084,0.215,,,2001,0.33,0.461,0.131,0.00502,early_restoration,state_only_no_t0,regimeB_v0_RS_t0,RS_derived,t0 = RS reclamation-onset proxy from NDVI trough; pre2000=left-censored; state_only=undatable in 2000-24 window,no_aml_match
MINE_US_02295,-115.96531,39.555669,0.2143,,,2011,0.115,0.149,0.034,0.00072,degraded,state_only_no_t0,regimeB_v0_RS_t0,RS_derived,t0 = RS reclamation-onset proxy from NDVI trough; pre2000=left-censored; state_only=undatable in 2000-24 window,no_aml_match
MINE_US_02296,-78.256966,40.869267,0.2141,2013,11,2013,0.489,0.592,0.103,-0.01412,stable_restoration,rs_t0,regimeB_v0_RS_t0,RS_derived,t0 = RS reclamation-onset proxy from NDVI trough; pre2000=left-censored; state_only=undatable in 2000-24 window,aml_listed_not_complete
MINE_US_02297,-87.35289,33.863098,0.2141,2010,14,2010,0.197,0.595,0.398,-0.01638,stable_restoration,rs_t0,regimeB_v0_RS_t0,RS_derived,t0 = RS reclamation-onset proxy from NDVI trough; pre2000=left-censored; state_only=undatable in 2000-24 window,no_aml_match
MINE_US_02298,-78.101597,41.152051,0.214,,,2011,0.394,0.455,0.061,0.00144,early_restoration,state_only_no_t0,regimeB_v0_RS_t0,RS_derived,t0 = RS reclamation-onset proxy from NDVI trough; pre2000=left-censored; state_only=undatable in 2000-24 window,aml_listed_not_complete
MINE_US_02299,-78.311262,41.017116,0.2139,2015,9,2015,0.448,0.693,0.246,-0.00874,stable_restoration,rs_t0,regimeB_v0_RS_t0,RS_derived,t0 = RS reclamation-onset proxy from NDVI trough; pre2000=left-censored; state_only=undatable in 2000-24 window,aml_listed_not_complete
MINE_US_02300,-75.925695,40.974734,0.2133,pre2000,,2007,0.441,0.583,0.142,0.00566,stable_restoration,censored_pre2000,regimeB_v0_RS_t0,RS_derived,t0 = RS reclamation-onset proxy from NDVI trough; pre2000=left-censored; state_only=undatable in 2000-24 window,no_aml_match
MINE_US_02301,-112.656655,33.887221,0.2133,,,2011,0.087,0.13,0.043,0.00124,degraded,state_only_no_t0,regimeB_v0_RS_t0,RS_derived,t0 = RS reclamation-onset proxy from NDVI trough; pre2000=left-censored; state_only=undatable in 2000-24 window,no_aml_match
MINE_US_02302,-79.886639,40.246164,0.2128,,,2019,0.307,0.391,0.083,-0.00065,early_restoration,state_only_no_t0,regimeB_v0_RS_t0,RS_derived,t0 = RS reclamation-onset proxy from NDVI trough; pre2000=left-censored; state_only=undatable in 2000-24 window,no_aml_match
MINE_US_02303,-117.571945,41.833884,0.2128,,,2002,0.279,0.354,0.076,0.00243,early_restoration,state_only_no_t0,regimeB_v0_RS_t0,RS_derived,t0 = RS reclamation-onset proxy from NDVI trough; pre2000=left-censored; state_only=undatable in 2000-24 window,no_aml_match
MINE_US_02304,-94.737498,32.211533,0.2128,,,2011,0.286,0.343,0.057,0.00214,early_restoration,state_only_no_t0,regimeB_v0_RS_t0,RS_derived,t0 = RS reclamation-onset proxy from NDVI trough; pre2000=left-censored; state_only=undatable in 2000-24 window,no_aml_match
MINE_US_02305,-114.935278,39.376649,0.2122,,,2007,0.145,0.171,0.026,-0.00045,degraded,state_only_no_t0,regimeB_v0_RS_t0,RS_derived,t0 = RS reclamation-onset proxy from NDVI trough; pre2000=left-censored; state_only=undatable in 2000-24 window,no_aml_match
MINE_US_02306,-111.450533,32.38963,0.2118,,,2002,0.091,0.106,0.015,0.00023,degraded,state_only_no_t0,regimeB_v0_RS_t0,RS_derived,t0 = RS reclamation-onset proxy from NDVI trough; pre2000=left-censored; state_only=undatable in 2000-24 window,no_aml_match
MINE_US_02307,-92.459751,34.542917,0.2115,,,2024,0.218,0.226,0.008,-0.02476,early_restoration,state_only_no_t0,regimeB_v0_RS_t0,RS_derived,t0 = RS reclamation-onset proxy from NDVI trough; pre2000=left-censored; state_only=undatable in 2000-24 window,no_aml_match
MINE_US_02308,-76.474216,40.629914,0.2104,,,2022,0.457,0.466,0.009,-0.00156,early_restoration,state_only_no_t0,regimeB_v0_RS_t0,RS_derived,t0 = RS reclamation-onset proxy from NDVI trough; pre2000=left-censored; state_only=undatable in 2000-24 window,aml_listed_not_complete
MINE_US_02309,-117.222589,40.310087,0.21,,,2000,0.092,0.134,0.042,0.00186,degraded,state_only_no_t0,regimeB_v0_RS_t0,RS_derived,t0 = RS reclamation-onset proxy from NDVI trough; pre2000=left-censored; state_only=undatable in 2000-24 window,no_aml_match
MINE_US_02310,-79.059505,40.118741,0.2099,2016,8,2016,0.295,0.698,0.403,-0.00726,stable_restoration,rs_t0,regimeB_v0_RS_t0,RS_derived,t0 = RS reclamation-onset proxy from NDVI trough; pre2000=left-censored; state_only=undatable in 2000-24 window,aml_listed_not_complete
MINE_US_02311,-118.269171,34.958096,0.2086,,,2003,0.066,0.112,0.045,0.001,degraded,state_only_no_t0,regimeB_v0_RS_t0,RS_derived,t0 = RS reclamation-onset proxy from NDVI trough; pre2000=left-censored; state_only=undatable in 2000-24 window,no_aml_match
MINE_US_02312,-80.149674,39.120792,0.2083,2013,11,2013,0.563,0.709,0.146,-0.002,stable_restoration,rs_t0,regimeB_v0_RS_t0,RS_derived,t0 = RS reclamation-onset proxy from NDVI trough; pre2000=left-censored; state_only=undatable in 2000-24 window,no_aml_match
MINE_US_02313,-118.901549,44.429748,0.2079,,,2001,0.163,0.304,0.141,0.00505,early_restoration,state_only_no_t0,regimeB_v0_RS_t0,RS_derived,t0 = RS reclamation-onset proxy from NDVI trough; pre2000=left-censored; state_only=undatable in 2000-24 window,no_aml_match
MINE_US_02314,-114.601591,47.548775,0.2078,,,2021,0.148,0.173,0.025,-0.003,degraded,state_only_no_t0,regimeB_v0_RS_t0,RS_derived,t0 = RS reclamation-onset proxy from NDVI trough; pre2000=left-censored; state_only=undatable in 2000-24 window,no_aml_match
MINE_US_02315,-115.598133,43.077983,0.2065,,,2000,0.093,0.153,0.06,0.00185,degraded,state_only_no_t0,regimeB_v0_RS_t0,RS_derived,t0 = RS reclamation-onset proxy from NDVI trough; pre2000=left-censored; state_only=undatable in 2000-24 window,no_aml_match
MINE_US_02316,-117.160354,38.061475,0.2058,,,2001,-0.058,0.102,0.16,0.00474,degraded,state_only_no_t0,regimeB_v0_RS_t0,RS_derived,t0 = RS reclamation-onset proxy from NDVI trough; pre2000=left-censored; state_only=undatable in 2000-24 window,no_aml_match
MINE_US_02317,-69.155214,44.083982,0.2053,,,2020,0.243,0.309,0.066,0.00142,early_restoration,state_only_no_t0,regimeB_v0_RS_t0,RS_derived,t0 = RS reclamation-onset proxy from NDVI trough; pre2000=left-censored; state_only=undatable in 2000-24 window,no_aml_match
MINE_US_02318,-79.637274,41.110331,0.2052,2014,10,2014,0.44,0.734,0.294,-0.00306,stable_restoration,rs_t0,regimeB_v0_RS_t0,RS_derived,t0 = RS reclamation-onset proxy from NDVI trough; pre2000=left-censored; state_only=undatable in 2000-24 window,aml_listed_not_complete
MINE_US_02319,-113.728836,35.37367,0.2052,,,2007,0.098,0.124,0.026,-6e-05,degraded,state_only_no_t0,regimeB_v0_RS_t0,RS_derived,t0 = RS reclamation-onset proxy from NDVI trough; pre2000=left-censored; state_only=undatable in 2000-24 window,no_aml_match
MINE_US_02320,-76.640799,40.766366,0.205,2016,8,2016,0.486,0.593,0.106,-0.0124,stable_restoration,rs_t0,regimeB_v0_RS_t0,RS_derived,t0 = RS reclamation-onset proxy from NDVI trough; pre2000=left-censored; state_only=undatable in 2000-24 window,aml_listed_not_complete
MINE_US_02321,-83.404169,36.060243,0.2036,,,2007,0.269,0.352,0.084,-0.00025,early_restoration,state_only_no_t0,regimeB_v0_RS_t0,RS_derived,t0 = RS reclamation-onset proxy from NDVI trough; pre2000=left-censored; state_only=undatable in 2000-24 window,no_aml_match
MINE_US_02322,-76.56003,40.770295,0.2032,2015,9,2015,0.451,0.603,0.152,-0.01367,stable_restoration,rs_t0,regimeB_v0_RS_t0,RS_derived,t0 = RS reclamation-onset proxy from NDVI trough; pre2000=left-censored; state_only=undatable in 2000-24 window,aml_listed_not_complete
MINE_US_02323,-80.624776,40.313663,0.2027,,,2015,0.357,0.428,0.071,-0.00265,early_restoration,state_only_no_t0,regimeB_v0_RS_t0,RS_derived,t0 = RS reclamation-onset proxy from NDVI trough; pre2000=left-censored; state_only=undatable in 2000-24 window,no_aml_match
MINE_US_02324,-105.26013,43.541425,0.2026,,,2005,0.119,0.139,0.019,0.00043,degraded,state_only_no_t0,regimeB_v0_RS_t0,RS_derived,t0 = RS reclamation-onset proxy from NDVI trough; pre2000=left-censored; state_only=undatable in 2000-24 window,no_aml_match
MINE_US_02325,-112.047969,39.948956,0.2025,,,2002,0.089,0.119,0.031,0.00137,degraded,state_only_no_t0,regimeB_v0_RS_t0,RS_derived,t0 = RS reclamation-onset proxy from NDVI trough; pre2000=left-censored; state_only=undatable in 2000-24 window,no_aml_match
MINE_US_02326,-112.038459,40.556671,0.2022,,,2007,0.139,0.182,0.044,0.00088,degraded,state_only_no_t0,regimeB_v0_RS_t0,RS_derived,t0 = RS reclamation-onset proxy from NDVI trough; pre2000=left-censored; state_only=undatable in 2000-24 window,no_aml_match
MINE_US_02327,-112.205873,33.807647,0.2019,,,2018,0.065,0.095,0.03,-0.00253,degraded,state_only_no_t0,regimeB_v0_RS_t0,RS_derived,t0 = RS reclamation-onset proxy from NDVI trough; pre2000=left-censored; state_only=undatable in 2000-24 window,no_aml_match
MINE_US_02328,-111.133154,32.731808,0.2017,,,2005,0.119,0.154,0.035,0.00108,degraded,state_only_no_t0,regimeB_v0_RS_t0,RS_derived,t0 = RS reclamation-onset proxy from NDVI trough; pre2000=left-censored; state_only=undatable in 2000-24 window,no_aml_match
MINE_US_02329,-82.469182,39.128944,0.2016,pre2000,,2000,0.344,0.52,0.175,0.00763,stable_restoration,censored_pre2000,regimeB_v0_RS_t0,RS_derived,t0 = RS reclamation-onset proxy from NDVI trough; pre2000=left-censored; state_only=undatable in 2000-24 window,no_aml_match
MINE_US_02330,-111.939574,45.642972,0.2013,,,2010,0.212,0.307,0.095,0.00358,early_restoration,state_only_no_t0,regimeB_v0_RS_t0,RS_derived,t0 = RS reclamation-onset proxy from NDVI trough; pre2000=left-censored; state_only=undatable in 2000-24 window,no_aml_match
MINE_US_02331,-79.647364,39.467423,0.2008,,,2014,0.459,0.488,0.029,-0.00167,early_restoration,state_only_no_t0,regimeB_v0_RS_t0,RS_derived,t0 = RS reclamation-onset proxy from NDVI trough; pre2000=left-censored; state_only=undatable in 2000-24 window,no_aml_match
MINE_US_02332,-119.785723,39.208734,0.1995,,,2004,0.12,0.193,0.073,0.00313,degraded,state_only_no_t0,regimeB_v0_RS_t0,RS_derived,t0 = RS reclamation-onset proxy from NDVI trough; pre2000=left-censored; state_only=undatable in 2000-24 window,no_aml_match
MINE_US_02333,-123.678079,40.92981,0.1993,,,2017,0.415,0.434,0.019,-0.00445,early_restoration,state_only_no_t0,regimeB_v0_RS_t0,RS_derived,t0 = RS reclamation-onset proxy from NDVI trough; pre2000=left-censored; state_only=undatable in 2000-24 window,no_aml_match
MINE_US_02334,-113.008025,39.527193,0.1993,,,2001,0.041,0.078,0.037,0.00128,degraded,state_only_no_t0,regimeB_v0_RS_t0,RS_derived,t0 = RS reclamation-onset proxy from NDVI trough; pre2000=left-censored; state_only=undatable in 2000-24 window,no_aml_match
MINE_US_02335,-79.000306,39.996026,0.199,2007,17,2007,0.246,0.661,0.416,-0.00309,stable_restoration,rs_t0,regimeB_v0_RS_t0,RS_derived,t0 = RS reclamation-onset proxy from NDVI trough; pre2000=left-censored; state_only=undatable in 2000-24 window,no_aml_match
MINE_US_02336,-96.771065,29.825972,0.199,,,2017,0.237,0.311,0.075,-0.00852,early_restoration,state_only_no_t0,regimeB_v0_RS_t0,RS_derived,t0 = RS reclamation-onset proxy from NDVI trough; pre2000=left-censored; state_only=undatable in 2000-24 window,no_aml_match
MINE_US_02337,-112.709916,34.141311,0.1983,,,2003,0.136,0.205,0.069,0.00244,degraded,state_only_no_t0,regimeB_v0_RS_t0,RS_derived,t0 = RS reclamation-onset proxy from NDVI trough; pre2000=left-censored; state_only=undatable in 2000-24 window,no_aml_match
MINE_US_02338,-81.903199,37.210995,0.1982,pre2000,,2015,0.677,0.718,0.041,-0.0055,stable_restoration,censored_pre2000,regimeB_v0_RS_t0,RS_derived,t0 = RS reclamation-onset proxy from NDVI trough; pre2000=left-censored; state_only=undatable in 2000-24 window,no_aml_match
MINE_US_02339,-115.298104,47.578014,0.1979,,,2016,0.187,0.205,0.018,-0.0022,degraded,state_only_no_t0,regimeB_v0_RS_t0,RS_derived,t0 = RS reclamation-onset proxy from NDVI trough; pre2000=left-censored; state_only=undatable in 2000-24 window,no_aml_match
MINE_US_02340,-107.006582,44.901203,0.1977,,,2001,0.153,0.24,0.087,0.00329,early_restoration,state_only_no_t0,regimeB_v0_RS_t0,RS_derived,t0 = RS reclamation-onset proxy from NDVI trough; pre2000=left-censored; state_only=undatable in 2000-24 window,no_aml_match
MINE_US_02341,-114.925571,35.91969,0.1972,,,2012,0.055,0.071,0.016,0.00031,degraded,state_only_no_t0,regimeB_v0_RS_t0,RS_derived,t0 = RS reclamation-onset proxy from NDVI trough; pre2000=left-censored; state_only=undatable in 2000-24 window,no_aml_match
MINE_US_02342,-81.310083,40.39528,0.1971,2012,12,2012,0.276,0.42,0.143,-0.01698,early_restoration,rs_t0,regimeB_v0_RS_t0,RS_derived,t0 = RS reclamation-onset proxy from NDVI trough; pre2000=left-censored; state_only=undatable in 2000-24 window,no_aml_match
MINE_US_02343,-117.68935,44.812182,0.1969,,,2004,0.129,0.18,0.051,0.00197,degraded,state_only_no_t0,regimeB_v0_RS_t0,RS_derived,t0 = RS reclamation-onset proxy from NDVI trough; pre2000=left-censored; state_only=undatable in 2000-24 window,no_aml_match
MINE_US_02344,-121.015749,39.208706,0.1964,pre2000,,2000,0.341,0.522,0.181,0.00822,stable_restoration,censored_pre2000,regimeB_v0_RS_t0,RS_derived,t0 = RS reclamation-onset proxy from NDVI trough; pre2000=left-censored; state_only=undatable in 2000-24 window,no_aml_match
MINE_US_02345,-120.969243,38.398233,0.1958,,,2007,0.203,0.261,0.058,0.00276,early_restoration,state_only_no_t0,regimeB_v0_RS_t0,RS_derived,t0 = RS reclamation-onset proxy from NDVI trough; pre2000=left-censored; state_only=undatable in 2000-24 window,no_aml_match
MINE_US_02346,-112.920345,45.197756,0.1954,,,2007,0.191,0.258,0.067,0.00253,early_restoration,state_only_no_t0,regimeB_v0_RS_t0,RS_derived,t0 = RS reclamation-onset proxy from NDVI trough; pre2000=left-censored; state_only=undatable in 2000-24 window,no_aml_match
MINE_US_02347,-88.169408,36.411292,0.1947,,,2019,0.238,0.275,0.037,-0.0291,early_restoration,state_only_no_t0,regimeB_v0_RS_t0,RS_derived,t0 = RS reclamation-onset proxy from NDVI trough; pre2000=left-censored; state_only=undatable in 2000-24 window,no_aml_match
MINE_US_02348,-122.370091,48.89451,0.1946,,,2002,0.163,0.243,0.08,0.00263,early_restoration,state_only_no_t0,regimeB_v0_RS_t0,RS_derived,t0 = RS reclamation-onset proxy from NDVI trough; pre2000=left-censored; state_only=undatable in 2000-24 window,no_aml_match
MINE_US_02349,-117.93805,36.556964,0.1946,,,2000,-0.052,0.076,0.128,0.00367,degraded,state_only_no_t0,regimeB_v0_RS_t0,RS_derived,t0 = RS reclamation-onset proxy from NDVI trough; pre2000=left-censored; state_only=undatable in 2000-24 window,no_aml_match
MINE_US_02350,-81.687644,37.783016,0.1945,2019,5,2019,0.265,0.5,0.235,-0.01168,early_restoration,rs_t0,regimeB_v0_RS_t0,RS_derived,t0 = RS reclamation-onset proxy from NDVI trough; pre2000=left-censored; state_only=undatable in 2000-24 window,no_aml_match
MINE_US_02351,-105.251711,43.553036,0.1942,,,2003,0.087,0.19,0.103,0.00422,degraded,state_only_no_t0,regimeB_v0_RS_t0,RS_derived,t0 = RS reclamation-onset proxy from NDVI trough; pre2000=left-censored; state_only=undatable in 2000-24 window,no_aml_match
MINE_US_02352,-79.094339,40.977151,0.1941,2013,11,2013,0.427,0.731,0.305,-0.00275,stable_restoration,rs_t0,regimeB_v0_RS_t0,RS_derived,t0 = RS reclamation-onset proxy from NDVI trough; pre2000=left-censored; state_only=undatable in 2000-24 window,aml_listed_not_complete
MINE_US_02353,-107.996053,32.740433,0.1939,,,2011,0.166,0.243,0.078,0.00243,early_restoration,state_only_no_t0,regimeB_v0_RS_t0,RS_derived,t0 = RS reclamation-onset proxy from NDVI trough; pre2000=left-censored; state_only=undatable in 2000-24 window,no_aml_match
MINE_US_02354,-78.686795,40.238578,0.1936,,,2001,0.385,0.421,0.036,0.00526,early_restoration,state_only_no_t0,regimeB_v0_RS_t0,RS_derived,t0 = RS reclamation-onset proxy from NDVI trough; pre2000=left-censored; state_only=undatable in 2000-24 window,no_aml_match
MINE_US_02355,-94.466144,35.134956,0.1933,,,2011,0.421,0.447,0.026,-0.00775,early_restoration,state_only_no_t0,regimeB_v0_RS_t0,RS_derived,t0 = RS reclamation-onset proxy from NDVI trough; pre2000=left-censored; state_only=undatable in 2000-24 window,no_aml_match
MINE_US_02356,-120.999958,38.375183,0.1933,,,2003,0.241,0.274,0.034,0.00096,early_restoration,state_only_no_t0,regimeB_v0_RS_t0,RS_derived,t0 = RS reclamation-onset proxy from NDVI trough; pre2000=left-censored; state_only=undatable in 2000-24 window,no_aml_match
MINE_US_02357,-76.264381,40.679646,0.1929,pre2000,,2000,0.447,0.577,0.13,0.00685,stable_restoration,censored_pre2000,regimeB_v0_RS_t0,RS_derived,t0 = RS reclamation-onset proxy from NDVI trough; pre2000=left-censored; state_only=undatable in 2000-24 window,no_aml_match
MINE_US_02358,-112.359433,38.973064,0.1922,,,2008,0.146,0.161,0.015,0.0002,degraded,state_only_no_t0,regimeB_v0_RS_t0,RS_derived,t0 = RS reclamation-onset proxy from NDVI trough; pre2000=left-censored; state_only=undatable in 2000-24 window,no_aml_match
MINE_US_02359,-105.271744,38.458166,0.1919,,,2011,0.136,0.191,0.055,0.00233,degraded,state_only_no_t0,regimeB_v0_RS_t0,RS_derived,t0 = RS reclamation-onset proxy from NDVI trough; pre2000=left-censored; state_only=undatable in 2000-24 window,no_aml_match
MINE_US_02360,-79.164423,39.960666,0.1919,2012,12,2012,0.39,0.508,0.118,-0.00375,stable_restoration,rs_t0,regimeB_v0_RS_t0,RS_derived,t0 = RS reclamation-onset proxy from NDVI trough; pre2000=left-censored; state_only=undatable in 2000-24 window,no_aml_match
MINE_US_02361,-118.029568,48.78205,0.1916,,,2002,0.277,0.391,0.115,0.0062,early_restoration,state_only_no_t0,regimeB_v0_RS_t0,RS_derived,t0 = RS reclamation-onset proxy from NDVI trough; pre2000=left-censored; state_only=undatable in 2000-24 window,no_aml_match
MINE_US_02362,-79.631578,39.966928,0.1914,,,2024,0.412,0.437,0.025,-0.01833,early_restoration,state_only_no_t0,regimeB_v0_RS_t0,RS_derived,t0 = RS reclamation-onset proxy from NDVI trough; pre2000=left-censored; state_only=undatable in 2000-24 window,no_aml_match
MINE_US_02363,-92.449996,34.664642,0.1913,,,2019,0.278,0.35,0.072,-0.01469,early_restoration,state_only_no_t0,regimeB_v0_RS_t0,RS_derived,t0 = RS reclamation-onset proxy from NDVI trough; pre2000=left-censored; state_only=undatable in 2000-24 window,no_aml_match
MINE_US_02364,-107.725842,37.972554,0.1911,,,2000,0.194,0.288,0.094,0.00421,early_restoration,state_only_no_t0,regimeB_v0_RS_t0,RS_derived,t0 = RS reclamation-onset proxy from NDVI trough; pre2000=left-censored; state_only=undatable in 2000-24 window,no_aml_match
MINE_US_02365,-78.609774,41.234325,0.1902,2011,13,2011,0.606,0.715,0.11,-0.00423,stable_restoration,rs_t0,regimeB_v0_RS_t0,RS_derived,t0 = RS reclamation-onset proxy from NDVI trough; pre2000=left-censored; state_only=undatable in 2000-24 window,no_aml_match
MINE_US_02366,-112.209794,33.808101,0.1899,,,2018,0.085,0.102,0.017,-0.00191,degraded,state_only_no_t0,regimeB_v0_RS_t0,RS_derived,t0 = RS reclamation-onset proxy from NDVI trough; pre2000=left-censored; state_only=undatable in 2000-24 window,no_aml_match
MINE_US_02367,-107.926563,34.961618,0.1896,,,2001,0.127,0.198,0.07,0.00315,degraded,state_only_no_t0,regimeB_v0_RS_t0,RS_derived,t0 = RS reclamation-onset proxy from NDVI trough; pre2000=left-censored; state_only=undatable in 2000-24 window,no_aml_match
MINE_US_02368,-73.599669,44.969924,0.1891,2006,18,2006,0.414,0.575,0.161,-0.00123,stable_restoration,rs_t0,regimeB_v0_RS_t0,RS_derived,t0 = RS reclamation-onset proxy from NDVI trough; pre2000=left-censored; state_only=undatable in 2000-24 window,no_aml_match
MINE_US_02369,-87.117336,33.395322,0.189,2014,10,2014,0.308,0.725,0.417,0.0139,stable_restoration,rs_t0,regimeB_v0_RS_t0,RS_derived,t0 = RS reclamation-onset proxy from NDVI trough; pre2000=left-censored; state_only=undatable in 2000-24 window,no_aml_match
MINE_US_02370,-81.294447,40.211041,0.1889,2012,12,2012,0.423,0.561,0.138,-0.01289,stable_restoration,rs_t0,regimeB_v0_RS_t0,RS_derived,t0 = RS reclamation-onset proxy from NDVI trough; pre2000=left-censored; state_only=undatable in 2000-24 window,no_aml_match
MINE_US_02371,-92.490545,34.579423,0.1883,2018,6,2018,0.258,0.379,0.121,-0.0141,early_restoration,rs_t0,regimeB_v0_RS_t0,RS_derived,t0 = RS reclamation-onset proxy from NDVI trough; pre2000=left-censored; state_only=undatable in 2000-24 window,no_aml_match
MINE_US_02372,-74.663843,41.070866,0.1881,,,2016,0.314,0.402,0.088,-0.00032,early_restoration,state_only_no_t0,regimeB_v0_RS_t0,RS_derived,t0 = RS reclamation-onset proxy from NDVI trough; pre2000=left-censored; state_only=undatable in 2000-24 window,no_aml_match
MINE_US_02373,-119.645471,39.521796,0.1879,,,2002,0.063,0.115,0.052,0.00213,degraded,state_only_no_t0,regimeB_v0_RS_t0,RS_derived,t0 = RS reclamation-onset proxy from NDVI trough; pre2000=left-censored; state_only=undatable in 2000-24 window,no_aml_match
MINE_US_02374,-115.813568,39.429227,0.1873,,,2007,0.098,0.131,0.033,0.00116,degraded,state_only_no_t0,regimeB_v0_RS_t0,RS_derived,t0 = RS reclamation-onset proxy from NDVI trough; pre2000=left-censored; state_only=undatable in 2000-24 window,no_aml_match
MINE_US_02375,-90.456335,38.267276,0.1872,,,2019,0.333,0.395,0.062,-0.0215,early_restoration,state_only_no_t0,regimeB_v0_RS_t0,RS_derived,t0 = RS reclamation-onset proxy from NDVI trough; pre2000=left-censored; state_only=undatable in 2000-24 window,no_aml_match
MINE_US_02376,-107.59034,40.450457,0.1868,,,2003,0.158,0.2,0.042,0.00146,degraded,state_only_no_t0,regimeB_v0_RS_t0,RS_derived,t0 = RS reclamation-onset proxy from NDVI trough; pre2000=left-censored; state_only=undatable in 2000-24 window,no_aml_match
MINE_US_02377,-118.757858,40.283282,0.1864,,,2020,0.066,0.07,0.004,-0.00153,degraded,state_only_no_t0,regimeB_v0_RS_t0,RS_derived,t0 = RS reclamation-onset proxy from NDVI trough; pre2000=left-censored; state_only=undatable in 2000-24 window,no_aml_match
MINE_US_02378,-108.806091,41.71963,0.1864,,,2012,0.103,0.188,0.085,0.00411,degraded,state_only_no_t0,regimeB_v0_RS_t0,RS_derived,t0 = RS reclamation-onset proxy from NDVI trough; pre2000=left-censored; state_only=undatable in 2000-24 window,no_aml_match
MINE_US_02379,-108.166647,35.68311,0.1858,,,2001,0.098,0.137,0.04,0.00172,degraded,state_only_no_t0,regimeB_v0_RS_t0,RS_derived,t0 = RS reclamation-onset proxy from NDVI trough; pre2000=left-censored; state_only=undatable in 2000-24 window,no_aml_match
MINE_US_02380,-114.545148,35.52818,0.1855,,,2006,0.061,0.097,0.037,0.00121,degraded,state_only_no_t0,regimeB_v0_RS_t0,RS_derived,t0 = RS reclamation-onset proxy from NDVI trough; pre2000=left-censored; state_only=undatable in 2000-24 window,no_aml_match
MINE_US_02381,-81.267924,40.61215,0.1846,2014,10,2014,0.471,0.746,0.275,-0.00319,stable_restoration,rs_t0,regimeB_v0_RS_t0,RS_derived,t0 = RS reclamation-onset proxy from NDVI trough; pre2000=left-censored; state_only=undatable in 2000-24 window,no_aml_match
MINE_US_02382,-80.97399,36.921721,0.1835,,,2020,0.237,0.25,0.013,-0.01087,early_restoration,state_only_no_t0,regimeB_v0_RS_t0,RS_derived,t0 = RS reclamation-onset proxy from NDVI trough; pre2000=left-censored; state_only=undatable in 2000-24 window,no_aml_match
MINE_US_02383,-108.92071,35.657586,0.1835,,,2007,0.102,0.181,0.079,0.00271,degraded,state_only_no_t0,regimeB_v0_RS_t0,RS_derived,t0 = RS reclamation-onset proxy from NDVI trough; pre2000=left-censored; state_only=undatable in 2000-24 window,no_aml_match
MINE_US_02384,-106.992217,44.852266,0.1819,,,2005,0.206,0.361,0.156,0.00442,early_restoration,state_only_no_t0,regimeB_v0_RS_t0,RS_derived,t0 = RS reclamation-onset proxy from NDVI trough; pre2000=left-censored; state_only=undatable in 2000-24 window,no_aml_match
MINE_US_02385,-78.950399,39.989348,0.1818,2008,16,2008,0.269,0.527,0.258,-0.0097,stable_restoration,rs_t0,regimeB_v0_RS_t0,RS_derived,t0 = RS reclamation-onset proxy from NDVI trough; pre2000=left-censored; state_only=undatable in 2000-24 window,aml_listed_not_complete
MINE_US_02386,-118.980656,48.950774,0.1816,2008,16,2008,0.208,0.323,0.115,-0.01117,early_restoration,rs_t0,regimeB_v0_RS_t0,RS_derived,t0 = RS reclamation-onset proxy from NDVI trough; pre2000=left-censored; state_only=undatable in 2000-24 window,no_aml_match
MINE_US_02387,-78.667554,40.817514,0.1811,2012,12,2012,0.467,0.662,0.195,-0.00463,stable_restoration,rs_t0,regimeB_v0_RS_t0,RS_derived,t0 = RS reclamation-onset proxy from NDVI trough; pre2000=left-censored; state_only=undatable in 2000-24 window,aml_listed_not_complete
MINE_US_02388,-106.847057,38.510025,0.1811,,,2001,0.075,0.108,0.034,0.00161,degraded,state_only_no_t0,regimeB_v0_RS_t0,RS_derived,t0 = RS reclamation-onset proxy from NDVI trough; pre2000=left-censored; state_only=undatable in 2000-24 window,no_aml_match
MINE_US_02389,-107.055774,44.913357,0.1809,,,2005,0.16,0.249,0.089,0.00322,early_restoration,state_only_no_t0,regimeB_v0_RS_t0,RS_derived,t0 = RS reclamation-onset proxy from NDVI trough; pre2000=left-censored; state_only=undatable in 2000-24 window,no_aml_match
MINE_US_02390,-110.677626,41.414626,0.1809,,,2012,0.089,0.12,0.031,-0.00417,degraded,state_only_no_t0,regimeB_v0_RS_t0,RS_derived,t0 = RS reclamation-onset proxy from NDVI trough; pre2000=left-censored; state_only=undatable in 2000-24 window,no_aml_match
MINE_US_02391,-106.128728,43.888108,0.1807,,,2001,0.067,0.176,0.109,0.00376,degraded,state_only_no_t0,regimeB_v0_RS_t0,RS_derived,t0 = RS reclamation-onset proxy from NDVI trough; pre2000=left-censored; state_only=undatable in 2000-24 window,no_aml_match
MINE_US_02392,-104.916105,38.877999,0.1803,,,2011,0.168,0.253,0.085,-0.00054,early_restoration,state_only_no_t0,regimeB_v0_RS_t0,RS_derived,t0 = RS reclamation-onset proxy from NDVI trough; pre2000=left-censored; state_only=undatable in 2000-24 window,no_aml_match
MINE_US_02393,-79.584303,40.737968,0.1794,2012,12,2012,0.515,0.664,0.148,-0.00414,stable_restoration,rs_t0,regimeB_v0_RS_t0,RS_derived,t0 = RS reclamation-onset proxy from NDVI trough; pre2000=left-censored; state_only=undatable in 2000-24 window,no_aml_match
MINE_US_02394,-114.923222,35.492691,0.1793,,,2006,0.082,0.104,0.022,0.00035,degraded,state_only_no_t0,regimeB_v0_RS_t0,RS_derived,t0 = RS reclamation-onset proxy from NDVI trough; pre2000=left-censored; state_only=undatable in 2000-24 window,no_aml_match
MINE_US_02395,-81.930136,37.848832,0.1792,2013,11,2013,0.615,0.814,0.199,-0.00063,stable_restoration,rs_t0,regimeB_v0_RS_t0,RS_derived,t0 = RS reclamation-onset proxy from NDVI trough; pre2000=left-censored; state_only=undatable in 2000-24 window,no_aml_match
MINE_US_02396,-117.884377,36.521014,0.1791,,,2012,0.053,0.079,0.026,-0.00027,degraded,state_only_no_t0,regimeB_v0_RS_t0,RS_derived,t0 = RS reclamation-onset proxy from NDVI trough; pre2000=left-censored; state_only=undatable in 2000-24 window,no_aml_match
MINE_US_02397,-81.533517,37.412617,0.179,,,2019,0.421,0.46,0.039,-0.00021,early_restoration,state_only_no_t0,regimeB_v0_RS_t0,RS_derived,t0 = RS reclamation-onset proxy from NDVI trough; pre2000=left-censored; state_only=undatable in 2000-24 window,no_aml_match
MINE_US_02398,-80.919727,36.846386,0.1788,,,2015,0.268,0.301,0.033,-0.00104,early_restoration,state_only_no_t0,regimeB_v0_RS_t0,RS_derived,t0 = RS reclamation-onset proxy from NDVI trough; pre2000=left-censored; state_only=undatable in 2000-24 window,no_aml_match
MINE_US_02399,-116.789424,37.005351,0.1787,,,2008,0.097,0.137,0.04,0.0012,degraded,state_only_no_t0,regimeB_v0_RS_t0,RS_derived,t0 = RS reclamation-onset proxy from NDVI trough; pre2000=left-censored; state_only=undatable in 2000-24 window,no_aml_match
MINE_US_02400,-105.216453,43.546616,0.1786,,,2000,0.072,0.226,0.154,0.00708,early_restoration,state_only_no_t0,regimeB_v0_RS_t0,RS_derived,t0 = RS reclamation-onset proxy from NDVI trough; pre2000=left-censored; state_only=undatable in 2000-24 window,no_aml_match
MINE_US_02401,-81.821289,40.360793,0.1781,2016,8,2016,0.599,0.777,0.178,0.0007,stable_restoration,rs_t0,regimeB_v0_RS_t0,RS_derived,t0 = RS reclamation-onset proxy from NDVI trough; pre2000=left-censored; state_only=undatable in 2000-24 window,no_aml_match
MINE_US_02402,-121.924621,47.176402,0.178,,,2007,0.18,0.201,0.021,-0.00011,degraded,state_only_no_t0,regimeB_v0_RS_t0,RS_derived,t0 = RS reclamation-onset proxy from NDVI trough; pre2000=left-censored; state_only=undatable in 2000-24 window,no_aml_match
MINE_US_02403,-114.18644,35.414622,0.1778,,,2001,0.092,0.14,0.048,0.0018,degraded,state_only_no_t0,regimeB_v0_RS_t0,RS_derived,t0 = RS reclamation-onset proxy from NDVI trough; pre2000=left-censored; state_only=undatable in 2000-24 window,no_aml_match
MINE_US_02404,-87.762224,37.412897,0.1776,pre2000,,2000,0.435,0.657,0.222,0.0065,stable_restoration,censored_pre2000,regimeB_v0_RS_t0,RS_derived,t0 = RS reclamation-onset proxy from NDVI trough; pre2000=left-censored; state_only=undatable in 2000-24 window,no_aml_match
MINE_US_02405,-88.405427,37.659582,0.1772,2003,21,2003,0.189,0.647,0.458,0.00954,stable_restoration,rs_t0,regimeB_v0_RS_t0,RS_derived,t0 = RS reclamation-onset proxy from NDVI trough; pre2000=left-censored; state_only=undatable in 2000-24 window,no_aml_match
MINE_US_02406,-120.019043,39.963513,0.177,,,2000,0.122,0.165,0.044,0.00131,degraded,state_only_no_t0,regimeB_v0_RS_t0,RS_derived,t0 = RS reclamation-onset proxy from NDVI trough; pre2000=left-censored; state_only=undatable in 2000-24 window,no_aml_match
MINE_US_02407,-109.790184,38.812046,0.1769,,,2001,0.044,0.077,0.033,0.00174,degraded,state_only_no_t0,regimeB_v0_RS_t0,RS_derived,t0 = RS reclamation-onset proxy from NDVI trough; pre2000=left-censored; state_only=undatable in 2000-24 window,no_aml_match
MINE_US_02408,-116.888419,42.806195,0.1768,,,2014,0.177,0.24,0.063,-0.00229,early_restoration,state_only_no_t0,regimeB_v0_RS_t0,RS_derived,t0 = RS reclamation-onset proxy from NDVI trough; pre2000=left-censored; state_only=undatable in 2000-24 window,no_aml_match
MINE_US_02409,-116.740721,40.206774,0.1767,,,2019,0.096,0.141,0.044,0.0002,degraded,state_only_no_t0,regimeB_v0_RS_t0,RS_derived,t0 = RS reclamation-onset proxy from NDVI trough; pre2000=left-censored; state_only=undatable in 2000-24 window,no_aml_match
MINE_US_02410,-118.051816,39.448846,0.1765,,,2001,0.088,0.131,0.043,0.00183,degraded,state_only_no_t0,regimeB_v0_RS_t0,RS_derived,t0 = RS reclamation-onset proxy from NDVI trough; pre2000=left-censored; state_only=undatable in 2000-24 window,no_aml_match
MINE_US_02411,-79.693023,39.963126,0.1763,pre2000,,2001,0.497,0.688,0.19,0.00838,stable_restoration,censored_pre2000,regimeB_v0_RS_t0,RS_derived,t0 = RS reclamation-onset proxy from NDVI trough; pre2000=left-censored; state_only=undatable in 2000-24 window,aml_listed_not_complete
MINE_US_02412,-112.247287,38.37994,0.1761,,,2001,0.154,0.214,0.06,0.00217,degraded,state_only_no_t0,regimeB_v0_RS_t0,RS_derived,t0 = RS reclamation-onset proxy from NDVI trough; pre2000=left-censored; state_only=undatable in 2000-24 window,no_aml_match
MINE_US_02413,-115.423806,47.396084,0.1761,,,2014,0.25,0.348,0.097,-0.00025,early_restoration,state_only_no_t0,regimeB_v0_RS_t0,RS_derived,t0 = RS reclamation-onset proxy from NDVI trough; pre2000=left-censored; state_only=undatable in 2000-24 window,no_aml_match
MINE_US_02414,-83.580799,36.716445,0.1757,pre2000,,2020,0.457,0.501,0.044,-0.005,stable_restoration,censored_pre2000,regimeB_v0_RS_t0,RS_derived,t0 = RS reclamation-onset proxy from NDVI trough; pre2000=left-censored; state_only=undatable in 2000-24 window,no_aml_match
MINE_US_02415,-110.740335,32.639267,0.1756,,,2003,0.133,0.22,0.087,0.00348,early_restoration,state_only_no_t0,regimeB_v0_RS_t0,RS_derived,t0 = RS reclamation-onset proxy from NDVI trough; pre2000=left-censored; state_only=undatable in 2000-24 window,no_aml_match
MINE_US_02416,-76.449302,40.595672,0.1756,2011,13,2011,0.605,0.749,0.143,0.00221,stable_restoration,rs_t0,regimeB_v0_RS_t0,RS_derived,t0 = RS reclamation-onset proxy from NDVI trough; pre2000=left-censored; state_only=undatable in 2000-24 window,aml_listed_not_complete
MINE_US_02417,-75.3883,44.266194,0.1747,pre2000,,2001,0.084,0.589,0.505,0.02376,stable_restoration,censored_pre2000,regimeB_v0_RS_t0,RS_derived,t0 = RS reclamation-onset proxy from NDVI trough; pre2000=left-censored; state_only=undatable in 2000-24 window,no_aml_match
MINE_US_02418,-110.346999,39.426676,0.1745,,,2009,0.138,0.155,0.017,-0.00155,degraded,state_only_no_t0,regimeB_v0_RS_t0,RS_derived,t0 = RS reclamation-onset proxy from NDVI trough; pre2000=left-censored; state_only=undatable in 2000-24 window,no_aml_match
MINE_US_02419,-81.686291,29.913736,0.1741,2016,8,2016,0.319,0.449,0.13,-0.00539,early_restoration,rs_t0,regimeB_v0_RS_t0,RS_derived,t0 = RS reclamation-onset proxy from NDVI trough; pre2000=left-censored; state_only=undatable in 2000-24 window,no_aml_match
MINE_US_02420,-110.490878,32.751923,0.1741,,,2001,0.102,0.159,0.057,0.00197,degraded,state_only_no_t0,regimeB_v0_RS_t0,RS_derived,t0 = RS reclamation-onset proxy from NDVI trough; pre2000=left-censored; state_only=undatable in 2000-24 window,no_aml_match
MINE_US_02421,-113.808641,40.109946,0.174,,,2014,0.077,0.114,0.038,-0.00489,degraded,state_only_no_t0,regimeB_v0_RS_t0,RS_derived,t0 = RS reclamation-onset proxy from NDVI trough; pre2000=left-censored; state_only=undatable in 2000-24 window,no_aml_match
MINE_US_02422,-113.864478,42.16303,0.1738,,,2019,0.137,0.152,0.015,-0.00061,degraded,state_only_no_t0,regimeB_v0_RS_t0,RS_derived,t0 = RS reclamation-onset proxy from NDVI trough; pre2000=left-censored; state_only=undatable in 2000-24 window,no_aml_match
MINE_US_02423,-115.724109,43.179566,0.1736,,,2000,0.102,0.136,0.034,0.00115,degraded,state_only_no_t0,regimeB_v0_RS_t0,RS_derived,t0 = RS reclamation-onset proxy from NDVI trough; pre2000=left-censored; state_only=undatable in 2000-24 window,no_aml_match
MINE_US_02424,-123.119934,43.732571,0.1734,,,2002,0.37,0.41,0.04,0.00121,early_restoration,state_only_no_t0,regimeB_v0_RS_t0,RS_derived,t0 = RS reclamation-onset proxy from NDVI trough; pre2000=left-censored; state_only=undatable in 2000-24 window,no_aml_match
MINE_US_02425,-100.540121,28.864981,0.1734,2010,14,2010,0.126,0.251,0.125,0.00078,early_restoration,rs_t0,regimeB_v0_RS_t0,RS_derived,t0 = RS reclamation-onset proxy from NDVI trough; pre2000=left-censored; state_only=undatable in 2000-24 window,no_aml_match
MINE_US_02426,-113.079909,36.665148,0.1723,,,2000,0.122,0.148,0.026,0.00048,degraded,state_only_no_t0,regimeB_v0_RS_t0,RS_derived,t0 = RS reclamation-onset proxy from NDVI trough; pre2000=left-censored; state_only=undatable in 2000-24 window,no_aml_match
MINE_US_02427,-87.254103,39.287348,0.1721,2007,17,2007,0.404,0.56,0.156,0.00267,stable_restoration,rs_t0,regimeB_v0_RS_t0,RS_derived,t0 = RS reclamation-onset proxy from NDVI trough; pre2000=left-censored; state_only=undatable in 2000-24 window,no_aml_match
MINE_US_02428,-81.938019,37.028443,0.1718,2009,15,2009,0.473,0.66,0.186,0.00585,stable_restoration,rs_t0,regimeB_v0_RS_t0,RS_derived,t0 = RS reclamation-onset proxy from NDVI trough; pre2000=left-censored; state_only=undatable in 2000-24 window,no_aml_match
MINE_US_02429,-101.873163,47.170666,0.1717,2016,8,2016,0.26,0.363,0.103,-0.00576,early_restoration,rs_t0,regimeB_v0_RS_t0,RS_derived,t0 = RS reclamation-onset proxy from NDVI trough; pre2000=left-censored; state_only=undatable in 2000-24 window,no_aml_match
MINE_US_02430,-78.712723,40.778239,0.1716,2009,15,2009,0.511,0.619,0.108,-0.01271,stable_restoration,rs_t0,regimeB_v0_RS_t0,RS_derived,t0 = RS reclamation-onset proxy from NDVI trough; pre2000=left-censored; state_only=undatable in 2000-24 window,no_aml_match
MINE_US_02431,-85.795621,34.862202,0.1715,2006,18,2006,0.409,0.567,0.159,0.00017,stable_restoration,rs_t0,regimeB_v0_RS_t0,RS_derived,t0 = RS reclamation-onset proxy from NDVI trough; pre2000=left-censored; state_only=undatable in 2000-24 window,no_aml_match
MINE_US_02432,-81.854865,33.479071,0.1715,,,2020,0.121,0.128,0.007,-0.00742,degraded,state_only_no_t0,regimeB_v0_RS_t0,RS_derived,t0 = RS reclamation-onset proxy from NDVI trough; pre2000=left-censored; state_only=undatable in 2000-24 window,no_aml_match
MINE_US_02433,-104.77057,38.791149,0.1711,,,2007,0.129,0.162,0.034,0.00155,degraded,state_only_no_t0,regimeB_v0_RS_t0,RS_derived,t0 = RS reclamation-onset proxy from NDVI trough; pre2000=left-censored; state_only=undatable in 2000-24 window,no_aml_match
MINE_US_02434,-76.720734,40.56481,0.1708,pre2000,,2000,0.462,0.592,0.131,0.0047,stable_restoration,censored_pre2000,regimeB_v0_RS_t0,RS_derived,t0 = RS reclamation-onset proxy from NDVI trough; pre2000=left-censored; state_only=undatable in 2000-24 window,no_aml_match
MINE_US_02435,-104.767522,38.775722,0.1701,,,2019,0.123,0.139,0.016,-0.00178,degraded,state_only_no_t0,regimeB_v0_RS_t0,RS_derived,t0 = RS reclamation-onset proxy from NDVI trough; pre2000=left-censored; state_only=undatable in 2000-24 window,no_aml_match
MINE_US_02436,-88.398275,47.287142,0.1701,,,2005,0.249,0.307,0.058,0.0008,early_restoration,state_only_no_t0,regimeB_v0_RS_t0,RS_derived,t0 = RS reclamation-onset proxy from NDVI trough; pre2000=left-censored; state_only=undatable in 2000-24 window,no_aml_match
MINE_US_02437,-81.638554,37.279715,0.17,2013,11,2013,0.346,0.748,0.403,-0.01214,stable_restoration,rs_t0,regimeB_v0_RS_t0,RS_derived,t0 = RS reclamation-onset proxy from NDVI trough; pre2000=left-censored; state_only=undatable in 2000-24 window,no_aml_match
MINE_US_02438,-78.630445,40.769672,0.1698,2010,14,2010,0.383,0.569,0.187,0.00385,stable_restoration,rs_t0,regimeB_v0_RS_t0,RS_derived,t0 = RS reclamation-onset proxy from NDVI trough; pre2000=left-censored; state_only=undatable in 2000-24 window,aml_listed_not_complete
MINE_US_02439,-114.958493,40.523067,0.1697,,,2012,0.051,0.077,0.026,-0.00189,degraded,state_only_no_t0,regimeB_v0_RS_t0,RS_derived,t0 = RS reclamation-onset proxy from NDVI trough; pre2000=left-censored; state_only=undatable in 2000-24 window,no_aml_match
MINE_US_02440,-112.333003,45.695232,0.1697,,,2001,0.194,0.289,0.095,0.00315,early_restoration,state_only_no_t0,regimeB_v0_RS_t0,RS_derived,t0 = RS reclamation-onset proxy from NDVI trough; pre2000=left-censored; state_only=undatable in 2000-24 window,no_aml_match
MINE_US_02441,-117.799466,48.777125,0.1695,,,2000,0.157,0.267,0.111,0.00441,early_restoration,state_only_no_t0,regimeB_v0_RS_t0,RS_derived,t0 = RS reclamation-onset proxy from NDVI trough; pre2000=left-censored; state_only=undatable in 2000-24 window,no_aml_match
MINE_US_02442,-116.75724,41.202025,0.1695,,,2002,0.135,0.188,0.053,0.00182,degraded,state_only_no_t0,regimeB_v0_RS_t0,RS_derived,t0 = RS reclamation-onset proxy from NDVI trough; pre2000=left-censored; state_only=undatable in 2000-24 window,no_aml_match
MINE_US_02443,-93.022396,34.549895,0.1694,,,2018,0.289,0.311,0.021,-0.01149,early_restoration,state_only_no_t0,regimeB_v0_RS_t0,RS_derived,t0 = RS reclamation-onset proxy from NDVI trough; pre2000=left-censored; state_only=undatable in 2000-24 window,no_aml_match
MINE_US_02444,-116.173062,47.549828,0.1694,,,2017,0.168,0.182,0.014,-0.0036,degraded,state_only_no_t0,regimeB_v0_RS_t0,RS_derived,t0 = RS reclamation-onset proxy from NDVI trough; pre2000=left-censored; state_only=undatable in 2000-24 window,no_aml_match
MINE_US_02445,-80.968344,40.161349,0.1692,2013,11,2013,0.305,0.745,0.44,-0.00147,stable_restoration,rs_t0,regimeB_v0_RS_t0,RS_derived,t0 = RS reclamation-onset proxy from NDVI trough; pre2000=left-censored; state_only=undatable in 2000-24 window,no_aml_match
MINE_US_02446,-82.15933,39.793906,0.1691,2007,17,2007,0.317,0.504,0.187,0.00182,stable_restoration,rs_t0,regimeB_v0_RS_t0,RS_derived,t0 = RS reclamation-onset proxy from NDVI trough; pre2000=left-censored; state_only=undatable in 2000-24 window,no_aml_match
MINE_US_02447,-122.925188,46.109099,0.1685,2009,15,2009,0.24,0.343,0.103,-0.00669,early_restoration,rs_t0,regimeB_v0_RS_t0,RS_derived,t0 = RS reclamation-onset proxy from NDVI trough; pre2000=left-censored; state_only=undatable in 2000-24 window,no_aml_match
MINE_US_02448,-103.046485,46.111425,0.1685,,,2001,0.244,0.328,0.084,0.00422,early_restoration,state_only_no_t0,regimeB_v0_RS_t0,RS_derived,t0 = RS reclamation-onset proxy from NDVI trough; pre2000=left-censored; state_only=undatable in 2000-24 window,no_aml_match
MINE_US_02449,-111.973796,40.053158,0.1677,,,2006,0.111,0.164,0.053,0.00078,degraded,state_only_no_t0,regimeB_v0_RS_t0,RS_derived,t0 = RS reclamation-onset proxy from NDVI trough; pre2000=left-censored; state_only=undatable in 2000-24 window,no_aml_match
MINE_US_02450,-97.76332,28.577727,0.1677,,,2022,0.176,0.185,0.009,-0.00704,degraded,state_only_no_t0,regimeB_v0_RS_t0,RS_derived,t0 = RS reclamation-onset proxy from NDVI trough; pre2000=left-censored; state_only=undatable in 2000-24 window,no_aml_match
MINE_US_02451,-108.505837,38.217514,0.1676,,,2011,0.114,0.153,0.038,-0.0011,degraded,state_only_no_t0,regimeB_v0_RS_t0,RS_derived,t0 = RS reclamation-onset proxy from NDVI trough; pre2000=left-censored; state_only=undatable in 2000-24 window,no_aml_match
MINE_US_02452,-110.864447,39.7256,0.1675,,,2002,0.191,0.281,0.091,0.00339,early_restoration,state_only_no_t0,regimeB_v0_RS_t0,RS_derived,t0 = RS reclamation-onset proxy from NDVI trough; pre2000=left-censored; state_only=undatable in 2000-24 window,no_aml_match
MINE_US_02453,-114.83125,39.159685,0.1673,,,2002,0.093,0.152,0.059,0.00227,degraded,state_only_no_t0,regimeB_v0_RS_t0,RS_derived,t0 = RS reclamation-onset proxy from NDVI trough; pre2000=left-censored; state_only=undatable in 2000-24 window,no_aml_match
MINE_US_02454,-114.060647,35.269571,0.1667,,,2003,0.101,0.173,0.072,0.00287,degraded,state_only_no_t0,regimeB_v0_RS_t0,RS_derived,t0 = RS reclamation-onset proxy from NDVI trough; pre2000=left-censored; state_only=undatable in 2000-24 window,no_aml_match
MINE_US_02455,-117.562909,40.54198,0.1666,,,2002,0.059,0.096,0.037,0.00154,degraded,state_only_no_t0,regimeB_v0_RS_t0,RS_derived,t0 = RS reclamation-onset proxy from NDVI trough; pre2000=left-censored; state_only=undatable in 2000-24 window,no_aml_match
MINE_US_02456,-75.408997,44.264243,0.1662,,,2001,0.299,0.405,0.106,0.0047,early_restoration,state_only_no_t0,regimeB_v0_RS_t0,RS_derived,t0 = RS reclamation-onset proxy from NDVI trough; pre2000=left-censored; state_only=undatable in 2000-24 window,no_aml_match
MINE_US_02457,-117.250726,41.180714,0.166,,,2006,0.044,0.112,0.068,0.00321,degraded,state_only_no_t0,regimeB_v0_RS_t0,RS_derived,t0 = RS reclamation-onset proxy from NDVI trough; pre2000=left-censored; state_only=undatable in 2000-24 window,no_aml_match
MINE_US_02458,-111.21691,33.034366,0.166,,,2002,0.087,0.161,0.074,0.00292,degraded,state_only_no_t0,regimeB_v0_RS_t0,RS_derived,t0 = RS reclamation-onset proxy from NDVI trough; pre2000=left-censored; state_only=undatable in 2000-24 window,no_aml_match
MINE_US_02459,-112.021077,40.569129,0.166,,,2002,0.1,0.139,0.039,0.00163,degraded,state_only_no_t0,regimeB_v0_RS_t0,RS_derived,t0 = RS reclamation-onset proxy from NDVI trough; pre2000=left-censored; state_only=undatable in 2000-24 window,no_aml_match
MINE_US_02460,-112.293818,33.730036,0.1654,,,2003,0.076,0.094,0.018,0.00017,degraded,state_only_no_t0,regimeB_v0_RS_t0,RS_derived,t0 = RS reclamation-onset proxy from NDVI trough; pre2000=left-censored; state_only=undatable in 2000-24 window,no_aml_match
MINE_US_02461,-97.783088,28.622251,0.1651,2013,11,2013,0.127,0.247,0.12,-0.01714,early_restoration,rs_t0,regimeB_v0_RS_t0,RS_derived,t0 = RS reclamation-onset proxy from NDVI trough; pre2000=left-censored; state_only=undatable in 2000-24 window,no_aml_match
MINE_US_02462,-85.159252,35.581654,0.1644,,,2014,0.367,0.437,0.07,-0.00362,early_restoration,state_only_no_t0,regimeB_v0_RS_t0,RS_derived,t0 = RS reclamation-onset proxy from NDVI trough; pre2000=left-censored; state_only=undatable in 2000-24 window,no_aml_match
MINE_US_02463,-80.73936,40.02124,0.1636,2007,17,2007,0.326,0.437,0.111,0.00258,early_restoration,rs_t0,regimeB_v0_RS_t0,RS_derived,t0 = RS reclamation-onset proxy from NDVI trough; pre2000=left-censored; state_only=undatable in 2000-24 window,no_aml_match
MINE_US_02464,-86.361016,34.04421,0.1635,,,2022,0.453,0.461,0.008,-0.00531,early_restoration,state_only_no_t0,regimeB_v0_RS_t0,RS_derived,t0 = RS reclamation-onset proxy from NDVI trough; pre2000=left-censored; state_only=undatable in 2000-24 window,no_aml_match
MINE_US_02465,-81.930582,37.84276,0.1633,pre2000,,2007,0.57,0.811,0.241,0.01212,stable_restoration,censored_pre2000,regimeB_v0_RS_t0,RS_derived,t0 = RS reclamation-onset proxy from NDVI trough; pre2000=left-censored; state_only=undatable in 2000-24 window,no_aml_match
MINE_US_02466,-118.207378,44.758467,0.1632,,,2018,0.271,0.326,0.055,-0.004,early_restoration,state_only_no_t0,regimeB_v0_RS_t0,RS_derived,t0 = RS reclamation-onset proxy from NDVI trough; pre2000=left-censored; state_only=undatable in 2000-24 window,no_aml_match
MINE_US_02467,-122.298176,48.878337,0.1632,,,2002,0.163,0.224,0.061,0.00214,early_restoration,state_only_no_t0,regimeB_v0_RS_t0,RS_derived,t0 = RS reclamation-onset proxy from NDVI trough; pre2000=left-censored; state_only=undatable in 2000-24 window,no_aml_match
MINE_US_02468,-83.516735,36.179753,0.1631,2011,13,2011,0.258,0.522,0.264,-0.00703,stable_restoration,rs_t0,regimeB_v0_RS_t0,RS_derived,t0 = RS reclamation-onset proxy from NDVI trough; pre2000=left-censored; state_only=undatable in 2000-24 window,no_aml_match
MINE_US_02469,-111.352976,33.101186,0.163,,,2001,0.077,0.144,0.067,0.0021,degraded,state_only_no_t0,regimeB_v0_RS_t0,RS_derived,t0 = RS reclamation-onset proxy from NDVI trough; pre2000=left-censored; state_only=undatable in 2000-24 window,no_aml_match
MINE_US_02470,-101.337567,47.067965,0.1629,2008,16,2008,0.165,0.489,0.323,0.0053,early_restoration,rs_t0,regimeB_v0_RS_t0,RS_derived,t0 = RS reclamation-onset proxy from NDVI trough; pre2000=left-censored; state_only=undatable in 2000-24 window,no_aml_match
MINE_US_02471,-87.004933,38.646274,0.1628,,,2001,0.371,0.463,0.092,0.0043,early_restoration,state_only_no_t0,regimeB_v0_RS_t0,RS_derived,t0 = RS reclamation-onset proxy from NDVI trough; pre2000=left-censored; state_only=undatable in 2000-24 window,no_aml_match
MINE_US_02472,-81.408971,35.194873,0.1628,2015,9,2015,0.185,0.351,0.166,-0.02239,early_restoration,rs_t0,regimeB_v0_RS_t0,RS_derived,t0 = RS reclamation-onset proxy from NDVI trough; pre2000=left-censored; state_only=undatable in 2000-24 window,no_aml_match
MINE_US_02473,-117.086636,38.079009,0.1628,,,2002,0.04,0.065,0.026,0.00111,degraded,state_only_no_t0,regimeB_v0_RS_t0,RS_derived,t0 = RS reclamation-onset proxy from NDVI trough; pre2000=left-censored; state_only=undatable in 2000-24 window,no_aml_match
MINE_US_02474,-117.506057,40.815882,0.1621,,,2011,0.109,0.167,0.058,0.0026,degraded,state_only_no_t0,regimeB_v0_RS_t0,RS_derived,t0 = RS reclamation-onset proxy from NDVI trough; pre2000=left-censored; state_only=undatable in 2000-24 window,no_aml_match
MINE_US_02475,-113.867987,42.154723,0.1621,,,2011,0.117,0.152,0.035,0.00017,degraded,state_only_no_t0,regimeB_v0_RS_t0,RS_derived,t0 = RS reclamation-onset proxy from NDVI trough; pre2000=left-censored; state_only=undatable in 2000-24 window,no_aml_match
MINE_US_02476,-106.043388,39.269722,0.1618,,,2018,0.086,0.106,0.02,-0.00666,degraded,state_only_no_t0,regimeB_v0_RS_t0,RS_derived,t0 = RS reclamation-onset proxy from NDVI trough; pre2000=left-censored; state_only=undatable in 2000-24 window,no_aml_match
MINE_US_02477,-81.431298,35.164823,0.1616,,,2007,0.204,0.246,0.042,-0.00319,early_restoration,state_only_no_t0,regimeB_v0_RS_t0,RS_derived,t0 = RS reclamation-onset proxy from NDVI trough; pre2000=left-censored; state_only=undatable in 2000-24 window,no_aml_match
MINE_US_02478,-83.938105,36.596176,0.1614,2018,6,2018,0.475,0.666,0.191,-0.01026,stable_restoration,rs_t0,regimeB_v0_RS_t0,RS_derived,t0 = RS reclamation-onset proxy from NDVI trough; pre2000=left-censored; state_only=undatable in 2000-24 window,no_aml_match
MINE_US_02479,-94.78726,35.23428,0.1612,pre2000,,2000,0.512,0.66,0.148,0.00433,stable_restoration,censored_pre2000,regimeB_v0_RS_t0,RS_derived,t0 = RS reclamation-onset proxy from NDVI trough; pre2000=left-censored; state_only=undatable in 2000-24 window,no_aml_match
MINE_US_02480,-116.243938,47.557216,0.1611,,,2015,0.235,0.255,0.02,-0.00833,early_restoration,state_only_no_t0,regimeB_v0_RS_t0,RS_derived,t0 = RS reclamation-onset proxy from NDVI trough; pre2000=left-censored; state_only=undatable in 2000-24 window,no_aml_match
MINE_US_02481,-83.938746,36.732813,0.1611,2014,10,2014,0.468,0.601,0.133,-0.01486,stable_restoration,rs_t0,regimeB_v0_RS_t0,RS_derived,t0 = RS reclamation-onset proxy from NDVI trough; pre2000=left-censored; state_only=undatable in 2000-24 window,no_aml_match
MINE_US_02482,-82.923494,37.228262,0.1609,2018,6,2018,0.476,0.76,0.284,-0.01211,stable_restoration,rs_t0,regimeB_v0_RS_t0,RS_derived,t0 = RS reclamation-onset proxy from NDVI trough; pre2000=left-censored; state_only=undatable in 2000-24 window,no_aml_match
MINE_US_02483,-78.798749,40.738209,0.1608,2005,19,2005,0.377,0.489,0.112,-0.00468,relapse_degradation,rs_t0,regimeB_v0_RS_t0,RS_derived,t0 = RS reclamation-onset proxy from NDVI trough; pre2000=left-censored; state_only=undatable in 2000-24 window,no_aml_match
MINE_US_02484,-118.243508,37.899907,0.1608,,,2001,0.059,0.123,0.064,0.00224,degraded,state_only_no_t0,regimeB_v0_RS_t0,RS_derived,t0 = RS reclamation-onset proxy from NDVI trough; pre2000=left-censored; state_only=undatable in 2000-24 window,no_aml_match
MINE_US_02485,-79.082306,39.786549,0.1606,2014,10,2014,0.394,0.693,0.298,0.00154,early_restoration,rs_t0,regimeB_v0_RS_t0,RS_derived,t0 = RS reclamation-onset proxy from NDVI trough; pre2000=left-censored; state_only=undatable in 2000-24 window,aml_listed_not_complete
MINE_US_02486,-80.165313,39.071875,0.1605,2007,17,2007,0.505,0.772,0.267,0.01082,stable_restoration,rs_t0,regimeB_v0_RS_t0,RS_derived,t0 = RS reclamation-onset proxy from NDVI trough; pre2000=left-censored; state_only=undatable in 2000-24 window,no_aml_match
MINE_US_02487,-79.143226,40.101491,0.1603,2005,19,2005,0.413,0.711,0.297,0.00323,stable_restoration,rs_t0,regimeB_v0_RS_t0,RS_derived,t0 = RS reclamation-onset proxy from NDVI trough; pre2000=left-censored; state_only=undatable in 2000-24 window,no_aml_match
MINE_US_02488,-88.196737,46.805635,0.1598,pre2000,,2007,0.547,0.67,0.122,0.00509,stable_restoration,censored_pre2000,regimeB_v0_RS_t0,RS_derived,t0 = RS reclamation-onset proxy from NDVI trough; pre2000=left-censored; state_only=undatable in 2000-24 window,no_aml_match
MINE_US_02489,-111.492967,33.022699,0.1598,,,2010,0.07,0.096,0.026,-0.00761,degraded,state_only_no_t0,regimeB_v0_RS_t0,RS_derived,t0 = RS reclamation-onset proxy from NDVI trough; pre2000=left-censored; state_only=undatable in 2000-24 window,no_aml_match
MINE_US_02490,-81.115445,34.132667,0.1597,,,2000,0.268,0.403,0.136,0.00487,early_restoration,state_only_no_t0,regimeB_v0_RS_t0,RS_derived,t0 = RS reclamation-onset proxy from NDVI trough; pre2000=left-censored; state_only=undatable in 2000-24 window,no_aml_match
MINE_US_02491,-113.105493,38.463107,0.1596,,,2017,0.061,0.083,0.022,-0.00119,degraded,state_only_no_t0,regimeB_v0_RS_t0,RS_derived,t0 = RS reclamation-onset proxy from NDVI trough; pre2000=left-censored; state_only=undatable in 2000-24 window,no_aml_match
MINE_US_02492,-111.226609,35.147765,0.1594,,,2002,0.092,0.149,0.057,0.00204,degraded,state_only_no_t0,regimeB_v0_RS_t0,RS_derived,t0 = RS reclamation-onset proxy from NDVI trough; pre2000=left-censored; state_only=undatable in 2000-24 window,no_aml_match
MINE_US_02493,-112.192989,45.445074,0.1593,,,2014,0.214,0.284,0.07,-0.00191,early_restoration,state_only_no_t0,regimeB_v0_RS_t0,RS_derived,t0 = RS reclamation-onset proxy from NDVI trough; pre2000=left-censored; state_only=undatable in 2000-24 window,no_aml_match
MINE_US_02494,-76.284421,40.704276,0.159,pre2000,,2018,0.514,0.557,0.043,-0.00222,stable_restoration,censored_pre2000,regimeB_v0_RS_t0,RS_derived,t0 = RS reclamation-onset proxy from NDVI trough; pre2000=left-censored; state_only=undatable in 2000-24 window,aml_listed_not_complete
MINE_US_02495,-118.736307,40.297032,0.1587,,,2008,0.042,0.078,0.037,-0.00051,degraded,state_only_no_t0,regimeB_v0_RS_t0,RS_derived,t0 = RS reclamation-onset proxy from NDVI trough; pre2000=left-censored; state_only=undatable in 2000-24 window,no_aml_match
MINE_US_02496,-110.879062,39.745152,0.1584,,,2002,0.266,0.36,0.094,0.0025,early_restoration,state_only_no_t0,regimeB_v0_RS_t0,RS_derived,t0 = RS reclamation-onset proxy from NDVI trough; pre2000=left-censored; state_only=undatable in 2000-24 window,no_aml_match
MINE_US_02497,-118.565971,38.441008,0.1583,,,2001,0.053,0.103,0.05,0.00161,degraded,state_only_no_t0,regimeB_v0_RS_t0,RS_derived,t0 = RS reclamation-onset proxy from NDVI trough; pre2000=left-censored; state_only=undatable in 2000-24 window,no_aml_match
MINE_US_02498,-116.661129,40.472074,0.1582,,,2002,0.13,0.178,0.047,0.00195,degraded,state_only_no_t0,regimeB_v0_RS_t0,RS_derived,t0 = RS reclamation-onset proxy from NDVI trough; pre2000=left-censored; state_only=undatable in 2000-24 window,no_aml_match
MINE_US_02499,-79.935432,39.829863,0.158,2005,19,2005,0.343,0.631,0.287,0.01183,stable_restoration,rs_t0,regimeB_v0_RS_t0,RS_derived,t0 = RS reclamation-onset proxy from NDVI trough; pre2000=left-censored; state_only=undatable in 2000-24 window,no_aml_match
MINE_US_02500,-117.392577,40.994129,0.1574,,,2002,0.059,0.095,0.037,0.00139,degraded,state_only_no_t0,regimeB_v0_RS_t0,RS_derived,t0 = RS reclamation-onset proxy from NDVI trough; pre2000=left-censored; state_only=undatable in 2000-24 window,no_aml_match
MINE_US_02501,-108.03945,40.476452,0.1572,,,2005,0.111,0.146,0.035,0.0011,degraded,state_only_no_t0,regimeB_v0_RS_t0,RS_derived,t0 = RS reclamation-onset proxy from NDVI trough; pre2000=left-censored; state_only=undatable in 2000-24 window,no_aml_match
MINE_US_02502,-108.085253,32.187816,0.1572,,,2008,0.033,0.052,0.019,0.00038,degraded,state_only_no_t0,regimeB_v0_RS_t0,RS_derived,t0 = RS reclamation-onset proxy from NDVI trough; pre2000=left-censored; state_only=undatable in 2000-24 window,no_aml_match
MINE_US_02503,-79.361767,39.408596,0.1571,,,2008,0.378,0.459,0.081,-0.01013,early_restoration,state_only_no_t0,regimeB_v0_RS_t0,RS_derived,t0 = RS reclamation-onset proxy from NDVI trough; pre2000=left-censored; state_only=undatable in 2000-24 window,no_aml_match
MINE_US_02504,-115.651561,41.753053,0.1568,,,2001,0.243,0.326,0.084,0.00219,early_restoration,state_only_no_t0,regimeB_v0_RS_t0,RS_derived,t0 = RS reclamation-onset proxy from NDVI trough; pre2000=left-censored; state_only=undatable in 2000-24 window,no_aml_match
MINE_US_02505,-108.536793,46.590005,0.1564,,,2000,0.162,0.22,0.057,0.00265,degraded,state_only_no_t0,regimeB_v0_RS_t0,RS_derived,t0 = RS reclamation-onset proxy from NDVI trough; pre2000=left-censored; state_only=undatable in 2000-24 window,no_aml_match
MINE_US_02506,-81.529921,40.522168,0.1562,,,2013,0.362,0.437,0.075,-0.02317,early_restoration,state_only_no_t0,regimeB_v0_RS_t0,RS_derived,t0 = RS reclamation-onset proxy from NDVI trough; pre2000=left-censored; state_only=undatable in 2000-24 window,no_aml_match
MINE_US_02507,-94.327098,35.112954,0.156,,,2022,0.304,0.305,0.001,-0.01824,early_restoration,state_only_no_t0,regimeB_v0_RS_t0,RS_derived,t0 = RS reclamation-onset proxy from NDVI trough; pre2000=left-censored; state_only=undatable in 2000-24 window,no_aml_match
MINE_US_02508,-78.304844,40.82795,0.1559,pre2000,,2000,0.473,0.667,0.194,0.00829,stable_restoration,censored_pre2000,regimeB_v0_RS_t0,RS_derived,t0 = RS reclamation-onset proxy from NDVI trough; pre2000=left-censored; state_only=undatable in 2000-24 window,aml_listed_not_complete
MINE_US_02509,-85.362278,43.840282,0.1558,pre2000,,2008,0.425,0.536,0.111,0.00438,stable_restoration,censored_pre2000,regimeB_v0_RS_t0,RS_derived,t0 = RS reclamation-onset proxy from NDVI trough; pre2000=left-censored; state_only=undatable in 2000-24 window,no_aml_match
MINE_US_02510,-92.961634,34.473911,0.1557,pre2000,,2000,0.509,0.624,0.115,0.00346,stable_restoration,censored_pre2000,regimeB_v0_RS_t0,RS_derived,t0 = RS reclamation-onset proxy from NDVI trough; pre2000=left-censored; state_only=undatable in 2000-24 window,no_aml_match
MINE_US_02511,-89.259802,37.840106,0.1555,pre2000,,2002,0.219,0.584,0.365,0.01769,stable_restoration,censored_pre2000,regimeB_v0_RS_t0,RS_derived,t0 = RS reclamation-onset proxy from NDVI trough; pre2000=left-censored; state_only=undatable in 2000-24 window,no_aml_match
MINE_US_02512,-69.191528,44.093735,0.1551,,,2007,0.198,0.296,0.098,0.00061,early_restoration,state_only_no_t0,regimeB_v0_RS_t0,RS_derived,t0 = RS reclamation-onset proxy from NDVI trough; pre2000=left-censored; state_only=undatable in 2000-24 window,no_aml_match
MINE_US_02513,-112.949205,36.901417,0.1547,,,2001,0.104,0.151,0.048,0.00158,degraded,state_only_no_t0,regimeB_v0_RS_t0,RS_derived,t0 = RS reclamation-onset proxy from NDVI trough; pre2000=left-censored; state_only=undatable in 2000-24 window,no_aml_match
MINE_US_02514,-76.304903,40.713628,0.1546,pre2000,,2010,0.617,0.843,0.226,0.00895,stable_restoration,censored_pre2000,regimeB_v0_RS_t0,RS_derived,t0 = RS reclamation-onset proxy from NDVI trough; pre2000=left-censored; state_only=undatable in 2000-24 window,reclamation_complete
MINE_US_02515,-95.694845,44.642063,0.1546,,,2000,0.387,0.474,0.087,0.00291,early_restoration,state_only_no_t0,regimeB_v0_RS_t0,RS_derived,t0 = RS reclamation-onset proxy from NDVI trough; pre2000=left-censored; state_only=undatable in 2000-24 window,no_aml_match
MINE_US_02516,-103.943228,32.510264,0.1545,,,2013,0.131,0.146,0.015,-0.00376,degraded,state_only_no_t0,regimeB_v0_RS_t0,RS_derived,t0 = RS reclamation-onset proxy from NDVI trough; pre2000=left-censored; state_only=undatable in 2000-24 window,no_aml_match
MINE_US_02517,-94.001085,46.743797,0.1545,,,2022,0.452,0.466,0.014,-0.0041,early_restoration,state_only_no_t0,regimeB_v0_RS_t0,RS_derived,t0 = RS reclamation-onset proxy from NDVI trough; pre2000=left-censored; state_only=undatable in 2000-24 window,no_aml_match
MINE_US_02518,-98.394102,27.673409,0.1544,2011,13,2011,0.211,0.337,0.126,-0.00919,early_restoration,rs_t0,regimeB_v0_RS_t0,RS_derived,t0 = RS reclamation-onset proxy from NDVI trough; pre2000=left-censored; state_only=undatable in 2000-24 window,no_aml_match
MINE_US_02519,-98.203252,28.577172,0.1543,2011,13,2011,-0.025,0.209,0.235,-0.01898,early_restoration,rs_t0,regimeB_v0_RS_t0,RS_derived,t0 = RS reclamation-onset proxy from NDVI trough; pre2000=left-censored; state_only=undatable in 2000-24 window,no_aml_match
MINE_US_02520,-94.567451,35.214144,0.1543,,,2011,0.319,0.417,0.098,0.00286,early_restoration,state_only_no_t0,regimeB_v0_RS_t0,RS_derived,t0 = RS reclamation-onset proxy from NDVI trough; pre2000=left-censored; state_only=undatable in 2000-24 window,no_aml_match
MINE_US_02521,-79.165428,39.752425,0.1542,pre2000,,2009,0.491,0.55,0.06,0.00125,stable_restoration,censored_pre2000,regimeB_v0_RS_t0,RS_derived,t0 = RS reclamation-onset proxy from NDVI trough; pre2000=left-censored; state_only=undatable in 2000-24 window,no_aml_match
MINE_US_02522,-117.360561,48.882676,0.1542,,,2003,0.361,0.426,0.065,0.00251,early_restoration,state_only_no_t0,regimeB_v0_RS_t0,RS_derived,t0 = RS reclamation-onset proxy from NDVI trough; pre2000=left-censored; state_only=undatable in 2000-24 window,no_aml_match
MINE_US_02523,-67.208924,44.988145,0.1541,pre2000,,2002,0.469,0.597,0.128,0.00446,stable_restoration,censored_pre2000,regimeB_v0_RS_t0,RS_derived,t0 = RS reclamation-onset proxy from NDVI trough; pre2000=left-censored; state_only=undatable in 2000-24 window,no_aml_match
MINE_US_02524,-80.703628,38.396463,0.1538,2012,12,2012,0.501,0.698,0.197,-0.01096,stable_restoration,rs_t0,regimeB_v0_RS_t0,RS_derived,t0 = RS reclamation-onset proxy from NDVI trough; pre2000=left-censored; state_only=undatable in 2000-24 window,no_aml_match
MINE_US_02525,-94.740281,32.216167,0.1535,,,2018,0.238,0.284,0.045,-0.00288,early_restoration,state_only_no_t0,regimeB_v0_RS_t0,RS_derived,t0 = RS reclamation-onset proxy from NDVI trough; pre2000=left-censored; state_only=undatable in 2000-24 window,no_aml_match
MINE_US_02526,-81.384553,35.200963,0.1532,2013,11,2013,0.179,0.389,0.21,0.00335,early_restoration,rs_t0,regimeB_v0_RS_t0,RS_derived,t0 = RS reclamation-onset proxy from NDVI trough; pre2000=left-censored; state_only=undatable in 2000-24 window,no_aml_match
MINE_US_02527,-118.943182,41.53985,0.1531,,,2005,0.116,0.151,0.035,0.00081,degraded,state_only_no_t0,regimeB_v0_RS_t0,RS_derived,t0 = RS reclamation-onset proxy from NDVI trough; pre2000=left-censored; state_only=undatable in 2000-24 window,no_aml_match
MINE_US_02528,-120.992328,38.371504,0.1528,,,2006,0.07,0.17,0.1,0.00397,degraded,state_only_no_t0,regimeB_v0_RS_t0,RS_derived,t0 = RS reclamation-onset proxy from NDVI trough; pre2000=left-censored; state_only=undatable in 2000-24 window,no_aml_match
MINE_US_02529,-76.127535,40.708461,0.1527,2009,15,2009,0.508,0.766,0.257,-0.00091,stable_restoration,rs_t0,regimeB_v0_RS_t0,RS_derived,t0 = RS reclamation-onset proxy from NDVI trough; pre2000=left-censored; state_only=undatable in 2000-24 window,aml_listed_not_complete
MINE_US_02530,-80.896697,40.574572,0.1524,2009,15,2009,0.609,0.756,0.147,0.00394,stable_restoration,rs_t0,regimeB_v0_RS_t0,RS_derived,t0 = RS reclamation-onset proxy from NDVI trough; pre2000=left-censored; state_only=undatable in 2000-24 window,no_aml_match
MINE_US_02531,-115.985319,41.34914,0.1524,,,2000,0.136,0.208,0.072,0.00277,degraded,state_only_no_t0,regimeB_v0_RS_t0,RS_derived,t0 = RS reclamation-onset proxy from NDVI trough; pre2000=left-censored; state_only=undatable in 2000-24 window,no_aml_match
MINE_US_02532,-79.142593,39.934065,0.1524,2011,13,2011,0.561,0.695,0.134,-0.00184,stable_restoration,rs_t0,regimeB_v0_RS_t0,RS_derived,t0 = RS reclamation-onset proxy from NDVI trough; pre2000=left-censored; state_only=undatable in 2000-24 window,no_aml_match
MINE_US_02533,-109.813232,31.899016,0.1524,,,2007,0.103,0.161,0.058,0.00166,degraded,state_only_no_t0,regimeB_v0_RS_t0,RS_derived,t0 = RS reclamation-onset proxy from NDVI trough; pre2000=left-censored; state_only=undatable in 2000-24 window,no_aml_match
MINE_US_02534,-116.984453,44.40526,0.1518,,,2000,0.19,0.333,0.143,0.00475,early_restoration,state_only_no_t0,regimeB_v0_RS_t0,RS_derived,t0 = RS reclamation-onset proxy from NDVI trough; pre2000=left-censored; state_only=undatable in 2000-24 window,no_aml_match
MINE_US_02535,-111.293287,34.249159,0.1518,,,2003,0.095,0.121,0.026,0.00106,degraded,state_only_no_t0,regimeB_v0_RS_t0,RS_derived,t0 = RS reclamation-onset proxy from NDVI trough; pre2000=left-censored; state_only=undatable in 2000-24 window,no_aml_match
MINE_US_02536,-89.370613,45.599425,0.1517,,,2009,0.398,0.451,0.053,-0.00608,early_restoration,state_only_no_t0,regimeB_v0_RS_t0,RS_derived,t0 = RS reclamation-onset proxy from NDVI trough; pre2000=left-censored; state_only=undatable in 2000-24 window,no_aml_match
MINE_US_02537,-84.260779,34.332498,0.1515,,,2020,0.407,0.452,0.045,-0.01492,early_restoration,state_only_no_t0,regimeB_v0_RS_t0,RS_derived,t0 = RS reclamation-onset proxy from NDVI trough; pre2000=left-censored; state_only=undatable in 2000-24 window,no_aml_match
MINE_US_02538,-79.009662,39.507943,0.1509,2011,13,2011,0.295,0.564,0.269,-0.00991,stable_restoration,rs_t0,regimeB_v0_RS_t0,RS_derived,t0 = RS reclamation-onset proxy from NDVI trough; pre2000=left-censored; state_only=undatable in 2000-24 window,no_aml_match
MINE_US_02539,-116.655632,40.5828,0.1508,,,2000,0.05,0.151,0.101,0.00501,degraded,state_only_no_t0,regimeB_v0_RS_t0,RS_derived,t0 = RS reclamation-onset proxy from NDVI trough; pre2000=left-censored; state_only=undatable in 2000-24 window,no_aml_match
MINE_US_02540,-111.658947,46.184728,0.1508,,,2000,0.1,0.146,0.046,0.00158,degraded,state_only_no_t0,regimeB_v0_RS_t0,RS_derived,t0 = RS reclamation-onset proxy from NDVI trough; pre2000=left-censored; state_only=undatable in 2000-24 window,no_aml_match
MINE_US_02541,-76.700435,40.760329,0.1503,,,2016,0.318,0.369,0.051,-0.02412,early_restoration,state_only_no_t0,regimeB_v0_RS_t0,RS_derived,t0 = RS reclamation-onset proxy from NDVI trough; pre2000=left-censored; state_only=undatable in 2000-24 window,aml_listed_not_complete
MINE_US_02542,-108.390895,36.793113,0.1503,,,2002,0.06,0.097,0.037,0.00122,degraded,state_only_no_t0,regimeB_v0_RS_t0,RS_derived,t0 = RS reclamation-onset proxy from NDVI trough; pre2000=left-censored; state_only=undatable in 2000-24 window,no_aml_match
MINE_US_02543,-115.309713,35.715843,0.1501,,,2001,0.076,0.088,0.012,0.00033,degraded,state_only_no_t0,regimeB_v0_RS_t0,RS_derived,t0 = RS reclamation-onset proxy from NDVI trough; pre2000=left-censored; state_only=undatable in 2000-24 window,no_aml_match
MINE_US_02544,-81.391988,39.693913,0.15,2015,9,2015,0.598,0.719,0.121,-0.00662,stable_restoration,rs_t0,regimeB_v0_RS_t0,RS_derived,t0 = RS reclamation-onset proxy from NDVI trough; pre2000=left-censored; state_only=undatable in 2000-24 window,no_aml_match
MINE_US_02545,-114.974232,41.147092,0.1496,,,2000,0.106,0.15,0.044,0.00173,degraded,state_only_no_t0,regimeB_v0_RS_t0,RS_derived,t0 = RS reclamation-onset proxy from NDVI trough; pre2000=left-censored; state_only=undatable in 2000-24 window,no_aml_match
MINE_US_02546,-112.507979,45.792642,0.1492,,,2011,0.394,0.455,0.062,0.00124,early_restoration,state_only_no_t0,regimeB_v0_RS_t0,RS_derived,t0 = RS reclamation-onset proxy from NDVI trough; pre2000=left-censored; state_only=undatable in 2000-24 window,no_aml_match
MINE_US_02547,-79.427231,39.286562,0.1492,2018,6,2018,0.381,0.687,0.306,-0.01208,stable_restoration,rs_t0,regimeB_v0_RS_t0,RS_derived,t0 = RS reclamation-onset proxy from NDVI trough; pre2000=left-censored; state_only=undatable in 2000-24 window,no_aml_match
MINE_US_02548,-111.595756,42.710703,0.1491,,,2009,0.127,0.199,0.073,-0.00337,degraded,state_only_no_t0,regimeB_v0_RS_t0,RS_derived,t0 = RS reclamation-onset proxy from NDVI trough; pre2000=left-censored; state_only=undatable in 2000-24 window,no_aml_match
MINE_US_02549,-97.879429,28.226603,0.149,,,2022,0.149,0.15,0.001,-0.00889,degraded,state_only_no_t0,regimeB_v0_RS_t0,RS_derived,t0 = RS reclamation-onset proxy from NDVI trough; pre2000=left-censored; state_only=undatable in 2000-24 window,no_aml_match
MINE_US_02550,-111.435345,33.037205,0.1484,,,2003,0.068,0.102,0.035,0.00145,degraded,state_only_no_t0,regimeB_v0_RS_t0,RS_derived,t0 = RS reclamation-onset proxy from NDVI trough; pre2000=left-censored; state_only=undatable in 2000-24 window,no_aml_match
MINE_US_02551,-79.335062,39.50306,0.1483,pre2000,,2005,0.489,0.527,0.038,0.00103,stable_restoration,censored_pre2000,regimeB_v0_RS_t0,RS_derived,t0 = RS reclamation-onset proxy from NDVI trough; pre2000=left-censored; state_only=undatable in 2000-24 window,no_aml_match
MINE_US_02552,-108.750711,32.315043,0.148,,,2010,0.081,0.121,0.04,0.00172,degraded,state_only_no_t0,regimeB_v0_RS_t0,RS_derived,t0 = RS reclamation-onset proxy from NDVI trough; pre2000=left-censored; state_only=undatable in 2000-24 window,no_aml_match
MINE_US_02553,-105.376528,44.363127,0.1479,,,2000,0.19,0.262,0.071,0.00186,early_restoration,state_only_no_t0,regimeB_v0_RS_t0,RS_derived,t0 = RS reclamation-onset proxy from NDVI trough; pre2000=left-censored; state_only=undatable in 2000-24 window,no_aml_match
MINE_US_02554,-115.771667,36.072768,0.1478,,,2007,0.039,0.088,0.049,0.00187,degraded,state_only_no_t0,regimeB_v0_RS_t0,RS_derived,t0 = RS reclamation-onset proxy from NDVI trough; pre2000=left-censored; state_only=undatable in 2000-24 window,no_aml_match
MINE_US_02555,-111.113295,39.358149,0.1477,,,2002,0.158,0.234,0.077,0.00298,early_restoration,state_only_no_t0,regimeB_v0_RS_t0,RS_derived,t0 = RS reclamation-onset proxy from NDVI trough; pre2000=left-censored; state_only=undatable in 2000-24 window,no_aml_match
MINE_US_02556,-79.036201,39.552249,0.1477,2011,13,2011,0.366,0.491,0.125,-0.00861,early_restoration,rs_t0,regimeB_v0_RS_t0,RS_derived,t0 = RS reclamation-onset proxy from NDVI trough; pre2000=left-censored; state_only=undatable in 2000-24 window,no_aml_match
MINE_US_02557,-104.856213,38.83551,0.1476,,,2012,0.173,0.24,0.067,-0.00079,early_restoration,state_only_no_t0,regimeB_v0_RS_t0,RS_derived,t0 = RS reclamation-onset proxy from NDVI trough; pre2000=left-censored; state_only=undatable in 2000-24 window,no_aml_match
MINE_US_02558,-120.970322,39.22704,0.1472,2008,16,2008,0.397,0.543,0.146,0.00396,stable_restoration,rs_t0,regimeB_v0_RS_t0,RS_derived,t0 = RS reclamation-onset proxy from NDVI trough; pre2000=left-censored; state_only=undatable in 2000-24 window,no_aml_match
MINE_US_02559,-106.021278,39.231223,0.147,,,2019,0.095,0.117,0.022,-0.00409,degraded,state_only_no_t0,regimeB_v0_RS_t0,RS_derived,t0 = RS reclamation-onset proxy from NDVI trough; pre2000=left-censored; state_only=undatable in 2000-24 window,no_aml_match
MINE_US_02560,-88.410057,46.563006,0.1469,,,2008,0.293,0.386,0.093,-0.00889,early_restoration,state_only_no_t0,regimeB_v0_RS_t0,RS_derived,t0 = RS reclamation-onset proxy from NDVI trough; pre2000=left-censored; state_only=undatable in 2000-24 window,no_aml_match
MINE_US_02561,-82.217997,36.858163,0.1468,,,2021,0.272,0.281,0.009,-0.0231,early_restoration,state_only_no_t0,regimeB_v0_RS_t0,RS_derived,t0 = RS reclamation-onset proxy from NDVI trough; pre2000=left-censored; state_only=undatable in 2000-24 window,no_aml_match
MINE_US_02562,-79.613937,35.416842,0.1467,,,2007,0.198,0.281,0.083,0.00186,early_restoration,state_only_no_t0,regimeB_v0_RS_t0,RS_derived,t0 = RS reclamation-onset proxy from NDVI trough; pre2000=left-censored; state_only=undatable in 2000-24 window,no_aml_match
MINE_US_02563,-79.989244,40.275247,0.1465,,,2000,0.274,0.304,0.03,0.00107,early_restoration,state_only_no_t0,regimeB_v0_RS_t0,RS_derived,t0 = RS reclamation-onset proxy from NDVI trough; pre2000=left-censored; state_only=undatable in 2000-24 window,aml_listed_not_complete
MINE_US_02564,-105.684855,43.053608,0.1465,,,2011,0.135,0.204,0.069,0.00278,degraded,state_only_no_t0,regimeB_v0_RS_t0,RS_derived,t0 = RS reclamation-onset proxy from NDVI trough; pre2000=left-censored; state_only=undatable in 2000-24 window,no_aml_match
MINE_US_02565,-94.824446,35.088471,0.1465,pre2000,,2011,0.453,0.641,0.188,0.00598,stable_restoration,censored_pre2000,regimeB_v0_RS_t0,RS_derived,t0 = RS reclamation-onset proxy from NDVI trough; pre2000=left-censored; state_only=undatable in 2000-24 window,no_aml_match
MINE_US_02566,-94.801907,35.097583,0.1463,2011,13,2011,0.431,0.601,0.17,0.00267,early_restoration,rs_t0,regimeB_v0_RS_t0,RS_derived,t0 = RS reclamation-onset proxy from NDVI trough; pre2000=left-censored; state_only=undatable in 2000-24 window,no_aml_match
MINE_US_02567,-112.060483,40.626414,0.1458,,,2024,0.11,0.112,0.002,-0.00269,degraded,state_only_no_t0,regimeB_v0_RS_t0,RS_derived,t0 = RS reclamation-onset proxy from NDVI trough; pre2000=left-censored; state_only=undatable in 2000-24 window,no_aml_match
MINE_US_02568,-90.700291,40.290847,0.1454,2017,7,2017,0.365,0.669,0.304,0.00382,stable_restoration,rs_t0,regimeB_v0_RS_t0,RS_derived,t0 = RS reclamation-onset proxy from NDVI trough; pre2000=left-censored; state_only=undatable in 2000-24 window,no_aml_match
MINE_US_02569,-75.46844,41.613957,0.1454,pre2000,,2000,0.421,0.566,0.145,0.00391,stable_restoration,censored_pre2000,regimeB_v0_RS_t0,RS_derived,t0 = RS reclamation-onset proxy from NDVI trough; pre2000=left-censored; state_only=undatable in 2000-24 window,aml_listed_not_complete
MINE_US_02570,-87.327839,33.812106,0.1448,2019,5,2019,0.29,0.56,0.27,-0.01419,stable_restoration,rs_t0,regimeB_v0_RS_t0,RS_derived,t0 = RS reclamation-onset proxy from NDVI trough; pre2000=left-censored; state_only=undatable in 2000-24 window,no_aml_match
MINE_US_02571,-79.634527,39.960156,0.1448,2015,9,2015,0.467,0.602,0.135,-0.01348,stable_restoration,rs_t0,regimeB_v0_RS_t0,RS_derived,t0 = RS reclamation-onset proxy from NDVI trough; pre2000=left-censored; state_only=undatable in 2000-24 window,no_aml_match
MINE_US_02572,-78.140137,40.966609,0.1446,2012,12,2012,0.346,0.745,0.398,0.00273,stable_restoration,rs_t0,regimeB_v0_RS_t0,RS_derived,t0 = RS reclamation-onset proxy from NDVI trough; pre2000=left-censored; state_only=undatable in 2000-24 window,no_aml_match
MINE_US_02573,-76.450331,40.606811,0.1441,2007,17,2007,0.518,0.663,0.145,-0.00939,stable_restoration,rs_t0,regimeB_v0_RS_t0,RS_derived,t0 = RS reclamation-onset proxy from NDVI trough; pre2000=left-censored; state_only=undatable in 2000-24 window,aml_listed_not_complete
MINE_US_02574,-110.052911,31.69398,0.144,,,2007,0.102,0.175,0.072,0.00292,degraded,state_only_no_t0,regimeB_v0_RS_t0,RS_derived,t0 = RS reclamation-onset proxy from NDVI trough; pre2000=left-censored; state_only=undatable in 2000-24 window,no_aml_match
MINE_US_02575,-76.165094,40.725498,0.1439,pre2000,,2000,0.509,0.646,0.137,0.00492,stable_restoration,censored_pre2000,regimeB_v0_RS_t0,RS_derived,t0 = RS reclamation-onset proxy from NDVI trough; pre2000=left-censored; state_only=undatable in 2000-24 window,aml_listed_not_complete
MINE_US_02576,-107.930733,34.966162,0.1434,,,2001,0.108,0.181,0.074,0.0036,degraded,state_only_no_t0,regimeB_v0_RS_t0,RS_derived,t0 = RS reclamation-onset proxy from NDVI trough; pre2000=left-censored; state_only=undatable in 2000-24 window,no_aml_match
MINE_US_02577,-105.330187,44.253556,0.1433,,,2005,0.198,0.284,0.086,0.00197,early_restoration,state_only_no_t0,regimeB_v0_RS_t0,RS_derived,t0 = RS reclamation-onset proxy from NDVI trough; pre2000=left-censored; state_only=undatable in 2000-24 window,no_aml_match
MINE_US_02578,-85.437332,44.076944,0.1433,,,2019,0.407,0.436,0.029,-9e-05,early_restoration,state_only_no_t0,regimeB_v0_RS_t0,RS_derived,t0 = RS reclamation-onset proxy from NDVI trough; pre2000=left-censored; state_only=undatable in 2000-24 window,no_aml_match
MINE_US_02579,-81.342278,35.222653,0.1428,,,2024,0.214,0.218,0.003,-0.02644,degraded,state_only_no_t0,regimeB_v0_RS_t0,RS_derived,t0 = RS reclamation-onset proxy from NDVI trough; pre2000=left-censored; state_only=undatable in 2000-24 window,no_aml_match
MINE_US_02580,-111.617697,46.328795,0.1426,,,2000,0.116,0.172,0.056,0.00233,degraded,state_only_no_t0,regimeB_v0_RS_t0,RS_derived,t0 = RS reclamation-onset proxy from NDVI trough; pre2000=left-censored; state_only=undatable in 2000-24 window,no_aml_match
MINE_US_02581,-110.061522,31.684154,0.1424,,,2007,0.116,0.199,0.084,0.00254,degraded,state_only_no_t0,regimeB_v0_RS_t0,RS_derived,t0 = RS reclamation-onset proxy from NDVI trough; pre2000=left-censored; state_only=undatable in 2000-24 window,no_aml_match
MINE_US_02582,-110.054246,31.516622,0.1418,,,2018,0.118,0.134,0.016,-0.00235,degraded,state_only_no_t0,regimeB_v0_RS_t0,RS_derived,t0 = RS reclamation-onset proxy from NDVI trough; pre2000=left-censored; state_only=undatable in 2000-24 window,no_aml_match
MINE_US_02583,-98.395464,27.68795,0.1418,2010,14,2010,0.204,0.432,0.228,0.007,early_restoration,rs_t0,regimeB_v0_RS_t0,RS_derived,t0 = RS reclamation-onset proxy from NDVI trough; pre2000=left-censored; state_only=undatable in 2000-24 window,no_aml_match
MINE_US_02584,-106.131338,35.344563,0.1415,,,2002,0.231,0.313,0.082,0.00309,early_restoration,state_only_no_t0,regimeB_v0_RS_t0,RS_derived,t0 = RS reclamation-onset proxy from NDVI trough; pre2000=left-censored; state_only=undatable in 2000-24 window,no_aml_match
MINE_US_02585,-112.657151,33.892358,0.1414,,,2001,0.075,0.124,0.049,0.00211,degraded,state_only_no_t0,regimeB_v0_RS_t0,RS_derived,t0 = RS reclamation-onset proxy from NDVI trough; pre2000=left-censored; state_only=undatable in 2000-24 window,no_aml_match
MINE_US_02586,-108.131853,37.245958,0.1411,,,2011,0.282,0.358,0.076,-0.00166,early_restoration,state_only_no_t0,regimeB_v0_RS_t0,RS_derived,t0 = RS reclamation-onset proxy from NDVI trough; pre2000=left-censored; state_only=undatable in 2000-24 window,no_aml_match
MINE_US_02587,-76.14872,40.728188,0.1411,pre2000,,2000,0.457,0.562,0.105,0.00076,stable_restoration,censored_pre2000,regimeB_v0_RS_t0,RS_derived,t0 = RS reclamation-onset proxy from NDVI trough; pre2000=left-censored; state_only=undatable in 2000-24 window,aml_listed_not_complete
MINE_US_02588,-97.865803,28.616889,0.1408,,,2013,0.147,0.223,0.076,-0.00505,early_restoration,state_only_no_t0,regimeB_v0_RS_t0,RS_derived,t0 = RS reclamation-onset proxy from NDVI trough; pre2000=left-censored; state_only=undatable in 2000-24 window,no_aml_match
MINE_US_02589,-82.239539,38.985135,0.1406,2003,21,2003,0.302,0.525,0.223,0.00833,stable_restoration,rs_t0,regimeB_v0_RS_t0,RS_derived,t0 = RS reclamation-onset proxy from NDVI trough; pre2000=left-censored; state_only=undatable in 2000-24 window,no_aml_match
MINE_US_02590,-73.492885,44.06443,0.1404,,,2000,0.351,0.481,0.13,0.00605,early_restoration,state_only_no_t0,regimeB_v0_RS_t0,RS_derived,t0 = RS reclamation-onset proxy from NDVI trough; pre2000=left-censored; state_only=undatable in 2000-24 window,no_aml_match
MINE_US_02591,-76.399524,40.576976,0.1399,pre2000,,2000,0.507,0.625,0.118,0.00576,stable_restoration,censored_pre2000,regimeB_v0_RS_t0,RS_derived,t0 = RS reclamation-onset proxy from NDVI trough; pre2000=left-censored; state_only=undatable in 2000-24 window,aml_listed_not_complete
MINE_US_02592,-81.782773,37.038307,0.1398,,,2015,0.337,0.397,0.06,-0.02359,early_restoration,state_only_no_t0,regimeB_v0_RS_t0,RS_derived,t0 = RS reclamation-onset proxy from NDVI trough; pre2000=left-censored; state_only=undatable in 2000-24 window,no_aml_match
MINE_US_02593,-104.77234,38.775658,0.1396,,,2007,0.148,0.19,0.042,0.00131,degraded,state_only_no_t0,regimeB_v0_RS_t0,RS_derived,t0 = RS reclamation-onset proxy from NDVI trough; pre2000=left-censored; state_only=undatable in 2000-24 window,no_aml_match
MINE_US_02594,-75.898231,41.006495,0.1391,,,2000,0.436,0.483,0.047,0.00319,early_restoration,state_only_no_t0,regimeB_v0_RS_t0,RS_derived,t0 = RS reclamation-onset proxy from NDVI trough; pre2000=left-censored; state_only=undatable in 2000-24 window,aml_listed_not_complete
MINE_US_02595,-105.359852,44.267941,0.1389,,,2005,0.192,0.279,0.087,0.00274,early_restoration,state_only_no_t0,regimeB_v0_RS_t0,RS_derived,t0 = RS reclamation-onset proxy from NDVI trough; pre2000=left-censored; state_only=undatable in 2000-24 window,no_aml_match
MINE_US_02596,-78.679077,40.795502,0.1388,pre2000,,2006,0.469,0.587,0.118,0.00419,stable_restoration,censored_pre2000,regimeB_v0_RS_t0,RS_derived,t0 = RS reclamation-onset proxy from NDVI trough; pre2000=left-censored; state_only=undatable in 2000-24 window,no_aml_match
MINE_US_02597,-87.069002,37.278514,0.1381,pre2000,,2020,0.505,0.532,0.027,-0.01012,stable_restoration,censored_pre2000,regimeB_v0_RS_t0,RS_derived,t0 = RS reclamation-onset proxy from NDVI trough; pre2000=left-censored; state_only=undatable in 2000-24 window,no_aml_match
MINE_US_02598,-81.605577,37.703316,0.1372,pre2000,,2000,0.543,0.712,0.169,0.00783,stable_restoration,censored_pre2000,regimeB_v0_RS_t0,RS_derived,t0 = RS reclamation-onset proxy from NDVI trough; pre2000=left-censored; state_only=undatable in 2000-24 window,no_aml_match
MINE_US_02599,-79.095246,39.887209,0.1371,,,2016,0.407,0.437,0.029,-0.00917,early_restoration,state_only_no_t0,regimeB_v0_RS_t0,RS_derived,t0 = RS reclamation-onset proxy from NDVI trough; pre2000=left-censored; state_only=undatable in 2000-24 window,aml_listed_not_complete
MINE_US_02600,-119.113907,38.945431,0.137,,,2021,0.048,0.056,0.008,-0.00378,degraded,state_only_no_t0,regimeB_v0_RS_t0,RS_derived,t0 = RS reclamation-onset proxy from NDVI trough; pre2000=left-censored; state_only=undatable in 2000-24 window,no_aml_match
MINE_US_02601,-81.437963,35.159185,0.137,,,2007,0.182,0.237,0.054,0.00127,early_restoration,state_only_no_t0,regimeB_v0_RS_t0,RS_derived,t0 = RS reclamation-onset proxy from NDVI trough; pre2000=left-censored; state_only=undatable in 2000-24 window,no_aml_match
MINE_US_02602,-92.447877,34.659948,0.1369,,,2017,0.282,0.314,0.032,-0.01949,early_restoration,state_only_no_t0,regimeB_v0_RS_t0,RS_derived,t0 = RS reclamation-onset proxy from NDVI trough; pre2000=left-censored; state_only=undatable in 2000-24 window,no_aml_match
MINE_US_02603,-79.073939,40.140542,0.1368,pre2000,,2001,0.663,0.747,0.084,0.00358,stable_restoration,censored_pre2000,regimeB_v0_RS_t0,RS_derived,t0 = RS reclamation-onset proxy from NDVI trough; pre2000=left-censored; state_only=undatable in 2000-24 window,no_aml_match
MINE_US_02604,-83.747242,36.746863,0.1365,2007,17,2007,0.269,0.577,0.308,0.01235,stable_restoration,rs_t0,regimeB_v0_RS_t0,RS_derived,t0 = RS reclamation-onset proxy from NDVI trough; pre2000=left-censored; state_only=undatable in 2000-24 window,no_aml_match
MINE_US_02605,-89.785705,39.501088,0.1365,,,2011,0.364,0.4,0.037,-0.00058,early_restoration,state_only_no_t0,regimeB_v0_RS_t0,RS_derived,t0 = RS reclamation-onset proxy from NDVI trough; pre2000=left-censored; state_only=undatable in 2000-24 window,no_aml_match
MINE_US_02606,-93.986039,46.433185,0.1362,,,2015,0.34,0.439,0.1,-0.00522,early_restoration,state_only_no_t0,regimeB_v0_RS_t0,RS_derived,t0 = RS reclamation-onset proxy from NDVI trough; pre2000=left-censored; state_only=undatable in 2000-24 window,no_aml_match
MINE_US_02607,-123.040444,46.184358,0.1357,,,2016,0.228,0.274,0.046,-0.00495,early_restoration,state_only_no_t0,regimeB_v0_RS_t0,RS_derived,t0 = RS reclamation-onset proxy from NDVI trough; pre2000=left-censored; state_only=undatable in 2000-24 window,no_aml_match
MINE_US_02608,-92.469204,34.548386,0.1357,,,2012,0.241,0.283,0.042,-0.00125,early_restoration,state_only_no_t0,regimeB_v0_RS_t0,RS_derived,t0 = RS reclamation-onset proxy from NDVI trough; pre2000=left-censored; state_only=undatable in 2000-24 window,no_aml_match
MINE_US_02609,-88.358555,37.75176,0.1356,2001,23,2001,0.241,0.525,0.284,0.00978,stable_restoration,rs_t0,regimeB_v0_RS_t0,RS_derived,t0 = RS reclamation-onset proxy from NDVI trough; pre2000=left-censored; state_only=undatable in 2000-24 window,no_aml_match
MINE_US_02610,-118.095671,47.945769,0.1355,,,2020,0.119,0.134,0.015,-0.00615,degraded,state_only_no_t0,regimeB_v0_RS_t0,RS_derived,t0 = RS reclamation-onset proxy from NDVI trough; pre2000=left-censored; state_only=undatable in 2000-24 window,no_aml_match
MINE_US_02611,-94.496904,34.887999,0.1354,pre2000,,2000,0.238,0.588,0.35,0.01518,stable_restoration,censored_pre2000,regimeB_v0_RS_t0,RS_derived,t0 = RS reclamation-onset proxy from NDVI trough; pre2000=left-censored; state_only=undatable in 2000-24 window,no_aml_match
MINE_US_02612,-115.716185,47.468849,0.1352,2012,12,2012,0.377,0.52,0.142,-0.01231,stable_restoration,rs_t0,regimeB_v0_RS_t0,RS_derived,t0 = RS reclamation-onset proxy from NDVI trough; pre2000=left-censored; state_only=undatable in 2000-24 window,no_aml_match
MINE_US_02613,-98.283535,27.341974,0.1352,2013,11,2013,0.108,0.326,0.217,-0.00769,early_restoration,rs_t0,regimeB_v0_RS_t0,RS_derived,t0 = RS reclamation-onset proxy from NDVI trough; pre2000=left-censored; state_only=undatable in 2000-24 window,no_aml_match
MINE_US_02614,-78.231537,40.817188,0.1349,,,2012,0.337,0.427,0.09,-0.02046,early_restoration,state_only_no_t0,regimeB_v0_RS_t0,RS_derived,t0 = RS reclamation-onset proxy from NDVI trough; pre2000=left-censored; state_only=undatable in 2000-24 window,aml_listed_not_complete
MINE_US_02615,-97.849562,28.606369,0.1345,,,2019,0.221,0.237,0.016,-0.01045,early_restoration,state_only_no_t0,regimeB_v0_RS_t0,RS_derived,t0 = RS reclamation-onset proxy from NDVI trough; pre2000=left-censored; state_only=undatable in 2000-24 window,no_aml_match
MINE_US_02616,-87.57346,34.29754,0.1343,2012,12,2012,0.202,0.402,0.201,-0.02484,early_restoration,rs_t0,regimeB_v0_RS_t0,RS_derived,t0 = RS reclamation-onset proxy from NDVI trough; pre2000=left-censored; state_only=undatable in 2000-24 window,no_aml_match
MINE_US_02617,-94.760632,35.207474,0.1341,pre2000,,2000,0.421,0.603,0.182,0.00493,stable_restoration,censored_pre2000,regimeB_v0_RS_t0,RS_derived,t0 = RS reclamation-onset proxy from NDVI trough; pre2000=left-censored; state_only=undatable in 2000-24 window,no_aml_match
MINE_US_02618,-111.248537,33.119898,0.134,,,2020,0.093,0.101,0.008,-0.00198,degraded,state_only_no_t0,regimeB_v0_RS_t0,RS_derived,t0 = RS reclamation-onset proxy from NDVI trough; pre2000=left-censored; state_only=undatable in 2000-24 window,no_aml_match
MINE_US_02619,-122.347055,48.881945,0.1337,,,2021,0.222,0.251,0.029,-0.02096,early_restoration,state_only_no_t0,regimeB_v0_RS_t0,RS_derived,t0 = RS reclamation-onset proxy from NDVI trough; pre2000=left-censored; state_only=undatable in 2000-24 window,no_aml_match
MINE_US_02620,-116.727778,40.203486,0.1335,,,2019,0.14,0.198,0.058,-0.00104,degraded,state_only_no_t0,regimeB_v0_RS_t0,RS_derived,t0 = RS reclamation-onset proxy from NDVI trough; pre2000=left-censored; state_only=undatable in 2000-24 window,no_aml_match
MINE_US_02621,-108.569668,38.268453,0.1334,,,2000,0.25,0.362,0.112,0.00361,early_restoration,state_only_no_t0,regimeB_v0_RS_t0,RS_derived,t0 = RS reclamation-onset proxy from NDVI trough; pre2000=left-censored; state_only=undatable in 2000-24 window,no_aml_match
MINE_US_02622,-109.92554,45.020706,0.1333,2011,13,2011,0.221,0.61,0.389,0.00717,stable_restoration,rs_t0,regimeB_v0_RS_t0,RS_derived,t0 = RS reclamation-onset proxy from NDVI trough; pre2000=left-censored; state_only=undatable in 2000-24 window,no_aml_match
MINE_US_02623,-110.438489,39.615618,0.1332,,,2001,0.176,0.249,0.073,0.00269,early_restoration,state_only_no_t0,regimeB_v0_RS_t0,RS_derived,t0 = RS reclamation-onset proxy from NDVI trough; pre2000=left-censored; state_only=undatable in 2000-24 window,no_aml_match
MINE_US_02624,-120.440006,37.925925,0.1328,,,2003,0.085,0.146,0.062,0.00315,degraded,state_only_no_t0,regimeB_v0_RS_t0,RS_derived,t0 = RS reclamation-onset proxy from NDVI trough; pre2000=left-censored; state_only=undatable in 2000-24 window,no_aml_match
MINE_US_02625,-109.192878,47.125444,0.1325,,,2020,0.29,0.399,0.108,0.00231,early_restoration,state_only_no_t0,regimeB_v0_RS_t0,RS_derived,t0 = RS reclamation-onset proxy from NDVI trough; pre2000=left-censored; state_only=undatable in 2000-24 window,no_aml_match
MINE_US_02626,-108.377448,36.798327,0.1322,,,2001,0.079,0.105,0.027,0.00104,degraded,state_only_no_t0,regimeB_v0_RS_t0,RS_derived,t0 = RS reclamation-onset proxy from NDVI trough; pre2000=left-censored; state_only=undatable in 2000-24 window,no_aml_match
MINE_US_02627,-119.78784,38.299254,0.132,,,2013,0.236,0.306,0.07,0.00154,early_restoration,state_only_no_t0,regimeB_v0_RS_t0,RS_derived,t0 = RS reclamation-onset proxy from NDVI trough; pre2000=left-censored; state_only=undatable in 2000-24 window,no_aml_match
MINE_US_02628,-111.264604,35.160681,0.1317,,,2002,0.09,0.146,0.056,0.002,degraded,state_only_no_t0,regimeB_v0_RS_t0,RS_derived,t0 = RS reclamation-onset proxy from NDVI trough; pre2000=left-censored; state_only=undatable in 2000-24 window,no_aml_match
MINE_US_02629,-123.445873,42.955043,0.1316,,,2017,0.054,0.068,0.014,-0.00084,degraded,state_only_no_t0,regimeB_v0_RS_t0,RS_derived,t0 = RS reclamation-onset proxy from NDVI trough; pre2000=left-censored; state_only=undatable in 2000-24 window,no_aml_match
MINE_US_02630,-83.929505,36.53543,0.1315,2017,7,2017,0.499,0.644,0.145,-0.00026,stable_restoration,rs_t0,regimeB_v0_RS_t0,RS_derived,t0 = RS reclamation-onset proxy from NDVI trough; pre2000=left-censored; state_only=undatable in 2000-24 window,no_aml_match
MINE_US_02631,-91.760383,47.904646,0.1313,,,2003,0.356,0.49,0.134,0.00603,early_restoration,state_only_no_t0,regimeB_v0_RS_t0,RS_derived,t0 = RS reclamation-onset proxy from NDVI trough; pre2000=left-censored; state_only=undatable in 2000-24 window,no_aml_match
MINE_US_02632,-78.177457,40.973938,0.1307,2011,13,2011,0.311,0.67,0.358,-0.00104,early_restoration,rs_t0,regimeB_v0_RS_t0,RS_derived,t0 = RS reclamation-onset proxy from NDVI trough; pre2000=left-censored; state_only=undatable in 2000-24 window,no_aml_match
MINE_US_02633,-75.881399,40.83745,0.1303,2005,19,2005,0.378,0.678,0.301,0.00469,stable_restoration,rs_t0,regimeB_v0_RS_t0,RS_derived,t0 = RS reclamation-onset proxy from NDVI trough; pre2000=left-censored; state_only=undatable in 2000-24 window,aml_listed_not_complete
MINE_US_02634,-67.264613,45.05345,0.1303,pre2000,,2002,0.479,0.526,0.047,0.00225,stable_restoration,censored_pre2000,regimeB_v0_RS_t0,RS_derived,t0 = RS reclamation-onset proxy from NDVI trough; pre2000=left-censored; state_only=undatable in 2000-24 window,no_aml_match
MINE_US_02635,-79.157068,39.436311,0.1303,2014,10,2014,0.373,0.645,0.271,-0.00926,stable_restoration,rs_t0,regimeB_v0_RS_t0,RS_derived,t0 = RS reclamation-onset proxy from NDVI trough; pre2000=left-censored; state_only=undatable in 2000-24 window,no_aml_match
MINE_US_02636,-115.553227,39.141012,0.1302,,,2003,0.088,0.118,0.03,0.00126,degraded,state_only_no_t0,regimeB_v0_RS_t0,RS_derived,t0 = RS reclamation-onset proxy from NDVI trough; pre2000=left-censored; state_only=undatable in 2000-24 window,no_aml_match
MINE_US_02637,-119.394195,40.434858,0.1302,,,2003,0.051,0.081,0.03,0.00139,degraded,state_only_no_t0,regimeB_v0_RS_t0,RS_derived,t0 = RS reclamation-onset proxy from NDVI trough; pre2000=left-censored; state_only=undatable in 2000-24 window,no_aml_match
MINE_US_02638,-103.968103,32.501081,0.1301,,,2019,0.111,0.114,0.002,-0.00491,degraded,state_only_no_t0,regimeB_v0_RS_t0,RS_derived,t0 = RS reclamation-onset proxy from NDVI trough; pre2000=left-censored; state_only=undatable in 2000-24 window,no_aml_match
MINE_US_02639,-82.815896,37.146961,0.1299,2017,7,2017,0.531,0.786,0.255,-0.00869,stable_restoration,rs_t0,regimeB_v0_RS_t0,RS_derived,t0 = RS reclamation-onset proxy from NDVI trough; pre2000=left-censored; state_only=undatable in 2000-24 window,no_aml_match
MINE_US_02640,-81.901807,33.478918,0.1299,,,2001,0.088,0.226,0.138,0.00508,early_restoration,state_only_no_t0,regimeB_v0_RS_t0,RS_derived,t0 = RS reclamation-onset proxy from NDVI trough; pre2000=left-censored; state_only=undatable in 2000-24 window,no_aml_match
MINE_US_02641,-92.981009,34.473414,0.1299,,,2000,0.381,0.437,0.056,0.00054,early_restoration,state_only_no_t0,regimeB_v0_RS_t0,RS_derived,t0 = RS reclamation-onset proxy from NDVI trough; pre2000=left-censored; state_only=undatable in 2000-24 window,no_aml_match
MINE_US_02642,-86.38236,33.134002,0.1297,2008,16,2008,0.297,0.428,0.132,-4e-05,early_restoration,rs_t0,regimeB_v0_RS_t0,RS_derived,t0 = RS reclamation-onset proxy from NDVI trough; pre2000=left-censored; state_only=undatable in 2000-24 window,no_aml_match
MINE_US_02643,-79.9683,40.214258,0.1293,pre2000,,2005,0.534,0.633,0.099,0.00518,stable_restoration,censored_pre2000,regimeB_v0_RS_t0,RS_derived,t0 = RS reclamation-onset proxy from NDVI trough; pre2000=left-censored; state_only=undatable in 2000-24 window,aml_listed_not_complete
MINE_US_02644,-82.667782,37.586973,0.1291,,,2007,0.371,0.468,0.096,-0.00887,early_restoration,state_only_no_t0,regimeB_v0_RS_t0,RS_derived,t0 = RS reclamation-onset proxy from NDVI trough; pre2000=left-censored; state_only=undatable in 2000-24 window,no_aml_match
MINE_US_02645,-94.54396,35.223889,0.129,2010,14,2010,0.377,0.479,0.102,-0.00288,early_restoration,rs_t0,regimeB_v0_RS_t0,RS_derived,t0 = RS reclamation-onset proxy from NDVI trough; pre2000=left-censored; state_only=undatable in 2000-24 window,no_aml_match
MINE_US_02646,-95.029307,35.151992,0.129,,,2017,0.266,0.339,0.073,-0.01739,early_restoration,state_only_no_t0,regimeB_v0_RS_t0,RS_derived,t0 = RS reclamation-onset proxy from NDVI trough; pre2000=left-censored; state_only=undatable in 2000-24 window,no_aml_match
MINE_US_02647,-80.976622,40.725587,0.1287,2012,12,2012,0.331,0.689,0.358,0.00315,stable_restoration,rs_t0,regimeB_v0_RS_t0,RS_derived,t0 = RS reclamation-onset proxy from NDVI trough; pre2000=left-censored; state_only=undatable in 2000-24 window,no_aml_match
MINE_US_02648,-94.440695,35.144984,0.1281,2011,13,2011,0.202,0.372,0.17,-0.00355,early_restoration,rs_t0,regimeB_v0_RS_t0,RS_derived,t0 = RS reclamation-onset proxy from NDVI trough; pre2000=left-censored; state_only=undatable in 2000-24 window,no_aml_match
MINE_US_02649,-115.955739,39.522954,0.1281,,,2007,0.09,0.116,0.025,0.00015,degraded,state_only_no_t0,regimeB_v0_RS_t0,RS_derived,t0 = RS reclamation-onset proxy from NDVI trough; pre2000=left-censored; state_only=undatable in 2000-24 window,no_aml_match
MINE_US_02650,-76.632289,40.770487,0.128,2013,11,2013,0.484,0.729,0.245,-0.01034,stable_restoration,rs_t0,regimeB_v0_RS_t0,RS_derived,t0 = RS reclamation-onset proxy from NDVI trough; pre2000=left-censored; state_only=undatable in 2000-24 window,aml_listed_not_complete
MINE_US_02651,-76.34304,40.675232,0.128,2009,15,2009,0.453,0.685,0.232,-0.00473,stable_restoration,rs_t0,regimeB_v0_RS_t0,RS_derived,t0 = RS reclamation-onset proxy from NDVI trough; pre2000=left-censored; state_only=undatable in 2000-24 window,no_aml_match
MINE_US_02652,-69.15859,44.085866,0.1277,,,2001,0.218,0.371,0.153,0.00643,early_restoration,state_only_no_t0,regimeB_v0_RS_t0,RS_derived,t0 = RS reclamation-onset proxy from NDVI trough; pre2000=left-censored; state_only=undatable in 2000-24 window,no_aml_match
MINE_US_02653,-119.007744,38.935035,0.1276,,,2002,0.045,0.097,0.052,0.00194,degraded,state_only_no_t0,regimeB_v0_RS_t0,RS_derived,t0 = RS reclamation-onset proxy from NDVI trough; pre2000=left-censored; state_only=undatable in 2000-24 window,no_aml_match
MINE_US_02654,-78.76141,41.274646,0.1275,2012,12,2012,0.532,0.678,0.146,-0.01136,stable_restoration,rs_t0,regimeB_v0_RS_t0,RS_derived,t0 = RS reclamation-onset proxy from NDVI trough; pre2000=left-censored; state_only=undatable in 2000-24 window,aml_listed_not_complete
MINE_US_02655,-114.270817,43.400901,0.1274,,,2000,0.099,0.12,0.022,0.00132,degraded,state_only_no_t0,regimeB_v0_RS_t0,RS_derived,t0 = RS reclamation-onset proxy from NDVI trough; pre2000=left-censored; state_only=undatable in 2000-24 window,no_aml_match
MINE_US_02656,-78.755561,40.250762,0.1273,2002,22,2002,0.403,0.72,0.316,0.01235,stable_restoration,rs_t0,regimeB_v0_RS_t0,RS_derived,t0 = RS reclamation-onset proxy from NDVI trough; pre2000=left-censored; state_only=undatable in 2000-24 window,no_aml_match
MINE_US_02657,-121.829209,47.166701,0.1273,,,2022,0.16,0.17,0.009,-0.00974,degraded,state_only_no_t0,regimeB_v0_RS_t0,RS_derived,t0 = RS reclamation-onset proxy from NDVI trough; pre2000=left-censored; state_only=undatable in 2000-24 window,no_aml_match
MINE_US_02658,-116.987732,35.017839,0.1273,,,2001,0.064,0.097,0.033,0.00107,degraded,state_only_no_t0,regimeB_v0_RS_t0,RS_derived,t0 = RS reclamation-onset proxy from NDVI trough; pre2000=left-censored; state_only=undatable in 2000-24 window,no_aml_match
MINE_US_02659,-116.113192,40.693609,0.1272,,,2001,0.109,0.191,0.082,0.00304,degraded,state_only_no_t0,regimeB_v0_RS_t0,RS_derived,t0 = RS reclamation-onset proxy from NDVI trough; pre2000=left-censored; state_only=undatable in 2000-24 window,no_aml_match
MINE_US_02660,-78.994651,40.548703,0.1272,2006,18,2006,0.516,0.787,0.271,-0.00167,stable_restoration,rs_t0,regimeB_v0_RS_t0,RS_derived,t0 = RS reclamation-onset proxy from NDVI trough; pre2000=left-censored; state_only=undatable in 2000-24 window,no_aml_match
MINE_US_02661,-112.354856,47.028044,0.1269,2016,8,2016,0.236,0.367,0.131,0.00039,early_restoration,rs_t0,regimeB_v0_RS_t0,RS_derived,t0 = RS reclamation-onset proxy from NDVI trough; pre2000=left-censored; state_only=undatable in 2000-24 window,no_aml_match
MINE_US_02662,-111.078262,32.020988,0.1269,,,2003,0.067,0.105,0.039,0.00164,degraded,state_only_no_t0,regimeB_v0_RS_t0,RS_derived,t0 = RS reclamation-onset proxy from NDVI trough; pre2000=left-censored; state_only=undatable in 2000-24 window,no_aml_match
MINE_US_02663,-119.750777,39.218854,0.1269,,,2008,0.103,0.118,0.016,3e-05,degraded,state_only_no_t0,regimeB_v0_RS_t0,RS_derived,t0 = RS reclamation-onset proxy from NDVI trough; pre2000=left-censored; state_only=undatable in 2000-24 window,no_aml_match
MINE_US_02664,-81.405395,35.188978,0.1269,2010,14,2010,0.195,0.557,0.362,-0.00393,stable_restoration,rs_t0,regimeB_v0_RS_t0,RS_derived,t0 = RS reclamation-onset proxy from NDVI trough; pre2000=left-censored; state_only=undatable in 2000-24 window,no_aml_match
MINE_US_02665,-80.724154,38.180785,0.1268,2013,11,2013,0.654,0.786,0.131,-0.0042,stable_restoration,rs_t0,regimeB_v0_RS_t0,RS_derived,t0 = RS reclamation-onset proxy from NDVI trough; pre2000=left-censored; state_only=undatable in 2000-24 window,no_aml_match
MINE_US_02666,-114.426622,36.515574,0.1265,,,2007,0.087,0.121,0.034,-2e-05,degraded,state_only_no_t0,regimeB_v0_RS_t0,RS_derived,t0 = RS reclamation-onset proxy from NDVI trough; pre2000=left-censored; state_only=undatable in 2000-24 window,no_aml_match
MINE_US_02667,-118.269172,40.529853,0.1262,,,2003,0.08,0.134,0.053,0.00174,degraded,state_only_no_t0,regimeB_v0_RS_t0,RS_derived,t0 = RS reclamation-onset proxy from NDVI trough; pre2000=left-censored; state_only=undatable in 2000-24 window,no_aml_match
MINE_US_02668,-110.133928,45.564659,0.1259,,,2005,0.362,0.486,0.124,0.00411,early_restoration,state_only_no_t0,regimeB_v0_RS_t0,RS_derived,t0 = RS reclamation-onset proxy from NDVI trough; pre2000=left-censored; state_only=undatable in 2000-24 window,no_aml_match
MINE_US_02669,-109.290568,38.327228,0.1259,,,2010,0.117,0.154,0.036,0.0009,degraded,state_only_no_t0,regimeB_v0_RS_t0,RS_derived,t0 = RS reclamation-onset proxy from NDVI trough; pre2000=left-censored; state_only=undatable in 2000-24 window,no_aml_match
MINE_US_02670,-81.814467,37.129112,0.1255,2004,20,2004,0.46,0.804,0.343,0.00388,stable_restoration,rs_t0,regimeB_v0_RS_t0,RS_derived,t0 = RS reclamation-onset proxy from NDVI trough; pre2000=left-censored; state_only=undatable in 2000-24 window,no_aml_match
MINE_US_02671,-87.261169,38.870409,0.1252,,,2001,0.264,0.46,0.196,0.00779,early_restoration,state_only_no_t0,regimeB_v0_RS_t0,RS_derived,t0 = RS reclamation-onset proxy from NDVI trough; pre2000=left-censored; state_only=undatable in 2000-24 window,no_aml_match
MINE_US_02672,-76.37966,40.694163,0.1251,2002,22,2002,0.615,0.84,0.225,0.00559,stable_restoration,rs_t0,regimeB_v0_RS_t0,RS_derived,t0 = RS reclamation-onset proxy from NDVI trough; pre2000=left-censored; state_only=undatable in 2000-24 window,no_aml_match
MINE_US_02673,-110.626154,32.588232,0.125,,,2018,0.108,0.116,0.007,-0.00037,degraded,state_only_no_t0,regimeB_v0_RS_t0,RS_derived,t0 = RS reclamation-onset proxy from NDVI trough; pre2000=left-censored; state_only=undatable in 2000-24 window,no_aml_match
MINE_US_02674,-79.077927,40.918219,0.1246,pre2000,,2011,0.566,0.71,0.144,0.00613,stable_restoration,censored_pre2000,regimeB_v0_RS_t0,RS_derived,t0 = RS reclamation-onset proxy from NDVI trough; pre2000=left-censored; state_only=undatable in 2000-24 window,no_aml_match
MINE_US_02675,-83.469316,36.097437,0.1246,,,2001,0.214,0.349,0.134,0.00481,early_restoration,state_only_no_t0,regimeB_v0_RS_t0,RS_derived,t0 = RS reclamation-onset proxy from NDVI trough; pre2000=left-censored; state_only=undatable in 2000-24 window,no_aml_match
MINE_US_02676,-86.387245,33.166843,0.1243,,,2013,0.219,0.47,0.251,0.0093,early_restoration,state_only_no_t0,regimeB_v0_RS_t0,RS_derived,t0 = RS reclamation-onset proxy from NDVI trough; pre2000=left-censored; state_only=undatable in 2000-24 window,no_aml_match
MINE_US_02677,-76.188175,40.826447,0.1243,pre2000,,2005,0.463,0.558,0.096,0.00427,stable_restoration,censored_pre2000,regimeB_v0_RS_t0,RS_derived,t0 = RS reclamation-onset proxy from NDVI trough; pre2000=left-censored; state_only=undatable in 2000-24 window,aml_listed_not_complete
MINE_US_02678,-93.460541,47.407387,0.1241,2005,19,2005,0.182,0.335,0.153,0.00333,early_restoration,rs_t0,regimeB_v0_RS_t0,RS_derived,t0 = RS reclamation-onset proxy from NDVI trough; pre2000=left-censored; state_only=undatable in 2000-24 window,no_aml_match
MINE_US_02679,-88.161048,36.415517,0.1236,,,2017,0.289,0.309,0.02,-0.02682,early_restoration,state_only_no_t0,regimeB_v0_RS_t0,RS_derived,t0 = RS reclamation-onset proxy from NDVI trough; pre2000=left-censored; state_only=undatable in 2000-24 window,no_aml_match
MINE_US_02680,-80.552082,38.027419,0.1235,2008,16,2008,0.412,0.658,0.245,0.00718,stable_restoration,rs_t0,regimeB_v0_RS_t0,RS_derived,t0 = RS reclamation-onset proxy from NDVI trough; pre2000=left-censored; state_only=undatable in 2000-24 window,no_aml_match
MINE_US_02681,-117.243037,40.857483,0.1234,,,2003,0.032,0.097,0.065,0.00257,degraded,state_only_no_t0,regimeB_v0_RS_t0,RS_derived,t0 = RS reclamation-onset proxy from NDVI trough; pre2000=left-censored; state_only=undatable in 2000-24 window,no_aml_match
MINE_US_02682,-114.381487,35.020943,0.123,,,2003,0.073,0.103,0.03,0.00104,degraded,state_only_no_t0,regimeB_v0_RS_t0,RS_derived,t0 = RS reclamation-onset proxy from NDVI trough; pre2000=left-censored; state_only=undatable in 2000-24 window,no_aml_match
MINE_US_02683,-104.730451,42.319582,0.1227,,,2005,0.138,0.188,0.05,0.00217,degraded,state_only_no_t0,regimeB_v0_RS_t0,RS_derived,t0 = RS reclamation-onset proxy from NDVI trough; pre2000=left-censored; state_only=undatable in 2000-24 window,no_aml_match
MINE_US_02684,-80.614033,38.520552,0.1224,pre2000,,2009,0.495,0.592,0.097,0.0029,stable_restoration,censored_pre2000,regimeB_v0_RS_t0,RS_derived,t0 = RS reclamation-onset proxy from NDVI trough; pre2000=left-censored; state_only=undatable in 2000-24 window,no_aml_match
MINE_US_02685,-78.649626,41.297629,0.1223,2006,18,2006,0.323,0.521,0.197,0.00757,stable_restoration,rs_t0,regimeB_v0_RS_t0,RS_derived,t0 = RS reclamation-onset proxy from NDVI trough; pre2000=left-censored; state_only=undatable in 2000-24 window,aml_listed_not_complete
MINE_US_02686,-79.298502,40.275642,0.1222,,,2000,0.343,0.499,0.156,0.00648,early_restoration,state_only_no_t0,regimeB_v0_RS_t0,RS_derived,t0 = RS reclamation-onset proxy from NDVI trough; pre2000=left-censored; state_only=undatable in 2000-24 window,no_aml_match
MINE_US_02687,-116.328239,36.314947,0.1221,,,2003,0.042,0.065,0.022,0.00093,degraded,state_only_no_t0,regimeB_v0_RS_t0,RS_derived,t0 = RS reclamation-onset proxy from NDVI trough; pre2000=left-censored; state_only=undatable in 2000-24 window,no_aml_match
MINE_US_02688,-116.642304,36.826303,0.1221,,,2013,0.047,0.079,0.032,0.00055,degraded,state_only_no_t0,regimeB_v0_RS_t0,RS_derived,t0 = RS reclamation-onset proxy from NDVI trough; pre2000=left-censored; state_only=undatable in 2000-24 window,no_aml_match
MINE_US_02689,-81.874299,37.054597,0.1219,pre2000,,2000,0.471,0.608,0.137,0.00547,stable_restoration,censored_pre2000,regimeB_v0_RS_t0,RS_derived,t0 = RS reclamation-onset proxy from NDVI trough; pre2000=left-censored; state_only=undatable in 2000-24 window,no_aml_match
MINE_US_02690,-120.398931,38.789973,0.1218,,,2001,0.242,0.449,0.206,0.01072,early_restoration,state_only_no_t0,regimeB_v0_RS_t0,RS_derived,t0 = RS reclamation-onset proxy from NDVI trough; pre2000=left-censored; state_only=undatable in 2000-24 window,no_aml_match
MINE_US_02691,-113.860828,42.125595,0.1217,,,2002,0.215,0.303,0.088,0.00331,early_restoration,state_only_no_t0,regimeB_v0_RS_t0,RS_derived,t0 = RS reclamation-onset proxy from NDVI trough; pre2000=left-censored; state_only=undatable in 2000-24 window,no_aml_match
MINE_US_02692,-109.294949,38.329321,0.1212,,,2017,0.108,0.133,0.024,-0.00186,degraded,state_only_no_t0,regimeB_v0_RS_t0,RS_derived,t0 = RS reclamation-onset proxy from NDVI trough; pre2000=left-censored; state_only=undatable in 2000-24 window,no_aml_match
MINE_US_02693,-91.120362,37.631243,0.1212,,,2019,0.397,0.474,0.077,-0.00075,early_restoration,state_only_no_t0,regimeB_v0_RS_t0,RS_derived,t0 = RS reclamation-onset proxy from NDVI trough; pre2000=left-censored; state_only=undatable in 2000-24 window,no_aml_match
MINE_US_02694,-118.534429,40.236299,0.1211,,,2003,0.06,0.105,0.044,0.00175,degraded,state_only_no_t0,regimeB_v0_RS_t0,RS_derived,t0 = RS reclamation-onset proxy from NDVI trough; pre2000=left-censored; state_only=undatable in 2000-24 window,no_aml_match
MINE_US_02695,-113.674532,43.88252,0.1209,,,2007,0.137,0.183,0.046,0.00188,degraded,state_only_no_t0,regimeB_v0_RS_t0,RS_derived,t0 = RS reclamation-onset proxy from NDVI trough; pre2000=left-censored; state_only=undatable in 2000-24 window,no_aml_match
MINE_US_02696,-79.182222,39.95411,0.1207,,,2003,0.194,0.44,0.246,0.01175,early_restoration,state_only_no_t0,regimeB_v0_RS_t0,RS_derived,t0 = RS reclamation-onset proxy from NDVI trough; pre2000=left-censored; state_only=undatable in 2000-24 window,no_aml_match
MINE_US_02697,-74.59149,41.172002,0.1207,,,2021,0.347,0.355,0.008,-0.01848,early_restoration,state_only_no_t0,regimeB_v0_RS_t0,RS_derived,t0 = RS reclamation-onset proxy from NDVI trough; pre2000=left-censored; state_only=undatable in 2000-24 window,no_aml_match
MINE_US_02698,-80.860122,40.578138,0.1206,pre2000,,2001,0.495,0.688,0.192,0.00549,stable_restoration,censored_pre2000,regimeB_v0_RS_t0,RS_derived,t0 = RS reclamation-onset proxy from NDVI trough; pre2000=left-censored; state_only=undatable in 2000-24 window,no_aml_match
MINE_US_02699,-78.715063,40.252061,0.1204,pre2000,,2000,0.403,0.601,0.198,0.00978,stable_restoration,censored_pre2000,regimeB_v0_RS_t0,RS_derived,t0 = RS reclamation-onset proxy from NDVI trough; pre2000=left-censored; state_only=undatable in 2000-24 window,no_aml_match
MINE_US_02700,-108.011195,40.493728,0.1201,,,2000,0.105,0.158,0.054,0.00243,degraded,state_only_no_t0,regimeB_v0_RS_t0,RS_derived,t0 = RS reclamation-onset proxy from NDVI trough; pre2000=left-censored; state_only=undatable in 2000-24 window,no_aml_match
MINE_US_02701,-117.19447,40.317968,0.12,,,2002,0.066,0.151,0.085,0.00304,degraded,state_only_no_t0,regimeB_v0_RS_t0,RS_derived,t0 = RS reclamation-onset proxy from NDVI trough; pre2000=left-censored; state_only=undatable in 2000-24 window,no_aml_match
MINE_US_02702,-111.927913,39.683979,0.1199,,,2006,0.119,0.152,0.033,0.00115,degraded,state_only_no_t0,regimeB_v0_RS_t0,RS_derived,t0 = RS reclamation-onset proxy from NDVI trough; pre2000=left-censored; state_only=undatable in 2000-24 window,no_aml_match
MINE_US_02703,-109.398484,37.925129,0.1198,,,2002,0.144,0.228,0.084,0.00283,early_restoration,state_only_no_t0,regimeB_v0_RS_t0,RS_derived,t0 = RS reclamation-onset proxy from NDVI trough; pre2000=left-censored; state_only=undatable in 2000-24 window,no_aml_match
MINE_US_02704,-94.331099,35.099659,0.1198,2011,13,2011,0.323,0.515,0.192,0.00254,stable_restoration,rs_t0,regimeB_v0_RS_t0,RS_derived,t0 = RS reclamation-onset proxy from NDVI trough; pre2000=left-censored; state_only=undatable in 2000-24 window,no_aml_match
MINE_US_02705,-79.355089,39.408804,0.1196,pre2000,,2008,0.449,0.524,0.075,-0.00486,stable_restoration,censored_pre2000,regimeB_v0_RS_t0,RS_derived,t0 = RS reclamation-onset proxy from NDVI trough; pre2000=left-censored; state_only=undatable in 2000-24 window,no_aml_match
MINE_US_02706,-88.86913,45.550096,0.1196,,,2024,0.333,0.366,0.032,-0.00359,early_restoration,state_only_no_t0,regimeB_v0_RS_t0,RS_derived,t0 = RS reclamation-onset proxy from NDVI trough; pre2000=left-censored; state_only=undatable in 2000-24 window,no_aml_match
MINE_US_02707,-121.998654,47.10935,0.1196,,,2007,0.163,0.21,0.047,-0.01249,degraded,state_only_no_t0,regimeB_v0_RS_t0,RS_derived,t0 = RS reclamation-onset proxy from NDVI trough; pre2000=left-censored; state_only=undatable in 2000-24 window,no_aml_match
MINE_US_02708,-74.59332,41.165879,0.1196,,,2021,0.341,0.346,0.006,-0.02708,early_restoration,state_only_no_t0,regimeB_v0_RS_t0,RS_derived,t0 = RS reclamation-onset proxy from NDVI trough; pre2000=left-censored; state_only=undatable in 2000-24 window,no_aml_match
MINE_US_02709,-114.414118,39.097379,0.1194,,,2003,0.108,0.14,0.032,0.00087,degraded,state_only_no_t0,regimeB_v0_RS_t0,RS_derived,t0 = RS reclamation-onset proxy from NDVI trough; pre2000=left-censored; state_only=undatable in 2000-24 window,no_aml_match
MINE_US_02710,-105.365578,44.277379,0.1194,,,2005,0.194,0.279,0.084,0.00205,early_restoration,state_only_no_t0,regimeB_v0_RS_t0,RS_derived,t0 = RS reclamation-onset proxy from NDVI trough; pre2000=left-censored; state_only=undatable in 2000-24 window,no_aml_match
MINE_US_02711,-96.801699,29.81997,0.1192,,,2008,0.216,0.3,0.083,0.00189,early_restoration,state_only_no_t0,regimeB_v0_RS_t0,RS_derived,t0 = RS reclamation-onset proxy from NDVI trough; pre2000=left-censored; state_only=undatable in 2000-24 window,no_aml_match
MINE_US_02712,-80.1655,39.126141,0.119,2016,8,2016,0.485,0.739,0.254,-0.00424,stable_restoration,rs_t0,regimeB_v0_RS_t0,RS_derived,t0 = RS reclamation-onset proxy from NDVI trough; pre2000=left-censored; state_only=undatable in 2000-24 window,no_aml_match
MINE_US_02713,-85.791324,34.858248,0.1189,2010,14,2010,0.463,0.61,0.147,-0.00019,stable_restoration,rs_t0,regimeB_v0_RS_t0,RS_derived,t0 = RS reclamation-onset proxy from NDVI trough; pre2000=left-censored; state_only=undatable in 2000-24 window,no_aml_match
MINE_US_02714,-111.974792,39.939224,0.1187,,,2001,0.067,0.138,0.071,0.00268,degraded,state_only_no_t0,regimeB_v0_RS_t0,RS_derived,t0 = RS reclamation-onset proxy from NDVI trough; pre2000=left-censored; state_only=undatable in 2000-24 window,no_aml_match
MINE_US_02715,-112.133071,39.912666,0.1184,,,2002,0.125,0.166,0.041,0.00121,degraded,state_only_no_t0,regimeB_v0_RS_t0,RS_derived,t0 = RS reclamation-onset proxy from NDVI trough; pre2000=left-censored; state_only=undatable in 2000-24 window,no_aml_match
MINE_US_02716,-87.272224,38.450264,0.1184,pre2000,,2001,0.305,0.815,0.51,0.02505,stable_restoration,censored_pre2000,regimeB_v0_RS_t0,RS_derived,t0 = RS reclamation-onset proxy from NDVI trough; pre2000=left-censored; state_only=undatable in 2000-24 window,no_aml_match
MINE_US_02717,-81.434032,40.395379,0.1184,2015,9,2015,0.385,0.725,0.341,-0.00529,stable_restoration,rs_t0,regimeB_v0_RS_t0,RS_derived,t0 = RS reclamation-onset proxy from NDVI trough; pre2000=left-censored; state_only=undatable in 2000-24 window,no_aml_match
MINE_US_02718,-111.488753,42.709708,0.1181,,,2000,0.217,0.293,0.076,0.00333,early_restoration,state_only_no_t0,regimeB_v0_RS_t0,RS_derived,t0 = RS reclamation-onset proxy from NDVI trough; pre2000=left-censored; state_only=undatable in 2000-24 window,no_aml_match
MINE_US_02719,-80.55061,38.020729,0.1181,2013,11,2013,0.294,0.528,0.234,-0.01535,stable_restoration,rs_t0,regimeB_v0_RS_t0,RS_derived,t0 = RS reclamation-onset proxy from NDVI trough; pre2000=left-censored; state_only=undatable in 2000-24 window,no_aml_match
MINE_US_02720,-93.964048,46.654224,0.118,2016,8,2016,0.44,0.555,0.115,-0.00085,stable_restoration,rs_t0,regimeB_v0_RS_t0,RS_derived,t0 = RS reclamation-onset proxy from NDVI trough; pre2000=left-censored; state_only=undatable in 2000-24 window,no_aml_match
MINE_US_02721,-95.249549,36.849705,0.1178,pre2000,,2004,0.536,0.554,0.018,0.0003,stable_restoration,censored_pre2000,regimeB_v0_RS_t0,RS_derived,t0 = RS reclamation-onset proxy from NDVI trough; pre2000=left-censored; state_only=undatable in 2000-24 window,no_aml_match
MINE_US_02722,-116.776238,41.2305,0.1177,,,2012,0.085,0.115,0.029,-0.00115,degraded,state_only_no_t0,regimeB_v0_RS_t0,RS_derived,t0 = RS reclamation-onset proxy from NDVI trough; pre2000=left-censored; state_only=undatable in 2000-24 window,no_aml_match
MINE_US_02723,-81.562455,37.303349,0.1171,pre2000,,2015,0.659,0.781,0.122,0.00287,stable_restoration,censored_pre2000,regimeB_v0_RS_t0,RS_derived,t0 = RS reclamation-onset proxy from NDVI trough; pre2000=left-censored; state_only=undatable in 2000-24 window,no_aml_match
MINE_US_02724,-117.556518,43.444867,0.1167,,,2000,0.138,0.197,0.059,0.00338,degraded,state_only_no_t0,regimeB_v0_RS_t0,RS_derived,t0 = RS reclamation-onset proxy from NDVI trough; pre2000=left-censored; state_only=undatable in 2000-24 window,no_aml_match
MINE_US_02725,-87.282007,33.702796,0.1166,,,2000,0.226,0.468,0.242,0.00876,early_restoration,state_only_no_t0,regimeB_v0_RS_t0,RS_derived,t0 = RS reclamation-onset proxy from NDVI trough; pre2000=left-censored; state_only=undatable in 2000-24 window,no_aml_match
MINE_US_02726,-112.052063,40.619323,0.1163,,,2002,0.127,0.154,0.027,0.00113,degraded,state_only_no_t0,regimeB_v0_RS_t0,RS_derived,t0 = RS reclamation-onset proxy from NDVI trough; pre2000=left-censored; state_only=undatable in 2000-24 window,no_aml_match
MINE_US_02727,-80.088079,40.297844,0.1161,2019,5,2019,0.329,0.554,0.225,-0.01527,stable_restoration,rs_t0,regimeB_v0_RS_t0,RS_derived,t0 = RS reclamation-onset proxy from NDVI trough; pre2000=left-censored; state_only=undatable in 2000-24 window,no_aml_match
MINE_US_02728,-87.109301,39.389412,0.1161,,,2007,0.287,0.324,0.037,-0.00843,early_restoration,state_only_no_t0,regimeB_v0_RS_t0,RS_derived,t0 = RS reclamation-onset proxy from NDVI trough; pre2000=left-censored; state_only=undatable in 2000-24 window,no_aml_match
MINE_US_02729,-79.300563,39.30529,0.1157,pre2000,,2000,0.402,0.714,0.312,0.01193,stable_restoration,censored_pre2000,regimeB_v0_RS_t0,RS_derived,t0 = RS reclamation-onset proxy from NDVI trough; pre2000=left-censored; state_only=undatable in 2000-24 window,no_aml_match
MINE_US_02730,-114.317841,43.591709,0.1156,,,2007,0.164,0.209,0.045,0.00024,degraded,state_only_no_t0,regimeB_v0_RS_t0,RS_derived,t0 = RS reclamation-onset proxy from NDVI trough; pre2000=left-censored; state_only=undatable in 2000-24 window,no_aml_match
MINE_US_02731,-116.222168,47.546009,0.1154,,,2000,0.222,0.309,0.087,0.00311,early_restoration,state_only_no_t0,regimeB_v0_RS_t0,RS_derived,t0 = RS reclamation-onset proxy from NDVI trough; pre2000=left-censored; state_only=undatable in 2000-24 window,no_aml_match
MINE_US_02732,-77.3881,41.400798,0.1153,pre2000,,2014,0.496,0.587,0.091,-0.01532,stable_restoration,censored_pre2000,regimeB_v0_RS_t0,RS_derived,t0 = RS reclamation-onset proxy from NDVI trough; pre2000=left-censored; state_only=undatable in 2000-24 window,no_aml_match
MINE_US_02733,-122.296013,48.874788,0.1152,,,2008,0.219,0.271,0.052,-0.00397,early_restoration,state_only_no_t0,regimeB_v0_RS_t0,RS_derived,t0 = RS reclamation-onset proxy from NDVI trough; pre2000=left-censored; state_only=undatable in 2000-24 window,no_aml_match
MINE_US_02734,-108.572661,38.244176,0.1151,,,2002,0.088,0.144,0.056,0.00187,degraded,state_only_no_t0,regimeB_v0_RS_t0,RS_derived,t0 = RS reclamation-onset proxy from NDVI trough; pre2000=left-censored; state_only=undatable in 2000-24 window,no_aml_match
MINE_US_02735,-75.530045,44.259436,0.1149,,,2017,0.245,0.293,0.049,-0.00226,early_restoration,state_only_no_t0,regimeB_v0_RS_t0,RS_derived,t0 = RS reclamation-onset proxy from NDVI trough; pre2000=left-censored; state_only=undatable in 2000-24 window,no_aml_match
MINE_US_02736,-85.931247,36.185772,0.1149,,,2000,0.312,0.415,0.103,0.00185,early_restoration,state_only_no_t0,regimeB_v0_RS_t0,RS_derived,t0 = RS reclamation-onset proxy from NDVI trough; pre2000=left-censored; state_only=undatable in 2000-24 window,no_aml_match
MINE_US_02737,-113.861654,45.119548,0.1149,,,2004,0.119,0.157,0.038,0.00221,degraded,state_only_no_t0,regimeB_v0_RS_t0,RS_derived,t0 = RS reclamation-onset proxy from NDVI trough; pre2000=left-censored; state_only=undatable in 2000-24 window,no_aml_match
MINE_US_02738,-81.643685,37.276909,0.1148,2013,11,2013,0.51,0.781,0.27,-0.00773,stable_restoration,rs_t0,regimeB_v0_RS_t0,RS_derived,t0 = RS reclamation-onset proxy from NDVI trough; pre2000=left-censored; state_only=undatable in 2000-24 window,no_aml_match
MINE_US_02739,-79.086786,40.932314,0.1143,,,2020,0.376,0.405,0.03,-0.02319,early_restoration,state_only_no_t0,regimeB_v0_RS_t0,RS_derived,t0 = RS reclamation-onset proxy from NDVI trough; pre2000=left-censored; state_only=undatable in 2000-24 window,aml_listed_not_complete
MINE_US_02740,-110.465772,39.519608,0.1142,,,2002,0.082,0.119,0.037,0.00136,degraded,state_only_no_t0,regimeB_v0_RS_t0,RS_derived,t0 = RS reclamation-onset proxy from NDVI trough; pre2000=left-censored; state_only=undatable in 2000-24 window,no_aml_match
MINE_US_02741,-111.983993,45.647867,0.114,,,2007,0.243,0.315,0.072,0.00238,early_restoration,state_only_no_t0,regimeB_v0_RS_t0,RS_derived,t0 = RS reclamation-onset proxy from NDVI trough; pre2000=left-censored; state_only=undatable in 2000-24 window,no_aml_match
MINE_US_02742,-81.264665,37.771358,0.1139,pre2000,,2007,0.519,0.575,0.056,-0.00641,stable_restoration,censored_pre2000,regimeB_v0_RS_t0,RS_derived,t0 = RS reclamation-onset proxy from NDVI trough; pre2000=left-censored; state_only=undatable in 2000-24 window,no_aml_match
MINE_US_02743,-106.370127,35.384073,0.1138,,,2000,0.063,0.127,0.065,0.00256,degraded,state_only_no_t0,regimeB_v0_RS_t0,RS_derived,t0 = RS reclamation-onset proxy from NDVI trough; pre2000=left-censored; state_only=undatable in 2000-24 window,no_aml_match
MINE_US_02744,-112.123809,34.782064,0.1138,,,2011,0.108,0.145,0.036,-0.00168,degraded,state_only_no_t0,regimeB_v0_RS_t0,RS_derived,t0 = RS reclamation-onset proxy from NDVI trough; pre2000=left-censored; state_only=undatable in 2000-24 window,no_aml_match
MINE_US_02745,-78.701737,41.290896,0.1137,,,2020,0.321,0.354,0.033,-0.01679,early_restoration,state_only_no_t0,regimeB_v0_RS_t0,RS_derived,t0 = RS reclamation-onset proxy from NDVI trough; pre2000=left-censored; state_only=undatable in 2000-24 window,aml_listed_not_complete
MINE_US_02746,-93.361035,47.306237,0.1134,,,2020,0.153,0.172,0.019,-0.00231,degraded,state_only_no_t0,regimeB_v0_RS_t0,RS_derived,t0 = RS reclamation-onset proxy from NDVI trough; pre2000=left-censored; state_only=undatable in 2000-24 window,no_aml_match
MINE_US_02747,-109.551649,37.575701,0.1134,,,2021,0.131,0.152,0.021,0.00016,degraded,state_only_no_t0,regimeB_v0_RS_t0,RS_derived,t0 = RS reclamation-onset proxy from NDVI trough; pre2000=left-censored; state_only=undatable in 2000-24 window,no_aml_match
MINE_US_02748,-81.949532,33.556283,0.113,,,2020,0.315,0.402,0.088,-0.01364,early_restoration,state_only_no_t0,regimeB_v0_RS_t0,RS_derived,t0 = RS reclamation-onset proxy from NDVI trough; pre2000=left-censored; state_only=undatable in 2000-24 window,no_aml_match
MINE_US_02749,-112.096159,35.883076,0.1129,,,2001,0.166,0.185,0.019,-0.00046,degraded,state_only_no_t0,regimeB_v0_RS_t0,RS_derived,t0 = RS reclamation-onset proxy from NDVI trough; pre2000=left-censored; state_only=undatable in 2000-24 window,no_aml_match
MINE_US_02750,-82.340061,37.301645,0.1125,2014,10,2014,0.486,0.594,0.108,0.00199,stable_restoration,rs_t0,regimeB_v0_RS_t0,RS_derived,t0 = RS reclamation-onset proxy from NDVI trough; pre2000=left-censored; state_only=undatable in 2000-24 window,no_aml_match
MINE_US_02751,-101.297866,47.138217,0.1123,2007,17,2007,0.43,0.591,0.161,0.00454,stable_restoration,rs_t0,regimeB_v0_RS_t0,RS_derived,t0 = RS reclamation-onset proxy from NDVI trough; pre2000=left-censored; state_only=undatable in 2000-24 window,no_aml_match
MINE_US_02752,-105.383715,44.405425,0.112,2001,23,2001,0.239,0.347,0.108,0.00116,early_restoration,rs_t0,regimeB_v0_RS_t0,RS_derived,t0 = RS reclamation-onset proxy from NDVI trough; pre2000=left-censored; state_only=undatable in 2000-24 window,no_aml_match
MINE_US_02753,-91.816001,47.905619,0.112,,,2013,0.39,0.428,0.038,0.00114,early_restoration,state_only_no_t0,regimeB_v0_RS_t0,RS_derived,t0 = RS reclamation-onset proxy from NDVI trough; pre2000=left-censored; state_only=undatable in 2000-24 window,no_aml_match
MINE_US_02754,-122.335703,41.347115,0.1117,,,2015,0.077,0.094,0.017,-0.00549,degraded,state_only_no_t0,regimeB_v0_RS_t0,RS_derived,t0 = RS reclamation-onset proxy from NDVI trough; pre2000=left-censored; state_only=undatable in 2000-24 window,no_aml_match
MINE_US_02755,-76.014529,40.773346,0.1117,2002,22,2002,0.443,0.655,0.212,0.00772,stable_restoration,rs_t0,regimeB_v0_RS_t0,RS_derived,t0 = RS reclamation-onset proxy from NDVI trough; pre2000=left-censored; state_only=undatable in 2000-24 window,aml_listed_not_complete
MINE_US_02756,-78.702362,40.697457,0.1114,,,2019,0.347,0.435,0.088,-0.01253,early_restoration,state_only_no_t0,regimeB_v0_RS_t0,RS_derived,t0 = RS reclamation-onset proxy from NDVI trough; pre2000=left-censored; state_only=undatable in 2000-24 window,aml_listed_not_complete
MINE_US_02757,-115.050854,38.328135,0.1113,,,2002,0.074,0.109,0.035,0.00132,degraded,state_only_no_t0,regimeB_v0_RS_t0,RS_derived,t0 = RS reclamation-onset proxy from NDVI trough; pre2000=left-censored; state_only=undatable in 2000-24 window,no_aml_match
MINE_US_02758,-114.058512,42.371546,0.1112,,,2002,0.122,0.194,0.071,0.00288,degraded,state_only_no_t0,regimeB_v0_RS_t0,RS_derived,t0 = RS reclamation-onset proxy from NDVI trough; pre2000=left-censored; state_only=undatable in 2000-24 window,no_aml_match
MINE_US_02759,-67.215262,44.993706,0.1112,pre2000,,2000,0.499,0.622,0.122,0.00376,stable_restoration,censored_pre2000,regimeB_v0_RS_t0,RS_derived,t0 = RS reclamation-onset proxy from NDVI trough; pre2000=left-censored; state_only=undatable in 2000-24 window,no_aml_match
MINE_US_02760,-78.857476,39.530498,0.111,pre2000,,2009,0.533,0.602,0.069,-0.00363,stable_restoration,censored_pre2000,regimeB_v0_RS_t0,RS_derived,t0 = RS reclamation-onset proxy from NDVI trough; pre2000=left-censored; state_only=undatable in 2000-24 window,no_aml_match
MINE_US_02761,-120.783035,40.193585,0.1108,,,2008,0.213,0.239,0.026,0.00084,early_restoration,state_only_no_t0,regimeB_v0_RS_t0,RS_derived,t0 = RS reclamation-onset proxy from NDVI trough; pre2000=left-censored; state_only=undatable in 2000-24 window,no_aml_match
MINE_US_02762,-114.868981,39.08548,0.1107,,,2001,0.143,0.22,0.077,0.0035,early_restoration,state_only_no_t0,regimeB_v0_RS_t0,RS_derived,t0 = RS reclamation-onset proxy from NDVI trough; pre2000=left-censored; state_only=undatable in 2000-24 window,no_aml_match
MINE_US_02763,-87.508977,37.175128,0.1107,pre2000,,2000,0.403,0.714,0.311,0.01319,stable_restoration,censored_pre2000,regimeB_v0_RS_t0,RS_derived,t0 = RS reclamation-onset proxy from NDVI trough; pre2000=left-censored; state_only=undatable in 2000-24 window,no_aml_match
MINE_US_02764,-76.452265,40.590113,0.1106,2015,9,2015,0.493,0.658,0.165,-0.01356,stable_restoration,rs_t0,regimeB_v0_RS_t0,RS_derived,t0 = RS reclamation-onset proxy from NDVI trough; pre2000=left-censored; state_only=undatable in 2000-24 window,no_aml_match
MINE_US_02765,-81.906967,37.713593,0.1106,pre2000,,2001,0.558,0.743,0.184,0.00599,stable_restoration,censored_pre2000,regimeB_v0_RS_t0,RS_derived,t0 = RS reclamation-onset proxy from NDVI trough; pre2000=left-censored; state_only=undatable in 2000-24 window,no_aml_match
MINE_US_02766,-78.336914,37.70244,0.1106,,,2009,0.295,0.385,0.09,-0.00176,early_restoration,state_only_no_t0,regimeB_v0_RS_t0,RS_derived,t0 = RS reclamation-onset proxy from NDVI trough; pre2000=left-censored; state_only=undatable in 2000-24 window,no_aml_match
MINE_US_02767,-87.276071,38.893347,0.1105,2006,18,2006,0.315,0.515,0.201,0.0039,stable_restoration,rs_t0,regimeB_v0_RS_t0,RS_derived,t0 = RS reclamation-onset proxy from NDVI trough; pre2000=left-censored; state_only=undatable in 2000-24 window,no_aml_match
MINE_US_02768,-124.091001,43.454398,0.1103,,,2018,0.273,0.328,0.055,-0.00539,early_restoration,state_only_no_t0,regimeB_v0_RS_t0,RS_derived,t0 = RS reclamation-onset proxy from NDVI trough; pre2000=left-censored; state_only=undatable in 2000-24 window,no_aml_match
MINE_US_02769,-112.896454,33.696842,0.1102,,,2012,0.082,0.105,0.023,0.00013,degraded,state_only_no_t0,regimeB_v0_RS_t0,RS_derived,t0 = RS reclamation-onset proxy from NDVI trough; pre2000=left-censored; state_only=undatable in 2000-24 window,no_aml_match
MINE_US_02770,-85.631345,36.362972,0.1101,,,2024,0.269,0.284,0.014,-0.01408,early_restoration,state_only_no_t0,regimeB_v0_RS_t0,RS_derived,t0 = RS reclamation-onset proxy from NDVI trough; pre2000=left-censored; state_only=undatable in 2000-24 window,no_aml_match
MINE_US_02771,-113.860631,42.10477,0.11,,,2002,0.194,0.221,0.027,0.00082,early_restoration,state_only_no_t0,regimeB_v0_RS_t0,RS_derived,t0 = RS reclamation-onset proxy from NDVI trough; pre2000=left-censored; state_only=undatable in 2000-24 window,no_aml_match
MINE_US_02772,-94.760296,36.984478,0.11,,,2000,0.214,0.281,0.067,0.00261,early_restoration,state_only_no_t0,regimeB_v0_RS_t0,RS_derived,t0 = RS reclamation-onset proxy from NDVI trough; pre2000=left-censored; state_only=undatable in 2000-24 window,no_aml_match
MINE_US_02773,-105.44301,44.183839,0.1099,,,2005,0.205,0.302,0.097,0.00264,early_restoration,state_only_no_t0,regimeB_v0_RS_t0,RS_derived,t0 = RS reclamation-onset proxy from NDVI trough; pre2000=left-censored; state_only=undatable in 2000-24 window,no_aml_match
MINE_US_02774,-78.385592,40.878258,0.1098,2010,14,2010,0.405,0.674,0.269,-0.00458,stable_restoration,rs_t0,regimeB_v0_RS_t0,RS_derived,t0 = RS reclamation-onset proxy from NDVI trough; pre2000=left-censored; state_only=undatable in 2000-24 window,aml_listed_not_complete
MINE_US_02775,-108.749814,32.318072,0.1097,,,2007,0.041,0.084,0.043,0.00199,degraded,state_only_no_t0,regimeB_v0_RS_t0,RS_derived,t0 = RS reclamation-onset proxy from NDVI trough; pre2000=left-censored; state_only=undatable in 2000-24 window,no_aml_match
MINE_US_02776,-82.475421,39.15926,0.1097,,,2000,0.329,0.397,0.067,0.00262,early_restoration,state_only_no_t0,regimeB_v0_RS_t0,RS_derived,t0 = RS reclamation-onset proxy from NDVI trough; pre2000=left-censored; state_only=undatable in 2000-24 window,no_aml_match
MINE_US_02777,-117.176082,40.319592,0.1097,,,2001,0.06,0.129,0.069,0.00295,degraded,state_only_no_t0,regimeB_v0_RS_t0,RS_derived,t0 = RS reclamation-onset proxy from NDVI trough; pre2000=left-censored; state_only=undatable in 2000-24 window,no_aml_match
MINE_US_02778,-123.221536,42.436178,0.1096,,,2024,0.133,0.139,0.005,-0.00726,degraded,state_only_no_t0,regimeB_v0_RS_t0,RS_derived,t0 = RS reclamation-onset proxy from NDVI trough; pre2000=left-censored; state_only=undatable in 2000-24 window,no_aml_match
MINE_US_02779,-116.846495,40.427385,0.1095,,,2002,0.16,0.201,0.041,0.00197,degraded,state_only_no_t0,regimeB_v0_RS_t0,RS_derived,t0 = RS reclamation-onset proxy from NDVI trough; pre2000=left-censored; state_only=undatable in 2000-24 window,no_aml_match
MINE_US_02780,-114.27005,43.408473,0.1095,,,2007,0.089,0.156,0.067,0.00221,degraded,state_only_no_t0,regimeB_v0_RS_t0,RS_derived,t0 = RS reclamation-onset proxy from NDVI trough; pre2000=left-censored; state_only=undatable in 2000-24 window,no_aml_match
MINE_US_02781,-81.654372,37.275873,0.1094,2014,10,2014,0.516,0.756,0.24,-0.00714,stable_restoration,rs_t0,regimeB_v0_RS_t0,RS_derived,t0 = RS reclamation-onset proxy from NDVI trough; pre2000=left-censored; state_only=undatable in 2000-24 window,no_aml_match
MINE_US_02782,-86.615232,33.266323,0.1094,,,2016,0.383,0.398,0.015,-0.00186,early_restoration,state_only_no_t0,regimeB_v0_RS_t0,RS_derived,t0 = RS reclamation-onset proxy from NDVI trough; pre2000=left-censored; state_only=undatable in 2000-24 window,no_aml_match
MINE_US_02783,-95.04889,35.193278,0.1093,2005,19,2005,0.29,0.485,0.196,-0.00325,early_restoration,rs_t0,regimeB_v0_RS_t0,RS_derived,t0 = RS reclamation-onset proxy from NDVI trough; pre2000=left-censored; state_only=undatable in 2000-24 window,no_aml_match
MINE_US_02784,-78.211182,40.957812,0.1092,,,2000,0.335,0.472,0.137,0.00522,early_restoration,state_only_no_t0,regimeB_v0_RS_t0,RS_derived,t0 = RS reclamation-onset proxy from NDVI trough; pre2000=left-censored; state_only=undatable in 2000-24 window,aml_listed_not_complete
MINE_US_02785,-117.529746,40.815999,0.1091,,,2001,0.129,0.186,0.057,0.00262,degraded,state_only_no_t0,regimeB_v0_RS_t0,RS_derived,t0 = RS reclamation-onset proxy from NDVI trough; pre2000=left-censored; state_only=undatable in 2000-24 window,no_aml_match
MINE_US_02786,-113.798511,40.115566,0.1085,,,2020,0.067,0.077,0.01,-0.00291,degraded,state_only_no_t0,regimeB_v0_RS_t0,RS_derived,t0 = RS reclamation-onset proxy from NDVI trough; pre2000=left-censored; state_only=undatable in 2000-24 window,no_aml_match
MINE_US_02787,-82.57072,37.899486,0.1084,pre2000,,2013,0.52,0.577,0.057,-0.00285,stable_restoration,censored_pre2000,regimeB_v0_RS_t0,RS_derived,t0 = RS reclamation-onset proxy from NDVI trough; pre2000=left-censored; state_only=undatable in 2000-24 window,no_aml_match
MINE_US_02788,-119.597704,38.810779,0.1078,,,2013,0.202,0.233,0.031,-0.00267,early_restoration,state_only_no_t0,regimeB_v0_RS_t0,RS_derived,t0 = RS reclamation-onset proxy from NDVI trough; pre2000=left-censored; state_only=undatable in 2000-24 window,no_aml_match
MINE_US_02789,-79.705873,39.998479,0.1074,2015,9,2015,0.496,0.707,0.211,-0.01086,stable_restoration,rs_t0,regimeB_v0_RS_t0,RS_derived,t0 = RS reclamation-onset proxy from NDVI trough; pre2000=left-censored; state_only=undatable in 2000-24 window,aml_listed_not_complete
MINE_US_02790,-106.924964,44.96599,0.1073,,,2012,0.172,0.305,0.133,0.00381,early_restoration,state_only_no_t0,regimeB_v0_RS_t0,RS_derived,t0 = RS reclamation-onset proxy from NDVI trough; pre2000=left-censored; state_only=undatable in 2000-24 window,no_aml_match
MINE_US_02791,-96.757616,29.907811,0.1071,,,2014,0.124,0.186,0.062,-0.00823,degraded,state_only_no_t0,regimeB_v0_RS_t0,RS_derived,t0 = RS reclamation-onset proxy from NDVI trough; pre2000=left-censored; state_only=undatable in 2000-24 window,no_aml_match
MINE_US_02792,-115.731099,43.175915,0.1071,,,2000,0.087,0.174,0.086,0.00317,degraded,state_only_no_t0,regimeB_v0_RS_t0,RS_derived,t0 = RS reclamation-onset proxy from NDVI trough; pre2000=left-censored; state_only=undatable in 2000-24 window,no_aml_match
MINE_US_02793,-89.260763,37.893186,0.107,2011,13,2011,0.355,0.565,0.211,-0.00303,stable_restoration,rs_t0,regimeB_v0_RS_t0,RS_derived,t0 = RS reclamation-onset proxy from NDVI trough; pre2000=left-censored; state_only=undatable in 2000-24 window,no_aml_match
MINE_US_02794,-91.828848,47.81591,0.1069,2006,18,2006,0.265,0.369,0.104,0.00142,early_restoration,rs_t0,regimeB_v0_RS_t0,RS_derived,t0 = RS reclamation-onset proxy from NDVI trough; pre2000=left-censored; state_only=undatable in 2000-24 window,no_aml_match
MINE_US_02795,-122.838672,42.283833,0.1066,,,2024,0.25,0.251,0.001,-0.00503,early_restoration,state_only_no_t0,regimeB_v0_RS_t0,RS_derived,t0 = RS reclamation-onset proxy from NDVI trough; pre2000=left-censored; state_only=undatable in 2000-24 window,no_aml_match
MINE_US_02796,-118.018064,48.71908,0.1065,,,2002,0.247,0.334,0.086,0.00377,early_restoration,state_only_no_t0,regimeB_v0_RS_t0,RS_derived,t0 = RS reclamation-onset proxy from NDVI trough; pre2000=left-censored; state_only=undatable in 2000-24 window,no_aml_match
MINE_US_02797,-117.955905,36.573564,0.1062,,,2000,-0.147,0.062,0.208,0.00592,degraded,state_only_no_t0,regimeB_v0_RS_t0,RS_derived,t0 = RS reclamation-onset proxy from NDVI trough; pre2000=left-censored; state_only=undatable in 2000-24 window,no_aml_match
MINE_US_02798,-92.523977,34.524775,0.1062,2010,14,2010,0.254,0.513,0.259,-0.01434,stable_restoration,rs_t0,regimeB_v0_RS_t0,RS_derived,t0 = RS reclamation-onset proxy from NDVI trough; pre2000=left-censored; state_only=undatable in 2000-24 window,no_aml_match
MINE_US_02799,-105.406008,43.452787,0.1061,,,2018,0.095,0.175,0.081,-0.00117,degraded,state_only_no_t0,regimeB_v0_RS_t0,RS_derived,t0 = RS reclamation-onset proxy from NDVI trough; pre2000=left-censored; state_only=undatable in 2000-24 window,no_aml_match
MINE_US_02800,-93.498257,31.901222,0.106,,,2012,0.253,0.333,0.08,-0.02576,early_restoration,state_only_no_t0,regimeB_v0_RS_t0,RS_derived,t0 = RS reclamation-onset proxy from NDVI trough; pre2000=left-censored; state_only=undatable in 2000-24 window,no_aml_match
MINE_US_02801,-113.723411,35.37261,0.106,,,2013,0.088,0.101,0.014,-0.00121,degraded,state_only_no_t0,regimeB_v0_RS_t0,RS_derived,t0 = RS reclamation-onset proxy from NDVI trough; pre2000=left-censored; state_only=undatable in 2000-24 window,no_aml_match
MINE_US_02802,-118.092784,43.256551,0.106,,,2000,0.176,0.277,0.1,0.00396,early_restoration,state_only_no_t0,regimeB_v0_RS_t0,RS_derived,t0 = RS reclamation-onset proxy from NDVI trough; pre2000=left-censored; state_only=undatable in 2000-24 window,no_aml_match
MINE_US_02803,-115.276334,47.583767,0.1059,,,2006,0.2,0.266,0.066,0.00246,early_restoration,state_only_no_t0,regimeB_v0_RS_t0,RS_derived,t0 = RS reclamation-onset proxy from NDVI trough; pre2000=left-censored; state_only=undatable in 2000-24 window,no_aml_match
MINE_US_02804,-120.26881,47.351734,0.1053,,,2009,0.199,0.306,0.107,0.00386,early_restoration,state_only_no_t0,regimeB_v0_RS_t0,RS_derived,t0 = RS reclamation-onset proxy from NDVI trough; pre2000=left-censored; state_only=undatable in 2000-24 window,no_aml_match
MINE_US_02805,-83.543209,37.32073,0.1052,2014,10,2014,0.474,0.75,0.275,-0.0062,stable_restoration,rs_t0,regimeB_v0_RS_t0,RS_derived,t0 = RS reclamation-onset proxy from NDVI trough; pre2000=left-censored; state_only=undatable in 2000-24 window,no_aml_match
MINE_US_02806,-110.134904,37.61581,0.1051,,,2002,0.126,0.169,0.042,0.00199,degraded,state_only_no_t0,regimeB_v0_RS_t0,RS_derived,t0 = RS reclamation-onset proxy from NDVI trough; pre2000=left-censored; state_only=undatable in 2000-24 window,no_aml_match
MINE_US_02807,-105.733228,34.141487,0.1047,,,2007,0.12,0.193,0.073,-0.00429,degraded,state_only_no_t0,regimeB_v0_RS_t0,RS_derived,t0 = RS reclamation-onset proxy from NDVI trough; pre2000=left-censored; state_only=undatable in 2000-24 window,no_aml_match
MINE_US_02808,-105.255117,43.530995,0.1047,,,2005,0.11,0.188,0.078,0.00321,degraded,state_only_no_t0,regimeB_v0_RS_t0,RS_derived,t0 = RS reclamation-onset proxy from NDVI trough; pre2000=left-censored; state_only=undatable in 2000-24 window,no_aml_match
MINE_US_02809,-80.993386,36.92291,0.1043,,,2003,0.256,0.42,0.164,0.00722,early_restoration,state_only_no_t0,regimeB_v0_RS_t0,RS_derived,t0 = RS reclamation-onset proxy from NDVI trough; pre2000=left-censored; state_only=undatable in 2000-24 window,no_aml_match
MINE_US_02810,-115.415307,47.394171,0.1042,2014,10,2014,0.155,0.293,0.139,-0.00674,early_restoration,rs_t0,regimeB_v0_RS_t0,RS_derived,t0 = RS reclamation-onset proxy from NDVI trough; pre2000=left-censored; state_only=undatable in 2000-24 window,no_aml_match
MINE_US_02811,-79.618736,40.864418,0.1042,2011,13,2011,0.267,0.693,0.427,-0.01338,stable_restoration,rs_t0,regimeB_v0_RS_t0,RS_derived,t0 = RS reclamation-onset proxy from NDVI trough; pre2000=left-censored; state_only=undatable in 2000-24 window,no_aml_match
MINE_US_02812,-97.078432,30.57429,0.104,,,2022,0.115,0.118,0.002,-0.02235,degraded,state_only_no_t0,regimeB_v0_RS_t0,RS_derived,t0 = RS reclamation-onset proxy from NDVI trough; pre2000=left-censored; state_only=undatable in 2000-24 window,no_aml_match
MINE_US_02813,-87.385866,33.866116,0.1038,,,2018,0.403,0.421,0.018,-0.00417,early_restoration,state_only_no_t0,regimeB_v0_RS_t0,RS_derived,t0 = RS reclamation-onset proxy from NDVI trough; pre2000=left-censored; state_only=undatable in 2000-24 window,no_aml_match
MINE_US_02814,-86.971877,33.128994,0.1038,2006,18,2006,0.251,0.496,0.244,-0.00867,early_restoration,rs_t0,regimeB_v0_RS_t0,RS_derived,t0 = RS reclamation-onset proxy from NDVI trough; pre2000=left-censored; state_only=undatable in 2000-24 window,no_aml_match
MINE_US_02815,-76.124921,40.704492,0.1037,2012,12,2012,0.515,0.749,0.234,-0.00385,stable_restoration,rs_t0,regimeB_v0_RS_t0,RS_derived,t0 = RS reclamation-onset proxy from NDVI trough; pre2000=left-censored; state_only=undatable in 2000-24 window,aml_listed_not_complete
MINE_US_02816,-115.479397,35.384584,0.1035,,,2007,0.092,0.127,0.035,0.00126,degraded,state_only_no_t0,regimeB_v0_RS_t0,RS_derived,t0 = RS reclamation-onset proxy from NDVI trough; pre2000=left-censored; state_only=undatable in 2000-24 window,no_aml_match
MINE_US_02817,-87.395713,33.694708,0.1034,,,2010,0.324,0.419,0.095,0.00079,early_restoration,state_only_no_t0,regimeB_v0_RS_t0,RS_derived,t0 = RS reclamation-onset proxy from NDVI trough; pre2000=left-censored; state_only=undatable in 2000-24 window,no_aml_match
MINE_US_02818,-113.189962,46.591469,0.1034,,,2014,0.366,0.399,0.033,-0.0012,early_restoration,state_only_no_t0,regimeB_v0_RS_t0,RS_derived,t0 = RS reclamation-onset proxy from NDVI trough; pre2000=left-censored; state_only=undatable in 2000-24 window,no_aml_match
MINE_US_02819,-80.840617,40.512202,0.1032,2007,17,2007,0.448,0.697,0.248,-0.00687,stable_restoration,rs_t0,regimeB_v0_RS_t0,RS_derived,t0 = RS reclamation-onset proxy from NDVI trough; pre2000=left-censored; state_only=undatable in 2000-24 window,no_aml_match
MINE_US_02820,-78.737482,40.832578,0.1031,,,2020,0.292,0.352,0.059,-0.02618,early_restoration,state_only_no_t0,regimeB_v0_RS_t0,RS_derived,t0 = RS reclamation-onset proxy from NDVI trough; pre2000=left-censored; state_only=undatable in 2000-24 window,no_aml_match
MINE_US_02821,-75.397911,44.256344,0.103,pre2000,,2002,0.325,0.516,0.191,0.00802,stable_restoration,censored_pre2000,regimeB_v0_RS_t0,RS_derived,t0 = RS reclamation-onset proxy from NDVI trough; pre2000=left-censored; state_only=undatable in 2000-24 window,no_aml_match
MINE_US_02822,-114.607164,47.544735,0.1028,,,2016,0.151,0.191,0.04,-0.00137,degraded,state_only_no_t0,regimeB_v0_RS_t0,RS_derived,t0 = RS reclamation-onset proxy from NDVI trough; pre2000=left-censored; state_only=undatable in 2000-24 window,no_aml_match
MINE_US_02823,-112.185766,36.027472,0.1028,,,2001,0.218,0.274,0.056,0.0013,early_restoration,state_only_no_t0,regimeB_v0_RS_t0,RS_derived,t0 = RS reclamation-onset proxy from NDVI trough; pre2000=left-censored; state_only=undatable in 2000-24 window,no_aml_match
MINE_US_02824,-80.779686,34.970823,0.1025,2019,5,2019,0.361,0.53,0.169,-0.01204,relapse_degradation,rs_t0,regimeB_v0_RS_t0,RS_derived,t0 = RS reclamation-onset proxy from NDVI trough; pre2000=left-censored; state_only=undatable in 2000-24 window,no_aml_match
MINE_US_02825,-78.847274,40.815914,0.1025,2017,7,2017,0.334,0.65,0.316,-0.021,stable_restoration,rs_t0,regimeB_v0_RS_t0,RS_derived,t0 = RS reclamation-onset proxy from NDVI trough; pre2000=left-censored; state_only=undatable in 2000-24 window,aml_listed_not_complete
MINE_US_02826,-114.385999,35.030562,0.1024,,,2001,0.068,0.096,0.029,0.00053,degraded,state_only_no_t0,regimeB_v0_RS_t0,RS_derived,t0 = RS reclamation-onset proxy from NDVI trough; pre2000=left-censored; state_only=undatable in 2000-24 window,no_aml_match
MINE_US_02827,-108.612549,47.914434,0.1019,,,2000,0.074,0.239,0.165,0.00786,early_restoration,state_only_no_t0,regimeB_v0_RS_t0,RS_derived,t0 = RS reclamation-onset proxy from NDVI trough; pre2000=left-censored; state_only=undatable in 2000-24 window,no_aml_match
MINE_US_02828,-87.820518,46.731509,0.1018,,,2015,0.327,0.386,0.06,-0.02184,early_restoration,state_only_no_t0,regimeB_v0_RS_t0,RS_derived,t0 = RS reclamation-onset proxy from NDVI trough; pre2000=left-censored; state_only=undatable in 2000-24 window,no_aml_match
MINE_US_02829,-108.702472,43.92228,0.1017,,,2000,0.097,0.181,0.085,0.00388,degraded,state_only_no_t0,regimeB_v0_RS_t0,RS_derived,t0 = RS reclamation-onset proxy from NDVI trough; pre2000=left-censored; state_only=undatable in 2000-24 window,no_aml_match
MINE_US_02830,-106.95036,38.841395,0.1017,,,2024,0.115,0.134,0.019,-0.00568,degraded,state_only_no_t0,regimeB_v0_RS_t0,RS_derived,t0 = RS reclamation-onset proxy from NDVI trough; pre2000=left-censored; state_only=undatable in 2000-24 window,no_aml_match
MINE_US_02831,-116.837364,36.897674,0.1016,,,2006,0.062,0.084,0.022,0.00082,degraded,state_only_no_t0,regimeB_v0_RS_t0,RS_derived,t0 = RS reclamation-onset proxy from NDVI trough; pre2000=left-censored; state_only=undatable in 2000-24 window,no_aml_match
MINE_US_02832,-115.244131,47.582442,0.1013,,,2015,0.256,0.316,0.06,0.00059,early_restoration,state_only_no_t0,regimeB_v0_RS_t0,RS_derived,t0 = RS reclamation-onset proxy from NDVI trough; pre2000=left-censored; state_only=undatable in 2000-24 window,no_aml_match
MINE_US_02833,-88.875435,45.562976,0.1011,2003,21,2003,0.341,0.481,0.14,0.00446,early_restoration,rs_t0,regimeB_v0_RS_t0,RS_derived,t0 = RS reclamation-onset proxy from NDVI trough; pre2000=left-censored; state_only=undatable in 2000-24 window,no_aml_match
MINE_US_02834,-105.352045,44.262344,0.1009,,,2005,0.163,0.223,0.061,0.00147,early_restoration,state_only_no_t0,regimeB_v0_RS_t0,RS_derived,t0 = RS reclamation-onset proxy from NDVI trough; pre2000=left-censored; state_only=undatable in 2000-24 window,no_aml_match
MINE_US_02835,-88.161925,36.409197,0.1008,,,2000,0.163,0.219,0.056,0.00184,degraded,state_only_no_t0,regimeB_v0_RS_t0,RS_derived,t0 = RS reclamation-onset proxy from NDVI trough; pre2000=left-censored; state_only=undatable in 2000-24 window,no_aml_match
MINE_US_02836,-103.73043,44.308925,0.1006,,,2017,0.208,0.239,0.031,-0.01891,early_restoration,state_only_no_t0,regimeB_v0_RS_t0,RS_derived,t0 = RS reclamation-onset proxy from NDVI trough; pre2000=left-censored; state_only=undatable in 2000-24 window,no_aml_match
MINE_US_02837,-106.288987,38.565973,0.1005,,,2007,0.118,0.137,0.019,-0.00221,degraded,state_only_no_t0,regimeB_v0_RS_t0,RS_derived,t0 = RS reclamation-onset proxy from NDVI trough; pre2000=left-censored; state_only=undatable in 2000-24 window,no_aml_match
MINE_US_02838,-103.765011,44.277698,0.1004,,,2002,0.217,0.245,0.028,-0.00256,early_restoration,state_only_no_t0,regimeB_v0_RS_t0,RS_derived,t0 = RS reclamation-onset proxy from NDVI trough; pre2000=left-censored; state_only=undatable in 2000-24 window,no_aml_match
