Event_ID,ig_year,year,t_rel,ndvi,nbr,sar_vh,gedi_rh98
OR4540011770020161024,2016,2013.0,-3.0,0.6618440175489069,0.4629538766648526,,
ID4431311660320161007,2016,2013.0,-3.0,0.22065838729301127,-0.08781830752404429,,
ID4489011641020160503,2016,2013.0,-3.0,0.6431488574415524,0.4188774768483036,,
ID4544811630920160818,2016,2013.0,-3.0,0.3218429978459437,0.07559004996787584,,
OR4562412106720160701,2016,2013.0,-3.0,0.22901957410376078,0.01029716631026972,,
OR4576011699020161024,2016,2013.0,-3.0,0.5819665968865897,0.3413817509400286,,
OR4372011979020160515,2016,2013.0,-3.0,0.5056865450972258,0.2579601075107446,,
OR4396011847820161001,2016,2013.0,-3.0,0.31846011104990773,0.013561420019033696,,
OR4417011845020160926,2016,2013.0,-3.0,0.4978306753870068,0.20654878720485287,,
OR4473012140020160415,2016,2013.0,-3.0,0.4384575011339093,0.16730579314951496,,
CA3759811955420160626,2016,2013.0,-3.0,0.5584924670891646,0.3283185171502263,,
ID4273611666120160929,2016,2013.0,-3.0,0.3517735847280851,0.0792305487098664,,
CA3700411949520160730,2016,2013.0,-3.0,0.4485701975773315,0.25142422624101607,,
CA3779911892220160804,2016,2013.0,-3.0,0.4072800519823232,0.1748587684128816,,
CA3778011892120160917,2016,2013.0,-3.0,0.3464523063470958,0.12063764839963825,,
OR4440811838320160731,2016,2013.0,-3.0,0.5816642343428794,0.33610041260284323,,
CA3780912030120160926,2016,2013.0,-3.0,0.5473922625794719,0.3278823711116442,,
CA3611312128920160604,2016,2013.0,-3.0,0.4377793083367779,0.1617972750569378,,
OR4407812030820160929,2016,2013.0,-3.0,0.5686484018353889,0.3458854101702328,,
OR4272312062320160817,2016,2013.0,-3.0,0.23630695130849588,-0.022880230931043258,,
CA4128112031520160917,2016,2013.0,-3.0,0.6133478638914387,0.4183890734476781,,
CA4036812080220160911,2016,2013.0,-3.0,0.4737941042996577,0.23229185252940238,,
CA3895812085620160628,2016,2013.0,-3.0,0.7784911240361361,0.620567655401503,,
CA3710912184820160926,2016,2013.0,-3.0,0.7096477686213956,0.5420308240412487,,
CA3646112190120160722,2016,2013.0,-3.0,0.6485163875568284,0.4369115417152535,,
OR4448812148120160607,2016,2013.0,-3.0,0.540627130099901,0.3331286721107145,,
OR4292412221220160728,2016,2013.0,-3.0,0.4719542011981395,0.09931641127692332,,
OR4563012190420170902,2017,2014.0,-3.0,0.8631047334749832,0.7493047434413254,,
ID4540111652720170908,2017,2014.0,-3.0,0.5522105749396828,0.3073025952260788,,
OR4540011770020161024,2016,2014.0,-2.0,0.6278194240875965,0.45312689781963045,,
ID4554811595020170801,2017,2014.0,-3.0,0.6044889700650484,0.352998907908815,,
ID4431311660320161007,2016,2014.0,-2.0,0.22238422450469467,0.007901267681752028,,
ID4489011641020160503,2016,2014.0,-2.0,0.6324493987270821,0.4368865520177275,,
ID4601011688120170715,2017,2014.0,-3.0,0.23927704105619868,-0.04212134580283908,,
ID4544811630920160818,2016,2014.0,-2.0,0.2980525697305946,0.08089429938202271,,
OR4560011651620170711,2017,2014.0,-3.0,0.2242401941125911,-0.06297944850635737,,
ID4603611671720170715,2017,2014.0,-3.0,0.2725821953152431,-0.0018539023881662326,,
OR4443511721920170803,2017,2014.0,-3.0,0.2084026720959373,0.00591188806112262,,
OR4562412106720160701,2016,2014.0,-2.0,0.238273689191817,0.10522466808795716,,
OR4576011699020161024,2016,2014.0,-2.0,0.5579098714960411,0.33729623305544604,,
ID4253511698720170918,2017,2014.0,-3.0,0.2950190180803483,0.030626969160495166,,
OR4462111846220170616,2017,2014.0,-3.0,0.5621839646003746,0.311374298239374,,
OR4372011979020160515,2016,2014.0,-2.0,0.5105000040222063,0.2878909151173517,,
OR4372111979120170504,2017,2014.0,-3.0,0.47892888005021084,0.25111439369141775,,
CA4119012308020171102,2017,2014.0,-3.0,0.7203573020978636,0.545164242932945,,
OR4396011847820161001,2016,2014.0,-2.0,0.29894217245923405,0.0014956731836745243,,
OR4417011845020160926,2016,2014.0,-2.0,0.5167100084296554,0.23715736036673396,,
OR4305111881420170401,2017,2014.0,-3.0,0.4618576409443629,0.24809613478791318,,
CA4179612108320170813,2017,2014.0,-3.0,0.1576016773832675,-0.07150293518384454,,
OR4473012140020160415,2016,2014.0,-2.0,0.43861720875264976,0.1825026866557964,,
CA3759811955420160626,2016,2014.0,-2.0,0.5566989918079457,0.3325190287980705,,
ID4273611666120160929,2016,2014.0,-2.0,0.2827919905100924,0.016119072351280524,,
CA3744911965020170829,2017,2014.0,-3.0,0.7459267441010532,0.6200693899395823,,
CA3721711946920170903,2017,2014.0,-3.0,0.6624839128670268,0.4992180731646083,,
CA3700411949520160730,2016,2014.0,-2.0,0.4062180695651779,0.18099816440513525,,
CA3779911892220160804,2016,2014.0,-2.0,0.36850685008594,0.1499395792301444,,
CA3778011892120160917,2016,2014.0,-2.0,0.3024613957430456,0.0683977353453866,,
CA3753811959820170813,2017,2014.0,-3.0,0.6317304689762158,0.44975150959240334,,
CA3764411961820170801,2017,2014.0,-3.0,0.5814272405487653,0.35506040227572255,,
OR4440811838320160731,2016,2014.0,-2.0,0.5764546008747392,0.3381103733878662,,
CA3837311989620170819,2017,2014.0,-3.0,0.6636833111663345,0.48607696803095274,,
NV3882011959620171003,2017,2014.0,-3.0,0.2078431854375493,-0.01927927893979241,,
CA3780912030120160926,2016,2014.0,-2.0,0.5046876723263587,0.28123447836533233,,
CA3761912020720170716,2017,2014.0,-3.0,0.4017503082657706,0.16833205099984963,,
CA3812011994120170904,2017,2014.0,-3.0,0.6241617317905898,0.4321759705872539,,
CA3611312128920160604,2016,2014.0,-2.0,0.42636293906878064,0.15189504256767306,,
CA3606812023620170420,2017,2014.0,-3.0,0.1552354270851946,-0.1183268530940167,,
OR4407812030820160929,2016,2014.0,-2.0,0.5561265485833156,0.350120070404925,,
OR4447912049720170909,2017,2014.0,-3.0,0.5739800603902802,0.3131846963016453,,
OR4272312062320160817,2016,2014.0,-2.0,0.19289097183810203,-0.055735845663267024,,
CA4130712105620170725,2017,2014.0,-3.0,0.4518732409663923,0.24643641771952285,,
CA4146612032120170803,2017,2014.0,-3.0,0.4625710374928057,0.25824127781680817,,
CA4128112031520160917,2016,2014.0,-2.0,0.5890239798367556,0.3940170347468941,,
CA4036812080220160911,2016,2014.0,-2.0,0.43737317281327504,0.21627265573927507,,
CA3990612097220170729,2017,2014.0,-3.0,0.7382741496136241,0.6069078237339687,,
CA3895812085620160628,2016,2014.0,-2.0,0.7568199868129135,0.6040921316367803,,
CA3946112141320170707,2017,2014.0,-3.0,0.4607431319396296,0.23399205586496982,,
CA3839112224120171009,2017,2014.0,-3.0,0.5526609861564372,0.36283774636905747,,
CA3838712252020171009,2017,2014.0,-3.0,0.6251253678071413,0.4574756040893825,,
CA3957512131620170829,2017,2014.0,-3.0,0.7523903342634394,0.6198497546015594,,
CA3710912184820160926,2016,2014.0,-2.0,0.701412676637493,0.5274066124026701,,
CA3646112190120160722,2016,2014.0,-2.0,0.6550926283682198,0.44472873408444524,,
OR4448812148120160607,2016,2014.0,-2.0,0.5421566470934263,0.33395554968768915,,
OR4470812185620170724,2017,2014.0,-3.0,0.8262941152534703,0.704159664610562,,
OR4474912191520170811,2017,2014.0,-3.0,0.8305903570142951,0.7136809417634525,,
OR4400912217020170804,2017,2014.0,-3.0,0.8520428657195025,0.7407817714387525,,
OR4425712174320170811,2017,2014.0,-3.0,0.6456234381631244,0.4345803219644928,,
OR4410112190920170810,2017,2014.0,-3.0,0.7467483372463203,0.5887996360746652,,
OR4410112199420170810,2017,2014.0,-3.0,0.8641346895799289,0.7685730885624923,,
OR4412912209720170811,2017,2014.0,-3.0,0.858362042053597,0.746795082022436,,
OR4404612205520170810,2017,2014.0,-3.0,0.8371683954798281,0.7191495432057977,,
OR4292412221220160728,2016,2014.0,-2.0,0.47514579511519556,0.12099098856361211,,
OR4279812231820170725,2017,2014.0,-3.0,0.6043119856455618,0.34027072461488295,,
OR4254212214420170810,2017,2014.0,-3.0,0.6859066097671196,0.5371444456824825,,
OR4298012228220170729,2017,2014.0,-3.0,0.6127087987790094,0.37231821546799015,,
OR4311112241120170811,2017,2014.0,-3.0,0.7852077362411671,0.6497795264853645,,
OR4303712246520170809,2017,2014.0,-3.0,0.7644999164277695,0.6076710222415131,,
OR4294112254720170808,2017,2014.0,-3.0,0.8283226147229353,0.6949261846242122,,
OR4309112272520170810,2017,2014.0,-3.0,0.7994629501968148,0.6206596706608135,,
OR4318212230620170809,2017,2014.0,-3.0,0.8231525538287251,0.6926663750726434,,
OR4340212236220170810,2017,2014.0,-3.0,0.8176709766867857,0.6774115502462305,,
OR4320912249720170811,2017,2014.0,-3.0,0.842555462338809,0.7184358879333563,,
OR4330612262220170812,2017,2014.0,-3.0,0.8332414238168109,0.694363433083204,,
OR4331112282720170810,2017,2014.0,-3.0,0.8783943948529885,0.773103237998582,,
OR4375212142520170829,2017,2014.0,-3.0,0.5833571637565941,0.34359520174436575,,
CA4143512316220170626,2017,2014.0,-3.0,0.6744696647706542,0.4796059753354124,,
CA4018412336320170808,2017,2014.0,-3.0,0.6647801013153501,0.4687105427472361,,
CA4011512332020170808,2017,2014.0,-3.0,0.5970039517810185,0.3919887672023235,,
CA4077112312420170831,2017,2014.0,-3.0,0.696329542517246,0.49698221495703393,,
CA4083912297820170808,2017,2014.0,-3.0,0.7335797325366158,0.5722931759504353,,
CA4022812303620170913,2017,2014.0,-3.0,0.6823347257349774,0.49642782591539564,,
OR4563012190420170902,2017,2015.0,-2.0,0.8481678670267847,0.7444910565959155,,
ID4540111652720170908,2017,2015.0,-2.0,0.5649721253049658,0.31700779771044996,,
OR4540011770020161024,2016,2015.0,-1.0,0.5914595030133127,0.4335487655457786,,
ID4554811595020170801,2017,2015.0,-2.0,0.589403606578427,0.3431210858529457,,
ID4431311660320161007,2016,2015.0,-1.0,0.21845235383655284,-0.04591215846086426,,
ID4489011641020160503,2016,2015.0,-1.0,0.6256150813162334,0.427683478670416,,
WA4610611995920180908,2018,2015.0,-3.0,0.1657892347584854,-0.04406180859197937,,
ID4601011688120170715,2017,2015.0,-2.0,0.25422828374582107,0.04771236125946042,,
WA4567012103420180801,2018,2015.0,-3.0,0.2173812737316681,0.09173172860321574,,
ID4544811630920160818,2016,2015.0,-1.0,0.28890606203496594,0.07075538895071348,,
OR4560011651620170711,2017,2015.0,-2.0,0.23674835256776053,-0.02750679673669952,,
OR4597411899820180729,2018,2015.0,-3.0,0.225452371928038,0.04260578870055186,,
WA4597011911020180622,2018,2015.0,-3.0,0.2496210502662607,0.07234190298014836,,
OR4548011857620180810,2018,2015.0,-3.0,0.2684381983080795,0.09784859211757983,,
ID4603311692920180809,2018,2015.0,-3.0,0.23086964558482273,0.01271505487280573,,
ID4603611671720170715,2017,2015.0,-2.0,0.2824902784552061,0.044849872949721405,,
ID4458311709720180915,2018,2015.0,-3.0,0.2598292973320516,0.1103941020433162,,
ID4490011637920180515,2018,2015.0,-3.0,0.6870924818087346,0.5034050560499548,,
OR4531411905220180816,2018,2015.0,-3.0,0.20965408308244646,-0.005624933075793002,,
ID4427411715120180716,2018,2015.0,-3.0,0.16779825790424233,-0.06958871862562246,,
OR4443511721920170803,2017,2015.0,-2.0,0.19717496508905233,-0.03240085567427206,,
ID4447411719020180725,2018,2015.0,-3.0,0.20166695451184521,-0.027137625463586935,,
OR4562412106720160701,2016,2015.0,-1.0,0.22410983713234764,0.1425180182448116,,
ID4533411639120180723,2018,2015.0,-3.0,0.6782819806500185,0.46323424548780817,,
ID4451711685020180725,2018,2015.0,-3.0,0.25548610083130296,0.005918235124080673,,
ID4467611644820180726,2018,2015.0,-3.0,0.404844502399089,0.19512015998862733,,
OR4511811697520181030,2018,2015.0,-3.0,0.554823945997182,0.28529474011473566,,
OR4576011699020161024,2016,2015.0,-1.0,0.5481427678149098,0.3237549125844243,,
ID4253511698720170918,2017,2015.0,-2.0,0.3013240502894571,0.025282987982531493,,
OR4462111846220170616,2017,2015.0,-2.0,0.545984338660618,0.29601570546182326,,
OR4372011979020160515,2016,2015.0,-1.0,0.5231651167106023,0.2866646032152278,,
OR4372111979120170504,2017,2015.0,-2.0,0.4893730109595843,0.24349603820515706,,
CA4119012308020171102,2017,2015.0,-2.0,0.7272899138251224,0.5225686629355877,,
OR4396011847820161001,2016,2015.0,-1.0,0.30793245738823133,0.030485827783515704,,
OR4417011845020160926,2016,2015.0,-1.0,0.4978885738298818,0.23726163531732763,,
OR4305111881420170401,2017,2015.0,-2.0,0.5064473797021765,0.3049003790396383,,
OR4382511970020181020,2018,2015.0,-3.0,0.4649482833380509,0.2082654781207881,,
CA4179612108320170813,2017,2015.0,-2.0,0.18515290139022805,-0.02529922136965069,,
OR4473012140020160415,2016,2015.0,-1.0,0.42288793253865276,0.19725771999866024,,
CA4077412213620180201,2018,2015.0,-3.0,0.6630124077468572,0.4804989953377361,,
CA4192012170520180516,2018,2015.0,-3.0,0.6761653757747966,0.6031368525628693,,
OR4421611929720181025,2018,2015.0,-3.0,0.6068891289241002,0.37717578976173316,,
OR4261612132420180510,2018,2015.0,-3.0,0.42657166733130386,0.13196861880148092,,
OR4441412049420180508,2018,2015.0,-3.0,0.5716324233118341,0.3444816297564252,,
CA4193212150720180221,2018,2015.0,-3.0,0.540274425715138,0.39538362041975034,,
OR4463911860120181026,2018,2015.0,-3.0,0.5499468721477186,0.32200289559396755,,
CA3759811955420160626,2016,2015.0,-1.0,0.5370098410392729,0.3202764494089117,-12.9860501299427,
CA3641011873720181004,2018,2015.0,-3.0,0.7342262565125821,0.592273449750422,-14.71552162959051,
ID4273611666120160929,2016,2015.0,-1.0,0.2737958709635461,-0.006943260923584358,,
CA3744911965020170829,2017,2015.0,-2.0,0.7321840564241157,0.5984332739168492,-12.90741419874332,
CA3721711946920170903,2017,2015.0,-2.0,0.6101090769880692,0.43328934664001345,-13.462825136481944,
CA3700411949520160730,2016,2015.0,-1.0,0.38289109562966916,0.1530237409532509,-15.24952284160932,
CA3779911892220160804,2016,2015.0,-1.0,0.3544608279576266,0.14507787816914008,-18.153673337382948,
CA3778011892120160917,2016,2015.0,-1.0,0.3068718155482907,0.07656172644470845,-18.780561194820862,
CA3753811959820170813,2017,2015.0,-2.0,0.6196821279847472,0.43293602143326615,-13.255138165112514,
CA3764411961820170801,2017,2015.0,-2.0,0.580335386816409,0.35124627866326275,-14.19251435987486,
CA3756511912720180611,2018,2015.0,-3.0,0.5433292054076876,0.3310776375501146,-15.036347093548748,
CA3765211988120180713,2018,2015.0,-3.0,0.6215271451791142,0.4255317084743257,-13.636466392416615,
OR4440811838320160731,2016,2015.0,-1.0,0.5726553071641447,0.3369395380998623,,
CA3837311989620170819,2017,2015.0,-2.0,0.6603613653628827,0.48898054704276805,-14.184080708888969,
NV3882011959620171003,2017,2015.0,-2.0,0.2565305063328236,0.0760764321127125,-17.939739533642253,
CA3834911992920180801,2018,2015.0,-3.0,0.6079588870054357,0.41292988217189974,-13.626966574611572,
CA3839611945120180904,2018,2015.0,-3.0,0.3586833462365398,0.10870943299004401,-17.100869019301058,
CA3780912030120160926,2016,2015.0,-1.0,0.4853242350224661,0.2564659148436842,-15.767038382296564,
CA3761912020720170716,2017,2015.0,-2.0,0.3929667255442829,0.1343223261847345,-15.547170625505618,
CA3812011994120170904,2017,2015.0,-2.0,0.6209964126169264,0.4234026340288696,-14.510788930488241,
CA3611312128920160604,2016,2015.0,-1.0,0.43902846899066883,0.1487610195808915,-15.97079686802903,
CA3606812023620170420,2017,2015.0,-2.0,0.16971944112108608,-0.06281164215491207,-26.582150269757157,
OR4407812030820160929,2016,2015.0,-1.0,0.549802792969845,0.33796057203947594,,
OR4447912049720170909,2017,2015.0,-2.0,0.5509764731934901,0.30557782078979834,,
OR4272312062320160817,2016,2015.0,-1.0,0.22600757159992974,0.007502717005043489,,
OR4265012082720180815,2018,2015.0,-3.0,0.49570202877416847,0.2256743794572073,,
CA4130712105620170725,2017,2015.0,-2.0,0.45579533952235723,0.24697067824181332,,
CA4146612032120170803,2017,2015.0,-2.0,0.469372324105206,0.2628793821285377,,
CA4128112031520160917,2016,2015.0,-1.0,0.618788125336961,0.4289086587580807,,
CA4139512105720180815,2018,2015.0,-3.0,0.3926692044368422,0.1604818569855372,,
CA4036812080220160911,2016,2015.0,-1.0,0.44211232614517026,0.20248666335019208,,
CA3990612097220170729,2017,2015.0,-2.0,0.7488813721921911,0.6172214472714774,,
CA4063012088020180727,2018,2015.0,-3.0,0.428179041872359,0.14071716584023367,,
CA3982012144020181108,2018,2015.0,-3.0,0.5841570302242648,0.4268479864923479,,
CA3895812085620160628,2016,2015.0,-1.0,0.7684958439746948,0.6122008114757286,,
CA3946112141320170707,2017,2015.0,-2.0,0.47633650652778803,0.29077075435749083,,
CA3839112224120171009,2017,2015.0,-2.0,0.5518245278741827,0.32345230780357326,-15.70475766664334,
CA3838712252020171009,2017,2015.0,-2.0,0.6238651046908867,0.4194041009731449,-15.325031125107502,
CA3957512131620170829,2017,2015.0,-2.0,0.757797150707189,0.6267726145953091,,
CA3927312065620180903,2018,2015.0,-3.0,0.7129594297448612,0.5585538965506345,,
CA3710912184820160926,2016,2015.0,-1.0,0.7123180747604594,0.5299566099606411,-14.107716239555453,
CA3646112190120160722,2016,2015.0,-1.0,0.6673518496022723,0.4584790908028719,-14.60213584974667,
OR4448812148120160607,2016,2015.0,-1.0,0.5163645561654243,0.33715694550141795,,
OR4408412223820180819,2018,2015.0,-3.0,0.8524730359571494,0.7660796431258758,,
OR4470812185620170724,2017,2015.0,-2.0,0.818327662981016,0.6979440233190358,,
OR4474912191520170811,2017,2015.0,-2.0,0.8264987907434878,0.7146808126344696,,
OR4400912217020170804,2017,2015.0,-2.0,0.8415676229932625,0.7408828683156035,,
OR4425712174320170811,2017,2015.0,-2.0,0.630684787163932,0.4526562486816386,,
OR4410112190920170810,2017,2015.0,-2.0,0.7364759074171878,0.5824742487155888,,
OR4410112199420170810,2017,2015.0,-2.0,0.8575496707044402,0.7674109393387198,,
OR4412912209720170811,2017,2015.0,-2.0,0.8495812211541919,0.7513115560418928,,
OR4404612205520170810,2017,2015.0,-2.0,0.8262562722188522,0.7177270129824506,,
OR4292412221220160728,2016,2015.0,-1.0,0.4523664651706197,0.12261272669863853,,
OR4279812231820170725,2017,2015.0,-2.0,0.5995325547100355,0.3529542576279528,,
OR4254212214420170810,2017,2015.0,-2.0,0.6816588386689872,0.5412979293241732,,
OR4298012228220170729,2017,2015.0,-2.0,0.6048319578733877,0.3756410677344115,,
OR4311112241120170811,2017,2015.0,-2.0,0.7663250173938865,0.6452019324509833,,
OR4303712246520170809,2017,2015.0,-2.0,0.7461008864598055,0.6017844731057819,,
OR4294112254720170808,2017,2015.0,-2.0,0.812469168499764,0.6872764480701459,,
OR4309112272520170810,2017,2015.0,-2.0,0.781678207127706,0.6138765231696323,,
OR4318212230620170809,2017,2015.0,-2.0,0.8066421995919056,0.6953054927110004,,
OR4340212236220170810,2017,2015.0,-2.0,0.8005900670469629,0.6727995928406069,,
OR4320912249720170811,2017,2015.0,-2.0,0.8283228841463414,0.7157272558073917,,
OR4330612262220170812,2017,2015.0,-2.0,0.8172123799183625,0.6938455372684974,,
OR4331112282720170810,2017,2015.0,-2.0,0.8657089793145063,0.7686852121945847,,
OR4375212142520170829,2017,2015.0,-2.0,0.5796934138982109,0.353333467133473,,
OR4258012299020180822,2018,2015.0,-3.0,0.7782214107079483,0.6375327977206773,,
OR4307312203920180715,2018,2015.0,-3.0,0.554357158326386,0.31781944657517586,,
OR4275312292520180715,2018,2015.0,-3.0,0.7845595095706162,0.6406436374415101,,
OR4293812266120180715,2018,2015.0,-3.0,0.8375725244551546,0.7165424322773383,,
OR4282612280720180716,2018,2015.0,-3.0,0.7858544409222554,0.633821647829886,,
CA4143512316220170626,2017,2015.0,-2.0,0.682273204485937,0.4807443967068401,,
OR4209912285420180715,2018,2015.0,-3.0,0.7739069580878813,0.628656686381617,,
CA4018412336320170808,2017,2015.0,-2.0,0.64526726370441,0.42005254519847957,,
CA4011512332020170808,2017,2015.0,-2.0,0.5799496034431233,0.3544567355423711,,
CA4077112312420170831,2017,2015.0,-2.0,0.690895291693388,0.4761019245672266,,
CA4083912297820170808,2017,2015.0,-2.0,0.7502130034879454,0.5850867198798828,,
CA4022812303620170913,2017,2015.0,-2.0,0.6923100205802619,0.5015164705195954,,
CA4061612352420180904,2018,2015.0,-3.0,0.8063959636216981,0.6903541588234736,,
CA4089112222820180809,2018,2015.0,-3.0,0.7793708184015674,0.6372083112237297,,
CA4094312242720180905,2018,2015.0,-3.0,0.7168569041560641,0.5659884531636779,,
OR4517811742720190728,2019,2016.0,-3.0,0.5456396892907902,0.31911874701595605,-12.224884581847215,
OR4563012190420170902,2017,2016.0,-1.0,0.8613429266933045,0.7303402667009584,-14.358806384074105,
ID4540111652720170908,2017,2016.0,-1.0,0.6056023049071547,0.36275694309219975,-15.25194187076925,
OR4540011770020161024,2016,2016.0,0.0,0.6277920809079378,0.43918852625632904,-16.234291613002185,
ID4554811595020170801,2017,2016.0,-1.0,0.6065795659461888,0.3563863637330013,-15.56359917812345,
ID4431311660320161007,2016,2016.0,0.0,0.20925531782288592,-0.028047778867483962,-21.696655152528063,
ID4489011641020160503,2016,2016.0,0.0,0.6056164057193405,0.397688677521592,-16.01554196672828,
WA4610611995920180908,2018,2016.0,-2.0,0.18505301968315468,-0.04769333783401036,-25.7784392955187,
ID4601011688120170715,2017,2016.0,-1.0,0.25248946344053463,0.05145934501984887,-19.220477602777514,
WA4567012103420180801,2018,2016.0,-2.0,0.22135794415597665,0.05464414986981255,-22.727306780492142,
ID4544811630920160818,2016,2016.0,0.0,0.328037390152185,0.130457225196798,-13.091036156356457,
OR4560011651620170711,2017,2016.0,-1.0,0.2714943502816731,0.05733356642173582,-20.402600664636275,
OR4597411899820180729,2018,2016.0,-2.0,0.23098788715595103,-0.004925371542384219,-23.539849247510688,
WA4597011911020180622,2018,2016.0,-2.0,0.23420151035463718,-0.03383124091458541,-24.338351019973835,
OR4548011857620180810,2018,2016.0,-2.0,0.28015709701878844,0.0818774827818761,-20.87031567621996,
ID4603311692920180809,2018,2016.0,-2.0,0.2386857425043692,0.020027673339362582,-17.609996066899598,
ID4603611671720170715,2017,2016.0,-1.0,0.31757008410906934,0.11032467735651742,-19.20384158308807,
ID4458311709720180915,2018,2016.0,-2.0,0.2804445530082534,0.1560316645084487,-19.798954674225243,
ID4490011637920180515,2018,2016.0,-2.0,0.6734475639622624,0.4972071908144465,-14.407417844941575,
OR4531411905220180816,2018,2016.0,-2.0,0.2297726732088651,-0.0207864709446293,-22.46713587480765,
ID4427411715120180716,2018,2016.0,-2.0,0.17484723063313581,-0.022962324468584382,-22.44253957472391,
OR4443511721920170803,2017,2016.0,-1.0,0.21663748291513896,0.009320206738107349,-20.306303569692957,
ID4447411719020180725,2018,2016.0,-2.0,0.2126605883954814,0.012603905094697774,-17.929870889652044,
OR4562412106720160701,2016,2016.0,0.0,0.1966531296939398,-0.16538069458142218,-25.150873827719302,
ID4533411639120180723,2018,2016.0,-2.0,0.6851442072011027,0.477533047151815,-17.02866051518111,
OR4596611865220190731,2019,2016.0,-3.0,0.21445224694569037,0.07816994085979945,-25.0296098450749,
ID4451711685020180725,2018,2016.0,-2.0,0.2631408925878505,0.0394709935899242,-20.609509508305223,
ID4467611644820180726,2018,2016.0,-2.0,0.3999580786344823,0.22380384668294354,-18.47101333422713,
OR4511811697520181030,2018,2016.0,-2.0,0.5783774576205064,0.28619292543100344,-15.690626902268296,
OR4576011699020161024,2016,2016.0,0.0,0.5769624399769757,0.35025082144122116,-16.1256686475324,
ID4253511698720170918,2017,2016.0,-1.0,0.2855811129537232,0.02439682364289636,-19.931220067453822,
ID4248911688820190828,2019,2016.0,-3.0,0.4267469997447748,0.16225820796836457,-17.643592835118366,
OR4462111846220170616,2017,2016.0,-1.0,0.5160848687722637,0.28051177455280496,-16.966212482195278,
OR4414911858320190930,2019,2016.0,-3.0,0.4877743831486559,0.1950973887054125,-17.509176319154957,
OR4372011979020160515,2016,2016.0,0.0,0.4579240418310048,0.12015599857489587,-17.641242731281462,
OR4372111979120170504,2017,2016.0,-1.0,0.4785134556044148,0.23666499411851416,-17.022316157431945,
CA4137212197020190922,2019,2016.0,-3.0,0.5661509425875404,0.34554277331099126,-16.59645890939642,
OR4265012175420190503,2019,2016.0,-3.0,0.4488909267638019,0.200789969947137,-17.01334021603908,
OR4304512197320190915,2019,2016.0,-3.0,0.5389056662455619,0.29254154363199913,-16.514138645426193,
CA4119012308020171102,2017,2016.0,-1.0,0.7405984810138744,0.5647289870608961,-11.825571254350702,
OR4396011847820161001,2016,2016.0,0.0,0.2970609791444614,0.02327989616382442,-18.911414391783044,
OR4417011845020160926,2016,2016.0,0.0,0.5180433194348555,0.2293578883201984,-17.455195277473063,
OR4305111881420170401,2017,2016.0,-1.0,0.550748783090073,0.3645126901678266,-20.630524911833696,
CA3719112078820191002,2019,2016.0,-3.0,0.33578807990292575,0.17889785627501745,-20.771402917627896,
OR4441112073920191031,2019,2016.0,-3.0,0.4388869861029514,0.19986235596736723,-16.323500925154658,
OR4442412039420190903,2019,2016.0,-3.0,0.5683182465520494,0.32649886903578,-17.088789054248537,
OR4382511970020181020,2018,2016.0,-2.0,0.4668066568660455,0.21018364103253187,-17.806932170746077,
OR4359512099520190923,2019,2016.0,-3.0,0.43114351936744755,0.1474563412075348,-17.779411203595657,
CA4179612108320170813,2017,2016.0,-1.0,0.19656420271546227,0.038555661900198504,-21.832229229582126,
OR4473012140020160415,2016,2016.0,0.0,0.41137459356251255,0.10717690534914162,-18.104829398070418,
CA4077412213620180201,2018,2016.0,-2.0,0.7110808783928622,0.5395044086721171,-13.748080830003403,
CA4192012170520180516,2018,2016.0,-2.0,0.43207834720653365,0.20979131742197132,-18.001132799480306,
OR4287611889620190315,2019,2016.0,-3.0,0.5457053326734207,0.3770278816858852,-22.901360237057368,
OR4383111898220190520,2019,2016.0,-3.0,0.42364733018854495,0.11628237351544027,-18.47625499139913,
OR4421611929720181025,2018,2016.0,-2.0,0.6051168929197903,0.3718008802144333,-16.663027888580388,
OR4261612132420180510,2018,2016.0,-2.0,0.43560601671867716,0.1418033057625976,-17.752767127006152,
OR4441412049420180508,2018,2016.0,-2.0,0.5732684436323493,0.3401317175357846,-16.243664898833597,
CA4193212150720180221,2018,2016.0,-2.0,0.5192562456740107,0.34697878439596713,-17.61973676672319,
OR4463911860120181026,2018,2016.0,-2.0,0.543989836901499,0.30603007099854773,-16.974162758923008,
CA3759811955420160626,2016,2016.0,0.0,0.5272645157987803,0.3124199449151387,-13.710336600268217,
CA3755212015420190901,2019,2016.0,-3.0,0.3821958474018003,0.22198298719573534,-16.37168773187782,
CA3641011873720181004,2018,2016.0,-2.0,0.7061624293186457,0.5706758221354459,-14.640194317733062,
ID4273611666120160929,2016,2016.0,0.0,0.24917435195266116,-0.04269815545226464,-21.169181148935298,
CA3744911965020170829,2017,2016.0,-1.0,0.709186805404646,0.5841346735235127,-13.91579542774114,
CA3721711946920170903,2017,2016.0,-1.0,0.6189201147028848,0.45928073647652845,-14.355859581016725,
CA3700411949520160730,2016,2016.0,0.0,0.3068253356411955,0.029383796145609303,-16.59611748115001,
CA3779911892220160804,2016,2016.0,0.0,0.3002356050506628,0.02209090237660725,-17.37474878147758,
CA3778011892120160917,2016,2016.0,0.0,0.3209732508928138,0.09672145484920851,-17.93214147563737,
CA3753811959820170813,2017,2016.0,-1.0,0.6111064789258986,0.4323072731573125,-13.979660391950544,
CA3764411961820170801,2017,2016.0,-1.0,0.5801560817711151,0.3650895753788274,-14.962038255720024,
CA3760511996620191006,2019,2016.0,-3.0,0.5624730477138814,0.3651665116374384,-14.606411054107818,
CA3756511912720180611,2018,2016.0,-2.0,0.5502165787692636,0.33477964450105435,-14.75591012317551,
CA3765211988120180713,2018,2016.0,-2.0,0.6252131837105477,0.458562700042941,-14.388635292646416,
CA3782611887220190726,2019,2016.0,-3.0,0.3640090269138589,0.13496419653074626,-17.493222104417992,
OR4440811838320160731,2016,2016.0,0.0,0.5119044655427665,0.23458241370025934,-17.174484411033273,
OR4428511846020190809,2019,2016.0,-3.0,0.6118633932723501,0.37630500710656484,-16.608379842889356,
CA4005312066920190904,2019,2016.0,-3.0,0.5638351185273408,0.35344553167209786,-16.26771115179788,
CA3837311989620170819,2017,2016.0,-1.0,0.6554220341655287,0.48608528965128633,-15.029923271582119,
NV3882011959620171003,2017,2016.0,-1.0,0.25227151009497645,0.13284637941228736,-17.850399273792654,
CA3834911992920180801,2018,2016.0,-2.0,0.6049044324075545,0.4109509475874605,-14.362241945009513,
CA3839611945120180904,2018,2016.0,-2.0,0.37576356979720765,0.16977729463191343,-17.276695314075347,
CA3872412014620191010,2019,2016.0,-3.0,0.6382203919557692,0.4535539431417048,-14.873362481474016,
CA3780912030120160926,2016,2016.0,0.0,0.5327956711576937,0.34568372906509687,-14.543185907265192,
CA3761912020720170716,2017,2016.0,-1.0,0.41293819223481226,0.23437246491470543,-15.938027579747056,
CA3812011994120170904,2017,2016.0,-1.0,0.6064989153305625,0.41465563910480585,-14.865741761434377,
CA3611312128920160604,2016,2016.0,0.0,0.23538593894234391,-0.19307647394413685,-18.292748297039516,
CA3606812023620170420,2017,2016.0,-1.0,0.16264599383909115,-0.07585523373716027,-27.189607990217244,
OR4407812030820160929,2016,2016.0,0.0,0.557848728688243,0.32546571553939585,-16.579629431126786,
OR4447912049720170909,2017,2016.0,-1.0,0.5790358165404929,0.3231524984354369,-16.27627166239698,
OR4504511946220190805,2019,2016.0,-3.0,0.5617125107883356,0.31696955769565177,-16.55937011695053,
OR4272312062320160817,2016,2016.0,0.0,0.23133211701767942,0.01410445844883029,-21.06320455923456,
OR4265012082720180815,2018,2016.0,-2.0,0.5008649733992496,0.2155650299875184,-16.510966395328104,
CA4130712105620170725,2017,2016.0,-1.0,0.4632677144992402,0.28114109971880824,-16.779832914475357,
CA4146612032120170803,2017,2016.0,-1.0,0.46794598957700334,0.27332749045174465,-16.605732877487384,
CA4128112031520160917,2016,2016.0,0.0,0.602566562819071,0.43082939240834767,-14.5123480920927,
CA4139512105720180815,2018,2016.0,-2.0,0.4038650692250425,0.19180325992093303,-17.525402063007053,
CA4036812080220160911,2016,2016.0,0.0,0.4528054199766799,0.22445041602088087,-16.955782494412443,
CA3990612097220170729,2017,2016.0,-1.0,0.7557829462107275,0.6334848117379975,-14.429621412052724,
CA4063012088020180727,2018,2016.0,-2.0,0.434513681883674,0.1722603814854389,-16.08466162604934,
CA3982012144020181108,2018,2016.0,-2.0,0.5895882155410643,0.44135350031054593,-15.925428884854313,
CA3895812085620160628,2016,2016.0,0.0,0.5668897382932815,0.3581912975960042,-13.95302446466674,
CA3946112141320170707,2017,2016.0,-1.0,0.4809973245748486,0.289835806296227,-14.906719538923587,
CA3839112224120171009,2017,2016.0,-1.0,0.5549164606712677,0.3714818899694988,-16.50473961914419,
CA3838712252020171009,2017,2016.0,-1.0,0.6330455704041589,0.4734828773681794,-16.0742642998087,
CA3957512131620170829,2017,2016.0,-1.0,0.7633944733756415,0.6378535417978821,-21.127352547545975,
CA3927312065620180903,2018,2016.0,-2.0,0.7191234159588736,0.5653927652584301,-13.867448583000263,
CA3710912184820160926,2016,2016.0,0.0,0.7178466544923499,0.5518038901692399,-14.656402890248277,
CA3646112190120160722,2016,2016.0,0.0,0.5193812912861494,0.2628405811568148,-15.255377206815043,
OR4448812148120160607,2016,2016.0,0.0,0.2686922141640788,-0.09003449846127538,-18.91420913169397,
OR4408412223820180819,2018,2016.0,-2.0,0.8559107761357321,0.7441528397991626,-14.299051416091144,
OR4470812185620170724,2017,2016.0,-1.0,0.8243630735309969,0.6923084294552205,-13.865497902806863,
OR4474912191520170811,2017,2016.0,-1.0,0.8353301758480147,0.7071242374529025,-14.48861971851325,
OR4400912217020170804,2017,2016.0,-1.0,0.8475065297586711,0.7230461639150616,-13.787811999220226,
OR4425712174320170811,2017,2016.0,-1.0,0.6346277576883201,0.43968789874107517,-16.199083031803738,
OR4410112190920170810,2017,2016.0,-1.0,0.7514931669409035,0.5753512333690303,-14.448314203407508,
OR4410112199420170810,2017,2016.0,-1.0,0.8612840779125972,0.7512978670076664,-13.238679795950707,
OR4412912209720170811,2017,2016.0,-1.0,0.8499643571070802,0.7260016993393946,-14.63756164650378,
OR4404612205520170810,2017,2016.0,-1.0,0.8405845711026539,0.7124155312042599,-13.874001122255683,
OR4292412221220160728,2016,2016.0,0.0,0.33753225523842495,0.001754702337695569,-16.86593519276175,
OR4279812231820170725,2017,2016.0,-1.0,0.602362780709096,0.35407999794282585,-15.764856857951004,
OR4254212214420170810,2017,2016.0,-1.0,0.6696480621803882,0.5119792642487879,-15.21210091937206,
OR4298012228220170729,2017,2016.0,-1.0,0.6000687198650009,0.3605293724973132,-15.222676801088031,
OR4311112241120170811,2017,2016.0,-1.0,0.7878736644740028,0.6500240303564172,-14.9545832063283,
OR4303712246520170809,2017,2016.0,-1.0,0.7628049082788585,0.6069178293949745,-14.301102172706889,
OR4294112254720170808,2017,2016.0,-1.0,0.8219399755667368,0.686324918202091,-14.381847517601948,
OR4309112272520170810,2017,2016.0,-1.0,0.7931041013137613,0.6169079248080624,-14.719084909361973,
OR4318212230620170809,2017,2016.0,-1.0,0.8199518571891128,0.6920056343673521,-14.33902112400409,
OR4340212236220170810,2017,2016.0,-1.0,0.8158543622321275,0.6757901073883957,-15.37909791708991,
OR4320912249720170811,2017,2016.0,-1.0,0.8341536289945075,0.7128237403497885,-14.448433527969435,
OR4330612262220170812,2017,2016.0,-1.0,0.823706697519584,0.6813981894314021,-14.60861828890725,
OR4331112282720170810,2017,2016.0,-1.0,0.8716717924908792,0.7519237669885278,-14.433700072129215,
OR4375212142520170829,2017,2016.0,-1.0,0.5630738869169699,0.3208395509553733,-15.867539753015665,
OR4258012299020180822,2018,2016.0,-2.0,0.7890147191697983,0.6452792837844626,-15.11415879265812,
OR4307312203920180715,2018,2016.0,-2.0,0.5583195237033773,0.3012994305542013,-15.987096334764585,
OR4275312292520180715,2018,2016.0,-2.0,0.7901254341755968,0.6405569755427415,-14.577464726321528,
OR4293812266120180715,2018,2016.0,-2.0,0.8378554136993087,0.7070310627754708,-14.601565735391938,
OR4282612280720180716,2018,2016.0,-2.0,0.7942987811964084,0.6339335969348757,-14.531904194031537,
CA4143512316220170626,2017,2016.0,-1.0,0.6905904840954854,0.4905573644043293,-13.45108092886306,
OR4209912285420180715,2018,2016.0,-2.0,0.7844231639085658,0.6433433360189983,-14.870312956120719,
CA4186612267020190905,2019,2016.0,-3.0,0.5242385015577857,0.24514736470014878,-9.696302629646391,
CA4018412336320170808,2017,2016.0,-1.0,0.6900319061911375,0.5048096389461543,-14.575922280626157,
CA4011512332020170808,2017,2016.0,-1.0,0.6153029603824325,0.4366300560434452,-14.353535935552884,
CA4077112312420170831,2017,2016.0,-1.0,0.712481701659682,0.5089358638683154,-13.37869368029087,
CA4083912297820170808,2017,2016.0,-1.0,0.7554866308115196,0.5979217026468979,-11.676510347170018,
CA4022812303620170913,2017,2016.0,-1.0,0.6964938150668598,0.5219117798699665,-13.721706917683708,
CA4010912278920190905,2019,2016.0,-3.0,0.6026523558898915,0.3710355828376743,-14.4792803632036,
CA4088712301420190905,2019,2016.0,-3.0,0.7331434929133142,0.5558466342461831,-10.17681190537623,
CA4061612352420180904,2018,2016.0,-2.0,0.795981240402934,0.6839997829704767,-15.680749108981399,
CA4089112222820180809,2018,2016.0,-2.0,0.7978429087594154,0.6621778708804816,-14.32822470844586,
CA4094312242720180905,2018,2016.0,-2.0,0.734801571919685,0.5922407423754124,-14.29718511975884,
OR4517811742720190728,2019,2017.0,-2.0,0.5479436533489851,0.3296413466153329,-15.406790789365255,
OR4563012190420170902,2017,2017.0,0.0,0.8569110457445083,0.7308884386397112,-14.77386449107546,
ID4540111652720170908,2017,2017.0,0.0,0.5718194993954478,0.34104274406166185,-16.06965005670688,
OR4540011770020161024,2016,2017.0,1.0,0.5005988212242437,0.2836729048679386,-15.739636139157758,
ID4554811595020170801,2017,2017.0,0.0,0.5610278247267879,0.32700010951935693,-14.243491811053472,
ID4431311660320161007,2016,2017.0,1.0,0.2126524850596619,0.04660011087589576,-22.12251855506399,
ID4489011641020160503,2016,2017.0,1.0,0.6185998744927054,0.43005254386317615,-16.557286561400158,
WA4610611995920180908,2018,2017.0,-1.0,0.22239103457316817,0.06996714802131308,-25.27067216493455,
ID4601011688120170715,2017,2017.0,0.0,0.20698182331115483,-0.12451606325374488,-20.054559783278087,
WA4567012103420180801,2018,2017.0,-1.0,0.25626107545819216,0.13838883358931608,-21.563766368455425,
ID4544811630920160818,2016,2017.0,1.0,0.2828805511443676,0.13847056371233687,-17.86044570238758,
OR4560011651620170711,2017,2017.0,0.0,0.19792043802523815,-0.13828872595686614,-18.5617068374602,
OR4597411899820180729,2018,2017.0,-1.0,0.2398523393422402,0.07917488733898408,-23.550561800345942,
WA4597011911020180622,2018,2017.0,-1.0,0.2466294069029433,0.12103967740999541,-23.03786569449153,
OR4548011857620180810,2018,2017.0,-1.0,0.2633997306569573,0.14350799424001628,-20.601084021591753,
ID4603311692920180809,2018,2017.0,-1.0,0.25182461151565577,0.09967825176849487,-19.153125573906173,
ID4603611671720170715,2017,2017.0,0.0,0.2401263458812156,-0.09536299355936186,-19.105437705983206,
ID4458311709720180915,2018,2017.0,-1.0,0.293471664379001,0.2035628690978176,-20.018180652385638,
ID4490011637920180515,2018,2017.0,-1.0,0.6912668859917395,0.5231553522548495,-16.133892457362894,
OR4531411905220180816,2018,2017.0,-1.0,0.23882227867785993,0.034795938901304634,-22.183184216149463,
ID4427411715120180716,2018,2017.0,-1.0,0.20736329682794555,0.02137210677031034,-21.383408660258336,
OR4443511721920170803,2017,2017.0,0.0,0.19582980707708542,-0.0669909995060103,-18.709382292493856,
ID4447411719020180725,2018,2017.0,-1.0,0.21595924641245406,0.05815477444303479,-19.376635718069064,
OR4562412106720160701,2016,2017.0,1.0,0.27930456329878384,0.19182311010037684,-22.417789033289775,
ID4533411639120180723,2018,2017.0,-1.0,0.6903993998754243,0.48547973394739397,-14.956664901114676,
OR4596611865220190731,2019,2017.0,-2.0,0.2284857445850459,0.11492009332410903,-22.97059723212308,
ID4451711685020180725,2018,2017.0,-1.0,0.2756845521529886,0.09977238315869516,-20.567609422828276,
ID4467611644820180726,2018,2017.0,-1.0,0.42235200007243695,0.262523805312795,-18.624410612430967,
OR4511811697520181030,2018,2017.0,-1.0,0.5721985516627855,0.2937736043499636,-15.741480187956016,
OR4576011699020161024,2016,2017.0,1.0,0.5418922159434338,0.32502264766229694,-16.85833217613125,
ID4253511698720170918,2017,2017.0,0.0,0.2853695557462843,0.019466748802087624,-20.27041137817089,
ID4248911688820190828,2019,2017.0,-2.0,0.44924638232054015,0.18227927660439636,-17.70237148121863,
OR4462111846220170616,2017,2017.0,0.0,0.500276017388417,0.19564422073947263,-17.17624441873813,
OR4414911858320190930,2019,2017.0,-2.0,0.5023226598472557,0.217820816423961,-17.751205548108185,
OR4372011979020160515,2016,2017.0,1.0,0.4450275180524535,0.1797257951503509,-17.683580716997334,
OR4372111979120170504,2017,2017.0,0.0,0.3912222095746066,0.10151660609740547,-17.517730305148284,
CA4137212197020190922,2019,2017.0,-2.0,0.5419397268271914,0.31006132091832245,-17.017102137182338,
OR4265012175420190503,2019,2017.0,-2.0,0.4603170872301801,0.19407254991832842,-17.73264979509568,
OR4304512197320190915,2019,2017.0,-2.0,0.5394140009786129,0.26914673176018467,-16.8769531018266,
CA4119012308020171102,2017,2017.0,0.0,0.7185950470767323,0.5495687368413987,-13.716220469925087,
OR4396011847820161001,2016,2017.0,1.0,0.28846682419327807,-0.010448100181005652,-20.245298395911632,
OR4417011845020160926,2016,2017.0,1.0,0.5047611649856036,0.17516621394402704,-16.96358016725916,
OR4305111881420170401,2017,2017.0,0.0,0.6163274907902963,0.5049030381365824,-20.586633158587713,
CA3719112078820191002,2019,2017.0,-2.0,0.3819820615974195,0.2936209830226604,-20.34567878735216,
OR4441112073920191031,2019,2017.0,-2.0,0.43411278270111775,0.21231959180527804,-16.813169018374367,
OR4442412039420190903,2019,2017.0,-2.0,0.5690943441816214,0.342933546516655,-17.006351757651064,
OR4382511970020181020,2018,2017.0,-1.0,0.46463935033558956,0.20608723026721554,-17.768934587204242,
OR4359512099520190923,2019,2017.0,-2.0,0.4248088690659451,0.13500566213156878,-18.205912927389566,
CA4179612108320170813,2017,2017.0,0.0,0.1787943713640046,-0.013570781562781886,-22.828575200602387,
OR4473012140020160415,2016,2017.0,1.0,0.42053186224212297,0.16073036487068076,-18.385713496554814,
CA4077412213620180201,2018,2017.0,-1.0,0.6869689762795556,0.5226790997235308,-14.148045986484282,
CA4192012170520180516,2018,2017.0,-1.0,0.582682648996044,0.4879207712011151,-18.115811486074076,
OR4287611889620190315,2019,2017.0,-2.0,0.5939207374451038,0.4884407733194658,-21.546985917183235,
OR4383111898220190520,2019,2017.0,-2.0,0.4518188181444994,0.172768515114843,-18.86897753069196,
OR4421611929720181025,2018,2017.0,-1.0,0.622665075620631,0.3938179457055915,-18.077216884707333,
OR4261612132420180510,2018,2017.0,-1.0,0.44450335711761807,0.1532351377992986,-18.525045692514354,
OR4441412049420180508,2018,2017.0,-1.0,0.5639511575015764,0.348832320461493,-16.565215007224737,
CA4193212150720180221,2018,2017.0,-1.0,0.5031241175680315,0.27891151888017146,-18.122392799598316,
OR4463911860120181026,2018,2017.0,-1.0,0.5691301137679673,0.32453738902622997,-17.09779574432823,
CA3759811955420160626,2016,2017.0,1.0,0.46839000567567385,0.23767469366545238,-14.520473014186495,
CA3755212015420190901,2019,2017.0,-2.0,0.31935228901813956,-0.020371312664285074,-16.963002318434942,
CA3641011873720181004,2018,2017.0,-1.0,0.7123418080368739,0.5462921631121281,-14.499804686753027,
ID4273611666120160929,2016,2017.0,1.0,0.24310726693524087,-0.12303669916669961,-22.219093068152798,
CA3744911965020170829,2017,2017.0,0.0,0.6815624200747156,0.5286951356222788,-14.144674732589769,
CA3721711946920170903,2017,2017.0,0.0,0.6080939109595579,0.44874471890969236,-14.738409444977998,
CA3700411949520160730,2016,2017.0,1.0,0.33434422634149735,0.15657490817623426,-17.040296202847713,
CA3779911892220160804,2016,2017.0,1.0,0.2663333628707883,-0.0086731453120736,-19.29583039693106,
CA3778011892120160917,2016,2017.0,1.0,0.24755857466870648,-0.04437442806674762,-20.611963153263577,
CA3753811959820170813,2017,2017.0,0.0,0.5733026003647478,0.3759183570376028,-14.29585091149636,
CA3764411961820170801,2017,2017.0,0.0,0.5517821226630574,0.31364722576012516,-15.0663005864323,
CA3760511996620191006,2019,2017.0,-2.0,0.5743875381234034,0.3758596783318394,-15.386253607939711,
CA3756511912720180611,2018,2017.0,-1.0,0.534009244214906,0.33701988038600766,-14.847122720156504,
CA3765211988120180713,2018,2017.0,-1.0,0.6323739840117334,0.4616600703529496,-14.770576989942846,
CA3782611887220190726,2019,2017.0,-2.0,0.37780248890774104,0.13722611426765177,-17.893342250868077,
OR4440811838320160731,2016,2017.0,1.0,0.3876285092896831,0.005640169110281345,-17.909286472903382,
OR4428511846020190809,2019,2017.0,-2.0,0.6258748235585302,0.38415405716205664,-15.489053715088533,
CA4005312066920190904,2019,2017.0,-2.0,0.5847191571260808,0.38189381239713255,-16.41895443332098,
CA3837311989620170819,2017,2017.0,0.0,0.6350805589444528,0.45545146707781353,-14.783867308767434,
NV3882011959620171003,2017,2017.0,0.0,0.21658958244993162,0.03366713620374763,-19.224249271556836,
CA3834911992920180801,2018,2017.0,-1.0,0.5977017593352509,0.40078452426027533,-15.108363996450581,
CA3839611945120180904,2018,2017.0,-1.0,0.40437743360496375,0.18245476727562412,-16.916600984550342,
CA3872412014620191010,2019,2017.0,-2.0,0.6291344701021302,0.4348465903304611,-15.46282875773107,
CA3780912030120160926,2016,2017.0,1.0,0.35737110917865267,0.07275338088713075,-16.147082854268348,
CA3761912020720170716,2017,2017.0,0.0,0.2702550637652283,-0.06428885599143713,-17.068164861187025,
CA3812011994120170904,2017,2017.0,0.0,0.5849661660849641,0.39799264267472023,-15.25846745740028,
CA3611312128920160604,2016,2017.0,1.0,0.35682973238049553,0.07683250150359662,-18.112814555708116,
CA3606812023620170420,2017,2017.0,0.0,0.16261501965715408,-0.14438889193576165,-27.499189847516462,
OR4407812030820160929,2016,2017.0,1.0,0.40596198841472936,0.11208003039743004,-17.814048850639914,
OR4447912049720170909,2017,2017.0,0.0,0.5596045503068882,0.3157603259154134,-16.417955430245556,
OR4504511946220190805,2019,2017.0,-2.0,0.5611853474814519,0.34108090050341433,-16.521154370334457,
OR4272312062320160817,2016,2017.0,1.0,0.19593920611876306,-0.08397786491324737,-20.456074183901396,
OR4265012082720180815,2018,2017.0,-1.0,0.5072705867880721,0.23608256757277202,-16.437887285888063,
CA4130712105620170725,2017,2017.0,0.0,0.4166005606096604,0.20253958786129855,-17.318667288785516,
CA4146612032120170803,2017,2017.0,0.0,0.430534621587932,0.223547414858037,-16.805589931377327,
CA4128112031520160917,2016,2017.0,1.0,0.47163399464482736,0.21671815098967004,-15.911229151419226,
CA4139512105720180815,2018,2017.0,-1.0,0.40614789930154716,0.1850192695543432,-17.61871876395421,
CA4036812080220160911,2016,2017.0,1.0,0.27081357114660987,-0.006659824855319063,-18.90092651138502,
CA3990612097220170729,2017,2017.0,0.0,0.6218966298529218,0.4469251650802423,-14.384008946608672,
CA4063012088020180727,2018,2017.0,-1.0,0.4451244366051233,0.177332214602616,-16.350928773543433,
CA3982012144020181108,2018,2017.0,-1.0,0.5948260512518859,0.45971888175103565,-16.286951147371493,
CA3895812085620160628,2016,2017.0,1.0,0.5604594973930087,0.2992063236099492,-15.272682897804312,
CA3946112141320170707,2017,2017.0,0.0,0.2945661428824873,-0.009225450493781262,-16.189941812809398,
CA3839112224120171009,2017,2017.0,0.0,0.560683581282901,0.38799729002101024,-16.4814391517204,
CA3838712252020171009,2017,2017.0,0.0,0.6406567707610364,0.4801187056317352,-16.024812305031684,
CA3957512131620170829,2017,2017.0,0.0,0.7553884927702995,0.6334195062731636,-19.8814303174164,
CA3927312065620180903,2018,2017.0,-1.0,0.7178764971697518,0.5640422566137739,-14.666284208122722,
CA3710912184820160926,2016,2017.0,1.0,0.4869276877351455,0.17341369541660426,-15.875604470495071,
CA3646112190120160722,2016,2017.0,1.0,0.5140061244350744,0.24488531106402311,-15.432832241144506,
OR4448812148120160607,2016,2017.0,1.0,0.3098579573962295,-0.022876607364795385,-18.85649382927174,
OR4408412223820180819,2018,2017.0,-1.0,0.8530918916213762,0.756283601132871,-14.595151891001697,
OR4470812185620170724,2017,2017.0,0.0,0.7735833144504533,0.6569035532660392,-15.278414542260863,
OR4474912191520170811,2017,2017.0,0.0,0.8179431718347883,0.7047419595152228,-14.895469690806216,
OR4400912217020170804,2017,2017.0,0.0,0.835491158426877,0.7251118229334387,-14.9919501458875,
OR4425712174320170811,2017,2017.0,0.0,0.631687456992716,0.42080552604625915,-16.03361112502287,
OR4410112190920170810,2017,2017.0,0.0,0.7297574154002917,0.5744905228185453,-15.423967792597695,
OR4410112199420170810,2017,2017.0,0.0,0.8537086169979368,0.7552723852778467,-14.618477097566602,
OR4412912209720170811,2017,2017.0,0.0,0.840706658514563,0.7298164540518826,-14.601919892173507,
OR4404612205520170810,2017,2017.0,0.0,0.8219521499867473,0.7113074602957334,-14.573583362637152,
OR4292412221220160728,2016,2017.0,1.0,0.35712547900010494,-0.026300282524155477,-18.8292669782008,
OR4279812231820170725,2017,2017.0,0.0,0.562202842884907,0.3294477622040568,-15.893970915649518,
OR4254212214420170810,2017,2017.0,0.0,0.6543428578507446,0.49224435475584555,-14.942692805694733,
OR4298012228220170729,2017,2017.0,0.0,0.5209521974218962,0.2900246467950858,-15.879248971643216,
OR4311112241120170811,2017,2017.0,0.0,0.7626781154494001,0.6394279126638467,-14.533585830010642,
OR4303712246520170809,2017,2017.0,0.0,0.7448353713314527,0.5969521821963093,-14.408323222449042,
OR4294112254720170808,2017,2017.0,0.0,0.8059138992579166,0.6840473560566491,-14.368996613769445,
OR4309112272520170810,2017,2017.0,0.0,0.7846823311903893,0.6321536612077645,-14.950528690744374,
OR4318212230620170809,2017,2017.0,0.0,0.7919926013746376,0.6792374094045929,-14.764156994559977,
OR4340212236220170810,2017,2017.0,0.0,0.7972385163778919,0.6590957436478821,-14.450245838734917,
OR4320912249720170811,2017,2017.0,0.0,0.8143652199931988,0.7105104812542552,-14.71172094287941,
OR4330612262220170812,2017,2017.0,0.0,0.8098745733874302,0.6882842723663948,-14.697215054252025,
OR4331112282720170810,2017,2017.0,0.0,0.8662666430264085,0.7595578383498113,-14.905731717009722,
OR4375212142520170829,2017,2017.0,0.0,0.5297116699723929,0.26771870336520165,-16.764731325658914,
OR4258012299020180822,2018,2017.0,-1.0,0.7907038021242786,0.6586504391209217,-15.360462107801295,
OR4307312203920180715,2018,2017.0,-1.0,0.5609756233408292,0.2897265032815872,-16.759779043014507,
OR4275312292520180715,2018,2017.0,-1.0,0.783771041069708,0.6450451927308899,-14.73921137689742,
OR4293812266120180715,2018,2017.0,-1.0,0.8278880300649524,0.7161830163394579,-14.910499154306546,
OR4282612280720180716,2018,2017.0,-1.0,0.802798977646134,0.6629698344097791,-14.65480530007152,
CA4143512316220170626,2017,2017.0,0.0,0.6726617013872124,0.4784494936504329,-13.861716784400107,
OR4209912285420180715,2018,2017.0,-1.0,0.7905233921983191,0.6606799430412186,-14.63850663316658,
CA4186612267020190905,2019,2017.0,-2.0,0.5363431867856081,0.28640619779701143,-12.750289457729178,
CA4018412336320170808,2017,2017.0,0.0,0.6594941456424971,0.47598515417185283,-15.869201631513462,
CA4011512332020170808,2017,2017.0,0.0,0.5961547152466349,0.41772395697078557,-16.482297354938407,
CA4077112312420170831,2017,2017.0,0.0,0.7009413098365241,0.5142076845625241,-14.337599021073757,
CA4083912297820170808,2017,2017.0,0.0,0.745726958224364,0.5844298793070174,-14.580102092753869,
CA4022812303620170913,2017,2017.0,0.0,0.7052791440685175,0.5299825317938001,-14.94672840946115,
CA4010912278920190905,2019,2017.0,-2.0,0.6182184739016406,0.40417291009925854,-14.280802230882037,
CA4088712301420190905,2019,2017.0,-2.0,0.7318149435317789,0.5587486855067944,-15.049714155255078,
CA4061612352420180904,2018,2017.0,-1.0,0.7983241598614227,0.6903938646985978,-14.26253524147507,
CA4089112222820180809,2018,2017.0,-1.0,0.799041315400849,0.6658507347073955,-14.270166228121274,
CA4094312242720180905,2018,2017.0,-1.0,0.7307919347303411,0.5915653145232698,-14.581373504840279,
OR4517811742720190728,2019,2018.0,-1.0,0.5519609883049889,0.3310232984500584,-15.601855135950593,
OR4563012190420170902,2017,2018.0,1.0,0.5450045869696448,0.25226130552503084,-16.012086407424867,
ID4540111652720170908,2017,2018.0,1.0,0.4907032009135849,0.22545742720538595,-16.845220571324187,
OR4540011770020161024,2016,2018.0,2.0,0.5416658789058613,0.33504417608906567,-16.668171833802337,
ID4554811595020170801,2017,2018.0,1.0,0.48546286641860137,0.15719216788033394,-15.494468569569824,
ID4431311660320161007,2016,2018.0,2.0,0.19667120882480882,-0.043301527656237924,-23.234847728102316,
ID4489011641020160503,2016,2018.0,2.0,0.6263773520164949,0.44037195058446804,-16.92518074356404,
WA4610611995920180908,2018,2018.0,0.0,0.17587877090629161,-0.08251001056409345,-28.711487264161857,
ID4601011688120170715,2017,2018.0,1.0,0.2798365269388608,0.1011382875221851,-20.82470219888937,
WA4567012103420180801,2018,2018.0,0.0,0.19795722384602843,-0.19031377860162615,-24.820882577395377,
ID4544811630920160818,2016,2018.0,2.0,0.2847884792770229,0.12228457663613004,-18.28833561057883,
OR4560011651620170711,2017,2018.0,1.0,0.267287427787301,0.07017959175306807,-19.372292426343616,
OR4597411899820180729,2018,2018.0,0.0,0.19152925874431712,-0.054477933901758785,-26.828731029943135,
WA4597011911020180622,2018,2018.0,0.0,0.18068450336827688,-0.24393779910335534,-26.233132208234053,
OR4548011857620180810,2018,2018.0,0.0,0.24596100991502287,0.08378069505485164,-22.154978581506846,
ID4603311692920180809,2018,2018.0,0.0,0.24379078072048246,-0.002867226124572607,-20.214840657279964,
ID4603611671720170715,2017,2018.0,1.0,0.3235857361890881,0.14838446181535864,-19.773657934740402,
ID4458311709720180915,2018,2018.0,0.0,0.2580261339813212,0.11346891343792133,-21.295914660037894,
ID4490011637920180515,2018,2018.0,0.0,0.6629477755169467,0.4641698123686873,-16.59901159343296,
OR4531411905220180816,2018,2018.0,0.0,0.21339917729417285,-0.0033341967343654996,-23.511945012145954,
ID4427411715120180716,2018,2018.0,0.0,0.170849275412496,-0.12685365339590887,-24.783717136373877,
OR4443511721920170803,2017,2018.0,1.0,0.2037355249867403,9.624452365944644E-4,-19.91655873307926,
ID4447411719020180725,2018,2018.0,0.0,0.18131523290234444,-0.09412763288900308,-21.041686654712773,
OR4562412106720160701,2016,2018.0,2.0,0.22357557487512422,0.15897589119532876,-25.17953894191898,
ID4533411639120180723,2018,2018.0,0.0,0.5752068997532358,0.35261948797733,-15.599391481441533,
OR4596611865220190731,2019,2018.0,-1.0,0.1988530117958811,0.04204777792764414,-25.616989621272946,
ID4451711685020180725,2018,2018.0,0.0,0.2153613767457215,-0.16176916944123623,-21.984219645362042,
ID4467611644820180726,2018,2018.0,0.0,0.3071064448528369,0.01914879032961926,-20.15962642913604,
OR4511811697520181030,2018,2018.0,0.0,0.5834242958708452,0.30416314814917333,-16.097191503598424,
OR4576011699020161024,2016,2018.0,2.0,0.5411329066395882,0.3381670073534238,-17.39785240647273,
ID4253511698720170918,2017,2018.0,1.0,0.25225721671542517,-0.049453492423013674,-22.354435226831555,
ID4248911688820190828,2019,2018.0,-1.0,0.40716989597221265,0.13640853607518716,-18.44671456477591,
OR4462111846220170616,2017,2018.0,1.0,0.5270546624878486,0.24122844136769334,-17.93078923898225,
OR4414911858320190930,2019,2018.0,-1.0,0.5142788893497504,0.22600788213605788,-18.304718072763247,
OR4372011979020160515,2016,2018.0,2.0,0.47146886771682395,0.2292435074157992,-17.92410345847157,
OR4372111979120170504,2017,2018.0,1.0,0.4135791135260701,0.15867198353765374,-18.20801378179503,
CA4137212197020190922,2019,2018.0,-1.0,0.5026968463191015,0.26866260418968496,-17.82443442067993,
OR4265012175420190503,2019,2018.0,-1.0,0.4642276021679503,0.21580852574090248,-18.016214139354506,
OR4304512197320190915,2019,2018.0,-1.0,0.5268064693646217,0.2786625705590789,-17.327185761603765,
CA4119012308020171102,2017,2018.0,1.0,0.6767340470081622,0.4844421885784788,-14.188473749464913,
OR4396011847820161001,2016,2018.0,2.0,0.2837717629339528,0.02130611275356033,-21.151587836552412,
OR4417011845020160926,2016,2018.0,2.0,0.5011584509956796,0.21201767462659377,-17.442322533755828,
OR4305111881420170401,2017,2018.0,1.0,0.5627325028213298,0.4127799290497101,-23.8429678242184,
CA3719112078820191002,2019,2018.0,-1.0,0.3827291225328221,0.2780547416053466,-22.417388417585574,
OR4441112073920191031,2019,2018.0,-1.0,0.4289868786028467,0.21084743853640547,-17.679598075244762,
OR4442412039420190903,2019,2018.0,-1.0,0.5798840018655851,0.35599697862998364,-17.486521736206765,
OR4382511970020181020,2018,2018.0,0.0,0.4747115027062675,0.22965833969206523,-18.28980031746077,
OR4359512099520190923,2019,2018.0,-1.0,0.4036605744441174,0.11060699241642874,-18.896920645366176,
CA4179612108320170813,2017,2018.0,1.0,0.17730698911171075,0.04321107218855476,-24.014632808385105,
OR4473012140020160415,2016,2018.0,2.0,0.41226392837694137,0.16037244318809427,-19.205108491520424,
CA4077412213620180201,2018,2018.0,0.0,0.6278861794111333,0.43872496715601916,-14.673344976808378,
CA4192012170520180516,2018,2018.0,0.0,0.552884883491716,0.5164323101890432,-23.352242661347397,
OR4287611889620190315,2019,2018.0,-1.0,0.5202131249375022,0.35477458019292246,-24.393000971636784,
OR4383111898220190520,2019,2018.0,-1.0,0.45831340369159057,0.17620885106385925,-19.344932372733325,
OR4421611929720181025,2018,2018.0,0.0,0.6259725687976352,0.3989371801455554,-17.197685354841056,
OR4261612132420180510,2018,2018.0,0.0,0.3936536145840184,0.028224366550307314,-19.39452788378641,
OR4441412049420180508,2018,2018.0,0.0,0.5547403396058568,0.28026999501592437,-17.113865003438875,
CA4193212150720180221,2018,2018.0,0.0,0.5717366619317213,0.6299353957636754,-18.194722168330436,
OR4463911860120181026,2018,2018.0,0.0,0.5648613224380065,0.3374747656519232,-17.661253927234995,
CA3759811955420160626,2016,2018.0,2.0,0.44990394812240936,0.2142119798749406,-15.343155760093936,
CA3755212015420190901,2019,2018.0,-1.0,0.31974660948866396,0.1602182205822491,-17.726791713218844,
CA3641011873720181004,2018,2018.0,0.0,0.7107646842036611,0.5469859616765116,-15.117018354614581,
ID4273611666120160929,2016,2018.0,2.0,0.23630591809882986,-0.04128356912504271,-22.617571499424297,
CA3744911965020170829,2017,2018.0,1.0,0.43097762533026307,0.13880714850499837,-16.47903804378268,
CA3721711946920170903,2017,2018.0,1.0,0.38125769395517983,0.07202258850545849,-16.92880666949839,
CA3700411949520160730,2016,2018.0,2.0,0.33893004882546623,0.1265383537680776,-17.379323139131372,
CA3779911892220160804,2016,2018.0,2.0,0.3076767829497694,0.08115635599544853,-19.896813443090572,
CA3778011892120160917,2016,2018.0,2.0,0.26677866500947617,0.03255219075590491,-21.8624213814717,
CA3753811959820170813,2017,2018.0,1.0,0.4285035411748953,0.16280875079356025,-15.613908711945367,
CA3764411961820170801,2017,2018.0,1.0,0.4254451723070254,0.13179329937420667,-16.673275160822467,
CA3760511996620191006,2019,2018.0,-1.0,0.5551043992582697,0.37272735954422337,-15.242255520298638,
CA3756511912720180611,2018,2018.0,0.0,0.445388716461931,0.1964298566620065,-15.312697246274917,
CA3765211988120180713,2018,2018.0,0.0,0.3902074268475719,0.20986079958109655,-15.179067369912074,
CA3782611887220190726,2019,2018.0,-1.0,0.3817974231912935,0.16734083047695286,-18.33862667758246,
OR4440811838320160731,2016,2018.0,2.0,0.44351088262511074,0.1301122100751076,-18.3057306129932,
OR4428511846020190809,2019,2018.0,-1.0,0.6283018340081996,0.38915315810411255,-15.791081135474462,
CA4005312066920190904,2019,2018.0,-1.0,0.585922300938208,0.3843204383955294,-16.763009838314204,
CA3837311989620170819,2017,2018.0,1.0,0.36977772654402463,0.06579411776497114,-16.53924143407157,
NV3882011959620171003,2017,2018.0,1.0,0.2263475220186267,0.01718111634606387,-19.520301247191057,
CA3834911992920180801,2018,2018.0,0.0,0.5157707030458644,0.300615513332409,-15.626154268758622,
CA3839611945120180904,2018,2018.0,0.0,0.38447616277474805,0.1456431924219733,-18.14043262787757,
CA3872412014620191010,2019,2018.0,-1.0,0.6085220117470289,0.4231250610435544,-15.601935113484993,
CA3780912030120160926,2016,2018.0,2.0,0.4065489270884422,0.18724258272881494,-16.409330206564803,
CA3761912020720170716,2017,2018.0,1.0,0.3028935658761005,0.08760666295478937,-18.00137159538488,
CA3812011994120170904,2017,2018.0,1.0,0.5380013184087283,0.32219038583134024,-15.652716382726014,
CA3611312128920160604,2016,2018.0,2.0,0.3764250277934324,0.11849965103571349,-17.9785755714164,
CA3606812023620170420,2017,2018.0,1.0,0.21404387363704538,0.031143606762170973,-30.278789320956975,
OR4407812030820160929,2016,2018.0,2.0,0.4071107114385121,0.11743332897229138,-18.52078196101654,
OR4447912049720170909,2017,2018.0,1.0,0.45031093019877894,0.12014300971295859,-18.051541518628103,
OR4504511946220190805,2019,2018.0,-1.0,0.5370783316540728,0.33453707148119416,-17.170168195359,
OR4272312062320160817,2016,2018.0,2.0,0.24183642623485385,0.11537141676797687,-19.69746582613913,
OR4265012082720180815,2018,2018.0,0.0,0.47845637730697244,0.2105035287577773,-16.91951526591939,
CA4130712105620170725,2017,2018.0,1.0,0.2832739218757045,0.07657694878436547,-18.639973710092242,
CA4146612032120170803,2017,2018.0,1.0,0.33325751860959313,0.08020092836521377,-18.61956561600429,
CA4128112031520160917,2016,2018.0,2.0,0.45918615756685277,0.2324266109562292,-16.501518826848503,
CA4139512105720180815,2018,2018.0,0.0,0.3808940647960236,0.18120334985577752,-18.147805782447975,
CA4036812080220160911,2016,2018.0,2.0,0.27089597027982093,0.017736467639989657,-19.677493775809683,
CA3990612097220170729,2017,2018.0,1.0,0.5196392094791732,0.2906769453538745,-15.71625513400462,
CA4063012088020180727,2018,2018.0,0.0,0.26158412951170074,-0.047683741035605465,-16.668346153818483,
CA3982012144020181108,2018,2018.0,0.0,0.5960232571802139,0.47442049895333666,-16.36282383844575,
CA3895812085620160628,2016,2018.0,2.0,0.6003930418961747,0.3940996811004383,-15.365556707850244,
CA3946112141320170707,2017,2018.0,1.0,0.3378937931199985,0.1381193950793282,-16.821107952563896,
CA3839112224120171009,2017,2018.0,1.0,0.4155972713171679,0.21256693201392907,-18.282592324526846,
CA3838712252020171009,2017,2018.0,1.0,0.4893544144668834,0.2773096603832072,-17.14606003437843,
CA3957512131620170829,2017,2018.0,1.0,0.4272340753650031,0.14459008013839172,-17.20116161450238,
CA3927312065620180903,2018,2018.0,0.0,0.6974234060128842,0.5559177301564462,-14.744859961012098,
CA3710912184820160926,2016,2018.0,2.0,0.5553314016183359,0.3389894686936373,-14.814290670363066,
CA3646112190120160722,2016,2018.0,2.0,0.5660612686848648,0.33877449320815217,-15.731607845771022,
OR4448812148120160607,2016,2018.0,2.0,0.37435937054747126,0.09448184084058635,-18.90347255672726,
OR4408412223820180819,2018,2018.0,0.0,0.8547147456232727,0.7522655621974565,-14.887352447224561,
OR4470812185620170724,2017,2018.0,1.0,0.5339649957127589,0.22426572243563778,-16.38813257373545,
OR4474912191520170811,2017,2018.0,1.0,0.6191250391314536,0.37952138647845,-15.588686487983251,
OR4400912217020170804,2017,2018.0,1.0,0.7318857128686377,0.5589454529000885,-15.639814065078529,
OR4425712174320170811,2017,2018.0,1.0,0.3676375695040906,0.06886436523326148,-18.800721422428875,
OR4410112190920170810,2017,2018.0,1.0,0.4219423516135505,0.04925201825309068,-17.657668704921306,
OR4410112199420170810,2017,2018.0,1.0,0.7720336685648865,0.6182506389389643,-15.219366955595364,
OR4412912209720170811,2017,2018.0,1.0,0.7164269587774331,0.5247820399379224,-15.62080756872529,
OR4404612205520170810,2017,2018.0,1.0,0.6762535062333077,0.4722889023377199,-15.804606984932128,
OR4292412221220160728,2016,2018.0,2.0,0.37726240299817665,-0.012434375416356995,-19.60276514658387,
OR4279812231820170725,2017,2018.0,1.0,0.3686112789928607,0.02378747249334255,-17.764084673777784,
OR4254212214420170810,2017,2018.0,1.0,0.46150230035788803,0.20985769622275458,-16.087121072271703,
OR4298012228220170729,2017,2018.0,1.0,0.3620476116026129,-0.02190183742537082,-18.727613040350455,
OR4311112241120170811,2017,2018.0,1.0,0.6516794349809856,0.4606458693658775,-15.115403558641999,
OR4303712246520170809,2017,2018.0,1.0,0.5896546097124712,0.36793747924467735,-15.524763958776386,
OR4294112254720170808,2017,2018.0,1.0,0.6192044347730973,0.4127986178543394,-15.282044846956207,
OR4309112272520170810,2017,2018.0,1.0,0.6655266742200274,0.4184555873398322,-15.775407058180464,
OR4318212230620170809,2017,2018.0,1.0,0.6813022396938712,0.4955961929144212,-15.48519472214765,
OR4340212236220170810,2017,2018.0,1.0,0.5970829424815075,0.33230393459631263,-15.216218174184412,
OR4320912249720170811,2017,2018.0,1.0,0.6756640971234231,0.46889648314087473,-15.387811113916795,
OR4330612262220170812,2017,2018.0,1.0,0.6927234576902954,0.48835714981402917,-15.241900223705297,
OR4331112282720170810,2017,2018.0,1.0,0.7723639748905992,0.6165632865631772,-15.590374477806407,
OR4375212142520170829,2017,2018.0,1.0,0.256711368673531,-0.11039375761293074,-20.797030686728295,
OR4258012299020180822,2018,2018.0,0.0,0.7796079545346543,0.6455380124031449,-15.849852154432734,
OR4307312203920180715,2018,2018.0,0.0,0.4377354461692722,0.1575492237901382,-16.603192972052884,
OR4275312292520180715,2018,2018.0,0.0,0.6163035627133813,0.46024228972289655,-15.038564546640801,
OR4293812266120180715,2018,2018.0,0.0,0.7572335739351557,0.6493706041918612,-15.19919801090563,
OR4282612280720180716,2018,2018.0,0.0,0.7006190662454987,0.5925834842840281,-14.824480029783548,
CA4143512316220170626,2017,2018.0,1.0,0.46123146859655334,0.15004124344081113,-14.185728100885711,
OR4209912285420180715,2018,2018.0,0.0,0.5506497325976188,0.34845403861491847,-14.891229860794308,
CA4186612267020190905,2019,2018.0,-1.0,0.5103640165630596,0.23688100186105865,-12.284756909761544,
CA4018412336320170808,2017,2018.0,1.0,0.48767927822976115,0.2043697738197721,-17.51135457906032,
CA4011512332020170808,2017,2018.0,1.0,0.49383207829343184,0.26456487809576884,-17.860319662126237,
CA4077112312420170831,2017,2018.0,1.0,0.511721179773671,0.21496275221490788,-15.13870683152686,
CA4083912297820170808,2017,2018.0,1.0,0.5357061663127661,0.2461332976766985,-16.083596798412426,
CA4022812303620170913,2017,2018.0,1.0,0.5590454767601687,0.3171567660349752,-15.793803321923287,
CA4010912278920190905,2019,2018.0,-1.0,0.5812971519361345,0.3586491419938853,-14.309513419743345,
CA4088712301420190905,2019,2018.0,-1.0,0.7286049651346826,0.5574595582273733,-16.267592274217748,
CA4061612352420180904,2018,2018.0,0.0,0.7999218525718248,0.6855394098626285,-13.972626814959373,
CA4089112222820180809,2018,2018.0,0.0,0.7819306701931886,0.6562959297949267,-14.182411572647814,
CA4094312242720180905,2018,2018.0,0.0,0.7216852554599281,0.5838695631833284,-14.585865878236987,
OR4517811742720190728,2019,2019.0,0.0,0.5064430097618341,0.2928635011824694,-14.379301375526952,14.995995201870759
OR4563012190420170902,2017,2019.0,2.0,0.6080478335932851,0.33301303941674254,-16.207738419766443,21.651310861253336
ID4540111652720170908,2017,2019.0,2.0,0.5358751634729968,0.3084080040039483,-16.84889654225979,15.537424184160933
OR4540011770020161024,2016,2019.0,3.0,0.5367555455428095,0.31465092234187836,-16.96325305482541,14.322545513485801
ID4554811595020170801,2017,2019.0,2.0,0.5327474024954674,0.21993269686298747,-16.144279029414644,14.111131736707263
ID4431311660320161007,2016,2019.0,3.0,0.22529972843114868,5.014099781864474E-4,-22.868918745748733,3.581170330468703
ID4489011641020160503,2016,2019.0,3.0,0.6240175025879696,0.43786408387704356,-16.82844335704699,24.33895958685933
WA4610611995920180908,2018,2019.0,1.0,0.20291716338119783,-0.0011905153417748175,-27.64913072055555,1.857443981499798
ID4601011688120170715,2017,2019.0,2.0,0.295796620939,0.10504821689947884,-20.126012978909163,6.131038743944329
WA4567012103420180801,2018,2019.0,1.0,0.27896667831020844,0.08432145086002628,-23.138463653259016,4.289108924634074
ID4544811630920160818,2016,2019.0,3.0,0.3207257464600461,0.13382446626060113,-17.00339003055041,9.028213343378686
OR4560011651620170711,2017,2019.0,2.0,0.31613030187975655,0.10199571960896867,-20.074493903714142,3.7630348509302824
OR4597411899820180729,2018,2019.0,1.0,0.2507851055496562,0.04439005148996412,-25.510073587558665,4.19602772527282
WA4597011911020180622,2018,2019.0,1.0,0.2730033448126309,0.07688283988014351,-22.768972191951406,2.5547044035859265
OR4548011857620180810,2018,2019.0,1.0,0.284462746206711,0.13233909371184566,-21.661089500126497,1.0612893166659365
ID4603311692920180809,2018,2019.0,1.0,0.27598830626535803,0.07751161366842396,-19.092633400695917,5.991150258385285
ID4603611671720170715,2017,2019.0,2.0,0.33239755266629467,0.13804981503713007,-19.806210455856164,8.66733942261247
ID4458311709720180915,2018,2019.0,1.0,0.328184627723733,0.18812739575581655,-20.78228771224569,7.6054863932241
ID4490011637920180515,2018,2019.0,1.0,0.6873846887934081,0.5173365949344185,-16.095790951575378,26.726216873017638
OR4531411905220180816,2018,2019.0,1.0,0.2659116532982294,0.07630211877939104,-23.929025601651638,3.79859801901397
ID4427411715120180716,2018,2019.0,1.0,0.23832642356909642,0.0373921357518573,-22.015270852918185,6.237218834734914
OR4443511721920170803,2017,2019.0,2.0,0.24578647396797101,0.047029060336529045,-20.239170200977377,4.438838707288854
ID4447411719020180725,2018,2019.0,1.0,0.22726163829693785,0.020450792416797,-19.94457786071089,2.6389739854631054
OR4562412106720160701,2016,2019.0,3.0,0.2668793197676631,0.09997084107889229,-23.931939740576297,4.315256703857264
ID4533411639120180723,2018,2019.0,1.0,0.5400605423862109,0.263191338539427,-17.200843948124874,9.68528374725301
OR4596611865220190731,2019,2019.0,0.0,0.2058375588564794,-0.11838999156959042,-26.692594930296217,4.3855750628195915
ID4451711685020180725,2018,2019.0,1.0,0.28265478165007263,0.07246035309865007,-21.745307494818512,4.156243418489584
ID4467611644820180726,2018,2019.0,1.0,0.378340405686054,0.1635349071689244,-20.026942115558132,4.955503742963291
OR4511811697520181030,2018,2019.0,1.0,0.5666357088638411,0.2756951440808092,-16.195631190792962,18.478240596631533
OR4576011699020161024,2016,2019.0,3.0,0.5580328876678909,0.3387574887334761,-17.100323996148475,10.306707733062318
ID4253511698720170918,2017,2019.0,2.0,0.28720159661410816,0.026493037711352325,-21.93129361424308,2.3195039752328057
ID4248911688820190828,2019,2019.0,0.0,0.3959408050422519,0.1191090277545344,-19.000083114577667,5.085125856447773
OR4462111846220170616,2017,2019.0,2.0,0.5488229057787332,0.27418248044993543,-17.90395913978151,17.96157348458042
OR4414911858320190930,2019,2019.0,0.0,0.4657119388389939,0.19020066322857207,-18.63827914178952,4.021020432993262
OR4372011979020160515,2016,2019.0,3.0,0.49563639299358253,0.2499064220735671,-17.99173247742719,1.664759473441939
OR4372111979120170504,2017,2019.0,2.0,0.44208997774278475,0.18174773710917358,-18.35478122293698,4.396753670424048
CA4137212197020190922,2019,2019.0,0.0,0.4626617944134402,0.22829147764535115,-18.38322394504087,15.65838095093744
OR4265012175420190503,2019,2019.0,0.0,0.4290094834241313,0.11219694724191628,-17.95672026034136,16.736043374216713
OR4304512197320190915,2019,2019.0,0.0,0.5318400669203236,0.26537603091513523,-17.335667959394012,11.9888887586407
CA4119012308020171102,2017,2019.0,2.0,0.6876575384605713,0.4738756693659617,-13.795811274818533,18.47636042102535
OR4396011847820161001,2016,2019.0,3.0,0.31562775637477203,0.07043175247016137,-20.95585036295706,3.674308154573108
OR4417011845020160926,2016,2019.0,3.0,0.5158008923581867,0.22879207143570895,-17.56601433028107,21.868994435946092
OR4305111881420170401,2017,2019.0,2.0,0.6555050779417002,0.5426783585531322,-19.839688810564713,1.5824190536479175
CA3719112078820191002,2019,2019.0,0.0,0.3834201061277655,0.25541167127086956,-22.03083826130416,2.730548814593114
OR4441112073920191031,2019,2019.0,0.0,0.44104350124683517,0.18326017869146885,-17.936316697568692,3.7277661455466995
OR4442412039420190903,2019,2019.0,0.0,0.6017129395581966,0.35913907376206455,-17.486814578117073,17.26130357199255
OR4382511970020181020,2018,2019.0,1.0,0.4670021521698589,0.166801647552918,-18.342139437036256,8.198734828222182
OR4359512099520190923,2019,2019.0,0.0,0.4246961207327803,0.1358886849486631,-18.662381122114834,7.085935440040095
CA4179612108320170813,2017,2019.0,2.0,0.20224816745819568,0.0642312414253982,-23.542588187643197,1.9319556519320984
OR4473012140020160415,2016,2019.0,3.0,0.4304905551161507,0.16623980237032462,-18.903277763993945,7.770789604681676
CA4077412213620180201,2018,2019.0,1.0,0.6685715851505748,0.46299867808965245,-14.570622730613245,17.243923540946334
CA4192012170520180516,2018,2019.0,1.0,0.5296258020756751,0.4120339516508723,-18.303308651829173,2.2985806848185404
OR4287611889620190315,2019,2019.0,0.0,0.5952008575093553,0.43694210875371875,-22.241027499717227,2.2650099274119753
OR4383111898220190520,2019,2019.0,0.0,0.46174644669342385,0.12469938787445513,-19.30765207975382,14.132194604142382
OR4421611929720181025,2018,2019.0,1.0,0.6260059949309882,0.3824116771303078,-17.345030307702025,20.53336375858137
OR4261612132420180510,2018,2019.0,1.0,0.41360046600601175,0.09368111908474291,-19.356442700685577,16.773207796150484
OR4441412049420180508,2018,2019.0,1.0,0.5683330343622934,0.3227089038783324,-17.169336194537834,14.576553467095945
CA4193212150720180221,2018,2019.0,1.0,0.6446735861402648,0.5471913611308366,-20.64987028089403,1.2271650001432335
OR4463911860120181026,2018,2019.0,1.0,0.577685495660179,0.3025006317751095,-17.622054791112845,20.357027803700387
CA3759811955420160626,2016,2019.0,3.0,0.48430628694436134,0.23652814493910937,-15.527506510004658,22.652283619672474
CA3755212015420190901,2019,2019.0,0.0,0.3043608011250084,0.08994725814048253,-18.137420991683705,
CA3641011873720181004,2018,2019.0,1.0,0.6144407990001128,0.38847455508279277,-15.463290153842832,29.169688748833288
ID4273611666120160929,2016,2019.0,3.0,0.2545085989208122,-0.0303703883415142,-23.62601859352508,4.521547704094668
CA3744911965020170829,2017,2019.0,2.0,0.5305900907685684,0.24323376342999878,-16.180337559889157,14.18162168640575
CA3721711946920170903,2017,2019.0,2.0,0.4837916501744959,0.23316853878658841,-16.310513653355333,
CA3700411949520160730,2016,2019.0,3.0,0.3841368193720322,0.15823462835172775,-17.2332864736006,5.109112107001242
CA3779911892220160804,2016,2019.0,3.0,0.3295337853062253,0.09997529547621105,-20.17484871280336,10.56294614241319
CA3778011892120160917,2016,2019.0,3.0,0.3116597658151742,0.08865995858732584,-21.65613051078817,5.352168101646405
CA3753811959820170813,2017,2019.0,2.0,0.4599210036048344,0.17704879360143677,-15.782093485150495,14.848116346852228
CA3764411961820170801,2017,2019.0,2.0,0.48688775517569766,0.18826276125924263,-16.711814982580638,19.102186412309127
CA3760511996620191006,2019,2019.0,0.0,0.6191296152559634,0.4302782103591222,-15.633441024204544,16.876764200508447
CA3756511912720180611,2018,2019.0,1.0,0.4297929173907659,0.1486062337899179,-16.09711248768877,12.853198912080423
CA3765211988120180713,2018,2019.0,1.0,0.44760457079076055,0.16964136723592746,-16.36171792851814,14.506389121735127
CA3782611887220190726,2019,2019.0,0.0,0.3846306236796777,0.1506043754640141,-18.382033116103923,11.059735596859017
OR4440811838320160731,2016,2019.0,3.0,0.4586444208500991,0.15497281469755644,-18.43846072163422,7.688160285420593
OR4428511846020190809,2019,2019.0,0.0,0.6013145970208779,0.3819637320361292,-16.04002437498223,14.808517847460926
CA4005312066920190904,2019,2019.0,0.0,0.5820050240233733,0.3658318399917265,-16.728169110779668,13.00683237979038
CA3837311989620170819,2017,2019.0,2.0,0.4006141404883918,0.09144451068680892,-16.615956264811174,17.609793661081667
NV3882011959620171003,2017,2019.0,2.0,0.2286692576508892,-0.006585696944002521,-19.53252703163651,4.533869694549925
CA3834911992920180801,2018,2019.0,1.0,0.380569784450808,0.060497123014291485,-17.048796712406677,16.638109079903085
CA3839611945120180904,2018,2019.0,1.0,0.2870594081878162,-0.043370764425879095,-20.481096544942545,6.92287364341544
CA3872412014620191010,2019,2019.0,0.0,0.629593276564356,0.44412639781116997,-15.87978365130546,17.013055886530715
CA3780912030120160926,2016,2019.0,3.0,0.47051987087407526,0.243293648081112,-16.278748873830192,4.865807335272607
CA3761912020720170716,2017,2019.0,2.0,0.35433749778462054,0.13690330384904562,-18.00303028046862,6.110640263162937
CA3812011994120170904,2017,2019.0,2.0,0.5513685094519958,0.3271368752732355,-15.952834663533118,23.987410147643107
CA3611312128920160604,2016,2019.0,3.0,0.4425027994809827,0.20555543295862094,-17.60367027538347,10.687376364365694
CA3606812023620170420,2017,2019.0,2.0,0.17789806382161313,-0.028126832451081153,-30.29903259244873,3.837437037550958
OR4407812030820160929,2016,2019.0,3.0,0.46000287983668914,0.1791378899908957,-18.401696906030416,9.164573386357873
OR4447912049720170909,2017,2019.0,2.0,0.5126011421577781,0.21354530033444866,-17.992236700192876,4.623970779540757
OR4504511946220190805,2019,2019.0,0.0,0.5498275074355631,0.3154354860129606,-17.375112033213494,16.599965250946365
OR4272312062320160817,2016,2019.0,3.0,0.25784597234008894,0.13599787656088033,-20.442282974179328,5.1294889169649585
OR4265012082720180815,2018,2019.0,1.0,0.3467414638591196,-0.032829907175108225,-18.815911337087876,9.775568796652147
CA4130712105620170725,2017,2019.0,2.0,0.3502503974911925,0.13064908195626082,-18.977380144935214,5.595667368569123
CA4146612032120170803,2017,2019.0,2.0,0.3759458490277763,0.1277364275776967,-18.630605545923494,8.715224931511612
CA4128112031520160917,2016,2019.0,3.0,0.5268631071154264,0.2708786343560841,-16.51061698318808,10.114706324812179
CA4139512105720180815,2018,2019.0,1.0,0.32143060994671935,0.052092009573814387,-19.11253085263505,10.09011126172382
CA4036812080220160911,2016,2019.0,3.0,0.2991707216198922,0.03714573391074954,-19.57598227817741,4.545467688369151
CA3990612097220170729,2017,2019.0,2.0,0.5418111603739638,0.29252855745900985,-16.02878531960579,6.3603139129167285
CA4063012088020180727,2018,2019.0,1.0,0.2754723456899404,-0.09568603832645162,-17.888181617133007,7.071872219242887
CA3982012144020181108,2018,2019.0,1.0,0.4348185009584,0.2320702659683605,-17.41055878000854,8.763401213534689
CA3895812085620160628,2016,2019.0,3.0,0.6417578896755506,0.4242883847064062,-15.470304514305303,19.68511621685003
CA3946112141320170707,2017,2019.0,2.0,0.3846729582577604,0.17953366310350716,-17.06575442835714,8.493804360358064
CA3839112224120171009,2017,2019.0,2.0,0.4763175399485667,0.24235792017008534,-18.101343027670502,9.87590123441812
CA3838712252020171009,2017,2019.0,2.0,0.5496853112131339,0.32471922804690606,-16.905484047511326,16.77296069837514
CA3957512131620170829,2017,2019.0,2.0,0.5641353465025942,0.31311959479708246,-16.57619772642396,16.182431954304416
CA3927312065620180903,2018,2019.0,1.0,0.38783205557091593,0.03698550458600583,-16.361706497121894,3.8931467512545623
CA3710912184820160926,2016,2019.0,3.0,0.6169327155030498,0.3905426629225488,-15.869420432170582,16.855234102165962
CA3646112190120160722,2016,2019.0,3.0,0.6302935638285915,0.429426421843702,-15.774524647741002,14.668936834067146
OR4448812148120160607,2016,2019.0,3.0,0.41408083401275086,0.13674311081145965,-18.9857717161133,5.951718213113978
OR4408412223820180819,2018,2019.0,1.0,0.7069852962162229,0.5081820665167769,-15.396668716252375,23.082581131409366
OR4470812185620170724,2017,2019.0,2.0,0.523838857208318,0.19427374768114214,-16.28544204948888,17.81632151212039
OR4474912191520170811,2017,2019.0,2.0,0.5925616171580449,0.31501978115542195,-15.8655029509465,22.095586596135373
OR4400912217020170804,2017,2019.0,2.0,0.747754574546686,0.5615694882954867,-15.696610805206667,14.594326072971272
OR4425712174320170811,2017,2019.0,2.0,0.3912071470493389,0.08599054067679789,-18.469550701170355,7.684489406323009
OR4410112190920170810,2017,2019.0,2.0,0.4142652980888248,0.007413729324215944,-17.192027047863757,11.975855419572044
OR4410112199420170810,2017,2019.0,2.0,0.7577888511278724,0.5908833994110485,-15.243009184933273,27.560230742539133
OR4412912209720170811,2017,2019.0,2.0,0.7188255972542509,0.5078598379593109,-15.668625075745652,14.795066720052542
OR4404612205520170810,2017,2019.0,2.0,0.6503238018858454,0.38718685785726303,-15.806736361101052,24.006261958159605
OR4292412221220160728,2016,2019.0,3.0,0.3908020059420221,6.574135955742152E-4,-18.994476886579548,7.779913009555547
OR4279812231820170725,2017,2019.0,2.0,0.3796249433336982,0.006605754857932951,-18.119787948549906,12.002819396886347
OR4254212214420170810,2017,2019.0,2.0,0.44707309840428106,0.16660478561383515,-16.97986628193706,19.932961330378006
OR4298012228220170729,2017,2019.0,2.0,0.36047998397639985,-0.04239777221279779,-18.75231114542585,7.957053209005288
OR4311112241120170811,2017,2019.0,2.0,0.6329692620891315,0.3928523386016101,-15.779010077877588,14.431134600277172
OR4303712246520170809,2017,2019.0,2.0,0.5983499621721655,0.32927864062918044,-15.770913846715583,15.691464172072651
OR4294112254720170808,2017,2019.0,2.0,0.6591038998173948,0.4135951639033708,-15.42487868442389,14.954066264069636
OR4309112272520170810,2017,2019.0,2.0,0.70421720489071,0.4680094064871329,-15.641589371937561,29.12974547414114
OR4318212230620170809,2017,2019.0,2.0,0.661354712401849,0.4385223128947227,-15.702934888012836,19.35833862004763
OR4340212236220170810,2017,2019.0,2.0,0.6093303514940441,0.32167930048401916,-16.640297298120107,23.404141025916903
OR4320912249720170811,2017,2019.0,2.0,0.6780277006116441,0.45533235788341575,-15.230082530555237,32.323553090883074
OR4330612262220170812,2017,2019.0,2.0,0.7160540604718205,0.5092471988981794,-15.49302108706026,29.40551155879105
OR4331112282720170810,2017,2019.0,2.0,0.7606914923951721,0.5869037533033135,-15.315235087049619,36.68676670910942
OR4375212142520170829,2017,2019.0,2.0,0.2814267558859316,-0.08985078786213664,-20.696994198437693,7.38320650606608
OR4258012299020180822,2018,2019.0,1.0,0.5531225224440587,0.2525034273789633,-16.672087342527632,7.8200560731307895
OR4307312203920180715,2018,2019.0,1.0,0.4007495520580978,0.07576721341471718,-18.015914463152253,4.317967352795524
OR4275312292520180715,2018,2019.0,1.0,0.5382523948718506,0.24375022703408764,-16.40516538414125,25.868664335803867
OR4293812266120180715,2018,2019.0,1.0,0.6606972702570097,0.4215226321451787,-15.584343959722696,21.20466258278365
OR4282612280720180716,2018,2019.0,1.0,0.6199463390294383,0.36584881025811417,-15.560993372031698,27.432932045452358
CA4143512316220170626,2017,2019.0,2.0,0.5065677355282803,0.19917096702817907,-14.64186043815223,20.90753459369881
OR4209912285420180715,2018,2019.0,1.0,0.5365229779002157,0.2585536569914233,-16.251416098829893,20.76635934698576
CA4186612267020190905,2019,2019.0,0.0,0.5375229423887736,0.2667210578279617,-12.057552914786799,10.269333209490819
CA4018412336320170808,2017,2019.0,2.0,0.5323614699340375,0.24339813123120213,-17.084279255291726,2.5030033342148847
CA4011512332020170808,2017,2019.0,2.0,0.534417032555236,0.2804296772482682,-17.105102105563564,21.006279424097574
CA4077112312420170831,2017,2019.0,2.0,0.5578254154974086,0.26650248064159593,-15.133648282703138,12.974980269731807
CA4083912297820170808,2017,2019.0,2.0,0.5775163266156194,0.2897528257007928,-14.99658149332842,15.645233671103165
CA4022812303620170913,2017,2019.0,2.0,0.5864880720945985,0.32670474299597296,-15.417074703639939,26.232742012128245
CA4010912278920190905,2019,2019.0,0.0,0.6337283693769045,0.42464912514934,-14.815021217690822,13.203166318433166
CA4088712301420190905,2019,2019.0,0.0,0.7310407295137649,0.5411489514768658,-14.47965718925135,6.104985500762949
CA4061612352420180904,2018,2019.0,1.0,0.5570650012641168,0.2915780403239048,-15.91613141933344,18.189522993331146
CA4089112222820180809,2018,2019.0,1.0,0.6108223234960084,0.36423525253989497,-15.121149185581892,24.290925688508015
CA4094312242720180905,2018,2019.0,1.0,0.41685809878455016,0.11253847981773747,-16.089882067437244,16.827453542732226
OR4517811742720190728,2019,2020.0,1.0,0.45830419889525315,0.1765138492055853,-14.805701014416476,0.0
OR4563012190420170902,2017,2020.0,3.0,0.6540173052872451,0.39897126643689246,-16.13024298292276,17.11566630574671
ID4540111652720170908,2017,2020.0,3.0,0.573956578024723,0.320069039017348,-16.452089352656948,0.0
OR4540011770020161024,2016,2020.0,4.0,0.5554295458046778,0.36193311689249325,-16.562731932489278,11.847618374435068
ID4554811595020170801,2017,2020.0,3.0,0.5627383424285693,0.25338490141399184,-16.04991314386482,16.95969513138829
ID4431311660320161007,2016,2020.0,4.0,0.22066470279868877,-0.020478430395355077,-22.271110456198453,2.645665922032343
ID4489011641020160503,2016,2020.0,4.0,0.6567269712675992,0.46070195064483965,-16.87515529587166,21.743431525754986
WA4610611995920180908,2018,2020.0,2.0,0.14943594498318324,-0.07180526635129571,-27.17418947280338,2.17279033810964
ID4601011688120170715,2017,2020.0,3.0,0.2791417005376051,0.07731784960708334,-19.81669229937047,3.4856900343370874
WA4567012103420180801,2018,2020.0,2.0,0.2070687858252326,-0.027703313821888346,-23.69351710828863,3.8804237357102513
ID4544811630920160818,2016,2020.0,4.0,0.3566214409564653,0.16679128599575413,-16.31950634636314,4.266461844165549
OR4560011651620170711,2017,2020.0,3.0,0.30963726363092625,0.08512010415442378,-19.499679979000664,
OR4597411899820180729,2018,2020.0,2.0,0.21429361575027103,-0.0038109784438557044,-24.941802110376322,2.650212576111524
WA4597011911020180622,2018,2020.0,2.0,0.2316487587954338,-0.01589553283490277,-24.357381393078352,2.078267771172787
OR4548011857620180810,2018,2020.0,2.0,0.29943531466737316,0.1336895846065157,-21.102659475065966,2.5257742337821494
ID4603311692920180809,2018,2020.0,2.0,0.24891818247050868,0.05171236734924728,-18.876328746801846,6.5597139120047645
ID4603611671720170715,2017,2020.0,3.0,0.32503955565353393,0.1213470812551048,-19.381520309521687,4.420730622019953
ID4458311709720180915,2018,2020.0,2.0,0.34336985416455046,0.24956961285286072,-20.001543196274124,8.534365037655189
ID4490011637920180515,2018,2020.0,2.0,0.7163178598770513,0.5302479574244894,-16.732830500714652,19.21880637541953
OR4531411905220180816,2018,2020.0,2.0,0.23324123388965776,0.030790085837278193,-23.11449252931643,2.3958399350401054
ID4427411715120180716,2018,2020.0,2.0,0.19609739084078462,-0.03237713101230672,-21.9476409559235,2.9768314996251886
OR4443511721920170803,2017,2020.0,3.0,0.19744768622106418,-0.04227443184450047,-20.529891711533836,5.214923987922937
ID4447411719020180725,2018,2020.0,2.0,0.2089148388212593,0.021508375263759878,-19.40654615396641,5.6250714324543125
OR4562412106720160701,2016,2020.0,4.0,0.19735620024596467,0.03926973665813869,-24.635692379554712,3.7968892289566143
ID4533411639120180723,2018,2020.0,2.0,0.6043644397269317,0.3174158778375373,-17.07231264662988,0.0
OR4596611865220190731,2019,2020.0,1.0,0.19756004002822186,0.06479464170436286,-24.133582297627985,2.294372254625641
ID4451711685020180725,2018,2020.0,2.0,0.2719344048099412,0.06463991484938654,-21.34479753093672,4.144717705128496
ID4467611644820180726,2018,2020.0,2.0,0.39867697319816375,0.20750389334833758,-19.56100419402089,3.7011354401422394
OR4511811697520181030,2018,2020.0,2.0,0.5955938204737763,0.3200501795139158,-16.141258190525495,23.024331442179673
OR4576011699020161024,2016,2020.0,4.0,0.5585949044577997,0.3610635430243063,-16.82203985020718,
ID4253511698720170918,2017,2020.0,3.0,0.2742559508905887,-0.0020929066495867514,-22.081080662431948,4.626991472336424
ID4248911688820190828,2019,2020.0,1.0,0.3260662712906582,-0.0695252662846015,-20.702201012713147,6.262268894567368
OR4462111846220170616,2017,2020.0,3.0,0.5412171625156696,0.29097714666237423,-17.720047368175813,6.741367330270318
OR4414911858320190930,2019,2020.0,1.0,0.43665050382640797,0.12905966691784068,-18.881536236737244,13.271584508904434
OR4372011979020160515,2016,2020.0,4.0,0.4929281312120076,0.2538890063888888,-17.82697310441477,1.2669651047673511
OR4372111979120170504,2017,2020.0,3.0,0.43010884782276976,0.17774267348828518,-18.221057843020958,7.621467036325899
CA4137212197020190922,2019,2020.0,1.0,0.43709379695998485,0.1360535775072102,-18.760224788524955,12.778907578450566
OR4265012175420190503,2019,2020.0,1.0,0.4163660673978624,0.15435693433776576,-18.259236269451687,16.260209754423304
OR4304512197320190915,2019,2020.0,1.0,0.4612808244586383,0.20069627524240075,-17.629105378209637,14.754183356084473
CA4119012308020171102,2017,2020.0,3.0,0.6991005552934902,0.4965305369918912,-13.576353461137828,17.970388040759676
OR4396011847820161001,2016,2020.0,4.0,0.275877050919102,0.03828814447229046,-21.305152672108015,3.9538073628202284
OR4417011845020160926,2016,2020.0,4.0,0.5104867358729598,0.23119981047219926,-17.669284468042626,18.511225304331756
OR4305111881420170401,2017,2020.0,3.0,0.5802838440787973,0.42152921832407986,-21.79129140159447,1.7474641226686336
CA3719112078820191002,2019,2020.0,1.0,0.35494784078619007,0.27469723614727265,-22.413137692973987,2.662495479665805
OR4441112073920191031,2019,2020.0,1.0,0.40428968898792716,0.14483002812083365,-17.850466609603593,14.559395788272802
OR4442412039420190903,2019,2020.0,1.0,0.5403283007551197,0.27881320024519357,-17.649486435937632,18.399852273535508
OR4382511970020181020,2018,2020.0,2.0,0.4683891463430153,0.2018323545026156,-18.268950953513865,0.0
OR4359512099520190923,2019,2020.0,1.0,0.37289981218309615,0.06942230800193788,-19.213780610463086,5.941486026381467
CA4179612108320170813,2017,2020.0,3.0,0.17855433800652162,-0.03555029372945987,-23.740387439613134,2.3898262473031693
OR4473012140020160415,2016,2020.0,4.0,0.41619889660841963,0.17530405285931133,-18.840586590388686,8.2054601196517
CA4077412213620180201,2018,2020.0,2.0,0.6481361680291614,0.4546341474555438,-14.54956917576524,17.121678881822778
CA4192012170520180516,2018,2020.0,2.0,0.4878538901242787,0.4667538408050602,-19.51138084446567,3.0270176711485406
OR4287611889620190315,2019,2020.0,1.0,0.5642028376055421,0.4049323880500996,-22.835054628331623,1.7401250993033628
OR4383111898220190520,2019,2020.0,1.0,0.46214364067440705,0.1766097475361381,-19.233215503923045,15.69150455784909
OR4421611929720181025,2018,2020.0,2.0,0.6233864458640347,0.4011811601364778,-17.08613101448716,
OR4261612132420180510,2018,2020.0,2.0,0.39620263839651576,0.09584647791534455,-19.57058130344403,14.828146859294304
OR4441412049420180508,2018,2020.0,2.0,0.5633488795293671,0.3386440016774336,-17.05359195781245,8.930415534147494
CA4193212150720180221,2018,2020.0,2.0,0.5329272358487492,0.4031871780130381,-20.600460453539423,2.019059410375974
OR4463911860120181026,2018,2020.0,2.0,0.5806940533068837,0.34177702675693,-17.534703724329745,11.626470298468842
CA3759811955420160626,2016,2020.0,4.0,0.47371436300742786,0.21523787167773575,-15.67819334231986,22.501586464392034
CA3755212015420190901,2019,2020.0,1.0,0.27412062825778294,0.10605895486704531,-18.68217434319391,7.3049521281281375
CA3641011873720181004,2018,2020.0,2.0,0.62618986218854,0.4130200920298232,-15.435733279215953,21.50106488191236
ID4273611666120160929,2016,2020.0,4.0,0.2378897408532776,-0.058217005518348075,-22.918862394122428,4.737172371443021
CA3744911965020170829,2017,2020.0,3.0,0.5571262737202929,0.3225886970598312,-16.006852779292867,22.48938712131463
CA3721711946920170903,2017,2020.0,3.0,0.47152863439054343,0.26697457402355335,-16.288888088846445,12.438344390409897
CA3700411949520160730,2016,2020.0,4.0,0.35491398437224314,0.1672099023526094,-17.095561523599912,10.236207132285394
CA3779911892220160804,2016,2020.0,4.0,0.3100453490047906,0.07647387712067495,-20.019219491179282,
CA3778011892120160917,2016,2020.0,4.0,0.28014528400055727,0.05886883593141633,-21.044783203241167,
CA3753811959820170813,2017,2020.0,3.0,0.4622949232343789,0.19314097560702864,-15.801041858622575,22.49719556037503
CA3764411961820170801,2017,2020.0,3.0,0.4846339992261129,0.18607154349295546,-16.727739608319492,17.745418321106374
CA3760511996620191006,2019,2020.0,1.0,0.31619711489848307,0.038714384215207176,-17.88076882204637,10.659482503405602
CA3756511912720180611,2018,2020.0,2.0,0.43867757938208635,0.1587337118300938,-16.20912505601412,16.429864467502316
CA3765211988120180713,2018,2020.0,2.0,0.4834940238523525,0.27884541868887835,-16.00028910212714,15.205199754977771
CA3782611887220190726,2019,2020.0,1.0,0.34826290880860694,0.11737446390822363,-18.907058703956853,
OR4440811838320160731,2016,2020.0,4.0,0.4837549245421856,0.17728999863403558,-18.23839763147373,7.041264792422823
OR4428511846020190809,2019,2020.0,1.0,0.43834227622733796,0.11588330003081235,-17.276866589585513,19.284302676852548
CA4005312066920190904,2019,2020.0,1.0,0.3564883909912318,0.03130024648618152,-18.375366236575758,10.101652253544849
CA3837311989620170819,2017,2020.0,3.0,0.43068197867356667,0.14998384996335423,-16.433869506843987,13.81404295604624
NV3882011959620171003,2017,2020.0,3.0,0.18090487201057792,-0.07805851431427853,-19.840873875089862,4.808776796494633
CA3834911992920180801,2018,2020.0,2.0,0.39883453719624007,0.09349304313805688,-17.090520761195084,13.2597985226651
CA3839611945120180904,2018,2020.0,2.0,0.2570981286369548,-0.023907932203862375,-20.512015692063816,10.181654739297864
CA3872412014620191010,2019,2020.0,1.0,0.44042393090477044,0.1521455879094541,-16.71938579610976,11.666999999575573
CA3780912030120160926,2016,2020.0,4.0,0.4367849794444364,0.232522716424467,-15.807282614206981,
CA3761912020720170716,2017,2020.0,3.0,0.3366623900418512,0.15550291123750729,-17.628972010843285,8.642483354556031
CA3812011994120170904,2017,2020.0,3.0,0.5513169258259114,0.3198176224179367,-15.901875797194275,15.852561991602679
CA3611312128920160604,2016,2020.0,4.0,0.43483525141806134,0.2018146833775795,-17.207156532115945,9.293804764539331
CA3606812023620170420,2017,2020.0,3.0,0.1688152342204017,-0.07567564507157536,-27.35911814600765,3.757442195114601
OR4407812030820160929,2016,2020.0,4.0,0.4412473904320802,0.1778892919561194,-18.573485511867595,
OR4447912049720170909,2017,2020.0,3.0,0.5251900346690493,0.2516748671132555,-17.675024610402204,4.68537632607722
OR4504511946220190805,2019,2020.0,1.0,0.4300881848621081,0.1482483853279729,-17.726554599799623,10.156701803184983
OR4272312062320160817,2016,2020.0,4.0,0.20215569556692067,0.031920668199638874,-21.23361669332624,1.0393159027335803
OR4265012082720180815,2018,2020.0,2.0,0.3582358654038748,-0.004804204349150121,-19.169545809576455,6.60666165475993
CA4130712105620170725,2017,2020.0,3.0,0.3524461682144344,0.11986099161957434,-19.066363355333838,3.8326152026887494
CA4146612032120170803,2017,2020.0,3.0,0.36660252320948394,0.12460146834601109,-18.52652006478138,10.568983903812187
CA4128112031520160917,2016,2020.0,4.0,0.5484068178755171,0.30665979765339296,-16.202732928832873,14.140358777243726
CA4139512105720180815,2018,2020.0,2.0,0.3125706373498596,0.07900133287316445,-19.515973388241527,8.824944414294462
CA4036812080220160911,2016,2020.0,4.0,0.30087070461723925,0.05764498918746082,-19.455690654799326,6.125286728975903
CA3990612097220170729,2017,2020.0,3.0,0.556928972016191,0.32576547478085,-15.970347789824629,22.623233266707047
CA4063012088020180727,2018,2020.0,2.0,0.2825898707425901,0.0013579975032307237,-17.729266236007142,5.777928426235831
CA3982012144020181108,2018,2020.0,2.0,0.466397564981044,0.283697734890374,-17.498349267145027,12.535237049489174
CA3895812085620160628,2016,2020.0,4.0,0.6421772852184376,0.4465978643159945,-15.37286898016276,16.726869858988245
CA3946112141320170707,2017,2020.0,3.0,0.3727641706267877,0.14582663561016904,-16.7872659803702,8.285571930437772
CA3839112224120171009,2017,2020.0,3.0,0.46380434994781805,0.2341064037789895,-18.167944880484967,7.50411167820873
CA3838712252020171009,2017,2020.0,3.0,0.5368026655903928,0.3209620137006297,-17.025038153953908,13.52768234996425
CA3957512131620170829,2017,2020.0,3.0,0.5838069066059653,0.3545737145600474,-16.524334825083553,17.732522887754502
CA3927312065620180903,2018,2020.0,2.0,0.4408123037848249,0.1509029779906066,-16.50102846860174,9.978037922043208
CA3710912184820160926,2016,2020.0,4.0,0.6216917786276263,0.4158387911228003,-15.644527912643484,12.477954503868322
CA3646112190120160722,2016,2020.0,4.0,0.6272404353436549,0.4265917129810744,-15.68509195072646,17.481116592758667
OR4448812148120160607,2016,2020.0,4.0,0.42470225788566424,0.17206430669143374,-18.562826530794002,7.045342146879954
OR4408412223820180819,2018,2020.0,2.0,0.7156340333017507,0.5258490838570575,-15.24670505219109,22.292303610628196
OR4470812185620170724,2017,2020.0,3.0,0.570000983896113,0.25998029303759124,-16.399286525085618,15.179022953101738
OR4474912191520170811,2017,2020.0,3.0,0.6367281553873165,0.35863225904030505,-15.751968880003455,10.376233461334404
OR4400912217020170804,2017,2020.0,3.0,0.7619637919544613,0.5905101436479869,-15.47231505623239,26.215941958632957
OR4425712174320170811,2017,2020.0,3.0,0.41556232116357195,0.11454261173404297,-18.46613165460619,6.023764613645933
OR4410112190920170810,2017,2020.0,3.0,0.4514804617831324,0.04807438881477389,-17.570679809857108,10.685455307010438
OR4410112199420170810,2017,2020.0,3.0,0.7787312275704255,0.6192795229325022,-15.065724867124946,24.82063389081075
OR4412912209720170811,2017,2020.0,3.0,0.7342491493309238,0.5412614243793337,-15.52988161864951,20.262028067910087
OR4404612205520170810,2017,2020.0,3.0,0.7093537242695739,0.4507553461138596,-15.70736392627372,23.493139394447645
OR4292412221220160728,2016,2020.0,4.0,0.402313923744768,0.033323948502541105,-19.101077129629143,1.1225458903093164
OR4279812231820170725,2017,2020.0,3.0,0.38937070669715557,0.021663067875258794,-18.298086527996986,15.62985055497444
OR4254212214420170810,2017,2020.0,3.0,0.44232925472736007,0.14693143501151978,-17.061067619526717,27.8252186641989
OR4298012228220170729,2017,2020.0,3.0,0.3698680003725896,-0.03760134207400061,-18.961512693355537,2.605436816988719
OR4311112241120170811,2017,2020.0,3.0,0.6496399154902023,0.391104977854993,-15.819482832025443,0.10215833657705589
OR4303712246520170809,2017,2020.0,3.0,0.6291769866698165,0.35739946594457694,-15.670516098464295,19.43591916901242
OR4294112254720170808,2017,2020.0,3.0,0.6963392919768737,0.469242633002627,-15.302093275617457,
OR4309112272520170810,2017,2020.0,3.0,0.7380028103587948,0.5364829147862692,-15.464850023626292,0.0
OR4318212230620170809,2017,2020.0,3.0,0.6883659097598207,0.45230759985670604,-15.662028992974786,43.970737053901466
OR4340212236220170810,2017,2020.0,3.0,0.654355465052269,0.39819159907965457,-16.723121815114524,
OR4320912249720170811,2017,2020.0,3.0,0.7023714844912108,0.4901292111598544,-15.101084400220667,17.532220741223583
OR4330612262220170812,2017,2020.0,3.0,0.7348247578186138,0.5470398886138712,-15.372215673782936,24.314882999275373
OR4331112282720170810,2017,2020.0,3.0,0.7651986956851422,0.6122046811388951,-15.097945574866282,5.0222513644079285
OR4375212142520170829,2017,2020.0,3.0,0.28432256256251975,-0.05689974718868099,-20.826058644763755,5.881610088827035
OR4258012299020180822,2018,2020.0,2.0,0.5673806585395071,0.3020092844608684,-16.581964750875166,10.670835845004705
OR4307312203920180715,2018,2020.0,2.0,0.3729600270781544,0.04249133201441899,-18.408002722142427,12.577782857181427
OR4275312292520180715,2018,2020.0,2.0,0.5666192860764724,0.29338930721636447,-16.22928587444932,0.0
OR4293812266120180715,2018,2020.0,2.0,0.700689629313523,0.4836533751532208,-15.404227292551312,27.201465924902507
OR4282612280720180716,2018,2020.0,2.0,0.6578125339877859,0.4249487638235779,-15.393210048187875,22.858257880858
CA4143512316220170626,2017,2020.0,3.0,0.5427794294414966,0.2562960470011829,-14.42720599132606,14.793464681836086
OR4209912285420180715,2018,2020.0,2.0,0.6075105719755861,0.3478021505915373,-16.02467728825265,25.392680930941673
CA4186612267020190905,2019,2020.0,1.0,0.35588391605705294,0.016113065112731337,-11.804790317379688,7.251306458387063
CA4018412336320170808,2017,2020.0,3.0,0.5392805492217605,0.2734717897023957,-16.872356215719535,15.5688775416954
CA4011512332020170808,2017,2020.0,3.0,0.5292804390579138,0.29719527783511324,-16.81646271014072,20.10136329440777
CA4077112312420170831,2017,2020.0,3.0,0.5778513713033548,0.3086601335449041,-14.868407777092846,16.34734564315447
CA4083912297820170808,2017,2020.0,3.0,0.5985273666882918,0.33910407908740353,-14.56340952635719,21.369583389329346
CA4022812303620170913,2017,2020.0,3.0,0.6002583052841481,0.3558629380935392,-15.196851837757228,16.83879948490421
CA4010912278920190905,2019,2020.0,1.0,0.4264683787519876,0.12753915467696866,-15.372958236854616,9.1729205083311
CA4088712301420190905,2019,2020.0,1.0,0.49230588018227733,0.14776680236522982,-13.319832359339161,18.26774963398222
CA4061612352420180904,2018,2020.0,2.0,0.5769604245592915,0.3321108609291354,-15.956972353842582,25.948494099713415
CA4089112222820180809,2018,2020.0,2.0,0.6534053658449198,0.43603210096940964,-15.070113867427299,18.634916075503583
CA4094312242720180905,2018,2020.0,2.0,0.4790014672866975,0.21986515666827655,-15.993201540246488,11.810276929204004
OR4517811742720190728,2019,2021.0,2.0,0.4401479556467484,0.1650374905504254,-15.060526499129223,10.772141966815992
OR4563012190420170902,2017,2021.0,4.0,0.6564673616346202,0.43373356136802454,-16.24880770996683,11.31746969469164
ID4540111652720170908,2017,2021.0,4.0,0.479579894958779,0.25192804863707685,-16.829032846349037,13.366631511297038
OR4540011770020161024,2016,2021.0,5.0,0.5149068958650214,0.310035310426866,-16.634942899102647,11.692401004525237
ID4554811595020170801,2017,2021.0,4.0,0.5369274298184347,0.2407218158264852,-16.376160401453134,11.50521221635857
ID4431311660320161007,2016,2021.0,5.0,0.18904411318272724,-0.03438710228651151,-23.269198975300444,2.659471521953415
ID4489011641020160503,2016,2021.0,5.0,0.6215302554960457,0.46463004148284476,-16.934183017275913,12.126795742495066
WA4610611995920180908,2018,2021.0,3.0,0.1672842705812493,-0.022876795655578555,-26.53988654544965,2.683977624020812
ID4601011688120170715,2017,2021.0,4.0,0.16671624354956666,-0.11747147299172259,-20.564561355103265,3.969283498224337
WA4567012103420180801,2018,2021.0,3.0,0.20871878969074517,0.03432757228038065,-23.641667280153353,4.7740571266604634
ID4544811630920160818,2016,2021.0,5.0,0.26837745416177944,0.11740627993928336,-17.054300343328485,7.336511153910875
OR4560011651620170711,2017,2021.0,4.0,0.2485161021946916,0.05259003142564767,-19.84792561872601,6.170298967909818
OR4597411899820180729,2018,2021.0,3.0,0.19250103467873475,-0.009854514665907496,-26.293954982801974,2.5508363724252727
WA4597011911020180622,2018,2021.0,3.0,0.2081887819599335,0.025111942406938488,-25.457571818920957,4.571840967705408
OR4548011857620180810,2018,2021.0,3.0,0.23355761948017473,0.05617338467701657,-21.735417173623606,3.189841812512982
ID4603311692920180809,2018,2021.0,3.0,0.16893473715884047,-0.08580587800534685,-19.42126768198636,6.538273551353128
ID4603611671720170715,2017,2021.0,4.0,0.2130299373042275,-0.046240572040943305,-19.87404436521178,3.23162765595109
ID4458311709720180915,2018,2021.0,3.0,0.2499394917017915,0.1449915879005338,-21.078692428260126,5.516092440180401
ID4490011637920180515,2018,2021.0,3.0,0.6711308942515464,0.5299743095465103,-16.76282893777199,19.406050346561937
OR4531411905220180816,2018,2021.0,3.0,0.1906832353429876,-0.0041785035494799,-23.485119595266493,2.2479156943022938
ID4427411715120180716,2018,2021.0,3.0,0.17833695075567124,-0.019655614455642106,-22.81831875911518,5.592050187362804
OR4443511721920170803,2017,2021.0,4.0,0.19220557835050636,-0.029068945301582088,-20.648289511653715,4.400911146348146
ID4447411719020180725,2018,2021.0,3.0,0.1960040911411363,0.02073750026984008,-19.71611259399823,2.2303509409472393
OR4562412106720160701,2016,2021.0,5.0,0.2119372567766687,0.10033752915071528,-24.928892851361823,5.085512058836367
ID4533411639120180723,2018,2021.0,3.0,0.5505239247539905,0.3046852173289711,-17.158702297524613,14.053106036342369
OR4596611865220190731,2019,2021.0,2.0,0.19402485487524695,0.08829836203483075,-25.457690927217794,4.033444968532635
ID4451711685020180725,2018,2021.0,3.0,0.2338968384006026,0.029542799203522232,-22.292679127392265,3.1619560652614624
ID4467611644820180726,2018,2021.0,3.0,0.34923717838668566,0.1419705795157666,-20.615405882583442,4.029574925111962
OR4511811697520181030,2018,2021.0,3.0,0.5435415927400746,0.2833467989164878,-16.196664176261038,15.74772267217803
OR4576011699020161024,2016,2021.0,5.0,0.5197255814056303,0.3346875748567721,-17.044169248534757,11.190848485034236
ID4253511698720170918,2017,2021.0,4.0,0.24977845830916162,-0.03832395796090585,-22.4157326780591,3.553788887510371
ID4248911688820190828,2019,2021.0,2.0,0.3238423519045587,-0.024774620277379356,-20.611048196934778,3.0244968462781476
OR4462111846220170616,2017,2021.0,4.0,0.5296106176566627,0.29720410884496007,-17.741783441817358,10.801244383739075
OR4414911858320190930,2019,2021.0,2.0,0.4430221422984351,0.146438340828025,-19.008250223365565,6.407733622939992
OR4372011979020160515,2016,2021.0,5.0,0.47587950012907687,0.2608107781694797,-17.81184881241078,9.934525657488544
OR4372111979120170504,2017,2021.0,4.0,0.41108362866138076,0.18416551647945106,-18.267381097075003,12.678683257335743
CA4137212197020190922,2019,2021.0,2.0,0.4332088818210778,0.16090386821575128,-18.852824263761367,13.020704562431034
OR4265012175420190503,2019,2021.0,2.0,0.4291286335572261,0.1953573044900084,-18.323388113755346,11.863295349601355
OR4304512197320190915,2019,2021.0,2.0,0.4889200388988204,0.23776855026304922,-17.749803266101427,13.065372483377105
CA4119012308020171102,2017,2021.0,4.0,0.6801516006464539,0.4825870365321192,-13.801821584651742,21.44696691751536
OR4396011847820161001,2016,2021.0,5.0,0.25609518929012487,0.01584037728862179,-21.525498922449756,4.1969418678695165
OR4417011845020160926,2016,2021.0,5.0,0.49852769315824963,0.2218896999754986,-17.702749039624464,10.822331173816591
OR4305111881420170401,2017,2021.0,4.0,0.34920355601276526,0.2343104763496931,-23.19726755542308,2.012741228059915
CA3719112078820191002,2019,2021.0,2.0,0.3692850354352408,0.26150963447004844,-22.59642864849943,0.0
OR4441112073920191031,2019,2021.0,2.0,0.3947922496424401,0.13657813434834706,-17.92900044273112,9.521683193342843
OR4442412039420190903,2019,2021.0,2.0,0.503629917560817,0.24693926432111143,-17.68293344616018,6.317376097570758
OR4382511970020181020,2018,2021.0,3.0,0.44525050005014055,0.20264986844732052,-18.351489097562144,4.428842654285847
OR4359512099520190923,2019,2021.0,2.0,0.36464397549024796,0.07003079093766444,-19.108571632055583,7.672242826775812
CA4179612108320170813,2017,2021.0,4.0,0.16304144021951658,-0.06681530158909445,-23.861280640390884,2.060307784183558
OR4473012140020160415,2016,2021.0,5.0,0.41192845597694566,0.18102575792532724,-18.726406792476947,5.676677863988837
CA4077412213620180201,2018,2021.0,3.0,0.6342662939607134,0.46079044849609896,-14.332077360833923,12.7439879781621
CA4192012170520180516,2018,2021.0,3.0,0.472927648963458,0.45850884902700617,-19.264383995563023,1.949210140117251
OR4287611889620190315,2019,2021.0,2.0,0.4553647193195268,0.30997096769356597,-23.14050783981011,1.51718672463652
OR4383111898220190520,2019,2021.0,2.0,0.45200642195881363,0.1925987993660556,-19.180364030953168,15.702414070109747
OR4421611929720181025,2018,2021.0,3.0,0.5930621491687723,0.37230531486819207,-17.13431698092378,17.041660369911877
OR4261612132420180510,2018,2021.0,3.0,0.2869980769423168,-0.01889912494620969,-19.72163717594891,6.545321207700117
OR4441412049420180508,2018,2021.0,3.0,0.5572134793753231,0.3304873293874567,-16.90530800018861,15.719073557888452
CA4193212150720180221,2018,2021.0,3.0,0.4480842585644403,0.31578716151629027,-20.853760623504375,2.2160706159660206
OR4463911860120181026,2018,2021.0,3.0,0.5313263170095636,0.31116218416921554,-17.586776370018995,11.68987224170455
CA3759811955420160626,2016,2021.0,5.0,0.4708158512065762,0.2066916481862148,-15.79419191999348,18.653070663136507
CA3755212015420190901,2019,2021.0,2.0,0.2886714819084237,0.10471586521607704,-18.523346285870122,
CA3641011873720181004,2018,2021.0,3.0,0.6138395060082175,0.40813231500092595,-15.46171033560638,13.116057218776595
ID4273611666120160929,2016,2021.0,5.0,0.22725975845269297,-0.06447461907458157,-23.522591361625015,3.8906413426145976
CA3744911965020170829,2017,2021.0,4.0,0.5544206203526436,0.3292536811457807,-15.97269294609275,16.728302752713407
CA3721711946920170903,2017,2021.0,4.0,0.4254558142931948,0.20881546759641148,-16.514565589348578,15.822050520723055
CA3700411949520160730,2016,2021.0,5.0,0.3475725799734759,0.15955656219848643,-17.07547551616623,7.158960107481951
CA3779911892220160804,2016,2021.0,5.0,0.31657964854978593,0.08328827290303656,-19.945287984256137,5.892157984388398
CA3778011892120160917,2016,2021.0,5.0,0.2795090579668572,0.041631772012303093,-21.063420704498515,2.6922010013375623
CA3753811959820170813,2017,2021.0,4.0,0.4642525456855429,0.18732357252449883,-15.873428948423904,17.994731189705348
CA3764411961820170801,2017,2021.0,4.0,0.4892374488120414,0.19278174591319452,-16.78904844838309,14.658092454885862
CA3760511996620191006,2019,2021.0,2.0,0.3770179594997939,0.1478342816697708,-17.340375552316303,8.137462743732412
CA3756511912720180611,2018,2021.0,3.0,0.4293465282187111,0.15146417629208997,-16.44379364443576,13.273492680988587
CA3765211988120180713,2018,2021.0,3.0,0.48751935701482785,0.2823896261281014,-15.781247647720589,16.702054542081466
CA3782611887220190726,2019,2021.0,2.0,0.3633324069409582,0.14611888741569867,-19.12845681173353,12.523180842135531
OR4440811838320160731,2016,2021.0,5.0,0.45814414552747207,0.17405393352849666,-18.38992851002087,7.1128100370162235
OR4428511846020190809,2019,2021.0,2.0,0.4357078414520277,0.10632517918089794,-17.83600495118423,9.580993154741742
CA4005312066920190904,2019,2021.0,2.0,0.3962330341135999,0.11375182270445684,-18.364149998021368,6.393417250008681
CA3837311989620170819,2017,2021.0,4.0,0.45094034046880105,0.1766986082364981,-16.424911107983814,11.432689637721634
NV3882011959620171003,2017,2021.0,4.0,0.19220622970343887,-0.051821312014528956,-19.827132121947834,5.3340783686350255
CA3834911992920180801,2018,2021.0,3.0,0.41516374164345454,0.11510886225897182,-17.138599069023453,11.181899230775153
CA3839611945120180904,2018,2021.0,3.0,0.29349076697393156,0.027337198822404242,-20.064001390653225,1.0611119106858498
CA3872412014620191010,2019,2021.0,2.0,0.4457736791219844,0.15970220264323207,-16.96134948353091,17.08130200151349
CA3780912030120160926,2016,2021.0,5.0,0.3732901010081477,0.15175986760957644,-16.300060272245425,8.5519301505425
CA3761912020720170716,2017,2021.0,4.0,0.34189513122638976,0.1528601527795929,-17.384823218315283,6.57124324143486
CA3812011994120170904,2017,2021.0,4.0,0.5401113727088378,0.30560139866537156,-15.940025960857344,9.89277767354866
CA3611312128920160604,2016,2021.0,5.0,0.41312063422242673,0.17238984483712338,-17.290522020831983,3.1853495956430935
CA3606812023620170420,2017,2021.0,4.0,0.18079376004123984,-0.028939588363689144,-27.02316556265495,2.428593252758088
OR4407812030820160929,2016,2021.0,5.0,0.40815808531624537,0.14641797880732002,-18.63730706169307,7.258015196472556
OR4447912049720170909,2017,2021.0,4.0,0.4794723167824098,0.2065251994595962,-17.662080361393794,9.210763297925906
OR4504511946220190805,2019,2021.0,2.0,0.38769656190404134,0.1359926062909325,-18.474853640306872,11.66174333671687
OR4272312062320160817,2016,2021.0,5.0,0.15694536152286412,-0.05467921974454892,-21.552906988918295,4.022485058568282
OR4265012082720180815,2018,2021.0,3.0,0.3299740510935855,-0.01101555340731107,-19.27349860286992,5.558018499700658
CA4130712105620170725,2017,2021.0,4.0,0.33768229282814327,0.11984118100266535,-19.15510058908564,3.2801289850002813
CA4146612032120170803,2017,2021.0,4.0,0.344867040335544,0.10815153498360486,-18.869197105757657,8.216165980985831
CA4128112031520160917,2016,2021.0,5.0,0.5025872028638575,0.2886786431986931,-16.492169230665553,10.770163823805781
CA4139512105720180815,2018,2021.0,3.0,0.28693800561203886,0.04853942428897677,-19.739680054320832,6.92977662722631
CA4036812080220160911,2016,2021.0,5.0,0.28121009303976907,0.062015556765024044,-19.646500277219634,7.400251701387514
CA3990612097220170729,2017,2021.0,4.0,0.5371476925434202,0.31409774903689797,-15.90133092896714,16.78419336787687
CA4063012088020180727,2018,2021.0,3.0,0.2964632493931161,0.06744287362129174,-17.9451565992508,4.542651551610061
CA3982012144020181108,2018,2021.0,3.0,0.4395120183228317,0.29349861592429277,-17.42694421475482,8.156800921510888
CA3895812085620160628,2016,2021.0,5.0,0.6344801971973228,0.45945587798227305,-15.179715392839762,24.02331946049255
CA3946112141320170707,2017,2021.0,4.0,0.3801451623375572,0.1967361035368949,-16.555824042337708,7.521474497726153
CA3839112224120171009,2017,2021.0,4.0,0.4275889549559726,0.23840905322754713,-18.419165154368084,8.449094381188818
CA3838712252020171009,2017,2021.0,4.0,0.5017559861861272,0.3069820626322914,-17.221705009134062,9.532977896588669
CA3957512131620170829,2017,2021.0,4.0,0.403596167773967,0.17415999007874608,-17.529141730902655,13.41804198782179
CA3927312065620180903,2018,2021.0,3.0,0.4700410140813913,0.20875312091202664,-16.270040635686577,5.966164897742289
CA3710912184820160926,2016,2021.0,5.0,0.5931149500491208,0.3899437177725602,-15.606838997062429,10.77968499736402
CA3646112190120160722,2016,2021.0,5.0,0.6096668038467432,0.412949519763709,-15.593602939802143,18.4207539473841
OR4448812148120160607,2016,2021.0,5.0,0.424207404811975,0.17863209608326983,-18.489815313298358,4.317872997665017
OR4408412223820180819,2018,2021.0,3.0,0.7097047880595104,0.5350471307497835,-15.454977361958521,19.18549070179898
OR4470812185620170724,2017,2021.0,4.0,0.44281793401681735,0.14626749300684375,-16.98240942182432,11.371441100696192
OR4474912191520170811,2017,2021.0,4.0,0.3881237105638128,0.07572471101672455,-16.671072803306007,4.405758784011256
OR4400912217020170804,2017,2021.0,4.0,0.7494627801467126,0.5891961753800714,-15.722341142195676,8.558397667492912
OR4425712174320170811,2017,2021.0,4.0,0.4487275749487053,0.1536994752526563,-18.34442089680083,7.359161002293652
OR4410112190920170810,2017,2021.0,4.0,0.46164532405863645,0.09281841388631513,-17.62490731491126,6.607567272997847
OR4410112199420170810,2017,2021.0,4.0,0.7707665297010787,0.6283171923606903,-15.255716102430533,23.905532017379237
OR4412912209720170811,2017,2021.0,4.0,0.7270338282138592,0.54878079623427,-15.548379637123004,42.27494613444873
OR4404612205520170810,2017,2021.0,4.0,0.6708512902452207,0.4402844217603307,-15.777895331564231,14.415184625275595
OR4292412221220160728,2016,2021.0,5.0,0.39652935624420144,0.04807665137002046,-18.982874181418786,4.402940219266358
OR4279812231820170725,2017,2021.0,4.0,0.4037083623514451,0.04921712336034465,-18.128170237502566,9.985843461855412
OR4254212214420170810,2017,2021.0,4.0,0.4596406775158541,0.1663390969604134,-16.979648744432023,14.050715094439601
OR4298012228220170729,2017,2021.0,4.0,0.3849445490950215,-0.010468783249003577,-18.908934562590154,5.259394197555782
OR4311112241120170811,2017,2021.0,4.0,0.6258438153630249,0.39515285497998803,-15.676425967102071,15.210358742106958
OR4303712246520170809,2017,2021.0,4.0,0.59844090097613,0.36260364505128484,-15.74966065342246,15.423589579030429
OR4294112254720170808,2017,2021.0,4.0,0.6768161361143665,0.47973176360306397,-15.470749456503375,19.513213413552634
OR4309112272520170810,2017,2021.0,4.0,0.7142937942708903,0.5441635901218644,-15.622402350110173,27.757009858916305
OR4318212230620170809,2017,2021.0,4.0,0.6657807710527445,0.4562187855130432,-15.639845833051078,25.928468597173296
OR4340212236220170810,2017,2021.0,4.0,0.6647436474133518,0.4207115298051809,-16.29258068854207,14.462681024454584
OR4320912249720170811,2017,2021.0,4.0,0.6835395623701025,0.5086981545570155,-15.320394396600935,17.745261935468722
OR4330612262220170812,2017,2021.0,4.0,0.6888708553900645,0.5498271889153018,-15.460259413669958,23.34639708933271
OR4331112282720170810,2017,2021.0,4.0,0.6780669214077595,0.5408896757307272,-15.645340383867328,18.51883340829742
OR4375212142520170829,2017,2021.0,4.0,0.3451244884694472,0.005217650759891464,-20.175239364367474,3.5905441022279896
OR4258012299020180822,2018,2021.0,3.0,0.5707938791598556,0.3201701740899959,-16.594284862830722,22.259639969552598
OR4307312203920180715,2018,2021.0,3.0,0.391313162500621,0.05173329175032047,-18.463356208827854,2.8176944233641206
OR4275312292520180715,2018,2021.0,3.0,0.5529184642320376,0.29049873333401305,-16.368773147854395,17.22596686347421
OR4293812266120180715,2018,2021.0,3.0,0.6683847746528536,0.49425350505313337,-15.713076960978247,19.541775067032955
OR4282612280720180716,2018,2021.0,3.0,0.6382892161782767,0.4308304970573464,-15.471414497085998,18.573701062288084
CA4143512316220170626,2017,2021.0,4.0,0.5368393359759515,0.26940344754563755,-14.51682331535457,15.802100537190771
OR4209912285420180715,2018,2021.0,3.0,0.6136378687625886,0.3686602523955286,-16.04217600961689,17.436378577002515
CA4186612267020190905,2019,2021.0,2.0,0.3805616409404051,0.09571205641288948,-12.115726012993102,10.844079291028985
CA4018412336320170808,2017,2021.0,4.0,0.4859840798399775,0.22968518137848798,-17.323716022440955,16.99137648900115
CA4011512332020170808,2017,2021.0,4.0,0.4342883303762049,0.2090147929163662,-17.577534734445724,8.74436474246696
CA4077112312420170831,2017,2021.0,4.0,0.5563278128779017,0.31633571959887585,-14.917346033645392,7.862083006361411
CA4083912297820170808,2017,2021.0,4.0,0.5855684533922662,0.3569579592948488,-14.847281347683243,25.794528362428252
CA4022812303620170913,2017,2021.0,4.0,0.5599403327183655,0.3363433491745762,-15.161813132334094,15.278316261034098
CA4010912278920190905,2019,2021.0,2.0,0.43194648803928964,0.15688662942842643,-15.165075470678737,12.280760292264128
CA4088712301420190905,2019,2021.0,2.0,0.5388242972764985,0.2613465878544504,-13.950080550611942,12.4263143874893
CA4061612352420180904,2018,2021.0,3.0,0.5768805079537929,0.38676374065899827,-15.741465498801313,7.325557746569313
CA4089112222820180809,2018,2021.0,3.0,0.6282008259638933,0.44710840310207495,-14.935004357042336,15.984078085096465
CA4094312242720180905,2018,2021.0,3.0,0.4683508264702483,0.24618046648738423,-15.881954110689973,12.589589832859248
OR4517811742720190728,2019,2022.0,3.0,0.47166216873983696,0.1782602613697631,-18.325762771065484,2.164770637649813
OR4563012190420170902,2017,2022.0,5.0,0.6913155816296734,0.45818519713262407,-16.081609832014333,17.264592466220176
ID4540111652720170908,2017,2022.0,5.0,0.5753018136706797,0.35087511930256815,-16.797298481047743,15.854777421270036
OR4540011770020161024,2016,2022.0,6.0,0.569254964499434,0.3686463641372877,-15.843070206540531,13.375074302944023
ID4554811595020170801,2017,2022.0,5.0,0.57766865181852,0.29222606444404664,-15.189014474357831,8.400959088015707
ID4431311660320161007,2016,2022.0,6.0,0.23783567700453798,0.1487692451787682,-22.30033946172016,2.9698709703994215
ID4489011641020160503,2016,2022.0,6.0,0.6706554857055651,0.5043304053410647,-17.116395240538562,12.234479287972576
WA4610611995920180908,2018,2022.0,4.0,0.18908813300562985,-0.0226490432068559,-25.612666286569493,2.027222252564662
ID4601011688120170715,2017,2022.0,5.0,0.3292657884688294,0.2116177870116137,-20.349882361596197,3.13925183268951
WA4567012103420180801,2018,2022.0,4.0,0.24822709418098401,0.07067671853637426,-22.404541779683694,2.603968966796563
ID4544811630920160818,2016,2022.0,6.0,0.33658553318434936,0.2424169152685278,-18.364884956949815,10.27491340243233
OR4560011651620170711,2017,2022.0,5.0,0.3260024862265494,0.1402645297026877,-16.59567803133744,8.149903059245851
OR4597411899820180729,2018,2022.0,4.0,0.2624308930777025,0.10201678826695848,-24.051902089050675,3.656638488570681
WA4597011911020180622,2018,2022.0,4.0,0.2739944288062579,0.14681446617421143,-23.247958834220274,1.2827009310585915
OR4548011857620180810,2018,2022.0,4.0,0.3077206639802547,0.21978085323430938,-20.796015890669235,2.8151529767687418
ID4603311692920180809,2018,2022.0,4.0,0.3004453754960388,0.16053481520547938,-20.43636523291548,1.2218113617417732
ID4603611671720170715,2017,2022.0,5.0,0.3574976538555466,0.20581794587209332,-18.303765761458983,4.33828042382952
ID4458311709720180915,2018,2022.0,4.0,0.29210774653215377,0.2240308553964212,-20.240343792885646,2.6929247639237883
ID4490011637920180515,2018,2022.0,4.0,0.710329749945791,0.5480101798700419,-17.83592518130782,9.136007408921154
OR4531411905220180816,2018,2022.0,4.0,0.25725131656501976,0.10352706844581057,-22.921704385754214,2.248508784485078
ID4427411715120180716,2018,2022.0,4.0,0.18696992460561632,-0.008680938681524733,-22.66188771860489,5.714437556064724
OR4443511721920170803,2017,2022.0,5.0,0.2329673389926495,0.06631326366269606,-18.629956408887978,7.489477522828516
ID4447411719020180725,2018,2022.0,4.0,0.22118246290936985,0.08029611779417656,-19.684885121234014,6.743041379447496
OR4562412106720160701,2016,2022.0,6.0,0.24965164749649288,0.13766239026588897,-23.4453145804909,3.275732695784205
ID4533411639120180723,2018,2022.0,4.0,0.6013397458098009,0.32713957808586347,-14.003129555543495,21.810349864489623
OR4596611865220190731,2019,2022.0,3.0,0.23932082001195895,0.11407858590986591,-23.244842901924105,0.9658410331705495
ID4451711685020180725,2018,2022.0,4.0,0.2785876462450484,0.14113214089631096,-21.16999663870299,3.9519551545497835
ID4467611644820180726,2018,2022.0,4.0,0.41025183649134433,0.2683596020767609,-20.135440628448297,5.1903710243764944
OR4511811697520181030,2018,2022.0,4.0,0.5910307161987747,0.30117626778367396,-15.839872080388163,14.437018188912882
OR4576011699020161024,2016,2022.0,6.0,0.5704990318050758,0.3657374610656739,-17.091098451968534,16.566092873869398
ID4253511698720170918,2017,2022.0,5.0,0.2863318817623269,0.07173965883711679,-21.82096792952605,3.4998594920670536
ID4248911688820190828,2019,2022.0,3.0,0.41232134338493687,0.11129059431014593,-19.763743853395074,5.510013900398254
OR4462111846220170616,2017,2022.0,5.0,0.5693101452222441,0.31305514464795847,-17.915307598810006,15.385589589438766
OR4414911858320190930,2019,2022.0,3.0,0.4868952350012662,0.20347033445514823,-18.880765921084613,5.14103249897536
OR4372011979020160515,2016,2022.0,6.0,0.5098875987917069,0.2741086882026723,-17.549121975821073,15.54544294640691
OR4372111979120170504,2017,2022.0,5.0,0.44532802531648047,0.2008065000304487,-17.983768350278236,12.414262644293885
CA4137212197020190922,2019,2022.0,3.0,0.46525263965758484,0.17234084879401704,-18.821133992933532,10.697230562190422
OR4265012175420190503,2019,2022.0,3.0,0.46000183321463367,0.19601882233683784,-18.29534284463381,15.99602911458989
OR4304512197320190915,2019,2022.0,3.0,0.5246100972279383,0.23654054968334567,-17.859489499762024,10.833177797220056
CA4119012308020171102,2017,2022.0,5.0,0.7045880875748841,0.4953824820171318,-14.248128179576993,20.77295387075792
OR4396011847820161001,2016,2022.0,6.0,0.288638000069336,0.054568906359936054,-21.122220941336778,3.4637848691729554
OR4417011845020160926,2016,2022.0,6.0,0.5490391912459939,0.270582966701859,-17.363425645655298,8.668447179179251
OR4305111881420170401,2017,2022.0,5.0,0.5438018973037919,0.3566497053459239,-22.801379883981415,2.2708530640968383
CA3719112078820191002,2019,2022.0,3.0,0.37995352469860966,0.2476613256375326,-22.06856274260704,3.1155104270510323
OR4441112073920191031,2019,2022.0,3.0,0.4154948486931592,0.15440775108684718,-17.72714573963672,10.411486371907264
OR4442412039420190903,2019,2022.0,3.0,0.5632812641991374,0.2913142469624909,-17.479856856642105,3.4895769364695615
OR4382511970020181020,2018,2022.0,4.0,0.4862629084412031,0.23126119973897277,-18.142381748208006,17.066127028433016
OR4359512099520190923,2019,2022.0,3.0,0.3991108357712094,0.07953576479127535,-18.984736354298818,6.014726057598866
CA4179612108320170813,2017,2022.0,5.0,0.18685668872464678,0.004944912138952504,-23.551336975447466,2.4977128581783634
OR4473012140020160415,2016,2022.0,6.0,0.436113259960895,0.1781981216548137,-18.415119607499502,3.3470362958765727
CA4077412213620180201,2018,2022.0,4.0,0.6561455758906765,0.4608380408530754,-14.40495690463675,15.439179389872601
CA4192012170520180516,2018,2022.0,4.0,0.33322266058924455,0.14406617382509052,-21.38822639491866,0.9058228576217234
OR4287611889620190315,2019,2022.0,3.0,0.4673213221458562,0.29747995924881604,-23.39428492404029,1.9648058491185763
OR4383111898220190520,2019,2022.0,3.0,0.4815641550053817,0.22070566422026544,-19.057337432020176,9.598911717461576
OR4421611929720181025,2018,2022.0,4.0,0.6218367162570643,0.38739344920522606,-16.986032221334646,16.49260424045904
OR4261612132420180510,2018,2022.0,4.0,0.3320820712028493,-0.012004082299179063,-19.920969498588093,6.086768808215752
OR4441412049420180508,2018,2022.0,4.0,0.58854613410813,0.34270077773339885,-16.816309906649096,9.227463690382057
CA4193212150720180221,2018,2022.0,4.0,0.2323784546313739,0.003949310295761982,-23.288294488728816,2.876228079154911
OR4463911860120181026,2018,2022.0,4.0,0.5832468628428975,0.3415176006986834,-17.7284228916552,8.16930922413649
CA3759811955420160626,2016,2022.0,6.0,0.4901887911367143,0.20759407654778386,-15.924487679879354,20.6566565130767
CA3755212015420190901,2019,2022.0,3.0,0.3270555440709881,0.08531537123220306,-18.430195666970477,4.192360997065621
CA3641011873720181004,2018,2022.0,4.0,0.6480809710561086,0.43242414090364906,-15.512517984126827,26.487331414174406
ID4273611666120160929,2016,2022.0,6.0,0.26617667078102075,0.06286334728463865,-22.785228058354562,3.3860862587273868
CA3744911965020170829,2017,2022.0,5.0,0.6139283980562322,0.3984017752630072,-15.865689015728657,6.146651524207992
CA3721711946920170903,2017,2022.0,5.0,0.4691961786514532,0.28624564754387793,-16.40692593740985,11.680382971730097
CA3700411949520160730,2016,2022.0,6.0,0.36563204479671696,0.16226572426798058,-17.048145208394963,8.873851393189097
CA3779911892220160804,2016,2022.0,6.0,0.34992659063375575,0.10634287926889023,-19.713945040062868,5.631081700529626
CA3778011892120160917,2016,2022.0,6.0,0.325075660849685,0.08939135617015175,-20.70779950173407,5.0245955727155005
CA3753811959820170813,2017,2022.0,5.0,0.4874094547262746,0.21052424667447484,-15.950923086190004,18.277171781044984
CA3764411961820170801,2017,2022.0,5.0,0.5137252396450466,0.21400874089613836,-16.72809093166915,13.682114536541008
CA3760511996620191006,2019,2022.0,3.0,0.4187023352856673,0.20209683850594956,-16.94397140808792,6.955898865572177
CA3756511912720180611,2018,2022.0,4.0,0.4616988667992581,0.18776563982039138,-16.5363666406329,13.780111222513288
CA3765211988120180713,2018,2022.0,4.0,0.5146786387931306,0.31590786806799787,-15.713818595020259,11.524090889844075
CA3782611887220190726,2019,2022.0,3.0,0.38409680403542246,0.15685576896793518,-19.059422505303974,9.116830449070797
OR4440811838320160731,2016,2022.0,6.0,0.5244377152546141,0.23503819929458494,-17.88469603100946,5.506231169987234
OR4428511846020190809,2019,2022.0,3.0,0.4967253620445968,0.1659208746669781,-16.93497209975682,12.530977127078222
CA4005312066920190904,2019,2022.0,3.0,0.4553996939296533,0.18258210905384753,-18.037936414925703,7.926509405662839
CA3837311989620170819,2017,2022.0,5.0,0.49872235353283245,0.23344628259941105,-16.339635462837446,8.4064748057863
NV3882011959620171003,2017,2022.0,5.0,0.22141550987798175,0.015429293406527702,-19.704531213026062,4.67695364567571
CA3834911992920180801,2018,2022.0,4.0,0.45467475057007917,0.15996099749773512,-16.986122895148963,13.257582306509244
CA3839611945120180904,2018,2022.0,4.0,0.31696031151335374,0.0834225399203744,-19.89071154802898,6.2232098438087515
CA3872412014620191010,2019,2022.0,3.0,0.4915306494398144,0.21005656949223694,-17.007967932858957,16.516855467002934
CA3780912030120160926,2016,2022.0,6.0,0.4119804987690529,0.21057537613402433,-16.08909620268627,
CA3761912020720170716,2017,2022.0,5.0,0.3708205764626571,0.14743010664118653,-17.252029754000457,7.510905340945074
CA3812011994120170904,2017,2022.0,5.0,0.5742337274963177,0.3196537595626418,-16.03377547812633,21.471467971058075
CA3611312128920160604,2016,2022.0,6.0,0.4109643079043712,0.15757020015169038,-16.96512973396362,8.440129244302522
CA3606812023620170420,2017,2022.0,5.0,0.16493528199548266,-0.06258057173405247,-27.155075931937592,3.7229232293238788
OR4407812030820160929,2016,2022.0,6.0,0.4478971799738373,0.21078383436983572,-18.184684840490963,8.761009499740561
OR4447912049720170909,2017,2022.0,5.0,0.5756184168938981,0.31313767426023503,-17.418049405148835,3.5272687542649814
OR4504511946220190805,2019,2022.0,3.0,0.4456135171445943,0.20469420550585438,-18.489774116836323,0.0
OR4272312062320160817,2016,2022.0,6.0,0.19343852290955912,0.0159443374370397,-21.030507889282937,3.7435308976733537
OR4265012082720180815,2018,2022.0,4.0,0.39353322788722467,0.04174287793112118,-18.65918355143351,6.5051856713786
CA4130712105620170725,2017,2022.0,5.0,0.39931310480456866,0.2112683816655073,-18.849027378671753,6.769520340875164
CA4146612032120170803,2017,2022.0,5.0,0.40421382507104603,0.1895066060480015,-18.33307567851678,9.91044502780279
CA4128112031520160917,2016,2022.0,6.0,0.5577094478585461,0.3304272430016864,-16.37847792170503,13.740002079758662
CA4139512105720180815,2018,2022.0,4.0,0.3319896256024163,0.12169042455952418,-19.574270261808085,4.788437004781287
CA4036812080220160911,2016,2022.0,6.0,0.3371712418098263,0.12879276315257293,-19.66473098923343,7.021515045454558
CA3990612097220170729,2017,2022.0,5.0,0.5869980243597113,0.34947268829668304,-15.782298231727031,16.83613465625083
CA4063012088020180727,2018,2022.0,4.0,0.366831226521194,0.13075783822279782,-17.66698155133869,4.28182065515505
CA3982012144020181108,2018,2022.0,4.0,0.4894084924648753,0.3026668733504848,-17.214749456889013,9.549393795471198
CA3895812085620160628,2016,2022.0,6.0,0.6739014446154517,0.479069989977949,-15.09560344154402,21.879030199548016
CA3946112141320170707,2017,2022.0,5.0,0.38062679492502643,0.18114011977239186,-16.64345621768453,7.439269252597155
CA3839112224120171009,2017,2022.0,5.0,0.44245336352438047,0.2109436012943888,-18.02627050294538,7.8746348454493615
CA3838712252020171009,2017,2022.0,5.0,0.527826027616643,0.2980613803336887,-16.960151376798986,15.173784390808088
CA3957512131620170829,2017,2022.0,5.0,0.5135808463367014,0.2894130462135299,-16.88613079344579,12.858548836573467
CA3927312065620180903,2018,2022.0,4.0,0.5623736008694427,0.3125497606790506,-16.080408683984615,11.679459142221376
CA3710912184820160926,2016,2022.0,6.0,0.6488889725062484,0.43615069071977963,-15.293785173966874,12.110805340005474
CA3646112190120160722,2016,2022.0,6.0,0.6400889278356736,0.43673001571589637,-15.3915626968133,16.348857780544037
OR4448812148120160607,2016,2022.0,6.0,0.4661616873848972,0.21962882823102742,-18.118665216249546,4.969757707236853
OR4408412223820180819,2018,2022.0,4.0,0.7151676913865669,0.5172555878577689,-15.236683366351338,9.957081713668009
OR4470812185620170724,2017,2022.0,5.0,0.48477776341181267,0.18671275545315275,-16.907446545651204,14.411649916800561
OR4474912191520170811,2017,2022.0,5.0,0.45828968709667733,0.1364956682018899,-16.614619488084724,19.590725165610124
OR4400912217020170804,2017,2022.0,5.0,0.7579623773045566,0.579181224883418,-15.433711534514561,16.12768169668939
OR4425712174320170811,2017,2022.0,5.0,0.5247186864606505,0.21894517221838466,-18.101051514001025,6.347973481787642
OR4410112190920170810,2017,2022.0,5.0,0.4736751086684031,0.09248975334232336,-17.827357873408985,7.535775366965107
OR4410112199420170810,2017,2022.0,5.0,0.7712431191873933,0.6045643253131369,-15.002725072281292,29.16401167013338
OR4412912209720170811,2017,2022.0,5.0,0.7349473828812764,0.5315236209679564,-15.470208571022214,17.86101247261624
OR4404612205520170810,2017,2022.0,5.0,0.6927799594865715,0.42899205742409297,-15.729947543420028,10.248652468114987
OR4292412221220160728,2016,2022.0,6.0,0.45098397933621914,0.08214383686920804,-19.143647956148484,5.807613100861181
OR4279812231820170725,2017,2022.0,5.0,0.45972557802063263,0.07173842336747202,-17.99224847394527,11.825837013658393
OR4254212214420170810,2017,2022.0,5.0,0.504466618742535,0.17337291303414507,-16.791811122670744,13.364134205536189
OR4298012228220170729,2017,2022.0,5.0,0.4351950497617958,0.00834286109552396,-19.04332505294618,4.100335646571906
OR4311112241120170811,2017,2022.0,5.0,0.6594574459086949,0.37590999651907553,-15.592929107100774,23.979552353408497
OR4303712246520170809,2017,2022.0,5.0,0.6397045857648613,0.35009297694107244,-15.656682556445052,18.482375875165953
OR4294112254720170808,2017,2022.0,5.0,0.7212779820808896,0.4820067471554677,-15.327047911020538,24.79829484987764
OR4309112272520170810,2017,2022.0,5.0,0.7625162618756044,0.5597305857718013,-15.51284539870965,21.095494094904467
OR4318212230620170809,2017,2022.0,5.0,0.7026667136970941,0.4478759427249225,-15.670045173455039,18.56705929181616
OR4340212236220170810,2017,2022.0,5.0,0.6777957251543085,0.42006347248185927,-15.462508809499242,13.148114369971081
OR4320912249720170811,2017,2022.0,5.0,0.7226644287733184,0.5037884126080722,-15.323522805624657,11.287790841888945
OR4330612262220170812,2017,2022.0,5.0,0.742608140546997,0.5442970909931785,-15.280920960800753,13.529640731617937
OR4331112282720170810,2017,2022.0,5.0,0.7380154237939482,0.5516544123101865,-15.834247683433633,12.217908785594116
OR4375212142520170829,2017,2022.0,5.0,0.4591089060273798,0.12503690779101295,-19.54965563911521,3.3759106352292703
OR4258012299020180822,2018,2022.0,4.0,0.6493085272092561,0.4214158484524479,-16.560864297739716,3.5617609560022467
OR4307312203920180715,2018,2022.0,4.0,0.4295882713406805,0.04269261038396187,-18.54776428534088,2.4724813865721735
OR4275312292520180715,2018,2022.0,4.0,0.6222301061722008,0.3610707478908341,-16.189496992507383,11.505343708375454
OR4293812266120180715,2018,2022.0,4.0,0.7268512986742328,0.5022921362773044,-15.75548333596262,15.791416296614488
OR4282612280720180716,2018,2022.0,4.0,0.7027744199221108,0.4754793818464778,-15.354143931063149,15.67435130615442
CA4143512316220170626,2017,2022.0,5.0,0.6004747494857106,0.3265308620206062,-14.70910734059363,14.534548220659614
OR4209912285420180715,2018,2022.0,4.0,0.6589147830933063,0.4021937623105054,-15.93547843316439,32.09221303826357
CA4186612267020190905,2019,2022.0,3.0,0.41092041672845847,0.11967836627292115,-13.13248088803702,10.683825951621747
CA4018412336320170808,2017,2022.0,5.0,0.5336915282149635,0.27159183939774717,-17.32185917295213,11.972996283805296
CA4011512332020170808,2017,2022.0,5.0,0.4817590984358437,0.23130715690688092,-17.735246770435147,11.43052234509121
CA4077112312420170831,2017,2022.0,5.0,0.5903568294726791,0.33097642758337187,-15.199680838776175,19.641518351003473
CA4083912297820170808,2017,2022.0,5.0,0.6416017332784161,0.3944393826349487,-15.678634318102114,21.182694137355323
CA4022812303620170913,2017,2022.0,5.0,0.6211730074589258,0.3807856137119184,-15.781303043758149,23.73490117678754
CA4010912278920190905,2019,2022.0,3.0,0.477016691918794,0.2068752460615442,-15.115023917833815,13.449299228526753
CA4088712301420190905,2019,2022.0,3.0,0.6315526412818565,0.3578448469219847,-15.365103359583182,15.73920599180257
CA4061612352420180904,2018,2022.0,4.0,0.6462698513697457,0.408160465083851,-15.279699481158236,7.3897393694731734
CA4089112222820180809,2018,2022.0,4.0,0.673188428937953,0.46469589007810846,-14.77602837942724,19.855970977029273
CA4094312242720180905,2018,2022.0,4.0,0.5378635363253899,0.29448790615033754,-15.865702009206665,9.542947321245888
OR4517811742720190728,2019,2023.0,4.0,0.49595695543655144,0.2132309372665881,-18.531572147466033,0.2119233727107058
OR4563012190420170902,2017,2023.0,6.0,0.6871654394329583,0.4700346908136925,-16.35361773243754,7.0310792905811255
ID4540111652720170908,2017,2023.0,6.0,0.593073300492034,0.3464484939361654,-16.721046959014494,
OR4540011770020161024,2016,2023.0,7.0,0.5769278319385236,0.3450290598644042,-16.241846175889833,0.0
ID4554811595020170801,2017,2023.0,6.0,0.5994432556203433,0.3030646373727897,-14.902413400818308,5.725107540683269
ID4431311660320161007,2016,2023.0,7.0,0.25431164046065874,-3.812849901359093E-4,-22.855328277170738,1.798526737804479
ID4489011641020160503,2016,2023.0,7.0,0.6796842186246342,0.5058192862050752,-17.119942081955358,5.991626154337002
WA4610611995920180908,2018,2023.0,5.0,0.18934487579501716,-0.05586746155313865,-26.561318662312896,
ID4601011688120170715,2017,2023.0,6.0,0.2674434855488263,0.11989611572516262,-21.513717739033307,0.0
WA4567012103420180801,2018,2023.0,5.0,0.23183483615454228,0.08740141798022996,-23.939142350265207,7.743553645164409
ID4544811630920160818,2016,2023.0,7.0,0.3541971278635783,0.16876428471106172,-18.67003099869227,8.131877566378291
OR4560011651620170711,2017,2023.0,6.0,0.30780055527058603,0.04018468149891013,-16.801674322276305,
OR4597411899820180729,2018,2023.0,5.0,0.2088558359995429,-0.11213803471958096,-27.089700977234823,0.0
WA4597011911020180622,2018,2023.0,5.0,0.2539755035661538,0.08418449599888901,-25.544875072122295,0.0
OR4548011857620180810,2018,2023.0,5.0,0.281552366823303,0.10365547267185372,-21.98219360959845,
ID4603311692920180809,2018,2023.0,5.0,0.24132166673666214,0.08151608150925413,-21.54303587683542,4.971938142695717
ID4603611671720170715,2017,2023.0,6.0,0.3107506504872237,0.13100118664661609,-18.972468071651644,1.5886888344105798
ID4458311709720180915,2018,2023.0,5.0,0.33372784053628846,0.2000749556394105,-21.41498096881302,9.308370216400155
ID4490011637920180515,2018,2023.0,5.0,0.7224499519563298,0.5583704168312066,-17.847828321312274,0.5407413551840125
OR4531411905220180816,2018,2023.0,5.0,0.22643886193622603,0.06007576266695215,-24.359856238123065,4.554222891921228
ID4427411715120180716,2018,2023.0,5.0,0.24052411703214818,0.03366721098085021,-21.79167527106006,
OR4443511721920170803,2017,2023.0,6.0,0.28376949443033794,0.060204660116203866,-18.986560595788497,
ID4447411719020180725,2018,2023.0,5.0,0.25969898505333483,0.05424666562849821,-19.906901734801366,
OR4562412106720160701,2016,2023.0,7.0,0.22430617326607877,0.11668865061655823,-25.265207422803975,
ID4533411639120180723,2018,2023.0,5.0,0.643069745584012,0.37252827021867224,-13.831206376157246,2.77434191527347
OR4596611865220190731,2019,2023.0,4.0,0.21149091410072327,0.08886992028676156,-25.986791250985668,0.053156652369901025
ID4451711685020180725,2018,2023.0,5.0,0.3049754221955946,0.07850127465767082,-21.49557300485759,3.96388732980476
ID4467611644820180726,2018,2023.0,5.0,0.4259435866764825,0.21807608522333546,-20.182710530293843,0.0
OR4511811697520181030,2018,2023.0,5.0,0.6238005025455214,0.33840394333180474,-16.106647555724553,0.0
OR4576011699020161024,2016,2023.0,7.0,0.5856277781204602,0.35576837522741683,-17.614487354127245,0.0
ID4253511698720170918,2017,2023.0,6.0,0.28427437004738526,0.024216503666036036,-21.73467412543257,0.007597016991943354
ID4248911688820190828,2019,2023.0,4.0,0.44484137330646883,0.16155923859097884,-19.53994456928874,8.2288203297949
OR4462111846220170616,2017,2023.0,6.0,0.5911545945883816,0.3184187288011935,-17.93294259183912,
OR4414911858320190930,2019,2023.0,4.0,0.5263712589111812,0.21876700051239784,-18.85263030557201,
OR4372011979020160515,2016,2023.0,7.0,0.5203436466166469,0.2574817879907817,-17.36992691588017,13.400000223319998
OR4372111979120170504,2017,2023.0,6.0,0.4538179482501181,0.17834694570564003,-17.757553603585414,11.437509285730279
CA4137212197020190922,2019,2023.0,4.0,0.46852333973016513,0.17757228282168513,-18.86534930123626,28.413305303610095
OR4265012175420190503,2019,2023.0,4.0,0.4798720403949842,0.2301002858766106,-18.46365189903033,6.0991611882035714
OR4304512197320190915,2019,2023.0,4.0,0.5366118965828143,0.23617432657643006,-17.984587469121966,7.710061598922263
CA4119012308020171102,2017,2023.0,6.0,0.7046417349610608,0.5002825956056798,-14.144674051138368,5.657322289661405
OR4396011847820161001,2016,2023.0,7.0,0.3408006616700068,0.07522040665671742,-20.971023883605984,3.7210628040602747
OR4417011845020160926,2016,2023.0,7.0,0.5888901109287934,0.3110723197688955,-17.245455260313154,
OR4305111881420170401,2017,2023.0,6.0,0.6543142287836814,0.5025581022502488,-22.043437694124844,
CA3719112078820191002,2019,2023.0,4.0,0.44034183418903294,0.35502148259726585,-21.573533006103045,0.0
OR4441112073920191031,2019,2023.0,4.0,0.42177797561477837,0.1756546691177566,-17.974543684558157,
OR4442412039420190903,2019,2023.0,4.0,0.565509292800957,0.3062859853530992,-17.747895862447777,13.515115557702133
OR4382511970020181020,2018,2023.0,5.0,0.49264067165274517,0.20896786313941226,-18.096819965632392,10.017654995535816
OR4359512099520190923,2019,2023.0,4.0,0.42626650822141604,0.11044198950373213,-19.070793095138868,11.695280359502538
CA4179612108320170813,2017,2023.0,6.0,0.2038788257105012,0.037394724895343005,-22.953289603558705,0.0
OR4473012140020160415,2016,2023.0,7.0,0.44153931704313526,0.21718937599534208,-18.712274715801552,
CA4077412213620180201,2018,2023.0,5.0,0.6850240180481207,0.5023980809379295,-14.618424658685047,0.0
CA4192012170520180516,2018,2023.0,5.0,0.23099678006438348,0.05651952942555827,-25.6393841184799,2.229002264564649
OR4287611889620190315,2019,2023.0,4.0,0.6254624778436292,0.47806706391243226,-23.125664255252065,0.25135612067428004
OR4383111898220190520,2019,2023.0,4.0,0.4939389815119387,0.2224400487175295,-18.857386551604556,3.955016832891712
OR4421611929720181025,2018,2023.0,5.0,0.6215891709954863,0.3675636201046756,-17.08819638802839,17.446770332150844
OR4261612132420180510,2018,2023.0,5.0,0.3665245471675619,0.05377667437878871,-20.12841280374365,10.38114757437451
OR4441412049420180508,2018,2023.0,5.0,0.592210150197204,0.35379826781982593,-16.99983723270258,4.73744544770809
CA4193212150720180221,2018,2023.0,5.0,0.5265104397527799,0.31615251550185036,-18.800038694237795,1.9548546392785762
OR4463911860120181026,2018,2023.0,5.0,0.6008390839450395,0.3341565592286587,-17.94017306564781,0.0
CA3759811955420160626,2016,2023.0,7.0,0.5123201889504226,0.2532440230687796,-15.693661426434044,
CA3755212015420190901,2019,2023.0,4.0,0.3464852946699245,0.14735314824670118,-18.85519436460258,
CA3641011873720181004,2018,2023.0,5.0,0.6845262722109625,0.46812891906259707,-15.480011702072979,2.16879418999583
ID4273611666120160929,2016,2023.0,7.0,0.25928897924653505,-0.017459923460434856,-22.683498294705693,
CA3744911965020170829,2017,2023.0,6.0,0.6599382823889192,0.44703810060936544,-15.565597525064033,9.777591485335385
CA3721711946920170903,2017,2023.0,6.0,0.5276754079345126,0.30616289673771996,-16.288259878337353,10.779680552649657
CA3700411949520160730,2016,2023.0,7.0,0.42387058547504425,0.25076339635868794,-17.12084460029379,0.0
CA3779911892220160804,2016,2023.0,7.0,0.3895530116500842,0.13581334765396008,-19.465517654723303,11.959863985591742
CA3778011892120160917,2016,2023.0,7.0,0.36656855584695397,0.11618717624764684,-20.4790389481511,9.669990240096642
CA3753811959820170813,2017,2023.0,6.0,0.5229425223080931,0.25322901315895974,-15.893960873337598,
CA3764411961820170801,2017,2023.0,6.0,0.5526855363738307,0.27153606578754796,-16.401451336760918,24.96071256103789
CA3760511996620191006,2019,2023.0,4.0,0.46323906215706556,0.2630733517678346,-16.982302668064015,12.05124597281626
CA3756511912720180611,2018,2023.0,5.0,0.4905228297330889,0.2614985659734558,-16.444750267507786,7.980736607624044
CA3765211988120180713,2018,2023.0,5.0,0.573579523130591,0.3676712619622369,-15.850051769485981,18.744476055436618
CA3782611887220190726,2019,2023.0,4.0,0.40736575555056936,0.176904642530932,-18.779538574730196,9.473403280849718
OR4440811838320160731,2016,2023.0,7.0,0.5623674295257144,0.28023743535155504,-17.752067634056196,12.020107993868407
OR4428511846020190809,2019,2023.0,4.0,0.5296365140519035,0.20281842413874984,-16.806453100837846,6.30597517685508
CA4005312066920190904,2019,2023.0,4.0,0.5075467781173019,0.24308691117210277,-17.465081675908255,10.018400433971486
CA3837311989620170819,2017,2023.0,6.0,0.5264072796243598,0.2773855158225574,-16.023941886831658,0.177439185831107
NV3882011959620171003,2017,2023.0,6.0,0.25264110374214643,0.04028461262779327,-19.167307929288725,4.174409648821247
CA3834911992920180801,2018,2023.0,5.0,0.48675759709460625,0.21226647297232332,-16.61924339097447,6.531275713874299
CA3839611945120180904,2018,2023.0,5.0,0.3668089632882147,0.14980544900035372,-19.644450743272458,5.148334176516355
CA3872412014620191010,2019,2023.0,4.0,0.5230480826199193,0.2596174131485803,-16.91290325766237,4.380000114440918
CA3780912030120160926,2016,2023.0,7.0,0.467139213486365,0.2595271392031912,-16.16929523458539,8.38366510021725
CA3761912020720170716,2017,2023.0,6.0,0.4081649175984081,0.2146658807796511,-17.542369893465,2.722099657908948
CA3812011994120170904,2017,2023.0,6.0,0.5973768993776727,0.3567070544880785,-15.992972733717338,8.714644574595319
CA3611312128920160604,2016,2023.0,7.0,0.4868960696829801,0.2579791788225209,-16.912633444686957,
CA3606812023620170420,2017,2023.0,6.0,0.24875632094944364,0.14927209943809802,-27.870254709492738,
OR4407812030820160929,2016,2023.0,7.0,0.47333969965620476,0.22587659030537818,-18.312530657440334,14.609582943267055
OR4447912049720170909,2017,2023.0,6.0,0.5761644761355161,0.3294393796051423,-17.557789184194643,0.0
OR4504511946220190805,2019,2023.0,4.0,0.4375374881943972,0.17303582356006564,-19.237534375137578,0.0
OR4272312062320160817,2016,2023.0,7.0,0.27566408268697945,0.08820729354722535,-20.043403000704004,0.0
OR4265012082720180815,2018,2023.0,5.0,0.427854842005462,0.0932774998278587,-18.58705607949164,3.7013295135894775
CA4130712105620170725,2017,2023.0,6.0,0.4343393629336431,0.23242470124413314,-18.487434308007707,0.007074874540595477
CA4146612032120170803,2017,2023.0,6.0,0.4366444718004878,0.2025546701180428,-18.014264180343098,3.5279945557109973
CA4128112031520160917,2016,2023.0,7.0,0.5912338045202051,0.3685562414964206,-16.198633053388637,0.0
CA4139512105720180815,2018,2023.0,5.0,0.3575703625259523,0.1079897018818106,-19.478820165499027,4.809030876093081E-4
CA4036812080220160911,2016,2023.0,7.0,0.3535759213083784,0.08471685432183891,-19.51663858679381,
CA3990612097220170729,2017,2023.0,6.0,0.606247851329855,0.36908683048330476,-15.690359094005336,21.091902569957558
CA4063012088020180727,2018,2023.0,5.0,0.4068675674504387,0.1569324376888037,-17.59815878491154,1.9181364394469798
CA3982012144020181108,2018,2023.0,5.0,0.5228853749755666,0.36071532415479296,-17.35416314719673,7.034268848531926
CA3895812085620160628,2016,2023.0,7.0,0.6873823345071853,0.5057248863670334,-15.145436477639086,
CA3946112141320170707,2017,2023.0,6.0,0.42421745054615206,0.2004911375807395,-16.770234292414777,8.05308549165965
CA3839112224120171009,2017,2023.0,6.0,0.4872947468194664,0.2923732509515492,-18.176645263228636,0.0
CA3838712252020171009,2017,2023.0,6.0,0.564487851674736,0.36946673459620843,-17.03595403383171,3.4015353778005375
CA3957512131620170829,2017,2023.0,6.0,0.5664677621405947,0.3344420759139545,-16.909874479925442,8.281454895383842
CA3927312065620180903,2018,2023.0,5.0,0.5740989249457296,0.3331640938723342,-15.74008208145008,
CA3710912184820160926,2016,2023.0,7.0,0.6832641269495897,0.496225729691903,-15.629059184998638,
CA3646112190120160722,2016,2023.0,7.0,0.682569613978733,0.5096221986430751,-15.749533505282873,12.458971131636499
OR4448812148120160607,2016,2023.0,7.0,0.46301898958103793,0.2596803729768473,-18.150882326650567,6.178020794917895
OR4408412223820180819,2018,2023.0,5.0,0.7034956085640638,0.5432283671287315,-15.654478423673115,25.726384986488046
OR4470812185620170724,2017,2023.0,6.0,0.46368172788530243,0.1739822401304089,-17.183175795643084,0.0
OR4474912191520170811,2017,2023.0,6.0,0.4368732537908922,0.11009915921937674,-17.253480145347744,
OR4400912217020170804,2017,2023.0,6.0,0.736664265730234,0.5886238284817077,-15.786172520687503,13.286018089988398
OR4425712174320170811,2017,2023.0,6.0,0.4992440627178224,0.231153743686396,-18.357191474268888,0.0
OR4410112190920170810,2017,2023.0,6.0,0.4496105994849109,0.0851667533908471,-18.181440122533445,0.0
OR4410112199420170810,2017,2023.0,6.0,0.7559270689494344,0.6257349514714542,-15.322411465776506,
OR4412912209720170811,2017,2023.0,6.0,0.7123618515453422,0.5397830698618789,-15.85217439031211,
OR4404612205520170810,2017,2023.0,6.0,0.6798233845373259,0.45057568353613936,-16.19170224607722,28.096647724465768
OR4292412221220160728,2016,2023.0,7.0,0.44481967987829885,0.08976225919542717,-19.379850987082236,
OR4279812231820170725,2017,2023.0,6.0,0.4527698618869425,0.07829515880398286,-18.466173064103014,16.541293076535464
OR4254212214420170810,2017,2023.0,6.0,0.5115650706714956,0.18888713949218316,-17.094427160435266,9.125691047300009
OR4298012228220170729,2017,2023.0,6.0,0.4241362422356238,0.02071539614552168,-19.44366445029084,1.0623088751672012
OR4311112241120170811,2017,2023.0,6.0,0.6563626234657138,0.3871233785920327,-15.87625312922364,27.37975766604948
OR4303712246520170809,2017,2023.0,6.0,0.6363511683909633,0.3616210857253208,-15.9654914577129,30.339262832776832
OR4294112254720170808,2017,2023.0,6.0,0.7152879162118917,0.4960743292441222,-15.583344098187853,41.76010759886046
OR4309112272520170810,2017,2023.0,6.0,0.7502644868220668,0.5701818484698429,-15.701165315674782,16.83867472501706
OR4318212230620170809,2017,2023.0,6.0,0.6968018258381343,0.4581348005954625,-16.030223900260175,22.992382574043855
OR4340212236220170810,2017,2023.0,6.0,0.665642041117303,0.41275649779299506,-16.029178803643582,0.7564057742242932
OR4320912249720170811,2017,2023.0,6.0,0.713117438858118,0.517417949801371,-15.554298834740717,
OR4330612262220170812,2017,2023.0,6.0,0.7356638700119223,0.5596567686829458,-15.577701536187824,1.8994910834076564
OR4331112282720170810,2017,2023.0,6.0,0.7323360063179528,0.574901645789077,-16.059790597721296,
OR4375212142520170829,2017,2023.0,6.0,0.46046329784158313,0.15808931263958087,-19.851237006363537,6.077962858773157
OR4258012299020180822,2018,2023.0,5.0,0.6513932795536024,0.43109253128156105,-16.772868622351698,35.29984947761052
OR4307312203920180715,2018,2023.0,5.0,0.4385840547337335,0.05166527293731842,-18.79190143197819,11.837812137006582
OR4275312292520180715,2018,2023.0,5.0,0.612301881799232,0.36812356532673385,-16.458619456599315,
OR4293812266120180715,2018,2023.0,5.0,0.7251875776549763,0.5312783372551675,-16.00366756962637,33.60125946675224
OR4282612280720180716,2018,2023.0,5.0,0.6974566773757817,0.49233950909466173,-15.602252555998698,3.4099522571932037
CA4143512316220170626,2017,2023.0,6.0,0.5958106748219624,0.3289477684795772,-14.75168437794356,9.230260475809132
OR4209912285420180715,2018,2023.0,5.0,0.6504852618984313,0.41612076690268296,-16.19967190140516,
CA4186612267020190905,2019,2023.0,4.0,0.4341108222833439,0.15427330157512803,-12.938100020231218,
CA4018412336320170808,2017,2023.0,6.0,0.5557630968936512,0.30557831725822066,-17.30253242422726,
CA4011512332020170808,2017,2023.0,6.0,0.5044523896807729,0.2702202211888177,-17.68942872202532,7.001255242022257
CA4077112312420170831,2017,2023.0,6.0,0.6167453575965339,0.357566561440644,-15.171445138775214,3.907407968868617
CA4083912297820170808,2017,2023.0,6.0,0.6528803663456544,0.41960950095816296,-15.45022700017448,14.69861827158402
CA4022812303620170913,2017,2023.0,6.0,0.6402613473656743,0.4139525953766335,-15.55951086600736,0.0
CA4010912278920190905,2019,2023.0,4.0,0.5480748712254083,0.29173128927079056,-15.182501688496595,0.0
CA4088712301420190905,2019,2023.0,4.0,0.6395267588042143,0.3862888434122232,-15.143667746016545,0.0
CA4061612352420180904,2018,2023.0,5.0,0.6711302703068149,0.44788219871812496,-15.519597189353993,
CA4089112222820180809,2018,2023.0,5.0,0.7037756091902264,0.4974376623268217,-14.951987296146072,15.43609307863064
CA4094312242720180905,2018,2023.0,5.0,0.567523181974432,0.3256549342346944,-15.78821873888636,9.311627369139673
OR4517811742720190728,2019,2024.0,5.0,0.47821562594762673,0.20105288452395992,-18.431428432423196,18.999903417750428
OR4563012190420170902,2017,2024.0,7.0,0.6906545496386007,0.4782973345966738,-16.34465562139413,11.47646457670143
ID4540111652720170908,2017,2024.0,7.0,0.5354116327885242,0.30182702783884,-16.890689886514572,14.331947894172032
OR4540011770020161024,2016,2024.0,8.0,0.5703146880256998,0.3553029156574087,-16.13183751549706,6.505830433938307
ID4554811595020170801,2017,2024.0,7.0,0.5647445384747444,0.2771070271540762,-15.332834682923812,13.868301754106875
ID4431311660320161007,2016,2024.0,8.0,0.22069419813657254,0.01554851389738961,-23.363405353233155,3.463883951113308
ID4489011641020160503,2016,2024.0,8.0,0.6416642637491622,0.45987793501713653,-17.133568176885085,17.842787183886667
WA4610611995920180908,2018,2024.0,6.0,0.201808000597972,-0.013062149690555133,-28.14316574292025,3.062501845414814
ID4601011688120170715,2017,2024.0,7.0,0.2753004770686459,0.041657761521235744,-21.790332251450724,7.862765546023086
WA4567012103420180801,2018,2024.0,6.0,0.2370072339803115,0.08624006967243823,-23.41048010142563,3.802301401207815
ID4544811630920160818,2016,2024.0,8.0,0.3000622270633255,0.10987783349418234,-18.63592496682606,14.362826103068848
OR4560011651620170711,2017,2024.0,7.0,0.27475983041520075,0.07051187748048013,-16.805245155341066,5.421991217325812
OR4597411899820180729,2018,2024.0,6.0,0.2554388051526969,0.09363131937023865,-24.808952035501616,3.405905836900615
WA4597011911020180622,2018,2024.0,6.0,0.2535258261627906,0.13520027221143688,-25.060591209945756,2.880232184204293
OR4548011857620180810,2018,2024.0,6.0,0.2839814526455386,0.1822023508951867,-21.96844013924486,5.8158915864164555
ID4603311692920180809,2018,2024.0,6.0,0.25111182620294004,0.015243823020344523,-21.77269190762583,
ID4603611671720170715,2017,2024.0,7.0,0.30563802053844175,0.09101757357274542,-19.271653930237395,6.172681891528691
ID4458311709720180915,2018,2024.0,6.0,0.29048529272917367,0.1818627378113745,-21.59605303408642,
ID4490011637920180515,2018,2024.0,6.0,0.6977524259022622,0.5233165087135163,-17.847354625495225,26.275582837084517
OR4531411905220180816,2018,2024.0,6.0,0.23660937219008035,0.07022194795442635,-24.617188846545066,3.7269399368756826
ID4427411715120180716,2018,2024.0,6.0,0.20198548738300717,0.04722954544880435,-24.160046153573873,4.9475794518108405
OR4443511721920170803,2017,2024.0,7.0,0.22994444402570285,0.0563538451395946,-19.499848008310305,5.442071702419921
ID4447411719020180725,2018,2024.0,6.0,0.22637121411874922,0.08038560557838677,-20.65138327030318,
OR4562412106720160701,2016,2024.0,8.0,0.2452000324213397,0.15841236044942997,-24.969258817966384,0.0
ID4533411639120180723,2018,2024.0,6.0,0.5956478704664134,0.32846637641727816,-14.118029906489314,9.298443580059415
OR4596611865220190731,2019,2024.0,5.0,0.20680457006585162,0.10114865743761572,-27.246934474099564,2.7808878551219935
ID4451711685020180725,2018,2024.0,6.0,0.2715726087595034,0.09602922064672975,-22.112622545570648,3.972403892083163
ID4467611644820180726,2018,2024.0,6.0,0.4071998857144713,0.229555958066718,-20.44003563452322,5.442932538788634
OR4511811697520181030,2018,2024.0,6.0,0.5608406786853514,0.27453158117136905,-16.125003360754036,12.372712037084499
OR4576011699020161024,2016,2024.0,8.0,0.5611009690712387,0.33832671206815845,-17.95439215474878,8.872969229374261
ID4253511698720170918,2017,2024.0,7.0,0.2736998766677169,0.02264141441510122,-22.80297586646099,0.7382748364682232
ID4248911688820190828,2019,2024.0,5.0,0.4363708423400115,0.13886057333278876,-20.011890662447307,1.098810235401201
OR4462111846220170616,2017,2024.0,7.0,0.562567302889181,0.2978951689546294,-18.07436849508076,18.73465299722544
OR4414911858320190930,2019,2024.0,5.0,0.4721602249677052,0.16586054139058382,-19.26442589212308,1.4212995431222397
OR4372011979020160515,2016,2024.0,8.0,0.5102677150509788,0.275439247109366,-17.783782463344814,10.997016347808612
OR4372111979120170504,2017,2024.0,7.0,0.4397599916992651,0.18929948114067405,-18.329411612809825,10.610791024496454
CA4137212197020190922,2019,2024.0,5.0,0.4541242921979765,0.1749960728205837,-19.215398751593355,6.178236560973841
OR4265012175420190503,2019,2024.0,5.0,0.4395136624624381,0.12573141126725013,-18.55838420724206,7.004852663661243
OR4304512197320190915,2019,2024.0,5.0,0.5277427302102652,0.2393908260441722,-18.013528420359883,17.802693167900717
CA4119012308020171102,2017,2024.0,7.0,0.7111664677636268,0.5018506443735459,-14.268781970850936,23.314239777943015
OR4396011847820161001,2016,2024.0,8.0,0.29000842083143646,0.022629522016086496,-21.578544732461605,
OR4417011845020160926,2016,2024.0,8.0,0.5432193991445973,0.2612567943104221,-17.483253501667424,
OR4305111881420170401,2017,2024.0,7.0,0.5934663150699417,0.4252902399132138,-21.960239011684386,2.998577133050753
CA3719112078820191002,2019,2024.0,5.0,0.3987491910069506,0.3179036390767384,-21.878278912060185,1.8283488519855347
OR4441112073920191031,2019,2024.0,5.0,0.4132849492248142,0.18671199978337505,-18.285611719877522,8.656282001483067
OR4442412039420190903,2019,2024.0,5.0,0.5395442959878535,0.27944426674156136,-18.052993376074667,4.7672716654108385
OR4382511970020181020,2018,2024.0,6.0,0.46778931687656,0.2064451503996027,-18.478637423173446,5.314113061128787
OR4359512099520190923,2019,2024.0,5.0,0.4187115004287574,0.09964480822220133,-19.4360828541341,15.0760699965754
CA4179612108320170813,2017,2024.0,7.0,0.18752330302721196,0.049461920164129876,-23.99839800311778,
OR4473012140020160415,2016,2024.0,8.0,0.4434822750592446,0.21130971312404767,-18.633449975248368,10.856355648353542
CA4077412213620180201,2018,2024.0,6.0,0.6651433566388316,0.48037818749900646,-14.48697817008444,14.890566902922684
CA4192012170520180516,2018,2024.0,6.0,0.25540962053837474,0.00514033103765637,-24.034653739260868,2.544482633040513
OR4287611889620190315,2019,2024.0,5.0,0.5729689198014766,0.3787000758548729,-23.646390937102286,1.5145729894788196
OR4383111898220190520,2019,2024.0,5.0,0.46384750914472567,0.21335875275804608,-19.16072371274595,
OR4421611929720181025,2018,2024.0,6.0,0.6001808636665533,0.3490534878319498,-17.299938766536894,0.0
OR4261612132420180510,2018,2024.0,6.0,0.33314123113130406,0.0017712097403634805,-20.95476938500488,7.039520967813621
OR4441412049420180508,2018,2024.0,6.0,0.5685776568333191,0.34097847610438675,-17.25384686550958,10.228526031138777
CA4193212150720180221,2018,2024.0,6.0,0.5411840484310658,0.5736504355061978,-21.147437882855666,2.4967229143565173
OR4463911860120181026,2018,2024.0,6.0,0.5633368814644176,0.3166274513227346,-18.002986167487983,16.58044273256201
CA3759811955420160626,2016,2024.0,8.0,0.5077778875657892,0.22464745561488758,-16.076047197751304,16.28734631922998
CA3755212015420190901,2019,2024.0,5.0,0.3314177173966983,0.18163688598444586,-18.30575884126608,
CA3641011873720181004,2018,2024.0,6.0,0.6674429869933604,0.45663104787452297,-15.561648357050428,14.601419158526845
ID4273611666120160929,2016,2024.0,8.0,0.2553562445641626,0.03514594524429287,-23.65417459328439,0.0
CA3744911965020170829,2017,2024.0,7.0,0.6626506330701472,0.45856359432912774,-15.582473091546808,16.862584757444257
CA3721711946920170903,2017,2024.0,7.0,0.5263233084562399,0.341462426902965,-16.072937150136525,9.435666138851996
CA3700411949520160730,2016,2024.0,8.0,0.4200283644854383,0.23737883152005831,-16.786068455912794,
CA3779911892220160804,2016,2024.0,8.0,0.3667504966979012,0.10896060241011908,-19.593748435229056,0.0
CA3778011892120160917,2016,2024.0,8.0,0.3409078030669564,0.09669162384640997,-20.341122625050794,1.932210977940017
CA3753811959820170813,2017,2024.0,7.0,0.5202625632046469,0.24610318968441722,-15.939834259492384,17.154501200038336
CA3764411961820170801,2017,2024.0,7.0,0.5512263355697695,0.26671037757487787,-16.714932897772357,11.520176402194414
CA3760511996620191006,2019,2024.0,5.0,0.4666524852961278,0.2820979389964794,-16.71707270317364,1.3798459717447724
CA3756511912720180611,2018,2024.0,6.0,0.49128852162442144,0.21653633019947843,-16.42339311509948,12.953533540674226
CA3765211988120180713,2018,2024.0,6.0,0.572092249252245,0.3874303174123451,-15.63227596667405,16.585118265277355
CA3782611887220190726,2019,2024.0,5.0,0.39630150495656263,0.14916639365272574,-19.091966181241506,0.0
OR4440811838320160731,2016,2024.0,8.0,0.5375915632708635,0.257353827690046,-17.951971320709962,6.212936369566895
OR4428511846020190809,2019,2024.0,5.0,0.5101603298306823,0.17911760759994233,-17.004932312285064,10.069758169909559
CA4005312066920190904,2019,2024.0,5.0,0.4938023734459423,0.2505605141935125,-17.900577237178943,5.839673790673781
CA3837311989620170819,2017,2024.0,7.0,0.5257309694623697,0.274717605475741,-16.209109151632134,0.0
NV3882011959620171003,2017,2024.0,7.0,0.21021420685939893,0.011623418386595833,-19.55753237445129,5.509532526455965
CA3834911992920180801,2018,2024.0,6.0,0.4896317176159283,0.21208491468436086,-17.00883526028932,9.200394728272071
CA3839611945120180904,2018,2024.0,6.0,0.31194388365569997,0.07079484688548358,-19.817989169261928,6.118139696607292
CA3872412014620191010,2019,2024.0,5.0,0.5217634289495336,0.25915560027741474,-17.096454258044176,
CA3780912030120160926,2016,2024.0,8.0,0.46365009739189444,0.2786367700462838,-15.621211947963289,5.288796166814982
CA3761912020720170716,2017,2024.0,7.0,0.390394447480866,0.212087161674802,-17.173629572694004,4.327833144881498
CA3812011994120170904,2017,2024.0,7.0,0.5896268899314181,0.3357574698507147,-16.138846080218748,19.451072336257127
CA3611312128920160604,2016,2024.0,8.0,0.4709793167380809,0.2325629300210995,-16.645324304456352,7.113590425250161
CA3606812023620170420,2017,2024.0,7.0,0.20127610339346147,0.06029991285572923,-29.278418964256613,4.360104400949745
OR4407812030820160929,2016,2024.0,8.0,0.45186002959017046,0.22610472655847036,-18.751025914112933,4.907636302002825
OR4447912049720170909,2017,2024.0,7.0,0.5394965070562326,0.2845149714393754,-17.68129760371673,10.227246622800454
OR4504511946220190805,2019,2024.0,5.0,0.4021520271104349,0.10645750509314494,-19.634427198558473,22.758918399886294
OR4272312062320160817,2016,2024.0,8.0,0.205847612868664,0.07186680700590994,-21.29777661196386,2.879492730672695
OR4265012082720180815,2018,2024.0,6.0,0.38503750682954974,0.053399892638603716,-19.090342286347973,7.0888850717743495
CA4130712105620170725,2017,2024.0,7.0,0.40412406824289937,0.24267533638271505,-18.94889683262809,7.469272811320159
CA4146612032120170803,2017,2024.0,7.0,0.39604944136392645,0.15539262676307977,-18.932251736435468,2.2966158394871026
CA4128112031520160917,2016,2024.0,8.0,0.5528575754555995,0.3144929318813767,-16.798384149270852,9.980547287594492
CA4139512105720180815,2018,2024.0,6.0,0.33251927026792566,0.13737831713470594,-19.81219268277891,3.7388130499982353
CA4036812080220160911,2016,2024.0,8.0,0.3373359695251093,0.10633351143476534,-19.747386578057267,5.778015225177727
CA3990612097220170729,2017,2024.0,7.0,0.6011240256266069,0.37120065588020945,-15.958815612883578,26.379467671091977
CA4063012088020180727,2018,2024.0,6.0,0.3678615692474569,0.14411396725864278,-17.474350592838682,4.972719851054544
CA3982012144020181108,2018,2024.0,6.0,0.5144721624551629,0.36912889695098006,-17.27122594025975,14.58365206419958
CA3895812085620160628,2016,2024.0,8.0,0.6876339070347378,0.5092079401645994,-15.198281899928839,27.1529937568806
CA3946112141320170707,2017,2024.0,7.0,0.407877158883058,0.23818550772763003,-16.483015380308863,6.772811471706989
CA3839112224120171009,2017,2024.0,7.0,0.4796662818566815,0.3107802828165793,-18.006032014356226,10.313389400443636
CA3838712252020171009,2017,2024.0,7.0,0.5608813792755881,0.39318992243343037,-16.970941503545195,6.76133075875681
CA3957512131620170829,2017,2024.0,7.0,0.5756037908509287,0.3864353519666878,-16.727122263749514,10.222075269436035
CA3927312065620180903,2018,2024.0,6.0,0.575653697582549,0.3527074024450402,-16.12042427644317,10.392094599680847
CA3710912184820160926,2016,2024.0,8.0,0.6889162054688596,0.4980484193830603,-15.094432224110228,12.981318034668636
CA3646112190120160722,2016,2024.0,8.0,0.6852183821739236,0.50514146404037,-15.401781572006792,15.953366789901295
OR4448812148120160607,2016,2024.0,8.0,0.4633851577977527,0.23942853879721512,-17.986100912484755,3.301567302465973
OR4408412223820180819,2018,2024.0,6.0,0.722418984773843,0.5477053272840343,-15.699848911807408,21.513389607298084
OR4470812185620170724,2017,2024.0,7.0,0.4900335625652571,0.20277174032622197,-17.135016992390987,8.242670426454419
OR4474912191520170811,2017,2024.0,7.0,0.46706592897216165,0.15041902726437273,-17.173267953590322,6.063495931257676
OR4400912217020170804,2017,2024.0,7.0,0.7530850544857739,0.5894635123416716,-15.873004170664517,43.89961722107831
OR4425712174320170811,2017,2024.0,7.0,0.5251241012484027,0.2459900045516916,-17.947331555758492,7.205393136789308
OR4410112190920170810,2017,2024.0,7.0,0.46729171288547366,0.09837817270045851,-17.755061880260243,9.806075450274603
OR4410112199420170810,2017,2024.0,7.0,0.7665089022727332,0.6060646051120318,-15.393187054598334,46.058111252513434
OR4412912209720170811,2017,2024.0,7.0,0.7237487572216962,0.5449360812128039,-15.827746478922238,28.09820397936343
OR4404612205520170810,2017,2024.0,7.0,0.6883707052900481,0.45448007271774254,-15.968499819891198,24.37072025992864
OR4292412221220160728,2016,2024.0,8.0,0.42010081810694677,0.09072583018397008,-19.467820795526247,4.453480026861901
OR4279812231820170725,2017,2024.0,7.0,0.4454533490265878,0.09556491783781686,-18.424901388084738,9.165913025591724
OR4254212214420170810,2017,2024.0,7.0,0.49712667189946225,0.2054055654794411,-17.002613234849616,13.370279644543922
OR4298012228220170729,2017,2024.0,7.0,0.40203009680838225,0.026460820317572444,-19.568014336452737,8.283916279030722
OR4311112241120170811,2017,2024.0,7.0,0.64562650862035,0.3867185320425921,-16.101898507168187,33.67472255116825
OR4303712246520170809,2017,2024.0,7.0,0.6279818539220063,0.3576924285928395,-16.05071722604063,13.067422796181358
OR4294112254720170808,2017,2024.0,7.0,0.7130484563019852,0.4919188378870703,-15.686763001770863,26.87793395438692
OR4309112272520170810,2017,2024.0,7.0,0.7532506929637292,0.562614170214751,-15.785865272256267,9.14258599745704
OR4318212230620170809,2017,2024.0,7.0,0.684566684947601,0.45705262010851305,-16.048529618074404,12.57130746212098
OR4340212236220170810,2017,2024.0,7.0,0.6587187749934996,0.4112410503985689,-15.814818449198848,25.466975481285598
OR4320912249720170811,2017,2024.0,7.0,0.7105224871226995,0.5075557461095633,-15.676530777442649,19.95583377508382
OR4330612262220170812,2017,2024.0,7.0,0.7349865162840504,0.5445659943988808,-15.637203691357627,26.839351136309983
OR4331112282720170810,2017,2024.0,7.0,0.7488660486904862,0.578911342007574,-16.082759625876918,0.6534917269845028
OR4375212142520170829,2017,2024.0,7.0,0.44333043095931535,0.1262933371452802,-19.98524036608169,3.0377748592661735
OR4258012299020180822,2018,2024.0,6.0,0.6517903487541991,0.4517549107772435,-16.86765741671735,9.413257292724417
OR4307312203920180715,2018,2024.0,6.0,0.42706618724486417,0.07749885628233491,-18.593473161459436,13.766994173195359
OR4275312292520180715,2018,2024.0,6.0,0.6148396352934271,0.3843989237151757,-16.515913418192113,17.765434163495012
OR4293812266120180715,2018,2024.0,6.0,0.7204503643838301,0.5214515543481746,-16.140589193437666,18.4193804720656
OR4282612280720180716,2018,2024.0,6.0,0.7013986970943088,0.4916322690815535,-15.630851366596945,22.176315483106457
CA4143512316220170626,2017,2024.0,7.0,0.6061128363250601,0.3404304312368977,-14.733179962347185,18.22578345749026
OR4209912285420180715,2018,2024.0,6.0,0.644375286854444,0.40607355352630403,-16.44692474508488,1.8779970555095742
CA4186612267020190905,2019,2024.0,5.0,0.4281807417019001,0.1864473922750461,-13.114270543964285,9.911338032849331
CA4018412336320170808,2017,2024.0,7.0,0.5423546121578743,0.3380627750370173,-17.45429758768591,
CA4011512332020170808,2017,2024.0,7.0,0.49110412608308246,0.29684666600608595,-17.9808074976701,
CA4077112312420170831,2017,2024.0,7.0,0.6109843903989056,0.3672114584524475,-15.195162015285744,18.38937121778026
CA4083912297820170808,2017,2024.0,7.0,0.6526328031783212,0.4221576731344868,-15.79155738755357,22.632914310594618
CA4022812303620170913,2017,2024.0,7.0,0.6244608440999306,0.3887020380681298,-15.730102446537119,25.840529525384106
CA4010912278920190905,2019,2024.0,5.0,0.5334828746849197,0.2978807866859255,-14.761566385979467,14.342732569308517
CA4088712301420190905,2019,2024.0,5.0,0.649009724708222,0.39566379279934466,-15.384558233194221,
CA4061612352420180904,2018,2024.0,6.0,0.6867771967302924,0.46386486584155784,-15.283875502924108,0.0
CA4089112222820180809,2018,2024.0,6.0,0.6847759505689196,0.49213132040405755,-14.777645032856915,20.192372349779397
CA4094312242720180905,2018,2024.0,6.0,0.5488589532270521,0.3277062082968042,-15.700770955617974,14.24682662389368
OR4517811742720190728,2019,2025.0,6.0,0.489846512569228,0.20876082093051512,-15.570843322823203,
OR4563012190420170902,2017,2025.0,8.0,0.7069697580549622,0.48474103773115007,-16.553391913379805,
ID4540111652720170908,2017,2025.0,8.0,0.5754849291589043,0.3111403317492991,-16.94318400611026,
OR4540011770020161024,2016,2025.0,9.0,0.5303688758344391,0.29316500335821805,-17.076072251565524,20.89779781002412
ID4554811595020170801,2017,2025.0,8.0,0.5872565666139095,0.2871092699265518,-16.295762277591148,
ID4431311660320161007,2016,2025.0,9.0,0.2419316641833949,-0.018828847506947542,-23.213282758281295,4.508684229850768
ID4489011641020160503,2016,2025.0,9.0,0.6459101561326868,0.44672407022541427,-16.77266662717756,21.093228061922883
WA4610611995920180908,2018,2025.0,7.0,0.22434930586569554,0.014770646730298853,-27.49174221560777,0.09678455275380561
ID4601011688120170715,2017,2025.0,8.0,0.259410083454484,0.02257180668628896,-20.38895073113325,
WA4567012103420180801,2018,2025.0,7.0,0.26630019147988004,0.11653990602046257,-22.725792680828658,1.272381949036702
ID4544811630920160818,2016,2025.0,9.0,0.34693056424754815,0.12111990813146488,-17.442551973166797,
OR4560011651620170711,2017,2025.0,8.0,0.2923243420083492,0.00869283212272617,-20.211627933771748,0.0
OR4597411899820180729,2018,2025.0,7.0,0.25613864770403394,0.07094649257081025,-25.949457238156697,6.53323452884824
WA4597011911020180622,2018,2025.0,7.0,0.2537873262476472,0.09747759807235289,-25.597623956534978,
OR4548011857620180810,2018,2025.0,7.0,0.2670355120985882,0.069915615191625,-22.21261634956819,4.333552681822167
ID4603311692920180809,2018,2025.0,7.0,0.24465444545508028,0.005288909617672494,-19.370368268747583,
ID4603611671720170715,2017,2025.0,8.0,0.3021649354144344,0.05608885804818517,-19.83910112441339,
ID4458311709720180915,2018,2025.0,7.0,0.31625103849095665,0.17639858728164393,-20.780612430563874,8.543959228468141
ID4490011637920180515,2018,2025.0,7.0,0.7040607543037529,0.5134392811884273,-16.319938447431976,19.508756842951037
OR4531411905220180816,2018,2025.0,7.0,0.22152742716881682,9.671657861796138E-4,-24.182026775443337,0.0
ID4427411715120180716,2018,2025.0,7.0,0.21255920183838345,-0.0037448948910254343,-23.3580486457721,5.750578416665445
OR4443511721920170803,2017,2025.0,8.0,0.23422388470168512,0.03134767909496583,-21.326725059098823,
ID4447411719020180725,2018,2025.0,7.0,0.2364402348279576,0.06933093242497501,-20.40093963749705,
OR4562412106720160701,2016,2025.0,9.0,0.26647797655543537,0.18695036772031234,-24.31147830421647,0.0
ID4533411639120180723,2018,2025.0,7.0,0.6325111957144707,0.3474272728902807,-17.115320778928442,
OR4596611865220190731,2019,2025.0,6.0,0.20022791896635192,-0.14848918425966678,-27.587033798596035,
ID4451711685020180725,2018,2025.0,7.0,0.27133406429330165,0.03563458139159262,-22.012727531241968,3.3722436742832684
ID4467611644820180726,2018,2025.0,7.0,0.40270712277844123,0.18408550224491016,-20.369376691126714,3.0850219805605135
OR4511811697520181030,2018,2025.0,7.0,0.5799585103015551,0.2784695522820514,-16.181258231340223,
OR4576011699020161024,2016,2025.0,9.0,0.5448411125810505,0.2889879397439306,-16.988685870328506,0.0
ID4253511698720170918,2017,2025.0,8.0,0.26019916459459197,-0.024911963405242116,-23.183221260236444,0.0
ID4248911688820190828,2019,2025.0,6.0,0.4515266391767726,0.18081040476682272,-19.90931860956866,0.6381775347711106
OR4462111846220170616,2017,2025.0,8.0,0.5542774025791107,0.2719361262454165,-17.8304541419802,0.0
OR4414911858320190930,2019,2025.0,6.0,0.490093511297324,0.1812467866282065,-18.734632389978312,
OR4372011979020160515,2016,2025.0,9.0,0.5202446384185635,0.2577431944354675,-17.631553289143095,
OR4372111979120170504,2017,2025.0,8.0,0.4439610429434537,0.17575759947857003,-18.155799424826427,
CA4137212197020190922,2019,2025.0,6.0,0.46308443888957873,0.1777137079627967,-19.030680218024987,7.663346087342092
OR4265012175420190503,2019,2025.0,6.0,0.4612544834042746,0.1752055016398638,-18.258419689548866,
OR4304512197320190915,2019,2025.0,6.0,0.5326788457945696,0.20412622052111898,-17.88523595470397,
CA4119012308020171102,2017,2025.0,8.0,0.7028507807313258,0.5039217663939535,-13.826434758728416,7.022796926255429
OR4396011847820161001,2016,2025.0,9.0,0.29866772902220123,0.007985381950465163,-21.21887665052685,4.304258075702874
OR4417011845020160926,2016,2025.0,9.0,0.5621102941445866,0.28944675475722353,-17.265990367966193,
OR4305111881420170401,2017,2025.0,8.0,0.6325922187230318,0.4675377854794058,-20.882189352270675,2.8223802638305897
CA3719112078820191002,2019,2025.0,6.0,0.4124320433815976,0.2813700706054071,-22.67210247539963,
OR4441112073920191031,2019,2025.0,6.0,0.40608835704738955,0.15061436079102056,-18.053540673248552,
OR4442412039420190903,2019,2025.0,6.0,0.5376082716919562,0.2512652223994971,-17.826674600178897,4.885616714891114
OR4382511970020181020,2018,2025.0,7.0,0.4777655467238417,0.173693857106093,-18.14158694008358,5.336907776806475
OR4359512099520190923,2019,2025.0,6.0,0.4402036070286147,0.12209984255367756,-18.93036234130208,10.238484625449441
CA4179612108320170813,2017,2025.0,8.0,0.18635763542600456,0.019009918982709186,-24.8561431174338,0.0
OR4473012140020160415,2016,2025.0,9.0,0.4497175841450888,0.20296163972485373,-18.784754096703406,
CA4077412213620180201,2018,2025.0,7.0,0.6816418994896901,0.5120158543268457,-14.490038256436971,0.0
CA4192012170520180516,2018,2025.0,7.0,0.605161414449411,0.5781849357312155,-16.995797198910626,2.5987637481948553
OR4287611889620190315,2019,2025.0,6.0,0.6700984448527354,0.5074750805259265,-23.079446908975285,
OR4383111898220190520,2019,2025.0,6.0,0.4789941935427794,0.20628972249011193,-18.9174978305968,
OR4421611929720181025,2018,2025.0,7.0,0.6013359764673791,0.33668057795403983,-17.013148391457886,
OR4261612132420180510,2018,2025.0,7.0,0.3647769623741784,0.05162379278063353,-20.598984212018916,11.679892803288936
OR4441412049420180508,2018,2025.0,7.0,0.5721959200470058,0.32401112843626306,-16.936157523781517,
CA4193212150720180221,2018,2025.0,7.0,0.5718026455064285,0.656344067172027,-21.898947515026272,2.0573695257964104
OR4463911860120181026,2018,2025.0,7.0,0.5561488567389025,0.2915727897330057,-17.777792147961023,0.0
CA3759811955420160626,2016,2025.0,9.0,0.5095441975946826,0.21975561215495343,-16.268297923043335,
CA3755212015420190901,2019,2025.0,6.0,0.3231279292180823,0.1790599248019777,-18.43708493186554,0.9822145756205961
CA3641011873720181004,2018,2025.0,7.0,0.5951507596101323,0.3245827449285254,-16.162506232331,6.883314863889207
ID4273611666120160929,2016,2025.0,9.0,0.23965127421737062,-0.050715515001759005,-24.292616449063736,
CA3744911965020170829,2017,2025.0,8.0,0.6704725678346655,0.47951884236979425,-15.622734247750724,
CA3721711946920170903,2017,2025.0,8.0,0.5469906525881684,0.3608794627034272,-16.027255495442915,
CA3700411949520160730,2016,2025.0,9.0,0.417926844988412,0.250127088839818,-16.795596093464123,
CA3779911892220160804,2016,2025.0,9.0,0.3687002963175822,0.12300509194971085,-19.54214650207728,
CA3778011892120160917,2016,2025.0,9.0,0.3463940767574883,0.12373021997582756,-20.367733983285536,
CA3753811959820170813,2017,2025.0,8.0,0.5253397871494346,0.2571293521589938,-16.118582927142388,17.242419844364793
CA3764411961820170801,2017,2025.0,8.0,0.5493302549030961,0.26601182367160514,-16.886278032402192,22.68551911780599
CA3760511996620191006,2019,2025.0,6.0,0.47993657931389105,0.2961159731137657,-16.65307049509731,9.9715873830968
CA3756511912720180611,2018,2025.0,7.0,0.49173234115877074,0.2218945561299252,-16.4995175832377,
CA3765211988120180713,2018,2025.0,7.0,0.5821123299046359,0.4057100215709976,-15.72155715084893,8.660400480887423
CA3782611887220190726,2019,2025.0,6.0,0.3933968599153865,0.15512023986137444,-19.157470351857075,
OR4440811838320160731,2016,2025.0,9.0,0.5684734266950797,0.29382029729924025,-17.834870335307176,9.606487397151664
OR4428511846020190809,2019,2025.0,6.0,0.5433882418267582,0.21809988670256408,-17.28311684804204,
CA4005312066920190904,2019,2025.0,6.0,0.508219237152664,0.27135328103952877,-17.903417654652475,8.332448623076962
CA3837311989620170819,2017,2025.0,8.0,0.5430140646816269,0.30242935428321466,-16.31805496852564,
NV3882011959620171003,2017,2025.0,8.0,0.22576959450365194,0.06901724778037384,-19.975152430864426,
CA3834911992920180801,2018,2025.0,7.0,0.500628814697259,0.23136808870107575,-17.00137544332579,
CA3839611945120180904,2018,2025.0,7.0,0.37148931280671676,0.16456724706516954,-19.566760462033972,
CA3872412014620191010,2019,2025.0,6.0,0.5378121147315036,0.2856437453192288,-17.10414273014709,
CA3780912030120160926,2016,2025.0,9.0,0.4756218424461555,0.2782893566599508,-15.798295967575664,9.023899612279472
CA3761912020720170716,2017,2025.0,8.0,0.39007523580890574,0.21863570603739427,-17.324899202836548,3.5824334460993077
CA3812011994120170904,2017,2025.0,8.0,0.5913537561423904,0.33608286766168494,-16.28285425499145,
CA3611312128920160604,2016,2025.0,9.0,0.4452540919236872,0.20050375747432117,-16.893864451074744,6.762902025556088
CA3606812023620170420,2017,2025.0,8.0,0.15924843484737417,-0.1131843703248746,-29.369925701529926,3.662264543824054
OR4407812030820160929,2016,2025.0,9.0,0.4476227112267863,0.17527955834576006,-18.830385872794384,0.6571588986586854
OR4447912049720170909,2017,2025.0,8.0,0.5536037624593148,0.2699502490418245,-17.355614354656293,0.0
OR4504511946220190805,2019,2025.0,6.0,0.4042964249011037,0.11421690295205882,-19.640765569635825,
OR4272312062320160817,2016,2025.0,9.0,0.26247637078564556,0.09626502677032601,-21.031093250537158,2.3916078846937094
OR4265012082720180815,2018,2025.0,7.0,0.4230818127865411,0.09125833308960034,-18.937310445210432,5.614850199980384
CA4130712105620170725,2017,2025.0,8.0,0.4196067289626593,0.23984135400869852,-18.86257612701885,7.7667768955506125
CA4146612032120170803,2017,2025.0,8.0,0.42227074094290346,0.18817140303615634,-18.60316027029295,0.0
CA4128112031520160917,2016,2025.0,9.0,0.5776053137350297,0.35050017760981833,-16.419991970986125,0.0
CA4139512105720180815,2018,2025.0,7.0,0.3488558832518344,0.11037253566449277,-19.91926194464934,1.0839677597296413
CA4036812080220160911,2016,2025.0,9.0,0.3462608898552637,0.11094553868716059,-19.679030896385033,7.256900551634719
CA3990612097220170729,2017,2025.0,8.0,0.6102069465200092,0.39460936632618493,-16.05207895170745,25.295507499685048
CA4063012088020180727,2018,2025.0,7.0,0.37991175064520066,0.14081043657269376,-17.766644878766442,2.4705577266154615
CA3982012144020181108,2018,2025.0,7.0,0.5264761513455091,0.3942261606346196,-17.346295554396598,4.940358236207221
CA3895812085620160628,2016,2025.0,9.0,0.7020052848301318,0.5239732127085855,-15.430000957194641,21.01286299646817
CA3946112141320170707,2017,2025.0,8.0,0.41944290627894293,0.26450899155508173,-16.540791297979297,
CA3839112224120171009,2017,2025.0,8.0,0.4912287841955565,0.3032387473218252,-18.240588318423537,9.99573452673424
CA3838712252020171009,2017,2025.0,8.0,0.5679704766223196,0.3823750522165985,-16.996646438584918,14.082192450574658
CA3957512131620170829,2017,2025.0,8.0,0.5905786930139496,0.4323183085342883,-16.577839497829423,
CA3927312065620180903,2018,2025.0,7.0,0.5893320386556808,0.3759659812665258,-16.10325497726526,
CA3710912184820160926,2016,2025.0,9.0,0.6899496534151596,0.5054966105925864,-15.624104858775862,16.657192369983726
CA3646112190120160722,2016,2025.0,9.0,0.6826528918444236,0.5073778631953769,-15.769602403535794,10.845033369404966
OR4448812148120160607,2016,2025.0,9.0,0.4588796497124322,0.2181445699061536,-18.009601309459043,3.9610674999012208
OR4408412223820180819,2018,2025.0,7.0,0.7310135492116646,0.5524628193472036,-15.688372571522674,29.007424348132638
OR4470812185620170724,2017,2025.0,8.0,0.5036242330864934,0.22072859505428305,-17.25342339162567,6.894444905023458
OR4474912191520170811,2017,2025.0,8.0,0.4829527169343557,0.16595634790831928,-17.148384636899316,7.1096083078070516
OR4400912217020170804,2017,2025.0,8.0,0.7539702016829083,0.5832265305279651,-15.696985079513695,38.780942120909046
OR4425712174320170811,2017,2025.0,8.0,0.5208508573350328,0.24289512376294348,-18.05099503855411,
OR4410112190920170810,2017,2025.0,8.0,0.47305248747575,0.10660375681768262,-18.234927543729842,
OR4410112199420170810,2017,2025.0,8.0,0.7801010745060992,0.6198261504575904,-15.259135777776343,7.966375071354401
OR4412912209720170811,2017,2025.0,8.0,0.7324094306558271,0.5392656253351913,-15.971737111873844,11.492491288214625
OR4404612205520170810,2017,2025.0,8.0,0.68793959507827,0.4423472387966016,-16.09166836270611,
OR4292412221220160728,2016,2025.0,9.0,0.442503335525253,0.10346560591302026,-18.979764271128538,
OR4279812231820170725,2017,2025.0,8.0,0.4613618560639417,0.10871872655427231,-18.289139809882695,
OR4254212214420170810,2017,2025.0,8.0,0.5119565554132529,0.21021569270256762,-17.12176372977966,
OR4298012228220170729,2017,2025.0,8.0,0.4202803401812449,0.04254724827248644,-19.41867066584266,
OR4311112241120170811,2017,2025.0,8.0,0.6401451511961884,0.3808163522246928,-16.170878737895887,
OR4303712246520170809,2017,2025.0,8.0,0.6210657884460787,0.35883095339901294,-15.920679308468024,
OR4294112254720170808,2017,2025.0,8.0,0.7034088766588087,0.47912431308835224,-15.561861917924688,
OR4309112272520170810,2017,2025.0,8.0,0.7472364174539117,0.5528434093330986,-15.47961844065312,
OR4318212230620170809,2017,2025.0,8.0,0.6769368306508812,0.43800904465566226,-15.756386682579558,
OR4340212236220170810,2017,2025.0,8.0,0.6554838394220207,0.4016494141812092,-16.76090807059552,
OR4320912249720170811,2017,2025.0,8.0,0.7106482525544328,0.5068057208048202,-15.285635832591229,
OR4330612262220170812,2017,2025.0,8.0,0.738191622311566,0.549143731542163,-15.551768814690913,
OR4331112282720170810,2017,2025.0,8.0,0.7627910292917244,0.5975466746142367,-15.72941161156971,
OR4375212142520170829,2017,2025.0,8.0,0.47903478750426653,0.16276064440906046,-18.919594510213578,
OR4258012299020180822,2018,2025.0,7.0,0.6515818048892194,0.4534092513420099,-16.570045779636857,
OR4307312203920180715,2018,2025.0,7.0,0.4424399440331035,0.06206821824960692,-18.7370234579526,
OR4275312292520180715,2018,2025.0,7.0,0.6148216787895502,0.38599774209643783,-16.42959319075161,0.0
OR4293812266120180715,2018,2025.0,7.0,0.7168827509094081,0.5147657326030427,-15.814938007755973,
OR4282612280720180716,2018,2025.0,7.0,0.6993677743813456,0.48409963310964277,-15.52304085581305,
CA4143512316220170626,2017,2025.0,8.0,0.6027393665888287,0.3487522090973372,-14.756186311734263,11.328317515783919
OR4209912285420180715,2018,2025.0,7.0,0.6507701104592399,0.413853544528089,-16.436976918137468,
CA4186612267020190905,2019,2025.0,6.0,0.4614435798357212,0.20977139201626827,-12.10492262621881,
CA4018412336320170808,2017,2025.0,8.0,0.560870187589487,0.3570926017336821,-17.322733262483784,0.0
CA4011512332020170808,2017,2025.0,8.0,0.5098227967718025,0.30998966240179093,-17.66052299596815,
CA4077112312420170831,2017,2025.0,8.0,0.6225233408064376,0.3913214983437938,-14.983895841269554,25.29407036312439
CA4083912297820170808,2017,2025.0,8.0,0.6606070105013222,0.44154510295276844,-14.865686136770421,25.341684527089125
CA4022812303620170913,2017,2025.0,8.0,0.6250666877305053,0.39448276038265023,-15.398636644037627,15.104647742955319
CA4010912278920190905,2019,2025.0,6.0,0.5664513451796511,0.346781981627575,-15.145194039284236,13.81306875568907
CA4088712301420190905,2019,2025.0,6.0,0.6600771906034637,0.4254944128037499,-14.146108384299364,10.679701719798198
CA4061612352420180904,2018,2025.0,7.0,0.6911797493807195,0.49156968113876215,-15.934856785727005,
CA4089112222820180809,2018,2025.0,7.0,0.7090876515838288,0.5246197700611395,-15.133777729358743,23.338663143150203
CA4094312242720180905,2018,2025.0,7.0,0.5666914997312524,0.3484413534076996,-15.869284796234602,4.8131629087299865
