regime,unit_id,phase,R_final,recovery_slope,structure_value,structure_kind,structure_available,optical_source,label_method,label_confidence
postfire,OR4540011770020161024,early_restoration,0.3934,0.0394,9.13,GEDI_rh98_m,1,Landsat_C2_L2,protocol_RegimeA_v0.1,v0
postfire,ID4431311660320161007,low_severity,,,3.26,GEDI_rh98_m,1,Landsat_C2_L2,protocol_RegimeA_v0.1,v0
postfire,ID4489011641020160503,low_severity,,,14.98,GEDI_rh98_m,1,Landsat_C2_L2,protocol_RegimeA_v0.1,v0
postfire,ID4544811630920160818,low_severity,,,10.92,GEDI_rh98_m,1,Landsat_C2_L2,protocol_RegimeA_v0.1,v0
postfire,OR4562412106720160701,low_severity,,,1.09,GEDI_rh98_m,1,Landsat_C2_L2,protocol_RegimeA_v0.1,v0
postfire,OR4576011699020161024,low_severity,,,2.96,GEDI_rh98_m,1,Landsat_C2_L2,protocol_RegimeA_v0.1,v0
postfire,OR4372011979020160515,stable_restoration,1.0314,0.1184,13.31,GEDI_rh98_m,1,Landsat_C2_L2,protocol_RegimeA_v0.1,v0
postfire,OR4396011847820161001,low_severity,,,3.83,GEDI_rh98_m,1,Landsat_C2_L2,protocol_RegimeA_v0.1,v0
postfire,OR4417011845020160926,low_severity,,,12.67,GEDI_rh98_m,1,Landsat_C2_L2,protocol_RegimeA_v0.1,v0
postfire,OR4473012140020160415,low_severity,,,6.63,GEDI_rh98_m,1,Landsat_C2_L2,protocol_RegimeA_v0.1,v0
postfire,CA3759811955420160626,early_restoration,0.4891,0.0831,18.53,GEDI_rh98_m,1,Landsat_C2_L2,protocol_RegimeA_v0.1,v0
postfire,ID4273611666120160929,low_severity,,,2.43,GEDI_rh98_m,1,Landsat_C2_L2,protocol_RegimeA_v0.1,v0
postfire,CA3700411949520160730,stable_restoration,1.0607,0.1053,5.34,GEDI_rh98_m,1,Landsat_C2_L2,protocol_RegimeA_v0.1,v0
postfire,CA3779911892220160804,stable_restoration,0.9183,0.1127,5.86,GEDI_rh98_m,1,Landsat_C2_L2,protocol_RegimeA_v0.1,v0
postfire,CA3778011892120160917,stable_restoration,1.3,0.1619,5.54,GEDI_rh98_m,1,Landsat_C2_L2,protocol_RegimeA_v0.1,v0
postfire,OR4440811838320160731,stable_restoration,0.8738,0.1104,9.28,GEDI_rh98_m,1,Landsat_C2_L2,protocol_RegimeA_v0.1,v0
postfire,CA3780912030120160926,stable_restoration,0.7238,0.0658,7.57,GEDI_rh98_m,1,Landsat_C2_L2,protocol_RegimeA_v0.1,v0
postfire,CA3611312128920160604,stable_restoration,1.1192,0.0588,7.44,GEDI_rh98_m,1,Landsat_C2_L2,protocol_RegimeA_v0.1,v0
postfire,OR4407812030820160929,degraded,0.2876,0.0366,6.72,GEDI_rh98_m,1,Landsat_C2_L2,protocol_RegimeA_v0.1,v0
postfire,OR4272312062320160817,low_severity,,,1.76,GEDI_rh98_m,1,Landsat_C2_L2,protocol_RegimeA_v0.1,v0
postfire,CA4128112031520160917,stable_restoration,0.6912,0.1037,3.33,GEDI_rh98_m,1,Landsat_C2_L2,protocol_RegimeA_v0.1,v0
postfire,CA4036812080220160911,early_restoration,0.3937,0.0597,6.69,GEDI_rh98_m,1,Landsat_C2_L2,protocol_RegimeA_v0.1,v0
postfire,CA3895812085620160628,early_restoration,0.6476,0.0764,23.35,GEDI_rh98_m,1,Landsat_C2_L2,protocol_RegimeA_v0.1,v0
postfire,CA3710912184820160926,stable_restoration,0.9169,0.1036,13.92,GEDI_rh98_m,1,Landsat_C2_L2,protocol_RegimeA_v0.1,v0
postfire,CA3646112190120160722,stable_restoration,1.1885,0.134,13.09,GEDI_rh98_m,1,Landsat_C2_L2,protocol_RegimeA_v0.1,v0
postfire,OR4448812148120160607,stable_restoration,0.728,0.0632,4.48,GEDI_rh98_m,1,Landsat_C2_L2,protocol_RegimeA_v0.1,v0
postfire,OR4292412221220160728,stable_restoration,0.7271,0.081,4.89,GEDI_rh98_m,1,Landsat_C2_L2,protocol_RegimeA_v0.1,v0
postfire,OR4563012190420170902,early_restoration,0.4921,0.064,11.92,GEDI_rh98_m,1,Landsat_C2_L2,protocol_RegimeA_v0.1,v0
postfire,ID4540111652720170908,stable_restoration,0.7748,0.106,14.52,GEDI_rh98_m,1,Landsat_C2_L2,protocol_RegimeA_v0.1,v0
postfire,ID4554811595020170801,stable_restoration,0.7894,0.1062,9.33,GEDI_rh98_m,1,Landsat_C2_L2,protocol_RegimeA_v0.1,v0
postfire,ID4601011688120170715,low_severity,,,3.67,GEDI_rh98_m,1,Landsat_C2_L2,protocol_RegimeA_v0.1,v0
postfire,OR4560011651620170711,low_severity,,,4.52,GEDI_rh98_m,1,Landsat_C2_L2,protocol_RegimeA_v0.1,v0
postfire,ID4603611671720170715,low_severity,,,4.03,GEDI_rh98_m,1,Landsat_C2_L2,protocol_RegimeA_v0.1,v0
postfire,OR4443511721920170803,low_severity,,,5.78,GEDI_rh98_m,1,Landsat_C2_L2,protocol_RegimeA_v0.1,v0
postfire,ID4253511698720170918,low_severity,,,0.25,GEDI_rh98_m,1,Landsat_C2_L2,protocol_RegimeA_v0.1,v0
postfire,OR4462111846220170616,low_severity,,,11.37,GEDI_rh98_m,1,Landsat_C2_L2,protocol_RegimeA_v0.1,v0
postfire,OR4372111979120170504,early_restoration,0.5562,0.0401,11.49,GEDI_rh98_m,1,Landsat_C2_L2,protocol_RegimeA_v0.1,v0
postfire,CA4119012308020171102,low_severity,,,12.0,GEDI_rh98_m,1,Landsat_C2_L2,protocol_RegimeA_v0.1,v0
postfire,OR4305111881420170401,low_severity,,,2.7,GEDI_rh98_m,1,Landsat_C2_L2,protocol_RegimeA_v0.1,v0
postfire,CA4179612108320170813,low_severity,,,0.83,GEDI_rh98_m,1,Landsat_C2_L2,protocol_RegimeA_v0.1,v0
postfire,CA3744911965020170829,stable_restoration,0.7902,0.108,10.93,GEDI_rh98_m,1,Landsat_C2_L2,protocol_RegimeA_v0.1,v0
postfire,CA3721711946920170903,early_restoration,0.6235,0.0757,10.63,GEDI_rh98_m,1,Landsat_C2_L2,protocol_RegimeA_v0.1,v0
postfire,CA3753811959820170813,early_restoration,0.4903,0.0733,17.56,GEDI_rh98_m,1,Landsat_C2_L2,protocol_RegimeA_v0.1,v0
postfire,CA3764411961820170801,stable_restoration,0.8044,0.1087,19.72,GEDI_rh98_m,1,Landsat_C2_L2,protocol_RegimeA_v0.1,v0
postfire,CA3837311989620170819,early_restoration,0.5675,0.0892,2.86,GEDI_rh98_m,1,Landsat_C2_L2,protocol_RegimeA_v0.1,v0
postfire,NV3882011959620171003,low_severity,,,4.79,GEDI_rh98_m,1,Landsat_C2_L2,protocol_RegimeA_v0.1,v0
postfire,CA3761912020720170716,stable_restoration,0.9069,0.093,3.54,GEDI_rh98_m,1,Landsat_C2_L2,protocol_RegimeA_v0.1,v0
postfire,CA3812011994120170904,stable_restoration,0.6626,0.1108,16.55,GEDI_rh98_m,1,Landsat_C2_L2,protocol_RegimeA_v0.1,v0
postfire,CA3606812023620170420,low_severity,,,3.92,GEDI_rh98_m,1,Landsat_C2_L2,protocol_RegimeA_v0.1,v0
postfire,OR4447912049720170909,stable_restoration,0.8178,0.1119,3.41,GEDI_rh98_m,1,Landsat_C2_L2,protocol_RegimeA_v0.1,v0
postfire,CA4130712105620170725,stable_restoration,0.7403,0.1049,5.08,GEDI_rh98_m,1,Landsat_C2_L2,protocol_RegimeA_v0.1,v0
postfire,CA4146612032120170803,early_restoration,0.5691,0.0886,1.94,GEDI_rh98_m,1,Landsat_C2_L2,protocol_RegimeA_v0.1,v0
postfire,CA3990612097220170729,early_restoration,0.3773,0.0589,24.26,GEDI_rh98_m,1,Landsat_C2_L2,protocol_RegimeA_v0.1,v0
postfire,CA3946112141320170707,stable_restoration,0.6686,0.0563,7.42,GEDI_rh98_m,1,Landsat_C2_L2,protocol_RegimeA_v0.1,v0
postfire,CA3839112224120171009,early_restoration,0.5079,0.0547,6.77,GEDI_rh98_m,1,Landsat_C2_L2,protocol_RegimeA_v0.1,v0
postfire,CA3838712252020171009,early_restoration,0.544,0.0617,8.08,GEDI_rh98_m,1,Landsat_C2_L2,protocol_RegimeA_v0.1,v0
postfire,CA3957512131620170829,early_restoration,0.4714,0.0453,10.45,GEDI_rh98_m,1,Landsat_C2_L2,protocol_RegimeA_v0.1,v0
postfire,OR4470812185620170724,degraded,-0.1285,-0.0273,5.05,GEDI_rh98_m,1,Landsat_C2_L2,protocol_RegimeA_v0.1,v0
postfire,OR4474912191520170811,degraded,-0.3,-0.0491,10.92,GEDI_rh98_m,1,Landsat_C2_L2,protocol_RegimeA_v0.1,v0
postfire,OR4400912217020170804,degraded,0.1879,0.0118,31.99,GEDI_rh98_m,1,Landsat_C2_L2,protocol_RegimeA_v0.1,v0
postfire,OR4425712174320170811,early_restoration,0.5768,0.0915,4.52,GEDI_rh98_m,1,Landsat_C2_L2,protocol_RegimeA_v0.1,v0
postfire,OR4410112190920170810,degraded,0.1493,0.0232,5.78,GEDI_rh98_m,1,Landsat_C2_L2,protocol_RegimeA_v0.1,v0
postfire,OR4410112199420170810,degraded,0.0143,0.0043,27.73,GEDI_rh98_m,1,Landsat_C2_L2,protocol_RegimeA_v0.1,v0
postfire,OR4412912209720170811,degraded,0.0855,0.0069,19.15,GEDI_rh98_m,1,Landsat_C2_L2,protocol_RegimeA_v0.1,v0
postfire,OR4404612205520170810,degraded,0.0751,0.0154,20.91,GEDI_rh98_m,1,Landsat_C2_L2,protocol_RegimeA_v0.1,v0
postfire,OR4279812231820170725,early_restoration,0.3632,0.0624,12.51,GEDI_rh98_m,1,Landsat_C2_L2,protocol_RegimeA_v0.1,v0
postfire,OR4254212214420170810,degraded,0.1978,0.0468,11.95,GEDI_rh98_m,1,Landsat_C2_L2,protocol_RegimeA_v0.1,v0
postfire,OR4298012228220170729,degraded,0.2014,0.0404,4.48,GEDI_rh98_m,1,Landsat_C2_L2,protocol_RegimeA_v0.1,v0
postfire,OR4311112241120170811,degraded,-0.0686,0.0034,28.34,GEDI_rh98_m,1,Landsat_C2_L2,protocol_RegimeA_v0.1,v0
postfire,OR4303712246520170809,degraded,0.2074,0.0305,20.63,GEDI_rh98_m,1,Landsat_C2_L2,protocol_RegimeA_v0.1,v0
postfire,OR4294112254720170808,early_restoration,0.4414,0.0567,31.15,GEDI_rh98_m,1,Landsat_C2_L2,protocol_RegimeA_v0.1,v0
postfire,OR4309112272520170810,stable_restoration,0.673,0.0853,15.69,GEDI_rh98_m,1,Landsat_C2_L2,protocol_RegimeA_v0.1,v0
postfire,OR4318212230620170809,degraded,-0.0041,0.013,18.04,GEDI_rh98_m,1,Landsat_C2_L2,protocol_RegimeA_v0.1,v0
postfire,OR4340212236220170810,degraded,0.2801,0.039,13.12,GEDI_rh98_m,1,Landsat_C2_L2,protocol_RegimeA_v0.1,v0
postfire,OR4320912249720170811,degraded,0.2192,0.0358,16.33,GEDI_rh98_m,1,Landsat_C2_L2,protocol_RegimeA_v0.1,v0
postfire,OR4330612262220170812,early_restoration,0.3323,0.0423,14.09,GEDI_rh98_m,1,Landsat_C2_L2,protocol_RegimeA_v0.1,v0
postfire,OR4331112282720170810,degraded,-0.1661,-0.0232,10.46,GEDI_rh98_m,1,Landsat_C2_L2,protocol_RegimeA_v0.1,v0
postfire,OR4375212142520170829,early_restoration,0.6417,0.1124,4.16,GEDI_rh98_m,1,Landsat_C2_L2,protocol_RegimeA_v0.1,v0
postfire,CA4143512316220170626,early_restoration,0.6473,0.0921,12.93,GEDI_rh98_m,1,Landsat_C2_L2,protocol_RegimeA_v0.1,v0
postfire,CA4018412336320170808,early_restoration,0.3571,0.0439,9.65,GEDI_rh98_m,1,Landsat_C2_L2,protocol_RegimeA_v0.1,v0
postfire,CA4011512332020170808,degraded,0.064,-0.0184,9.06,GEDI_rh98_m,1,Landsat_C2_L2,protocol_RegimeA_v0.1,v0
postfire,CA4077112312420170831,early_restoration,0.5581,0.0754,15.86,GEDI_rh98_m,1,Landsat_C2_L2,protocol_RegimeA_v0.1,v0
postfire,CA4083912297820170808,early_restoration,0.5738,0.083,20.89,GEDI_rh98_m,1,Landsat_C2_L2,protocol_RegimeA_v0.1,v0
postfire,CA4022812303620170913,early_restoration,0.5004,0.0755,13.65,GEDI_rh98_m,1,Landsat_C2_L2,protocol_RegimeA_v0.1,v0
postfire,WA4610611995920180908,low_severity,,,1.73,GEDI_rh98_m,1,Landsat_C2_L2,protocol_RegimeA_v0.1,v0
postfire,WA4567012103420180801,low_severity,,,4.27,GEDI_rh98_m,1,Landsat_C2_L2,protocol_RegimeA_v0.1,v0
postfire,OR4597411899820180729,low_severity,,,3.31,GEDI_rh98_m,1,Landsat_C2_L2,protocol_RegimeA_v0.1,v0
postfire,WA4597011911020180622,stable_restoration,1.162,0.0364,1.39,GEDI_rh98_m,1,Landsat_C2_L2,protocol_RegimeA_v0.1,v0
postfire,OR4548011857620180810,low_severity,,,4.32,GEDI_rh98_m,1,Landsat_C2_L2,protocol_RegimeA_v0.1,v0
postfire,ID4603311692920180809,low_severity,,,4.24,GEDI_rh98_m,1,Landsat_C2_L2,protocol_RegimeA_v0.1,v0
postfire,ID4458311709720180915,low_severity,,,6.85,GEDI_rh98_m,1,Landsat_C2_L2,protocol_RegimeA_v0.1,v0
postfire,ID4490011637920180515,low_severity,,,15.44,GEDI_rh98_m,1,Landsat_C2_L2,protocol_RegimeA_v0.1,v0
postfire,OR4531411905220180816,low_severity,,,2.76,GEDI_rh98_m,1,Landsat_C2_L2,protocol_RegimeA_v0.1,v0
postfire,ID4427411715120180716,low_severity,,,5.47,GEDI_rh98_m,1,Landsat_C2_L2,protocol_RegimeA_v0.1,v0
postfire,ID4447411719020180725,low_severity,,,4.87,GEDI_rh98_m,1,Landsat_C2_L2,protocol_RegimeA_v0.1,v0
postfire,ID4533411639120180723,early_restoration,0.5121,0.0871,11.29,GEDI_rh98_m,1,Landsat_C2_L2,protocol_RegimeA_v0.1,v0
postfire,ID4451711685020180725,low_severity,,,3.77,GEDI_rh98_m,1,Landsat_C2_L2,protocol_RegimeA_v0.1,v0
postfire,ID4467611644820180726,stable_restoration,0.9598,0.0585,2.84,GEDI_rh98_m,1,Landsat_C2_L2,protocol_RegimeA_v0.1,v0
postfire,OR4511811697520181030,low_severity,,,8.94,GEDI_rh98_m,1,Landsat_C2_L2,protocol_RegimeA_v0.1,v0
postfire,OR4382511970020181020,low_severity,,,6.89,GEDI_rh98_m,1,Landsat_C2_L2,protocol_RegimeA_v0.1,v0
postfire,CA4077412213620180201,low_severity,,,4.96,GEDI_rh98_m,1,Landsat_C2_L2,protocol_RegimeA_v0.1,v0
postfire,CA4192012170520180516,low_severity,,,2.46,GEDI_rh98_m,1,Landsat_C2_L2,protocol_RegimeA_v0.1,v0
postfire,OR4421611929720181025,low_severity,,,11.31,GEDI_rh98_m,1,Landsat_C2_L2,protocol_RegimeA_v0.1,v0
postfire,OR4261612132420180510,low_severity,,,9.7,GEDI_rh98_m,1,Landsat_C2_L2,protocol_RegimeA_v0.1,v0
postfire,OR4441412049420180508,low_severity,,,8.06,GEDI_rh98_m,1,Landsat_C2_L2,protocol_RegimeA_v0.1,v0
postfire,CA4193212150720180221,low_severity,,,2.17,GEDI_rh98_m,1,Landsat_C2_L2,protocol_RegimeA_v0.1,v0
postfire,OR4463911860120181026,low_severity,,,5.53,GEDI_rh98_m,1,Landsat_C2_L2,protocol_RegimeA_v0.1,v0
postfire,CA3641011873720181004,degraded,0.1634,0.033,7.88,GEDI_rh98_m,1,Landsat_C2_L2,protocol_RegimeA_v0.1,v0
postfire,CA3756511912720180611,early_restoration,0.5475,0.1116,11.57,GEDI_rh98_m,1,Landsat_C2_L2,protocol_RegimeA_v0.1,v0
postfire,CA3765211988120180713,stable_restoration,0.7914,0.1008,14.66,GEDI_rh98_m,1,Landsat_C2_L2,protocol_RegimeA_v0.1,v0
postfire,CA3834911992920180801,early_restoration,0.5138,0.0983,9.66,GEDI_rh98_m,1,Landsat_C2_L2,protocol_RegimeA_v0.1,v0
postfire,CA3839611945120180904,early_restoration,0.5906,0.1667,5.83,GEDI_rh98_m,1,Landsat_C2_L2,protocol_RegimeA_v0.1,v0
postfire,OR4265012082720180815,early_restoration,0.3709,0.0879,5.47,GEDI_rh98_m,1,Landsat_C2_L2,protocol_RegimeA_v0.1,v0
postfire,CA4139512105720180815,degraded,0.2423,0.0819,1.61,GEDI_rh98_m,1,Landsat_C2_L2,protocol_RegimeA_v0.1,v0
postfire,CA4063012088020180727,early_restoration,0.6441,0.1217,3.12,GEDI_rh98_m,1,Landsat_C2_L2,protocol_RegimeA_v0.1,v0
postfire,CA3982012144020181108,early_restoration,0.5537,0.1049,8.85,GEDI_rh98_m,1,Landsat_C2_L2,protocol_RegimeA_v0.1,v0
postfire,CA3927312065620180903,early_restoration,0.592,0.1062,9.35,GEDI_rh98_m,1,Landsat_C2_L2,protocol_RegimeA_v0.1,v0
postfire,OR4408412223820180819,degraded,0.1344,0.0193,25.42,GEDI_rh98_m,1,Landsat_C2_L2,protocol_RegimeA_v0.1,v0
postfire,OR4258012299020180822,early_restoration,0.4233,0.0836,16.09,GEDI_rh98_m,1,Landsat_C2_L2,protocol_RegimeA_v0.1,v0
postfire,OR4307312203920180715,degraded,0.2164,0.0638,9.36,GEDI_rh98_m,1,Landsat_C2_L2,protocol_RegimeA_v0.1,v0
postfire,OR4275312292520180715,degraded,0.3089,0.0555,9.76,GEDI_rh98_m,1,Landsat_C2_L2,protocol_RegimeA_v0.1,v0
postfire,OR4293812266120180715,early_restoration,0.3337,0.0544,22.6,GEDI_rh98_m,1,Landsat_C2_L2,protocol_RegimeA_v0.1,v0
postfire,OR4282612280720180716,early_restoration,0.4613,0.0788,13.75,GEDI_rh98_m,1,Landsat_C2_L2,protocol_RegimeA_v0.1,v0
postfire,OR4209912285420180715,early_restoration,0.4506,0.0657,17.14,GEDI_rh98_m,1,Landsat_C2_L2,protocol_RegimeA_v0.1,v0
postfire,CA4061612352420180904,early_restoration,0.5425,0.1052,4.91,GEDI_rh98_m,1,Landsat_C2_L2,protocol_RegimeA_v0.1,v0
postfire,CA4089112222820180809,early_restoration,0.4751,0.0853,19.66,GEDI_rh98_m,1,Landsat_C2_L2,protocol_RegimeA_v0.1,v0
postfire,CA4094312242720180905,early_restoration,0.4537,0.0791,9.46,GEDI_rh98_m,1,Landsat_C2_L2,protocol_RegimeA_v0.1,v0
postfire,OR4517811742720190728,degraded,0.2852,0.0938,7.13,GEDI_rh98_m,1,Landsat_C2_L2,protocol_RegimeA_v0.1,v0
postfire,OR4596611865220190731,low_severity,,,1.27,GEDI_rh98_m,1,Landsat_C2_L2,protocol_RegimeA_v0.1,v0
postfire,ID4248911688820190828,stable_restoration,1.1596,0.2803,3.32,GEDI_rh98_m,1,Landsat_C2_L2,protocol_RegimeA_v0.1,v0
postfire,OR4414911858320190930,stable_restoration,0.6863,0.1713,4.32,GEDI_rh98_m,1,Landsat_C2_L2,protocol_RegimeA_v0.1,v0
postfire,CA4137212197020190922,degraded,0.2155,0.0561,14.08,GEDI_rh98_m,1,Landsat_C2_L2,protocol_RegimeA_v0.1,v0
postfire,OR4265012175420190503,low_severity,,,9.7,GEDI_rh98_m,1,Landsat_C2_L2,protocol_RegimeA_v0.1,v0
postfire,OR4304512197320190915,stable_restoration,0.9345,0.188,12.12,GEDI_rh98_m,1,Landsat_C2_L2,protocol_RegimeA_v0.1,v0
postfire,CA3719112078820191002,low_severity,,,1.65,GEDI_rh98_m,1,Landsat_C2_L2,protocol_RegimeA_v0.1,v0
postfire,OR4441112073920191031,low_severity,,,9.53,GEDI_rh98_m,1,Landsat_C2_L2,protocol_RegimeA_v0.1,v0
postfire,OR4442412039420190903,low_severity,,,7.72,GEDI_rh98_m,1,Landsat_C2_L2,protocol_RegimeA_v0.1,v0
postfire,OR4359512099520190923,low_severity,,,12.34,GEDI_rh98_m,1,Landsat_C2_L2,protocol_RegimeA_v0.1,v0
postfire,OR4287611889620190315,low_severity,,,1.24,GEDI_rh98_m,1,Landsat_C2_L2,protocol_RegimeA_v0.1,v0
postfire,OR4383111898220190520,low_severity,,,9.75,GEDI_rh98_m,1,Landsat_C2_L2,protocol_RegimeA_v0.1,v0
postfire,CA3755212015420190901,stable_restoration,0.8016,0.1692,4.16,GEDI_rh98_m,1,Landsat_C2_L2,protocol_RegimeA_v0.1,v0
postfire,CA3760511996620191006,early_restoration,0.634,0.1305,7.8,GEDI_rh98_m,1,Landsat_C2_L2,protocol_RegimeA_v0.1,v0
postfire,CA3782611887220190726,low_severity,,,6.2,GEDI_rh98_m,1,Landsat_C2_L2,protocol_RegimeA_v0.1,v0
postfire,OR4428511846020190809,early_restoration,0.4815,0.1216,9.64,GEDI_rh98_m,1,Landsat_C2_L2,protocol_RegimeA_v0.1,v0
postfire,CA4005312066920190904,early_restoration,0.652,0.1422,8.06,GEDI_rh98_m,1,Landsat_C2_L2,protocol_RegimeA_v0.1,v0
postfire,CA3872412014620191010,early_restoration,0.4834,0.1154,12.66,GEDI_rh98_m,1,Landsat_C2_L2,protocol_RegimeA_v0.1,v0
postfire,OR4504511946220190805,degraded,-0.218,-0.0255,7.59,GEDI_rh98_m,1,Landsat_C2_L2,protocol_RegimeA_v0.1,v0
postfire,CA4186612267020190905,early_restoration,0.5301,0.1182,10.48,GEDI_rh98_m,1,Landsat_C2_L2,protocol_RegimeA_v0.1,v0
postfire,CA4010912278920190905,stable_restoration,0.7087,0.1764,9.39,GEDI_rh98_m,1,Landsat_C2_L2,protocol_RegimeA_v0.1,v0
postfire,CA4088712301420190905,stable_restoration,0.6792,0.1408,8.81,GEDI_rh98_m,1,Landsat_C2_L2,protocol_RegimeA_v0.1,v0
afforestation,SAIH_AFF_r00c35,early_restoration,0.3817,0.00627,,GEDI_rh98_m(pending),0,Landsat_C2_L2,regimeC_v0_CLCD+NDVI,v0
afforestation,SAIH_AFF_r00c36,early_restoration,0.522,0.01098,,GEDI_rh98_m(pending),0,Landsat_C2_L2,regimeC_v0_CLCD+NDVI,v0
afforestation,SAIH_AFF_r00c37,stable_restoration,0.8892,0.0177,,GEDI_rh98_m(pending),0,Landsat_C2_L2,regimeC_v0_CLCD+NDVI,v0
afforestation,SAIH_AFF_r00c38,stable_restoration,0.7911,0.00351,,GEDI_rh98_m(pending),0,Landsat_C2_L2,regimeC_v0_CLCD+NDVI,v0
afforestation,SAIH_AFF_r00c39,stable_restoration,0.9472,0.00578,,GEDI_rh98_m(pending),0,Landsat_C2_L2,regimeC_v0_CLCD+NDVI,v0
afforestation,SAIH_AFF_r00c40,stable_restoration,0.9889,0.00536,,GEDI_rh98_m(pending),0,Landsat_C2_L2,regimeC_v0_CLCD+NDVI,v0
afforestation,SAIH_AFF_r00c41,stable_restoration,0.8764,0.00855,,GEDI_rh98_m(pending),0,Landsat_C2_L2,regimeC_v0_CLCD+NDVI,v0
afforestation,SAIH_AFF_r00c42,stable_restoration,0.989,0.00125,,GEDI_rh98_m(pending),0,Landsat_C2_L2,regimeC_v0_CLCD+NDVI,v0
afforestation,SAIH_AFF_r00c43,stable_restoration,1.0057,0.00347,,GEDI_rh98_m(pending),0,Landsat_C2_L2,regimeC_v0_CLCD+NDVI,v0
afforestation,SAIH_AFF_r00c44,stable_restoration,1.0318,0.00646,,GEDI_rh98_m(pending),0,Landsat_C2_L2,regimeC_v0_CLCD+NDVI,v0
afforestation,SAIH_AFF_r00c45,stable_restoration,0.7453,0.00847,,GEDI_rh98_m(pending),0,Landsat_C2_L2,regimeC_v0_CLCD+NDVI,v0
afforestation,SAIH_AFF_r00c46,early_restoration,0.5103,0.0142,,GEDI_rh98_m(pending),0,Landsat_C2_L2,regimeC_v0_CLCD+NDVI,v0
afforestation,SAIH_AFF_r00c47,stable_restoration,0.9973,0.04542,,GEDI_rh98_m(pending),0,Landsat_C2_L2,regimeC_v0_CLCD+NDVI,v0
afforestation,SAIH_AFF_r00c48,stable_restoration,0.9627,0.03726,,GEDI_rh98_m(pending),0,Landsat_C2_L2,regimeC_v0_CLCD+NDVI,v0
afforestation,SAIH_AFF_r00c49,stable_restoration,0.9566,0.02247,,GEDI_rh98_m(pending),0,Landsat_C2_L2,regimeC_v0_CLCD+NDVI,v0
afforestation,SAIH_AFF_r00c50,stable_restoration,0.9332,0.00751,,GEDI_rh98_m(pending),0,Landsat_C2_L2,regimeC_v0_CLCD+NDVI,v0
afforestation,SAIH_AFF_r00c51,stable_restoration,0.8881,0.01698,,GEDI_rh98_m(pending),0,Landsat_C2_L2,regimeC_v0_CLCD+NDVI,v0
afforestation,SAIH_AFF_r00c52,stable_restoration,0.985,0.01067,,GEDI_rh98_m(pending),0,Landsat_C2_L2,regimeC_v0_CLCD+NDVI,v0
afforestation,SAIH_AFF_r00c53,early_restoration,0.5432,0.0115,,GEDI_rh98_m(pending),0,Landsat_C2_L2,regimeC_v0_CLCD+NDVI,v0
afforestation,SAIH_AFF_r00c54,stable_restoration,0.9138,0.02112,,GEDI_rh98_m(pending),0,Landsat_C2_L2,regimeC_v0_CLCD+NDVI,v0
afforestation,SAIH_AFF_r00c55,stable_restoration,1.0167,0.00663,,GEDI_rh98_m(pending),0,Landsat_C2_L2,regimeC_v0_CLCD+NDVI,v0
afforestation,SAIH_AFF_r00c56,stable_restoration,1.0107,0.00414,,GEDI_rh98_m(pending),0,Landsat_C2_L2,regimeC_v0_CLCD+NDVI,v0
afforestation,SAIH_AFF_r00c61,early_restoration,0.5644,0.02375,,GEDI_rh98_m(pending),0,Landsat_C2_L2,regimeC_v0_CLCD+NDVI,v0
afforestation,SAIH_AFF_r00c62,early_restoration,0.3794,0.00869,,GEDI_rh98_m(pending),0,Landsat_C2_L2,regimeC_v0_CLCD+NDVI,v0
afforestation,SAIH_AFF_r00c63,degraded,0.2162,0.00628,,GEDI_rh98_m(pending),0,Landsat_C2_L2,regimeC_v0_CLCD+NDVI,v0
afforestation,SAIH_AFF_r00c64,early_restoration,0.4205,0.00975,,GEDI_rh98_m(pending),0,Landsat_C2_L2,regimeC_v0_CLCD+NDVI,v0
afforestation,SAIH_AFF_r01c18,early_restoration,0.523,0.00608,,GEDI_rh98_m(pending),0,Landsat_C2_L2,regimeC_v0_CLCD+NDVI,v0
afforestation,SAIH_AFF_r01c34,degraded,0.1906,0.00571,,GEDI_rh98_m(pending),0,Landsat_C2_L2,regimeC_v0_CLCD+NDVI,v0
afforestation,SAIH_AFF_r01c35,early_restoration,0.655,0.01898,,GEDI_rh98_m(pending),0,Landsat_C2_L2,regimeC_v0_CLCD+NDVI,v0
afforestation,SAIH_AFF_r01c36,stable_restoration,0.6935,0.01602,,GEDI_rh98_m(pending),0,Landsat_C2_L2,regimeC_v0_CLCD+NDVI,v0
afforestation,SAIH_AFF_r01c37,stable_restoration,0.7565,0.01077,,GEDI_rh98_m(pending),0,Landsat_C2_L2,regimeC_v0_CLCD+NDVI,v0
afforestation,SAIH_AFF_r01c38,early_restoration,0.6523,0.01146,,GEDI_rh98_m(pending),0,Landsat_C2_L2,regimeC_v0_CLCD+NDVI,v0
afforestation,SAIH_AFF_r01c39,early_restoration,0.4509,0.00949,,GEDI_rh98_m(pending),0,Landsat_C2_L2,regimeC_v0_CLCD+NDVI,v0
afforestation,SAIH_AFF_r01c40,stable_restoration,0.8003,0.00336,,GEDI_rh98_m(pending),0,Landsat_C2_L2,regimeC_v0_CLCD+NDVI,v0
afforestation,SAIH_AFF_r01c41,stable_restoration,1.0283,0.00408,,GEDI_rh98_m(pending),0,Landsat_C2_L2,regimeC_v0_CLCD+NDVI,v0
afforestation,SAIH_AFF_r01c42,stable_restoration,1.0374,5e-05,,GEDI_rh98_m(pending),0,Landsat_C2_L2,regimeC_v0_CLCD+NDVI,v0
afforestation,SAIH_AFF_r01c43,stable_restoration,1.0272,0.00798,,GEDI_rh98_m(pending),0,Landsat_C2_L2,regimeC_v0_CLCD+NDVI,v0
afforestation,SAIH_AFF_r01c44,stable_restoration,1.0322,0.00409,,GEDI_rh98_m(pending),0,Landsat_C2_L2,regimeC_v0_CLCD+NDVI,v0
afforestation,SAIH_AFF_r01c45,stable_restoration,0.9455,0.01162,,GEDI_rh98_m(pending),0,Landsat_C2_L2,regimeC_v0_CLCD+NDVI,v0
afforestation,SAIH_AFF_r01c46,early_restoration,0.5407,0.01419,,GEDI_rh98_m(pending),0,Landsat_C2_L2,regimeC_v0_CLCD+NDVI,v0
afforestation,SAIH_AFF_r01c47,stable_restoration,0.8841,0.03665,,GEDI_rh98_m(pending),0,Landsat_C2_L2,regimeC_v0_CLCD+NDVI,v0
afforestation,SAIH_AFF_r01c48,stable_restoration,0.9212,0.02943,,GEDI_rh98_m(pending),0,Landsat_C2_L2,regimeC_v0_CLCD+NDVI,v0
afforestation,SAIH_AFF_r01c49,stable_restoration,1.0174,0.01332,,GEDI_rh98_m(pending),0,Landsat_C2_L2,regimeC_v0_CLCD+NDVI,v0
afforestation,SAIH_AFF_r01c50,stable_restoration,1.019,0.00598,,GEDI_rh98_m(pending),0,Landsat_C2_L2,regimeC_v0_CLCD+NDVI,v0
afforestation,SAIH_AFF_r01c51,stable_restoration,0.9046,0.00526,,GEDI_rh98_m(pending),0,Landsat_C2_L2,regimeC_v0_CLCD+NDVI,v0
afforestation,SAIH_AFF_r01c52,stable_restoration,0.9728,0.00438,,GEDI_rh98_m(pending),0,Landsat_C2_L2,regimeC_v0_CLCD+NDVI,v0
afforestation,SAIH_AFF_r01c53,stable_restoration,0.7777,0.00528,,GEDI_rh98_m(pending),0,Landsat_C2_L2,regimeC_v0_CLCD+NDVI,v0
afforestation,SAIH_AFF_r01c54,stable_restoration,0.7965,0.00959,,GEDI_rh98_m(pending),0,Landsat_C2_L2,regimeC_v0_CLCD+NDVI,v0
afforestation,SAIH_AFF_r01c56,stable_restoration,0.8589,-0.00325,,GEDI_rh98_m(pending),0,Landsat_C2_L2,regimeC_v0_CLCD+NDVI,v0
afforestation,SAIH_AFF_r01c57,early_restoration,0.4406,0.0029,,GEDI_rh98_m(pending),0,Landsat_C2_L2,regimeC_v0_CLCD+NDVI,v0
afforestation,SAIH_AFF_r02c19,early_restoration,0.4012,0.00462,,GEDI_rh98_m(pending),0,Landsat_C2_L2,regimeC_v0_CLCD+NDVI,v0
afforestation,SAIH_AFF_r02c34,degraded,0.2804,0.00604,,GEDI_rh98_m(pending),0,Landsat_C2_L2,regimeC_v0_CLCD+NDVI,v0
afforestation,SAIH_AFF_r02c35,degraded,0.2142,0.00579,,GEDI_rh98_m(pending),0,Landsat_C2_L2,regimeC_v0_CLCD+NDVI,v0
afforestation,SAIH_AFF_r02c36,degraded,0.1945,0.00622,,GEDI_rh98_m(pending),0,Landsat_C2_L2,regimeC_v0_CLCD+NDVI,v0
afforestation,SAIH_AFF_r02c37,degraded,0.305,0.00953,,GEDI_rh98_m(pending),0,Landsat_C2_L2,regimeC_v0_CLCD+NDVI,v0
afforestation,SAIH_AFF_r02c38,stable_restoration,0.6999,0.01281,,GEDI_rh98_m(pending),0,Landsat_C2_L2,regimeC_v0_CLCD+NDVI,v0
afforestation,SAIH_AFF_r02c39,stable_restoration,0.8835,0.00712,,GEDI_rh98_m(pending),0,Landsat_C2_L2,regimeC_v0_CLCD+NDVI,v0
afforestation,SAIH_AFF_r02c40,early_restoration,0.5367,0.0039,,GEDI_rh98_m(pending),0,Landsat_C2_L2,regimeC_v0_CLCD+NDVI,v0
afforestation,SAIH_AFF_r02c41,stable_restoration,0.8366,0.01002,,GEDI_rh98_m(pending),0,Landsat_C2_L2,regimeC_v0_CLCD+NDVI,v0
afforestation,SAIH_AFF_r02c42,stable_restoration,1.0374,0.00784,,GEDI_rh98_m(pending),0,Landsat_C2_L2,regimeC_v0_CLCD+NDVI,v0
afforestation,SAIH_AFF_r02c43,stable_restoration,1.0374,0.0022,,GEDI_rh98_m(pending),0,Landsat_C2_L2,regimeC_v0_CLCD+NDVI,v0
afforestation,SAIH_AFF_r02c44,stable_restoration,1.03,0.0027,,GEDI_rh98_m(pending),0,Landsat_C2_L2,regimeC_v0_CLCD+NDVI,v0
afforestation,SAIH_AFF_r02c45,stable_restoration,1.0369,0.01087,,GEDI_rh98_m(pending),0,Landsat_C2_L2,regimeC_v0_CLCD+NDVI,v0
afforestation,SAIH_AFF_r02c46,stable_restoration,0.7261,0.01905,,GEDI_rh98_m(pending),0,Landsat_C2_L2,regimeC_v0_CLCD+NDVI,v0
afforestation,SAIH_AFF_r02c47,early_restoration,0.412,0.01166,,GEDI_rh98_m(pending),0,Landsat_C2_L2,regimeC_v0_CLCD+NDVI,v0
afforestation,SAIH_AFF_r02c48,stable_restoration,0.9705,0.0039,,GEDI_rh98_m(pending),0,Landsat_C2_L2,regimeC_v0_CLCD+NDVI,v0
afforestation,SAIH_AFF_r02c49,stable_restoration,0.9235,0.00057,,GEDI_rh98_m(pending),0,Landsat_C2_L2,regimeC_v0_CLCD+NDVI,v0
afforestation,SAIH_AFF_r02c50,stable_restoration,0.9157,0.00199,,GEDI_rh98_m(pending),0,Landsat_C2_L2,regimeC_v0_CLCD+NDVI,v0
afforestation,SAIH_AFF_r02c51,stable_restoration,0.979,0.00122,,GEDI_rh98_m(pending),0,Landsat_C2_L2,regimeC_v0_CLCD+NDVI,v0
afforestation,SAIH_AFF_r02c52,stable_restoration,0.7702,0.00806,,GEDI_rh98_m(pending),0,Landsat_C2_L2,regimeC_v0_CLCD+NDVI,v0
afforestation,SAIH_AFF_r02c53,stable_restoration,0.8429,0.02063,,GEDI_rh98_m(pending),0,Landsat_C2_L2,regimeC_v0_CLCD+NDVI,v0
afforestation,SAIH_AFF_r02c54,degraded,0.285,0.00189,,GEDI_rh98_m(pending),0,Landsat_C2_L2,regimeC_v0_CLCD+NDVI,v0
afforestation,SAIH_AFF_r02c55,early_restoration,0.5232,0.00422,,GEDI_rh98_m(pending),0,Landsat_C2_L2,regimeC_v0_CLCD+NDVI,v0
afforestation,SAIH_AFF_r02c56,early_restoration,0.5596,0.00362,,GEDI_rh98_m(pending),0,Landsat_C2_L2,regimeC_v0_CLCD+NDVI,v0
afforestation,SAIH_AFF_r02c57,stable_restoration,0.8463,-0.00447,,GEDI_rh98_m(pending),0,Landsat_C2_L2,regimeC_v0_CLCD+NDVI,v0
afforestation,SAIH_AFF_r02c58,early_restoration,0.5241,-0.00507,,GEDI_rh98_m(pending),0,Landsat_C2_L2,regimeC_v0_CLCD+NDVI,v0
afforestation,SAIH_AFF_r02c63,stable_restoration,0.6626,0.02202,,GEDI_rh98_m(pending),0,Landsat_C2_L2,regimeC_v0_CLCD+NDVI,v0
afforestation,SAIH_AFF_r02c64,degraded,0.2989,0.01499,,GEDI_rh98_m(pending),0,Landsat_C2_L2,regimeC_v0_CLCD+NDVI,v0
afforestation,SAIH_AFF_r03c20,degraded,0.2501,0.00224,,GEDI_rh98_m(pending),0,Landsat_C2_L2,regimeC_v0_CLCD+NDVI,v0
afforestation,SAIH_AFF_r03c35,degraded,0.2636,0.00299,,GEDI_rh98_m(pending),0,Landsat_C2_L2,regimeC_v0_CLCD+NDVI,v0
afforestation,SAIH_AFF_r03c36,degraded,0.2873,0.00787,,GEDI_rh98_m(pending),0,Landsat_C2_L2,regimeC_v0_CLCD+NDVI,v0
afforestation,SAIH_AFF_r03c37,degraded,0.2529,0.00542,,GEDI_rh98_m(pending),0,Landsat_C2_L2,regimeC_v0_CLCD+NDVI,v0
afforestation,SAIH_AFF_r03c38,early_restoration,0.6117,0.01383,,GEDI_rh98_m(pending),0,Landsat_C2_L2,regimeC_v0_CLCD+NDVI,v0
afforestation,SAIH_AFF_r03c39,stable_restoration,0.8263,0.01236,,GEDI_rh98_m(pending),0,Landsat_C2_L2,regimeC_v0_CLCD+NDVI,v0
afforestation,SAIH_AFF_r03c40,stable_restoration,0.9011,0.00764,,GEDI_rh98_m(pending),0,Landsat_C2_L2,regimeC_v0_CLCD+NDVI,v0
afforestation,SAIH_AFF_r03c41,stable_restoration,0.9173,0.00621,,GEDI_rh98_m(pending),0,Landsat_C2_L2,regimeC_v0_CLCD+NDVI,v0
afforestation,SAIH_AFF_r03c42,stable_restoration,1.0345,0.02028,,GEDI_rh98_m(pending),0,Landsat_C2_L2,regimeC_v0_CLCD+NDVI,v0
afforestation,SAIH_AFF_r03c43,stable_restoration,1.0374,0.00226,,GEDI_rh98_m(pending),0,Landsat_C2_L2,regimeC_v0_CLCD+NDVI,v0
afforestation,SAIH_AFF_r03c44,stable_restoration,1.0357,0.01163,,GEDI_rh98_m(pending),0,Landsat_C2_L2,regimeC_v0_CLCD+NDVI,v0
afforestation,SAIH_AFF_r03c45,stable_restoration,0.9269,0.0135,,GEDI_rh98_m(pending),0,Landsat_C2_L2,regimeC_v0_CLCD+NDVI,v0
afforestation,SAIH_AFF_r03c46,early_restoration,0.6255,0.00882,,GEDI_rh98_m(pending),0,Landsat_C2_L2,regimeC_v0_CLCD+NDVI,v0
afforestation,SAIH_AFF_r03c47,early_restoration,0.4629,0.00334,,GEDI_rh98_m(pending),0,Landsat_C2_L2,regimeC_v0_CLCD+NDVI,v0
afforestation,SAIH_AFF_r03c48,degraded,0.2884,0.00392,,GEDI_rh98_m(pending),0,Landsat_C2_L2,regimeC_v0_CLCD+NDVI,v0
afforestation,SAIH_AFF_r03c49,stable_restoration,0.8469,0.00938,,GEDI_rh98_m(pending),0,Landsat_C2_L2,regimeC_v0_CLCD+NDVI,v0
afforestation,SAIH_AFF_r03c50,stable_restoration,0.9248,0.0006,,GEDI_rh98_m(pending),0,Landsat_C2_L2,regimeC_v0_CLCD+NDVI,v0
afforestation,SAIH_AFF_r03c51,stable_restoration,0.9281,0.00565,,GEDI_rh98_m(pending),0,Landsat_C2_L2,regimeC_v0_CLCD+NDVI,v0
afforestation,SAIH_AFF_r03c52,early_restoration,0.5516,0.01475,,GEDI_rh98_m(pending),0,Landsat_C2_L2,regimeC_v0_CLCD+NDVI,v0
afforestation,SAIH_AFF_r03c53,early_restoration,0.5259,0.02652,,GEDI_rh98_m(pending),0,Landsat_C2_L2,regimeC_v0_CLCD+NDVI,v0
afforestation,SAIH_AFF_r03c54,early_restoration,0.3519,0.0029,,GEDI_rh98_m(pending),0,Landsat_C2_L2,regimeC_v0_CLCD+NDVI,v0
afforestation,SAIH_AFF_r03c55,early_restoration,0.5423,0.00348,,GEDI_rh98_m(pending),0,Landsat_C2_L2,regimeC_v0_CLCD+NDVI,v0
afforestation,SAIH_AFF_r03c56,early_restoration,0.5224,0.01224,,GEDI_rh98_m(pending),0,Landsat_C2_L2,regimeC_v0_CLCD+NDVI,v0
afforestation,SAIH_AFF_r03c57,early_restoration,0.5762,0.01129,,GEDI_rh98_m(pending),0,Landsat_C2_L2,regimeC_v0_CLCD+NDVI,v0
afforestation,SAIH_AFF_r03c58,early_restoration,0.4858,0.00844,,GEDI_rh98_m(pending),0,Landsat_C2_L2,regimeC_v0_CLCD+NDVI,v0
afforestation,SAIH_AFF_r03c63,degraded,0.1894,0.0098,,GEDI_rh98_m(pending),0,Landsat_C2_L2,regimeC_v0_CLCD+NDVI,v0
afforestation,SAIH_AFF_r04c20,early_restoration,0.4593,0.00124,,GEDI_rh98_m(pending),0,Landsat_C2_L2,regimeC_v0_CLCD+NDVI,v0
afforestation,SAIH_AFF_r04c21,early_restoration,0.4624,0.00194,,GEDI_rh98_m(pending),0,Landsat_C2_L2,regimeC_v0_CLCD+NDVI,v0
afforestation,SAIH_AFF_r04c32,early_restoration,0.3319,0.00691,,GEDI_rh98_m(pending),0,Landsat_C2_L2,regimeC_v0_CLCD+NDVI,v0
afforestation,SAIH_AFF_r04c35,degraded,0.3269,0.01334,,GEDI_rh98_m(pending),0,Landsat_C2_L2,regimeC_v0_CLCD+NDVI,v0
afforestation,SAIH_AFF_r04c36,early_restoration,0.6529,0.01961,,GEDI_rh98_m(pending),0,Landsat_C2_L2,regimeC_v0_CLCD+NDVI,v0
afforestation,SAIH_AFF_r04c37,early_restoration,0.6546,0.00968,,GEDI_rh98_m(pending),0,Landsat_C2_L2,regimeC_v0_CLCD+NDVI,v0
afforestation,SAIH_AFF_r04c38,early_restoration,0.5425,0.01135,,GEDI_rh98_m(pending),0,Landsat_C2_L2,regimeC_v0_CLCD+NDVI,v0
afforestation,SAIH_AFF_r04c39,stable_restoration,0.824,0.01947,,GEDI_rh98_m(pending),0,Landsat_C2_L2,regimeC_v0_CLCD+NDVI,v0
afforestation,SAIH_AFF_r04c40,stable_restoration,0.7492,0.00953,,GEDI_rh98_m(pending),0,Landsat_C2_L2,regimeC_v0_CLCD+NDVI,v0
afforestation,SAIH_AFF_r04c41,early_restoration,0.5602,0.0097,,GEDI_rh98_m(pending),0,Landsat_C2_L2,regimeC_v0_CLCD+NDVI,v0
afforestation,SAIH_AFF_r04c42,stable_restoration,1.0083,0.00453,,GEDI_rh98_m(pending),0,Landsat_C2_L2,regimeC_v0_CLCD+NDVI,v0
afforestation,SAIH_AFF_r04c43,stable_restoration,1.03,0.01621,,GEDI_rh98_m(pending),0,Landsat_C2_L2,regimeC_v0_CLCD+NDVI,v0
afforestation,SAIH_AFF_r04c44,stable_restoration,0.9516,0.02502,,GEDI_rh98_m(pending),0,Landsat_C2_L2,regimeC_v0_CLCD+NDVI,v0
afforestation,SAIH_AFF_r04c45,stable_restoration,0.7469,0.01295,,GEDI_rh98_m(pending),0,Landsat_C2_L2,regimeC_v0_CLCD+NDVI,v0
afforestation,SAIH_AFF_r04c46,early_restoration,0.5361,0.00724,,GEDI_rh98_m(pending),0,Landsat_C2_L2,regimeC_v0_CLCD+NDVI,v0
afforestation,SAIH_AFF_r04c47,stable_restoration,0.9779,0.00232,,GEDI_rh98_m(pending),0,Landsat_C2_L2,regimeC_v0_CLCD+NDVI,v0
afforestation,SAIH_AFF_r04c48,early_restoration,0.6409,0.00215,,GEDI_rh98_m(pending),0,Landsat_C2_L2,regimeC_v0_CLCD+NDVI,v0
afforestation,SAIH_AFF_r04c49,stable_restoration,0.6953,0.00945,,GEDI_rh98_m(pending),0,Landsat_C2_L2,regimeC_v0_CLCD+NDVI,v0
afforestation,SAIH_AFF_r04c50,stable_restoration,0.8675,0.00465,,GEDI_rh98_m(pending),0,Landsat_C2_L2,regimeC_v0_CLCD+NDVI,v0
afforestation,SAIH_AFF_r04c51,early_restoration,0.6134,0.00587,,GEDI_rh98_m(pending),0,Landsat_C2_L2,regimeC_v0_CLCD+NDVI,v0
afforestation,SAIH_AFF_r04c52,degraded,0.2695,0.00219,,GEDI_rh98_m(pending),0,Landsat_C2_L2,regimeC_v0_CLCD+NDVI,v0
afforestation,SAIH_AFF_r04c53,degraded,0.3032,0.00368,,GEDI_rh98_m(pending),0,Landsat_C2_L2,regimeC_v0_CLCD+NDVI,v0
afforestation,SAIH_AFF_r04c55,early_restoration,0.332,0.0058,,GEDI_rh98_m(pending),0,Landsat_C2_L2,regimeC_v0_CLCD+NDVI,v0
afforestation,SAIH_AFF_r04c56,degraded,0.2289,0.00586,,GEDI_rh98_m(pending),0,Landsat_C2_L2,regimeC_v0_CLCD+NDVI,v0
afforestation,SAIH_AFF_r04c57,early_restoration,0.4618,0.01104,,GEDI_rh98_m(pending),0,Landsat_C2_L2,regimeC_v0_CLCD+NDVI,v0
afforestation,SAIH_AFF_r04c58,early_restoration,0.4172,0.01795,,GEDI_rh98_m(pending),0,Landsat_C2_L2,regimeC_v0_CLCD+NDVI,v0
afforestation,SAIH_AFF_r04c63,degraded,0.1436,0.00658,,GEDI_rh98_m(pending),0,Landsat_C2_L2,regimeC_v0_CLCD+NDVI,v0
afforestation,SAIH_AFF_r04c64,degraded,0.231,0.01169,,GEDI_rh98_m(pending),0,Landsat_C2_L2,regimeC_v0_CLCD+NDVI,v0
afforestation,SAIH_AFF_r05c15,degraded,0.2513,0.00146,,GEDI_rh98_m(pending),0,Landsat_C2_L2,regimeC_v0_CLCD+NDVI,v0
afforestation,SAIH_AFF_r05c19,degraded,0.2861,0.00102,,GEDI_rh98_m(pending),0,Landsat_C2_L2,regimeC_v0_CLCD+NDVI,v0
afforestation,SAIH_AFF_r05c20,early_restoration,0.4497,0.00276,,GEDI_rh98_m(pending),0,Landsat_C2_L2,regimeC_v0_CLCD+NDVI,v0
afforestation,SAIH_AFF_r05c21,early_restoration,0.4378,0.00304,,GEDI_rh98_m(pending),0,Landsat_C2_L2,regimeC_v0_CLCD+NDVI,v0
afforestation,SAIH_AFF_r05c33,stable_restoration,0.6717,0.00813,,GEDI_rh98_m(pending),0,Landsat_C2_L2,regimeC_v0_CLCD+NDVI,v0
afforestation,SAIH_AFF_r05c36,early_restoration,0.3348,0.01096,,GEDI_rh98_m(pending),0,Landsat_C2_L2,regimeC_v0_CLCD+NDVI,v0
afforestation,SAIH_AFF_r05c37,stable_restoration,0.7422,0.01199,,GEDI_rh98_m(pending),0,Landsat_C2_L2,regimeC_v0_CLCD+NDVI,v0
afforestation,SAIH_AFF_r05c38,stable_restoration,0.757,0.01089,,GEDI_rh98_m(pending),0,Landsat_C2_L2,regimeC_v0_CLCD+NDVI,v0
afforestation,SAIH_AFF_r05c39,early_restoration,0.515,0.0164,,GEDI_rh98_m(pending),0,Landsat_C2_L2,regimeC_v0_CLCD+NDVI,v0
afforestation,SAIH_AFF_r05c40,stable_restoration,0.8221,0.01612,,GEDI_rh98_m(pending),0,Landsat_C2_L2,regimeC_v0_CLCD+NDVI,v0
afforestation,SAIH_AFF_r05c41,stable_restoration,0.7668,0.00848,,GEDI_rh98_m(pending),0,Landsat_C2_L2,regimeC_v0_CLCD+NDVI,v0
afforestation,SAIH_AFF_r05c42,stable_restoration,0.8572,0.01746,,GEDI_rh98_m(pending),0,Landsat_C2_L2,regimeC_v0_CLCD+NDVI,v0
afforestation,SAIH_AFF_r05c43,stable_restoration,1.0215,0.0201,,GEDI_rh98_m(pending),0,Landsat_C2_L2,regimeC_v0_CLCD+NDVI,v0
afforestation,SAIH_AFF_r05c44,stable_restoration,0.9293,0.0219,,GEDI_rh98_m(pending),0,Landsat_C2_L2,regimeC_v0_CLCD+NDVI,v0
afforestation,SAIH_AFF_r05c46,early_restoration,0.5871,0.00232,,GEDI_rh98_m(pending),0,Landsat_C2_L2,regimeC_v0_CLCD+NDVI,v0
afforestation,SAIH_AFF_r05c47,stable_restoration,0.9551,0.00017,,GEDI_rh98_m(pending),0,Landsat_C2_L2,regimeC_v0_CLCD+NDVI,v0
afforestation,SAIH_AFF_r05c48,stable_restoration,0.7604,0.00321,,GEDI_rh98_m(pending),0,Landsat_C2_L2,regimeC_v0_CLCD+NDVI,v0
afforestation,SAIH_AFF_r05c49,stable_restoration,0.8709,0.01137,,GEDI_rh98_m(pending),0,Landsat_C2_L2,regimeC_v0_CLCD+NDVI,v0
afforestation,SAIH_AFF_r05c50,stable_restoration,0.7901,0.0039,,GEDI_rh98_m(pending),0,Landsat_C2_L2,regimeC_v0_CLCD+NDVI,v0
afforestation,SAIH_AFF_r05c51,stable_restoration,0.7622,0.00156,,GEDI_rh98_m(pending),0,Landsat_C2_L2,regimeC_v0_CLCD+NDVI,v0
afforestation,SAIH_AFF_r05c52,early_restoration,0.5859,0.00437,,GEDI_rh98_m(pending),0,Landsat_C2_L2,regimeC_v0_CLCD+NDVI,v0
afforestation,SAIH_AFF_r05c53,early_restoration,0.3794,0.00511,,GEDI_rh98_m(pending),0,Landsat_C2_L2,regimeC_v0_CLCD+NDVI,v0
afforestation,SAIH_AFF_r05c55,degraded,0.1683,0.00574,,GEDI_rh98_m(pending),0,Landsat_C2_L2,regimeC_v0_CLCD+NDVI,v0
afforestation,SAIH_AFF_r05c57,early_restoration,0.5493,0.0054,,GEDI_rh98_m(pending),0,Landsat_C2_L2,regimeC_v0_CLCD+NDVI,v0
afforestation,SAIH_AFF_r05c61,degraded,0.3004,0.01222,,GEDI_rh98_m(pending),0,Landsat_C2_L2,regimeC_v0_CLCD+NDVI,v0
afforestation,SAIH_AFF_r05c62,early_restoration,0.3742,0.0177,,GEDI_rh98_m(pending),0,Landsat_C2_L2,regimeC_v0_CLCD+NDVI,v0
afforestation,SAIH_AFF_r05c63,stable_restoration,0.9087,0.04038,,GEDI_rh98_m(pending),0,Landsat_C2_L2,regimeC_v0_CLCD+NDVI,v0
afforestation,SAIH_AFF_r05c64,degraded,0.1996,0.00752,,GEDI_rh98_m(pending),0,Landsat_C2_L2,regimeC_v0_CLCD+NDVI,v0
afforestation,SAIH_AFF_r06c07,degraded,0.2151,0.00172,,GEDI_rh98_m(pending),0,Landsat_C2_L2,regimeC_v0_CLCD+NDVI,v0
afforestation,SAIH_AFF_r06c19,early_restoration,0.4223,0.004,,GEDI_rh98_m(pending),0,Landsat_C2_L2,regimeC_v0_CLCD+NDVI,v0
afforestation,SAIH_AFF_r06c20,early_restoration,0.362,0.00679,,GEDI_rh98_m(pending),0,Landsat_C2_L2,regimeC_v0_CLCD+NDVI,v0
afforestation,SAIH_AFF_r06c21,degraded,0.2886,0.00555,,GEDI_rh98_m(pending),0,Landsat_C2_L2,regimeC_v0_CLCD+NDVI,v0
afforestation,SAIH_AFF_r06c22,early_restoration,0.522,0.00734,,GEDI_rh98_m(pending),0,Landsat_C2_L2,regimeC_v0_CLCD+NDVI,v0
afforestation,SAIH_AFF_r06c33,degraded,0.2078,0.00393,,GEDI_rh98_m(pending),0,Landsat_C2_L2,regimeC_v0_CLCD+NDVI,v0
afforestation,SAIH_AFF_r06c34,early_restoration,0.3984,0.00457,,GEDI_rh98_m(pending),0,Landsat_C2_L2,regimeC_v0_CLCD+NDVI,v0
afforestation,SAIH_AFF_r06c35,degraded,0.3167,0.00938,,GEDI_rh98_m(pending),0,Landsat_C2_L2,regimeC_v0_CLCD+NDVI,v0
afforestation,SAIH_AFF_r06c36,early_restoration,0.6491,0.01375,,GEDI_rh98_m(pending),0,Landsat_C2_L2,regimeC_v0_CLCD+NDVI,v0
afforestation,SAIH_AFF_r06c37,early_restoration,0.4837,0.01086,,GEDI_rh98_m(pending),0,Landsat_C2_L2,regimeC_v0_CLCD+NDVI,v0
afforestation,SAIH_AFF_r06c38,stable_restoration,0.7361,0.00673,,GEDI_rh98_m(pending),0,Landsat_C2_L2,regimeC_v0_CLCD+NDVI,v0
afforestation,SAIH_AFF_r06c39,stable_restoration,0.9131,0.00418,,GEDI_rh98_m(pending),0,Landsat_C2_L2,regimeC_v0_CLCD+NDVI,v0
afforestation,SAIH_AFF_r06c40,stable_restoration,0.8835,0.01242,,GEDI_rh98_m(pending),0,Landsat_C2_L2,regimeC_v0_CLCD+NDVI,v0
afforestation,SAIH_AFF_r06c41,stable_restoration,0.8748,0.01024,,GEDI_rh98_m(pending),0,Landsat_C2_L2,regimeC_v0_CLCD+NDVI,v0
afforestation,SAIH_AFF_r06c42,stable_restoration,0.9115,0.01967,,GEDI_rh98_m(pending),0,Landsat_C2_L2,regimeC_v0_CLCD+NDVI,v0
afforestation,SAIH_AFF_r06c43,stable_restoration,0.8519,0.02478,,GEDI_rh98_m(pending),0,Landsat_C2_L2,regimeC_v0_CLCD+NDVI,v0
afforestation,SAIH_AFF_r06c44,early_restoration,0.6586,0.01479,,GEDI_rh98_m(pending),0,Landsat_C2_L2,regimeC_v0_CLCD+NDVI,v0
afforestation,SAIH_AFF_r06c45,stable_restoration,0.8709,0.00761,,GEDI_rh98_m(pending),0,Landsat_C2_L2,regimeC_v0_CLCD+NDVI,v0
afforestation,SAIH_AFF_r06c46,stable_restoration,0.7945,0.00662,,GEDI_rh98_m(pending),0,Landsat_C2_L2,regimeC_v0_CLCD+NDVI,v0
afforestation,SAIH_AFF_r06c47,stable_restoration,0.9739,-0.00148,,GEDI_rh98_m(pending),0,Landsat_C2_L2,regimeC_v0_CLCD+NDVI,v0
afforestation,SAIH_AFF_r06c48,early_restoration,0.6374,0.00367,,GEDI_rh98_m(pending),0,Landsat_C2_L2,regimeC_v0_CLCD+NDVI,v0
afforestation,SAIH_AFF_r06c49,stable_restoration,0.8814,0.01298,,GEDI_rh98_m(pending),0,Landsat_C2_L2,regimeC_v0_CLCD+NDVI,v0
afforestation,SAIH_AFF_r06c50,stable_restoration,1.0107,0.0019,,GEDI_rh98_m(pending),0,Landsat_C2_L2,regimeC_v0_CLCD+NDVI,v0
afforestation,SAIH_AFF_r06c51,stable_restoration,1.0095,0.00364,,GEDI_rh98_m(pending),0,Landsat_C2_L2,regimeC_v0_CLCD+NDVI,v0
afforestation,SAIH_AFF_r06c52,stable_restoration,0.9087,0.00406,,GEDI_rh98_m(pending),0,Landsat_C2_L2,regimeC_v0_CLCD+NDVI,v0
afforestation,SAIH_AFF_r06c53,stable_restoration,1.0073,0.00235,,GEDI_rh98_m(pending),0,Landsat_C2_L2,regimeC_v0_CLCD+NDVI,v0
afforestation,SAIH_AFF_r06c54,stable_restoration,0.7956,0.00867,,GEDI_rh98_m(pending),0,Landsat_C2_L2,regimeC_v0_CLCD+NDVI,v0
afforestation,SAIH_AFF_r06c57,early_restoration,0.39,0.0018,,GEDI_rh98_m(pending),0,Landsat_C2_L2,regimeC_v0_CLCD+NDVI,v0
afforestation,SAIH_AFF_r06c58,early_restoration,0.3643,7e-05,,GEDI_rh98_m(pending),0,Landsat_C2_L2,regimeC_v0_CLCD+NDVI,v0
afforestation,SAIH_AFF_r06c63,stable_restoration,0.7767,0.04224,,GEDI_rh98_m(pending),0,Landsat_C2_L2,regimeC_v0_CLCD+NDVI,v0
afforestation,SAIH_AFF_r07c08,early_restoration,0.3393,0.00611,,GEDI_rh98_m(pending),0,Landsat_C2_L2,regimeC_v0_CLCD+NDVI,v0
afforestation,SAIH_AFF_r07c18,early_restoration,0.3364,0.00235,,GEDI_rh98_m(pending),0,Landsat_C2_L2,regimeC_v0_CLCD+NDVI,v0
afforestation,SAIH_AFF_r07c19,early_restoration,0.5505,0.00559,,GEDI_rh98_m(pending),0,Landsat_C2_L2,regimeC_v0_CLCD+NDVI,v0
afforestation,SAIH_AFF_r07c20,degraded,0.2372,0.00516,,GEDI_rh98_m(pending),0,Landsat_C2_L2,regimeC_v0_CLCD+NDVI,v0
afforestation,SAIH_AFF_r07c32,degraded,0.2689,0.00288,,GEDI_rh98_m(pending),0,Landsat_C2_L2,regimeC_v0_CLCD+NDVI,v0
afforestation,SAIH_AFF_r07c34,early_restoration,0.4412,0.00536,,GEDI_rh98_m(pending),0,Landsat_C2_L2,regimeC_v0_CLCD+NDVI,v0
afforestation,SAIH_AFF_r07c35,early_restoration,0.4217,0.00746,,GEDI_rh98_m(pending),0,Landsat_C2_L2,regimeC_v0_CLCD+NDVI,v0
afforestation,SAIH_AFF_r07c36,early_restoration,0.5007,0.00753,,GEDI_rh98_m(pending),0,Landsat_C2_L2,regimeC_v0_CLCD+NDVI,v0
afforestation,SAIH_AFF_r07c37,stable_restoration,0.8892,0.00795,,GEDI_rh98_m(pending),0,Landsat_C2_L2,regimeC_v0_CLCD+NDVI,v0
afforestation,SAIH_AFF_r07c38,stable_restoration,0.9424,0.00927,,GEDI_rh98_m(pending),0,Landsat_C2_L2,regimeC_v0_CLCD+NDVI,v0
afforestation,SAIH_AFF_r07c39,early_restoration,0.4681,0.00305,,GEDI_rh98_m(pending),0,Landsat_C2_L2,regimeC_v0_CLCD+NDVI,v0
afforestation,SAIH_AFF_r07c40,early_restoration,0.5849,0.00268,,GEDI_rh98_m(pending),0,Landsat_C2_L2,regimeC_v0_CLCD+NDVI,v0
afforestation,SAIH_AFF_r07c41,stable_restoration,0.7765,0.00616,,GEDI_rh98_m(pending),0,Landsat_C2_L2,regimeC_v0_CLCD+NDVI,v0
afforestation,SAIH_AFF_r07c42,stable_restoration,0.8348,0.02568,,GEDI_rh98_m(pending),0,Landsat_C2_L2,regimeC_v0_CLCD+NDVI,v0
afforestation,SAIH_AFF_r07c43,early_restoration,0.4069,0.00979,,GEDI_rh98_m(pending),0,Landsat_C2_L2,regimeC_v0_CLCD+NDVI,v0
afforestation,SAIH_AFF_r07c44,stable_restoration,0.951,0.01582,,GEDI_rh98_m(pending),0,Landsat_C2_L2,regimeC_v0_CLCD+NDVI,v0
afforestation,SAIH_AFF_r07c45,stable_restoration,1.019,0.0012,,GEDI_rh98_m(pending),0,Landsat_C2_L2,regimeC_v0_CLCD+NDVI,v0
afforestation,SAIH_AFF_r07c46,stable_restoration,0.9933,-9e-05,,GEDI_rh98_m(pending),0,Landsat_C2_L2,regimeC_v0_CLCD+NDVI,v0
afforestation,SAIH_AFF_r07c47,stable_restoration,0.7422,-0.00113,,GEDI_rh98_m(pending),0,Landsat_C2_L2,regimeC_v0_CLCD+NDVI,v0
afforestation,SAIH_AFF_r07c48,early_restoration,0.646,0.00241,,GEDI_rh98_m(pending),0,Landsat_C2_L2,regimeC_v0_CLCD+NDVI,v0
afforestation,SAIH_AFF_r07c49,stable_restoration,0.9854,0.00402,,GEDI_rh98_m(pending),0,Landsat_C2_L2,regimeC_v0_CLCD+NDVI,v0
afforestation,SAIH_AFF_r07c50,stable_restoration,0.8125,0.00598,,GEDI_rh98_m(pending),0,Landsat_C2_L2,regimeC_v0_CLCD+NDVI,v0
afforestation,SAIH_AFF_r07c51,stable_restoration,0.9813,0.00801,,GEDI_rh98_m(pending),0,Landsat_C2_L2,regimeC_v0_CLCD+NDVI,v0
afforestation,SAIH_AFF_r07c52,stable_restoration,0.9219,0.00732,,GEDI_rh98_m(pending),0,Landsat_C2_L2,regimeC_v0_CLCD+NDVI,v0
afforestation,SAIH_AFF_r07c53,early_restoration,0.6455,0.01065,,GEDI_rh98_m(pending),0,Landsat_C2_L2,regimeC_v0_CLCD+NDVI,v0
afforestation,SAIH_AFF_r07c54,early_restoration,0.4035,0.00629,,GEDI_rh98_m(pending),0,Landsat_C2_L2,regimeC_v0_CLCD+NDVI,v0
afforestation,SAIH_AFF_r07c55,degraded,0.2389,0.00809,,GEDI_rh98_m(pending),0,Landsat_C2_L2,regimeC_v0_CLCD+NDVI,v0
afforestation,SAIH_AFF_r07c57,early_restoration,0.4343,0.00208,,GEDI_rh98_m(pending),0,Landsat_C2_L2,regimeC_v0_CLCD+NDVI,v0
afforestation,SAIH_AFF_r07c62,degraded,0.2609,0.00581,,GEDI_rh98_m(pending),0,Landsat_C2_L2,regimeC_v0_CLCD+NDVI,v0
afforestation,SAIH_AFF_r07c63,early_restoration,0.4767,0.01963,,GEDI_rh98_m(pending),0,Landsat_C2_L2,regimeC_v0_CLCD+NDVI,v0
afforestation,SAIH_AFF_r07c64,degraded,0.2501,0.00449,,GEDI_rh98_m(pending),0,Landsat_C2_L2,regimeC_v0_CLCD+NDVI,v0
afforestation,SAIH_AFF_r08c29,degraded,0.1849,0.00346,,GEDI_rh98_m(pending),0,Landsat_C2_L2,regimeC_v0_CLCD+NDVI,v0
afforestation,SAIH_AFF_r08c30,degraded,0.1828,0.00175,,GEDI_rh98_m(pending),0,Landsat_C2_L2,regimeC_v0_CLCD+NDVI,v0
afforestation,SAIH_AFF_r08c32,stable_restoration,0.7072,0.00603,,GEDI_rh98_m(pending),0,Landsat_C2_L2,regimeC_v0_CLCD+NDVI,v0
afforestation,SAIH_AFF_r08c33,stable_restoration,0.8411,0.00588,,GEDI_rh98_m(pending),0,Landsat_C2_L2,regimeC_v0_CLCD+NDVI,v0
afforestation,SAIH_AFF_r08c34,stable_restoration,0.7049,0.00758,,GEDI_rh98_m(pending),0,Landsat_C2_L2,regimeC_v0_CLCD+NDVI,v0
afforestation,SAIH_AFF_r08c35,early_restoration,0.6258,0.01128,,GEDI_rh98_m(pending),0,Landsat_C2_L2,regimeC_v0_CLCD+NDVI,v0
afforestation,SAIH_AFF_r08c36,early_restoration,0.5052,0.00615,,GEDI_rh98_m(pending),0,Landsat_C2_L2,regimeC_v0_CLCD+NDVI,v0
afforestation,SAIH_AFF_r08c37,degraded,0.2987,0.0021,,GEDI_rh98_m(pending),0,Landsat_C2_L2,regimeC_v0_CLCD+NDVI,v0
afforestation,SAIH_AFF_r08c38,early_restoration,0.4526,0.00402,,GEDI_rh98_m(pending),0,Landsat_C2_L2,regimeC_v0_CLCD+NDVI,v0
afforestation,SAIH_AFF_r08c39,early_restoration,0.6455,0.00519,,GEDI_rh98_m(pending),0,Landsat_C2_L2,regimeC_v0_CLCD+NDVI,v0
afforestation,SAIH_AFF_r08c41,stable_restoration,0.6678,0.00486,,GEDI_rh98_m(pending),0,Landsat_C2_L2,regimeC_v0_CLCD+NDVI,v0
afforestation,SAIH_AFF_r08c42,stable_restoration,0.8143,0.02184,,GEDI_rh98_m(pending),0,Landsat_C2_L2,regimeC_v0_CLCD+NDVI,v0
afforestation,SAIH_AFF_r08c43,stable_restoration,0.8572,0.02737,,GEDI_rh98_m(pending),0,Landsat_C2_L2,regimeC_v0_CLCD+NDVI,v0
afforestation,SAIH_AFF_r08c44,stable_restoration,1.006,0.00758,,GEDI_rh98_m(pending),0,Landsat_C2_L2,regimeC_v0_CLCD+NDVI,v0
afforestation,SAIH_AFF_r08c45,stable_restoration,0.9684,0.00018,,GEDI_rh98_m(pending),0,Landsat_C2_L2,regimeC_v0_CLCD+NDVI,v0
afforestation,SAIH_AFF_r08c46,stable_restoration,1.006,-1e-05,,GEDI_rh98_m(pending),0,Landsat_C2_L2,regimeC_v0_CLCD+NDVI,v0
afforestation,SAIH_AFF_r08c47,stable_restoration,0.7856,0.00412,,GEDI_rh98_m(pending),0,Landsat_C2_L2,regimeC_v0_CLCD+NDVI,v0
afforestation,SAIH_AFF_r08c48,stable_restoration,0.792,0.00517,,GEDI_rh98_m(pending),0,Landsat_C2_L2,regimeC_v0_CLCD+NDVI,v0
afforestation,SAIH_AFF_r08c49,stable_restoration,0.8532,0.01675,,GEDI_rh98_m(pending),0,Landsat_C2_L2,regimeC_v0_CLCD+NDVI,v0
afforestation,SAIH_AFF_r08c50,stable_restoration,0.9085,0.00707,,GEDI_rh98_m(pending),0,Landsat_C2_L2,regimeC_v0_CLCD+NDVI,v0
afforestation,SAIH_AFF_r08c51,stable_restoration,0.7467,0.00516,,GEDI_rh98_m(pending),0,Landsat_C2_L2,regimeC_v0_CLCD+NDVI,v0
afforestation,SAIH_AFF_r08c52,early_restoration,0.5648,0.00416,,GEDI_rh98_m(pending),0,Landsat_C2_L2,regimeC_v0_CLCD+NDVI,v0
afforestation,SAIH_AFF_r08c53,early_restoration,0.5465,0.00406,,GEDI_rh98_m(pending),0,Landsat_C2_L2,regimeC_v0_CLCD+NDVI,v0
afforestation,SAIH_AFF_r08c54,early_restoration,0.4383,0.00737,,GEDI_rh98_m(pending),0,Landsat_C2_L2,regimeC_v0_CLCD+NDVI,v0
afforestation,SAIH_AFF_r08c55,stable_restoration,0.7127,0.00511,,GEDI_rh98_m(pending),0,Landsat_C2_L2,regimeC_v0_CLCD+NDVI,v0
afforestation,SAIH_AFF_r08c56,degraded,0.2975,0.00311,,GEDI_rh98_m(pending),0,Landsat_C2_L2,regimeC_v0_CLCD+NDVI,v0
afforestation,SAIH_AFF_r08c59,degraded,0.0744,0.00341,,GEDI_rh98_m(pending),0,Landsat_C2_L2,regimeC_v0_CLCD+NDVI,v0
afforestation,SAIH_AFF_r08c60,degraded,0.1156,0.00439,,GEDI_rh98_m(pending),0,Landsat_C2_L2,regimeC_v0_CLCD+NDVI,v0
afforestation,SAIH_AFF_r08c61,degraded,0.103,0.00456,,GEDI_rh98_m(pending),0,Landsat_C2_L2,regimeC_v0_CLCD+NDVI,v0
afforestation,SAIH_AFF_r09c18,early_restoration,0.348,0.0047,,GEDI_rh98_m(pending),0,Landsat_C2_L2,regimeC_v0_CLCD+NDVI,v0
afforestation,SAIH_AFF_r09c19,early_restoration,0.3542,0.0049,,GEDI_rh98_m(pending),0,Landsat_C2_L2,regimeC_v0_CLCD+NDVI,v0
afforestation,SAIH_AFF_r09c26,degraded,0.2804,0.00674,,GEDI_rh98_m(pending),0,Landsat_C2_L2,regimeC_v0_CLCD+NDVI,v0
afforestation,SAIH_AFF_r09c32,early_restoration,0.4635,0.00337,,GEDI_rh98_m(pending),0,Landsat_C2_L2,regimeC_v0_CLCD+NDVI,v0
afforestation,SAIH_AFF_r09c33,stable_restoration,0.7393,0.00478,,GEDI_rh98_m(pending),0,Landsat_C2_L2,regimeC_v0_CLCD+NDVI,v0
afforestation,SAIH_AFF_r09c34,stable_restoration,0.721,0.01137,,GEDI_rh98_m(pending),0,Landsat_C2_L2,regimeC_v0_CLCD+NDVI,v0
afforestation,SAIH_AFF_r09c35,early_restoration,0.4464,0.01029,,GEDI_rh98_m(pending),0,Landsat_C2_L2,regimeC_v0_CLCD+NDVI,v0
afforestation,SAIH_AFF_r09c39,early_restoration,0.6112,0.00515,,GEDI_rh98_m(pending),0,Landsat_C2_L2,regimeC_v0_CLCD+NDVI,v0
afforestation,SAIH_AFF_r09c40,stable_restoration,0.7621,0.00363,,GEDI_rh98_m(pending),0,Landsat_C2_L2,regimeC_v0_CLCD+NDVI,v0
afforestation,SAIH_AFF_r09c41,early_restoration,0.5099,0.00334,,GEDI_rh98_m(pending),0,Landsat_C2_L2,regimeC_v0_CLCD+NDVI,v0
afforestation,SAIH_AFF_r09c42,early_restoration,0.6403,0.00852,,GEDI_rh98_m(pending),0,Landsat_C2_L2,regimeC_v0_CLCD+NDVI,v0
afforestation,SAIH_AFF_r09c43,stable_restoration,0.9424,0.00622,,GEDI_rh98_m(pending),0,Landsat_C2_L2,regimeC_v0_CLCD+NDVI,v0
afforestation,SAIH_AFF_r09c44,stable_restoration,0.9728,0.00954,,GEDI_rh98_m(pending),0,Landsat_C2_L2,regimeC_v0_CLCD+NDVI,v0
afforestation,SAIH_AFF_r09c45,stable_restoration,0.9864,0.00217,,GEDI_rh98_m(pending),0,Landsat_C2_L2,regimeC_v0_CLCD+NDVI,v0
afforestation,SAIH_AFF_r09c46,stable_restoration,0.9533,0.00173,,GEDI_rh98_m(pending),0,Landsat_C2_L2,regimeC_v0_CLCD+NDVI,v0
afforestation,SAIH_AFF_r09c47,stable_restoration,0.9328,0.00153,,GEDI_rh98_m(pending),0,Landsat_C2_L2,regimeC_v0_CLCD+NDVI,v0
afforestation,SAIH_AFF_r09c48,stable_restoration,0.8332,0.00992,,GEDI_rh98_m(pending),0,Landsat_C2_L2,regimeC_v0_CLCD+NDVI,v0
afforestation,SAIH_AFF_r09c49,stable_restoration,0.8252,0.0123,,GEDI_rh98_m(pending),0,Landsat_C2_L2,regimeC_v0_CLCD+NDVI,v0
afforestation,SAIH_AFF_r09c50,stable_restoration,0.9264,0.00343,,GEDI_rh98_m(pending),0,Landsat_C2_L2,regimeC_v0_CLCD+NDVI,v0
afforestation,SAIH_AFF_r09c51,stable_restoration,0.7685,0.00227,,GEDI_rh98_m(pending),0,Landsat_C2_L2,regimeC_v0_CLCD+NDVI,v0
afforestation,SAIH_AFF_r09c52,early_restoration,0.5619,0.00256,,GEDI_rh98_m(pending),0,Landsat_C2_L2,regimeC_v0_CLCD+NDVI,v0
afforestation,SAIH_AFF_r09c53,early_restoration,0.4704,0.00685,,GEDI_rh98_m(pending),0,Landsat_C2_L2,regimeC_v0_CLCD+NDVI,v0
afforestation,SAIH_AFF_r09c54,stable_restoration,0.9551,0.0027,,GEDI_rh98_m(pending),0,Landsat_C2_L2,regimeC_v0_CLCD+NDVI,v0
afforestation,SAIH_AFF_r09c55,early_restoration,0.5916,0.00607,,GEDI_rh98_m(pending),0,Landsat_C2_L2,regimeC_v0_CLCD+NDVI,v0
afforestation,SAIH_AFF_r09c56,early_restoration,0.5299,0.00495,,GEDI_rh98_m(pending),0,Landsat_C2_L2,regimeC_v0_CLCD+NDVI,v0
afforestation,SAIH_AFF_r09c57,degraded,0.2593,0.00761,,GEDI_rh98_m(pending),0,Landsat_C2_L2,regimeC_v0_CLCD+NDVI,v0
afforestation,SAIH_AFF_r09c59,degraded,0.1144,0.00452,,GEDI_rh98_m(pending),0,Landsat_C2_L2,regimeC_v0_CLCD+NDVI,v0
afforestation,SAIH_AFF_r09c60,degraded,0.1604,0.00745,,GEDI_rh98_m(pending),0,Landsat_C2_L2,regimeC_v0_CLCD+NDVI,v0
afforestation,SAIH_AFF_r09c61,degraded,0.1688,0.00358,,GEDI_rh98_m(pending),0,Landsat_C2_L2,regimeC_v0_CLCD+NDVI,v0
afforestation,SAIH_AFF_r09c63,degraded,0.1379,0.00438,,GEDI_rh98_m(pending),0,Landsat_C2_L2,regimeC_v0_CLCD+NDVI,v0
afforestation,SAIH_AFF_r09c64,degraded,0.217,0.00144,,GEDI_rh98_m(pending),0,Landsat_C2_L2,regimeC_v0_CLCD+NDVI,v0
afforestation,SAIH_AFF_r10c18,early_restoration,0.3364,0.00506,,GEDI_rh98_m(pending),0,Landsat_C2_L2,regimeC_v0_CLCD+NDVI,v0
afforestation,SAIH_AFF_r10c25,degraded,0.2804,0.00688,,GEDI_rh98_m(pending),0,Landsat_C2_L2,regimeC_v0_CLCD+NDVI,v0
afforestation,SAIH_AFF_r10c33,early_restoration,0.5579,0.00655,,GEDI_rh98_m(pending),0,Landsat_C2_L2,regimeC_v0_CLCD+NDVI,v0
afforestation,SAIH_AFF_r10c34,early_restoration,0.3371,0.00739,,GEDI_rh98_m(pending),0,Landsat_C2_L2,regimeC_v0_CLCD+NDVI,v0
afforestation,SAIH_AFF_r10c35,degraded,0.2618,0.00361,,GEDI_rh98_m(pending),0,Landsat_C2_L2,regimeC_v0_CLCD+NDVI,v0
afforestation,SAIH_AFF_r10c37,early_restoration,0.345,0.00353,,GEDI_rh98_m(pending),0,Landsat_C2_L2,regimeC_v0_CLCD+NDVI,v0
afforestation,SAIH_AFF_r10c38,early_restoration,0.6317,0.00279,,GEDI_rh98_m(pending),0,Landsat_C2_L2,regimeC_v0_CLCD+NDVI,v0
afforestation,SAIH_AFF_r10c39,early_restoration,0.4092,0.00179,,GEDI_rh98_m(pending),0,Landsat_C2_L2,regimeC_v0_CLCD+NDVI,v0
afforestation,SAIH_AFF_r10c41,early_restoration,0.4938,0.00622,,GEDI_rh98_m(pending),0,Landsat_C2_L2,regimeC_v0_CLCD+NDVI,v0
afforestation,SAIH_AFF_r10c42,stable_restoration,0.8263,0.00998,,GEDI_rh98_m(pending),0,Landsat_C2_L2,regimeC_v0_CLCD+NDVI,v0
afforestation,SAIH_AFF_r10c43,stable_restoration,0.713,0.00921,,GEDI_rh98_m(pending),0,Landsat_C2_L2,regimeC_v0_CLCD+NDVI,v0
afforestation,SAIH_AFF_r10c44,stable_restoration,0.9567,0.0049,,GEDI_rh98_m(pending),0,Landsat_C2_L2,regimeC_v0_CLCD+NDVI,v0
afforestation,SAIH_AFF_r10c45,stable_restoration,0.9859,0.00496,,GEDI_rh98_m(pending),0,Landsat_C2_L2,regimeC_v0_CLCD+NDVI,v0
afforestation,SAIH_AFF_r10c46,stable_restoration,0.971,0.00374,,GEDI_rh98_m(pending),0,Landsat_C2_L2,regimeC_v0_CLCD+NDVI,v0
afforestation,SAIH_AFF_r10c47,stable_restoration,0.9241,0.01652,,GEDI_rh98_m(pending),0,Landsat_C2_L2,regimeC_v0_CLCD+NDVI,v0
afforestation,SAIH_AFF_r10c48,stable_restoration,0.939,0.0181,,GEDI_rh98_m(pending),0,Landsat_C2_L2,regimeC_v0_CLCD+NDVI,v0
afforestation,SAIH_AFF_r10c49,stable_restoration,0.9024,0.00268,,GEDI_rh98_m(pending),0,Landsat_C2_L2,regimeC_v0_CLCD+NDVI,v0
afforestation,SAIH_AFF_r10c50,stable_restoration,1.0094,0.0007,,GEDI_rh98_m(pending),0,Landsat_C2_L2,regimeC_v0_CLCD+NDVI,v0
afforestation,SAIH_AFF_r10c51,stable_restoration,0.7604,0.00277,,GEDI_rh98_m(pending),0,Landsat_C2_L2,regimeC_v0_CLCD+NDVI,v0
afforestation,SAIH_AFF_r10c52,early_restoration,0.6134,0.00421,,GEDI_rh98_m(pending),0,Landsat_C2_L2,regimeC_v0_CLCD+NDVI,v0
afforestation,SAIH_AFF_r10c53,stable_restoration,0.9127,0.00474,,GEDI_rh98_m(pending),0,Landsat_C2_L2,regimeC_v0_CLCD+NDVI,v0
afforestation,SAIH_AFF_r10c54,stable_restoration,0.7954,0.00429,,GEDI_rh98_m(pending),0,Landsat_C2_L2,regimeC_v0_CLCD+NDVI,v0
afforestation,SAIH_AFF_r10c55,early_restoration,0.3639,0.01181,,GEDI_rh98_m(pending),0,Landsat_C2_L2,regimeC_v0_CLCD+NDVI,v0
afforestation,SAIH_AFF_r10c56,early_restoration,0.5488,0.00448,,GEDI_rh98_m(pending),0,Landsat_C2_L2,regimeC_v0_CLCD+NDVI,v0
afforestation,SAIH_AFF_r10c57,early_restoration,0.6335,0.00556,,GEDI_rh98_m(pending),0,Landsat_C2_L2,regimeC_v0_CLCD+NDVI,v0
afforestation,SAIH_AFF_r10c58,stable_restoration,0.7038,0.00288,,GEDI_rh98_m(pending),0,Landsat_C2_L2,regimeC_v0_CLCD+NDVI,v0
afforestation,SAIH_AFF_r10c59,early_restoration,0.424,0.00278,,GEDI_rh98_m(pending),0,Landsat_C2_L2,regimeC_v0_CLCD+NDVI,v0
afforestation,SAIH_AFF_r10c60,degraded,0.0331,0.00153,,GEDI_rh98_m(pending),0,Landsat_C2_L2,regimeC_v0_CLCD+NDVI,v0
afforestation,SAIH_AFF_r10c61,degraded,0.2129,0.00852,,GEDI_rh98_m(pending),0,Landsat_C2_L2,regimeC_v0_CLCD+NDVI,v0
afforestation,SAIH_AFF_r10c62,degraded,0.2695,0.00155,,GEDI_rh98_m(pending),0,Landsat_C2_L2,regimeC_v0_CLCD+NDVI,v0
afforestation,SAIH_AFF_r10c63,early_restoration,0.6169,0.00791,,GEDI_rh98_m(pending),0,Landsat_C2_L2,regimeC_v0_CLCD+NDVI,v0
afforestation,SAIH_AFF_r10c64,early_restoration,0.3975,0.0044,,GEDI_rh98_m(pending),0,Landsat_C2_L2,regimeC_v0_CLCD+NDVI,v0
afforestation,SAIH_AFF_r11c15,degraded,0.2994,0.00135,,GEDI_rh98_m(pending),0,Landsat_C2_L2,regimeC_v0_CLCD+NDVI,v0
afforestation,SAIH_AFF_r11c16,early_restoration,0.4972,0.00263,,GEDI_rh98_m(pending),0,Landsat_C2_L2,regimeC_v0_CLCD+NDVI,v0
afforestation,SAIH_AFF_r11c19,degraded,0.2461,0.01121,,GEDI_rh98_m(pending),0,Landsat_C2_L2,regimeC_v0_CLCD+NDVI,v0
afforestation,SAIH_AFF_r11c37,early_restoration,0.3753,0.00683,,GEDI_rh98_m(pending),0,Landsat_C2_L2,regimeC_v0_CLCD+NDVI,v0
afforestation,SAIH_AFF_r11c40,early_restoration,0.4711,0.00256,,GEDI_rh98_m(pending),0,Landsat_C2_L2,regimeC_v0_CLCD+NDVI,v0
afforestation,SAIH_AFF_r11c41,stable_restoration,0.7536,0.00568,,GEDI_rh98_m(pending),0,Landsat_C2_L2,regimeC_v0_CLCD+NDVI,v0
afforestation,SAIH_AFF_r11c42,stable_restoration,0.7868,0.00934,,GEDI_rh98_m(pending),0,Landsat_C2_L2,regimeC_v0_CLCD+NDVI,v0
afforestation,SAIH_AFF_r11c43,early_restoration,0.4886,0.01041,,GEDI_rh98_m(pending),0,Landsat_C2_L2,regimeC_v0_CLCD+NDVI,v0
afforestation,SAIH_AFF_r11c44,stable_restoration,0.7164,0.00301,,GEDI_rh98_m(pending),0,Landsat_C2_L2,regimeC_v0_CLCD+NDVI,v0
afforestation,SAIH_AFF_r11c45,stable_restoration,0.7481,0.00293,,GEDI_rh98_m(pending),0,Landsat_C2_L2,regimeC_v0_CLCD+NDVI,v0
afforestation,SAIH_AFF_r11c46,stable_restoration,0.959,0.00289,,GEDI_rh98_m(pending),0,Landsat_C2_L2,regimeC_v0_CLCD+NDVI,v0
afforestation,SAIH_AFF_r11c47,stable_restoration,0.9247,0.0026,,GEDI_rh98_m(pending),0,Landsat_C2_L2,regimeC_v0_CLCD+NDVI,v0
afforestation,SAIH_AFF_r11c48,stable_restoration,0.9917,0.00101,,GEDI_rh98_m(pending),0,Landsat_C2_L2,regimeC_v0_CLCD+NDVI,v0
afforestation,SAIH_AFF_r11c49,stable_restoration,0.935,0.00198,,GEDI_rh98_m(pending),0,Landsat_C2_L2,regimeC_v0_CLCD+NDVI,v0
afforestation,SAIH_AFF_r11c50,stable_restoration,0.8176,0.00432,,GEDI_rh98_m(pending),0,Landsat_C2_L2,regimeC_v0_CLCD+NDVI,v0
afforestation,SAIH_AFF_r11c51,early_restoration,0.6575,0.01366,,GEDI_rh98_m(pending),0,Landsat_C2_L2,regimeC_v0_CLCD+NDVI,v0
afforestation,SAIH_AFF_r11c52,stable_restoration,0.9316,0.00207,,GEDI_rh98_m(pending),0,Landsat_C2_L2,regimeC_v0_CLCD+NDVI,v0
afforestation,SAIH_AFF_r11c53,stable_restoration,0.994,0.00161,,GEDI_rh98_m(pending),0,Landsat_C2_L2,regimeC_v0_CLCD+NDVI,v0
afforestation,SAIH_AFF_r11c54,early_restoration,0.5384,0.00276,,GEDI_rh98_m(pending),0,Landsat_C2_L2,regimeC_v0_CLCD+NDVI,v0
afforestation,SAIH_AFF_r11c55,early_restoration,0.5507,0.00572,,GEDI_rh98_m(pending),0,Landsat_C2_L2,regimeC_v0_CLCD+NDVI,v0
afforestation,SAIH_AFF_r11c56,early_restoration,0.4492,0.01142,,GEDI_rh98_m(pending),0,Landsat_C2_L2,regimeC_v0_CLCD+NDVI,v0
afforestation,SAIH_AFF_r11c60,degraded,0.2602,0.00544,,GEDI_rh98_m(pending),0,Landsat_C2_L2,regimeC_v0_CLCD+NDVI,v0
afforestation,SAIH_AFF_r11c64,degraded,0.2737,0.00856,,GEDI_rh98_m(pending),0,Landsat_C2_L2,regimeC_v0_CLCD+NDVI,v0
afforestation,SAIH_AFF_r12c16,early_restoration,0.4758,0.00399,,GEDI_rh98_m(pending),0,Landsat_C2_L2,regimeC_v0_CLCD+NDVI,v0
afforestation,SAIH_AFF_r12c33,early_restoration,0.3755,0.00246,,GEDI_rh98_m(pending),0,Landsat_C2_L2,regimeC_v0_CLCD+NDVI,v0
afforestation,SAIH_AFF_r12c39,early_restoration,0.5449,0.00256,,GEDI_rh98_m(pending),0,Landsat_C2_L2,regimeC_v0_CLCD+NDVI,v0
afforestation,SAIH_AFF_r12c40,stable_restoration,0.6695,0.00183,,GEDI_rh98_m(pending),0,Landsat_C2_L2,regimeC_v0_CLCD+NDVI,v0
afforestation,SAIH_AFF_r12c41,early_restoration,0.5939,0.00914,,GEDI_rh98_m(pending),0,Landsat_C2_L2,regimeC_v0_CLCD+NDVI,v0
afforestation,SAIH_AFF_r12c42,stable_restoration,0.8157,0.01172,,GEDI_rh98_m(pending),0,Landsat_C2_L2,regimeC_v0_CLCD+NDVI,v0
afforestation,SAIH_AFF_r12c43,early_restoration,0.4034,0.00594,,GEDI_rh98_m(pending),0,Landsat_C2_L2,regimeC_v0_CLCD+NDVI,v0
afforestation,SAIH_AFF_r12c45,stable_restoration,1.0167,0.00293,,GEDI_rh98_m(pending),0,Landsat_C2_L2,regimeC_v0_CLCD+NDVI,v0
afforestation,SAIH_AFF_r12c46,stable_restoration,1.0274,0.00372,,GEDI_rh98_m(pending),0,Landsat_C2_L2,regimeC_v0_CLCD+NDVI,v0
afforestation,SAIH_AFF_r12c47,stable_restoration,0.9533,0.0076,,GEDI_rh98_m(pending),0,Landsat_C2_L2,regimeC_v0_CLCD+NDVI,v0
afforestation,SAIH_AFF_r12c48,stable_restoration,0.9589,0.00232,,GEDI_rh98_m(pending),0,Landsat_C2_L2,regimeC_v0_CLCD+NDVI,v0
afforestation,SAIH_AFF_r12c49,stable_restoration,1.0001,0.00191,,GEDI_rh98_m(pending),0,Landsat_C2_L2,regimeC_v0_CLCD+NDVI,v0
afforestation,SAIH_AFF_r12c50,stable_restoration,0.9074,0.003,,GEDI_rh98_m(pending),0,Landsat_C2_L2,regimeC_v0_CLCD+NDVI,v0
afforestation,SAIH_AFF_r12c51,stable_restoration,0.989,0.0037,,GEDI_rh98_m(pending),0,Landsat_C2_L2,regimeC_v0_CLCD+NDVI,v0
afforestation,SAIH_AFF_r12c52,stable_restoration,1.0363,0.00012,,GEDI_rh98_m(pending),0,Landsat_C2_L2,regimeC_v0_CLCD+NDVI,v0
afforestation,SAIH_AFF_r12c53,stable_restoration,1.0191,0.00157,,GEDI_rh98_m(pending),0,Landsat_C2_L2,regimeC_v0_CLCD+NDVI,v0
afforestation,SAIH_AFF_r12c54,stable_restoration,0.9544,0.00871,,GEDI_rh98_m(pending),0,Landsat_C2_L2,regimeC_v0_CLCD+NDVI,v0
afforestation,SAIH_AFF_r12c55,stable_restoration,0.6836,0.01424,,GEDI_rh98_m(pending),0,Landsat_C2_L2,regimeC_v0_CLCD+NDVI,v0
afforestation,SAIH_AFF_r12c56,early_restoration,0.6452,0.00285,,GEDI_rh98_m(pending),0,Landsat_C2_L2,regimeC_v0_CLCD+NDVI,v0
afforestation,SAIH_AFF_r12c57,stable_restoration,0.6691,0.02033,,GEDI_rh98_m(pending),0,Landsat_C2_L2,regimeC_v0_CLCD+NDVI,v0
afforestation,SAIH_AFF_r12c58,early_restoration,0.6073,0.01977,,GEDI_rh98_m(pending),0,Landsat_C2_L2,regimeC_v0_CLCD+NDVI,v0
afforestation,SAIH_AFF_r12c59,stable_restoration,0.7131,0.01583,,GEDI_rh98_m(pending),0,Landsat_C2_L2,regimeC_v0_CLCD+NDVI,v0
afforestation,SAIH_AFF_r12c60,stable_restoration,0.6973,0.00677,,GEDI_rh98_m(pending),0,Landsat_C2_L2,regimeC_v0_CLCD+NDVI,v0
afforestation,SAIH_AFF_r12c64,stable_restoration,0.7421,0.02131,,GEDI_rh98_m(pending),0,Landsat_C2_L2,regimeC_v0_CLCD+NDVI,v0
afforestation,SAIH_AFF_r13c18,early_restoration,0.3782,0.0093,,GEDI_rh98_m(pending),0,Landsat_C2_L2,regimeC_v0_CLCD+NDVI,v0
afforestation,SAIH_AFF_r13c21,degraded,0.2632,0.00803,,GEDI_rh98_m(pending),0,Landsat_C2_L2,regimeC_v0_CLCD+NDVI,v0
afforestation,SAIH_AFF_r13c30,degraded,0.235,0.0099,,GEDI_rh98_m(pending),0,Landsat_C2_L2,regimeC_v0_CLCD+NDVI,v0
afforestation,SAIH_AFF_r13c31,early_restoration,0.424,0.01862,,GEDI_rh98_m(pending),0,Landsat_C2_L2,regimeC_v0_CLCD+NDVI,v0
afforestation,SAIH_AFF_r13c32,degraded,0.2409,0.00985,,GEDI_rh98_m(pending),0,Landsat_C2_L2,regimeC_v0_CLCD+NDVI,v0
afforestation,SAIH_AFF_r13c33,early_restoration,0.4189,0.01557,,GEDI_rh98_m(pending),0,Landsat_C2_L2,regimeC_v0_CLCD+NDVI,v0
afforestation,SAIH_AFF_r13c39,early_restoration,0.4401,0.00309,,GEDI_rh98_m(pending),0,Landsat_C2_L2,regimeC_v0_CLCD+NDVI,v0
afforestation,SAIH_AFF_r13c40,early_restoration,0.5108,0.00615,,GEDI_rh98_m(pending),0,Landsat_C2_L2,regimeC_v0_CLCD+NDVI,v0
afforestation,SAIH_AFF_r13c41,early_restoration,0.4961,0.01348,,GEDI_rh98_m(pending),0,Landsat_C2_L2,regimeC_v0_CLCD+NDVI,v0
afforestation,SAIH_AFF_r13c42,stable_restoration,0.6919,0.01126,,GEDI_rh98_m(pending),0,Landsat_C2_L2,regimeC_v0_CLCD+NDVI,v0
afforestation,SAIH_AFF_r13c43,early_restoration,0.4035,0.00907,,GEDI_rh98_m(pending),0,Landsat_C2_L2,regimeC_v0_CLCD+NDVI,v0
afforestation,SAIH_AFF_r13c44,early_restoration,0.4933,0.00682,,GEDI_rh98_m(pending),0,Landsat_C2_L2,regimeC_v0_CLCD+NDVI,v0
afforestation,SAIH_AFF_r13c45,stable_restoration,0.863,0.00728,,GEDI_rh98_m(pending),0,Landsat_C2_L2,regimeC_v0_CLCD+NDVI,v0
afforestation,SAIH_AFF_r13c46,stable_restoration,0.9024,0.00523,,GEDI_rh98_m(pending),0,Landsat_C2_L2,regimeC_v0_CLCD+NDVI,v0
afforestation,SAIH_AFF_r13c47,stable_restoration,0.9883,0.00669,,GEDI_rh98_m(pending),0,Landsat_C2_L2,regimeC_v0_CLCD+NDVI,v0
afforestation,SAIH_AFF_r13c48,stable_restoration,0.935,0.00369,,GEDI_rh98_m(pending),0,Landsat_C2_L2,regimeC_v0_CLCD+NDVI,v0
afforestation,SAIH_AFF_r13c49,stable_restoration,1.0345,0.0001,,GEDI_rh98_m(pending),0,Landsat_C2_L2,regimeC_v0_CLCD+NDVI,v0
afforestation,SAIH_AFF_r13c50,stable_restoration,1.0106,0.00163,,GEDI_rh98_m(pending),0,Landsat_C2_L2,regimeC_v0_CLCD+NDVI,v0
afforestation,SAIH_AFF_r13c51,stable_restoration,1.0094,0.00095,,GEDI_rh98_m(pending),0,Landsat_C2_L2,regimeC_v0_CLCD+NDVI,v0
afforestation,SAIH_AFF_r13c52,stable_restoration,1.0134,0.00049,,GEDI_rh98_m(pending),0,Landsat_C2_L2,regimeC_v0_CLCD+NDVI,v0
afforestation,SAIH_AFF_r13c53,stable_restoration,0.9928,0.00286,,GEDI_rh98_m(pending),0,Landsat_C2_L2,regimeC_v0_CLCD+NDVI,v0
afforestation,SAIH_AFF_r13c54,stable_restoration,0.7863,0.00311,,GEDI_rh98_m(pending),0,Landsat_C2_L2,regimeC_v0_CLCD+NDVI,v0
afforestation,SAIH_AFF_r13c55,early_restoration,0.609,0.00781,,GEDI_rh98_m(pending),0,Landsat_C2_L2,regimeC_v0_CLCD+NDVI,v0
afforestation,SAIH_AFF_r13c56,stable_restoration,0.8732,0.00902,,GEDI_rh98_m(pending),0,Landsat_C2_L2,regimeC_v0_CLCD+NDVI,v0
afforestation,SAIH_AFF_r13c57,stable_restoration,0.7038,0.01084,,GEDI_rh98_m(pending),0,Landsat_C2_L2,regimeC_v0_CLCD+NDVI,v0
afforestation,SAIH_AFF_r13c58,stable_restoration,0.8257,0.01734,,GEDI_rh98_m(pending),0,Landsat_C2_L2,regimeC_v0_CLCD+NDVI,v0
afforestation,SAIH_AFF_r13c59,stable_restoration,0.7342,0.01778,,GEDI_rh98_m(pending),0,Landsat_C2_L2,regimeC_v0_CLCD+NDVI,v0
afforestation,SAIH_AFF_r13c60,early_restoration,0.4525,0.00799,,GEDI_rh98_m(pending),0,Landsat_C2_L2,regimeC_v0_CLCD+NDVI,v0
afforestation,SAIH_AFF_r13c61,degraded,0.2809,0.00532,,GEDI_rh98_m(pending),0,Landsat_C2_L2,regimeC_v0_CLCD+NDVI,v0
afforestation,SAIH_AFF_r14c18,early_restoration,0.5591,0.01195,,GEDI_rh98_m(pending),0,Landsat_C2_L2,regimeC_v0_CLCD+NDVI,v0
afforestation,SAIH_AFF_r14c19,early_restoration,0.4933,0.0119,,GEDI_rh98_m(pending),0,Landsat_C2_L2,regimeC_v0_CLCD+NDVI,v0
afforestation,SAIH_AFF_r14c20,early_restoration,0.5591,0.01157,,GEDI_rh98_m(pending),0,Landsat_C2_L2,regimeC_v0_CLCD+NDVI,v0
afforestation,SAIH_AFF_r14c21,early_restoration,0.5179,0.01183,,GEDI_rh98_m(pending),0,Landsat_C2_L2,regimeC_v0_CLCD+NDVI,v0
afforestation,SAIH_AFF_r14c22,early_restoration,0.4692,0.0116,,GEDI_rh98_m(pending),0,Landsat_C2_L2,regimeC_v0_CLCD+NDVI,v0
afforestation,SAIH_AFF_r14c29,early_restoration,0.4606,0.02069,,GEDI_rh98_m(pending),0,Landsat_C2_L2,regimeC_v0_CLCD+NDVI,v0
afforestation,SAIH_AFF_r14c30,stable_restoration,0.6712,0.02925,,GEDI_rh98_m(pending),0,Landsat_C2_L2,regimeC_v0_CLCD+NDVI,v0
afforestation,SAIH_AFF_r14c31,early_restoration,0.5837,0.02383,,GEDI_rh98_m(pending),0,Landsat_C2_L2,regimeC_v0_CLCD+NDVI,v0
afforestation,SAIH_AFF_r14c32,stable_restoration,0.7474,0.02708,,GEDI_rh98_m(pending),0,Landsat_C2_L2,regimeC_v0_CLCD+NDVI,v0
afforestation,SAIH_AFF_r14c33,stable_restoration,0.9487,0.01293,,GEDI_rh98_m(pending),0,Landsat_C2_L2,regimeC_v0_CLCD+NDVI,v0
afforestation,SAIH_AFF_r14c34,stable_restoration,0.9911,0.00965,,GEDI_rh98_m(pending),0,Landsat_C2_L2,regimeC_v0_CLCD+NDVI,v0
afforestation,SAIH_AFF_r14c35,stable_restoration,0.6668,0.00497,,GEDI_rh98_m(pending),0,Landsat_C2_L2,regimeC_v0_CLCD+NDVI,v0
afforestation,SAIH_AFF_r14c40,early_restoration,0.3555,0.00419,,GEDI_rh98_m(pending),0,Landsat_C2_L2,regimeC_v0_CLCD+NDVI,v0
afforestation,SAIH_AFF_r14c41,early_restoration,0.412,0.00743,,GEDI_rh98_m(pending),0,Landsat_C2_L2,regimeC_v0_CLCD+NDVI,v0
afforestation,SAIH_AFF_r14c42,early_restoration,0.4675,0.00697,,GEDI_rh98_m(pending),0,Landsat_C2_L2,regimeC_v0_CLCD+NDVI,v0
afforestation,SAIH_AFF_r14c43,early_restoration,0.3805,0.00689,,GEDI_rh98_m(pending),0,Landsat_C2_L2,regimeC_v0_CLCD+NDVI,v0
afforestation,SAIH_AFF_r14c44,early_restoration,0.4686,0.00599,,GEDI_rh98_m(pending),0,Landsat_C2_L2,regimeC_v0_CLCD+NDVI,v0
afforestation,SAIH_AFF_r14c45,stable_restoration,0.7733,0.00386,,GEDI_rh98_m(pending),0,Landsat_C2_L2,regimeC_v0_CLCD+NDVI,v0
afforestation,SAIH_AFF_r14c46,stable_restoration,0.8818,0.00525,,GEDI_rh98_m(pending),0,Landsat_C2_L2,regimeC_v0_CLCD+NDVI,v0
afforestation,SAIH_AFF_r14c47,stable_restoration,0.9888,0.00257,,GEDI_rh98_m(pending),0,Landsat_C2_L2,regimeC_v0_CLCD+NDVI,v0
afforestation,SAIH_AFF_r14c48,stable_restoration,0.9144,0.00344,,GEDI_rh98_m(pending),0,Landsat_C2_L2,regimeC_v0_CLCD+NDVI,v0
afforestation,SAIH_AFF_r14c49,stable_restoration,0.9464,9e-05,,GEDI_rh98_m(pending),0,Landsat_C2_L2,regimeC_v0_CLCD+NDVI,v0
afforestation,SAIH_AFF_r14c50,stable_restoration,0.978,0.00082,,GEDI_rh98_m(pending),0,Landsat_C2_L2,regimeC_v0_CLCD+NDVI,v0
afforestation,SAIH_AFF_r14c51,stable_restoration,1.0179,0.00195,,GEDI_rh98_m(pending),0,Landsat_C2_L2,regimeC_v0_CLCD+NDVI,v0
afforestation,SAIH_AFF_r14c52,stable_restoration,0.8206,0.00232,,GEDI_rh98_m(pending),0,Landsat_C2_L2,regimeC_v0_CLCD+NDVI,v0
afforestation,SAIH_AFF_r14c53,stable_restoration,0.9293,0.0079,,GEDI_rh98_m(pending),0,Landsat_C2_L2,regimeC_v0_CLCD+NDVI,v0
afforestation,SAIH_AFF_r14c54,early_restoration,0.6592,0.00149,,GEDI_rh98_m(pending),0,Landsat_C2_L2,regimeC_v0_CLCD+NDVI,v0
afforestation,SAIH_AFF_r14c55,stable_restoration,1.0038,0.00121,,GEDI_rh98_m(pending),0,Landsat_C2_L2,regimeC_v0_CLCD+NDVI,v0
afforestation,SAIH_AFF_r14c56,stable_restoration,0.8732,0.0073,,GEDI_rh98_m(pending),0,Landsat_C2_L2,regimeC_v0_CLCD+NDVI,v0
afforestation,SAIH_AFF_r14c57,stable_restoration,0.8623,0.0049,,GEDI_rh98_m(pending),0,Landsat_C2_L2,regimeC_v0_CLCD+NDVI,v0
afforestation,SAIH_AFF_r14c58,stable_restoration,0.9458,0.02746,,GEDI_rh98_m(pending),0,Landsat_C2_L2,regimeC_v0_CLCD+NDVI,v0
afforestation,SAIH_AFF_r14c59,stable_restoration,0.749,0.03567,,GEDI_rh98_m(pending),0,Landsat_C2_L2,regimeC_v0_CLCD+NDVI,v0
afforestation,SAIH_AFF_r14c60,early_restoration,0.456,0.00693,,GEDI_rh98_m(pending),0,Landsat_C2_L2,regimeC_v0_CLCD+NDVI,v0
afforestation,SAIH_AFF_r14c61,early_restoration,0.6117,0.00897,,GEDI_rh98_m(pending),0,Landsat_C2_L2,regimeC_v0_CLCD+NDVI,v0
afforestation,SAIH_AFF_r14c62,degraded,0.2666,0.00777,,GEDI_rh98_m(pending),0,Landsat_C2_L2,regimeC_v0_CLCD+NDVI,v0
afforestation,SAIH_AFF_r15c16,degraded,0.2975,0.0076,,GEDI_rh98_m(pending),0,Landsat_C2_L2,regimeC_v0_CLCD+NDVI,v0
afforestation,SAIH_AFF_r15c17,early_restoration,0.6506,0.00758,,GEDI_rh98_m(pending),0,Landsat_C2_L2,regimeC_v0_CLCD+NDVI,v0
afforestation,SAIH_AFF_r15c18,early_restoration,0.602,0.0096,,GEDI_rh98_m(pending),0,Landsat_C2_L2,regimeC_v0_CLCD+NDVI,v0
afforestation,SAIH_AFF_r15c19,early_restoration,0.5825,0.01491,,GEDI_rh98_m(pending),0,Landsat_C2_L2,regimeC_v0_CLCD+NDVI,v0
afforestation,SAIH_AFF_r15c20,stable_restoration,0.7823,0.01568,,GEDI_rh98_m(pending),0,Landsat_C2_L2,regimeC_v0_CLCD+NDVI,v0
afforestation,SAIH_AFF_r15c21,stable_restoration,0.8903,0.01021,,GEDI_rh98_m(pending),0,Landsat_C2_L2,regimeC_v0_CLCD+NDVI,v0
afforestation,SAIH_AFF_r15c22,stable_restoration,0.8509,0.00624,,GEDI_rh98_m(pending),0,Landsat_C2_L2,regimeC_v0_CLCD+NDVI,v0
afforestation,SAIH_AFF_r15c23,stable_restoration,0.7215,0.00683,,GEDI_rh98_m(pending),0,Landsat_C2_L2,regimeC_v0_CLCD+NDVI,v0
afforestation,SAIH_AFF_r15c24,stable_restoration,0.7713,0.00877,,GEDI_rh98_m(pending),0,Landsat_C2_L2,regimeC_v0_CLCD+NDVI,v0
afforestation,SAIH_AFF_r15c25,stable_restoration,0.7229,0.00506,,GEDI_rh98_m(pending),0,Landsat_C2_L2,regimeC_v0_CLCD+NDVI,v0
afforestation,SAIH_AFF_r15c28,early_restoration,0.6009,0.01783,,GEDI_rh98_m(pending),0,Landsat_C2_L2,regimeC_v0_CLCD+NDVI,v0
afforestation,SAIH_AFF_r15c29,stable_restoration,0.8188,0.02019,,GEDI_rh98_m(pending),0,Landsat_C2_L2,regimeC_v0_CLCD+NDVI,v0
afforestation,SAIH_AFF_r15c30,stable_restoration,0.9656,0.00375,,GEDI_rh98_m(pending),0,Landsat_C2_L2,regimeC_v0_CLCD+NDVI,v0
afforestation,SAIH_AFF_r15c31,stable_restoration,1.0272,0.00496,,GEDI_rh98_m(pending),0,Landsat_C2_L2,regimeC_v0_CLCD+NDVI,v0
afforestation,SAIH_AFF_r15c32,stable_restoration,0.9871,0.0158,,GEDI_rh98_m(pending),0,Landsat_C2_L2,regimeC_v0_CLCD+NDVI,v0
afforestation,SAIH_AFF_r15c33,stable_restoration,0.9596,0.00884,,GEDI_rh98_m(pending),0,Landsat_C2_L2,regimeC_v0_CLCD+NDVI,v0
afforestation,SAIH_AFF_r15c34,stable_restoration,1.0208,0.00542,,GEDI_rh98_m(pending),0,Landsat_C2_L2,regimeC_v0_CLCD+NDVI,v0
afforestation,SAIH_AFF_r15c35,stable_restoration,0.9887,0.00156,,GEDI_rh98_m(pending),0,Landsat_C2_L2,regimeC_v0_CLCD+NDVI,v0
afforestation,SAIH_AFF_r15c36,stable_restoration,0.9482,0.00977,,GEDI_rh98_m(pending),0,Landsat_C2_L2,regimeC_v0_CLCD+NDVI,v0
afforestation,SAIH_AFF_r15c37,stable_restoration,0.7559,0.00424,,GEDI_rh98_m(pending),0,Landsat_C2_L2,regimeC_v0_CLCD+NDVI,v0
afforestation,SAIH_AFF_r15c38,degraded,0.3032,0.00175,,GEDI_rh98_m(pending),0,Landsat_C2_L2,regimeC_v0_CLCD+NDVI,v0
afforestation,SAIH_AFF_r15c42,early_restoration,0.4497,0.0047,,GEDI_rh98_m(pending),0,Landsat_C2_L2,regimeC_v0_CLCD+NDVI,v0
afforestation,SAIH_AFF_r15c43,stable_restoration,0.8418,0.003,,GEDI_rh98_m(pending),0,Landsat_C2_L2,regimeC_v0_CLCD+NDVI,v0
afforestation,SAIH_AFF_r15c44,stable_restoration,0.8383,0.00165,,GEDI_rh98_m(pending),0,Landsat_C2_L2,regimeC_v0_CLCD+NDVI,v0
afforestation,SAIH_AFF_r15c45,stable_restoration,0.9455,0.00466,,GEDI_rh98_m(pending),0,Landsat_C2_L2,regimeC_v0_CLCD+NDVI,v0
afforestation,SAIH_AFF_r15c46,stable_restoration,1.0156,0.00485,,GEDI_rh98_m(pending),0,Landsat_C2_L2,regimeC_v0_CLCD+NDVI,v0
afforestation,SAIH_AFF_r15c47,stable_restoration,0.9636,0.00345,,GEDI_rh98_m(pending),0,Landsat_C2_L2,regimeC_v0_CLCD+NDVI,v0
afforestation,SAIH_AFF_r15c48,stable_restoration,0.9253,0.00422,,GEDI_rh98_m(pending),0,Landsat_C2_L2,regimeC_v0_CLCD+NDVI,v0
afforestation,SAIH_AFF_r15c49,stable_restoration,0.9075,0.01697,,GEDI_rh98_m(pending),0,Landsat_C2_L2,regimeC_v0_CLCD+NDVI,v0
afforestation,SAIH_AFF_r15c50,stable_restoration,0.9522,0.00498,,GEDI_rh98_m(pending),0,Landsat_C2_L2,regimeC_v0_CLCD+NDVI,v0
afforestation,SAIH_AFF_r15c51,stable_restoration,0.9573,-0.00133,,GEDI_rh98_m(pending),0,Landsat_C2_L2,regimeC_v0_CLCD+NDVI,v0
afforestation,SAIH_AFF_r15c52,stable_restoration,0.7879,-0.00136,,GEDI_rh98_m(pending),0,Landsat_C2_L2,regimeC_v0_CLCD+NDVI,v0
afforestation,SAIH_AFF_r15c53,stable_restoration,0.9619,0.00397,,GEDI_rh98_m(pending),0,Landsat_C2_L2,regimeC_v0_CLCD+NDVI,v0
afforestation,SAIH_AFF_r15c54,stable_restoration,0.8818,0.00197,,GEDI_rh98_m(pending),0,Landsat_C2_L2,regimeC_v0_CLCD+NDVI,v0
afforestation,SAIH_AFF_r15c55,stable_restoration,0.9796,0.00241,,GEDI_rh98_m(pending),0,Landsat_C2_L2,regimeC_v0_CLCD+NDVI,v0
afforestation,SAIH_AFF_r15c56,stable_restoration,0.8245,0.00093,,GEDI_rh98_m(pending),0,Landsat_C2_L2,regimeC_v0_CLCD+NDVI,v0
afforestation,SAIH_AFF_r15c57,stable_restoration,0.9458,-0.0008,,GEDI_rh98_m(pending),0,Landsat_C2_L2,regimeC_v0_CLCD+NDVI,v0
afforestation,SAIH_AFF_r15c58,stable_restoration,0.9435,0.00629,,GEDI_rh98_m(pending),0,Landsat_C2_L2,regimeC_v0_CLCD+NDVI,v0
afforestation,SAIH_AFF_r15c59,stable_restoration,0.9396,0.01089,,GEDI_rh98_m(pending),0,Landsat_C2_L2,regimeC_v0_CLCD+NDVI,v0
afforestation,SAIH_AFF_r15c60,stable_restoration,0.6673,0.02685,,GEDI_rh98_m(pending),0,Landsat_C2_L2,regimeC_v0_CLCD+NDVI,v0
afforestation,SAIH_AFF_r15c61,early_restoration,0.6209,0.01209,,GEDI_rh98_m(pending),0,Landsat_C2_L2,regimeC_v0_CLCD+NDVI,v0
afforestation,SAIH_AFF_r15c62,early_restoration,0.4474,0.01495,,GEDI_rh98_m(pending),0,Landsat_C2_L2,regimeC_v0_CLCD+NDVI,v0
afforestation,SAIH_AFF_r16c11,early_restoration,0.452,0.00956,,GEDI_rh98_m(pending),0,Landsat_C2_L2,regimeC_v0_CLCD+NDVI,v0
afforestation,SAIH_AFF_r16c12,stable_restoration,0.9075,0.0135,,GEDI_rh98_m(pending),0,Landsat_C2_L2,regimeC_v0_CLCD+NDVI,v0
afforestation,SAIH_AFF_r16c13,stable_restoration,0.9499,0.01715,,GEDI_rh98_m(pending),0,Landsat_C2_L2,regimeC_v0_CLCD+NDVI,v0
afforestation,SAIH_AFF_r16c14,early_restoration,0.6506,0.01584,,GEDI_rh98_m(pending),0,Landsat_C2_L2,regimeC_v0_CLCD+NDVI,v0
afforestation,SAIH_AFF_r16c15,stable_restoration,0.8625,0.00835,,GEDI_rh98_m(pending),0,Landsat_C2_L2,regimeC_v0_CLCD+NDVI,v0
afforestation,SAIH_AFF_r16c16,stable_restoration,0.9956,0.00522,,GEDI_rh98_m(pending),0,Landsat_C2_L2,regimeC_v0_CLCD+NDVI,v0
afforestation,SAIH_AFF_r16c17,stable_restoration,0.9682,0.00261,,GEDI_rh98_m(pending),0,Landsat_C2_L2,regimeC_v0_CLCD+NDVI,v0
afforestation,SAIH_AFF_r16c18,stable_restoration,0.8446,0.01034,,GEDI_rh98_m(pending),0,Landsat_C2_L2,regimeC_v0_CLCD+NDVI,v0
afforestation,SAIH_AFF_r16c19,stable_restoration,0.8102,0.01346,,GEDI_rh98_m(pending),0,Landsat_C2_L2,regimeC_v0_CLCD+NDVI,v0
afforestation,SAIH_AFF_r16c20,early_restoration,0.4604,0.01305,,GEDI_rh98_m(pending),0,Landsat_C2_L2,regimeC_v0_CLCD+NDVI,v0
afforestation,SAIH_AFF_r16c21,stable_restoration,0.7845,0.0127,,GEDI_rh98_m(pending),0,Landsat_C2_L2,regimeC_v0_CLCD+NDVI,v0
afforestation,SAIH_AFF_r16c22,stable_restoration,0.9001,0.00834,,GEDI_rh98_m(pending),0,Landsat_C2_L2,regimeC_v0_CLCD+NDVI,v0
afforestation,SAIH_AFF_r16c23,stable_restoration,0.9865,0.01069,,GEDI_rh98_m(pending),0,Landsat_C2_L2,regimeC_v0_CLCD+NDVI,v0
afforestation,SAIH_AFF_r16c24,stable_restoration,0.8406,0.01178,,GEDI_rh98_m(pending),0,Landsat_C2_L2,regimeC_v0_CLCD+NDVI,v0
afforestation,SAIH_AFF_r16c25,stable_restoration,0.9185,0.01744,,GEDI_rh98_m(pending),0,Landsat_C2_L2,regimeC_v0_CLCD+NDVI,v0
afforestation,SAIH_AFF_r16c26,stable_restoration,0.8275,0.00742,,GEDI_rh98_m(pending),0,Landsat_C2_L2,regimeC_v0_CLCD+NDVI,v0
afforestation,SAIH_AFF_r16c27,stable_restoration,0.8732,0.01305,,GEDI_rh98_m(pending),0,Landsat_C2_L2,regimeC_v0_CLCD+NDVI,v0
afforestation,SAIH_AFF_r16c28,stable_restoration,0.9676,0.00756,,GEDI_rh98_m(pending),0,Landsat_C2_L2,regimeC_v0_CLCD+NDVI,v0
afforestation,SAIH_AFF_r16c29,stable_restoration,0.9842,0.00835,,GEDI_rh98_m(pending),0,Landsat_C2_L2,regimeC_v0_CLCD+NDVI,v0
afforestation,SAIH_AFF_r16c30,stable_restoration,0.9337,0.0132,,GEDI_rh98_m(pending),0,Landsat_C2_L2,regimeC_v0_CLCD+NDVI,v0
afforestation,SAIH_AFF_r16c31,stable_restoration,0.994,0.00565,,GEDI_rh98_m(pending),0,Landsat_C2_L2,regimeC_v0_CLCD+NDVI,v0
afforestation,SAIH_AFF_r16c32,stable_restoration,0.9933,0.00071,,GEDI_rh98_m(pending),0,Landsat_C2_L2,regimeC_v0_CLCD+NDVI,v0
afforestation,SAIH_AFF_r16c33,stable_restoration,0.9144,0.00589,,GEDI_rh98_m(pending),0,Landsat_C2_L2,regimeC_v0_CLCD+NDVI,v0
afforestation,SAIH_AFF_r16c34,stable_restoration,0.9962,0.00191,,GEDI_rh98_m(pending),0,Landsat_C2_L2,regimeC_v0_CLCD+NDVI,v0
afforestation,SAIH_AFF_r16c35,stable_restoration,0.9432,0.0022,,GEDI_rh98_m(pending),0,Landsat_C2_L2,regimeC_v0_CLCD+NDVI,v0
afforestation,SAIH_AFF_r16c36,stable_restoration,1.0071,0.00087,,GEDI_rh98_m(pending),0,Landsat_C2_L2,regimeC_v0_CLCD+NDVI,v0
afforestation,SAIH_AFF_r16c37,stable_restoration,0.9917,0.0051,,GEDI_rh98_m(pending),0,Landsat_C2_L2,regimeC_v0_CLCD+NDVI,v0
afforestation,SAIH_AFF_r16c38,stable_restoration,0.9848,0.01311,,GEDI_rh98_m(pending),0,Landsat_C2_L2,regimeC_v0_CLCD+NDVI,v0
afforestation,SAIH_AFF_r16c39,stable_restoration,0.8223,0.01043,,GEDI_rh98_m(pending),0,Landsat_C2_L2,regimeC_v0_CLCD+NDVI,v0
afforestation,SAIH_AFF_r16c40,stable_restoration,0.78,0.00854,,GEDI_rh98_m(pending),0,Landsat_C2_L2,regimeC_v0_CLCD+NDVI,v0
afforestation,SAIH_AFF_r16c41,stable_restoration,0.9596,-0.00145,,GEDI_rh98_m(pending),0,Landsat_C2_L2,regimeC_v0_CLCD+NDVI,v0
afforestation,SAIH_AFF_r16c42,stable_restoration,0.9539,0.00359,,GEDI_rh98_m(pending),0,Landsat_C2_L2,regimeC_v0_CLCD+NDVI,v0
afforestation,SAIH_AFF_r16c43,stable_restoration,0.8491,0.00643,,GEDI_rh98_m(pending),0,Landsat_C2_L2,regimeC_v0_CLCD+NDVI,v0
afforestation,SAIH_AFF_r16c44,stable_restoration,0.9212,0.00328,,GEDI_rh98_m(pending),0,Landsat_C2_L2,regimeC_v0_CLCD+NDVI,v0
afforestation,SAIH_AFF_r16c45,stable_restoration,0.9236,0.00654,,GEDI_rh98_m(pending),0,Landsat_C2_L2,regimeC_v0_CLCD+NDVI,v0
afforestation,SAIH_AFF_r16c46,stable_restoration,0.951,0.00658,,GEDI_rh98_m(pending),0,Landsat_C2_L2,regimeC_v0_CLCD+NDVI,v0
afforestation,SAIH_AFF_r16c47,stable_restoration,0.804,0.00455,,GEDI_rh98_m(pending),0,Landsat_C2_L2,regimeC_v0_CLCD+NDVI,v0
afforestation,SAIH_AFF_r16c48,stable_restoration,0.875,0.00662,,GEDI_rh98_m(pending),0,Landsat_C2_L2,regimeC_v0_CLCD+NDVI,v0
afforestation,SAIH_AFF_r16c49,stable_restoration,0.8034,0.00812,,GEDI_rh98_m(pending),0,Landsat_C2_L2,regimeC_v0_CLCD+NDVI,v0
afforestation,SAIH_AFF_r16c50,stable_restoration,0.7285,0.00464,,GEDI_rh98_m(pending),0,Landsat_C2_L2,regimeC_v0_CLCD+NDVI,v0
afforestation,SAIH_AFF_r16c51,stable_restoration,0.9075,0.00234,,GEDI_rh98_m(pending),0,Landsat_C2_L2,regimeC_v0_CLCD+NDVI,v0
afforestation,SAIH_AFF_r16c52,stable_restoration,0.9533,-0.0012,,GEDI_rh98_m(pending),0,Landsat_C2_L2,regimeC_v0_CLCD+NDVI,v0
afforestation,SAIH_AFF_r16c53,stable_restoration,0.9837,0.00021,,GEDI_rh98_m(pending),0,Landsat_C2_L2,regimeC_v0_CLCD+NDVI,v0
afforestation,SAIH_AFF_r16c54,stable_restoration,0.8869,0.00534,,GEDI_rh98_m(pending),0,Landsat_C2_L2,regimeC_v0_CLCD+NDVI,v0
afforestation,SAIH_AFF_r16c55,stable_restoration,0.9691,0.00756,,GEDI_rh98_m(pending),0,Landsat_C2_L2,regimeC_v0_CLCD+NDVI,v0
afforestation,SAIH_AFF_r16c56,stable_restoration,0.8973,0.00148,,GEDI_rh98_m(pending),0,Landsat_C2_L2,regimeC_v0_CLCD+NDVI,v0
afforestation,SAIH_AFF_r16c57,stable_restoration,0.6655,0.00443,,GEDI_rh98_m(pending),0,Landsat_C2_L2,regimeC_v0_CLCD+NDVI,v0
afforestation,SAIH_AFF_r16c58,stable_restoration,0.9269,0.00895,,GEDI_rh98_m(pending),0,Landsat_C2_L2,regimeC_v0_CLCD+NDVI,v0
afforestation,SAIH_AFF_r16c59,stable_restoration,1.0042,0.00749,,GEDI_rh98_m(pending),0,Landsat_C2_L2,regimeC_v0_CLCD+NDVI,v0
afforestation,SAIH_AFF_r16c60,stable_restoration,0.8092,0.01823,,GEDI_rh98_m(pending),0,Landsat_C2_L2,regimeC_v0_CLCD+NDVI,v0
afforestation,SAIH_AFF_r16c61,early_restoration,0.61,0.01762,,GEDI_rh98_m(pending),0,Landsat_C2_L2,regimeC_v0_CLCD+NDVI,v0
afforestation,SAIH_AFF_r16c62,degraded,0.285,0.00621,,GEDI_rh98_m(pending),0,Landsat_C2_L2,regimeC_v0_CLCD+NDVI,v0
afforestation,SAIH_AFF_r17c11,stable_restoration,0.6895,0.01637,,GEDI_rh98_m(pending),0,Landsat_C2_L2,regimeC_v0_CLCD+NDVI,v0
afforestation,SAIH_AFF_r17c12,stable_restoration,1.0185,0.01983,,GEDI_rh98_m(pending),0,Landsat_C2_L2,regimeC_v0_CLCD+NDVI,v0
afforestation,SAIH_AFF_r17c13,stable_restoration,1.0294,0.00899,,GEDI_rh98_m(pending),0,Landsat_C2_L2,regimeC_v0_CLCD+NDVI,v0
afforestation,SAIH_AFF_r17c14,stable_restoration,1.0237,0.01076,,GEDI_rh98_m(pending),0,Landsat_C2_L2,regimeC_v0_CLCD+NDVI,v0
afforestation,SAIH_AFF_r17c15,stable_restoration,1.0004,0.00387,,GEDI_rh98_m(pending),0,Landsat_C2_L2,regimeC_v0_CLCD+NDVI,v0
afforestation,SAIH_AFF_r17c16,stable_restoration,0.9653,0.00676,,GEDI_rh98_m(pending),0,Landsat_C2_L2,regimeC_v0_CLCD+NDVI,v0
afforestation,SAIH_AFF_r17c17,stable_restoration,0.9356,0.0079,,GEDI_rh98_m(pending),0,Landsat_C2_L2,regimeC_v0_CLCD+NDVI,v0
afforestation,SAIH_AFF_r17c18,stable_restoration,0.979,0.00924,,GEDI_rh98_m(pending),0,Landsat_C2_L2,regimeC_v0_CLCD+NDVI,v0
afforestation,SAIH_AFF_r17c19,stable_restoration,0.8475,0.01378,,GEDI_rh98_m(pending),0,Landsat_C2_L2,regimeC_v0_CLCD+NDVI,v0
afforestation,SAIH_AFF_r17c20,stable_restoration,0.9236,0.02081,,GEDI_rh98_m(pending),0,Landsat_C2_L2,regimeC_v0_CLCD+NDVI,v0
afforestation,SAIH_AFF_r17c21,stable_restoration,0.9075,0.02047,,GEDI_rh98_m(pending),0,Landsat_C2_L2,regimeC_v0_CLCD+NDVI,v0
afforestation,SAIH_AFF_r17c22,stable_restoration,0.8927,0.00829,,GEDI_rh98_m(pending),0,Landsat_C2_L2,regimeC_v0_CLCD+NDVI,v0
afforestation,SAIH_AFF_r17c23,stable_restoration,0.8257,0.02109,,GEDI_rh98_m(pending),0,Landsat_C2_L2,regimeC_v0_CLCD+NDVI,v0
afforestation,SAIH_AFF_r17c24,stable_restoration,0.8503,0.02027,,GEDI_rh98_m(pending),0,Landsat_C2_L2,regimeC_v0_CLCD+NDVI,v0
afforestation,SAIH_AFF_r17c25,stable_restoration,0.7901,0.01763,,GEDI_rh98_m(pending),0,Landsat_C2_L2,regimeC_v0_CLCD+NDVI,v0
afforestation,SAIH_AFF_r17c26,stable_restoration,0.7713,0.01429,,GEDI_rh98_m(pending),0,Landsat_C2_L2,regimeC_v0_CLCD+NDVI,v0
afforestation,SAIH_AFF_r17c27,stable_restoration,0.8944,0.01694,,GEDI_rh98_m(pending),0,Landsat_C2_L2,regimeC_v0_CLCD+NDVI,v0
afforestation,SAIH_AFF_r17c28,stable_restoration,0.9287,0.00589,,GEDI_rh98_m(pending),0,Landsat_C2_L2,regimeC_v0_CLCD+NDVI,v0
afforestation,SAIH_AFF_r17c29,stable_restoration,1.0156,0.00313,,GEDI_rh98_m(pending),0,Landsat_C2_L2,regimeC_v0_CLCD+NDVI,v0
afforestation,SAIH_AFF_r17c30,stable_restoration,1.0172,0.00732,,GEDI_rh98_m(pending),0,Landsat_C2_L2,regimeC_v0_CLCD+NDVI,v0
afforestation,SAIH_AFF_r17c31,stable_restoration,0.7627,0.00951,,GEDI_rh98_m(pending),0,Landsat_C2_L2,regimeC_v0_CLCD+NDVI,v0
afforestation,SAIH_AFF_r17c32,stable_restoration,0.9922,0.01329,,GEDI_rh98_m(pending),0,Landsat_C2_L2,regimeC_v0_CLCD+NDVI,v0
afforestation,SAIH_AFF_r17c33,stable_restoration,0.7084,0.01292,,GEDI_rh98_m(pending),0,Landsat_C2_L2,regimeC_v0_CLCD+NDVI,v0
afforestation,SAIH_AFF_r17c34,stable_restoration,0.8086,0.00311,,GEDI_rh98_m(pending),0,Landsat_C2_L2,regimeC_v0_CLCD+NDVI,v0
afforestation,SAIH_AFF_r17c35,stable_restoration,0.872,0.00365,,GEDI_rh98_m(pending),0,Landsat_C2_L2,regimeC_v0_CLCD+NDVI,v0
afforestation,SAIH_AFF_r17c36,stable_restoration,0.9974,0.01279,,GEDI_rh98_m(pending),0,Landsat_C2_L2,regimeC_v0_CLCD+NDVI,v0
afforestation,SAIH_AFF_r17c37,stable_restoration,1.0185,0.02239,,GEDI_rh98_m(pending),0,Landsat_C2_L2,regimeC_v0_CLCD+NDVI,v0
afforestation,SAIH_AFF_r17c38,stable_restoration,1.0049,0.01303,,GEDI_rh98_m(pending),0,Landsat_C2_L2,regimeC_v0_CLCD+NDVI,v0
afforestation,SAIH_AFF_r17c39,stable_restoration,1.0031,0.00852,,GEDI_rh98_m(pending),0,Landsat_C2_L2,regimeC_v0_CLCD+NDVI,v0
afforestation,SAIH_AFF_r17c40,stable_restoration,0.8187,0.00478,,GEDI_rh98_m(pending),0,Landsat_C2_L2,regimeC_v0_CLCD+NDVI,v0
afforestation,SAIH_AFF_r17c41,stable_restoration,0.8807,0.00682,,GEDI_rh98_m(pending),0,Landsat_C2_L2,regimeC_v0_CLCD+NDVI,v0
afforestation,SAIH_AFF_r17c42,stable_restoration,0.8595,0.0036,,GEDI_rh98_m(pending),0,Landsat_C2_L2,regimeC_v0_CLCD+NDVI,v0
afforestation,SAIH_AFF_r17c43,stable_restoration,0.9001,0.00296,,GEDI_rh98_m(pending),0,Landsat_C2_L2,regimeC_v0_CLCD+NDVI,v0
afforestation,SAIH_AFF_r17c44,stable_restoration,0.9041,0.00789,,GEDI_rh98_m(pending),0,Landsat_C2_L2,regimeC_v0_CLCD+NDVI,v0
afforestation,SAIH_AFF_r17c45,stable_restoration,0.9729,0.00695,,GEDI_rh98_m(pending),0,Landsat_C2_L2,regimeC_v0_CLCD+NDVI,v0
afforestation,SAIH_AFF_r17c46,stable_restoration,1.0265,0.00438,,GEDI_rh98_m(pending),0,Landsat_C2_L2,regimeC_v0_CLCD+NDVI,v0
afforestation,SAIH_AFF_r17c47,stable_restoration,0.9235,0.01107,,GEDI_rh98_m(pending),0,Landsat_C2_L2,regimeC_v0_CLCD+NDVI,v0
afforestation,SAIH_AFF_r17c48,early_restoration,0.606,0.00402,,GEDI_rh98_m(pending),0,Landsat_C2_L2,regimeC_v0_CLCD+NDVI,v0
afforestation,SAIH_AFF_r17c49,stable_restoration,0.7416,0.00502,,GEDI_rh98_m(pending),0,Landsat_C2_L2,regimeC_v0_CLCD+NDVI,v0
afforestation,SAIH_AFF_r17c50,early_restoration,0.4385,0.00714,,GEDI_rh98_m(pending),0,Landsat_C2_L2,regimeC_v0_CLCD+NDVI,v0
afforestation,SAIH_AFF_r17c51,stable_restoration,0.7565,0.00778,,GEDI_rh98_m(pending),0,Landsat_C2_L2,regimeC_v0_CLCD+NDVI,v0
afforestation,SAIH_AFF_r17c52,stable_restoration,0.9494,0.00259,,GEDI_rh98_m(pending),0,Landsat_C2_L2,regimeC_v0_CLCD+NDVI,v0
afforestation,SAIH_AFF_r17c53,stable_restoration,1.0054,0.00017,,GEDI_rh98_m(pending),0,Landsat_C2_L2,regimeC_v0_CLCD+NDVI,v0
afforestation,SAIH_AFF_r17c54,stable_restoration,0.8944,0.00346,,GEDI_rh98_m(pending),0,Landsat_C2_L2,regimeC_v0_CLCD+NDVI,v0
afforestation,SAIH_AFF_r17c55,early_restoration,0.6225,0.00979,,GEDI_rh98_m(pending),0,Landsat_C2_L2,regimeC_v0_CLCD+NDVI,v0
afforestation,SAIH_AFF_r17c56,early_restoration,0.5677,0.00785,,GEDI_rh98_m(pending),0,Landsat_C2_L2,regimeC_v0_CLCD+NDVI,v0
afforestation,SAIH_AFF_r17c57,stable_restoration,0.7765,0.01551,,GEDI_rh98_m(pending),0,Landsat_C2_L2,regimeC_v0_CLCD+NDVI,v0
afforestation,SAIH_AFF_r17c58,stable_restoration,0.6701,0.00396,,GEDI_rh98_m(pending),0,Landsat_C2_L2,regimeC_v0_CLCD+NDVI,v0
afforestation,SAIH_AFF_r17c59,stable_restoration,0.9116,0.00515,,GEDI_rh98_m(pending),0,Landsat_C2_L2,regimeC_v0_CLCD+NDVI,v0
afforestation,SAIH_AFF_r17c60,stable_restoration,0.6936,0.0075,,GEDI_rh98_m(pending),0,Landsat_C2_L2,regimeC_v0_CLCD+NDVI,v0
afforestation,SAIH_AFF_r17c61,early_restoration,0.5596,0.01049,,GEDI_rh98_m(pending),0,Landsat_C2_L2,regimeC_v0_CLCD+NDVI,v0
afforestation,SAIH_AFF_r18c11,stable_restoration,0.7611,0.02027,,GEDI_rh98_m(pending),0,Landsat_C2_L2,regimeC_v0_CLCD+NDVI,v0
afforestation,SAIH_AFF_r18c12,stable_restoration,1.0077,0.02815,,GEDI_rh98_m(pending),0,Landsat_C2_L2,regimeC_v0_CLCD+NDVI,v0
afforestation,SAIH_AFF_r18c13,stable_restoration,0.8984,0.0168,,GEDI_rh98_m(pending),0,Landsat_C2_L2,regimeC_v0_CLCD+NDVI,v0
afforestation,SAIH_AFF_r18c14,stable_restoration,0.8584,0.02186,,GEDI_rh98_m(pending),0,Landsat_C2_L2,regimeC_v0_CLCD+NDVI,v0
afforestation,SAIH_AFF_r18c15,stable_restoration,0.987,0.00877,,GEDI_rh98_m(pending),0,Landsat_C2_L2,regimeC_v0_CLCD+NDVI,v0
afforestation,SAIH_AFF_r18c16,stable_restoration,0.9985,0.01387,,GEDI_rh98_m(pending),0,Landsat_C2_L2,regimeC_v0_CLCD+NDVI,v0
afforestation,SAIH_AFF_r18c17,stable_restoration,1.0265,0.00639,,GEDI_rh98_m(pending),0,Landsat_C2_L2,regimeC_v0_CLCD+NDVI,v0
afforestation,SAIH_AFF_r18c18,stable_restoration,1.0128,0.00973,,GEDI_rh98_m(pending),0,Landsat_C2_L2,regimeC_v0_CLCD+NDVI,v0
afforestation,SAIH_AFF_r18c19,stable_restoration,1.0174,0.00988,,GEDI_rh98_m(pending),0,Landsat_C2_L2,regimeC_v0_CLCD+NDVI,v0
afforestation,SAIH_AFF_r18c20,stable_restoration,0.9314,0.01628,,GEDI_rh98_m(pending),0,Landsat_C2_L2,regimeC_v0_CLCD+NDVI,v0
afforestation,SAIH_AFF_r18c21,stable_restoration,0.8457,0.02318,,GEDI_rh98_m(pending),0,Landsat_C2_L2,regimeC_v0_CLCD+NDVI,v0
afforestation,SAIH_AFF_r18c22,stable_restoration,0.8612,0.01372,,GEDI_rh98_m(pending),0,Landsat_C2_L2,regimeC_v0_CLCD+NDVI,v0
afforestation,SAIH_AFF_r18c23,stable_restoration,0.8812,0.01591,,GEDI_rh98_m(pending),0,Landsat_C2_L2,regimeC_v0_CLCD+NDVI,v0
afforestation,SAIH_AFF_r18c24,stable_restoration,0.8721,0.01446,,GEDI_rh98_m(pending),0,Landsat_C2_L2,regimeC_v0_CLCD+NDVI,v0
afforestation,SAIH_AFF_r18c25,stable_restoration,0.9381,0.01301,,GEDI_rh98_m(pending),0,Landsat_C2_L2,regimeC_v0_CLCD+NDVI,v0
afforestation,SAIH_AFF_r18c26,stable_restoration,0.8595,0.00421,,GEDI_rh98_m(pending),0,Landsat_C2_L2,regimeC_v0_CLCD+NDVI,v0
afforestation,SAIH_AFF_r18c27,stable_restoration,0.9717,0.00313,,GEDI_rh98_m(pending),0,Landsat_C2_L2,regimeC_v0_CLCD+NDVI,v0
afforestation,SAIH_AFF_r18c28,stable_restoration,0.919,0.00706,,GEDI_rh98_m(pending),0,Landsat_C2_L2,regimeC_v0_CLCD+NDVI,v0
afforestation,SAIH_AFF_r18c29,stable_restoration,0.9922,0.00329,,GEDI_rh98_m(pending),0,Landsat_C2_L2,regimeC_v0_CLCD+NDVI,v0
afforestation,SAIH_AFF_r18c30,stable_restoration,0.8899,0.00686,,GEDI_rh98_m(pending),0,Landsat_C2_L2,regimeC_v0_CLCD+NDVI,v0
afforestation,SAIH_AFF_r18c31,early_restoration,0.4331,0.00642,,GEDI_rh98_m(pending),0,Landsat_C2_L2,regimeC_v0_CLCD+NDVI,v0
afforestation,SAIH_AFF_r18c32,stable_restoration,0.7279,0.00962,,GEDI_rh98_m(pending),0,Landsat_C2_L2,regimeC_v0_CLCD+NDVI,v0
afforestation,SAIH_AFF_r18c33,stable_restoration,1.0237,0.00488,,GEDI_rh98_m(pending),0,Landsat_C2_L2,regimeC_v0_CLCD+NDVI,v0
afforestation,SAIH_AFF_r18c34,stable_restoration,1.0151,0.00458,,GEDI_rh98_m(pending),0,Landsat_C2_L2,regimeC_v0_CLCD+NDVI,v0
afforestation,SAIH_AFF_r18c35,stable_restoration,1.0318,0.00242,,GEDI_rh98_m(pending),0,Landsat_C2_L2,regimeC_v0_CLCD+NDVI,v0
afforestation,SAIH_AFF_r18c36,stable_restoration,0.9636,0.01318,,GEDI_rh98_m(pending),0,Landsat_C2_L2,regimeC_v0_CLCD+NDVI,v0
afforestation,SAIH_AFF_r18c37,stable_restoration,0.8051,0.02367,,GEDI_rh98_m(pending),0,Landsat_C2_L2,regimeC_v0_CLCD+NDVI,v0
afforestation,SAIH_AFF_r18c38,stable_restoration,0.7531,0.01219,,GEDI_rh98_m(pending),0,Landsat_C2_L2,regimeC_v0_CLCD+NDVI,v0
afforestation,SAIH_AFF_r18c39,stable_restoration,0.986,0.00469,,GEDI_rh98_m(pending),0,Landsat_C2_L2,regimeC_v0_CLCD+NDVI,v0
afforestation,SAIH_AFF_r18c40,stable_restoration,1.0251,0.00476,,GEDI_rh98_m(pending),0,Landsat_C2_L2,regimeC_v0_CLCD+NDVI,v0
afforestation,SAIH_AFF_r18c41,stable_restoration,0.8572,0.0057,,GEDI_rh98_m(pending),0,Landsat_C2_L2,regimeC_v0_CLCD+NDVI,v0
afforestation,SAIH_AFF_r18c42,stable_restoration,0.7604,0.00654,,GEDI_rh98_m(pending),0,Landsat_C2_L2,regimeC_v0_CLCD+NDVI,v0
afforestation,SAIH_AFF_r18c43,stable_restoration,0.9905,0.00478,,GEDI_rh98_m(pending),0,Landsat_C2_L2,regimeC_v0_CLCD+NDVI,v0
afforestation,SAIH_AFF_r18c44,stable_restoration,0.9837,0.00374,,GEDI_rh98_m(pending),0,Landsat_C2_L2,regimeC_v0_CLCD+NDVI,v0
afforestation,SAIH_AFF_r18c45,stable_restoration,0.9651,0.00331,,GEDI_rh98_m(pending),0,Landsat_C2_L2,regimeC_v0_CLCD+NDVI,v0
afforestation,SAIH_AFF_r18c46,stable_restoration,0.963,0.00521,,GEDI_rh98_m(pending),0,Landsat_C2_L2,regimeC_v0_CLCD+NDVI,v0
afforestation,SAIH_AFF_r18c47,stable_restoration,0.9155,0.00898,,GEDI_rh98_m(pending),0,Landsat_C2_L2,regimeC_v0_CLCD+NDVI,v0
afforestation,SAIH_AFF_r18c48,stable_restoration,0.7347,0.00748,,GEDI_rh98_m(pending),0,Landsat_C2_L2,regimeC_v0_CLCD+NDVI,v0
afforestation,SAIH_AFF_r18c49,early_restoration,0.4806,0.00821,,GEDI_rh98_m(pending),0,Landsat_C2_L2,regimeC_v0_CLCD+NDVI,v0
afforestation,SAIH_AFF_r18c50,early_restoration,0.6348,0.00805,,GEDI_rh98_m(pending),0,Landsat_C2_L2,regimeC_v0_CLCD+NDVI,v0
afforestation,SAIH_AFF_r18c51,stable_restoration,0.7897,0.00109,,GEDI_rh98_m(pending),0,Landsat_C2_L2,regimeC_v0_CLCD+NDVI,v0
afforestation,SAIH_AFF_r18c52,stable_restoration,0.8561,0.00147,,GEDI_rh98_m(pending),0,Landsat_C2_L2,regimeC_v0_CLCD+NDVI,v0
afforestation,SAIH_AFF_r18c53,stable_restoration,0.9035,0.01039,,GEDI_rh98_m(pending),0,Landsat_C2_L2,regimeC_v0_CLCD+NDVI,v0
afforestation,SAIH_AFF_r18c54,stable_restoration,1.0083,0.02258,,GEDI_rh98_m(pending),0,Landsat_C2_L2,regimeC_v0_CLCD+NDVI,v0
afforestation,SAIH_AFF_r18c55,stable_restoration,0.854,0.01863,,GEDI_rh98_m(pending),0,Landsat_C2_L2,regimeC_v0_CLCD+NDVI,v0
afforestation,SAIH_AFF_r18c56,early_restoration,0.5957,0.01352,,GEDI_rh98_m(pending),0,Landsat_C2_L2,regimeC_v0_CLCD+NDVI,v0
afforestation,SAIH_AFF_r18c57,stable_restoration,0.6632,0.02357,,GEDI_rh98_m(pending),0,Landsat_C2_L2,regimeC_v0_CLCD+NDVI,v0
afforestation,SAIH_AFF_r18c58,degraded,0.1133,0.00531,,GEDI_rh98_m(pending),0,Landsat_C2_L2,regimeC_v0_CLCD+NDVI,v0
afforestation,SAIH_AFF_r18c59,early_restoration,0.6105,0.00946,,GEDI_rh98_m(pending),0,Landsat_C2_L2,regimeC_v0_CLCD+NDVI,v0
afforestation,SAIH_AFF_r18c60,degraded,0.3107,0.00311,,GEDI_rh98_m(pending),0,Landsat_C2_L2,regimeC_v0_CLCD+NDVI,v0
afforestation,SAIH_AFF_r18c61,early_restoration,0.5379,0.02134,,GEDI_rh98_m(pending),0,Landsat_C2_L2,regimeC_v0_CLCD+NDVI,v0
afforestation,SAIH_AFF_r18c63,early_restoration,0.4515,0.02163,,GEDI_rh98_m(pending),0,Landsat_C2_L2,regimeC_v0_CLCD+NDVI,v0
afforestation,SAIH_AFF_r19c08,early_restoration,0.6268,0.01881,,GEDI_rh98_m(pending),0,Landsat_C2_L2,regimeC_v0_CLCD+NDVI,v0
afforestation,SAIH_AFF_r19c09,early_restoration,0.4926,0.01655,,GEDI_rh98_m(pending),0,Landsat_C2_L2,regimeC_v0_CLCD+NDVI,v0
afforestation,SAIH_AFF_r19c10,early_restoration,0.5395,0.01924,,GEDI_rh98_m(pending),0,Landsat_C2_L2,regimeC_v0_CLCD+NDVI,v0
afforestation,SAIH_AFF_r19c11,stable_restoration,0.8803,0.02523,,GEDI_rh98_m(pending),0,Landsat_C2_L2,regimeC_v0_CLCD+NDVI,v0
afforestation,SAIH_AFF_r19c12,stable_restoration,1.0007,0.03522,,GEDI_rh98_m(pending),0,Landsat_C2_L2,regimeC_v0_CLCD+NDVI,v0
afforestation,SAIH_AFF_r19c13,stable_restoration,0.9316,0.02283,,GEDI_rh98_m(pending),0,Landsat_C2_L2,regimeC_v0_CLCD+NDVI,v0
afforestation,SAIH_AFF_r19c14,stable_restoration,0.7237,0.01552,,GEDI_rh98_m(pending),0,Landsat_C2_L2,regimeC_v0_CLCD+NDVI,v0
afforestation,SAIH_AFF_r19c15,stable_restoration,0.8157,0.01846,,GEDI_rh98_m(pending),0,Landsat_C2_L2,regimeC_v0_CLCD+NDVI,v0
afforestation,SAIH_AFF_r19c16,stable_restoration,0.7711,0.0196,,GEDI_rh98_m(pending),0,Landsat_C2_L2,regimeC_v0_CLCD+NDVI,v0
afforestation,SAIH_AFF_r19c17,stable_restoration,0.8558,0.01095,,GEDI_rh98_m(pending),0,Landsat_C2_L2,regimeC_v0_CLCD+NDVI,v0
afforestation,SAIH_AFF_r19c18,stable_restoration,0.9672,0.01869,,GEDI_rh98_m(pending),0,Landsat_C2_L2,regimeC_v0_CLCD+NDVI,v0
afforestation,SAIH_AFF_r19c19,stable_restoration,0.9154,0.01339,,GEDI_rh98_m(pending),0,Landsat_C2_L2,regimeC_v0_CLCD+NDVI,v0
afforestation,SAIH_AFF_r19c20,stable_restoration,0.8813,0.0131,,GEDI_rh98_m(pending),0,Landsat_C2_L2,regimeC_v0_CLCD+NDVI,v0
afforestation,SAIH_AFF_r19c21,stable_restoration,0.9449,0.01699,,GEDI_rh98_m(pending),0,Landsat_C2_L2,regimeC_v0_CLCD+NDVI,v0
afforestation,SAIH_AFF_r19c22,stable_restoration,0.8123,0.01391,,GEDI_rh98_m(pending),0,Landsat_C2_L2,regimeC_v0_CLCD+NDVI,v0
afforestation,SAIH_AFF_r19c23,stable_restoration,0.9015,0.01582,,GEDI_rh98_m(pending),0,Landsat_C2_L2,regimeC_v0_CLCD+NDVI,v0
afforestation,SAIH_AFF_r19c24,stable_restoration,0.833,0.02404,,GEDI_rh98_m(pending),0,Landsat_C2_L2,regimeC_v0_CLCD+NDVI,v0
afforestation,SAIH_AFF_r19c25,stable_restoration,0.9156,0.02366,,GEDI_rh98_m(pending),0,Landsat_C2_L2,regimeC_v0_CLCD+NDVI,v0
afforestation,SAIH_AFF_r19c26,stable_restoration,0.8781,0.02437,,GEDI_rh98_m(pending),0,Landsat_C2_L2,regimeC_v0_CLCD+NDVI,v0
afforestation,SAIH_AFF_r19c27,stable_restoration,0.833,0.01722,,GEDI_rh98_m(pending),0,Landsat_C2_L2,regimeC_v0_CLCD+NDVI,v0
afforestation,SAIH_AFF_r19c28,stable_restoration,0.9098,0.01454,,GEDI_rh98_m(pending),0,Landsat_C2_L2,regimeC_v0_CLCD+NDVI,v0
afforestation,SAIH_AFF_r19c29,stable_restoration,0.9867,0.00686,,GEDI_rh98_m(pending),0,Landsat_C2_L2,regimeC_v0_CLCD+NDVI,v0
afforestation,SAIH_AFF_r19c30,stable_restoration,1.0298,0.0027,,GEDI_rh98_m(pending),0,Landsat_C2_L2,regimeC_v0_CLCD+NDVI,v0
afforestation,SAIH_AFF_r19c31,stable_restoration,0.7131,0.00805,,GEDI_rh98_m(pending),0,Landsat_C2_L2,regimeC_v0_CLCD+NDVI,v0
afforestation,SAIH_AFF_r19c32,stable_restoration,0.7004,0.00476,,GEDI_rh98_m(pending),0,Landsat_C2_L2,regimeC_v0_CLCD+NDVI,v0
afforestation,SAIH_AFF_r19c33,stable_restoration,1.0157,0.00144,,GEDI_rh98_m(pending),0,Landsat_C2_L2,regimeC_v0_CLCD+NDVI,v0
afforestation,SAIH_AFF_r19c34,stable_restoration,1.0191,0.00356,,GEDI_rh98_m(pending),0,Landsat_C2_L2,regimeC_v0_CLCD+NDVI,v0
afforestation,SAIH_AFF_r19c35,stable_restoration,1.0118,0.00465,,GEDI_rh98_m(pending),0,Landsat_C2_L2,regimeC_v0_CLCD+NDVI,v0
afforestation,SAIH_AFF_r19c36,stable_restoration,0.9644,0.01061,,GEDI_rh98_m(pending),0,Landsat_C2_L2,regimeC_v0_CLCD+NDVI,v0
afforestation,SAIH_AFF_r19c37,stable_restoration,0.8106,0.00861,,GEDI_rh98_m(pending),0,Landsat_C2_L2,regimeC_v0_CLCD+NDVI,v0
afforestation,SAIH_AFF_r19c38,stable_restoration,0.9076,0.00248,,GEDI_rh98_m(pending),0,Landsat_C2_L2,regimeC_v0_CLCD+NDVI,v0
afforestation,SAIH_AFF_r19c39,stable_restoration,0.9817,0.00209,,GEDI_rh98_m(pending),0,Landsat_C2_L2,regimeC_v0_CLCD+NDVI,v0
afforestation,SAIH_AFF_r19c40,stable_restoration,0.9506,0.0084,,GEDI_rh98_m(pending),0,Landsat_C2_L2,regimeC_v0_CLCD+NDVI,v0
afforestation,SAIH_AFF_r19c41,stable_restoration,0.9667,0.00436,,GEDI_rh98_m(pending),0,Landsat_C2_L2,regimeC_v0_CLCD+NDVI,v0
afforestation,SAIH_AFF_r19c42,stable_restoration,0.9477,0.0016,,GEDI_rh98_m(pending),0,Landsat_C2_L2,regimeC_v0_CLCD+NDVI,v0
afforestation,SAIH_AFF_r19c43,stable_restoration,0.8574,0.00408,,GEDI_rh98_m(pending),0,Landsat_C2_L2,regimeC_v0_CLCD+NDVI,v0
afforestation,SAIH_AFF_r19c44,stable_restoration,0.9711,0.00601,,GEDI_rh98_m(pending),0,Landsat_C2_L2,regimeC_v0_CLCD+NDVI,v0
afforestation,SAIH_AFF_r19c45,stable_restoration,1.0292,0.00481,,GEDI_rh98_m(pending),0,Landsat_C2_L2,regimeC_v0_CLCD+NDVI,v0
afforestation,SAIH_AFF_r19c46,stable_restoration,0.9756,0.00549,,GEDI_rh98_m(pending),0,Landsat_C2_L2,regimeC_v0_CLCD+NDVI,v0
afforestation,SAIH_AFF_r19c47,stable_restoration,0.8458,0.00636,,GEDI_rh98_m(pending),0,Landsat_C2_L2,regimeC_v0_CLCD+NDVI,v0
afforestation,SAIH_AFF_r19c48,stable_restoration,0.8574,0.00571,,GEDI_rh98_m(pending),0,Landsat_C2_L2,regimeC_v0_CLCD+NDVI,v0
afforestation,SAIH_AFF_r19c49,stable_restoration,0.9249,0.00933,,GEDI_rh98_m(pending),0,Landsat_C2_L2,regimeC_v0_CLCD+NDVI,v0
afforestation,SAIH_AFF_r19c50,early_restoration,0.6039,0.00657,,GEDI_rh98_m(pending),0,Landsat_C2_L2,regimeC_v0_CLCD+NDVI,v0
afforestation,SAIH_AFF_r19c51,early_restoration,0.6118,0.0023,,GEDI_rh98_m(pending),0,Landsat_C2_L2,regimeC_v0_CLCD+NDVI,v0
afforestation,SAIH_AFF_r19c52,early_restoration,0.6313,0.00575,,GEDI_rh98_m(pending),0,Landsat_C2_L2,regimeC_v0_CLCD+NDVI,v0
afforestation,SAIH_AFF_r19c53,early_restoration,0.5343,0.00985,,GEDI_rh98_m(pending),0,Landsat_C2_L2,regimeC_v0_CLCD+NDVI,v0
afforestation,SAIH_AFF_r19c54,early_restoration,0.4625,0.0064,,GEDI_rh98_m(pending),0,Landsat_C2_L2,regimeC_v0_CLCD+NDVI,v0
afforestation,SAIH_AFF_r19c55,stable_restoration,0.7977,0.0119,,GEDI_rh98_m(pending),0,Landsat_C2_L2,regimeC_v0_CLCD+NDVI,v0
afforestation,SAIH_AFF_r19c56,stable_restoration,0.8602,0.00618,,GEDI_rh98_m(pending),0,Landsat_C2_L2,regimeC_v0_CLCD+NDVI,v0
afforestation,SAIH_AFF_r19c57,early_restoration,0.5861,0.00307,,GEDI_rh98_m(pending),0,Landsat_C2_L2,regimeC_v0_CLCD+NDVI,v0
afforestation,SAIH_AFF_r19c58,early_restoration,0.5471,0.00442,,GEDI_rh98_m(pending),0,Landsat_C2_L2,regimeC_v0_CLCD+NDVI,v0
afforestation,SAIH_AFF_r19c59,degraded,0.3276,0.00567,,GEDI_rh98_m(pending),0,Landsat_C2_L2,regimeC_v0_CLCD+NDVI,v0
afforestation,SAIH_AFF_r19c61,early_restoration,0.4931,0.01729,,GEDI_rh98_m(pending),0,Landsat_C2_L2,regimeC_v0_CLCD+NDVI,v0
afforestation,SAIH_AFF_r19c62,early_restoration,0.6162,0.03234,,GEDI_rh98_m(pending),0,Landsat_C2_L2,regimeC_v0_CLCD+NDVI,v0
afforestation,SAIH_AFF_r19c63,early_restoration,0.6407,0.02442,,GEDI_rh98_m(pending),0,Landsat_C2_L2,regimeC_v0_CLCD+NDVI,v0
afforestation,SAIH_AFF_r19c64,stable_restoration,0.789,0.02553,,GEDI_rh98_m(pending),0,Landsat_C2_L2,regimeC_v0_CLCD+NDVI,v0
afforestation,SAIH_AFF_r20c06,early_restoration,0.4212,0.01451,,GEDI_rh98_m(pending),0,Landsat_C2_L2,regimeC_v0_CLCD+NDVI,v0
afforestation,SAIH_AFF_r20c07,stable_restoration,0.903,0.03214,,GEDI_rh98_m(pending),0,Landsat_C2_L2,regimeC_v0_CLCD+NDVI,v0
afforestation,SAIH_AFF_r20c08,stable_restoration,1.0002,0.02491,,GEDI_rh98_m(pending),0,Landsat_C2_L2,regimeC_v0_CLCD+NDVI,v0
afforestation,SAIH_AFF_r20c09,stable_restoration,0.9979,0.02582,,GEDI_rh98_m(pending),0,Landsat_C2_L2,regimeC_v0_CLCD+NDVI,v0
afforestation,SAIH_AFF_r20c10,stable_restoration,0.8327,0.02331,,GEDI_rh98_m(pending),0,Landsat_C2_L2,regimeC_v0_CLCD+NDVI,v0
afforestation,SAIH_AFF_r20c11,stable_restoration,1.0002,0.03012,,GEDI_rh98_m(pending),0,Landsat_C2_L2,regimeC_v0_CLCD+NDVI,v0
afforestation,SAIH_AFF_r20c12,stable_restoration,0.9636,0.03095,,GEDI_rh98_m(pending),0,Landsat_C2_L2,regimeC_v0_CLCD+NDVI,v0
afforestation,SAIH_AFF_r20c13,stable_restoration,0.9184,0.02771,,GEDI_rh98_m(pending),0,Landsat_C2_L2,regimeC_v0_CLCD+NDVI,v0
afforestation,SAIH_AFF_r20c14,stable_restoration,0.8909,0.01613,,GEDI_rh98_m(pending),0,Landsat_C2_L2,regimeC_v0_CLCD+NDVI,v0
afforestation,SAIH_AFF_r20c15,early_restoration,0.5994,0.01759,,GEDI_rh98_m(pending),0,Landsat_C2_L2,regimeC_v0_CLCD+NDVI,v0
afforestation,SAIH_AFF_r20c16,early_restoration,0.5282,0.01446,,GEDI_rh98_m(pending),0,Landsat_C2_L2,regimeC_v0_CLCD+NDVI,v0
afforestation,SAIH_AFF_r20c17,degraded,0.1979,0.00538,,GEDI_rh98_m(pending),0,Landsat_C2_L2,regimeC_v0_CLCD+NDVI,v0
afforestation,SAIH_AFF_r20c18,degraded,0.2621,0.00849,,GEDI_rh98_m(pending),0,Landsat_C2_L2,regimeC_v0_CLCD+NDVI,v0
afforestation,SAIH_AFF_r20c19,stable_restoration,0.6935,0.01989,,GEDI_rh98_m(pending),0,Landsat_C2_L2,regimeC_v0_CLCD+NDVI,v0
afforestation,SAIH_AFF_r20c20,early_restoration,0.5635,0.0248,,GEDI_rh98_m(pending),0,Landsat_C2_L2,regimeC_v0_CLCD+NDVI,v0
afforestation,SAIH_AFF_r20c21,stable_restoration,0.7153,0.03086,,GEDI_rh98_m(pending),0,Landsat_C2_L2,regimeC_v0_CLCD+NDVI,v0
afforestation,SAIH_AFF_r20c22,early_restoration,0.4847,0.01775,,GEDI_rh98_m(pending),0,Landsat_C2_L2,regimeC_v0_CLCD+NDVI,v0
afforestation,SAIH_AFF_r20c24,degraded,0.1465,0.005,,GEDI_rh98_m(pending),0,Landsat_C2_L2,regimeC_v0_CLCD+NDVI,v0
afforestation,SAIH_AFF_r20c25,early_restoration,0.4201,0.0172,,GEDI_rh98_m(pending),0,Landsat_C2_L2,regimeC_v0_CLCD+NDVI,v0
afforestation,SAIH_AFF_r20c26,early_restoration,0.4967,0.01789,,GEDI_rh98_m(pending),0,Landsat_C2_L2,regimeC_v0_CLCD+NDVI,v0
afforestation,SAIH_AFF_r20c27,early_restoration,0.4481,0.0217,,GEDI_rh98_m(pending),0,Landsat_C2_L2,regimeC_v0_CLCD+NDVI,v0
afforestation,SAIH_AFF_r20c28,stable_restoration,0.7342,0.02728,,GEDI_rh98_m(pending),0,Landsat_C2_L2,regimeC_v0_CLCD+NDVI,v0
afforestation,SAIH_AFF_r20c29,stable_restoration,0.935,0.01123,,GEDI_rh98_m(pending),0,Landsat_C2_L2,regimeC_v0_CLCD+NDVI,v0
afforestation,SAIH_AFF_r20c30,stable_restoration,0.8355,0.00839,,GEDI_rh98_m(pending),0,Landsat_C2_L2,regimeC_v0_CLCD+NDVI,v0
afforestation,SAIH_AFF_r20c31,early_restoration,0.61,0.0073,,GEDI_rh98_m(pending),0,Landsat_C2_L2,regimeC_v0_CLCD+NDVI,v0
afforestation,SAIH_AFF_r20c32,early_restoration,0.4898,0.00808,,GEDI_rh98_m(pending),0,Landsat_C2_L2,regimeC_v0_CLCD+NDVI,v0
afforestation,SAIH_AFF_r20c33,stable_restoration,0.812,0.00363,,GEDI_rh98_m(pending),0,Landsat_C2_L2,regimeC_v0_CLCD+NDVI,v0
afforestation,SAIH_AFF_r20c34,stable_restoration,0.9001,0.00909,,GEDI_rh98_m(pending),0,Landsat_C2_L2,regimeC_v0_CLCD+NDVI,v0
afforestation,SAIH_AFF_r20c35,stable_restoration,0.9505,0.00446,,GEDI_rh98_m(pending),0,Landsat_C2_L2,regimeC_v0_CLCD+NDVI,v0
afforestation,SAIH_AFF_r20c36,stable_restoration,0.7902,0.00539,,GEDI_rh98_m(pending),0,Landsat_C2_L2,regimeC_v0_CLCD+NDVI,v0
afforestation,SAIH_AFF_r20c37,stable_restoration,1.0111,0.00138,,GEDI_rh98_m(pending),0,Landsat_C2_L2,regimeC_v0_CLCD+NDVI,v0
afforestation,SAIH_AFF_r20c38,stable_restoration,0.9544,0.00099,,GEDI_rh98_m(pending),0,Landsat_C2_L2,regimeC_v0_CLCD+NDVI,v0
afforestation,SAIH_AFF_r20c39,stable_restoration,0.9636,0.00142,,GEDI_rh98_m(pending),0,Landsat_C2_L2,regimeC_v0_CLCD+NDVI,v0
afforestation,SAIH_AFF_r20c40,stable_restoration,1.0178,0.00317,,GEDI_rh98_m(pending),0,Landsat_C2_L2,regimeC_v0_CLCD+NDVI,v0
afforestation,SAIH_AFF_r20c41,stable_restoration,0.9053,0.00774,,GEDI_rh98_m(pending),0,Landsat_C2_L2,regimeC_v0_CLCD+NDVI,v0
afforestation,SAIH_AFF_r20c42,stable_restoration,0.959,0.00721,,GEDI_rh98_m(pending),0,Landsat_C2_L2,regimeC_v0_CLCD+NDVI,v0
afforestation,SAIH_AFF_r20c43,stable_restoration,0.9464,0.0043,,GEDI_rh98_m(pending),0,Landsat_C2_L2,regimeC_v0_CLCD+NDVI,v0
afforestation,SAIH_AFF_r20c44,stable_restoration,0.8263,0.00882,,GEDI_rh98_m(pending),0,Landsat_C2_L2,regimeC_v0_CLCD+NDVI,v0
afforestation,SAIH_AFF_r20c45,stable_restoration,0.7974,0.00611,,GEDI_rh98_m(pending),0,Landsat_C2_L2,regimeC_v0_CLCD+NDVI,v0
afforestation,SAIH_AFF_r20c46,stable_restoration,0.9464,0.00509,,GEDI_rh98_m(pending),0,Landsat_C2_L2,regimeC_v0_CLCD+NDVI,v0
afforestation,SAIH_AFF_r20c47,stable_restoration,0.9905,0.00279,,GEDI_rh98_m(pending),0,Landsat_C2_L2,regimeC_v0_CLCD+NDVI,v0
afforestation,SAIH_AFF_r20c48,stable_restoration,1.0026,0.00602,,GEDI_rh98_m(pending),0,Landsat_C2_L2,regimeC_v0_CLCD+NDVI,v0
afforestation,SAIH_AFF_r20c49,stable_restoration,0.9573,0.00592,,GEDI_rh98_m(pending),0,Landsat_C2_L2,regimeC_v0_CLCD+NDVI,v0
afforestation,SAIH_AFF_r20c50,stable_restoration,0.6931,0.00532,,GEDI_rh98_m(pending),0,Landsat_C2_L2,regimeC_v0_CLCD+NDVI,v0
afforestation,SAIH_AFF_r20c51,stable_restoration,0.7856,0.0016,,GEDI_rh98_m(pending),0,Landsat_C2_L2,regimeC_v0_CLCD+NDVI,v0
afforestation,SAIH_AFF_r20c52,stable_restoration,0.8589,0.00169,,GEDI_rh98_m(pending),0,Landsat_C2_L2,regimeC_v0_CLCD+NDVI,v0
afforestation,SAIH_AFF_r20c53,stable_restoration,0.7828,0.00237,,GEDI_rh98_m(pending),0,Landsat_C2_L2,regimeC_v0_CLCD+NDVI,v0
afforestation,SAIH_AFF_r20c54,early_restoration,0.5241,0.00525,,GEDI_rh98_m(pending),0,Landsat_C2_L2,regimeC_v0_CLCD+NDVI,v0
afforestation,SAIH_AFF_r20c55,early_restoration,0.4553,0.01159,,GEDI_rh98_m(pending),0,Landsat_C2_L2,regimeC_v0_CLCD+NDVI,v0
afforestation,SAIH_AFF_r20c56,stable_restoration,0.963,0.02881,,GEDI_rh98_m(pending),0,Landsat_C2_L2,regimeC_v0_CLCD+NDVI,v0
afforestation,SAIH_AFF_r20c57,stable_restoration,0.986,0.02229,,GEDI_rh98_m(pending),0,Landsat_C2_L2,regimeC_v0_CLCD+NDVI,v0
afforestation,SAIH_AFF_r20c58,stable_restoration,0.9567,0.03323,,GEDI_rh98_m(pending),0,Landsat_C2_L2,regimeC_v0_CLCD+NDVI,v0
afforestation,SAIH_AFF_r20c59,early_restoration,0.4006,0.00456,,GEDI_rh98_m(pending),0,Landsat_C2_L2,regimeC_v0_CLCD+NDVI,v0
afforestation,SAIH_AFF_r20c60,degraded,0.2344,0.00278,,GEDI_rh98_m(pending),0,Landsat_C2_L2,regimeC_v0_CLCD+NDVI,v0
afforestation,SAIH_AFF_r20c62,early_restoration,0.3937,0.01849,,GEDI_rh98_m(pending),0,Landsat_C2_L2,regimeC_v0_CLCD+NDVI,v0
afforestation,SAIH_AFF_r20c63,stable_restoration,0.7748,0.03307,,GEDI_rh98_m(pending),0,Landsat_C2_L2,regimeC_v0_CLCD+NDVI,v0
afforestation,SAIH_AFF_r20c64,early_restoration,0.4626,0.0079,,GEDI_rh98_m(pending),0,Landsat_C2_L2,regimeC_v0_CLCD+NDVI,v0
afforestation,SAIH_AFF_r21c02,degraded,0.2449,0.00908,,GEDI_rh98_m(pending),0,Landsat_C2_L2,regimeC_v0_CLCD+NDVI,v0
afforestation,SAIH_AFF_r21c05,stable_restoration,0.7991,0.02994,,GEDI_rh98_m(pending),0,Landsat_C2_L2,regimeC_v0_CLCD+NDVI,v0
afforestation,SAIH_AFF_r21c06,stable_restoration,0.9339,0.0349,,GEDI_rh98_m(pending),0,Landsat_C2_L2,regimeC_v0_CLCD+NDVI,v0
afforestation,SAIH_AFF_r21c07,stable_restoration,0.8927,0.03449,,GEDI_rh98_m(pending),0,Landsat_C2_L2,regimeC_v0_CLCD+NDVI,v0
afforestation,SAIH_AFF_r21c08,stable_restoration,0.8869,0.03645,,GEDI_rh98_m(pending),0,Landsat_C2_L2,regimeC_v0_CLCD+NDVI,v0
afforestation,SAIH_AFF_r21c09,stable_restoration,1.0128,0.04614,,GEDI_rh98_m(pending),0,Landsat_C2_L2,regimeC_v0_CLCD+NDVI,v0
afforestation,SAIH_AFF_r21c10,stable_restoration,0.9409,0.0383,,GEDI_rh98_m(pending),0,Landsat_C2_L2,regimeC_v0_CLCD+NDVI,v0
afforestation,SAIH_AFF_r21c11,stable_restoration,0.9098,0.03664,,GEDI_rh98_m(pending),0,Landsat_C2_L2,regimeC_v0_CLCD+NDVI,v0
afforestation,SAIH_AFF_r21c12,stable_restoration,1.0049,0.03915,,GEDI_rh98_m(pending),0,Landsat_C2_L2,regimeC_v0_CLCD+NDVI,v0
afforestation,SAIH_AFF_r21c13,stable_restoration,0.9378,0.03498,,GEDI_rh98_m(pending),0,Landsat_C2_L2,regimeC_v0_CLCD+NDVI,v0
afforestation,SAIH_AFF_r21c14,stable_restoration,0.9207,0.03231,,GEDI_rh98_m(pending),0,Landsat_C2_L2,regimeC_v0_CLCD+NDVI,v0
afforestation,SAIH_AFF_r21c15,early_restoration,0.4812,0.01878,,GEDI_rh98_m(pending),0,Landsat_C2_L2,regimeC_v0_CLCD+NDVI,v0
afforestation,SAIH_AFF_r21c16,early_restoration,0.5311,0.01421,,GEDI_rh98_m(pending),0,Landsat_C2_L2,regimeC_v0_CLCD+NDVI,v0
afforestation,SAIH_AFF_r21c17,degraded,0.2941,0.01027,,GEDI_rh98_m(pending),0,Landsat_C2_L2,regimeC_v0_CLCD+NDVI,v0
afforestation,SAIH_AFF_r21c18,degraded,0.2936,0.01035,,GEDI_rh98_m(pending),0,Landsat_C2_L2,regimeC_v0_CLCD+NDVI,v0
afforestation,SAIH_AFF_r21c19,degraded,0.3067,0.00988,,GEDI_rh98_m(pending),0,Landsat_C2_L2,regimeC_v0_CLCD+NDVI,v0
afforestation,SAIH_AFF_r21c20,early_restoration,0.4683,0.01031,,GEDI_rh98_m(pending),0,Landsat_C2_L2,regimeC_v0_CLCD+NDVI,v0
afforestation,SAIH_AFF_r21c21,stable_restoration,0.7147,0.01997,,GEDI_rh98_m(pending),0,Landsat_C2_L2,regimeC_v0_CLCD+NDVI,v0
afforestation,SAIH_AFF_r21c22,early_restoration,0.3988,0.01658,,GEDI_rh98_m(pending),0,Landsat_C2_L2,regimeC_v0_CLCD+NDVI,v0
afforestation,SAIH_AFF_r21c25,degraded,0.2798,0.01146,,GEDI_rh98_m(pending),0,Landsat_C2_L2,regimeC_v0_CLCD+NDVI,v0
afforestation,SAIH_AFF_r21c26,stable_restoration,0.725,0.02759,,GEDI_rh98_m(pending),0,Landsat_C2_L2,regimeC_v0_CLCD+NDVI,v0
afforestation,SAIH_AFF_r21c27,early_restoration,0.4126,0.01474,,GEDI_rh98_m(pending),0,Landsat_C2_L2,regimeC_v0_CLCD+NDVI,v0
afforestation,SAIH_AFF_r21c28,early_restoration,0.4337,0.01393,,GEDI_rh98_m(pending),0,Landsat_C2_L2,regimeC_v0_CLCD+NDVI,v0
afforestation,SAIH_AFF_r21c29,early_restoration,0.5316,0.00744,,GEDI_rh98_m(pending),0,Landsat_C2_L2,regimeC_v0_CLCD+NDVI,v0
afforestation,SAIH_AFF_r21c30,early_restoration,0.5653,0.0073,,GEDI_rh98_m(pending),0,Landsat_C2_L2,regimeC_v0_CLCD+NDVI,v0
afforestation,SAIH_AFF_r21c31,early_restoration,0.3771,0.00985,,GEDI_rh98_m(pending),0,Landsat_C2_L2,regimeC_v0_CLCD+NDVI,v0
afforestation,SAIH_AFF_r21c32,early_restoration,0.4258,0.00257,,GEDI_rh98_m(pending),0,Landsat_C2_L2,regimeC_v0_CLCD+NDVI,v0
afforestation,SAIH_AFF_r21c33,stable_restoration,0.8114,0.01263,,GEDI_rh98_m(pending),0,Landsat_C2_L2,regimeC_v0_CLCD+NDVI,v0
afforestation,SAIH_AFF_r21c34,stable_restoration,0.9739,0.00602,,GEDI_rh98_m(pending),0,Landsat_C2_L2,regimeC_v0_CLCD+NDVI,v0
afforestation,SAIH_AFF_r21c35,stable_restoration,0.881,0.00432,,GEDI_rh98_m(pending),0,Landsat_C2_L2,regimeC_v0_CLCD+NDVI,v0
afforestation,SAIH_AFF_r21c36,stable_restoration,0.8068,0.00858,,GEDI_rh98_m(pending),0,Landsat_C2_L2,regimeC_v0_CLCD+NDVI,v0
afforestation,SAIH_AFF_r21c37,stable_restoration,0.9155,0.00151,,GEDI_rh98_m(pending),0,Landsat_C2_L2,regimeC_v0_CLCD+NDVI,v0
afforestation,SAIH_AFF_r21c38,stable_restoration,0.9722,0.00328,,GEDI_rh98_m(pending),0,Landsat_C2_L2,regimeC_v0_CLCD+NDVI,v0
afforestation,SAIH_AFF_r21c39,stable_restoration,1.0054,0.00302,,GEDI_rh98_m(pending),0,Landsat_C2_L2,regimeC_v0_CLCD+NDVI,v0
afforestation,SAIH_AFF_r21c40,stable_restoration,0.9668,0.00304,,GEDI_rh98_m(pending),0,Landsat_C2_L2,regimeC_v0_CLCD+NDVI,v0
afforestation,SAIH_AFF_r21c41,stable_restoration,0.9247,0.00297,,GEDI_rh98_m(pending),0,Landsat_C2_L2,regimeC_v0_CLCD+NDVI,v0
afforestation,SAIH_AFF_r21c42,stable_restoration,0.8932,0.00416,,GEDI_rh98_m(pending),0,Landsat_C2_L2,regimeC_v0_CLCD+NDVI,v0
afforestation,SAIH_AFF_r21c43,stable_restoration,0.9762,0.00186,,GEDI_rh98_m(pending),0,Landsat_C2_L2,regimeC_v0_CLCD+NDVI,v0
afforestation,SAIH_AFF_r21c44,stable_restoration,1.0317,0.00222,,GEDI_rh98_m(pending),0,Landsat_C2_L2,regimeC_v0_CLCD+NDVI,v0
afforestation,SAIH_AFF_r21c45,stable_restoration,1.0155,0.00255,,GEDI_rh98_m(pending),0,Landsat_C2_L2,regimeC_v0_CLCD+NDVI,v0
afforestation,SAIH_AFF_r21c46,stable_restoration,0.7531,0.00351,,GEDI_rh98_m(pending),0,Landsat_C2_L2,regimeC_v0_CLCD+NDVI,v0
afforestation,SAIH_AFF_r21c47,stable_restoration,0.9471,0.00205,,GEDI_rh98_m(pending),0,Landsat_C2_L2,regimeC_v0_CLCD+NDVI,v0
afforestation,SAIH_AFF_r21c48,stable_restoration,0.9876,0.00204,,GEDI_rh98_m(pending),0,Landsat_C2_L2,regimeC_v0_CLCD+NDVI,v0
afforestation,SAIH_AFF_r21c49,stable_restoration,0.769,0.00295,,GEDI_rh98_m(pending),0,Landsat_C2_L2,regimeC_v0_CLCD+NDVI,v0
afforestation,SAIH_AFF_r21c50,stable_restoration,0.8232,0.00358,,GEDI_rh98_m(pending),0,Landsat_C2_L2,regimeC_v0_CLCD+NDVI,v0
afforestation,SAIH_AFF_r21c51,early_restoration,0.3828,0.00325,,GEDI_rh98_m(pending),0,Landsat_C2_L2,regimeC_v0_CLCD+NDVI,v0
afforestation,SAIH_AFF_r21c52,stable_restoration,0.7863,0.00186,,GEDI_rh98_m(pending),0,Landsat_C2_L2,regimeC_v0_CLCD+NDVI,v0
afforestation,SAIH_AFF_r21c53,stable_restoration,0.6781,0.00938,,GEDI_rh98_m(pending),0,Landsat_C2_L2,regimeC_v0_CLCD+NDVI,v0
afforestation,SAIH_AFF_r21c54,stable_restoration,0.6855,0.00472,,GEDI_rh98_m(pending),0,Landsat_C2_L2,regimeC_v0_CLCD+NDVI,v0
afforestation,SAIH_AFF_r21c55,degraded,0.2164,0.00521,,GEDI_rh98_m(pending),0,Landsat_C2_L2,regimeC_v0_CLCD+NDVI,v0
afforestation,SAIH_AFF_r21c56,degraded,0.3216,0.01227,,GEDI_rh98_m(pending),0,Landsat_C2_L2,regimeC_v0_CLCD+NDVI,v0
afforestation,SAIH_AFF_r21c57,early_restoration,0.3719,0.01395,,GEDI_rh98_m(pending),0,Landsat_C2_L2,regimeC_v0_CLCD+NDVI,v0
afforestation,SAIH_AFF_r21c58,stable_restoration,0.7565,0.02251,,GEDI_rh98_m(pending),0,Landsat_C2_L2,regimeC_v0_CLCD+NDVI,v0
afforestation,SAIH_AFF_r21c59,early_restoration,0.5693,0.00456,,GEDI_rh98_m(pending),0,Landsat_C2_L2,regimeC_v0_CLCD+NDVI,v0
afforestation,SAIH_AFF_r21c60,stable_restoration,0.7257,0.00968,,GEDI_rh98_m(pending),0,Landsat_C2_L2,regimeC_v0_CLCD+NDVI,v0
afforestation,SAIH_AFF_r21c61,early_restoration,0.6323,0.01122,,GEDI_rh98_m(pending),0,Landsat_C2_L2,regimeC_v0_CLCD+NDVI,v0
afforestation,SAIH_AFF_r21c62,degraded,0.2427,0.00487,,GEDI_rh98_m(pending),0,Landsat_C2_L2,regimeC_v0_CLCD+NDVI,v0
afforestation,SAIH_AFF_r21c63,degraded,0.2907,0.01167,,GEDI_rh98_m(pending),0,Landsat_C2_L2,regimeC_v0_CLCD+NDVI,v0
afforestation,SAIH_AFF_r21c64,degraded,0.2215,0.00879,,GEDI_rh98_m(pending),0,Landsat_C2_L2,regimeC_v0_CLCD+NDVI,v0
afforestation,SAIH_AFF_r22c03,early_restoration,0.4372,0.01863,,GEDI_rh98_m(pending),0,Landsat_C2_L2,regimeC_v0_CLCD+NDVI,v0
afforestation,SAIH_AFF_r22c04,stable_restoration,0.7622,0.03789,,GEDI_rh98_m(pending),0,Landsat_C2_L2,regimeC_v0_CLCD+NDVI,v0
afforestation,SAIH_AFF_r22c05,stable_restoration,0.9887,0.04987,,GEDI_rh98_m(pending),0,Landsat_C2_L2,regimeC_v0_CLCD+NDVI,v0
afforestation,SAIH_AFF_r22c06,stable_restoration,0.9762,0.04064,,GEDI_rh98_m(pending),0,Landsat_C2_L2,regimeC_v0_CLCD+NDVI,v0
afforestation,SAIH_AFF_r22c07,stable_restoration,0.9785,0.03687,,GEDI_rh98_m(pending),0,Landsat_C2_L2,regimeC_v0_CLCD+NDVI,v0
afforestation,SAIH_AFF_r22c08,stable_restoration,0.8773,0.03079,,GEDI_rh98_m(pending),0,Landsat_C2_L2,regimeC_v0_CLCD+NDVI,v0
afforestation,SAIH_AFF_r22c09,stable_restoration,0.7702,0.03055,,GEDI_rh98_m(pending),0,Landsat_C2_L2,regimeC_v0_CLCD+NDVI,v0
afforestation,SAIH_AFF_r22c10,stable_restoration,0.8686,0.04194,,GEDI_rh98_m(pending),0,Landsat_C2_L2,regimeC_v0_CLCD+NDVI,v0
afforestation,SAIH_AFF_r22c11,stable_restoration,0.971,0.02866,,GEDI_rh98_m(pending),0,Landsat_C2_L2,regimeC_v0_CLCD+NDVI,v0
afforestation,SAIH_AFF_r22c12,stable_restoration,0.8778,0.0313,,GEDI_rh98_m(pending),0,Landsat_C2_L2,regimeC_v0_CLCD+NDVI,v0
afforestation,SAIH_AFF_r22c13,stable_restoration,0.9922,0.04116,,GEDI_rh98_m(pending),0,Landsat_C2_L2,regimeC_v0_CLCD+NDVI,v0
afforestation,SAIH_AFF_r22c14,early_restoration,0.5871,0.0242,,GEDI_rh98_m(pending),0,Landsat_C2_L2,regimeC_v0_CLCD+NDVI,v0
afforestation,SAIH_AFF_r22c15,degraded,0.3028,0.01,,GEDI_rh98_m(pending),0,Landsat_C2_L2,regimeC_v0_CLCD+NDVI,v0
afforestation,SAIH_AFF_r22c16,degraded,0.1413,0.00499,,GEDI_rh98_m(pending),0,Landsat_C2_L2,regimeC_v0_CLCD+NDVI,v0
afforestation,SAIH_AFF_r22c17,degraded,0.202,0.00757,,GEDI_rh98_m(pending),0,Landsat_C2_L2,regimeC_v0_CLCD+NDVI,v0
afforestation,SAIH_AFF_r22c18,early_restoration,0.4612,0.01371,,GEDI_rh98_m(pending),0,Landsat_C2_L2,regimeC_v0_CLCD+NDVI,v0
afforestation,SAIH_AFF_r22c19,early_restoration,0.519,0.01297,,GEDI_rh98_m(pending),0,Landsat_C2_L2,regimeC_v0_CLCD+NDVI,v0
afforestation,SAIH_AFF_r22c21,degraded,0.1294,0.00458,,GEDI_rh98_m(pending),0,Landsat_C2_L2,regimeC_v0_CLCD+NDVI,v0
afforestation,SAIH_AFF_r22c26,degraded,0.3227,0.01349,,GEDI_rh98_m(pending),0,Landsat_C2_L2,regimeC_v0_CLCD+NDVI,v0
afforestation,SAIH_AFF_r22c27,early_restoration,0.3942,0.02007,,GEDI_rh98_m(pending),0,Landsat_C2_L2,regimeC_v0_CLCD+NDVI,v0
afforestation,SAIH_AFF_r22c30,degraded,0.3163,0.01106,,GEDI_rh98_m(pending),0,Landsat_C2_L2,regimeC_v0_CLCD+NDVI,v0
afforestation,SAIH_AFF_r22c31,stable_restoration,0.7713,0.00423,,GEDI_rh98_m(pending),0,Landsat_C2_L2,regimeC_v0_CLCD+NDVI,v0
afforestation,SAIH_AFF_r22c32,stable_restoration,0.9671,0.00163,,GEDI_rh98_m(pending),0,Landsat_C2_L2,regimeC_v0_CLCD+NDVI,v0
afforestation,SAIH_AFF_r22c33,stable_restoration,0.9911,0.00382,,GEDI_rh98_m(pending),0,Landsat_C2_L2,regimeC_v0_CLCD+NDVI,v0
afforestation,SAIH_AFF_r22c34,stable_restoration,1.0094,0.00334,,GEDI_rh98_m(pending),0,Landsat_C2_L2,regimeC_v0_CLCD+NDVI,v0
afforestation,SAIH_AFF_r22c35,stable_restoration,0.96,0.00508,,GEDI_rh98_m(pending),0,Landsat_C2_L2,regimeC_v0_CLCD+NDVI,v0
afforestation,SAIH_AFF_r22c36,stable_restoration,1.0002,0.00181,,GEDI_rh98_m(pending),0,Landsat_C2_L2,regimeC_v0_CLCD+NDVI,v0
afforestation,SAIH_AFF_r22c37,stable_restoration,1.0054,0.00547,,GEDI_rh98_m(pending),0,Landsat_C2_L2,regimeC_v0_CLCD+NDVI,v0
afforestation,SAIH_AFF_r22c38,stable_restoration,0.9705,0.00237,,GEDI_rh98_m(pending),0,Landsat_C2_L2,regimeC_v0_CLCD+NDVI,v0
afforestation,SAIH_AFF_r22c39,stable_restoration,0.9705,0.00562,,GEDI_rh98_m(pending),0,Landsat_C2_L2,regimeC_v0_CLCD+NDVI,v0
afforestation,SAIH_AFF_r22c40,stable_restoration,0.9768,0.00163,,GEDI_rh98_m(pending),0,Landsat_C2_L2,regimeC_v0_CLCD+NDVI,v0
afforestation,SAIH_AFF_r22c41,stable_restoration,0.951,0.00488,,GEDI_rh98_m(pending),0,Landsat_C2_L2,regimeC_v0_CLCD+NDVI,v0
afforestation,SAIH_AFF_r22c42,stable_restoration,0.9733,0.0047,,GEDI_rh98_m(pending),0,Landsat_C2_L2,regimeC_v0_CLCD+NDVI,v0
afforestation,SAIH_AFF_r22c43,stable_restoration,0.8389,0.00537,,GEDI_rh98_m(pending),0,Landsat_C2_L2,regimeC_v0_CLCD+NDVI,v0
afforestation,SAIH_AFF_r22c44,stable_restoration,0.7519,0.00674,,GEDI_rh98_m(pending),0,Landsat_C2_L2,regimeC_v0_CLCD+NDVI,v0
afforestation,SAIH_AFF_r22c45,stable_restoration,0.697,0.00586,,GEDI_rh98_m(pending),0,Landsat_C2_L2,regimeC_v0_CLCD+NDVI,v0
afforestation,SAIH_AFF_r22c46,stable_restoration,0.7301,0.00376,,GEDI_rh98_m(pending),0,Landsat_C2_L2,regimeC_v0_CLCD+NDVI,v0
afforestation,SAIH_AFF_r22c47,stable_restoration,0.7536,0.00812,,GEDI_rh98_m(pending),0,Landsat_C2_L2,regimeC_v0_CLCD+NDVI,v0
afforestation,SAIH_AFF_r22c48,stable_restoration,0.8543,0.00362,,GEDI_rh98_m(pending),0,Landsat_C2_L2,regimeC_v0_CLCD+NDVI,v0
afforestation,SAIH_AFF_r22c49,early_restoration,0.6398,0.00166,,GEDI_rh98_m(pending),0,Landsat_C2_L2,regimeC_v0_CLCD+NDVI,v0
afforestation,SAIH_AFF_r22c50,stable_restoration,0.6864,0.00457,,GEDI_rh98_m(pending),0,Landsat_C2_L2,regimeC_v0_CLCD+NDVI,v0
afforestation,SAIH_AFF_r22c51,early_restoration,0.6032,0.00218,,GEDI_rh98_m(pending),0,Landsat_C2_L2,regimeC_v0_CLCD+NDVI,v0
afforestation,SAIH_AFF_r22c52,early_restoration,0.348,0.00188,,GEDI_rh98_m(pending),0,Landsat_C2_L2,regimeC_v0_CLCD+NDVI,v0
afforestation,SAIH_AFF_r22c53,early_restoration,0.6575,0.00448,,GEDI_rh98_m(pending),0,Landsat_C2_L2,regimeC_v0_CLCD+NDVI,v0
afforestation,SAIH_AFF_r22c54,early_restoration,0.5459,0.01544,,GEDI_rh98_m(pending),0,Landsat_C2_L2,regimeC_v0_CLCD+NDVI,v0
afforestation,SAIH_AFF_r22c55,degraded,0.2147,0.00495,,GEDI_rh98_m(pending),0,Landsat_C2_L2,regimeC_v0_CLCD+NDVI,v0
afforestation,SAIH_AFF_r22c56,degraded,0.2953,0.0059,,GEDI_rh98_m(pending),0,Landsat_C2_L2,regimeC_v0_CLCD+NDVI,v0
afforestation,SAIH_AFF_r22c57,degraded,0.1179,0.00361,,GEDI_rh98_m(pending),0,Landsat_C2_L2,regimeC_v0_CLCD+NDVI,v0
afforestation,SAIH_AFF_r22c58,degraded,0.1774,0.00264,,GEDI_rh98_m(pending),0,Landsat_C2_L2,regimeC_v0_CLCD+NDVI,v0
afforestation,SAIH_AFF_r22c59,early_restoration,0.4012,0.00882,,GEDI_rh98_m(pending),0,Landsat_C2_L2,regimeC_v0_CLCD+NDVI,v0
afforestation,SAIH_AFF_r22c60,early_restoration,0.3387,0.0103,,GEDI_rh98_m(pending),0,Landsat_C2_L2,regimeC_v0_CLCD+NDVI,v0
afforestation,SAIH_AFF_r22c61,early_restoration,0.5156,0.00504,,GEDI_rh98_m(pending),0,Landsat_C2_L2,regimeC_v0_CLCD+NDVI,v0
afforestation,SAIH_AFF_r22c62,early_restoration,0.6546,0.01355,,GEDI_rh98_m(pending),0,Landsat_C2_L2,regimeC_v0_CLCD+NDVI,v0
afforestation,SAIH_AFF_r22c63,degraded,0.2015,0.00789,,GEDI_rh98_m(pending),0,Landsat_C2_L2,regimeC_v0_CLCD+NDVI,v0
afforestation,SAIH_AFF_r22c64,early_restoration,0.4593,0.00873,,GEDI_rh98_m(pending),0,Landsat_C2_L2,regimeC_v0_CLCD+NDVI,v0
afforestation,SAIH_AFF_r23c02,early_restoration,0.4424,0.01994,,GEDI_rh98_m(pending),0,Landsat_C2_L2,regimeC_v0_CLCD+NDVI,v0
afforestation,SAIH_AFF_r23c03,stable_restoration,0.8005,0.03865,,GEDI_rh98_m(pending),0,Landsat_C2_L2,regimeC_v0_CLCD+NDVI,v0
afforestation,SAIH_AFF_r23c04,stable_restoration,1.0042,0.04613,,GEDI_rh98_m(pending),0,Landsat_C2_L2,regimeC_v0_CLCD+NDVI,v0
afforestation,SAIH_AFF_r23c05,stable_restoration,0.9887,0.04223,,GEDI_rh98_m(pending),0,Landsat_C2_L2,regimeC_v0_CLCD+NDVI,v0
afforestation,SAIH_AFF_r23c06,stable_restoration,0.9328,0.03895,,GEDI_rh98_m(pending),0,Landsat_C2_L2,regimeC_v0_CLCD+NDVI,v0
afforestation,SAIH_AFF_r23c07,stable_restoration,0.8675,0.02964,,GEDI_rh98_m(pending),0,Landsat_C2_L2,regimeC_v0_CLCD+NDVI,v0
afforestation,SAIH_AFF_r23c08,stable_restoration,0.7078,0.03102,,GEDI_rh98_m(pending),0,Landsat_C2_L2,regimeC_v0_CLCD+NDVI,v0
afforestation,SAIH_AFF_r23c09,early_restoration,0.622,0.02776,,GEDI_rh98_m(pending),0,Landsat_C2_L2,regimeC_v0_CLCD+NDVI,v0
afforestation,SAIH_AFF_r23c10,early_restoration,0.4789,0.02094,,GEDI_rh98_m(pending),0,Landsat_C2_L2,regimeC_v0_CLCD+NDVI,v0
afforestation,SAIH_AFF_r23c11,stable_restoration,0.6792,0.03051,,GEDI_rh98_m(pending),0,Landsat_C2_L2,regimeC_v0_CLCD+NDVI,v0
afforestation,SAIH_AFF_r23c12,stable_restoration,0.9116,0.02989,,GEDI_rh98_m(pending),0,Landsat_C2_L2,regimeC_v0_CLCD+NDVI,v0
afforestation,SAIH_AFF_r23c13,early_restoration,0.658,0.01883,,GEDI_rh98_m(pending),0,Landsat_C2_L2,regimeC_v0_CLCD+NDVI,v0
afforestation,SAIH_AFF_r23c15,degraded,0.2327,0.01015,,GEDI_rh98_m(pending),0,Landsat_C2_L2,regimeC_v0_CLCD+NDVI,v0
afforestation,SAIH_AFF_r23c16,degraded,0.2404,0.00863,,GEDI_rh98_m(pending),0,Landsat_C2_L2,regimeC_v0_CLCD+NDVI,v0
afforestation,SAIH_AFF_r23c17,early_restoration,0.4126,0.01948,,GEDI_rh98_m(pending),0,Landsat_C2_L2,regimeC_v0_CLCD+NDVI,v0
afforestation,SAIH_AFF_r23c18,early_restoration,0.5179,0.02132,,GEDI_rh98_m(pending),0,Landsat_C2_L2,regimeC_v0_CLCD+NDVI,v0
afforestation,SAIH_AFF_r23c19,early_restoration,0.6575,0.03033,,GEDI_rh98_m(pending),0,Landsat_C2_L2,regimeC_v0_CLCD+NDVI,v0
afforestation,SAIH_AFF_r23c20,degraded,0.2562,0.01083,,GEDI_rh98_m(pending),0,Landsat_C2_L2,regimeC_v0_CLCD+NDVI,v0
afforestation,SAIH_AFF_r23c21,degraded,0.2106,0.00443,,GEDI_rh98_m(pending),0,Landsat_C2_L2,regimeC_v0_CLCD+NDVI,v0
afforestation,SAIH_AFF_r23c22,early_restoration,0.3548,0.01248,,GEDI_rh98_m(pending),0,Landsat_C2_L2,regimeC_v0_CLCD+NDVI,v0
afforestation,SAIH_AFF_r23c23,degraded,0.2666,0.01078,,GEDI_rh98_m(pending),0,Landsat_C2_L2,regimeC_v0_CLCD+NDVI,v0
afforestation,SAIH_AFF_r23c24,early_restoration,0.4417,0.00872,,GEDI_rh98_m(pending),0,Landsat_C2_L2,regimeC_v0_CLCD+NDVI,v0
afforestation,SAIH_AFF_r23c25,degraded,0.3096,0.00723,,GEDI_rh98_m(pending),0,Landsat_C2_L2,regimeC_v0_CLCD+NDVI,v0
afforestation,SAIH_AFF_r23c26,degraded,0.2506,0.00891,,GEDI_rh98_m(pending),0,Landsat_C2_L2,regimeC_v0_CLCD+NDVI,v0
afforestation,SAIH_AFF_r23c27,early_restoration,0.5133,0.02481,,GEDI_rh98_m(pending),0,Landsat_C2_L2,regimeC_v0_CLCD+NDVI,v0
afforestation,SAIH_AFF_r23c28,degraded,0.257,0.01215,,GEDI_rh98_m(pending),0,Landsat_C2_L2,regimeC_v0_CLCD+NDVI,v0
afforestation,SAIH_AFF_r23c30,degraded,0.2467,0.01125,,GEDI_rh98_m(pending),0,Landsat_C2_L2,regimeC_v0_CLCD+NDVI,v0
afforestation,SAIH_AFF_r23c31,early_restoration,0.4509,0.01598,,GEDI_rh98_m(pending),0,Landsat_C2_L2,regimeC_v0_CLCD+NDVI,v0
afforestation,SAIH_AFF_r23c32,stable_restoration,0.7668,0.00686,,GEDI_rh98_m(pending),0,Landsat_C2_L2,regimeC_v0_CLCD+NDVI,v0
afforestation,SAIH_AFF_r23c33,stable_restoration,0.9997,0.00144,,GEDI_rh98_m(pending),0,Landsat_C2_L2,regimeC_v0_CLCD+NDVI,v0
afforestation,SAIH_AFF_r23c34,stable_restoration,0.9951,0.00171,,GEDI_rh98_m(pending),0,Landsat_C2_L2,regimeC_v0_CLCD+NDVI,v0
afforestation,SAIH_AFF_r23c35,stable_restoration,0.9791,0.00218,,GEDI_rh98_m(pending),0,Landsat_C2_L2,regimeC_v0_CLCD+NDVI,v0
afforestation,SAIH_AFF_r23c36,stable_restoration,1.0156,0.00137,,GEDI_rh98_m(pending),0,Landsat_C2_L2,regimeC_v0_CLCD+NDVI,v0
afforestation,SAIH_AFF_r23c37,stable_restoration,0.9997,0.00269,,GEDI_rh98_m(pending),0,Landsat_C2_L2,regimeC_v0_CLCD+NDVI,v0
afforestation,SAIH_AFF_r23c38,stable_restoration,0.9922,0.00304,,GEDI_rh98_m(pending),0,Landsat_C2_L2,regimeC_v0_CLCD+NDVI,v0
afforestation,SAIH_AFF_r23c39,stable_restoration,1.0374,0.00038,,GEDI_rh98_m(pending),0,Landsat_C2_L2,regimeC_v0_CLCD+NDVI,v0
afforestation,SAIH_AFF_r23c40,stable_restoration,1.0318,0.00205,,GEDI_rh98_m(pending),0,Landsat_C2_L2,regimeC_v0_CLCD+NDVI,v0
afforestation,SAIH_AFF_r23c41,stable_restoration,1.0306,-0.00037,,GEDI_rh98_m(pending),0,Landsat_C2_L2,regimeC_v0_CLCD+NDVI,v0
afforestation,SAIH_AFF_r23c42,stable_restoration,0.9962,0.00098,,GEDI_rh98_m(pending),0,Landsat_C2_L2,regimeC_v0_CLCD+NDVI,v0
afforestation,SAIH_AFF_r23c43,stable_restoration,0.9665,8e-05,,GEDI_rh98_m(pending),0,Landsat_C2_L2,regimeC_v0_CLCD+NDVI,v0
afforestation,SAIH_AFF_r23c44,stable_restoration,0.757,0.00432,,GEDI_rh98_m(pending),0,Landsat_C2_L2,regimeC_v0_CLCD+NDVI,v0
afforestation,SAIH_AFF_r23c45,stable_restoration,0.7598,0.00465,,GEDI_rh98_m(pending),0,Landsat_C2_L2,regimeC_v0_CLCD+NDVI,v0
afforestation,SAIH_AFF_r23c46,stable_restoration,0.8548,0.00298,,GEDI_rh98_m(pending),0,Landsat_C2_L2,regimeC_v0_CLCD+NDVI,v0
afforestation,SAIH_AFF_r23c47,stable_restoration,0.6861,0.00336,,GEDI_rh98_m(pending),0,Landsat_C2_L2,regimeC_v0_CLCD+NDVI,v0
afforestation,SAIH_AFF_r23c48,stable_restoration,0.7611,0.00975,,GEDI_rh98_m(pending),0,Landsat_C2_L2,regimeC_v0_CLCD+NDVI,v0
afforestation,SAIH_AFF_r23c49,stable_restoration,0.8234,0.00372,,GEDI_rh98_m(pending),0,Landsat_C2_L2,regimeC_v0_CLCD+NDVI,v0
afforestation,SAIH_AFF_r23c50,stable_restoration,0.7257,0.00187,,GEDI_rh98_m(pending),0,Landsat_C2_L2,regimeC_v0_CLCD+NDVI,v0
afforestation,SAIH_AFF_r23c51,early_restoration,0.5962,0.00307,,GEDI_rh98_m(pending),0,Landsat_C2_L2,regimeC_v0_CLCD+NDVI,v0
afforestation,SAIH_AFF_r23c52,stable_restoration,0.7301,0.00592,,GEDI_rh98_m(pending),0,Landsat_C2_L2,regimeC_v0_CLCD+NDVI,v0
afforestation,SAIH_AFF_r23c53,degraded,0.2152,0.00485,,GEDI_rh98_m(pending),0,Landsat_C2_L2,regimeC_v0_CLCD+NDVI,v0
afforestation,SAIH_AFF_r23c54,degraded,0.1763,0.00398,,GEDI_rh98_m(pending),0,Landsat_C2_L2,regimeC_v0_CLCD+NDVI,v0
afforestation,SAIH_AFF_r23c59,early_restoration,0.4326,0.00466,,GEDI_rh98_m(pending),0,Landsat_C2_L2,regimeC_v0_CLCD+NDVI,v0
afforestation,SAIH_AFF_r23c60,degraded,0.3068,0.00471,,GEDI_rh98_m(pending),0,Landsat_C2_L2,regimeC_v0_CLCD+NDVI,v0
afforestation,SAIH_AFF_r23c61,degraded,0.2964,0.00872,,GEDI_rh98_m(pending),0,Landsat_C2_L2,regimeC_v0_CLCD+NDVI,v0
afforestation,SAIH_AFF_r23c62,early_restoration,0.4549,0.00728,,GEDI_rh98_m(pending),0,Landsat_C2_L2,regimeC_v0_CLCD+NDVI,v0
afforestation,SAIH_AFF_r23c63,degraded,0.2947,0.01129,,GEDI_rh98_m(pending),0,Landsat_C2_L2,regimeC_v0_CLCD+NDVI,v0
afforestation,SAIH_AFF_r23c64,early_restoration,0.3628,0.01497,,GEDI_rh98_m(pending),0,Landsat_C2_L2,regimeC_v0_CLCD+NDVI,v0
afforestation,SAIH_AFF_r24c02,early_restoration,0.5648,0.02312,,GEDI_rh98_m(pending),0,Landsat_C2_L2,regimeC_v0_CLCD+NDVI,v0
afforestation,SAIH_AFF_r24c03,stable_restoration,0.9012,0.04313,,GEDI_rh98_m(pending),0,Landsat_C2_L2,regimeC_v0_CLCD+NDVI,v0
afforestation,SAIH_AFF_r24c04,stable_restoration,0.8526,0.03749,,GEDI_rh98_m(pending),0,Landsat_C2_L2,regimeC_v0_CLCD+NDVI,v0
afforestation,SAIH_AFF_r24c05,stable_restoration,0.8574,0.03874,,GEDI_rh98_m(pending),0,Landsat_C2_L2,regimeC_v0_CLCD+NDVI,v0
afforestation,SAIH_AFF_r24c06,stable_restoration,0.6935,0.0327,,GEDI_rh98_m(pending),0,Landsat_C2_L2,regimeC_v0_CLCD+NDVI,v0
afforestation,SAIH_AFF_r24c07,stable_restoration,0.7365,0.03534,,GEDI_rh98_m(pending),0,Landsat_C2_L2,regimeC_v0_CLCD+NDVI,v0
afforestation,SAIH_AFF_r24c08,early_restoration,0.5711,0.02447,,GEDI_rh98_m(pending),0,Landsat_C2_L2,regimeC_v0_CLCD+NDVI,v0
afforestation,SAIH_AFF_r24c09,early_restoration,0.3376,0.01363,,GEDI_rh98_m(pending),0,Landsat_C2_L2,regimeC_v0_CLCD+NDVI,v0
afforestation,SAIH_AFF_r24c11,degraded,0.2311,0.01039,,GEDI_rh98_m(pending),0,Landsat_C2_L2,regimeC_v0_CLCD+NDVI,v0
afforestation,SAIH_AFF_r24c12,early_restoration,0.4509,0.01878,,GEDI_rh98_m(pending),0,Landsat_C2_L2,regimeC_v0_CLCD+NDVI,v0
afforestation,SAIH_AFF_r24c13,early_restoration,0.4538,0.01494,,GEDI_rh98_m(pending),0,Landsat_C2_L2,regimeC_v0_CLCD+NDVI,v0
afforestation,SAIH_AFF_r24c14,early_restoration,0.3491,0.00844,,GEDI_rh98_m(pending),0,Landsat_C2_L2,regimeC_v0_CLCD+NDVI,v0
afforestation,SAIH_AFF_r24c16,early_restoration,0.4629,0.01832,,GEDI_rh98_m(pending),0,Landsat_C2_L2,regimeC_v0_CLCD+NDVI,v0
afforestation,SAIH_AFF_r24c17,early_restoration,0.5636,0.02867,,GEDI_rh98_m(pending),0,Landsat_C2_L2,regimeC_v0_CLCD+NDVI,v0
afforestation,SAIH_AFF_r24c18,early_restoration,0.3971,0.01508,,GEDI_rh98_m(pending),0,Landsat_C2_L2,regimeC_v0_CLCD+NDVI,v0
afforestation,SAIH_AFF_r24c19,degraded,0.1694,0.00722,,GEDI_rh98_m(pending),0,Landsat_C2_L2,regimeC_v0_CLCD+NDVI,v0
afforestation,SAIH_AFF_r24c20,degraded,0.1951,0.00462,,GEDI_rh98_m(pending),0,Landsat_C2_L2,regimeC_v0_CLCD+NDVI,v0
afforestation,SAIH_AFF_r24c21,degraded,0.1808,0.00464,,GEDI_rh98_m(pending),0,Landsat_C2_L2,regimeC_v0_CLCD+NDVI,v0
afforestation,SAIH_AFF_r24c22,early_restoration,0.5384,0.01201,,GEDI_rh98_m(pending),0,Landsat_C2_L2,regimeC_v0_CLCD+NDVI,v0
afforestation,SAIH_AFF_r24c23,early_restoration,0.436,0.01755,,GEDI_rh98_m(pending),0,Landsat_C2_L2,regimeC_v0_CLCD+NDVI,v0
afforestation,SAIH_AFF_r24c24,early_restoration,0.3399,0.01454,,GEDI_rh98_m(pending),0,Landsat_C2_L2,regimeC_v0_CLCD+NDVI,v0
afforestation,SAIH_AFF_r24c25,degraded,0.0482,0.00224,,GEDI_rh98_m(pending),0,Landsat_C2_L2,regimeC_v0_CLCD+NDVI,v0
afforestation,SAIH_AFF_r24c27,early_restoration,0.3805,0.01231,,GEDI_rh98_m(pending),0,Landsat_C2_L2,regimeC_v0_CLCD+NDVI,v0
afforestation,SAIH_AFF_r24c28,early_restoration,0.4749,0.0223,,GEDI_rh98_m(pending),0,Landsat_C2_L2,regimeC_v0_CLCD+NDVI,v0
afforestation,SAIH_AFF_r24c29,degraded,0.1419,0.00587,,GEDI_rh98_m(pending),0,Landsat_C2_L2,regimeC_v0_CLCD+NDVI,v0
afforestation,SAIH_AFF_r24c30,degraded,0.2928,0.01481,,GEDI_rh98_m(pending),0,Landsat_C2_L2,regimeC_v0_CLCD+NDVI,v0
afforestation,SAIH_AFF_r24c31,early_restoration,0.4172,0.02264,,GEDI_rh98_m(pending),0,Landsat_C2_L2,regimeC_v0_CLCD+NDVI,v0
afforestation,SAIH_AFF_r24c32,early_restoration,0.3668,0.01617,,GEDI_rh98_m(pending),0,Landsat_C2_L2,regimeC_v0_CLCD+NDVI,v0
afforestation,SAIH_AFF_r24c33,stable_restoration,0.8698,0.02997,,GEDI_rh98_m(pending),0,Landsat_C2_L2,regimeC_v0_CLCD+NDVI,v0
afforestation,SAIH_AFF_r24c34,stable_restoration,0.8354,0.00345,,GEDI_rh98_m(pending),0,Landsat_C2_L2,regimeC_v0_CLCD+NDVI,v0
afforestation,SAIH_AFF_r24c35,stable_restoration,0.7313,0.00373,,GEDI_rh98_m(pending),0,Landsat_C2_L2,regimeC_v0_CLCD+NDVI,v0
afforestation,SAIH_AFF_r24c36,stable_restoration,0.784,0.00646,,GEDI_rh98_m(pending),0,Landsat_C2_L2,regimeC_v0_CLCD+NDVI,v0
afforestation,SAIH_AFF_r24c37,stable_restoration,0.772,0.00605,,GEDI_rh98_m(pending),0,Landsat_C2_L2,regimeC_v0_CLCD+NDVI,v0
afforestation,SAIH_AFF_r24c38,stable_restoration,0.745,0.0033,,GEDI_rh98_m(pending),0,Landsat_C2_L2,regimeC_v0_CLCD+NDVI,v0
afforestation,SAIH_AFF_r24c39,stable_restoration,0.9562,0.00212,,GEDI_rh98_m(pending),0,Landsat_C2_L2,regimeC_v0_CLCD+NDVI,v0
afforestation,SAIH_AFF_r24c40,stable_restoration,0.895,0.00267,,GEDI_rh98_m(pending),0,Landsat_C2_L2,regimeC_v0_CLCD+NDVI,v0
afforestation,SAIH_AFF_r24c41,stable_restoration,0.7508,0.00444,,GEDI_rh98_m(pending),0,Landsat_C2_L2,regimeC_v0_CLCD+NDVI,v0
afforestation,SAIH_AFF_r24c42,stable_restoration,0.9601,0.00034,,GEDI_rh98_m(pending),0,Landsat_C2_L2,regimeC_v0_CLCD+NDVI,v0
afforestation,SAIH_AFF_r24c43,stable_restoration,0.9894,0.00144,,GEDI_rh98_m(pending),0,Landsat_C2_L2,regimeC_v0_CLCD+NDVI,v0
afforestation,SAIH_AFF_r24c44,stable_restoration,1.0111,0.00096,,GEDI_rh98_m(pending),0,Landsat_C2_L2,regimeC_v0_CLCD+NDVI,v0
afforestation,SAIH_AFF_r24c45,stable_restoration,0.9152,0.00449,,GEDI_rh98_m(pending),0,Landsat_C2_L2,regimeC_v0_CLCD+NDVI,v0
afforestation,SAIH_AFF_r24c46,stable_restoration,0.8589,0.00384,,GEDI_rh98_m(pending),0,Landsat_C2_L2,regimeC_v0_CLCD+NDVI,v0
afforestation,SAIH_AFF_r24c47,early_restoration,0.5591,0.00262,,GEDI_rh98_m(pending),0,Landsat_C2_L2,regimeC_v0_CLCD+NDVI,v0
afforestation,SAIH_AFF_r24c48,early_restoration,0.3765,0.00314,,GEDI_rh98_m(pending),0,Landsat_C2_L2,regimeC_v0_CLCD+NDVI,v0
afforestation,SAIH_AFF_r24c49,early_restoration,0.5539,0.00665,,GEDI_rh98_m(pending),0,Landsat_C2_L2,regimeC_v0_CLCD+NDVI,v0
afforestation,SAIH_AFF_r24c50,stable_restoration,0.7526,0.00651,,GEDI_rh98_m(pending),0,Landsat_C2_L2,regimeC_v0_CLCD+NDVI,v0
afforestation,SAIH_AFF_r24c51,stable_restoration,0.7616,0.00196,,GEDI_rh98_m(pending),0,Landsat_C2_L2,regimeC_v0_CLCD+NDVI,v0
afforestation,SAIH_AFF_r24c52,early_restoration,0.3919,0.00838,,GEDI_rh98_m(pending),0,Landsat_C2_L2,regimeC_v0_CLCD+NDVI,v0
afforestation,SAIH_AFF_r24c53,degraded,0.2638,0.00411,,GEDI_rh98_m(pending),0,Landsat_C2_L2,regimeC_v0_CLCD+NDVI,v0
afforestation,SAIH_AFF_r24c54,stable_restoration,0.6901,0.00262,,GEDI_rh98_m(pending),0,Landsat_C2_L2,regimeC_v0_CLCD+NDVI,v0
afforestation,SAIH_AFF_r24c55,stable_restoration,0.706,0.00744,,GEDI_rh98_m(pending),0,Landsat_C2_L2,regimeC_v0_CLCD+NDVI,v0
afforestation,SAIH_AFF_r24c56,stable_restoration,0.7215,0.00219,,GEDI_rh98_m(pending),0,Landsat_C2_L2,regimeC_v0_CLCD+NDVI,v0
afforestation,SAIH_AFF_r24c57,stable_restoration,0.9069,0.00661,,GEDI_rh98_m(pending),0,Landsat_C2_L2,regimeC_v0_CLCD+NDVI,v0
afforestation,SAIH_AFF_r24c58,early_restoration,0.5968,0.00331,,GEDI_rh98_m(pending),0,Landsat_C2_L2,regimeC_v0_CLCD+NDVI,v0
afforestation,SAIH_AFF_r24c59,degraded,0.1894,0.00509,,GEDI_rh98_m(pending),0,Landsat_C2_L2,regimeC_v0_CLCD+NDVI,v0
afforestation,SAIH_AFF_r24c60,degraded,0.3117,0.00287,,GEDI_rh98_m(pending),0,Landsat_C2_L2,regimeC_v0_CLCD+NDVI,v0
afforestation,SAIH_AFF_r24c61,early_restoration,0.3696,0.00558,,GEDI_rh98_m(pending),0,Landsat_C2_L2,regimeC_v0_CLCD+NDVI,v0
afforestation,SAIH_AFF_r24c62,early_restoration,0.5705,0.00994,,GEDI_rh98_m(pending),0,Landsat_C2_L2,regimeC_v0_CLCD+NDVI,v0
afforestation,SAIH_AFF_r24c63,stable_restoration,0.6924,0.01552,,GEDI_rh98_m(pending),0,Landsat_C2_L2,regimeC_v0_CLCD+NDVI,v0
afforestation,SAIH_AFF_r24c64,degraded,0.2316,0.00746,,GEDI_rh98_m(pending),0,Landsat_C2_L2,regimeC_v0_CLCD+NDVI,v0
afforestation,SAIH_AFF_r25c02,early_restoration,0.3483,0.00861,,GEDI_rh98_m(pending),0,Landsat_C2_L2,regimeC_v0_CLCD+NDVI,v0
afforestation,SAIH_AFF_r25c03,early_restoration,0.3906,0.01534,,GEDI_rh98_m(pending),0,Landsat_C2_L2,regimeC_v0_CLCD+NDVI,v0
afforestation,SAIH_AFF_r25c04,early_restoration,0.3979,0.01904,,GEDI_rh98_m(pending),0,Landsat_C2_L2,regimeC_v0_CLCD+NDVI,v0
afforestation,SAIH_AFF_r25c05,degraded,0.1501,0.00556,,GEDI_rh98_m(pending),0,Landsat_C2_L2,regimeC_v0_CLCD+NDVI,v0
afforestation,SAIH_AFF_r25c06,degraded,0.181,0.00685,,GEDI_rh98_m(pending),0,Landsat_C2_L2,regimeC_v0_CLCD+NDVI,v0
afforestation,SAIH_AFF_r25c07,degraded,0.2446,0.00779,,GEDI_rh98_m(pending),0,Landsat_C2_L2,regimeC_v0_CLCD+NDVI,v0
afforestation,SAIH_AFF_r25c08,degraded,0.2123,0.00704,,GEDI_rh98_m(pending),0,Landsat_C2_L2,regimeC_v0_CLCD+NDVI,v0
afforestation,SAIH_AFF_r25c11,degraded,0.2898,0.01146,,GEDI_rh98_m(pending),0,Landsat_C2_L2,regimeC_v0_CLCD+NDVI,v0
afforestation,SAIH_AFF_r25c12,degraded,0.1633,0.00656,,GEDI_rh98_m(pending),0,Landsat_C2_L2,regimeC_v0_CLCD+NDVI,v0
afforestation,SAIH_AFF_r25c13,degraded,0.2802,0.01186,,GEDI_rh98_m(pending),0,Landsat_C2_L2,regimeC_v0_CLCD+NDVI,v0
afforestation,SAIH_AFF_r25c14,degraded,0.1978,0.00703,,GEDI_rh98_m(pending),0,Landsat_C2_L2,regimeC_v0_CLCD+NDVI,v0
afforestation,SAIH_AFF_r25c15,degraded,0.172,0.00495,,GEDI_rh98_m(pending),0,Landsat_C2_L2,regimeC_v0_CLCD+NDVI,v0
afforestation,SAIH_AFF_r25c16,degraded,0.1922,0.00559,,GEDI_rh98_m(pending),0,Landsat_C2_L2,regimeC_v0_CLCD+NDVI,v0
afforestation,SAIH_AFF_r25c17,degraded,0.2207,0.0055,,GEDI_rh98_m(pending),0,Landsat_C2_L2,regimeC_v0_CLCD+NDVI,v0
afforestation,SAIH_AFF_r25c18,degraded,0.1164,0.00391,,GEDI_rh98_m(pending),0,Landsat_C2_L2,regimeC_v0_CLCD+NDVI,v0
afforestation,SAIH_AFF_r25c20,degraded,0.2004,0.00278,,GEDI_rh98_m(pending),0,Landsat_C2_L2,regimeC_v0_CLCD+NDVI,v0
afforestation,SAIH_AFF_r25c21,degraded,0.2881,0.004,,GEDI_rh98_m(pending),0,Landsat_C2_L2,regimeC_v0_CLCD+NDVI,v0
afforestation,SAIH_AFF_r25c23,degraded,0.1359,0.00368,,GEDI_rh98_m(pending),0,Landsat_C2_L2,regimeC_v0_CLCD+NDVI,v0
afforestation,SAIH_AFF_r25c24,early_restoration,0.4078,0.01365,,GEDI_rh98_m(pending),0,Landsat_C2_L2,regimeC_v0_CLCD+NDVI,v0
afforestation,SAIH_AFF_r25c25,degraded,0.1643,0.00638,,GEDI_rh98_m(pending),0,Landsat_C2_L2,regimeC_v0_CLCD+NDVI,v0
afforestation,SAIH_AFF_r25c30,early_restoration,0.3778,0.02021,,GEDI_rh98_m(pending),0,Landsat_C2_L2,regimeC_v0_CLCD+NDVI,v0
afforestation,SAIH_AFF_r25c31,stable_restoration,0.7193,0.03951,,GEDI_rh98_m(pending),0,Landsat_C2_L2,regimeC_v0_CLCD+NDVI,v0
afforestation,SAIH_AFF_r25c32,stable_restoration,0.8396,0.03632,,GEDI_rh98_m(pending),0,Landsat_C2_L2,regimeC_v0_CLCD+NDVI,v0
afforestation,SAIH_AFF_r25c33,stable_restoration,0.7382,0.02086,,GEDI_rh98_m(pending),0,Landsat_C2_L2,regimeC_v0_CLCD+NDVI,v0
afforestation,SAIH_AFF_r25c34,early_restoration,0.5505,0.00445,,GEDI_rh98_m(pending),0,Landsat_C2_L2,regimeC_v0_CLCD+NDVI,v0
afforestation,SAIH_AFF_r25c35,early_restoration,0.6159,0.01003,,GEDI_rh98_m(pending),0,Landsat_C2_L2,regimeC_v0_CLCD+NDVI,v0
afforestation,SAIH_AFF_r25c36,stable_restoration,0.6769,0.02474,,GEDI_rh98_m(pending),0,Landsat_C2_L2,regimeC_v0_CLCD+NDVI,v0
afforestation,SAIH_AFF_r25c37,early_restoration,0.5833,0.01768,,GEDI_rh98_m(pending),0,Landsat_C2_L2,regimeC_v0_CLCD+NDVI,v0
afforestation,SAIH_AFF_r25c38,stable_restoration,0.7911,0.01921,,GEDI_rh98_m(pending),0,Landsat_C2_L2,regimeC_v0_CLCD+NDVI,v0
afforestation,SAIH_AFF_r25c39,early_restoration,0.5572,0.00866,,GEDI_rh98_m(pending),0,Landsat_C2_L2,regimeC_v0_CLCD+NDVI,v0
afforestation,SAIH_AFF_r25c40,early_restoration,0.599,0.0091,,GEDI_rh98_m(pending),0,Landsat_C2_L2,regimeC_v0_CLCD+NDVI,v0
afforestation,SAIH_AFF_r25c41,early_restoration,0.4123,0.00732,,GEDI_rh98_m(pending),0,Landsat_C2_L2,regimeC_v0_CLCD+NDVI,v0
afforestation,SAIH_AFF_r25c42,stable_restoration,0.9622,0.00347,,GEDI_rh98_m(pending),0,Landsat_C2_L2,regimeC_v0_CLCD+NDVI,v0
afforestation,SAIH_AFF_r25c43,stable_restoration,1.0274,0.00194,,GEDI_rh98_m(pending),0,Landsat_C2_L2,regimeC_v0_CLCD+NDVI,v0
afforestation,SAIH_AFF_r25c44,stable_restoration,1.0174,0.00163,,GEDI_rh98_m(pending),0,Landsat_C2_L2,regimeC_v0_CLCD+NDVI,v0
afforestation,SAIH_AFF_r25c45,stable_restoration,0.9578,0.00293,,GEDI_rh98_m(pending),0,Landsat_C2_L2,regimeC_v0_CLCD+NDVI,v0
afforestation,SAIH_AFF_r25c46,stable_restoration,1.009,0.00208,,GEDI_rh98_m(pending),0,Landsat_C2_L2,regimeC_v0_CLCD+NDVI,v0
afforestation,SAIH_AFF_r25c47,stable_restoration,0.9455,0.00307,,GEDI_rh98_m(pending),0,Landsat_C2_L2,regimeC_v0_CLCD+NDVI,v0
afforestation,SAIH_AFF_r25c48,early_restoration,0.5271,0.00251,,GEDI_rh98_m(pending),0,Landsat_C2_L2,regimeC_v0_CLCD+NDVI,v0
afforestation,SAIH_AFF_r25c49,early_restoration,0.3939,0.00071,,GEDI_rh98_m(pending),0,Landsat_C2_L2,regimeC_v0_CLCD+NDVI,v0
afforestation,SAIH_AFF_r25c50,early_restoration,0.362,0.01005,,GEDI_rh98_m(pending),0,Landsat_C2_L2,regimeC_v0_CLCD+NDVI,v0
afforestation,SAIH_AFF_r25c51,early_restoration,0.4023,0.00253,,GEDI_rh98_m(pending),0,Landsat_C2_L2,regimeC_v0_CLCD+NDVI,v0
afforestation,SAIH_AFF_r25c52,early_restoration,0.3711,0.00023,,GEDI_rh98_m(pending),0,Landsat_C2_L2,regimeC_v0_CLCD+NDVI,v0
afforestation,SAIH_AFF_r25c53,stable_restoration,0.955,-0.00101,,GEDI_rh98_m(pending),0,Landsat_C2_L2,regimeC_v0_CLCD+NDVI,v0
afforestation,SAIH_AFF_r25c54,stable_restoration,0.9672,-0.00022,,GEDI_rh98_m(pending),0,Landsat_C2_L2,regimeC_v0_CLCD+NDVI,v0
afforestation,SAIH_AFF_r25c55,stable_restoration,0.9255,0.00714,,GEDI_rh98_m(pending),0,Landsat_C2_L2,regimeC_v0_CLCD+NDVI,v0
afforestation,SAIH_AFF_r25c56,stable_restoration,0.9265,0.00865,,GEDI_rh98_m(pending),0,Landsat_C2_L2,regimeC_v0_CLCD+NDVI,v0
afforestation,SAIH_AFF_r25c57,stable_restoration,0.6602,0.00708,,GEDI_rh98_m(pending),0,Landsat_C2_L2,regimeC_v0_CLCD+NDVI,v0
afforestation,SAIH_AFF_r25c58,stable_restoration,0.7739,0.01059,,GEDI_rh98_m(pending),0,Landsat_C2_L2,regimeC_v0_CLCD+NDVI,v0
afforestation,SAIH_AFF_r25c61,degraded,0.1053,0.00394,,GEDI_rh98_m(pending),0,Landsat_C2_L2,regimeC_v0_CLCD+NDVI,v0
afforestation,SAIH_AFF_r25c62,degraded,0.2184,0.00744,,GEDI_rh98_m(pending),0,Landsat_C2_L2,regimeC_v0_CLCD+NDVI,v0
afforestation,SAIH_AFF_r25c63,degraded,0.2585,0.01266,,GEDI_rh98_m(pending),0,Landsat_C2_L2,regimeC_v0_CLCD+NDVI,v0
afforestation,SAIH_AFF_r25c64,degraded,0.2031,0.00805,,GEDI_rh98_m(pending),0,Landsat_C2_L2,regimeC_v0_CLCD+NDVI,v0
afforestation,SAIH_AFF_r26c02,early_restoration,0.4709,0.01142,,GEDI_rh98_m(pending),0,Landsat_C2_L2,regimeC_v0_CLCD+NDVI,v0
afforestation,SAIH_AFF_r26c03,early_restoration,0.3926,0.00935,,GEDI_rh98_m(pending),0,Landsat_C2_L2,regimeC_v0_CLCD+NDVI,v0
afforestation,SAIH_AFF_r26c08,early_restoration,0.5218,0.02275,,GEDI_rh98_m(pending),0,Landsat_C2_L2,regimeC_v0_CLCD+NDVI,v0
afforestation,SAIH_AFF_r26c09,early_restoration,0.535,0.02275,,GEDI_rh98_m(pending),0,Landsat_C2_L2,regimeC_v0_CLCD+NDVI,v0
afforestation,SAIH_AFF_r26c10,early_restoration,0.4581,0.01635,,GEDI_rh98_m(pending),0,Landsat_C2_L2,regimeC_v0_CLCD+NDVI,v0
afforestation,SAIH_AFF_r26c11,early_restoration,0.3714,0.01446,,GEDI_rh98_m(pending),0,Landsat_C2_L2,regimeC_v0_CLCD+NDVI,v0
afforestation,SAIH_AFF_r26c16,degraded,0.2787,0.00841,,GEDI_rh98_m(pending),0,Landsat_C2_L2,regimeC_v0_CLCD+NDVI,v0
afforestation,SAIH_AFF_r26c17,degraded,0.3216,0.01008,,GEDI_rh98_m(pending),0,Landsat_C2_L2,regimeC_v0_CLCD+NDVI,v0
afforestation,SAIH_AFF_r26c18,degraded,0.1751,0.00405,,GEDI_rh98_m(pending),0,Landsat_C2_L2,regimeC_v0_CLCD+NDVI,v0
afforestation,SAIH_AFF_r26c21,early_restoration,0.333,0.00618,,GEDI_rh98_m(pending),0,Landsat_C2_L2,regimeC_v0_CLCD+NDVI,v0
afforestation,SAIH_AFF_r26c23,degraded,0.2552,0.00417,,GEDI_rh98_m(pending),0,Landsat_C2_L2,regimeC_v0_CLCD+NDVI,v0
afforestation,SAIH_AFF_r26c24,stable_restoration,0.6964,0.00448,,GEDI_rh98_m(pending),0,Landsat_C2_L2,regimeC_v0_CLCD+NDVI,v0
afforestation,SAIH_AFF_r26c25,degraded,0.304,0.00711,,GEDI_rh98_m(pending),0,Landsat_C2_L2,regimeC_v0_CLCD+NDVI,v0
afforestation,SAIH_AFF_r26c26,degraded,0.2197,0.00421,,GEDI_rh98_m(pending),0,Landsat_C2_L2,regimeC_v0_CLCD+NDVI,v0
afforestation,SAIH_AFF_r26c30,degraded,0.1385,0.00797,,GEDI_rh98_m(pending),0,Landsat_C2_L2,regimeC_v0_CLCD+NDVI,v0
afforestation,SAIH_AFF_r26c31,early_restoration,0.3782,0.02018,,GEDI_rh98_m(pending),0,Landsat_C2_L2,regimeC_v0_CLCD+NDVI,v0
afforestation,SAIH_AFF_r26c32,stable_restoration,0.8091,0.04189,,GEDI_rh98_m(pending),0,Landsat_C2_L2,regimeC_v0_CLCD+NDVI,v0
afforestation,SAIH_AFF_r26c33,early_restoration,0.4858,0.019,,GEDI_rh98_m(pending),0,Landsat_C2_L2,regimeC_v0_CLCD+NDVI,v0
afforestation,SAIH_AFF_r26c34,early_restoration,0.361,0.00785,,GEDI_rh98_m(pending),0,Landsat_C2_L2,regimeC_v0_CLCD+NDVI,v0
afforestation,SAIH_AFF_r26c35,stable_restoration,0.6701,0.02059,,GEDI_rh98_m(pending),0,Landsat_C2_L2,regimeC_v0_CLCD+NDVI,v0
afforestation,SAIH_AFF_r26c36,stable_restoration,0.7868,0.01765,,GEDI_rh98_m(pending),0,Landsat_C2_L2,regimeC_v0_CLCD+NDVI,v0
afforestation,SAIH_AFF_r26c37,stable_restoration,0.8944,0.0196,,GEDI_rh98_m(pending),0,Landsat_C2_L2,regimeC_v0_CLCD+NDVI,v0
afforestation,SAIH_AFF_r26c38,early_restoration,0.5843,0.01353,,GEDI_rh98_m(pending),0,Landsat_C2_L2,regimeC_v0_CLCD+NDVI,v0
afforestation,SAIH_AFF_r26c39,early_restoration,0.535,0.00392,,GEDI_rh98_m(pending),0,Landsat_C2_L2,regimeC_v0_CLCD+NDVI,v0
afforestation,SAIH_AFF_r26c40,early_restoration,0.6174,0.01253,,GEDI_rh98_m(pending),0,Landsat_C2_L2,regimeC_v0_CLCD+NDVI,v0
afforestation,SAIH_AFF_r26c41,early_restoration,0.4961,0.01203,,GEDI_rh98_m(pending),0,Landsat_C2_L2,regimeC_v0_CLCD+NDVI,v0
afforestation,SAIH_AFF_r26c42,stable_restoration,0.7639,0.02019,,GEDI_rh98_m(pending),0,Landsat_C2_L2,regimeC_v0_CLCD+NDVI,v0
afforestation,SAIH_AFF_r26c43,stable_restoration,0.9682,0.00232,,GEDI_rh98_m(pending),0,Landsat_C2_L2,regimeC_v0_CLCD+NDVI,v0
afforestation,SAIH_AFF_r26c44,stable_restoration,0.9401,0.00411,,GEDI_rh98_m(pending),0,Landsat_C2_L2,regimeC_v0_CLCD+NDVI,v0
afforestation,SAIH_AFF_r26c45,stable_restoration,0.8889,0.00289,,GEDI_rh98_m(pending),0,Landsat_C2_L2,regimeC_v0_CLCD+NDVI,v0
afforestation,SAIH_AFF_r26c46,stable_restoration,0.8366,0.00214,,GEDI_rh98_m(pending),0,Landsat_C2_L2,regimeC_v0_CLCD+NDVI,v0
afforestation,SAIH_AFF_r26c47,stable_restoration,0.8418,0.00549,,GEDI_rh98_m(pending),0,Landsat_C2_L2,regimeC_v0_CLCD+NDVI,v0
afforestation,SAIH_AFF_r26c48,stable_restoration,0.903,0.00367,,GEDI_rh98_m(pending),0,Landsat_C2_L2,regimeC_v0_CLCD+NDVI,v0
afforestation,SAIH_AFF_r26c49,early_restoration,0.6232,0.00072,,GEDI_rh98_m(pending),0,Landsat_C2_L2,regimeC_v0_CLCD+NDVI,v0
afforestation,SAIH_AFF_r26c50,stable_restoration,0.7621,0.00196,,GEDI_rh98_m(pending),0,Landsat_C2_L2,regimeC_v0_CLCD+NDVI,v0
afforestation,SAIH_AFF_r26c51,early_restoration,0.5808,0.0008,,GEDI_rh98_m(pending),0,Landsat_C2_L2,regimeC_v0_CLCD+NDVI,v0
afforestation,SAIH_AFF_r26c52,early_restoration,0.6203,0.00517,,GEDI_rh98_m(pending),0,Landsat_C2_L2,regimeC_v0_CLCD+NDVI,v0
afforestation,SAIH_AFF_r26c53,stable_restoration,0.8801,0.00143,,GEDI_rh98_m(pending),0,Landsat_C2_L2,regimeC_v0_CLCD+NDVI,v0
afforestation,SAIH_AFF_r26c54,stable_restoration,0.9413,-0.00292,,GEDI_rh98_m(pending),0,Landsat_C2_L2,regimeC_v0_CLCD+NDVI,v0
afforestation,SAIH_AFF_r26c55,stable_restoration,0.9757,0.0006,,GEDI_rh98_m(pending),0,Landsat_C2_L2,regimeC_v0_CLCD+NDVI,v0
afforestation,SAIH_AFF_r26c56,stable_restoration,0.784,0.01046,,GEDI_rh98_m(pending),0,Landsat_C2_L2,regimeC_v0_CLCD+NDVI,v0
afforestation,SAIH_AFF_r26c57,stable_restoration,0.812,-0.00076,,GEDI_rh98_m(pending),0,Landsat_C2_L2,regimeC_v0_CLCD+NDVI,v0
afforestation,SAIH_AFF_r26c58,stable_restoration,0.8984,0.00552,,GEDI_rh98_m(pending),0,Landsat_C2_L2,regimeC_v0_CLCD+NDVI,v0
afforestation,SAIH_AFF_r26c59,stable_restoration,0.8297,0.00874,,GEDI_rh98_m(pending),0,Landsat_C2_L2,regimeC_v0_CLCD+NDVI,v0
afforestation,SAIH_AFF_r26c60,stable_restoration,0.7862,0.01739,,GEDI_rh98_m(pending),0,Landsat_C2_L2,regimeC_v0_CLCD+NDVI,v0
afforestation,SAIH_AFF_r26c61,stable_restoration,0.7422,0.01291,,GEDI_rh98_m(pending),0,Landsat_C2_L2,regimeC_v0_CLCD+NDVI,v0
afforestation,SAIH_AFF_r26c62,degraded,0.2031,0.00593,,GEDI_rh98_m(pending),0,Landsat_C2_L2,regimeC_v0_CLCD+NDVI,v0
afforestation,SAIH_AFF_r26c64,degraded,0.1592,0.00618,,GEDI_rh98_m(pending),0,Landsat_C2_L2,regimeC_v0_CLCD+NDVI,v0
afforestation,SAIH_AFF_r27c02,degraded,0.2038,0.00661,,GEDI_rh98_m(pending),0,Landsat_C2_L2,regimeC_v0_CLCD+NDVI,v0
afforestation,SAIH_AFF_r27c07,degraded,0.2003,0.00829,,GEDI_rh98_m(pending),0,Landsat_C2_L2,regimeC_v0_CLCD+NDVI,v0
afforestation,SAIH_AFF_r27c08,early_restoration,0.4761,0.02273,,GEDI_rh98_m(pending),0,Landsat_C2_L2,regimeC_v0_CLCD+NDVI,v0
afforestation,SAIH_AFF_r27c09,early_restoration,0.6455,0.02652,,GEDI_rh98_m(pending),0,Landsat_C2_L2,regimeC_v0_CLCD+NDVI,v0
afforestation,SAIH_AFF_r27c10,early_restoration,0.521,0.01964,,GEDI_rh98_m(pending),0,Landsat_C2_L2,regimeC_v0_CLCD+NDVI,v0
afforestation,SAIH_AFF_r27c11,early_restoration,0.6392,0.02773,,GEDI_rh98_m(pending),0,Landsat_C2_L2,regimeC_v0_CLCD+NDVI,v0
afforestation,SAIH_AFF_r27c12,degraded,0.2586,0.00931,,GEDI_rh98_m(pending),0,Landsat_C2_L2,regimeC_v0_CLCD+NDVI,v0
afforestation,SAIH_AFF_r27c15,degraded,0.3287,0.0101,,GEDI_rh98_m(pending),0,Landsat_C2_L2,regimeC_v0_CLCD+NDVI,v0
afforestation,SAIH_AFF_r27c16,early_restoration,0.3462,0.01056,,GEDI_rh98_m(pending),0,Landsat_C2_L2,regimeC_v0_CLCD+NDVI,v0
afforestation,SAIH_AFF_r27c17,degraded,0.2781,0.01024,,GEDI_rh98_m(pending),0,Landsat_C2_L2,regimeC_v0_CLCD+NDVI,v0
afforestation,SAIH_AFF_r27c18,early_restoration,0.4697,0.01248,,GEDI_rh98_m(pending),0,Landsat_C2_L2,regimeC_v0_CLCD+NDVI,v0
afforestation,SAIH_AFF_r27c19,degraded,0.2152,0.0064,,GEDI_rh98_m(pending),0,Landsat_C2_L2,regimeC_v0_CLCD+NDVI,v0
afforestation,SAIH_AFF_r27c23,early_restoration,0.5275,0.00532,,GEDI_rh98_m(pending),0,Landsat_C2_L2,regimeC_v0_CLCD+NDVI,v0
afforestation,SAIH_AFF_r27c24,stable_restoration,0.7559,0.01738,,GEDI_rh98_m(pending),0,Landsat_C2_L2,regimeC_v0_CLCD+NDVI,v0
afforestation,SAIH_AFF_r27c25,early_restoration,0.4957,0.00689,,GEDI_rh98_m(pending),0,Landsat_C2_L2,regimeC_v0_CLCD+NDVI,v0
afforestation,SAIH_AFF_r27c26,degraded,0.3078,0.00778,,GEDI_rh98_m(pending),0,Landsat_C2_L2,regimeC_v0_CLCD+NDVI,v0
afforestation,SAIH_AFF_r27c27,early_restoration,0.4131,0.01662,,GEDI_rh98_m(pending),0,Landsat_C2_L2,regimeC_v0_CLCD+NDVI,v0
afforestation,SAIH_AFF_r27c28,degraded,0.3285,0.01153,,GEDI_rh98_m(pending),0,Landsat_C2_L2,regimeC_v0_CLCD+NDVI,v0
afforestation,SAIH_AFF_r27c29,degraded,0.2987,0.00977,,GEDI_rh98_m(pending),0,Landsat_C2_L2,regimeC_v0_CLCD+NDVI,v0
afforestation,SAIH_AFF_r27c30,degraded,0.1744,0.00507,,GEDI_rh98_m(pending),0,Landsat_C2_L2,regimeC_v0_CLCD+NDVI,v0
afforestation,SAIH_AFF_r27c31,degraded,0.2152,0.0096,,GEDI_rh98_m(pending),0,Landsat_C2_L2,regimeC_v0_CLCD+NDVI,v0
afforestation,SAIH_AFF_r27c32,early_restoration,0.3537,0.01816,,GEDI_rh98_m(pending),0,Landsat_C2_L2,regimeC_v0_CLCD+NDVI,v0
afforestation,SAIH_AFF_r27c33,early_restoration,0.4761,0.01958,,GEDI_rh98_m(pending),0,Landsat_C2_L2,regimeC_v0_CLCD+NDVI,v0
afforestation,SAIH_AFF_r27c34,early_restoration,0.4463,0.01267,,GEDI_rh98_m(pending),0,Landsat_C2_L2,regimeC_v0_CLCD+NDVI,v0
afforestation,SAIH_AFF_r27c35,early_restoration,0.6022,0.01595,,GEDI_rh98_m(pending),0,Landsat_C2_L2,regimeC_v0_CLCD+NDVI,v0
afforestation,SAIH_AFF_r27c36,early_restoration,0.4624,0.00815,,GEDI_rh98_m(pending),0,Landsat_C2_L2,regimeC_v0_CLCD+NDVI,v0
afforestation,SAIH_AFF_r27c37,early_restoration,0.4635,0.00857,,GEDI_rh98_m(pending),0,Landsat_C2_L2,regimeC_v0_CLCD+NDVI,v0
afforestation,SAIH_AFF_r27c38,early_restoration,0.606,0.0186,,GEDI_rh98_m(pending),0,Landsat_C2_L2,regimeC_v0_CLCD+NDVI,v0
afforestation,SAIH_AFF_r27c39,early_restoration,0.376,0.01158,,GEDI_rh98_m(pending),0,Landsat_C2_L2,regimeC_v0_CLCD+NDVI,v0
afforestation,SAIH_AFF_r27c40,early_restoration,0.5507,0.02627,,GEDI_rh98_m(pending),0,Landsat_C2_L2,regimeC_v0_CLCD+NDVI,v0
afforestation,SAIH_AFF_r27c41,stable_restoration,0.8,0.03554,,GEDI_rh98_m(pending),0,Landsat_C2_L2,regimeC_v0_CLCD+NDVI,v0
afforestation,SAIH_AFF_r27c42,early_restoration,0.6478,0.02343,,GEDI_rh98_m(pending),0,Landsat_C2_L2,regimeC_v0_CLCD+NDVI,v0
afforestation,SAIH_AFF_r27c43,stable_restoration,0.6803,0.0023,,GEDI_rh98_m(pending),0,Landsat_C2_L2,regimeC_v0_CLCD+NDVI,v0
afforestation,SAIH_AFF_r27c44,stable_restoration,0.9871,0.00786,,GEDI_rh98_m(pending),0,Landsat_C2_L2,regimeC_v0_CLCD+NDVI,v0
afforestation,SAIH_AFF_r27c45,stable_restoration,1.0099,0.00223,,GEDI_rh98_m(pending),0,Landsat_C2_L2,regimeC_v0_CLCD+NDVI,v0
afforestation,SAIH_AFF_r27c46,stable_restoration,0.9808,0.00383,,GEDI_rh98_m(pending),0,Landsat_C2_L2,regimeC_v0_CLCD+NDVI,v0
afforestation,SAIH_AFF_r27c47,stable_restoration,0.9058,0.00239,,GEDI_rh98_m(pending),0,Landsat_C2_L2,regimeC_v0_CLCD+NDVI,v0
afforestation,SAIH_AFF_r27c48,stable_restoration,0.9219,0.00099,,GEDI_rh98_m(pending),0,Landsat_C2_L2,regimeC_v0_CLCD+NDVI,v0
afforestation,SAIH_AFF_r27c49,stable_restoration,0.8939,0.00353,,GEDI_rh98_m(pending),0,Landsat_C2_L2,regimeC_v0_CLCD+NDVI,v0
afforestation,SAIH_AFF_r27c50,stable_restoration,0.9073,0.00126,,GEDI_rh98_m(pending),0,Landsat_C2_L2,regimeC_v0_CLCD+NDVI,v0
afforestation,SAIH_AFF_r27c51,stable_restoration,0.8109,0.00814,,GEDI_rh98_m(pending),0,Landsat_C2_L2,regimeC_v0_CLCD+NDVI,v0
afforestation,SAIH_AFF_r27c52,stable_restoration,0.7353,0.00351,,GEDI_rh98_m(pending),0,Landsat_C2_L2,regimeC_v0_CLCD+NDVI,v0
afforestation,SAIH_AFF_r27c53,stable_restoration,0.8823,0.00305,,GEDI_rh98_m(pending),0,Landsat_C2_L2,regimeC_v0_CLCD+NDVI,v0
afforestation,SAIH_AFF_r27c54,stable_restoration,1.0122,0.00304,,GEDI_rh98_m(pending),0,Landsat_C2_L2,regimeC_v0_CLCD+NDVI,v0
afforestation,SAIH_AFF_r27c55,stable_restoration,0.8636,0.0051,,GEDI_rh98_m(pending),0,Landsat_C2_L2,regimeC_v0_CLCD+NDVI,v0
afforestation,SAIH_AFF_r27c56,stable_restoration,0.7782,0.00398,,GEDI_rh98_m(pending),0,Landsat_C2_L2,regimeC_v0_CLCD+NDVI,v0
afforestation,SAIH_AFF_r27c57,stable_restoration,0.8618,0.00074,,GEDI_rh98_m(pending),0,Landsat_C2_L2,regimeC_v0_CLCD+NDVI,v0
afforestation,SAIH_AFF_r27c58,early_restoration,0.3399,0.00279,,GEDI_rh98_m(pending),0,Landsat_C2_L2,regimeC_v0_CLCD+NDVI,v0
afforestation,SAIH_AFF_r27c59,early_restoration,0.5361,0.00843,,GEDI_rh98_m(pending),0,Landsat_C2_L2,regimeC_v0_CLCD+NDVI,v0
afforestation,SAIH_AFF_r27c60,stable_restoration,0.904,0.01617,,GEDI_rh98_m(pending),0,Landsat_C2_L2,regimeC_v0_CLCD+NDVI,v0
afforestation,SAIH_AFF_r27c61,stable_restoration,0.7777,0.01448,,GEDI_rh98_m(pending),0,Landsat_C2_L2,regimeC_v0_CLCD+NDVI,v0
afforestation,SAIH_AFF_r27c62,stable_restoration,0.6953,0.02367,,GEDI_rh98_m(pending),0,Landsat_C2_L2,regimeC_v0_CLCD+NDVI,v0
afforestation,SAIH_AFF_r27c64,early_restoration,0.3835,0.01288,,GEDI_rh98_m(pending),0,Landsat_C2_L2,regimeC_v0_CLCD+NDVI,v0
afforestation,SAIH_AFF_r28c02,degraded,0.2129,0.00809,,GEDI_rh98_m(pending),0,Landsat_C2_L2,regimeC_v0_CLCD+NDVI,v0
afforestation,SAIH_AFF_r28c04,degraded,0.2816,0.01388,,GEDI_rh98_m(pending),0,Landsat_C2_L2,regimeC_v0_CLCD+NDVI,v0
afforestation,SAIH_AFF_r28c07,degraded,0.2145,0.00639,,GEDI_rh98_m(pending),0,Landsat_C2_L2,regimeC_v0_CLCD+NDVI,v0
afforestation,SAIH_AFF_r28c08,early_restoration,0.4097,0.01698,,GEDI_rh98_m(pending),0,Landsat_C2_L2,regimeC_v0_CLCD+NDVI,v0
afforestation,SAIH_AFF_r28c09,early_restoration,0.5677,0.02399,,GEDI_rh98_m(pending),0,Landsat_C2_L2,regimeC_v0_CLCD+NDVI,v0
afforestation,SAIH_AFF_r28c11,degraded,0.2781,0.01332,,GEDI_rh98_m(pending),0,Landsat_C2_L2,regimeC_v0_CLCD+NDVI,v0
afforestation,SAIH_AFF_r28c14,early_restoration,0.4893,0.01738,,GEDI_rh98_m(pending),0,Landsat_C2_L2,regimeC_v0_CLCD+NDVI,v0
afforestation,SAIH_AFF_r28c15,early_restoration,0.498,0.01655,,GEDI_rh98_m(pending),0,Landsat_C2_L2,regimeC_v0_CLCD+NDVI,v0
afforestation,SAIH_AFF_r28c16,early_restoration,0.3885,0.01428,,GEDI_rh98_m(pending),0,Landsat_C2_L2,regimeC_v0_CLCD+NDVI,v0
afforestation,SAIH_AFF_r28c17,degraded,0.1951,0.00585,,GEDI_rh98_m(pending),0,Landsat_C2_L2,regimeC_v0_CLCD+NDVI,v0
afforestation,SAIH_AFF_r28c18,early_restoration,0.3674,0.00754,,GEDI_rh98_m(pending),0,Landsat_C2_L2,regimeC_v0_CLCD+NDVI,v0
afforestation,SAIH_AFF_r28c19,degraded,0.2289,0.00579,,GEDI_rh98_m(pending),0,Landsat_C2_L2,regimeC_v0_CLCD+NDVI,v0
afforestation,SAIH_AFF_r28c23,early_restoration,0.5607,0.00539,,GEDI_rh98_m(pending),0,Landsat_C2_L2,regimeC_v0_CLCD+NDVI,v0
afforestation,SAIH_AFF_r28c24,early_restoration,0.5545,0.0247,,GEDI_rh98_m(pending),0,Landsat_C2_L2,regimeC_v0_CLCD+NDVI,v0
afforestation,SAIH_AFF_r28c25,early_restoration,0.6437,0.02911,,GEDI_rh98_m(pending),0,Landsat_C2_L2,regimeC_v0_CLCD+NDVI,v0
afforestation,SAIH_AFF_r28c26,stable_restoration,0.6689,0.01629,,GEDI_rh98_m(pending),0,Landsat_C2_L2,regimeC_v0_CLCD+NDVI,v0
afforestation,SAIH_AFF_r28c27,early_restoration,0.3559,0.01357,,GEDI_rh98_m(pending),0,Landsat_C2_L2,regimeC_v0_CLCD+NDVI,v0
afforestation,SAIH_AFF_r28c28,early_restoration,0.519,0.02287,,GEDI_rh98_m(pending),0,Landsat_C2_L2,regimeC_v0_CLCD+NDVI,v0
afforestation,SAIH_AFF_r28c29,early_restoration,0.6071,0.0333,,GEDI_rh98_m(pending),0,Landsat_C2_L2,regimeC_v0_CLCD+NDVI,v0
afforestation,SAIH_AFF_r28c30,early_restoration,0.3616,0.01841,,GEDI_rh98_m(pending),0,Landsat_C2_L2,regimeC_v0_CLCD+NDVI,v0
afforestation,SAIH_AFF_r28c31,early_restoration,0.4452,0.02117,,GEDI_rh98_m(pending),0,Landsat_C2_L2,regimeC_v0_CLCD+NDVI,v0
afforestation,SAIH_AFF_r28c32,degraded,0.1963,0.00625,,GEDI_rh98_m(pending),0,Landsat_C2_L2,regimeC_v0_CLCD+NDVI,v0
afforestation,SAIH_AFF_r28c33,degraded,0.028,0.00062,,GEDI_rh98_m(pending),0,Landsat_C2_L2,regimeC_v0_CLCD+NDVI,v0
afforestation,SAIH_AFF_r28c34,degraded,0.1734,0.00927,,GEDI_rh98_m(pending),0,Landsat_C2_L2,regimeC_v0_CLCD+NDVI,v0
afforestation,SAIH_AFF_r28c35,early_restoration,0.3432,0.01775,,GEDI_rh98_m(pending),0,Landsat_C2_L2,regimeC_v0_CLCD+NDVI,v0
afforestation,SAIH_AFF_r28c36,stable_restoration,0.6717,0.03312,,GEDI_rh98_m(pending),0,Landsat_C2_L2,regimeC_v0_CLCD+NDVI,v0
afforestation,SAIH_AFF_r28c37,early_restoration,0.4567,0.01285,,GEDI_rh98_m(pending),0,Landsat_C2_L2,regimeC_v0_CLCD+NDVI,v0
afforestation,SAIH_AFF_r28c38,early_restoration,0.5195,0.0267,,GEDI_rh98_m(pending),0,Landsat_C2_L2,regimeC_v0_CLCD+NDVI,v0
afforestation,SAIH_AFF_r28c39,early_restoration,0.4474,0.01653,,GEDI_rh98_m(pending),0,Landsat_C2_L2,regimeC_v0_CLCD+NDVI,v0
afforestation,SAIH_AFF_r28c40,degraded,0.3145,0.01115,,GEDI_rh98_m(pending),0,Landsat_C2_L2,regimeC_v0_CLCD+NDVI,v0
afforestation,SAIH_AFF_r28c41,early_restoration,0.5911,0.01153,,GEDI_rh98_m(pending),0,Landsat_C2_L2,regimeC_v0_CLCD+NDVI,v0
afforestation,SAIH_AFF_r28c42,early_restoration,0.5968,0.02418,,GEDI_rh98_m(pending),0,Landsat_C2_L2,regimeC_v0_CLCD+NDVI,v0
afforestation,SAIH_AFF_r28c43,stable_restoration,0.8109,0.02412,,GEDI_rh98_m(pending),0,Landsat_C2_L2,regimeC_v0_CLCD+NDVI,v0
afforestation,SAIH_AFF_r28c44,stable_restoration,0.6803,0.00504,,GEDI_rh98_m(pending),0,Landsat_C2_L2,regimeC_v0_CLCD+NDVI,v0
afforestation,SAIH_AFF_r28c45,stable_restoration,0.9875,0.00027,,GEDI_rh98_m(pending),0,Landsat_C2_L2,regimeC_v0_CLCD+NDVI,v0
afforestation,SAIH_AFF_r28c46,stable_restoration,0.9945,0.0023,,GEDI_rh98_m(pending),0,Landsat_C2_L2,regimeC_v0_CLCD+NDVI,v0
afforestation,SAIH_AFF_r28c47,stable_restoration,0.9276,0.00213,,GEDI_rh98_m(pending),0,Landsat_C2_L2,regimeC_v0_CLCD+NDVI,v0
afforestation,SAIH_AFF_r28c48,stable_restoration,0.9745,0.00368,,GEDI_rh98_m(pending),0,Landsat_C2_L2,regimeC_v0_CLCD+NDVI,v0
afforestation,SAIH_AFF_r28c49,stable_restoration,1.0203,0.00166,,GEDI_rh98_m(pending),0,Landsat_C2_L2,regimeC_v0_CLCD+NDVI,v0
afforestation,SAIH_AFF_r28c50,stable_restoration,0.9337,0.00102,,GEDI_rh98_m(pending),0,Landsat_C2_L2,regimeC_v0_CLCD+NDVI,v0
afforestation,SAIH_AFF_r28c51,stable_restoration,0.9722,0.0033,,GEDI_rh98_m(pending),0,Landsat_C2_L2,regimeC_v0_CLCD+NDVI,v0
afforestation,SAIH_AFF_r28c52,stable_restoration,0.9046,0.00441,,GEDI_rh98_m(pending),0,Landsat_C2_L2,regimeC_v0_CLCD+NDVI,v0
afforestation,SAIH_AFF_r28c53,stable_restoration,0.8801,0.00219,,GEDI_rh98_m(pending),0,Landsat_C2_L2,regimeC_v0_CLCD+NDVI,v0
afforestation,SAIH_AFF_r28c54,stable_restoration,0.9613,0.00368,,GEDI_rh98_m(pending),0,Landsat_C2_L2,regimeC_v0_CLCD+NDVI,v0
afforestation,SAIH_AFF_r28c55,stable_restoration,0.9202,0.00582,,GEDI_rh98_m(pending),0,Landsat_C2_L2,regimeC_v0_CLCD+NDVI,v0
afforestation,SAIH_AFF_r28c56,stable_restoration,0.9556,-0.00395,,GEDI_rh98_m(pending),0,Landsat_C2_L2,regimeC_v0_CLCD+NDVI,v0
afforestation,SAIH_AFF_r28c57,stable_restoration,0.6724,0.00725,,GEDI_rh98_m(pending),0,Landsat_C2_L2,regimeC_v0_CLCD+NDVI,v0
afforestation,SAIH_AFF_r28c58,stable_restoration,0.8114,0.00357,,GEDI_rh98_m(pending),0,Landsat_C2_L2,regimeC_v0_CLCD+NDVI,v0
afforestation,SAIH_AFF_r28c59,early_restoration,0.5173,0.00282,,GEDI_rh98_m(pending),0,Landsat_C2_L2,regimeC_v0_CLCD+NDVI,v0
afforestation,SAIH_AFF_r28c60,stable_restoration,0.8989,0.00576,,GEDI_rh98_m(pending),0,Landsat_C2_L2,regimeC_v0_CLCD+NDVI,v0
afforestation,SAIH_AFF_r28c61,early_restoration,0.5728,0.01871,,GEDI_rh98_m(pending),0,Landsat_C2_L2,regimeC_v0_CLCD+NDVI,v0
afforestation,SAIH_AFF_r28c62,early_restoration,0.6082,0.03006,,GEDI_rh98_m(pending),0,Landsat_C2_L2,regimeC_v0_CLCD+NDVI,v0
afforestation,SAIH_AFF_r28c63,degraded,0.1934,0.00476,,GEDI_rh98_m(pending),0,Landsat_C2_L2,regimeC_v0_CLCD+NDVI,v0
afforestation,SAIH_AFF_r28c64,stable_restoration,0.7049,0.01489,,GEDI_rh98_m(pending),0,Landsat_C2_L2,regimeC_v0_CLCD+NDVI,v0
afforestation,SAIH_AFF_r29c02,degraded,0.1608,0.00717,,GEDI_rh98_m(pending),0,Landsat_C2_L2,regimeC_v0_CLCD+NDVI,v0
afforestation,SAIH_AFF_r29c04,degraded,0.2238,0.0102,,GEDI_rh98_m(pending),0,Landsat_C2_L2,regimeC_v0_CLCD+NDVI,v0
afforestation,SAIH_AFF_r29c06,degraded,0.2209,0.00915,,GEDI_rh98_m(pending),0,Landsat_C2_L2,regimeC_v0_CLCD+NDVI,v0
afforestation,SAIH_AFF_r29c10,degraded,0.2361,0.01105,,GEDI_rh98_m(pending),0,Landsat_C2_L2,regimeC_v0_CLCD+NDVI,v0
afforestation,SAIH_AFF_r29c11,early_restoration,0.3748,0.012,,GEDI_rh98_m(pending),0,Landsat_C2_L2,regimeC_v0_CLCD+NDVI,v0
afforestation,SAIH_AFF_r29c12,early_restoration,0.4194,0.00947,,GEDI_rh98_m(pending),0,Landsat_C2_L2,regimeC_v0_CLCD+NDVI,v0
afforestation,SAIH_AFF_r29c15,degraded,0.3297,0.00705,,GEDI_rh98_m(pending),0,Landsat_C2_L2,regimeC_v0_CLCD+NDVI,v0
afforestation,SAIH_AFF_r29c22,degraded,0.2901,0.00376,,GEDI_rh98_m(pending),0,Landsat_C2_L2,regimeC_v0_CLCD+NDVI,v0
afforestation,SAIH_AFF_r29c23,degraded,0.2449,0.00475,,GEDI_rh98_m(pending),0,Landsat_C2_L2,regimeC_v0_CLCD+NDVI,v0
afforestation,SAIH_AFF_r29c24,early_restoration,0.3537,0.01632,,GEDI_rh98_m(pending),0,Landsat_C2_L2,regimeC_v0_CLCD+NDVI,v0
afforestation,SAIH_AFF_r29c25,early_restoration,0.655,0.02817,,GEDI_rh98_m(pending),0,Landsat_C2_L2,regimeC_v0_CLCD+NDVI,v0
afforestation,SAIH_AFF_r29c26,early_restoration,0.3657,0.01376,,GEDI_rh98_m(pending),0,Landsat_C2_L2,regimeC_v0_CLCD+NDVI,v0
afforestation,SAIH_AFF_r29c27,early_restoration,0.4733,0.0138,,GEDI_rh98_m(pending),0,Landsat_C2_L2,regimeC_v0_CLCD+NDVI,v0
afforestation,SAIH_AFF_r29c28,early_restoration,0.5859,0.01949,,GEDI_rh98_m(pending),0,Landsat_C2_L2,regimeC_v0_CLCD+NDVI,v0
afforestation,SAIH_AFF_r29c29,stable_restoration,0.7078,0.02502,,GEDI_rh98_m(pending),0,Landsat_C2_L2,regimeC_v0_CLCD+NDVI,v0
afforestation,SAIH_AFF_r29c30,stable_restoration,0.7279,0.0332,,GEDI_rh98_m(pending),0,Landsat_C2_L2,regimeC_v0_CLCD+NDVI,v0
afforestation,SAIH_AFF_r29c31,early_restoration,0.5202,0.02752,,GEDI_rh98_m(pending),0,Landsat_C2_L2,regimeC_v0_CLCD+NDVI,v0
afforestation,SAIH_AFF_r29c32,early_restoration,0.5728,0.03086,,GEDI_rh98_m(pending),0,Landsat_C2_L2,regimeC_v0_CLCD+NDVI,v0
afforestation,SAIH_AFF_r29c33,early_restoration,0.3565,0.01777,,GEDI_rh98_m(pending),0,Landsat_C2_L2,regimeC_v0_CLCD+NDVI,v0
afforestation,SAIH_AFF_r29c34,early_restoration,0.4126,0.02217,,GEDI_rh98_m(pending),0,Landsat_C2_L2,regimeC_v0_CLCD+NDVI,v0
afforestation,SAIH_AFF_r29c36,early_restoration,0.3605,0.01002,,GEDI_rh98_m(pending),0,Landsat_C2_L2,regimeC_v0_CLCD+NDVI,v0
afforestation,SAIH_AFF_r29c38,degraded,0.3233,0.01459,,GEDI_rh98_m(pending),0,Landsat_C2_L2,regimeC_v0_CLCD+NDVI,v0
afforestation,SAIH_AFF_r29c40,stable_restoration,0.6931,0.0312,,GEDI_rh98_m(pending),0,Landsat_C2_L2,regimeC_v0_CLCD+NDVI,v0
afforestation,SAIH_AFF_r29c41,early_restoration,0.6375,0.0282,,GEDI_rh98_m(pending),0,Landsat_C2_L2,regimeC_v0_CLCD+NDVI,v0
afforestation,SAIH_AFF_r29c42,stable_restoration,0.7479,0.03183,,GEDI_rh98_m(pending),0,Landsat_C2_L2,regimeC_v0_CLCD+NDVI,v0
afforestation,SAIH_AFF_r29c43,early_restoration,0.6243,0.02599,,GEDI_rh98_m(pending),0,Landsat_C2_L2,regimeC_v0_CLCD+NDVI,v0
afforestation,SAIH_AFF_r29c44,early_restoration,0.3622,0.00889,,GEDI_rh98_m(pending),0,Landsat_C2_L2,regimeC_v0_CLCD+NDVI,v0
afforestation,SAIH_AFF_r29c45,stable_restoration,0.854,0.00325,,GEDI_rh98_m(pending),0,Landsat_C2_L2,regimeC_v0_CLCD+NDVI,v0
afforestation,SAIH_AFF_r29c46,stable_restoration,1.0111,0.00331,,GEDI_rh98_m(pending),0,Landsat_C2_L2,regimeC_v0_CLCD+NDVI,v0
afforestation,SAIH_AFF_r29c47,stable_restoration,1.0272,0.00166,,GEDI_rh98_m(pending),0,Landsat_C2_L2,regimeC_v0_CLCD+NDVI,v0
afforestation,SAIH_AFF_r29c48,stable_restoration,1.0168,0.00116,,GEDI_rh98_m(pending),0,Landsat_C2_L2,regimeC_v0_CLCD+NDVI,v0
afforestation,SAIH_AFF_r29c49,stable_restoration,1.0329,0.00115,,GEDI_rh98_m(pending),0,Landsat_C2_L2,regimeC_v0_CLCD+NDVI,v0
afforestation,SAIH_AFF_r29c50,stable_restoration,1.0178,0.00079,,GEDI_rh98_m(pending),0,Landsat_C2_L2,regimeC_v0_CLCD+NDVI,v0
afforestation,SAIH_AFF_r29c51,stable_restoration,0.8618,0.00405,,GEDI_rh98_m(pending),0,Landsat_C2_L2,regimeC_v0_CLCD+NDVI,v0
afforestation,SAIH_AFF_r29c52,stable_restoration,0.8486,0.00415,,GEDI_rh98_m(pending),0,Landsat_C2_L2,regimeC_v0_CLCD+NDVI,v0
afforestation,SAIH_AFF_r29c53,stable_restoration,0.9476,0.00398,,GEDI_rh98_m(pending),0,Landsat_C2_L2,regimeC_v0_CLCD+NDVI,v0
afforestation,SAIH_AFF_r29c54,stable_restoration,0.8607,-0.00082,,GEDI_rh98_m(pending),0,Landsat_C2_L2,regimeC_v0_CLCD+NDVI,v0
afforestation,SAIH_AFF_r29c55,stable_restoration,0.7912,0.00748,,GEDI_rh98_m(pending),0,Landsat_C2_L2,regimeC_v0_CLCD+NDVI,v0
afforestation,SAIH_AFF_r29c56,early_restoration,0.6048,0.00742,,GEDI_rh98_m(pending),0,Landsat_C2_L2,regimeC_v0_CLCD+NDVI,v0
afforestation,SAIH_AFF_r29c57,early_restoration,0.4635,0.00125,,GEDI_rh98_m(pending),0,Landsat_C2_L2,regimeC_v0_CLCD+NDVI,v0
afforestation,SAIH_AFF_r29c58,stable_restoration,0.7199,0.01672,,GEDI_rh98_m(pending),0,Landsat_C2_L2,regimeC_v0_CLCD+NDVI,v0
afforestation,SAIH_AFF_r29c59,stable_restoration,0.7376,0.01112,,GEDI_rh98_m(pending),0,Landsat_C2_L2,regimeC_v0_CLCD+NDVI,v0
afforestation,SAIH_AFF_r29c60,early_restoration,0.4756,0.00605,,GEDI_rh98_m(pending),0,Landsat_C2_L2,regimeC_v0_CLCD+NDVI,v0
afforestation,SAIH_AFF_r29c61,stable_restoration,0.666,0.01455,,GEDI_rh98_m(pending),0,Landsat_C2_L2,regimeC_v0_CLCD+NDVI,v0
afforestation,SAIH_AFF_r29c62,degraded,0.2666,0.01466,,GEDI_rh98_m(pending),0,Landsat_C2_L2,regimeC_v0_CLCD+NDVI,v0
afforestation,SAIH_AFF_r29c63,degraded,0.3159,0.00651,,GEDI_rh98_m(pending),0,Landsat_C2_L2,regimeC_v0_CLCD+NDVI,v0
afforestation,SAIH_AFF_r29c64,early_restoration,0.5961,0.0087,,GEDI_rh98_m(pending),0,Landsat_C2_L2,regimeC_v0_CLCD+NDVI,v0
afforestation,SAIH_AFF_r30c02,degraded,0.1007,0.00388,,GEDI_rh98_m(pending),0,Landsat_C2_L2,regimeC_v0_CLCD+NDVI,v0
afforestation,SAIH_AFF_r30c03,degraded,0.1105,0.00368,,GEDI_rh98_m(pending),0,Landsat_C2_L2,regimeC_v0_CLCD+NDVI,v0
afforestation,SAIH_AFF_r30c09,early_restoration,0.4349,0.02025,,GEDI_rh98_m(pending),0,Landsat_C2_L2,regimeC_v0_CLCD+NDVI,v0
afforestation,SAIH_AFF_r30c10,early_restoration,0.4761,0.02432,,GEDI_rh98_m(pending),0,Landsat_C2_L2,regimeC_v0_CLCD+NDVI,v0
afforestation,SAIH_AFF_r30c12,stable_restoration,0.8875,0.00559,,GEDI_rh98_m(pending),0,Landsat_C2_L2,regimeC_v0_CLCD+NDVI,v0
afforestation,SAIH_AFF_r30c13,degraded,0.3136,0.00736,,GEDI_rh98_m(pending),0,Landsat_C2_L2,regimeC_v0_CLCD+NDVI,v0
afforestation,SAIH_AFF_r30c19,degraded,0.2243,0.00432,,GEDI_rh98_m(pending),0,Landsat_C2_L2,regimeC_v0_CLCD+NDVI,v0
afforestation,SAIH_AFF_r30c20,early_restoration,0.429,0.00418,,GEDI_rh98_m(pending),0,Landsat_C2_L2,regimeC_v0_CLCD+NDVI,v0
afforestation,SAIH_AFF_r30c21,early_restoration,0.5648,0.0052,,GEDI_rh98_m(pending),0,Landsat_C2_L2,regimeC_v0_CLCD+NDVI,v0
afforestation,SAIH_AFF_r30c22,degraded,0.3021,0.00879,,GEDI_rh98_m(pending),0,Landsat_C2_L2,regimeC_v0_CLCD+NDVI,v0
afforestation,SAIH_AFF_r30c23,early_restoration,0.3788,0.01107,,GEDI_rh98_m(pending),0,Landsat_C2_L2,regimeC_v0_CLCD+NDVI,v0
afforestation,SAIH_AFF_r30c24,degraded,0.1419,0.00508,,GEDI_rh98_m(pending),0,Landsat_C2_L2,regimeC_v0_CLCD+NDVI,v0
afforestation,SAIH_AFF_r30c26,degraded,0.2873,0.01501,,GEDI_rh98_m(pending),0,Landsat_C2_L2,regimeC_v0_CLCD+NDVI,v0
afforestation,SAIH_AFF_r30c27,degraded,0.2111,0.00474,,GEDI_rh98_m(pending),0,Landsat_C2_L2,regimeC_v0_CLCD+NDVI,v0
afforestation,SAIH_AFF_r30c28,early_restoration,0.4995,0.02205,,GEDI_rh98_m(pending),0,Landsat_C2_L2,regimeC_v0_CLCD+NDVI,v0
afforestation,SAIH_AFF_r30c29,early_restoration,0.5029,0.01725,,GEDI_rh98_m(pending),0,Landsat_C2_L2,regimeC_v0_CLCD+NDVI,v0
afforestation,SAIH_AFF_r30c30,degraded,0.2844,0.01019,,GEDI_rh98_m(pending),0,Landsat_C2_L2,regimeC_v0_CLCD+NDVI,v0
afforestation,SAIH_AFF_r30c31,early_restoration,0.3999,0.01594,,GEDI_rh98_m(pending),0,Landsat_C2_L2,regimeC_v0_CLCD+NDVI,v0
afforestation,SAIH_AFF_r30c32,early_restoration,0.3382,0.01569,,GEDI_rh98_m(pending),0,Landsat_C2_L2,regimeC_v0_CLCD+NDVI,v0
afforestation,SAIH_AFF_r30c34,degraded,0.257,0.01328,,GEDI_rh98_m(pending),0,Landsat_C2_L2,regimeC_v0_CLCD+NDVI,v0
afforestation,SAIH_AFF_r30c35,early_restoration,0.4795,0.01962,,GEDI_rh98_m(pending),0,Landsat_C2_L2,regimeC_v0_CLCD+NDVI,v0
afforestation,SAIH_AFF_r30c36,degraded,0.2752,0.00918,,GEDI_rh98_m(pending),0,Landsat_C2_L2,regimeC_v0_CLCD+NDVI,v0
afforestation,SAIH_AFF_r30c38,degraded,0.2975,0.00505,,GEDI_rh98_m(pending),0,Landsat_C2_L2,regimeC_v0_CLCD+NDVI,v0
afforestation,SAIH_AFF_r30c39,degraded,0.2129,0.00824,,GEDI_rh98_m(pending),0,Landsat_C2_L2,regimeC_v0_CLCD+NDVI,v0
afforestation,SAIH_AFF_r30c40,early_restoration,0.4907,0.01507,,GEDI_rh98_m(pending),0,Landsat_C2_L2,regimeC_v0_CLCD+NDVI,v0
afforestation,SAIH_AFF_r30c41,early_restoration,0.6312,0.01209,,GEDI_rh98_m(pending),0,Landsat_C2_L2,regimeC_v0_CLCD+NDVI,v0
afforestation,SAIH_AFF_r30c42,stable_restoration,0.7805,0.03714,,GEDI_rh98_m(pending),0,Landsat_C2_L2,regimeC_v0_CLCD+NDVI,v0
afforestation,SAIH_AFF_r30c43,early_restoration,0.5059,0.02315,,GEDI_rh98_m(pending),0,Landsat_C2_L2,regimeC_v0_CLCD+NDVI,v0
afforestation,SAIH_AFF_r30c44,degraded,0.2449,0.01243,,GEDI_rh98_m(pending),0,Landsat_C2_L2,regimeC_v0_CLCD+NDVI,v0
afforestation,SAIH_AFF_r30c45,early_restoration,0.5311,0.00682,,GEDI_rh98_m(pending),0,Landsat_C2_L2,regimeC_v0_CLCD+NDVI,v0
afforestation,SAIH_AFF_r30c46,stable_restoration,0.883,0.00665,,GEDI_rh98_m(pending),0,Landsat_C2_L2,regimeC_v0_CLCD+NDVI,v0
afforestation,SAIH_AFF_r30c47,stable_restoration,0.9636,0.00203,,GEDI_rh98_m(pending),0,Landsat_C2_L2,regimeC_v0_CLCD+NDVI,v0
afforestation,SAIH_AFF_r30c48,stable_restoration,1.0088,0.00014,,GEDI_rh98_m(pending),0,Landsat_C2_L2,regimeC_v0_CLCD+NDVI,v0
afforestation,SAIH_AFF_r30c49,stable_restoration,1.0128,0.00433,,GEDI_rh98_m(pending),0,Landsat_C2_L2,regimeC_v0_CLCD+NDVI,v0
afforestation,SAIH_AFF_r30c50,stable_restoration,0.9567,0.00437,,GEDI_rh98_m(pending),0,Landsat_C2_L2,regimeC_v0_CLCD+NDVI,v0
afforestation,SAIH_AFF_r30c51,stable_restoration,0.9624,0.00481,,GEDI_rh98_m(pending),0,Landsat_C2_L2,regimeC_v0_CLCD+NDVI,v0
afforestation,SAIH_AFF_r30c52,stable_restoration,0.8726,0.00386,,GEDI_rh98_m(pending),0,Landsat_C2_L2,regimeC_v0_CLCD+NDVI,v0
afforestation,SAIH_AFF_r30c53,stable_restoration,0.9247,0.00709,,GEDI_rh98_m(pending),0,Landsat_C2_L2,regimeC_v0_CLCD+NDVI,v0
afforestation,SAIH_AFF_r30c54,stable_restoration,0.888,-0.00171,,GEDI_rh98_m(pending),0,Landsat_C2_L2,regimeC_v0_CLCD+NDVI,v0
afforestation,SAIH_AFF_r30c55,stable_restoration,0.8552,0.0052,,GEDI_rh98_m(pending),0,Landsat_C2_L2,regimeC_v0_CLCD+NDVI,v0
afforestation,SAIH_AFF_r30c56,early_restoration,0.6294,0.00275,,GEDI_rh98_m(pending),0,Landsat_C2_L2,regimeC_v0_CLCD+NDVI,v0
afforestation,SAIH_AFF_r30c57,early_restoration,0.5138,0.00132,,GEDI_rh98_m(pending),0,Landsat_C2_L2,regimeC_v0_CLCD+NDVI,v0
afforestation,SAIH_AFF_r30c58,early_restoration,0.4212,0.00571,,GEDI_rh98_m(pending),0,Landsat_C2_L2,regimeC_v0_CLCD+NDVI,v0
afforestation,SAIH_AFF_r30c59,stable_restoration,0.7256,0.00941,,GEDI_rh98_m(pending),0,Landsat_C2_L2,regimeC_v0_CLCD+NDVI,v0
afforestation,SAIH_AFF_r30c60,early_restoration,0.5726,0.01117,,GEDI_rh98_m(pending),0,Landsat_C2_L2,regimeC_v0_CLCD+NDVI,v0
afforestation,SAIH_AFF_r30c61,degraded,0.2993,0.00782,,GEDI_rh98_m(pending),0,Landsat_C2_L2,regimeC_v0_CLCD+NDVI,v0
afforestation,SAIH_AFF_r30c62,early_restoration,0.4555,0.01695,,GEDI_rh98_m(pending),0,Landsat_C2_L2,regimeC_v0_CLCD+NDVI,v0
afforestation,SAIH_AFF_r31c02,degraded,0.325,0.01335,,GEDI_rh98_m(pending),0,Landsat_C2_L2,regimeC_v0_CLCD+NDVI,v0
afforestation,SAIH_AFF_r31c03,early_restoration,0.4818,0.01932,,GEDI_rh98_m(pending),0,Landsat_C2_L2,regimeC_v0_CLCD+NDVI,v0
afforestation,SAIH_AFF_r31c04,degraded,0.2209,0.01028,,GEDI_rh98_m(pending),0,Landsat_C2_L2,regimeC_v0_CLCD+NDVI,v0
afforestation,SAIH_AFF_r31c06,degraded,0.2249,0.00919,,GEDI_rh98_m(pending),0,Landsat_C2_L2,regimeC_v0_CLCD+NDVI,v0
afforestation,SAIH_AFF_r31c10,early_restoration,0.3835,0.01782,,GEDI_rh98_m(pending),0,Landsat_C2_L2,regimeC_v0_CLCD+NDVI,v0
afforestation,SAIH_AFF_r31c12,early_restoration,0.3965,0.00418,,GEDI_rh98_m(pending),0,Landsat_C2_L2,regimeC_v0_CLCD+NDVI,v0
afforestation,SAIH_AFF_r31c20,early_restoration,0.5513,0.00658,,GEDI_rh98_m(pending),0,Landsat_C2_L2,regimeC_v0_CLCD+NDVI,v0
afforestation,SAIH_AFF_r31c21,degraded,0.2707,0.00461,,GEDI_rh98_m(pending),0,Landsat_C2_L2,regimeC_v0_CLCD+NDVI,v0
afforestation,SAIH_AFF_r31c25,degraded,0.1783,0.00301,,GEDI_rh98_m(pending),0,Landsat_C2_L2,regimeC_v0_CLCD+NDVI,v0
afforestation,SAIH_AFF_r31c28,early_restoration,0.5213,0.01999,,GEDI_rh98_m(pending),0,Landsat_C2_L2,regimeC_v0_CLCD+NDVI,v0
afforestation,SAIH_AFF_r31c29,degraded,0.2295,0.01055,,GEDI_rh98_m(pending),0,Landsat_C2_L2,regimeC_v0_CLCD+NDVI,v0
afforestation,SAIH_AFF_r31c30,early_restoration,0.6567,0.0315,,GEDI_rh98_m(pending),0,Landsat_C2_L2,regimeC_v0_CLCD+NDVI,v0
afforestation,SAIH_AFF_r31c31,early_restoration,0.5911,0.03129,,GEDI_rh98_m(pending),0,Landsat_C2_L2,regimeC_v0_CLCD+NDVI,v0
afforestation,SAIH_AFF_r31c32,early_restoration,0.4458,0.02381,,GEDI_rh98_m(pending),0,Landsat_C2_L2,regimeC_v0_CLCD+NDVI,v0
afforestation,SAIH_AFF_r31c34,degraded,0.1379,0.00562,,GEDI_rh98_m(pending),0,Landsat_C2_L2,regimeC_v0_CLCD+NDVI,v0
afforestation,SAIH_AFF_r31c35,early_restoration,0.5002,0.02133,,GEDI_rh98_m(pending),0,Landsat_C2_L2,regimeC_v0_CLCD+NDVI,v0
afforestation,SAIH_AFF_r31c36,early_restoration,0.4531,0.02126,,GEDI_rh98_m(pending),0,Landsat_C2_L2,regimeC_v0_CLCD+NDVI,v0
afforestation,SAIH_AFF_r31c37,early_restoration,0.3582,0.00737,,GEDI_rh98_m(pending),0,Landsat_C2_L2,regimeC_v0_CLCD+NDVI,v0
afforestation,SAIH_AFF_r31c38,early_restoration,0.6054,0.0157,,GEDI_rh98_m(pending),0,Landsat_C2_L2,regimeC_v0_CLCD+NDVI,v0
afforestation,SAIH_AFF_r31c39,degraded,0.2918,0.01301,,GEDI_rh98_m(pending),0,Landsat_C2_L2,regimeC_v0_CLCD+NDVI,v0
afforestation,SAIH_AFF_r31c40,stable_restoration,0.7604,0.02842,,GEDI_rh98_m(pending),0,Landsat_C2_L2,regimeC_v0_CLCD+NDVI,v0
afforestation,SAIH_AFF_r31c41,early_restoration,0.6009,0.03003,,GEDI_rh98_m(pending),0,Landsat_C2_L2,regimeC_v0_CLCD+NDVI,v0
afforestation,SAIH_AFF_r31c42,early_restoration,0.5545,0.02636,,GEDI_rh98_m(pending),0,Landsat_C2_L2,regimeC_v0_CLCD+NDVI,v0
afforestation,SAIH_AFF_r31c43,degraded,0.2008,0.01042,,GEDI_rh98_m(pending),0,Landsat_C2_L2,regimeC_v0_CLCD+NDVI,v0
afforestation,SAIH_AFF_r31c44,degraded,0.2484,0.00932,,GEDI_rh98_m(pending),0,Landsat_C2_L2,regimeC_v0_CLCD+NDVI,v0
afforestation,SAIH_AFF_r31c45,stable_restoration,0.7761,0.00208,,GEDI_rh98_m(pending),0,Landsat_C2_L2,regimeC_v0_CLCD+NDVI,v0
afforestation,SAIH_AFF_r31c46,stable_restoration,0.8589,0.00032,,GEDI_rh98_m(pending),0,Landsat_C2_L2,regimeC_v0_CLCD+NDVI,v0
afforestation,SAIH_AFF_r31c47,stable_restoration,0.9767,0.00275,,GEDI_rh98_m(pending),0,Landsat_C2_L2,regimeC_v0_CLCD+NDVI,v0
afforestation,SAIH_AFF_r31c48,stable_restoration,0.9785,0.00119,,GEDI_rh98_m(pending),0,Landsat_C2_L2,regimeC_v0_CLCD+NDVI,v0
afforestation,SAIH_AFF_r31c49,stable_restoration,1.0026,0.00017,,GEDI_rh98_m(pending),0,Landsat_C2_L2,regimeC_v0_CLCD+NDVI,v0
afforestation,SAIH_AFF_r31c50,stable_restoration,0.9719,0.00347,,GEDI_rh98_m(pending),0,Landsat_C2_L2,regimeC_v0_CLCD+NDVI,v0
afforestation,SAIH_AFF_r31c51,stable_restoration,0.7679,0.00881,,GEDI_rh98_m(pending),0,Landsat_C2_L2,regimeC_v0_CLCD+NDVI,v0
afforestation,SAIH_AFF_r31c52,stable_restoration,0.6632,0.00768,,GEDI_rh98_m(pending),0,Landsat_C2_L2,regimeC_v0_CLCD+NDVI,v0
afforestation,SAIH_AFF_r31c53,stable_restoration,0.7708,0.0021,,GEDI_rh98_m(pending),0,Landsat_C2_L2,regimeC_v0_CLCD+NDVI,v0
afforestation,SAIH_AFF_r31c54,stable_restoration,0.6849,0.00169,,GEDI_rh98_m(pending),0,Landsat_C2_L2,regimeC_v0_CLCD+NDVI,v0
afforestation,SAIH_AFF_r31c55,stable_restoration,0.9673,0.00984,,GEDI_rh98_m(pending),0,Landsat_C2_L2,regimeC_v0_CLCD+NDVI,v0
afforestation,SAIH_AFF_r31c56,stable_restoration,0.9997,0.00322,,GEDI_rh98_m(pending),0,Landsat_C2_L2,regimeC_v0_CLCD+NDVI,v0
afforestation,SAIH_AFF_r31c57,stable_restoration,0.717,0.00499,,GEDI_rh98_m(pending),0,Landsat_C2_L2,regimeC_v0_CLCD+NDVI,v0
afforestation,SAIH_AFF_r31c58,early_restoration,0.6494,0.00484,,GEDI_rh98_m(pending),0,Landsat_C2_L2,regimeC_v0_CLCD+NDVI,v0
afforestation,SAIH_AFF_r31c59,early_restoration,0.5099,0.00398,,GEDI_rh98_m(pending),0,Landsat_C2_L2,regimeC_v0_CLCD+NDVI,v0
afforestation,SAIH_AFF_r31c60,degraded,0.2282,0.00131,,GEDI_rh98_m(pending),0,Landsat_C2_L2,regimeC_v0_CLCD+NDVI,v0
afforestation,SAIH_AFF_r32c05,degraded,0.2512,0.01261,,GEDI_rh98_m(pending),0,Landsat_C2_L2,regimeC_v0_CLCD+NDVI,v0
afforestation,SAIH_AFF_r32c06,degraded,0.1154,0.00498,,GEDI_rh98_m(pending),0,Landsat_C2_L2,regimeC_v0_CLCD+NDVI,v0
afforestation,SAIH_AFF_r32c15,degraded,0.2948,0.00529,,GEDI_rh98_m(pending),0,Landsat_C2_L2,regimeC_v0_CLCD+NDVI,v0
afforestation,SAIH_AFF_r32c16,early_restoration,0.3838,0.00501,,GEDI_rh98_m(pending),0,Landsat_C2_L2,regimeC_v0_CLCD+NDVI,v0
afforestation,SAIH_AFF_r32c20,degraded,0.3069,0.00638,,GEDI_rh98_m(pending),0,Landsat_C2_L2,regimeC_v0_CLCD+NDVI,v0
afforestation,SAIH_AFF_r32c24,early_restoration,0.4775,0.02394,,GEDI_rh98_m(pending),0,Landsat_C2_L2,regimeC_v0_CLCD+NDVI,v0
afforestation,SAIH_AFF_r32c25,early_restoration,0.5619,0.02417,,GEDI_rh98_m(pending),0,Landsat_C2_L2,regimeC_v0_CLCD+NDVI,v0
afforestation,SAIH_AFF_r32c26,stable_restoration,0.6614,0.02086,,GEDI_rh98_m(pending),0,Landsat_C2_L2,regimeC_v0_CLCD+NDVI,v0
afforestation,SAIH_AFF_r32c27,degraded,0.326,0.01448,,GEDI_rh98_m(pending),0,Landsat_C2_L2,regimeC_v0_CLCD+NDVI,v0
afforestation,SAIH_AFF_r32c28,early_restoration,0.5483,0.02509,,GEDI_rh98_m(pending),0,Landsat_C2_L2,regimeC_v0_CLCD+NDVI,v0
afforestation,SAIH_AFF_r32c29,early_restoration,0.4251,0.02066,,GEDI_rh98_m(pending),0,Landsat_C2_L2,regimeC_v0_CLCD+NDVI,v0
afforestation,SAIH_AFF_r32c30,early_restoration,0.5214,0.02555,,GEDI_rh98_m(pending),0,Landsat_C2_L2,regimeC_v0_CLCD+NDVI,v0
afforestation,SAIH_AFF_r32c31,early_restoration,0.5316,0.0262,,GEDI_rh98_m(pending),0,Landsat_C2_L2,regimeC_v0_CLCD+NDVI,v0
afforestation,SAIH_AFF_r32c32,degraded,0.2686,0.00942,,GEDI_rh98_m(pending),0,Landsat_C2_L2,regimeC_v0_CLCD+NDVI,v0
afforestation,SAIH_AFF_r32c33,early_restoration,0.4207,0.01709,,GEDI_rh98_m(pending),0,Landsat_C2_L2,regimeC_v0_CLCD+NDVI,v0
afforestation,SAIH_AFF_r32c34,degraded,0.263,0.00927,,GEDI_rh98_m(pending),0,Landsat_C2_L2,regimeC_v0_CLCD+NDVI,v0
afforestation,SAIH_AFF_r32c35,early_restoration,0.5952,0.024,,GEDI_rh98_m(pending),0,Landsat_C2_L2,regimeC_v0_CLCD+NDVI,v0
afforestation,SAIH_AFF_r32c36,stable_restoration,0.7817,0.02139,,GEDI_rh98_m(pending),0,Landsat_C2_L2,regimeC_v0_CLCD+NDVI,v0
afforestation,SAIH_AFF_r32c37,stable_restoration,0.7143,0.02579,,GEDI_rh98_m(pending),0,Landsat_C2_L2,regimeC_v0_CLCD+NDVI,v0
afforestation,SAIH_AFF_r32c38,early_restoration,0.6151,0.00692,,GEDI_rh98_m(pending),0,Landsat_C2_L2,regimeC_v0_CLCD+NDVI,v0
afforestation,SAIH_AFF_r32c39,early_restoration,0.6078,0.02828,,GEDI_rh98_m(pending),0,Landsat_C2_L2,regimeC_v0_CLCD+NDVI,v0
afforestation,SAIH_AFF_r32c40,early_restoration,0.6476,0.03276,,GEDI_rh98_m(pending),0,Landsat_C2_L2,regimeC_v0_CLCD+NDVI,v0
afforestation,SAIH_AFF_r32c41,early_restoration,0.3972,0.02076,,GEDI_rh98_m(pending),0,Landsat_C2_L2,regimeC_v0_CLCD+NDVI,v0
afforestation,SAIH_AFF_r32c42,early_restoration,0.4663,0.01961,,GEDI_rh98_m(pending),0,Landsat_C2_L2,regimeC_v0_CLCD+NDVI,v0
afforestation,SAIH_AFF_r32c44,early_restoration,0.6491,0.01686,,GEDI_rh98_m(pending),0,Landsat_C2_L2,regimeC_v0_CLCD+NDVI,v0
afforestation,SAIH_AFF_r32c45,stable_restoration,0.7737,0.00865,,GEDI_rh98_m(pending),0,Landsat_C2_L2,regimeC_v0_CLCD+NDVI,v0
afforestation,SAIH_AFF_r32c46,stable_restoration,0.9745,0.00672,,GEDI_rh98_m(pending),0,Landsat_C2_L2,regimeC_v0_CLCD+NDVI,v0
afforestation,SAIH_AFF_r32c47,stable_restoration,0.8853,0.0047,,GEDI_rh98_m(pending),0,Landsat_C2_L2,regimeC_v0_CLCD+NDVI,v0
afforestation,SAIH_AFF_r32c48,stable_restoration,0.872,0.00244,,GEDI_rh98_m(pending),0,Landsat_C2_L2,regimeC_v0_CLCD+NDVI,v0
afforestation,SAIH_AFF_r32c49,stable_restoration,0.9538,0.00188,,GEDI_rh98_m(pending),0,Landsat_C2_L2,regimeC_v0_CLCD+NDVI,v0
afforestation,SAIH_AFF_r32c50,stable_restoration,0.8496,0.00429,,GEDI_rh98_m(pending),0,Landsat_C2_L2,regimeC_v0_CLCD+NDVI,v0
afforestation,SAIH_AFF_r32c51,stable_restoration,1.0045,0.00125,,GEDI_rh98_m(pending),0,Landsat_C2_L2,regimeC_v0_CLCD+NDVI,v0
afforestation,SAIH_AFF_r32c52,stable_restoration,0.9054,0.00166,,GEDI_rh98_m(pending),0,Landsat_C2_L2,regimeC_v0_CLCD+NDVI,v0
afforestation,SAIH_AFF_r32c53,early_restoration,0.5761,0.00755,,GEDI_rh98_m(pending),0,Landsat_C2_L2,regimeC_v0_CLCD+NDVI,v0
afforestation,SAIH_AFF_r32c54,stable_restoration,0.9494,0.00354,,GEDI_rh98_m(pending),0,Landsat_C2_L2,regimeC_v0_CLCD+NDVI,v0
afforestation,SAIH_AFF_r32c55,stable_restoration,0.8584,0.00666,,GEDI_rh98_m(pending),0,Landsat_C2_L2,regimeC_v0_CLCD+NDVI,v0
afforestation,SAIH_AFF_r32c56,stable_restoration,0.9589,0.01175,,GEDI_rh98_m(pending),0,Landsat_C2_L2,regimeC_v0_CLCD+NDVI,v0
afforestation,SAIH_AFF_r32c57,stable_restoration,0.8057,0.00486,,GEDI_rh98_m(pending),0,Landsat_C2_L2,regimeC_v0_CLCD+NDVI,v0
afforestation,SAIH_AFF_r32c58,stable_restoration,0.8441,0.00386,,GEDI_rh98_m(pending),0,Landsat_C2_L2,regimeC_v0_CLCD+NDVI,v0
afforestation,SAIH_AFF_r32c59,stable_restoration,0.7416,0.0079,,GEDI_rh98_m(pending),0,Landsat_C2_L2,regimeC_v0_CLCD+NDVI,v0
afforestation,SAIH_AFF_r32c60,stable_restoration,0.8982,0.00726,,GEDI_rh98_m(pending),0,Landsat_C2_L2,regimeC_v0_CLCD+NDVI,v0
afforestation,SAIH_AFF_r32c61,stable_restoration,0.6964,0.00611,,GEDI_rh98_m(pending),0,Landsat_C2_L2,regimeC_v0_CLCD+NDVI,v0
afforestation,SAIH_AFF_r32c62,degraded,0.2463,0.004,,GEDI_rh98_m(pending),0,Landsat_C2_L2,regimeC_v0_CLCD+NDVI,v0
afforestation,SAIH_AFF_r32c63,stable_restoration,0.8391,0.00544,,GEDI_rh98_m(pending),0,Landsat_C2_L2,regimeC_v0_CLCD+NDVI,v0
afforestation,SAIH_AFF_r32c64,stable_restoration,0.7819,0.01386,,GEDI_rh98_m(pending),0,Landsat_C2_L2,regimeC_v0_CLCD+NDVI,v0
afforestation,SAIH_AFF_r33c09,early_restoration,0.4909,0.02227,,GEDI_rh98_m(pending),0,Landsat_C2_L2,regimeC_v0_CLCD+NDVI,v0
afforestation,SAIH_AFF_r33c15,early_restoration,0.3667,0.0063,,GEDI_rh98_m(pending),0,Landsat_C2_L2,regimeC_v0_CLCD+NDVI,v0
afforestation,SAIH_AFF_r33c16,early_restoration,0.3387,0.00752,,GEDI_rh98_m(pending),0,Landsat_C2_L2,regimeC_v0_CLCD+NDVI,v0
afforestation,SAIH_AFF_r33c23,degraded,0.3113,0.00869,,GEDI_rh98_m(pending),0,Landsat_C2_L2,regimeC_v0_CLCD+NDVI,v0
afforestation,SAIH_AFF_r33c24,early_restoration,0.4154,0.01829,,GEDI_rh98_m(pending),0,Landsat_C2_L2,regimeC_v0_CLCD+NDVI,v0
afforestation,SAIH_AFF_r33c25,stable_restoration,0.7565,0.04026,,GEDI_rh98_m(pending),0,Landsat_C2_L2,regimeC_v0_CLCD+NDVI,v0
afforestation,SAIH_AFF_r33c26,early_restoration,0.606,0.00551,,GEDI_rh98_m(pending),0,Landsat_C2_L2,regimeC_v0_CLCD+NDVI,v0
afforestation,SAIH_AFF_r33c27,early_restoration,0.5636,0.0254,,GEDI_rh98_m(pending),0,Landsat_C2_L2,regimeC_v0_CLCD+NDVI,v0
afforestation,SAIH_AFF_r33c28,early_restoration,0.4303,0.02057,,GEDI_rh98_m(pending),0,Landsat_C2_L2,regimeC_v0_CLCD+NDVI,v0
afforestation,SAIH_AFF_r33c29,degraded,0.2593,0.01147,,GEDI_rh98_m(pending),0,Landsat_C2_L2,regimeC_v0_CLCD+NDVI,v0
afforestation,SAIH_AFF_r33c30,degraded,0.2058,0.00901,,GEDI_rh98_m(pending),0,Landsat_C2_L2,regimeC_v0_CLCD+NDVI,v0
afforestation,SAIH_AFF_r33c31,degraded,0.3055,0.01079,,GEDI_rh98_m(pending),0,Landsat_C2_L2,regimeC_v0_CLCD+NDVI,v0
afforestation,SAIH_AFF_r33c32,degraded,0.2563,0.00855,,GEDI_rh98_m(pending),0,Landsat_C2_L2,regimeC_v0_CLCD+NDVI,v0
afforestation,SAIH_AFF_r33c33,early_restoration,0.5356,0.01218,,GEDI_rh98_m(pending),0,Landsat_C2_L2,regimeC_v0_CLCD+NDVI,v0
afforestation,SAIH_AFF_r33c34,stable_restoration,0.7301,0.02904,,GEDI_rh98_m(pending),0,Landsat_C2_L2,regimeC_v0_CLCD+NDVI,v0
afforestation,SAIH_AFF_r33c35,stable_restoration,0.7257,0.03416,,GEDI_rh98_m(pending),0,Landsat_C2_L2,regimeC_v0_CLCD+NDVI,v0
afforestation,SAIH_AFF_r33c36,stable_restoration,0.8011,0.02584,,GEDI_rh98_m(pending),0,Landsat_C2_L2,regimeC_v0_CLCD+NDVI,v0
afforestation,SAIH_AFF_r33c37,early_restoration,0.5642,0.02042,,GEDI_rh98_m(pending),0,Landsat_C2_L2,regimeC_v0_CLCD+NDVI,v0
afforestation,SAIH_AFF_r33c38,early_restoration,0.452,0.01365,,GEDI_rh98_m(pending),0,Landsat_C2_L2,regimeC_v0_CLCD+NDVI,v0
afforestation,SAIH_AFF_r33c40,early_restoration,0.3959,0.01853,,GEDI_rh98_m(pending),0,Landsat_C2_L2,regimeC_v0_CLCD+NDVI,v0
afforestation,SAIH_AFF_r33c41,early_restoration,0.3502,0.01578,,GEDI_rh98_m(pending),0,Landsat_C2_L2,regimeC_v0_CLCD+NDVI,v0
afforestation,SAIH_AFF_r33c42,early_restoration,0.602,0.02559,,GEDI_rh98_m(pending),0,Landsat_C2_L2,regimeC_v0_CLCD+NDVI,v0
afforestation,SAIH_AFF_r33c43,early_restoration,0.5448,0.01074,,GEDI_rh98_m(pending),0,Landsat_C2_L2,regimeC_v0_CLCD+NDVI,v0
afforestation,SAIH_AFF_r33c44,stable_restoration,0.9756,0.00724,,GEDI_rh98_m(pending),0,Landsat_C2_L2,regimeC_v0_CLCD+NDVI,v0
afforestation,SAIH_AFF_r33c45,stable_restoration,0.8322,0.01591,,GEDI_rh98_m(pending),0,Landsat_C2_L2,regimeC_v0_CLCD+NDVI,v0
afforestation,SAIH_AFF_r33c46,stable_restoration,0.9007,0.02049,,GEDI_rh98_m(pending),0,Landsat_C2_L2,regimeC_v0_CLCD+NDVI,v0
afforestation,SAIH_AFF_r33c47,stable_restoration,0.8841,0.00478,,GEDI_rh98_m(pending),0,Landsat_C2_L2,regimeC_v0_CLCD+NDVI,v0
afforestation,SAIH_AFF_r33c48,stable_restoration,0.7422,0.00122,,GEDI_rh98_m(pending),0,Landsat_C2_L2,regimeC_v0_CLCD+NDVI,v0
afforestation,SAIH_AFF_r33c49,early_restoration,0.606,0.00046,,GEDI_rh98_m(pending),0,Landsat_C2_L2,regimeC_v0_CLCD+NDVI,v0
afforestation,SAIH_AFF_r33c50,stable_restoration,0.955,0.00463,,GEDI_rh98_m(pending),0,Landsat_C2_L2,regimeC_v0_CLCD+NDVI,v0
afforestation,SAIH_AFF_r33c51,stable_restoration,0.9046,0.01306,,GEDI_rh98_m(pending),0,Landsat_C2_L2,regimeC_v0_CLCD+NDVI,v0
afforestation,SAIH_AFF_r33c52,stable_restoration,0.86,0.00625,,GEDI_rh98_m(pending),0,Landsat_C2_L2,regimeC_v0_CLCD+NDVI,v0
afforestation,SAIH_AFF_r33c53,early_restoration,0.452,0.00362,,GEDI_rh98_m(pending),0,Landsat_C2_L2,regimeC_v0_CLCD+NDVI,v0
afforestation,SAIH_AFF_r33c54,stable_restoration,0.7049,0.01021,,GEDI_rh98_m(pending),0,Landsat_C2_L2,regimeC_v0_CLCD+NDVI,v0
afforestation,SAIH_AFF_r33c55,stable_restoration,0.7576,0.00953,,GEDI_rh98_m(pending),0,Landsat_C2_L2,regimeC_v0_CLCD+NDVI,v0
afforestation,SAIH_AFF_r33c56,stable_restoration,0.8406,0.01194,,GEDI_rh98_m(pending),0,Landsat_C2_L2,regimeC_v0_CLCD+NDVI,v0
afforestation,SAIH_AFF_r33c57,stable_restoration,0.7593,0.00886,,GEDI_rh98_m(pending),0,Landsat_C2_L2,regimeC_v0_CLCD+NDVI,v0
afforestation,SAIH_AFF_r33c58,early_restoration,0.578,0.00976,,GEDI_rh98_m(pending),0,Landsat_C2_L2,regimeC_v0_CLCD+NDVI,v0
afforestation,SAIH_AFF_r33c59,stable_restoration,0.8778,0.01498,,GEDI_rh98_m(pending),0,Landsat_C2_L2,regimeC_v0_CLCD+NDVI,v0
afforestation,SAIH_AFF_r33c60,stable_restoration,0.6696,0.01108,,GEDI_rh98_m(pending),0,Landsat_C2_L2,regimeC_v0_CLCD+NDVI,v0
afforestation,SAIH_AFF_r33c61,early_restoration,0.4835,0.00686,,GEDI_rh98_m(pending),0,Landsat_C2_L2,regimeC_v0_CLCD+NDVI,v0
afforestation,SAIH_AFF_r33c62,stable_restoration,0.8869,0.00356,,GEDI_rh98_m(pending),0,Landsat_C2_L2,regimeC_v0_CLCD+NDVI,v0
afforestation,SAIH_AFF_r33c63,stable_restoration,0.9854,0.00728,,GEDI_rh98_m(pending),0,Landsat_C2_L2,regimeC_v0_CLCD+NDVI,v0
afforestation,SAIH_AFF_r33c64,stable_restoration,0.6875,0.00622,,GEDI_rh98_m(pending),0,Landsat_C2_L2,regimeC_v0_CLCD+NDVI,v0
afforestation,SAIH_AFF_r34c12,degraded,0.2043,0.00789,,GEDI_rh98_m(pending),0,Landsat_C2_L2,regimeC_v0_CLCD+NDVI,v0
afforestation,SAIH_AFF_r34c13,degraded,0.2254,0.00937,,GEDI_rh98_m(pending),0,Landsat_C2_L2,regimeC_v0_CLCD+NDVI,v0
afforestation,SAIH_AFF_r34c22,early_restoration,0.519,0.02098,,GEDI_rh98_m(pending),0,Landsat_C2_L2,regimeC_v0_CLCD+NDVI,v0
afforestation,SAIH_AFF_r34c23,early_restoration,0.4406,0.01187,,GEDI_rh98_m(pending),0,Landsat_C2_L2,regimeC_v0_CLCD+NDVI,v0
afforestation,SAIH_AFF_r34c24,early_restoration,0.3359,0.01216,,GEDI_rh98_m(pending),0,Landsat_C2_L2,regimeC_v0_CLCD+NDVI,v0
afforestation,SAIH_AFF_r34c27,degraded,0.2484,0.01127,,GEDI_rh98_m(pending),0,Landsat_C2_L2,regimeC_v0_CLCD+NDVI,v0
afforestation,SAIH_AFF_r34c28,early_restoration,0.4922,0.02534,,GEDI_rh98_m(pending),0,Landsat_C2_L2,regimeC_v0_CLCD+NDVI,v0
afforestation,SAIH_AFF_r34c29,degraded,0.2844,0.01415,,GEDI_rh98_m(pending),0,Landsat_C2_L2,regimeC_v0_CLCD+NDVI,v0
afforestation,SAIH_AFF_r34c30,early_restoration,0.3891,0.0195,,GEDI_rh98_m(pending),0,Landsat_C2_L2,regimeC_v0_CLCD+NDVI,v0
afforestation,SAIH_AFF_r34c31,degraded,0.2038,0.00333,,GEDI_rh98_m(pending),0,Landsat_C2_L2,regimeC_v0_CLCD+NDVI,v0
afforestation,SAIH_AFF_r34c32,early_restoration,0.416,0.02064,,GEDI_rh98_m(pending),0,Landsat_C2_L2,regimeC_v0_CLCD+NDVI,v0
afforestation,SAIH_AFF_r34c33,degraded,0.2306,0.00986,,GEDI_rh98_m(pending),0,Landsat_C2_L2,regimeC_v0_CLCD+NDVI,v0
afforestation,SAIH_AFF_r34c34,stable_restoration,0.7187,0.02548,,GEDI_rh98_m(pending),0,Landsat_C2_L2,regimeC_v0_CLCD+NDVI,v0
afforestation,SAIH_AFF_r34c35,stable_restoration,0.9511,0.03043,,GEDI_rh98_m(pending),0,Landsat_C2_L2,regimeC_v0_CLCD+NDVI,v0
afforestation,SAIH_AFF_r34c36,stable_restoration,0.7662,0.03371,,GEDI_rh98_m(pending),0,Landsat_C2_L2,regimeC_v0_CLCD+NDVI,v0
afforestation,SAIH_AFF_r34c38,degraded,0.2484,0.01233,,GEDI_rh98_m(pending),0,Landsat_C2_L2,regimeC_v0_CLCD+NDVI,v0
afforestation,SAIH_AFF_r34c39,degraded,0.2736,0.01144,,GEDI_rh98_m(pending),0,Landsat_C2_L2,regimeC_v0_CLCD+NDVI,v0
afforestation,SAIH_AFF_r34c42,early_restoration,0.3519,0.0081,,GEDI_rh98_m(pending),0,Landsat_C2_L2,regimeC_v0_CLCD+NDVI,v0
afforestation,SAIH_AFF_r34c43,stable_restoration,0.9974,0.00398,,GEDI_rh98_m(pending),0,Landsat_C2_L2,regimeC_v0_CLCD+NDVI,v0
afforestation,SAIH_AFF_r34c44,stable_restoration,0.9888,0.00793,,GEDI_rh98_m(pending),0,Landsat_C2_L2,regimeC_v0_CLCD+NDVI,v0
afforestation,SAIH_AFF_r34c45,stable_restoration,0.8798,0.00446,,GEDI_rh98_m(pending),0,Landsat_C2_L2,regimeC_v0_CLCD+NDVI,v0
afforestation,SAIH_AFF_r34c46,stable_restoration,0.7736,0.00637,,GEDI_rh98_m(pending),0,Landsat_C2_L2,regimeC_v0_CLCD+NDVI,v0
afforestation,SAIH_AFF_r34c47,stable_restoration,0.792,0.00853,,GEDI_rh98_m(pending),0,Landsat_C2_L2,regimeC_v0_CLCD+NDVI,v0
afforestation,SAIH_AFF_r34c48,early_restoration,0.4863,0.00455,,GEDI_rh98_m(pending),0,Landsat_C2_L2,regimeC_v0_CLCD+NDVI,v0
afforestation,SAIH_AFF_r34c49,stable_restoration,0.7319,0.00321,,GEDI_rh98_m(pending),0,Landsat_C2_L2,regimeC_v0_CLCD+NDVI,v0
afforestation,SAIH_AFF_r34c50,early_restoration,0.5972,0.00997,,GEDI_rh98_m(pending),0,Landsat_C2_L2,regimeC_v0_CLCD+NDVI,v0
afforestation,SAIH_AFF_r34c51,stable_restoration,0.6826,0.01578,,GEDI_rh98_m(pending),0,Landsat_C2_L2,regimeC_v0_CLCD+NDVI,v0
afforestation,SAIH_AFF_r34c52,stable_restoration,0.7582,0.01857,,GEDI_rh98_m(pending),0,Landsat_C2_L2,regimeC_v0_CLCD+NDVI,v0
afforestation,SAIH_AFF_r34c53,early_restoration,0.5677,0.01355,,GEDI_rh98_m(pending),0,Landsat_C2_L2,regimeC_v0_CLCD+NDVI,v0
afforestation,SAIH_AFF_r34c54,early_restoration,0.6071,0.0025,,GEDI_rh98_m(pending),0,Landsat_C2_L2,regimeC_v0_CLCD+NDVI,v0
afforestation,SAIH_AFF_r34c55,stable_restoration,0.8686,0.01078,,GEDI_rh98_m(pending),0,Landsat_C2_L2,regimeC_v0_CLCD+NDVI,v0
afforestation,SAIH_AFF_r34c56,stable_restoration,0.8268,0.0069,,GEDI_rh98_m(pending),0,Landsat_C2_L2,regimeC_v0_CLCD+NDVI,v0
afforestation,SAIH_AFF_r34c57,stable_restoration,0.8045,0.00241,,GEDI_rh98_m(pending),0,Landsat_C2_L2,regimeC_v0_CLCD+NDVI,v0
afforestation,SAIH_AFF_r34c58,early_restoration,0.5368,0.00711,,GEDI_rh98_m(pending),0,Landsat_C2_L2,regimeC_v0_CLCD+NDVI,v0
afforestation,SAIH_AFF_r34c59,early_restoration,0.4841,0.01417,,GEDI_rh98_m(pending),0,Landsat_C2_L2,regimeC_v0_CLCD+NDVI,v0
afforestation,SAIH_AFF_r34c60,early_restoration,0.4486,0.00957,,GEDI_rh98_m(pending),0,Landsat_C2_L2,regimeC_v0_CLCD+NDVI,v0
afforestation,SAIH_AFF_r34c61,stable_restoration,0.7668,0.00281,,GEDI_rh98_m(pending),0,Landsat_C2_L2,regimeC_v0_CLCD+NDVI,v0
afforestation,SAIH_AFF_r34c62,stable_restoration,0.8434,0.00116,,GEDI_rh98_m(pending),0,Landsat_C2_L2,regimeC_v0_CLCD+NDVI,v0
afforestation,SAIH_AFF_r34c63,early_restoration,0.3971,0.0069,,GEDI_rh98_m(pending),0,Landsat_C2_L2,regimeC_v0_CLCD+NDVI,v0
afforestation,SAIH_AFF_r34c64,degraded,0.1884,0.00228,,GEDI_rh98_m(pending),0,Landsat_C2_L2,regimeC_v0_CLCD+NDVI,v0
afforestation,SAIH_AFF_r35c12,degraded,0.2466,0.00697,,GEDI_rh98_m(pending),0,Landsat_C2_L2,regimeC_v0_CLCD+NDVI,v0
afforestation,SAIH_AFF_r35c13,degraded,0.2095,0.00759,,GEDI_rh98_m(pending),0,Landsat_C2_L2,regimeC_v0_CLCD+NDVI,v0
afforestation,SAIH_AFF_r35c14,degraded,0.1064,0.00371,,GEDI_rh98_m(pending),0,Landsat_C2_L2,regimeC_v0_CLCD+NDVI,v0
afforestation,SAIH_AFF_r35c21,degraded,0.321,0.00914,,GEDI_rh98_m(pending),0,Landsat_C2_L2,regimeC_v0_CLCD+NDVI,v0
afforestation,SAIH_AFF_r35c24,degraded,0.1849,0.00864,,GEDI_rh98_m(pending),0,Landsat_C2_L2,regimeC_v0_CLCD+NDVI,v0
afforestation,SAIH_AFF_r35c29,early_restoration,0.3393,0.0149,,GEDI_rh98_m(pending),0,Landsat_C2_L2,regimeC_v0_CLCD+NDVI,v0
afforestation,SAIH_AFF_r35c30,degraded,0.3202,0.01174,,GEDI_rh98_m(pending),0,Landsat_C2_L2,regimeC_v0_CLCD+NDVI,v0
afforestation,SAIH_AFF_r35c34,early_restoration,0.5894,0.02579,,GEDI_rh98_m(pending),0,Landsat_C2_L2,regimeC_v0_CLCD+NDVI,v0
afforestation,SAIH_AFF_r35c35,stable_restoration,0.8484,0.01805,,GEDI_rh98_m(pending),0,Landsat_C2_L2,regimeC_v0_CLCD+NDVI,v0
afforestation,SAIH_AFF_r35c36,early_restoration,0.3737,0.00938,,GEDI_rh98_m(pending),0,Landsat_C2_L2,regimeC_v0_CLCD+NDVI,v0
afforestation,SAIH_AFF_r35c42,early_restoration,0.5288,0.00483,,GEDI_rh98_m(pending),0,Landsat_C2_L2,regimeC_v0_CLCD+NDVI,v0
afforestation,SAIH_AFF_r35c43,stable_restoration,1.014,0.00236,,GEDI_rh98_m(pending),0,Landsat_C2_L2,regimeC_v0_CLCD+NDVI,v0
afforestation,SAIH_AFF_r35c44,stable_restoration,1.022,0.00102,,GEDI_rh98_m(pending),0,Landsat_C2_L2,regimeC_v0_CLCD+NDVI,v0
afforestation,SAIH_AFF_r35c45,stable_restoration,0.9757,0.00562,,GEDI_rh98_m(pending),0,Landsat_C2_L2,regimeC_v0_CLCD+NDVI,v0
afforestation,SAIH_AFF_r35c46,stable_restoration,1.0014,0.00275,,GEDI_rh98_m(pending),0,Landsat_C2_L2,regimeC_v0_CLCD+NDVI,v0
afforestation,SAIH_AFF_r35c47,stable_restoration,0.9579,0.00239,,GEDI_rh98_m(pending),0,Landsat_C2_L2,regimeC_v0_CLCD+NDVI,v0
afforestation,SAIH_AFF_r35c48,stable_restoration,0.9767,0.00254,,GEDI_rh98_m(pending),0,Landsat_C2_L2,regimeC_v0_CLCD+NDVI,v0
afforestation,SAIH_AFF_r35c49,early_restoration,0.5916,0.00351,,GEDI_rh98_m(pending),0,Landsat_C2_L2,regimeC_v0_CLCD+NDVI,v0
afforestation,SAIH_AFF_r35c50,stable_restoration,0.8658,0.01326,,GEDI_rh98_m(pending),0,Landsat_C2_L2,regimeC_v0_CLCD+NDVI,v0
afforestation,SAIH_AFF_r35c51,early_restoration,0.5441,0.00921,,GEDI_rh98_m(pending),0,Landsat_C2_L2,regimeC_v0_CLCD+NDVI,v0
afforestation,SAIH_AFF_r35c52,early_restoration,0.5568,0.01323,,GEDI_rh98_m(pending),0,Landsat_C2_L2,regimeC_v0_CLCD+NDVI,v0
afforestation,SAIH_AFF_r35c53,early_restoration,0.5911,0.02019,,GEDI_rh98_m(pending),0,Landsat_C2_L2,regimeC_v0_CLCD+NDVI,v0
afforestation,SAIH_AFF_r35c54,stable_restoration,0.9694,0.00687,,GEDI_rh98_m(pending),0,Landsat_C2_L2,regimeC_v0_CLCD+NDVI,v0
afforestation,SAIH_AFF_r35c55,stable_restoration,0.8568,0.00986,,GEDI_rh98_m(pending),0,Landsat_C2_L2,regimeC_v0_CLCD+NDVI,v0
afforestation,SAIH_AFF_r35c56,stable_restoration,0.8892,0.00644,,GEDI_rh98_m(pending),0,Landsat_C2_L2,regimeC_v0_CLCD+NDVI,v0
afforestation,SAIH_AFF_r35c57,stable_restoration,0.8102,0.01171,,GEDI_rh98_m(pending),0,Landsat_C2_L2,regimeC_v0_CLCD+NDVI,v0
afforestation,SAIH_AFF_r35c58,stable_restoration,0.8846,0.00727,,GEDI_rh98_m(pending),0,Landsat_C2_L2,regimeC_v0_CLCD+NDVI,v0
afforestation,SAIH_AFF_r35c59,stable_restoration,0.8389,0.00268,,GEDI_rh98_m(pending),0,Landsat_C2_L2,regimeC_v0_CLCD+NDVI,v0
afforestation,SAIH_AFF_r35c60,stable_restoration,0.9589,0.00497,,GEDI_rh98_m(pending),0,Landsat_C2_L2,regimeC_v0_CLCD+NDVI,v0
afforestation,SAIH_AFF_r35c61,stable_restoration,1.0111,0.00887,,GEDI_rh98_m(pending),0,Landsat_C2_L2,regimeC_v0_CLCD+NDVI,v0
afforestation,SAIH_AFF_r35c62,stable_restoration,0.6603,0.00973,,GEDI_rh98_m(pending),0,Landsat_C2_L2,regimeC_v0_CLCD+NDVI,v0
afforestation,SAIH_AFF_r35c63,early_restoration,0.5179,0.00377,,GEDI_rh98_m(pending),0,Landsat_C2_L2,regimeC_v0_CLCD+NDVI,v0
afforestation,SAIH_AFF_r35c64,stable_restoration,0.9539,0.00791,,GEDI_rh98_m(pending),0,Landsat_C2_L2,regimeC_v0_CLCD+NDVI,v0
afforestation,SAIH_AFF_r36c08,degraded,0.2506,0.01257,,GEDI_rh98_m(pending),0,Landsat_C2_L2,regimeC_v0_CLCD+NDVI,v0
afforestation,SAIH_AFF_r36c09,degraded,0.2718,0.01138,,GEDI_rh98_m(pending),0,Landsat_C2_L2,regimeC_v0_CLCD+NDVI,v0
afforestation,SAIH_AFF_r36c12,degraded,0.1676,0.00547,,GEDI_rh98_m(pending),0,Landsat_C2_L2,regimeC_v0_CLCD+NDVI,v0
afforestation,SAIH_AFF_r36c13,early_restoration,0.4904,0.01294,,GEDI_rh98_m(pending),0,Landsat_C2_L2,regimeC_v0_CLCD+NDVI,v0
afforestation,SAIH_AFF_r36c14,degraded,0.1265,0.00357,,GEDI_rh98_m(pending),0,Landsat_C2_L2,regimeC_v0_CLCD+NDVI,v0
afforestation,SAIH_AFF_r36c30,early_restoration,0.3611,0.00989,,GEDI_rh98_m(pending),0,Landsat_C2_L2,regimeC_v0_CLCD+NDVI,v0
afforestation,SAIH_AFF_r36c32,early_restoration,0.412,0.01394,,GEDI_rh98_m(pending),0,Landsat_C2_L2,regimeC_v0_CLCD+NDVI,v0
afforestation,SAIH_AFF_r36c33,early_restoration,0.4555,0.01332,,GEDI_rh98_m(pending),0,Landsat_C2_L2,regimeC_v0_CLCD+NDVI,v0
afforestation,SAIH_AFF_r36c34,early_restoration,0.4756,0.01001,,GEDI_rh98_m(pending),0,Landsat_C2_L2,regimeC_v0_CLCD+NDVI,v0
afforestation,SAIH_AFF_r36c35,early_restoration,0.3712,0.00486,,GEDI_rh98_m(pending),0,Landsat_C2_L2,regimeC_v0_CLCD+NDVI,v0
afforestation,SAIH_AFF_r36c36,degraded,0.2455,0.00396,,GEDI_rh98_m(pending),0,Landsat_C2_L2,regimeC_v0_CLCD+NDVI,v0
afforestation,SAIH_AFF_r36c42,early_restoration,0.6232,0.00279,,GEDI_rh98_m(pending),0,Landsat_C2_L2,regimeC_v0_CLCD+NDVI,v0
afforestation,SAIH_AFF_r36c43,stable_restoration,1.0317,0.00152,,GEDI_rh98_m(pending),0,Landsat_C2_L2,regimeC_v0_CLCD+NDVI,v0
afforestation,SAIH_AFF_r36c44,stable_restoration,1.0111,0.00155,,GEDI_rh98_m(pending),0,Landsat_C2_L2,regimeC_v0_CLCD+NDVI,v0
afforestation,SAIH_AFF_r36c45,stable_restoration,0.974,0.00218,,GEDI_rh98_m(pending),0,Landsat_C2_L2,regimeC_v0_CLCD+NDVI,v0
afforestation,SAIH_AFF_r36c46,stable_restoration,1.022,0.00176,,GEDI_rh98_m(pending),0,Landsat_C2_L2,regimeC_v0_CLCD+NDVI,v0
afforestation,SAIH_AFF_r36c47,stable_restoration,0.979,0.00438,,GEDI_rh98_m(pending),0,Landsat_C2_L2,regimeC_v0_CLCD+NDVI,v0
afforestation,SAIH_AFF_r36c48,stable_restoration,0.9745,0.00518,,GEDI_rh98_m(pending),0,Landsat_C2_L2,regimeC_v0_CLCD+NDVI,v0
afforestation,SAIH_AFF_r36c49,early_restoration,0.5591,0.00515,,GEDI_rh98_m(pending),0,Landsat_C2_L2,regimeC_v0_CLCD+NDVI,v0
afforestation,SAIH_AFF_r36c50,stable_restoration,0.7133,0.02251,,GEDI_rh98_m(pending),0,Landsat_C2_L2,regimeC_v0_CLCD+NDVI,v0
afforestation,SAIH_AFF_r36c51,early_restoration,0.4875,0.01759,,GEDI_rh98_m(pending),0,Landsat_C2_L2,regimeC_v0_CLCD+NDVI,v0
afforestation,SAIH_AFF_r36c52,stable_restoration,0.7697,0.00465,,GEDI_rh98_m(pending),0,Landsat_C2_L2,regimeC_v0_CLCD+NDVI,v0
afforestation,SAIH_AFF_r36c53,stable_restoration,1.0208,0.00195,,GEDI_rh98_m(pending),0,Landsat_C2_L2,regimeC_v0_CLCD+NDVI,v0
afforestation,SAIH_AFF_r36c54,stable_restoration,1.0288,0.00296,,GEDI_rh98_m(pending),0,Landsat_C2_L2,regimeC_v0_CLCD+NDVI,v0
afforestation,SAIH_AFF_r36c55,stable_restoration,0.8243,0.01457,,GEDI_rh98_m(pending),0,Landsat_C2_L2,regimeC_v0_CLCD+NDVI,v0
afforestation,SAIH_AFF_r36c56,stable_restoration,0.9012,0.00485,,GEDI_rh98_m(pending),0,Landsat_C2_L2,regimeC_v0_CLCD+NDVI,v0
afforestation,SAIH_AFF_r36c57,stable_restoration,0.9235,0.00618,,GEDI_rh98_m(pending),0,Landsat_C2_L2,regimeC_v0_CLCD+NDVI,v0
afforestation,SAIH_AFF_r36c58,stable_restoration,0.8669,0.0046,,GEDI_rh98_m(pending),0,Landsat_C2_L2,regimeC_v0_CLCD+NDVI,v0
afforestation,SAIH_AFF_r36c59,stable_restoration,0.9407,0.00427,,GEDI_rh98_m(pending),0,Landsat_C2_L2,regimeC_v0_CLCD+NDVI,v0
afforestation,SAIH_AFF_r36c60,stable_restoration,0.9831,0.01142,,GEDI_rh98_m(pending),0,Landsat_C2_L2,regimeC_v0_CLCD+NDVI,v0
afforestation,SAIH_AFF_r36c61,stable_restoration,0.8778,0.03189,,GEDI_rh98_m(pending),0,Landsat_C2_L2,regimeC_v0_CLCD+NDVI,v0
afforestation,SAIH_AFF_r36c62,stable_restoration,0.9276,0.00705,,GEDI_rh98_m(pending),0,Landsat_C2_L2,regimeC_v0_CLCD+NDVI,v0
afforestation,SAIH_AFF_r36c63,stable_restoration,0.951,0.00021,,GEDI_rh98_m(pending),0,Landsat_C2_L2,regimeC_v0_CLCD+NDVI,v0
afforestation,SAIH_AFF_r36c64,stable_restoration,0.9466,0.01533,,GEDI_rh98_m(pending),0,Landsat_C2_L2,regimeC_v0_CLCD+NDVI,v0
afforestation,SAIH_AFF_r37c08,degraded,0.242,0.01235,,GEDI_rh98_m(pending),0,Landsat_C2_L2,regimeC_v0_CLCD+NDVI,v0
afforestation,SAIH_AFF_r37c09,degraded,0.1413,0.00532,,GEDI_rh98_m(pending),0,Landsat_C2_L2,regimeC_v0_CLCD+NDVI,v0
afforestation,SAIH_AFF_r37c12,degraded,0.1219,0.00418,,GEDI_rh98_m(pending),0,Landsat_C2_L2,regimeC_v0_CLCD+NDVI,v0
afforestation,SAIH_AFF_r37c13,degraded,0.2741,0.00698,,GEDI_rh98_m(pending),0,Landsat_C2_L2,regimeC_v0_CLCD+NDVI,v0
afforestation,SAIH_AFF_r37c33,early_restoration,0.5441,0.00558,,GEDI_rh98_m(pending),0,Landsat_C2_L2,regimeC_v0_CLCD+NDVI,v0
afforestation,SAIH_AFF_r37c34,early_restoration,0.4354,0.004,,GEDI_rh98_m(pending),0,Landsat_C2_L2,regimeC_v0_CLCD+NDVI,v0
afforestation,SAIH_AFF_r37c35,degraded,0.1688,0.0015,,GEDI_rh98_m(pending),0,Landsat_C2_L2,regimeC_v0_CLCD+NDVI,v0
afforestation,SAIH_AFF_r37c36,degraded,0.1597,0.00306,,GEDI_rh98_m(pending),0,Landsat_C2_L2,regimeC_v0_CLCD+NDVI,v0
afforestation,SAIH_AFF_r37c38,early_restoration,0.3302,0.00665,,GEDI_rh98_m(pending),0,Landsat_C2_L2,regimeC_v0_CLCD+NDVI,v0
afforestation,SAIH_AFF_r37c39,early_restoration,0.5099,0.00922,,GEDI_rh98_m(pending),0,Landsat_C2_L2,regimeC_v0_CLCD+NDVI,v0
afforestation,SAIH_AFF_r37c41,early_restoration,0.4308,0.00678,,GEDI_rh98_m(pending),0,Landsat_C2_L2,regimeC_v0_CLCD+NDVI,v0
afforestation,SAIH_AFF_r37c42,stable_restoration,0.9808,0.00079,,GEDI_rh98_m(pending),0,Landsat_C2_L2,regimeC_v0_CLCD+NDVI,v0
afforestation,SAIH_AFF_r37c43,stable_restoration,0.9876,0.0026,,GEDI_rh98_m(pending),0,Landsat_C2_L2,regimeC_v0_CLCD+NDVI,v0
afforestation,SAIH_AFF_r37c44,stable_restoration,0.9917,0.00029,,GEDI_rh98_m(pending),0,Landsat_C2_L2,regimeC_v0_CLCD+NDVI,v0
afforestation,SAIH_AFF_r37c45,stable_restoration,1.0004,0.00259,,GEDI_rh98_m(pending),0,Landsat_C2_L2,regimeC_v0_CLCD+NDVI,v0
afforestation,SAIH_AFF_r37c46,stable_restoration,1.0134,0.0024,,GEDI_rh98_m(pending),0,Landsat_C2_L2,regimeC_v0_CLCD+NDVI,v0
afforestation,SAIH_AFF_r37c47,stable_restoration,1.0237,0.00251,,GEDI_rh98_m(pending),0,Landsat_C2_L2,regimeC_v0_CLCD+NDVI,v0
afforestation,SAIH_AFF_r37c48,stable_restoration,0.9968,0.00356,,GEDI_rh98_m(pending),0,Landsat_C2_L2,regimeC_v0_CLCD+NDVI,v0
afforestation,SAIH_AFF_r37c49,stable_restoration,0.979,0.00115,,GEDI_rh98_m(pending),0,Landsat_C2_L2,regimeC_v0_CLCD+NDVI,v0
afforestation,SAIH_AFF_r37c50,early_restoration,0.4268,0.00506,,GEDI_rh98_m(pending),0,Landsat_C2_L2,regimeC_v0_CLCD+NDVI,v0
afforestation,SAIH_AFF_r37c51,degraded,0.2953,0.0029,,GEDI_rh98_m(pending),0,Landsat_C2_L2,regimeC_v0_CLCD+NDVI,v0
afforestation,SAIH_AFF_r37c52,stable_restoration,0.9007,0.00195,,GEDI_rh98_m(pending),0,Landsat_C2_L2,regimeC_v0_CLCD+NDVI,v0
afforestation,SAIH_AFF_r37c53,stable_restoration,0.9155,0.00651,,GEDI_rh98_m(pending),0,Landsat_C2_L2,regimeC_v0_CLCD+NDVI,v0
afforestation,SAIH_AFF_r37c54,stable_restoration,0.9956,0.01914,,GEDI_rh98_m(pending),0,Landsat_C2_L2,regimeC_v0_CLCD+NDVI,v0
afforestation,SAIH_AFF_r37c55,stable_restoration,0.775,0.00553,,GEDI_rh98_m(pending),0,Landsat_C2_L2,regimeC_v0_CLCD+NDVI,v0
afforestation,SAIH_AFF_r37c56,stable_restoration,0.8498,0.005,,GEDI_rh98_m(pending),0,Landsat_C2_L2,regimeC_v0_CLCD+NDVI,v0
afforestation,SAIH_AFF_r37c57,early_restoration,0.5916,0.00371,,GEDI_rh98_m(pending),0,Landsat_C2_L2,regimeC_v0_CLCD+NDVI,v0
afforestation,SAIH_AFF_r37c58,stable_restoration,0.9717,0.00075,,GEDI_rh98_m(pending),0,Landsat_C2_L2,regimeC_v0_CLCD+NDVI,v0
afforestation,SAIH_AFF_r37c59,stable_restoration,0.9871,0.00116,,GEDI_rh98_m(pending),0,Landsat_C2_L2,regimeC_v0_CLCD+NDVI,v0
afforestation,SAIH_AFF_r37c60,stable_restoration,0.9606,0.00606,,GEDI_rh98_m(pending),0,Landsat_C2_L2,regimeC_v0_CLCD+NDVI,v0
afforestation,SAIH_AFF_r37c61,stable_restoration,0.8206,0.0044,,GEDI_rh98_m(pending),0,Landsat_C2_L2,regimeC_v0_CLCD+NDVI,v0
afforestation,SAIH_AFF_r37c62,stable_restoration,0.9012,0.0061,,GEDI_rh98_m(pending),0,Landsat_C2_L2,regimeC_v0_CLCD+NDVI,v0
afforestation,SAIH_AFF_r37c63,stable_restoration,0.9905,0.00817,,GEDI_rh98_m(pending),0,Landsat_C2_L2,regimeC_v0_CLCD+NDVI,v0
afforestation,SAIH_AFF_r37c64,stable_restoration,1.0127,0.02593,,GEDI_rh98_m(pending),0,Landsat_C2_L2,regimeC_v0_CLCD+NDVI,v0
afforestation,SAIH_AFF_r38c08,degraded,0.2764,0.01284,,GEDI_rh98_m(pending),0,Landsat_C2_L2,regimeC_v0_CLCD+NDVI,v0
afforestation,SAIH_AFF_r38c37,early_restoration,0.4134,0.00428,,GEDI_rh98_m(pending),0,Landsat_C2_L2,regimeC_v0_CLCD+NDVI,v0
afforestation,SAIH_AFF_r38c38,early_restoration,0.4385,0.00866,,GEDI_rh98_m(pending),0,Landsat_C2_L2,regimeC_v0_CLCD+NDVI,v0
afforestation,SAIH_AFF_r38c39,stable_restoration,0.8463,0.00725,,GEDI_rh98_m(pending),0,Landsat_C2_L2,regimeC_v0_CLCD+NDVI,v0
afforestation,SAIH_AFF_r38c40,stable_restoration,0.8709,0.00162,,GEDI_rh98_m(pending),0,Landsat_C2_L2,regimeC_v0_CLCD+NDVI,v0
afforestation,SAIH_AFF_r38c41,stable_restoration,0.9968,-5e-05,,GEDI_rh98_m(pending),0,Landsat_C2_L2,regimeC_v0_CLCD+NDVI,v0
afforestation,SAIH_AFF_r38c42,stable_restoration,0.9979,0.00134,,GEDI_rh98_m(pending),0,Landsat_C2_L2,regimeC_v0_CLCD+NDVI,v0
afforestation,SAIH_AFF_r38c43,stable_restoration,1.0184,0.00273,,GEDI_rh98_m(pending),0,Landsat_C2_L2,regimeC_v0_CLCD+NDVI,v0
afforestation,SAIH_AFF_r38c44,stable_restoration,1.0207,0.00271,,GEDI_rh98_m(pending),0,Landsat_C2_L2,regimeC_v0_CLCD+NDVI,v0
afforestation,SAIH_AFF_r38c45,stable_restoration,0.9348,0.00335,,GEDI_rh98_m(pending),0,Landsat_C2_L2,regimeC_v0_CLCD+NDVI,v0
afforestation,SAIH_AFF_r38c46,stable_restoration,0.9918,0.00356,,GEDI_rh98_m(pending),0,Landsat_C2_L2,regimeC_v0_CLCD+NDVI,v0
afforestation,SAIH_AFF_r38c47,stable_restoration,0.975,0.00457,,GEDI_rh98_m(pending),0,Landsat_C2_L2,regimeC_v0_CLCD+NDVI,v0
afforestation,SAIH_AFF_r38c48,stable_restoration,0.7906,0.00565,,GEDI_rh98_m(pending),0,Landsat_C2_L2,regimeC_v0_CLCD+NDVI,v0
afforestation,SAIH_AFF_r38c49,stable_restoration,0.9199,0.00304,,GEDI_rh98_m(pending),0,Landsat_C2_L2,regimeC_v0_CLCD+NDVI,v0
afforestation,SAIH_AFF_r38c50,stable_restoration,0.8502,0.00762,,GEDI_rh98_m(pending),0,Landsat_C2_L2,regimeC_v0_CLCD+NDVI,v0
afforestation,SAIH_AFF_r38c51,degraded,0.3159,0.00975,,GEDI_rh98_m(pending),0,Landsat_C2_L2,regimeC_v0_CLCD+NDVI,v0
afforestation,SAIH_AFF_r38c52,stable_restoration,0.7817,0.01094,,GEDI_rh98_m(pending),0,Landsat_C2_L2,regimeC_v0_CLCD+NDVI,v0
afforestation,SAIH_AFF_r38c53,early_restoration,0.5878,0.00835,,GEDI_rh98_m(pending),0,Landsat_C2_L2,regimeC_v0_CLCD+NDVI,v0
afforestation,SAIH_AFF_r38c54,stable_restoration,0.7934,0.01492,,GEDI_rh98_m(pending),0,Landsat_C2_L2,regimeC_v0_CLCD+NDVI,v0
afforestation,SAIH_AFF_r38c55,stable_restoration,0.9233,0.00896,,GEDI_rh98_m(pending),0,Landsat_C2_L2,regimeC_v0_CLCD+NDVI,v0
afforestation,SAIH_AFF_r38c56,stable_restoration,0.7594,0.00852,,GEDI_rh98_m(pending),0,Landsat_C2_L2,regimeC_v0_CLCD+NDVI,v0
afforestation,SAIH_AFF_r38c57,early_restoration,0.5918,0.00271,,GEDI_rh98_m(pending),0,Landsat_C2_L2,regimeC_v0_CLCD+NDVI,v0
afforestation,SAIH_AFF_r38c58,stable_restoration,0.9333,0.00189,,GEDI_rh98_m(pending),0,Landsat_C2_L2,regimeC_v0_CLCD+NDVI,v0
afforestation,SAIH_AFF_r38c59,stable_restoration,0.8435,0.00246,,GEDI_rh98_m(pending),0,Landsat_C2_L2,regimeC_v0_CLCD+NDVI,v0
afforestation,SAIH_AFF_r38c60,stable_restoration,0.9757,0.00537,,GEDI_rh98_m(pending),0,Landsat_C2_L2,regimeC_v0_CLCD+NDVI,v0
afforestation,SAIH_AFF_r38c61,stable_restoration,1.0029,0.00572,,GEDI_rh98_m(pending),0,Landsat_C2_L2,regimeC_v0_CLCD+NDVI,v0
afforestation,SAIH_AFF_r38c62,stable_restoration,1.0308,0.00786,,GEDI_rh98_m(pending),0,Landsat_C2_L2,regimeC_v0_CLCD+NDVI,v0
afforestation,SAIH_AFF_r38c63,stable_restoration,1.0079,0.00062,,GEDI_rh98_m(pending),0,Landsat_C2_L2,regimeC_v0_CLCD+NDVI,v0
afforestation,SAIH_AFF_r38c64,stable_restoration,0.9337,0.00687,,GEDI_rh98_m(pending),0,Landsat_C2_L2,regimeC_v0_CLCD+NDVI,v0
afforestation,SAIH_AFF_r39c05,degraded,0.2692,0.01111,,GEDI_rh98_m(pending),0,Landsat_C2_L2,regimeC_v0_CLCD+NDVI,v0
afforestation,SAIH_AFF_r39c07,early_restoration,0.4126,0.01836,,GEDI_rh98_m(pending),0,Landsat_C2_L2,regimeC_v0_CLCD+NDVI,v0
afforestation,SAIH_AFF_r39c08,degraded,0.2593,0.01301,,GEDI_rh98_m(pending),0,Landsat_C2_L2,regimeC_v0_CLCD+NDVI,v0
afforestation,SAIH_AFF_r39c36,early_restoration,0.3965,0.00378,,GEDI_rh98_m(pending),0,Landsat_C2_L2,regimeC_v0_CLCD+NDVI,v0
afforestation,SAIH_AFF_r39c38,degraded,0.2563,0.00256,,GEDI_rh98_m(pending),0,Landsat_C2_L2,regimeC_v0_CLCD+NDVI,v0
afforestation,SAIH_AFF_r39c39,stable_restoration,0.7388,0.00643,,GEDI_rh98_m(pending),0,Landsat_C2_L2,regimeC_v0_CLCD+NDVI,v0
afforestation,SAIH_AFF_r39c40,stable_restoration,0.9831,0.00268,,GEDI_rh98_m(pending),0,Landsat_C2_L2,regimeC_v0_CLCD+NDVI,v0
afforestation,SAIH_AFF_r39c41,stable_restoration,1.0088,0.00187,,GEDI_rh98_m(pending),0,Landsat_C2_L2,regimeC_v0_CLCD+NDVI,v0
afforestation,SAIH_AFF_r39c42,stable_restoration,1.0179,0.00053,,GEDI_rh98_m(pending),0,Landsat_C2_L2,regimeC_v0_CLCD+NDVI,v0
afforestation,SAIH_AFF_r39c43,stable_restoration,0.999,0.00263,,GEDI_rh98_m(pending),0,Landsat_C2_L2,regimeC_v0_CLCD+NDVI,v0
afforestation,SAIH_AFF_r39c44,stable_restoration,0.9819,0.0024,,GEDI_rh98_m(pending),0,Landsat_C2_L2,regimeC_v0_CLCD+NDVI,v0
afforestation,SAIH_AFF_r39c45,stable_restoration,0.978,0.01292,,GEDI_rh98_m(pending),0,Landsat_C2_L2,regimeC_v0_CLCD+NDVI,v0
afforestation,SAIH_AFF_r39c46,stable_restoration,0.903,0.0033,,GEDI_rh98_m(pending),0,Landsat_C2_L2,regimeC_v0_CLCD+NDVI,v0
afforestation,SAIH_AFF_r39c47,stable_restoration,0.959,0.00474,,GEDI_rh98_m(pending),0,Landsat_C2_L2,regimeC_v0_CLCD+NDVI,v0
afforestation,SAIH_AFF_r39c48,stable_restoration,0.7604,0.00885,,GEDI_rh98_m(pending),0,Landsat_C2_L2,regimeC_v0_CLCD+NDVI,v0
afforestation,SAIH_AFF_r39c49,early_restoration,0.4337,0.00258,,GEDI_rh98_m(pending),0,Landsat_C2_L2,regimeC_v0_CLCD+NDVI,v0
afforestation,SAIH_AFF_r39c50,stable_restoration,0.909,0.00622,,GEDI_rh98_m(pending),0,Landsat_C2_L2,regimeC_v0_CLCD+NDVI,v0
afforestation,SAIH_AFF_r39c51,stable_restoration,0.8229,0.0137,,GEDI_rh98_m(pending),0,Landsat_C2_L2,regimeC_v0_CLCD+NDVI,v0
afforestation,SAIH_AFF_r39c52,early_restoration,0.4618,0.01357,,GEDI_rh98_m(pending),0,Landsat_C2_L2,regimeC_v0_CLCD+NDVI,v0
afforestation,SAIH_AFF_r39c53,stable_restoration,0.6838,0.02551,,GEDI_rh98_m(pending),0,Landsat_C2_L2,regimeC_v0_CLCD+NDVI,v0
afforestation,SAIH_AFF_r39c54,stable_restoration,0.7674,0.01073,,GEDI_rh98_m(pending),0,Landsat_C2_L2,regimeC_v0_CLCD+NDVI,v0
afforestation,SAIH_AFF_r39c55,stable_restoration,0.8826,0.00545,,GEDI_rh98_m(pending),0,Landsat_C2_L2,regimeC_v0_CLCD+NDVI,v0
afforestation,SAIH_AFF_r39c56,stable_restoration,0.84,0.00565,,GEDI_rh98_m(pending),0,Landsat_C2_L2,regimeC_v0_CLCD+NDVI,v0
afforestation,SAIH_AFF_r39c57,early_restoration,0.6094,0.00443,,GEDI_rh98_m(pending),0,Landsat_C2_L2,regimeC_v0_CLCD+NDVI,v0
afforestation,SAIH_AFF_r39c58,stable_restoration,0.9133,0.00211,,GEDI_rh98_m(pending),0,Landsat_C2_L2,regimeC_v0_CLCD+NDVI,v0
afforestation,SAIH_AFF_r39c59,stable_restoration,0.7565,0.00208,,GEDI_rh98_m(pending),0,Landsat_C2_L2,regimeC_v0_CLCD+NDVI,v0
afforestation,SAIH_AFF_r39c60,stable_restoration,0.9029,0.00263,,GEDI_rh98_m(pending),0,Landsat_C2_L2,regimeC_v0_CLCD+NDVI,v0
afforestation,SAIH_AFF_r39c61,stable_restoration,0.9435,0.00482,,GEDI_rh98_m(pending),0,Landsat_C2_L2,regimeC_v0_CLCD+NDVI,v0
afforestation,SAIH_AFF_r39c62,stable_restoration,0.9516,0.01164,,GEDI_rh98_m(pending),0,Landsat_C2_L2,regimeC_v0_CLCD+NDVI,v0
afforestation,SAIH_AFF_r39c63,stable_restoration,0.9928,0.00025,,GEDI_rh98_m(pending),0,Landsat_C2_L2,regimeC_v0_CLCD+NDVI,v0
afforestation,SAIH_AFF_r39c64,stable_restoration,0.7021,0.00257,,GEDI_rh98_m(pending),0,Landsat_C2_L2,regimeC_v0_CLCD+NDVI,v0
afforestation,SAIH_AFF_r40c05,early_restoration,0.6219,0.02654,,GEDI_rh98_m(pending),0,Landsat_C2_L2,regimeC_v0_CLCD+NDVI,v0
afforestation,SAIH_AFF_r40c09,degraded,0.1872,0.00966,,GEDI_rh98_m(pending),0,Landsat_C2_L2,regimeC_v0_CLCD+NDVI,v0
afforestation,SAIH_AFF_r40c26,degraded,0.1883,0.0066,,GEDI_rh98_m(pending),0,Landsat_C2_L2,regimeC_v0_CLCD+NDVI,v0
afforestation,SAIH_AFF_r40c35,degraded,0.2893,0.0037,,GEDI_rh98_m(pending),0,Landsat_C2_L2,regimeC_v0_CLCD+NDVI,v0
afforestation,SAIH_AFF_r40c36,degraded,0.3244,0.00416,,GEDI_rh98_m(pending),0,Landsat_C2_L2,regimeC_v0_CLCD+NDVI,v0
afforestation,SAIH_AFF_r40c38,stable_restoration,0.8034,0.00434,,GEDI_rh98_m(pending),0,Landsat_C2_L2,regimeC_v0_CLCD+NDVI,v0
afforestation,SAIH_AFF_r40c39,stable_restoration,0.903,0.00424,,GEDI_rh98_m(pending),0,Landsat_C2_L2,regimeC_v0_CLCD+NDVI,v0
afforestation,SAIH_AFF_r40c40,stable_restoration,0.9472,0.00102,,GEDI_rh98_m(pending),0,Landsat_C2_L2,regimeC_v0_CLCD+NDVI,v0
afforestation,SAIH_AFF_r40c41,stable_restoration,0.9665,0.00342,,GEDI_rh98_m(pending),0,Landsat_C2_L2,regimeC_v0_CLCD+NDVI,v0
afforestation,SAIH_AFF_r40c42,stable_restoration,1.0179,0.00201,,GEDI_rh98_m(pending),0,Landsat_C2_L2,regimeC_v0_CLCD+NDVI,v0
afforestation,SAIH_AFF_r40c43,stable_restoration,1.0265,0.00109,,GEDI_rh98_m(pending),0,Landsat_C2_L2,regimeC_v0_CLCD+NDVI,v0
afforestation,SAIH_AFF_r40c44,stable_restoration,1.0054,0.00011,,GEDI_rh98_m(pending),0,Landsat_C2_L2,regimeC_v0_CLCD+NDVI,v0
afforestation,SAIH_AFF_r40c45,stable_restoration,0.9712,0.00685,,GEDI_rh98_m(pending),0,Landsat_C2_L2,regimeC_v0_CLCD+NDVI,v0
afforestation,SAIH_AFF_r40c46,stable_restoration,0.911,0.00503,,GEDI_rh98_m(pending),0,Landsat_C2_L2,regimeC_v0_CLCD+NDVI,v0
afforestation,SAIH_AFF_r40c47,stable_restoration,1.0283,0.00142,,GEDI_rh98_m(pending),0,Landsat_C2_L2,regimeC_v0_CLCD+NDVI,v0
afforestation,SAIH_AFF_r40c48,stable_restoration,0.935,0.00948,,GEDI_rh98_m(pending),0,Landsat_C2_L2,regimeC_v0_CLCD+NDVI,v0
afforestation,SAIH_AFF_r40c49,stable_restoration,0.8452,0.01371,,GEDI_rh98_m(pending),0,Landsat_C2_L2,regimeC_v0_CLCD+NDVI,v0
afforestation,SAIH_AFF_r40c50,early_restoration,0.4436,0.00566,,GEDI_rh98_m(pending),0,Landsat_C2_L2,regimeC_v0_CLCD+NDVI,v0
afforestation,SAIH_AFF_r40c51,stable_restoration,0.7925,0.00528,,GEDI_rh98_m(pending),0,Landsat_C2_L2,regimeC_v0_CLCD+NDVI,v0
afforestation,SAIH_AFF_r40c52,early_restoration,0.6351,0.01041,,GEDI_rh98_m(pending),0,Landsat_C2_L2,regimeC_v0_CLCD+NDVI,v0
afforestation,SAIH_AFF_r40c53,degraded,0.2615,0.00634,,GEDI_rh98_m(pending),0,Landsat_C2_L2,regimeC_v0_CLCD+NDVI,v0
afforestation,SAIH_AFF_r40c54,stable_restoration,0.7342,0.00516,,GEDI_rh98_m(pending),0,Landsat_C2_L2,regimeC_v0_CLCD+NDVI,v0
afforestation,SAIH_AFF_r40c55,stable_restoration,0.7251,0.00193,,GEDI_rh98_m(pending),0,Landsat_C2_L2,regimeC_v0_CLCD+NDVI,v0
afforestation,SAIH_AFF_r40c56,stable_restoration,0.689,0.00175,,GEDI_rh98_m(pending),0,Landsat_C2_L2,regimeC_v0_CLCD+NDVI,v0
afforestation,SAIH_AFF_r40c57,stable_restoration,0.6964,0.00151,,GEDI_rh98_m(pending),0,Landsat_C2_L2,regimeC_v0_CLCD+NDVI,v0
afforestation,SAIH_AFF_r40c58,early_restoration,0.6375,0.00317,,GEDI_rh98_m(pending),0,Landsat_C2_L2,regimeC_v0_CLCD+NDVI,v0
afforestation,SAIH_AFF_r40c59,stable_restoration,0.8383,0.00164,,GEDI_rh98_m(pending),0,Landsat_C2_L2,regimeC_v0_CLCD+NDVI,v0
afforestation,SAIH_AFF_r40c60,stable_restoration,1.0318,0.00229,,GEDI_rh98_m(pending),0,Landsat_C2_L2,regimeC_v0_CLCD+NDVI,v0
afforestation,SAIH_AFF_r40c61,stable_restoration,0.749,0.00686,,GEDI_rh98_m(pending),0,Landsat_C2_L2,regimeC_v0_CLCD+NDVI,v0
afforestation,SAIH_AFF_r40c62,stable_restoration,0.8543,0.01285,,GEDI_rh98_m(pending),0,Landsat_C2_L2,regimeC_v0_CLCD+NDVI,v0
afforestation,SAIH_AFF_r40c63,stable_restoration,0.8143,0.00594,,GEDI_rh98_m(pending),0,Landsat_C2_L2,regimeC_v0_CLCD+NDVI,v0
afforestation,SAIH_AFF_r40c64,early_restoration,0.6174,0.00513,,GEDI_rh98_m(pending),0,Landsat_C2_L2,regimeC_v0_CLCD+NDVI,v0
afforestation,SAIH_AFF_r41c04,degraded,0.2443,0.00783,,GEDI_rh98_m(pending),0,Landsat_C2_L2,regimeC_v0_CLCD+NDVI,v0
afforestation,SAIH_AFF_r41c07,degraded,0.2352,0.01005,,GEDI_rh98_m(pending),0,Landsat_C2_L2,regimeC_v0_CLCD+NDVI,v0
afforestation,SAIH_AFF_r41c08,degraded,0.2449,0.00898,,GEDI_rh98_m(pending),0,Landsat_C2_L2,regimeC_v0_CLCD+NDVI,v0
afforestation,SAIH_AFF_r41c09,degraded,0.2386,0.0113,,GEDI_rh98_m(pending),0,Landsat_C2_L2,regimeC_v0_CLCD+NDVI,v0
afforestation,SAIH_AFF_r41c29,degraded,0.3233,0.01354,,GEDI_rh98_m(pending),0,Landsat_C2_L2,regimeC_v0_CLCD+NDVI,v0
afforestation,SAIH_AFF_r41c35,early_restoration,0.522,0.00424,,GEDI_rh98_m(pending),0,Landsat_C2_L2,regimeC_v0_CLCD+NDVI,v0
afforestation,SAIH_AFF_r41c36,early_restoration,0.6455,0.00614,,GEDI_rh98_m(pending),0,Landsat_C2_L2,regimeC_v0_CLCD+NDVI,v0
afforestation,SAIH_AFF_r41c37,stable_restoration,0.9533,0.00193,,GEDI_rh98_m(pending),0,Landsat_C2_L2,regimeC_v0_CLCD+NDVI,v0
afforestation,SAIH_AFF_r41c38,stable_restoration,0.9269,0.00083,,GEDI_rh98_m(pending),0,Landsat_C2_L2,regimeC_v0_CLCD+NDVI,v0
afforestation,SAIH_AFF_r41c39,stable_restoration,0.9854,0.0014,,GEDI_rh98_m(pending),0,Landsat_C2_L2,regimeC_v0_CLCD+NDVI,v0
afforestation,SAIH_AFF_r41c40,stable_restoration,0.9511,0.00542,,GEDI_rh98_m(pending),0,Landsat_C2_L2,regimeC_v0_CLCD+NDVI,v0
afforestation,SAIH_AFF_r41c41,stable_restoration,0.9316,0.00589,,GEDI_rh98_m(pending),0,Landsat_C2_L2,regimeC_v0_CLCD+NDVI,v0
afforestation,SAIH_AFF_r41c42,stable_restoration,0.9401,0.00215,,GEDI_rh98_m(pending),0,Landsat_C2_L2,regimeC_v0_CLCD+NDVI,v0
afforestation,SAIH_AFF_r41c43,stable_restoration,1.0117,0.00169,,GEDI_rh98_m(pending),0,Landsat_C2_L2,regimeC_v0_CLCD+NDVI,v0
afforestation,SAIH_AFF_r41c44,stable_restoration,0.9699,0.0014,,GEDI_rh98_m(pending),0,Landsat_C2_L2,regimeC_v0_CLCD+NDVI,v0
afforestation,SAIH_AFF_r41c45,stable_restoration,1.0374,0.00038,,GEDI_rh98_m(pending),0,Landsat_C2_L2,regimeC_v0_CLCD+NDVI,v0
afforestation,SAIH_AFF_r41c46,stable_restoration,1.0363,0.00057,,GEDI_rh98_m(pending),0,Landsat_C2_L2,regimeC_v0_CLCD+NDVI,v0
afforestation,SAIH_AFF_r41c47,stable_restoration,0.9883,0.00062,,GEDI_rh98_m(pending),0,Landsat_C2_L2,regimeC_v0_CLCD+NDVI,v0
afforestation,SAIH_AFF_r41c48,stable_restoration,1.0179,0.0025,,GEDI_rh98_m(pending),0,Landsat_C2_L2,regimeC_v0_CLCD+NDVI,v0
afforestation,SAIH_AFF_r41c49,stable_restoration,0.9184,0.00349,,GEDI_rh98_m(pending),0,Landsat_C2_L2,regimeC_v0_CLCD+NDVI,v0
afforestation,SAIH_AFF_r41c50,stable_restoration,0.9656,0.00759,,GEDI_rh98_m(pending),0,Landsat_C2_L2,regimeC_v0_CLCD+NDVI,v0
afforestation,SAIH_AFF_r41c51,early_restoration,0.6128,0.01769,,GEDI_rh98_m(pending),0,Landsat_C2_L2,regimeC_v0_CLCD+NDVI,v0
afforestation,SAIH_AFF_r41c52,stable_restoration,0.6764,0.01308,,GEDI_rh98_m(pending),0,Landsat_C2_L2,regimeC_v0_CLCD+NDVI,v0
afforestation,SAIH_AFF_r41c53,degraded,0.2495,0.01006,,GEDI_rh98_m(pending),0,Landsat_C2_L2,regimeC_v0_CLCD+NDVI,v0
afforestation,SAIH_AFF_r41c54,stable_restoration,0.8229,0.01416,,GEDI_rh98_m(pending),0,Landsat_C2_L2,regimeC_v0_CLCD+NDVI,v0
afforestation,SAIH_AFF_r41c55,stable_restoration,0.8025,0.00542,,GEDI_rh98_m(pending),0,Landsat_C2_L2,regimeC_v0_CLCD+NDVI,v0
afforestation,SAIH_AFF_r41c56,stable_restoration,0.7056,0.0064,,GEDI_rh98_m(pending),0,Landsat_C2_L2,regimeC_v0_CLCD+NDVI,v0
afforestation,SAIH_AFF_r41c57,early_restoration,0.5253,0.00515,,GEDI_rh98_m(pending),0,Landsat_C2_L2,regimeC_v0_CLCD+NDVI,v0
afforestation,SAIH_AFF_r41c58,early_restoration,0.3954,0.00767,,GEDI_rh98_m(pending),0,Landsat_C2_L2,regimeC_v0_CLCD+NDVI,v0
afforestation,SAIH_AFF_r41c59,stable_restoration,0.7599,0.0032,,GEDI_rh98_m(pending),0,Landsat_C2_L2,regimeC_v0_CLCD+NDVI,v0
afforestation,SAIH_AFF_r41c60,stable_restoration,0.895,0.02866,,GEDI_rh98_m(pending),0,Landsat_C2_L2,regimeC_v0_CLCD+NDVI,v0
afforestation,SAIH_AFF_r41c61,stable_restoration,0.7936,0.01696,,GEDI_rh98_m(pending),0,Landsat_C2_L2,regimeC_v0_CLCD+NDVI,v0
afforestation,SAIH_AFF_r41c62,early_restoration,0.5241,0.00428,,GEDI_rh98_m(pending),0,Landsat_C2_L2,regimeC_v0_CLCD+NDVI,v0
afforestation,SAIH_AFF_r41c63,stable_restoration,0.9378,0.01085,,GEDI_rh98_m(pending),0,Landsat_C2_L2,regimeC_v0_CLCD+NDVI,v0
afforestation,SAIH_AFF_r41c64,stable_restoration,0.6898,0.00516,,GEDI_rh98_m(pending),0,Landsat_C2_L2,regimeC_v0_CLCD+NDVI,v0
afforestation,SAIH_AFF_r42c04,degraded,0.3182,0.00943,,GEDI_rh98_m(pending),0,Landsat_C2_L2,regimeC_v0_CLCD+NDVI,v0
afforestation,SAIH_AFF_r42c26,degraded,0.2913,0.01207,,GEDI_rh98_m(pending),0,Landsat_C2_L2,regimeC_v0_CLCD+NDVI,v0
afforestation,SAIH_AFF_r42c27,early_restoration,0.4652,0.01855,,GEDI_rh98_m(pending),0,Landsat_C2_L2,regimeC_v0_CLCD+NDVI,v0
afforestation,SAIH_AFF_r42c28,early_restoration,0.4383,0.01399,,GEDI_rh98_m(pending),0,Landsat_C2_L2,regimeC_v0_CLCD+NDVI,v0
afforestation,SAIH_AFF_r42c29,degraded,0.2232,0.00783,,GEDI_rh98_m(pending),0,Landsat_C2_L2,regimeC_v0_CLCD+NDVI,v0
afforestation,SAIH_AFF_r42c32,early_restoration,0.4035,0.00578,,GEDI_rh98_m(pending),0,Landsat_C2_L2,regimeC_v0_CLCD+NDVI,v0
afforestation,SAIH_AFF_r42c33,early_restoration,0.6437,0.01229,,GEDI_rh98_m(pending),0,Landsat_C2_L2,regimeC_v0_CLCD+NDVI,v0
afforestation,SAIH_AFF_r42c34,stable_restoration,0.8457,0.00538,,GEDI_rh98_m(pending),0,Landsat_C2_L2,regimeC_v0_CLCD+NDVI,v0
afforestation,SAIH_AFF_r42c35,stable_restoration,0.8586,0.00393,,GEDI_rh98_m(pending),0,Landsat_C2_L2,regimeC_v0_CLCD+NDVI,v0
afforestation,SAIH_AFF_r42c36,stable_restoration,0.8978,0.00349,,GEDI_rh98_m(pending),0,Landsat_C2_L2,regimeC_v0_CLCD+NDVI,v0
afforestation,SAIH_AFF_r42c37,stable_restoration,1.0334,-9e-05,,GEDI_rh98_m(pending),0,Landsat_C2_L2,regimeC_v0_CLCD+NDVI,v0
afforestation,SAIH_AFF_r42c38,stable_restoration,1.0215,0.00027,,GEDI_rh98_m(pending),0,Landsat_C2_L2,regimeC_v0_CLCD+NDVI,v0
afforestation,SAIH_AFF_r42c39,stable_restoration,1.034,0.00019,,GEDI_rh98_m(pending),0,Landsat_C2_L2,regimeC_v0_CLCD+NDVI,v0
afforestation,SAIH_AFF_r42c40,stable_restoration,0.9696,0.0049,,GEDI_rh98_m(pending),0,Landsat_C2_L2,regimeC_v0_CLCD+NDVI,v0
afforestation,SAIH_AFF_r42c41,stable_restoration,0.7599,0.01457,,GEDI_rh98_m(pending),0,Landsat_C2_L2,regimeC_v0_CLCD+NDVI,v0
afforestation,SAIH_AFF_r42c42,stable_restoration,0.8801,0.0035,,GEDI_rh98_m(pending),0,Landsat_C2_L2,regimeC_v0_CLCD+NDVI,v0
afforestation,SAIH_AFF_r42c43,stable_restoration,0.9945,0.00175,,GEDI_rh98_m(pending),0,Landsat_C2_L2,regimeC_v0_CLCD+NDVI,v0
afforestation,SAIH_AFF_r42c44,stable_restoration,1.0031,-0.00119,,GEDI_rh98_m(pending),0,Landsat_C2_L2,regimeC_v0_CLCD+NDVI,v0
afforestation,SAIH_AFF_r42c45,stable_restoration,1.0267,0.00084,,GEDI_rh98_m(pending),0,Landsat_C2_L2,regimeC_v0_CLCD+NDVI,v0
afforestation,SAIH_AFF_r42c46,stable_restoration,1.0054,-9e-05,,GEDI_rh98_m(pending),0,Landsat_C2_L2,regimeC_v0_CLCD+NDVI,v0
afforestation,SAIH_AFF_r42c47,stable_restoration,1.0374,0.00014,,GEDI_rh98_m(pending),0,Landsat_C2_L2,regimeC_v0_CLCD+NDVI,v0
afforestation,SAIH_AFF_r42c48,stable_restoration,0.8629,0.00873,,GEDI_rh98_m(pending),0,Landsat_C2_L2,regimeC_v0_CLCD+NDVI,v0
afforestation,SAIH_AFF_r42c49,stable_restoration,0.769,0.0083,,GEDI_rh98_m(pending),0,Landsat_C2_L2,regimeC_v0_CLCD+NDVI,v0
afforestation,SAIH_AFF_r42c50,stable_restoration,0.7784,0.02305,,GEDI_rh98_m(pending),0,Landsat_C2_L2,regimeC_v0_CLCD+NDVI,v0
afforestation,SAIH_AFF_r42c51,early_restoration,0.5888,0.02288,,GEDI_rh98_m(pending),0,Landsat_C2_L2,regimeC_v0_CLCD+NDVI,v0
afforestation,SAIH_AFF_r42c52,early_restoration,0.4435,0.01782,,GEDI_rh98_m(pending),0,Landsat_C2_L2,regimeC_v0_CLCD+NDVI,v0
afforestation,SAIH_AFF_r42c53,early_restoration,0.4555,0.02347,,GEDI_rh98_m(pending),0,Landsat_C2_L2,regimeC_v0_CLCD+NDVI,v0
afforestation,SAIH_AFF_r42c54,early_restoration,0.5396,0.00923,,GEDI_rh98_m(pending),0,Landsat_C2_L2,regimeC_v0_CLCD+NDVI,v0
afforestation,SAIH_AFF_r42c55,stable_restoration,0.7038,0.00356,,GEDI_rh98_m(pending),0,Landsat_C2_L2,regimeC_v0_CLCD+NDVI,v0
afforestation,SAIH_AFF_r42c56,early_restoration,0.6335,0.00327,,GEDI_rh98_m(pending),0,Landsat_C2_L2,regimeC_v0_CLCD+NDVI,v0
afforestation,SAIH_AFF_r42c57,degraded,0.3032,0.00243,,GEDI_rh98_m(pending),0,Landsat_C2_L2,regimeC_v0_CLCD+NDVI,v0
afforestation,SAIH_AFF_r42c58,early_restoration,0.654,0.00601,,GEDI_rh98_m(pending),0,Landsat_C2_L2,regimeC_v0_CLCD+NDVI,v0
afforestation,SAIH_AFF_r42c59,stable_restoration,0.8961,0.01063,,GEDI_rh98_m(pending),0,Landsat_C2_L2,regimeC_v0_CLCD+NDVI,v0
afforestation,SAIH_AFF_r42c60,stable_restoration,0.8591,0.02549,,GEDI_rh98_m(pending),0,Landsat_C2_L2,regimeC_v0_CLCD+NDVI,v0
afforestation,SAIH_AFF_r42c61,early_restoration,0.6346,0.01582,,GEDI_rh98_m(pending),0,Landsat_C2_L2,regimeC_v0_CLCD+NDVI,v0
afforestation,SAIH_AFF_r42c62,early_restoration,0.6529,0.00144,,GEDI_rh98_m(pending),0,Landsat_C2_L2,regimeC_v0_CLCD+NDVI,v0
afforestation,SAIH_AFF_r42c63,stable_restoration,0.8766,0.0123,,GEDI_rh98_m(pending),0,Landsat_C2_L2,regimeC_v0_CLCD+NDVI,v0
afforestation,SAIH_AFF_r42c64,early_restoration,0.553,0.00944,,GEDI_rh98_m(pending),0,Landsat_C2_L2,regimeC_v0_CLCD+NDVI,v0
afforestation,SAIH_AFF_r43c28,early_restoration,0.3988,0.0154,,GEDI_rh98_m(pending),0,Landsat_C2_L2,regimeC_v0_CLCD+NDVI,v0
afforestation,SAIH_AFF_r43c29,early_restoration,0.4292,0.01482,,GEDI_rh98_m(pending),0,Landsat_C2_L2,regimeC_v0_CLCD+NDVI,v0
afforestation,SAIH_AFF_r43c31,stable_restoration,0.6758,0.00606,,GEDI_rh98_m(pending),0,Landsat_C2_L2,regimeC_v0_CLCD+NDVI,v0
afforestation,SAIH_AFF_r43c32,early_restoration,0.4692,0.00908,,GEDI_rh98_m(pending),0,Landsat_C2_L2,regimeC_v0_CLCD+NDVI,v0
afforestation,SAIH_AFF_r43c33,stable_restoration,0.9642,0.00973,,GEDI_rh98_m(pending),0,Landsat_C2_L2,regimeC_v0_CLCD+NDVI,v0
afforestation,SAIH_AFF_r43c34,stable_restoration,0.9012,0.0022,,GEDI_rh98_m(pending),0,Landsat_C2_L2,regimeC_v0_CLCD+NDVI,v0
afforestation,SAIH_AFF_r43c35,stable_restoration,0.9892,0.00573,,GEDI_rh98_m(pending),0,Landsat_C2_L2,regimeC_v0_CLCD+NDVI,v0
afforestation,SAIH_AFF_r43c36,stable_restoration,1.0054,0.00561,,GEDI_rh98_m(pending),0,Landsat_C2_L2,regimeC_v0_CLCD+NDVI,v0
afforestation,SAIH_AFF_r43c37,stable_restoration,0.9997,0.00089,,GEDI_rh98_m(pending),0,Landsat_C2_L2,regimeC_v0_CLCD+NDVI,v0
afforestation,SAIH_AFF_r43c38,stable_restoration,1.0002,0.00218,,GEDI_rh98_m(pending),0,Landsat_C2_L2,regimeC_v0_CLCD+NDVI,v0
afforestation,SAIH_AFF_r43c39,stable_restoration,0.9401,0.00232,,GEDI_rh98_m(pending),0,Landsat_C2_L2,regimeC_v0_CLCD+NDVI,v0
afforestation,SAIH_AFF_r43c40,stable_restoration,0.8782,0.00537,,GEDI_rh98_m(pending),0,Landsat_C2_L2,regimeC_v0_CLCD+NDVI,v0
afforestation,SAIH_AFF_r43c41,early_restoration,0.5866,0.00602,,GEDI_rh98_m(pending),0,Landsat_C2_L2,regimeC_v0_CLCD+NDVI,v0
afforestation,SAIH_AFF_r43c42,early_restoration,0.5888,0.00382,,GEDI_rh98_m(pending),0,Landsat_C2_L2,regimeC_v0_CLCD+NDVI,v0
afforestation,SAIH_AFF_r43c43,stable_restoration,1.0094,0.00222,,GEDI_rh98_m(pending),0,Landsat_C2_L2,regimeC_v0_CLCD+NDVI,v0
afforestation,SAIH_AFF_r43c44,stable_restoration,0.9962,0.00072,,GEDI_rh98_m(pending),0,Landsat_C2_L2,regimeC_v0_CLCD+NDVI,v0
afforestation,SAIH_AFF_r43c45,stable_restoration,1.0122,-0.00032,,GEDI_rh98_m(pending),0,Landsat_C2_L2,regimeC_v0_CLCD+NDVI,v0
afforestation,SAIH_AFF_r43c46,stable_restoration,1.026,0.00086,,GEDI_rh98_m(pending),0,Landsat_C2_L2,regimeC_v0_CLCD+NDVI,v0
afforestation,SAIH_AFF_r43c47,stable_restoration,1.0351,0.00025,,GEDI_rh98_m(pending),0,Landsat_C2_L2,regimeC_v0_CLCD+NDVI,v0
afforestation,SAIH_AFF_r43c48,stable_restoration,1.0083,-1e-05,,GEDI_rh98_m(pending),0,Landsat_C2_L2,regimeC_v0_CLCD+NDVI,v0
afforestation,SAIH_AFF_r43c49,stable_restoration,0.9321,0.00186,,GEDI_rh98_m(pending),0,Landsat_C2_L2,regimeC_v0_CLCD+NDVI,v0
afforestation,SAIH_AFF_r43c50,stable_restoration,0.8995,0.01147,,GEDI_rh98_m(pending),0,Landsat_C2_L2,regimeC_v0_CLCD+NDVI,v0
afforestation,SAIH_AFF_r43c51,stable_restoration,0.9287,0.01607,,GEDI_rh98_m(pending),0,Landsat_C2_L2,regimeC_v0_CLCD+NDVI,v0
afforestation,SAIH_AFF_r43c52,stable_restoration,1.0122,0.00851,,GEDI_rh98_m(pending),0,Landsat_C2_L2,regimeC_v0_CLCD+NDVI,v0
afforestation,SAIH_AFF_r43c53,stable_restoration,0.9046,0.01166,,GEDI_rh98_m(pending),0,Landsat_C2_L2,regimeC_v0_CLCD+NDVI,v0
afforestation,SAIH_AFF_r43c54,early_restoration,0.6169,0.01586,,GEDI_rh98_m(pending),0,Landsat_C2_L2,regimeC_v0_CLCD+NDVI,v0
afforestation,SAIH_AFF_r43c55,degraded,0.3061,0.00541,,GEDI_rh98_m(pending),0,Landsat_C2_L2,regimeC_v0_CLCD+NDVI,v0
afforestation,SAIH_AFF_r43c56,early_restoration,0.618,0.00765,,GEDI_rh98_m(pending),0,Landsat_C2_L2,regimeC_v0_CLCD+NDVI,v0
afforestation,SAIH_AFF_r43c57,early_restoration,0.6346,0.00059,,GEDI_rh98_m(pending),0,Landsat_C2_L2,regimeC_v0_CLCD+NDVI,v0
afforestation,SAIH_AFF_r43c58,stable_restoration,0.7582,0.00336,,GEDI_rh98_m(pending),0,Landsat_C2_L2,regimeC_v0_CLCD+NDVI,v0
afforestation,SAIH_AFF_r43c59,early_restoration,0.57,0.00881,,GEDI_rh98_m(pending),0,Landsat_C2_L2,regimeC_v0_CLCD+NDVI,v0
afforestation,SAIH_AFF_r43c60,early_restoration,0.655,0.00499,,GEDI_rh98_m(pending),0,Landsat_C2_L2,regimeC_v0_CLCD+NDVI,v0
afforestation,SAIH_AFF_r43c61,early_restoration,0.3576,0.00648,,GEDI_rh98_m(pending),0,Landsat_C2_L2,regimeC_v0_CLCD+NDVI,v0
afforestation,SAIH_AFF_r43c62,early_restoration,0.6501,0.00365,,GEDI_rh98_m(pending),0,Landsat_C2_L2,regimeC_v0_CLCD+NDVI,v0
afforestation,SAIH_AFF_r43c63,stable_restoration,0.7445,0.00673,,GEDI_rh98_m(pending),0,Landsat_C2_L2,regimeC_v0_CLCD+NDVI,v0
afforestation,SAIH_AFF_r43c64,stable_restoration,0.8227,0.01079,,GEDI_rh98_m(pending),0,Landsat_C2_L2,regimeC_v0_CLCD+NDVI,v0
afforestation,SAIH_AFF_r44c26,early_restoration,0.6174,0.00701,,GEDI_rh98_m(pending),0,Landsat_C2_L2,regimeC_v0_CLCD+NDVI,v0
afforestation,SAIH_AFF_r44c29,early_restoration,0.5449,0.01551,,GEDI_rh98_m(pending),0,Landsat_C2_L2,regimeC_v0_CLCD+NDVI,v0
afforestation,SAIH_AFF_r44c30,early_restoration,0.4816,0.01882,,GEDI_rh98_m(pending),0,Landsat_C2_L2,regimeC_v0_CLCD+NDVI,v0
afforestation,SAIH_AFF_r44c31,stable_restoration,0.8414,0.0048,,GEDI_rh98_m(pending),0,Landsat_C2_L2,regimeC_v0_CLCD+NDVI,v0
afforestation,SAIH_AFF_r44c32,stable_restoration,1.0052,0.0031,,GEDI_rh98_m(pending),0,Landsat_C2_L2,regimeC_v0_CLCD+NDVI,v0
afforestation,SAIH_AFF_r44c33,stable_restoration,1.0224,0.00393,,GEDI_rh98_m(pending),0,Landsat_C2_L2,regimeC_v0_CLCD+NDVI,v0
afforestation,SAIH_AFF_r44c34,stable_restoration,1.0062,0.00556,,GEDI_rh98_m(pending),0,Landsat_C2_L2,regimeC_v0_CLCD+NDVI,v0
afforestation,SAIH_AFF_r44c35,stable_restoration,1.0276,0.00474,,GEDI_rh98_m(pending),0,Landsat_C2_L2,regimeC_v0_CLCD+NDVI,v0
afforestation,SAIH_AFF_r44c36,stable_restoration,1.014,0.00612,,GEDI_rh98_m(pending),0,Landsat_C2_L2,regimeC_v0_CLCD+NDVI,v0
afforestation,SAIH_AFF_r44c37,stable_restoration,0.9667,0.00127,,GEDI_rh98_m(pending),0,Landsat_C2_L2,regimeC_v0_CLCD+NDVI,v0
afforestation,SAIH_AFF_r44c38,stable_restoration,0.9695,-0.00041,,GEDI_rh98_m(pending),0,Landsat_C2_L2,regimeC_v0_CLCD+NDVI,v0
afforestation,SAIH_AFF_r44c39,stable_restoration,0.8971,0.0036,,GEDI_rh98_m(pending),0,Landsat_C2_L2,regimeC_v0_CLCD+NDVI,v0
afforestation,SAIH_AFF_r44c40,stable_restoration,0.9894,0.00891,,GEDI_rh98_m(pending),0,Landsat_C2_L2,regimeC_v0_CLCD+NDVI,v0
afforestation,SAIH_AFF_r44c41,stable_restoration,0.8163,0.00454,,GEDI_rh98_m(pending),0,Landsat_C2_L2,regimeC_v0_CLCD+NDVI,v0
afforestation,SAIH_AFF_r44c42,stable_restoration,0.7789,0.00576,,GEDI_rh98_m(pending),0,Landsat_C2_L2,regimeC_v0_CLCD+NDVI,v0
afforestation,SAIH_AFF_r44c43,stable_restoration,0.8943,0.00047,,GEDI_rh98_m(pending),0,Landsat_C2_L2,regimeC_v0_CLCD+NDVI,v0
afforestation,SAIH_AFF_r44c44,stable_restoration,1.0202,0.00167,,GEDI_rh98_m(pending),0,Landsat_C2_L2,regimeC_v0_CLCD+NDVI,v0
afforestation,SAIH_AFF_r44c45,stable_restoration,1.0304,0.00074,,GEDI_rh98_m(pending),0,Landsat_C2_L2,regimeC_v0_CLCD+NDVI,v0
afforestation,SAIH_AFF_r44c46,stable_restoration,1.0157,0.00275,,GEDI_rh98_m(pending),0,Landsat_C2_L2,regimeC_v0_CLCD+NDVI,v0
afforestation,SAIH_AFF_r44c47,stable_restoration,1.0369,0.00223,,GEDI_rh98_m(pending),0,Landsat_C2_L2,regimeC_v0_CLCD+NDVI,v0
afforestation,SAIH_AFF_r44c48,stable_restoration,1.0146,0.00065,,GEDI_rh98_m(pending),0,Landsat_C2_L2,regimeC_v0_CLCD+NDVI,v0
afforestation,SAIH_AFF_r44c49,stable_restoration,1.0313,0.00097,,GEDI_rh98_m(pending),0,Landsat_C2_L2,regimeC_v0_CLCD+NDVI,v0
afforestation,SAIH_AFF_r44c50,stable_restoration,1.0074,0.00124,,GEDI_rh98_m(pending),0,Landsat_C2_L2,regimeC_v0_CLCD+NDVI,v0
afforestation,SAIH_AFF_r44c51,stable_restoration,1.0335,0.00186,,GEDI_rh98_m(pending),0,Landsat_C2_L2,regimeC_v0_CLCD+NDVI,v0
afforestation,SAIH_AFF_r44c52,stable_restoration,1.0118,0.01458,,GEDI_rh98_m(pending),0,Landsat_C2_L2,regimeC_v0_CLCD+NDVI,v0
afforestation,SAIH_AFF_r44c53,stable_restoration,0.9131,0.0145,,GEDI_rh98_m(pending),0,Landsat_C2_L2,regimeC_v0_CLCD+NDVI,v0
afforestation,SAIH_AFF_r44c54,stable_restoration,0.7449,0.02071,,GEDI_rh98_m(pending),0,Landsat_C2_L2,regimeC_v0_CLCD+NDVI,v0
afforestation,SAIH_AFF_r44c55,early_restoration,0.4909,0.02711,,GEDI_rh98_m(pending),0,Landsat_C2_L2,regimeC_v0_CLCD+NDVI,v0
afforestation,SAIH_AFF_r44c56,early_restoration,0.3716,0.00788,,GEDI_rh98_m(pending),0,Landsat_C2_L2,regimeC_v0_CLCD+NDVI,v0
afforestation,SAIH_AFF_r44c57,early_restoration,0.5594,0.00785,,GEDI_rh98_m(pending),0,Landsat_C2_L2,regimeC_v0_CLCD+NDVI,v0
afforestation,SAIH_AFF_r44c58,early_restoration,0.3934,0.00617,,GEDI_rh98_m(pending),0,Landsat_C2_L2,regimeC_v0_CLCD+NDVI,v0
afforestation,SAIH_AFF_r44c59,stable_restoration,0.8085,0.00569,,GEDI_rh98_m(pending),0,Landsat_C2_L2,regimeC_v0_CLCD+NDVI,v0
afforestation,SAIH_AFF_r44c60,early_restoration,0.6579,0.01312,,GEDI_rh98_m(pending),0,Landsat_C2_L2,regimeC_v0_CLCD+NDVI,v0
afforestation,SAIH_AFF_r44c61,early_restoration,0.3789,0.00156,,GEDI_rh98_m(pending),0,Landsat_C2_L2,regimeC_v0_CLCD+NDVI,v0
afforestation,SAIH_AFF_r44c62,degraded,0.2513,0.00501,,GEDI_rh98_m(pending),0,Landsat_C2_L2,regimeC_v0_CLCD+NDVI,v0
afforestation,SAIH_AFF_r44c63,stable_restoration,0.6926,0.00905,,GEDI_rh98_m(pending),0,Landsat_C2_L2,regimeC_v0_CLCD+NDVI,v0
afforestation,SAIH_AFF_r44c64,stable_restoration,0.9255,0.00876,,GEDI_rh98_m(pending),0,Landsat_C2_L2,regimeC_v0_CLCD+NDVI,v0
afforestation,SAIH_AFF_r45c03,degraded,0.154,0.00573,,GEDI_rh98_m(pending),0,Landsat_C2_L2,regimeC_v0_CLCD+NDVI,v0
afforestation,SAIH_AFF_r45c26,early_restoration,0.5264,0.00388,,GEDI_rh98_m(pending),0,Landsat_C2_L2,regimeC_v0_CLCD+NDVI,v0
afforestation,SAIH_AFF_r45c27,stable_restoration,0.7267,0.01108,,GEDI_rh98_m(pending),0,Landsat_C2_L2,regimeC_v0_CLCD+NDVI,v0
afforestation,SAIH_AFF_r45c28,early_restoration,0.6392,0.01245,,GEDI_rh98_m(pending),0,Landsat_C2_L2,regimeC_v0_CLCD+NDVI,v0
afforestation,SAIH_AFF_r45c29,stable_restoration,0.994,0.0078,,GEDI_rh98_m(pending),0,Landsat_C2_L2,regimeC_v0_CLCD+NDVI,v0
afforestation,SAIH_AFF_r45c30,stable_restoration,0.8266,0.01449,,GEDI_rh98_m(pending),0,Landsat_C2_L2,regimeC_v0_CLCD+NDVI,v0
afforestation,SAIH_AFF_r45c31,stable_restoration,0.9567,0.00664,,GEDI_rh98_m(pending),0,Landsat_C2_L2,regimeC_v0_CLCD+NDVI,v0
afforestation,SAIH_AFF_r45c32,stable_restoration,0.9671,0.00819,,GEDI_rh98_m(pending),0,Landsat_C2_L2,regimeC_v0_CLCD+NDVI,v0
afforestation,SAIH_AFF_r45c33,stable_restoration,1.0106,0.00419,,GEDI_rh98_m(pending),0,Landsat_C2_L2,regimeC_v0_CLCD+NDVI,v0
afforestation,SAIH_AFF_r45c34,stable_restoration,0.9619,0.01005,,GEDI_rh98_m(pending),0,Landsat_C2_L2,regimeC_v0_CLCD+NDVI,v0
afforestation,SAIH_AFF_r45c35,stable_restoration,1.0083,0.00249,,GEDI_rh98_m(pending),0,Landsat_C2_L2,regimeC_v0_CLCD+NDVI,v0
afforestation,SAIH_AFF_r45c36,stable_restoration,1.0203,0.00501,,GEDI_rh98_m(pending),0,Landsat_C2_L2,regimeC_v0_CLCD+NDVI,v0
afforestation,SAIH_AFF_r45c37,stable_restoration,0.9362,-1e-05,,GEDI_rh98_m(pending),0,Landsat_C2_L2,regimeC_v0_CLCD+NDVI,v0
afforestation,SAIH_AFF_r45c38,stable_restoration,1.0094,0.00036,,GEDI_rh98_m(pending),0,Landsat_C2_L2,regimeC_v0_CLCD+NDVI,v0
afforestation,SAIH_AFF_r45c39,stable_restoration,0.9933,0.00226,,GEDI_rh98_m(pending),0,Landsat_C2_L2,regimeC_v0_CLCD+NDVI,v0
afforestation,SAIH_AFF_r45c40,stable_restoration,0.8838,0.01191,,GEDI_rh98_m(pending),0,Landsat_C2_L2,regimeC_v0_CLCD+NDVI,v0
afforestation,SAIH_AFF_r45c41,stable_restoration,0.7656,0.01507,,GEDI_rh98_m(pending),0,Landsat_C2_L2,regimeC_v0_CLCD+NDVI,v0
afforestation,SAIH_AFF_r45c42,stable_restoration,0.86,0.01867,,GEDI_rh98_m(pending),0,Landsat_C2_L2,regimeC_v0_CLCD+NDVI,v0
afforestation,SAIH_AFF_r45c43,stable_restoration,0.9287,0.00119,,GEDI_rh98_m(pending),0,Landsat_C2_L2,regimeC_v0_CLCD+NDVI,v0
afforestation,SAIH_AFF_r45c44,stable_restoration,1.0322,0.00065,,GEDI_rh98_m(pending),0,Landsat_C2_L2,regimeC_v0_CLCD+NDVI,v0
afforestation,SAIH_AFF_r45c45,stable_restoration,1.0239,0.00084,,GEDI_rh98_m(pending),0,Landsat_C2_L2,regimeC_v0_CLCD+NDVI,v0
afforestation,SAIH_AFF_r45c46,stable_restoration,0.994,0.00696,,GEDI_rh98_m(pending),0,Landsat_C2_L2,regimeC_v0_CLCD+NDVI,v0
afforestation,SAIH_AFF_r45c47,stable_restoration,1.0008,0.00824,,GEDI_rh98_m(pending),0,Landsat_C2_L2,regimeC_v0_CLCD+NDVI,v0
afforestation,SAIH_AFF_r45c48,stable_restoration,1.0083,0.00153,,GEDI_rh98_m(pending),0,Landsat_C2_L2,regimeC_v0_CLCD+NDVI,v0
afforestation,SAIH_AFF_r45c49,stable_restoration,1.0272,0.00041,,GEDI_rh98_m(pending),0,Landsat_C2_L2,regimeC_v0_CLCD+NDVI,v0
afforestation,SAIH_AFF_r45c50,stable_restoration,0.9623,0.00154,,GEDI_rh98_m(pending),0,Landsat_C2_L2,regimeC_v0_CLCD+NDVI,v0
afforestation,SAIH_AFF_r45c51,stable_restoration,0.9018,0.00894,,GEDI_rh98_m(pending),0,Landsat_C2_L2,regimeC_v0_CLCD+NDVI,v0
afforestation,SAIH_AFF_r45c52,stable_restoration,1.0077,0.00978,,GEDI_rh98_m(pending),0,Landsat_C2_L2,regimeC_v0_CLCD+NDVI,v0
afforestation,SAIH_AFF_r45c53,stable_restoration,0.8486,0.03295,,GEDI_rh98_m(pending),0,Landsat_C2_L2,regimeC_v0_CLCD+NDVI,v0
afforestation,SAIH_AFF_r45c54,early_restoration,0.6512,0.02026,,GEDI_rh98_m(pending),0,Landsat_C2_L2,regimeC_v0_CLCD+NDVI,v0
afforestation,SAIH_AFF_r45c55,early_restoration,0.4952,0.02483,,GEDI_rh98_m(pending),0,Landsat_C2_L2,regimeC_v0_CLCD+NDVI,v0
afforestation,SAIH_AFF_r45c58,degraded,0.3267,0.00561,,GEDI_rh98_m(pending),0,Landsat_C2_L2,regimeC_v0_CLCD+NDVI,v0
afforestation,SAIH_AFF_r45c59,early_restoration,0.6506,0.00386,,GEDI_rh98_m(pending),0,Landsat_C2_L2,regimeC_v0_CLCD+NDVI,v0
afforestation,SAIH_AFF_r45c60,early_restoration,0.3858,0.00927,,GEDI_rh98_m(pending),0,Landsat_C2_L2,regimeC_v0_CLCD+NDVI,v0
afforestation,SAIH_AFF_r45c61,early_restoration,0.6564,0.00512,,GEDI_rh98_m(pending),0,Landsat_C2_L2,regimeC_v0_CLCD+NDVI,v0
afforestation,SAIH_AFF_r45c62,stable_restoration,0.8595,0.00669,,GEDI_rh98_m(pending),0,Landsat_C2_L2,regimeC_v0_CLCD+NDVI,v0
afforestation,SAIH_AFF_r45c63,stable_restoration,1.0329,0.00527,,GEDI_rh98_m(pending),0,Landsat_C2_L2,regimeC_v0_CLCD+NDVI,v0
afforestation,SAIH_AFF_r45c64,stable_restoration,0.8418,0.00698,,GEDI_rh98_m(pending),0,Landsat_C2_L2,regimeC_v0_CLCD+NDVI,v0
afforestation,SAIH_AFF_r46c04,degraded,0.2873,0.01301,,GEDI_rh98_m(pending),0,Landsat_C2_L2,regimeC_v0_CLCD+NDVI,v0
afforestation,SAIH_AFF_r46c22,degraded,0.1551,0.00739,,GEDI_rh98_m(pending),0,Landsat_C2_L2,regimeC_v0_CLCD+NDVI,v0
afforestation,SAIH_AFF_r46c25,degraded,0.2361,0.00635,,GEDI_rh98_m(pending),0,Landsat_C2_L2,regimeC_v0_CLCD+NDVI,v0
afforestation,SAIH_AFF_r46c26,early_restoration,0.4372,0.00422,,GEDI_rh98_m(pending),0,Landsat_C2_L2,regimeC_v0_CLCD+NDVI,v0
afforestation,SAIH_AFF_r46c27,stable_restoration,0.8137,0.0061,,GEDI_rh98_m(pending),0,Landsat_C2_L2,regimeC_v0_CLCD+NDVI,v0
afforestation,SAIH_AFF_r46c28,stable_restoration,1.0317,0.00174,,GEDI_rh98_m(pending),0,Landsat_C2_L2,regimeC_v0_CLCD+NDVI,v0
afforestation,SAIH_AFF_r46c29,stable_restoration,0.9653,0.00559,,GEDI_rh98_m(pending),0,Landsat_C2_L2,regimeC_v0_CLCD+NDVI,v0
afforestation,SAIH_AFF_r46c30,stable_restoration,0.9847,0.0093,,GEDI_rh98_m(pending),0,Landsat_C2_L2,regimeC_v0_CLCD+NDVI,v0
afforestation,SAIH_AFF_r46c31,stable_restoration,0.9567,0.01056,,GEDI_rh98_m(pending),0,Landsat_C2_L2,regimeC_v0_CLCD+NDVI,v0
afforestation,SAIH_AFF_r46c32,stable_restoration,0.9075,0.01216,,GEDI_rh98_m(pending),0,Landsat_C2_L2,regimeC_v0_CLCD+NDVI,v0
afforestation,SAIH_AFF_r46c33,stable_restoration,0.8423,0.01101,,GEDI_rh98_m(pending),0,Landsat_C2_L2,regimeC_v0_CLCD+NDVI,v0
afforestation,SAIH_AFF_r46c34,stable_restoration,0.9064,0.00899,,GEDI_rh98_m(pending),0,Landsat_C2_L2,regimeC_v0_CLCD+NDVI,v0
afforestation,SAIH_AFF_r46c35,stable_restoration,0.9898,0.00659,,GEDI_rh98_m(pending),0,Landsat_C2_L2,regimeC_v0_CLCD+NDVI,v0
afforestation,SAIH_AFF_r46c36,stable_restoration,0.9733,0.00814,,GEDI_rh98_m(pending),0,Landsat_C2_L2,regimeC_v0_CLCD+NDVI,v0
afforestation,SAIH_AFF_r46c37,stable_restoration,0.9241,-0.00065,,GEDI_rh98_m(pending),0,Landsat_C2_L2,regimeC_v0_CLCD+NDVI,v0
afforestation,SAIH_AFF_r46c38,stable_restoration,1.0363,0.00083,,GEDI_rh98_m(pending),0,Landsat_C2_L2,regimeC_v0_CLCD+NDVI,v0
afforestation,SAIH_AFF_r46c39,stable_restoration,1.0208,0.00149,,GEDI_rh98_m(pending),0,Landsat_C2_L2,regimeC_v0_CLCD+NDVI,v0
afforestation,SAIH_AFF_r46c40,stable_restoration,0.9948,0.0037,,GEDI_rh98_m(pending),0,Landsat_C2_L2,regimeC_v0_CLCD+NDVI,v0
afforestation,SAIH_AFF_r46c41,stable_restoration,0.9751,0.00285,,GEDI_rh98_m(pending),0,Landsat_C2_L2,regimeC_v0_CLCD+NDVI,v0
afforestation,SAIH_AFF_r46c42,stable_restoration,0.681,0.00626,,GEDI_rh98_m(pending),0,Landsat_C2_L2,regimeC_v0_CLCD+NDVI,v0
afforestation,SAIH_AFF_r46c43,stable_restoration,0.8406,0.00422,,GEDI_rh98_m(pending),0,Landsat_C2_L2,regimeC_v0_CLCD+NDVI,v0
afforestation,SAIH_AFF_r46c44,stable_restoration,0.9435,0.00258,,GEDI_rh98_m(pending),0,Landsat_C2_L2,regimeC_v0_CLCD+NDVI,v0
afforestation,SAIH_AFF_r46c45,stable_restoration,0.9819,0.00042,,GEDI_rh98_m(pending),0,Landsat_C2_L2,regimeC_v0_CLCD+NDVI,v0
afforestation,SAIH_AFF_r46c46,stable_restoration,0.9201,0.00855,,GEDI_rh98_m(pending),0,Landsat_C2_L2,regimeC_v0_CLCD+NDVI,v0
afforestation,SAIH_AFF_r46c47,stable_restoration,1.0111,0.00175,,GEDI_rh98_m(pending),0,Landsat_C2_L2,regimeC_v0_CLCD+NDVI,v0
afforestation,SAIH_AFF_r46c48,stable_restoration,0.986,0.00105,,GEDI_rh98_m(pending),0,Landsat_C2_L2,regimeC_v0_CLCD+NDVI,v0
afforestation,SAIH_AFF_r46c49,stable_restoration,1.0031,0.00091,,GEDI_rh98_m(pending),0,Landsat_C2_L2,regimeC_v0_CLCD+NDVI,v0
afforestation,SAIH_AFF_r46c50,stable_restoration,0.9813,0.00303,,GEDI_rh98_m(pending),0,Landsat_C2_L2,regimeC_v0_CLCD+NDVI,v0
afforestation,SAIH_AFF_r46c51,early_restoration,0.6592,0.00593,,GEDI_rh98_m(pending),0,Landsat_C2_L2,regimeC_v0_CLCD+NDVI,v0
afforestation,SAIH_AFF_r46c52,stable_restoration,0.9401,0.00495,,GEDI_rh98_m(pending),0,Landsat_C2_L2,regimeC_v0_CLCD+NDVI,v0
afforestation,SAIH_AFF_r46c53,stable_restoration,0.8446,0.01972,,GEDI_rh98_m(pending),0,Landsat_C2_L2,regimeC_v0_CLCD+NDVI,v0
afforestation,SAIH_AFF_r46c54,early_restoration,0.6071,0.0136,,GEDI_rh98_m(pending),0,Landsat_C2_L2,regimeC_v0_CLCD+NDVI,v0
afforestation,SAIH_AFF_r46c55,stable_restoration,0.7744,0.02206,,GEDI_rh98_m(pending),0,Landsat_C2_L2,regimeC_v0_CLCD+NDVI,v0
afforestation,SAIH_AFF_r46c56,early_restoration,0.3319,0.00987,,GEDI_rh98_m(pending),0,Landsat_C2_L2,regimeC_v0_CLCD+NDVI,v0
afforestation,SAIH_AFF_r46c58,early_restoration,0.6546,0.01476,,GEDI_rh98_m(pending),0,Landsat_C2_L2,regimeC_v0_CLCD+NDVI,v0
afforestation,SAIH_AFF_r46c59,early_restoration,0.4829,0.0126,,GEDI_rh98_m(pending),0,Landsat_C2_L2,regimeC_v0_CLCD+NDVI,v0
afforestation,SAIH_AFF_r46c60,stable_restoration,0.8019,0.00322,,GEDI_rh98_m(pending),0,Landsat_C2_L2,regimeC_v0_CLCD+NDVI,v0
afforestation,SAIH_AFF_r46c61,stable_restoration,0.9871,0.00109,,GEDI_rh98_m(pending),0,Landsat_C2_L2,regimeC_v0_CLCD+NDVI,v0
afforestation,SAIH_AFF_r46c62,stable_restoration,1.0054,0.00485,,GEDI_rh98_m(pending),0,Landsat_C2_L2,regimeC_v0_CLCD+NDVI,v0
afforestation,SAIH_AFF_r46c63,early_restoration,0.6169,0.00834,,GEDI_rh98_m(pending),0,Landsat_C2_L2,regimeC_v0_CLCD+NDVI,v0
afforestation,SAIH_AFF_r46c64,stable_restoration,0.6786,0.01014,,GEDI_rh98_m(pending),0,Landsat_C2_L2,regimeC_v0_CLCD+NDVI,v0
afforestation,SAIH_AFF_r47c25,early_restoration,0.6045,0.01012,,GEDI_rh98_m(pending),0,Landsat_C2_L2,regimeC_v0_CLCD+NDVI,v0
afforestation,SAIH_AFF_r47c26,stable_restoration,0.7021,0.00536,,GEDI_rh98_m(pending),0,Landsat_C2_L2,regimeC_v0_CLCD+NDVI,v0
afforestation,SAIH_AFF_r47c27,stable_restoration,0.9705,0.00221,,GEDI_rh98_m(pending),0,Landsat_C2_L2,regimeC_v0_CLCD+NDVI,v0
afforestation,SAIH_AFF_r47c28,stable_restoration,1.0329,0.00058,,GEDI_rh98_m(pending),0,Landsat_C2_L2,regimeC_v0_CLCD+NDVI,v0
afforestation,SAIH_AFF_r47c29,stable_restoration,1.0374,0.00085,,GEDI_rh98_m(pending),0,Landsat_C2_L2,regimeC_v0_CLCD+NDVI,v0
afforestation,SAIH_AFF_r47c30,stable_restoration,0.9993,0.00405,,GEDI_rh98_m(pending),0,Landsat_C2_L2,regimeC_v0_CLCD+NDVI,v0
afforestation,SAIH_AFF_r47c31,stable_restoration,1.0014,0.00148,,GEDI_rh98_m(pending),0,Landsat_C2_L2,regimeC_v0_CLCD+NDVI,v0
afforestation,SAIH_AFF_r47c32,stable_restoration,0.8206,0.01933,,GEDI_rh98_m(pending),0,Landsat_C2_L2,regimeC_v0_CLCD+NDVI,v0
afforestation,SAIH_AFF_r47c33,stable_restoration,0.749,0.00439,,GEDI_rh98_m(pending),0,Landsat_C2_L2,regimeC_v0_CLCD+NDVI,v0
afforestation,SAIH_AFF_r47c34,stable_restoration,0.9499,0.01201,,GEDI_rh98_m(pending),0,Landsat_C2_L2,regimeC_v0_CLCD+NDVI,v0
afforestation,SAIH_AFF_r47c35,stable_restoration,0.8148,0.02219,,GEDI_rh98_m(pending),0,Landsat_C2_L2,regimeC_v0_CLCD+NDVI,v0
afforestation,SAIH_AFF_r47c36,stable_restoration,0.8875,0.01695,,GEDI_rh98_m(pending),0,Landsat_C2_L2,regimeC_v0_CLCD+NDVI,v0
afforestation,SAIH_AFF_r47c37,stable_restoration,1.0088,0.00748,,GEDI_rh98_m(pending),0,Landsat_C2_L2,regimeC_v0_CLCD+NDVI,v0
afforestation,SAIH_AFF_r47c38,stable_restoration,0.9344,0.00103,,GEDI_rh98_m(pending),0,Landsat_C2_L2,regimeC_v0_CLCD+NDVI,v0
afforestation,SAIH_AFF_r47c39,stable_restoration,1.0345,0.00069,,GEDI_rh98_m(pending),0,Landsat_C2_L2,regimeC_v0_CLCD+NDVI,v0
afforestation,SAIH_AFF_r47c40,stable_restoration,1.0078,-0.00011,,GEDI_rh98_m(pending),0,Landsat_C2_L2,regimeC_v0_CLCD+NDVI,v0
afforestation,SAIH_AFF_r47c41,stable_restoration,0.9974,0.00114,,GEDI_rh98_m(pending),0,Landsat_C2_L2,regimeC_v0_CLCD+NDVI,v0
afforestation,SAIH_AFF_r47c42,stable_restoration,0.7485,0.00238,,GEDI_rh98_m(pending),0,Landsat_C2_L2,regimeC_v0_CLCD+NDVI,v0
afforestation,SAIH_AFF_r47c43,early_restoration,0.4863,0.00783,,GEDI_rh98_m(pending),0,Landsat_C2_L2,regimeC_v0_CLCD+NDVI,v0
afforestation,SAIH_AFF_r47c44,early_restoration,0.6421,0.01005,,GEDI_rh98_m(pending),0,Landsat_C2_L2,regimeC_v0_CLCD+NDVI,v0
afforestation,SAIH_AFF_r47c45,stable_restoration,1.0155,0.0016,,GEDI_rh98_m(pending),0,Landsat_C2_L2,regimeC_v0_CLCD+NDVI,v0
afforestation,SAIH_AFF_r47c46,stable_restoration,0.9373,0.01165,,GEDI_rh98_m(pending),0,Landsat_C2_L2,regimeC_v0_CLCD+NDVI,v0
afforestation,SAIH_AFF_r47c47,stable_restoration,1.0231,0.00618,,GEDI_rh98_m(pending),0,Landsat_C2_L2,regimeC_v0_CLCD+NDVI,v0
afforestation,SAIH_AFF_r47c48,stable_restoration,0.9624,0.00444,,GEDI_rh98_m(pending),0,Landsat_C2_L2,regimeC_v0_CLCD+NDVI,v0
afforestation,SAIH_AFF_r47c49,stable_restoration,0.9699,0.0013,,GEDI_rh98_m(pending),0,Landsat_C2_L2,regimeC_v0_CLCD+NDVI,v0
afforestation,SAIH_AFF_r47c50,stable_restoration,0.9673,0.00312,,GEDI_rh98_m(pending),0,Landsat_C2_L2,regimeC_v0_CLCD+NDVI,v0
afforestation,SAIH_AFF_r47c51,stable_restoration,0.7565,0.0097,,GEDI_rh98_m(pending),0,Landsat_C2_L2,regimeC_v0_CLCD+NDVI,v0
afforestation,SAIH_AFF_r47c52,stable_restoration,0.9178,0.00119,,GEDI_rh98_m(pending),0,Landsat_C2_L2,regimeC_v0_CLCD+NDVI,v0
afforestation,SAIH_AFF_r47c53,stable_restoration,0.8548,0.01219,,GEDI_rh98_m(pending),0,Landsat_C2_L2,regimeC_v0_CLCD+NDVI,v0
afforestation,SAIH_AFF_r47c54,stable_restoration,0.717,0.01572,,GEDI_rh98_m(pending),0,Landsat_C2_L2,regimeC_v0_CLCD+NDVI,v0
afforestation,SAIH_AFF_r47c55,early_restoration,0.4912,0.01108,,GEDI_rh98_m(pending),0,Landsat_C2_L2,regimeC_v0_CLCD+NDVI,v0
afforestation,SAIH_AFF_r47c56,stable_restoration,0.6712,0.02066,,GEDI_rh98_m(pending),0,Landsat_C2_L2,regimeC_v0_CLCD+NDVI,v0
afforestation,SAIH_AFF_r47c57,degraded,0.1374,0.0107,,GEDI_rh98_m(pending),0,Landsat_C2_L2,regimeC_v0_CLCD+NDVI,v0
afforestation,SAIH_AFF_r47c58,early_restoration,0.4326,0.01157,,GEDI_rh98_m(pending),0,Landsat_C2_L2,regimeC_v0_CLCD+NDVI,v0
afforestation,SAIH_AFF_r47c59,stable_restoration,0.6844,0.00498,,GEDI_rh98_m(pending),0,Landsat_C2_L2,regimeC_v0_CLCD+NDVI,v0
afforestation,SAIH_AFF_r47c60,stable_restoration,0.8092,0.00212,,GEDI_rh98_m(pending),0,Landsat_C2_L2,regimeC_v0_CLCD+NDVI,v0
afforestation,SAIH_AFF_r47c61,stable_restoration,0.8452,0.00193,,GEDI_rh98_m(pending),0,Landsat_C2_L2,regimeC_v0_CLCD+NDVI,v0
afforestation,SAIH_AFF_r47c62,stable_restoration,0.7261,0.00532,,GEDI_rh98_m(pending),0,Landsat_C2_L2,regimeC_v0_CLCD+NDVI,v0
afforestation,SAIH_AFF_r47c63,early_restoration,0.3817,0.00852,,GEDI_rh98_m(pending),0,Landsat_C2_L2,regimeC_v0_CLCD+NDVI,v0
afforestation,SAIH_AFF_r47c64,early_restoration,0.4475,0.00139,,GEDI_rh98_m(pending),0,Landsat_C2_L2,regimeC_v0_CLCD+NDVI,v0
afforestation,SAIH_AFF_r48c25,early_restoration,0.4413,0.00526,,GEDI_rh98_m(pending),0,Landsat_C2_L2,regimeC_v0_CLCD+NDVI,v0
afforestation,SAIH_AFF_r48c26,stable_restoration,0.7038,0.00396,,GEDI_rh98_m(pending),0,Landsat_C2_L2,regimeC_v0_CLCD+NDVI,v0
afforestation,SAIH_AFF_r48c27,stable_restoration,0.9997,0.00202,,GEDI_rh98_m(pending),0,Landsat_C2_L2,regimeC_v0_CLCD+NDVI,v0
afforestation,SAIH_AFF_r48c28,stable_restoration,1.0083,0.00189,,GEDI_rh98_m(pending),0,Landsat_C2_L2,regimeC_v0_CLCD+NDVI,v0
afforestation,SAIH_AFF_r48c29,stable_restoration,1.0254,0.00286,,GEDI_rh98_m(pending),0,Landsat_C2_L2,regimeC_v0_CLCD+NDVI,v0
afforestation,SAIH_AFF_r48c30,stable_restoration,1.0323,0.00178,,GEDI_rh98_m(pending),0,Landsat_C2_L2,regimeC_v0_CLCD+NDVI,v0
afforestation,SAIH_AFF_r48c31,stable_restoration,0.9053,0.00587,,GEDI_rh98_m(pending),0,Landsat_C2_L2,regimeC_v0_CLCD+NDVI,v0
afforestation,SAIH_AFF_r48c32,stable_restoration,0.9264,0.01817,,GEDI_rh98_m(pending),0,Landsat_C2_L2,regimeC_v0_CLCD+NDVI,v0
afforestation,SAIH_AFF_r48c33,stable_restoration,0.7433,0.00975,,GEDI_rh98_m(pending),0,Landsat_C2_L2,regimeC_v0_CLCD+NDVI,v0
afforestation,SAIH_AFF_r48c34,stable_restoration,0.9682,0.00399,,GEDI_rh98_m(pending),0,Landsat_C2_L2,regimeC_v0_CLCD+NDVI,v0
afforestation,SAIH_AFF_r48c35,stable_restoration,0.78,0.0171,,GEDI_rh98_m(pending),0,Landsat_C2_L2,regimeC_v0_CLCD+NDVI,v0
afforestation,SAIH_AFF_r48c36,stable_restoration,0.9293,0.01181,,GEDI_rh98_m(pending),0,Landsat_C2_L2,regimeC_v0_CLCD+NDVI,v0
afforestation,SAIH_AFF_r48c37,stable_restoration,1.0042,0.0169,,GEDI_rh98_m(pending),0,Landsat_C2_L2,regimeC_v0_CLCD+NDVI,v0
afforestation,SAIH_AFF_r48c38,stable_restoration,0.9653,0.00428,,GEDI_rh98_m(pending),0,Landsat_C2_L2,regimeC_v0_CLCD+NDVI,v0
afforestation,SAIH_AFF_r48c39,stable_restoration,1.0111,0.00041,,GEDI_rh98_m(pending),0,Landsat_C2_L2,regimeC_v0_CLCD+NDVI,v0
afforestation,SAIH_AFF_r48c40,stable_restoration,1.0274,0.00054,,GEDI_rh98_m(pending),0,Landsat_C2_L2,regimeC_v0_CLCD+NDVI,v0
afforestation,SAIH_AFF_r48c41,stable_restoration,1.0243,0.00013,,GEDI_rh98_m(pending),0,Landsat_C2_L2,regimeC_v0_CLCD+NDVI,v0
afforestation,SAIH_AFF_r48c42,stable_restoration,0.9688,0.00063,,GEDI_rh98_m(pending),0,Landsat_C2_L2,regimeC_v0_CLCD+NDVI,v0
afforestation,SAIH_AFF_r48c43,stable_restoration,0.895,0.00314,,GEDI_rh98_m(pending),0,Landsat_C2_L2,regimeC_v0_CLCD+NDVI,v0
afforestation,SAIH_AFF_r48c44,early_restoration,0.6237,0.01238,,GEDI_rh98_m(pending),0,Landsat_C2_L2,regimeC_v0_CLCD+NDVI,v0
afforestation,SAIH_AFF_r48c45,stable_restoration,0.8125,0.00686,,GEDI_rh98_m(pending),0,Landsat_C2_L2,regimeC_v0_CLCD+NDVI,v0
afforestation,SAIH_AFF_r48c46,stable_restoration,0.8097,0.01363,,GEDI_rh98_m(pending),0,Landsat_C2_L2,regimeC_v0_CLCD+NDVI,v0
afforestation,SAIH_AFF_r48c47,stable_restoration,1.006,0.0025,,GEDI_rh98_m(pending),0,Landsat_C2_L2,regimeC_v0_CLCD+NDVI,v0
afforestation,SAIH_AFF_r48c48,stable_restoration,0.9579,0.00585,,GEDI_rh98_m(pending),0,Landsat_C2_L2,regimeC_v0_CLCD+NDVI,v0
afforestation,SAIH_AFF_r48c49,stable_restoration,0.9585,0.00917,,GEDI_rh98_m(pending),0,Landsat_C2_L2,regimeC_v0_CLCD+NDVI,v0
afforestation,SAIH_AFF_r48c50,stable_restoration,0.9578,0.00316,,GEDI_rh98_m(pending),0,Landsat_C2_L2,regimeC_v0_CLCD+NDVI,v0
afforestation,SAIH_AFF_r48c51,stable_restoration,0.6632,0.00865,,GEDI_rh98_m(pending),0,Landsat_C2_L2,regimeC_v0_CLCD+NDVI,v0
afforestation,SAIH_AFF_r48c52,stable_restoration,0.8801,0.00862,,GEDI_rh98_m(pending),0,Landsat_C2_L2,regimeC_v0_CLCD+NDVI,v0
afforestation,SAIH_AFF_r48c53,stable_restoration,0.9316,0.00647,,GEDI_rh98_m(pending),0,Landsat_C2_L2,regimeC_v0_CLCD+NDVI,v0
afforestation,SAIH_AFF_r48c54,stable_restoration,0.8337,0.00472,,GEDI_rh98_m(pending),0,Landsat_C2_L2,regimeC_v0_CLCD+NDVI,v0
afforestation,SAIH_AFF_r48c55,stable_restoration,0.7049,0.00422,,GEDI_rh98_m(pending),0,Landsat_C2_L2,regimeC_v0_CLCD+NDVI,v0
afforestation,SAIH_AFF_r48c56,stable_restoration,0.7301,0.01089,,GEDI_rh98_m(pending),0,Landsat_C2_L2,regimeC_v0_CLCD+NDVI,v0
afforestation,SAIH_AFF_r48c57,degraded,0.2895,0.01267,,GEDI_rh98_m(pending),0,Landsat_C2_L2,regimeC_v0_CLCD+NDVI,v0
afforestation,SAIH_AFF_r48c59,stable_restoration,0.7342,0.00955,,GEDI_rh98_m(pending),0,Landsat_C2_L2,regimeC_v0_CLCD+NDVI,v0
afforestation,SAIH_AFF_r48c60,early_restoration,0.429,0.0079,,GEDI_rh98_m(pending),0,Landsat_C2_L2,regimeC_v0_CLCD+NDVI,v0
afforestation,SAIH_AFF_r48c61,early_restoration,0.5425,0.00234,,GEDI_rh98_m(pending),0,Landsat_C2_L2,regimeC_v0_CLCD+NDVI,v0
afforestation,SAIH_AFF_r48c62,stable_restoration,0.8469,0.01185,,GEDI_rh98_m(pending),0,Landsat_C2_L2,regimeC_v0_CLCD+NDVI,v0
afforestation,SAIH_AFF_r48c63,stable_restoration,0.6672,0.00937,,GEDI_rh98_m(pending),0,Landsat_C2_L2,regimeC_v0_CLCD+NDVI,v0
afforestation,SAIH_AFF_r48c64,early_restoration,0.4082,0.00443,,GEDI_rh98_m(pending),0,Landsat_C2_L2,regimeC_v0_CLCD+NDVI,v0
afforestation,SAIH_AFF_r49c20,degraded,0.3252,0.01629,,GEDI_rh98_m(pending),0,Landsat_C2_L2,regimeC_v0_CLCD+NDVI,v0
afforestation,SAIH_AFF_r49c22,degraded,0.2363,0.00521,,GEDI_rh98_m(pending),0,Landsat_C2_L2,regimeC_v0_CLCD+NDVI,v0
afforestation,SAIH_AFF_r49c23,degraded,0.2901,0.00771,,GEDI_rh98_m(pending),0,Landsat_C2_L2,regimeC_v0_CLCD+NDVI,v0
afforestation,SAIH_AFF_r49c24,early_restoration,0.4286,0.00968,,GEDI_rh98_m(pending),0,Landsat_C2_L2,regimeC_v0_CLCD+NDVI,v0
afforestation,SAIH_AFF_r49c25,stable_restoration,0.7621,0.01621,,GEDI_rh98_m(pending),0,Landsat_C2_L2,regimeC_v0_CLCD+NDVI,v0
afforestation,SAIH_AFF_r49c26,stable_restoration,0.9917,0.00701,,GEDI_rh98_m(pending),0,Landsat_C2_L2,regimeC_v0_CLCD+NDVI,v0
afforestation,SAIH_AFF_r49c27,stable_restoration,1.0243,0.00105,,GEDI_rh98_m(pending),0,Landsat_C2_L2,regimeC_v0_CLCD+NDVI,v0
afforestation,SAIH_AFF_r49c28,stable_restoration,1.0185,0.00193,,GEDI_rh98_m(pending),0,Landsat_C2_L2,regimeC_v0_CLCD+NDVI,v0
afforestation,SAIH_AFF_r49c29,stable_restoration,0.9539,0.00617,,GEDI_rh98_m(pending),0,Landsat_C2_L2,regimeC_v0_CLCD+NDVI,v0
afforestation,SAIH_AFF_r49c30,stable_restoration,0.9483,0.0084,,GEDI_rh98_m(pending),0,Landsat_C2_L2,regimeC_v0_CLCD+NDVI,v0
afforestation,SAIH_AFF_r49c31,stable_restoration,1.0231,0.00161,,GEDI_rh98_m(pending),0,Landsat_C2_L2,regimeC_v0_CLCD+NDVI,v0
afforestation,SAIH_AFF_r49c32,stable_restoration,0.9933,0.00719,,GEDI_rh98_m(pending),0,Landsat_C2_L2,regimeC_v0_CLCD+NDVI,v0
afforestation,SAIH_AFF_r49c33,early_restoration,0.5288,0.01232,,GEDI_rh98_m(pending),0,Landsat_C2_L2,regimeC_v0_CLCD+NDVI,v0
afforestation,SAIH_AFF_r49c34,stable_restoration,0.8996,0.01031,,GEDI_rh98_m(pending),0,Landsat_C2_L2,regimeC_v0_CLCD+NDVI,v0
afforestation,SAIH_AFF_r49c35,stable_restoration,0.8372,0.01682,,GEDI_rh98_m(pending),0,Landsat_C2_L2,regimeC_v0_CLCD+NDVI,v0
afforestation,SAIH_AFF_r49c36,stable_restoration,0.8996,0.00563,,GEDI_rh98_m(pending),0,Landsat_C2_L2,regimeC_v0_CLCD+NDVI,v0
afforestation,SAIH_AFF_r49c37,stable_restoration,0.9196,0.00664,,GEDI_rh98_m(pending),0,Landsat_C2_L2,regimeC_v0_CLCD+NDVI,v0
afforestation,SAIH_AFF_r49c38,stable_restoration,0.963,0.00476,,GEDI_rh98_m(pending),0,Landsat_C2_L2,regimeC_v0_CLCD+NDVI,v0
afforestation,SAIH_AFF_r49c39,stable_restoration,1.0099,0.00193,,GEDI_rh98_m(pending),0,Landsat_C2_L2,regimeC_v0_CLCD+NDVI,v0
afforestation,SAIH_AFF_r49c40,stable_restoration,0.9908,0.00199,,GEDI_rh98_m(pending),0,Landsat_C2_L2,regimeC_v0_CLCD+NDVI,v0
afforestation,SAIH_AFF_r49c41,stable_restoration,1.0283,0.00094,,GEDI_rh98_m(pending),0,Landsat_C2_L2,regimeC_v0_CLCD+NDVI,v0
afforestation,SAIH_AFF_r49c42,stable_restoration,1.0351,0.00018,,GEDI_rh98_m(pending),0,Landsat_C2_L2,regimeC_v0_CLCD+NDVI,v0
afforestation,SAIH_AFF_r49c43,stable_restoration,1.0243,0.00232,,GEDI_rh98_m(pending),0,Landsat_C2_L2,regimeC_v0_CLCD+NDVI,v0
afforestation,SAIH_AFF_r49c44,stable_restoration,0.903,0.00356,,GEDI_rh98_m(pending),0,Landsat_C2_L2,regimeC_v0_CLCD+NDVI,v0
afforestation,SAIH_AFF_r49c45,stable_restoration,0.7901,0.00724,,GEDI_rh98_m(pending),0,Landsat_C2_L2,regimeC_v0_CLCD+NDVI,v0
afforestation,SAIH_AFF_r49c46,early_restoration,0.404,0.00564,,GEDI_rh98_m(pending),0,Landsat_C2_L2,regimeC_v0_CLCD+NDVI,v0
afforestation,SAIH_AFF_r49c47,early_restoration,0.5511,0.0075,,GEDI_rh98_m(pending),0,Landsat_C2_L2,regimeC_v0_CLCD+NDVI,v0
afforestation,SAIH_AFF_r49c48,stable_restoration,0.8446,0.00619,,GEDI_rh98_m(pending),0,Landsat_C2_L2,regimeC_v0_CLCD+NDVI,v0
afforestation,SAIH_AFF_r49c49,stable_restoration,0.7388,0.00651,,GEDI_rh98_m(pending),0,Landsat_C2_L2,regimeC_v0_CLCD+NDVI,v0
afforestation,SAIH_AFF_r49c50,stable_restoration,0.9668,0.0013,,GEDI_rh98_m(pending),0,Landsat_C2_L2,regimeC_v0_CLCD+NDVI,v0
afforestation,SAIH_AFF_r49c51,stable_restoration,0.8703,0.00984,,GEDI_rh98_m(pending),0,Landsat_C2_L2,regimeC_v0_CLCD+NDVI,v0
afforestation,SAIH_AFF_r49c52,stable_restoration,0.9951,0.00336,,GEDI_rh98_m(pending),0,Landsat_C2_L2,regimeC_v0_CLCD+NDVI,v0
afforestation,SAIH_AFF_r49c53,early_restoration,0.5894,0.0039,,GEDI_rh98_m(pending),0,Landsat_C2_L2,regimeC_v0_CLCD+NDVI,v0
afforestation,SAIH_AFF_r49c54,early_restoration,0.6255,0.00468,,GEDI_rh98_m(pending),0,Landsat_C2_L2,regimeC_v0_CLCD+NDVI,v0
afforestation,SAIH_AFF_r49c55,early_restoration,0.4767,0.00732,,GEDI_rh98_m(pending),0,Landsat_C2_L2,regimeC_v0_CLCD+NDVI,v0
afforestation,SAIH_AFF_r49c56,early_restoration,0.5224,0.00843,,GEDI_rh98_m(pending),0,Landsat_C2_L2,regimeC_v0_CLCD+NDVI,v0
afforestation,SAIH_AFF_r49c57,early_restoration,0.3416,0.01454,,GEDI_rh98_m(pending),0,Landsat_C2_L2,regimeC_v0_CLCD+NDVI,v0
afforestation,SAIH_AFF_r49c59,early_restoration,0.3639,0.00781,,GEDI_rh98_m(pending),0,Landsat_C2_L2,regimeC_v0_CLCD+NDVI,v0
afforestation,SAIH_AFF_r49c60,early_restoration,0.6348,0.00852,,GEDI_rh98_m(pending),0,Landsat_C2_L2,regimeC_v0_CLCD+NDVI,v0
afforestation,SAIH_AFF_r49c61,early_restoration,0.4767,0.00696,,GEDI_rh98_m(pending),0,Landsat_C2_L2,regimeC_v0_CLCD+NDVI,v0
afforestation,SAIH_AFF_r49c62,early_restoration,0.5001,0.00429,,GEDI_rh98_m(pending),0,Landsat_C2_L2,regimeC_v0_CLCD+NDVI,v0
afforestation,SAIH_AFF_r49c63,stable_restoration,0.9774,0.00346,,GEDI_rh98_m(pending),0,Landsat_C2_L2,regimeC_v0_CLCD+NDVI,v0
afforestation,SAIH_AFF_r49c64,stable_restoration,0.9297,0.00833,,GEDI_rh98_m(pending),0,Landsat_C2_L2,regimeC_v0_CLCD+NDVI,v0
afforestation,SAIH_AFF_r50c23,degraded,0.2506,0.00879,,GEDI_rh98_m(pending),0,Landsat_C2_L2,regimeC_v0_CLCD+NDVI,v0
afforestation,SAIH_AFF_r50c24,early_restoration,0.5923,0.01804,,GEDI_rh98_m(pending),0,Landsat_C2_L2,regimeC_v0_CLCD+NDVI,v0
afforestation,SAIH_AFF_r50c25,stable_restoration,1.0027,0.00547,,GEDI_rh98_m(pending),0,Landsat_C2_L2,regimeC_v0_CLCD+NDVI,v0
afforestation,SAIH_AFF_r50c26,stable_restoration,0.986,0.00234,,GEDI_rh98_m(pending),0,Landsat_C2_L2,regimeC_v0_CLCD+NDVI,v0
afforestation,SAIH_AFF_r50c27,stable_restoration,0.9785,0.00365,,GEDI_rh98_m(pending),0,Landsat_C2_L2,regimeC_v0_CLCD+NDVI,v0
afforestation,SAIH_AFF_r50c28,stable_restoration,1.0351,0.00026,,GEDI_rh98_m(pending),0,Landsat_C2_L2,regimeC_v0_CLCD+NDVI,v0
afforestation,SAIH_AFF_r50c29,stable_restoration,1.0345,0.0033,,GEDI_rh98_m(pending),0,Landsat_C2_L2,regimeC_v0_CLCD+NDVI,v0
afforestation,SAIH_AFF_r50c30,stable_restoration,0.9831,0.01418,,GEDI_rh98_m(pending),0,Landsat_C2_L2,regimeC_v0_CLCD+NDVI,v0
afforestation,SAIH_AFF_r50c31,stable_restoration,1.0163,0.00482,,GEDI_rh98_m(pending),0,Landsat_C2_L2,regimeC_v0_CLCD+NDVI,v0
afforestation,SAIH_AFF_r50c32,stable_restoration,0.9167,0.00824,,GEDI_rh98_m(pending),0,Landsat_C2_L2,regimeC_v0_CLCD+NDVI,v0
afforestation,SAIH_AFF_r50c33,stable_restoration,0.7599,0.00254,,GEDI_rh98_m(pending),0,Landsat_C2_L2,regimeC_v0_CLCD+NDVI,v0
afforestation,SAIH_AFF_r50c34,early_restoration,0.5739,0.00728,,GEDI_rh98_m(pending),0,Landsat_C2_L2,regimeC_v0_CLCD+NDVI,v0
afforestation,SAIH_AFF_r50c35,early_restoration,0.4301,0.00821,,GEDI_rh98_m(pending),0,Landsat_C2_L2,regimeC_v0_CLCD+NDVI,v0
afforestation,SAIH_AFF_r50c36,stable_restoration,0.7067,0.00435,,GEDI_rh98_m(pending),0,Landsat_C2_L2,regimeC_v0_CLCD+NDVI,v0
afforestation,SAIH_AFF_r50c37,stable_restoration,0.9494,0.0054,,GEDI_rh98_m(pending),0,Landsat_C2_L2,regimeC_v0_CLCD+NDVI,v0
afforestation,SAIH_AFF_r50c38,stable_restoration,1.0134,0.0096,,GEDI_rh98_m(pending),0,Landsat_C2_L2,regimeC_v0_CLCD+NDVI,v0
afforestation,SAIH_AFF_r50c39,stable_restoration,1.034,0.00431,,GEDI_rh98_m(pending),0,Landsat_C2_L2,regimeC_v0_CLCD+NDVI,v0
afforestation,SAIH_AFF_r50c40,stable_restoration,1.0218,-0.00085,,GEDI_rh98_m(pending),0,Landsat_C2_L2,regimeC_v0_CLCD+NDVI,v0
afforestation,SAIH_AFF_r50c41,stable_restoration,1.0317,0.00021,,GEDI_rh98_m(pending),0,Landsat_C2_L2,regimeC_v0_CLCD+NDVI,v0
afforestation,SAIH_AFF_r50c42,stable_restoration,0.9871,0.00076,,GEDI_rh98_m(pending),0,Landsat_C2_L2,regimeC_v0_CLCD+NDVI,v0
afforestation,SAIH_AFF_r50c43,stable_restoration,1.0042,0.00052,,GEDI_rh98_m(pending),0,Landsat_C2_L2,regimeC_v0_CLCD+NDVI,v0
afforestation,SAIH_AFF_r50c44,stable_restoration,1.026,0.00288,,GEDI_rh98_m(pending),0,Landsat_C2_L2,regimeC_v0_CLCD+NDVI,v0
afforestation,SAIH_AFF_r50c45,stable_restoration,0.8092,0.0051,,GEDI_rh98_m(pending),0,Landsat_C2_L2,regimeC_v0_CLCD+NDVI,v0
afforestation,SAIH_AFF_r50c46,stable_restoration,0.7811,0.0102,,GEDI_rh98_m(pending),0,Landsat_C2_L2,regimeC_v0_CLCD+NDVI,v0
afforestation,SAIH_AFF_r50c47,stable_restoration,0.7027,0.01763,,GEDI_rh98_m(pending),0,Landsat_C2_L2,regimeC_v0_CLCD+NDVI,v0
afforestation,SAIH_AFF_r50c48,early_restoration,0.6255,0.01732,,GEDI_rh98_m(pending),0,Landsat_C2_L2,regimeC_v0_CLCD+NDVI,v0
afforestation,SAIH_AFF_r50c49,stable_restoration,0.6803,0.0114,,GEDI_rh98_m(pending),0,Landsat_C2_L2,regimeC_v0_CLCD+NDVI,v0
afforestation,SAIH_AFF_r50c50,stable_restoration,1.0172,0.00268,,GEDI_rh98_m(pending),0,Landsat_C2_L2,regimeC_v0_CLCD+NDVI,v0
afforestation,SAIH_AFF_r50c51,stable_restoration,0.8291,0.00789,,GEDI_rh98_m(pending),0,Landsat_C2_L2,regimeC_v0_CLCD+NDVI,v0
afforestation,SAIH_AFF_r50c52,stable_restoration,0.9608,0.00428,,GEDI_rh98_m(pending),0,Landsat_C2_L2,regimeC_v0_CLCD+NDVI,v0
afforestation,SAIH_AFF_r50c53,stable_restoration,0.6981,0.00424,,GEDI_rh98_m(pending),0,Landsat_C2_L2,regimeC_v0_CLCD+NDVI,v0
afforestation,SAIH_AFF_r50c54,early_restoration,0.3657,0.00312,,GEDI_rh98_m(pending),0,Landsat_C2_L2,regimeC_v0_CLCD+NDVI,v0
afforestation,SAIH_AFF_r50c55,early_restoration,0.3516,0.00759,,GEDI_rh98_m(pending),0,Landsat_C2_L2,regimeC_v0_CLCD+NDVI,v0
afforestation,SAIH_AFF_r50c56,early_restoration,0.4492,0.00807,,GEDI_rh98_m(pending),0,Landsat_C2_L2,regimeC_v0_CLCD+NDVI,v0
afforestation,SAIH_AFF_r50c57,degraded,0.2793,0.00923,,GEDI_rh98_m(pending),0,Landsat_C2_L2,regimeC_v0_CLCD+NDVI,v0
afforestation,SAIH_AFF_r50c60,early_restoration,0.6465,0.01199,,GEDI_rh98_m(pending),0,Landsat_C2_L2,regimeC_v0_CLCD+NDVI,v0
afforestation,SAIH_AFF_r50c61,stable_restoration,0.7347,0.01777,,GEDI_rh98_m(pending),0,Landsat_C2_L2,regimeC_v0_CLCD+NDVI,v0
afforestation,SAIH_AFF_r50c62,stable_restoration,0.7301,0.00975,,GEDI_rh98_m(pending),0,Landsat_C2_L2,regimeC_v0_CLCD+NDVI,v0
afforestation,SAIH_AFF_r50c63,stable_restoration,0.8182,0.00393,,GEDI_rh98_m(pending),0,Landsat_C2_L2,regimeC_v0_CLCD+NDVI,v0
afforestation,SAIH_AFF_r50c64,early_restoration,0.4525,0.00896,,GEDI_rh98_m(pending),0,Landsat_C2_L2,regimeC_v0_CLCD+NDVI,v0
afforestation,SAIH_AFF_r51c11,degraded,0.1805,0.00669,,GEDI_rh98_m(pending),0,Landsat_C2_L2,regimeC_v0_CLCD+NDVI,v0
afforestation,SAIH_AFF_r51c20,degraded,0.2872,0.00994,,GEDI_rh98_m(pending),0,Landsat_C2_L2,regimeC_v0_CLCD+NDVI,v0
afforestation,SAIH_AFF_r51c21,early_restoration,0.5143,0.01395,,GEDI_rh98_m(pending),0,Landsat_C2_L2,regimeC_v0_CLCD+NDVI,v0
afforestation,SAIH_AFF_r51c22,early_restoration,0.4875,0.00577,,GEDI_rh98_m(pending),0,Landsat_C2_L2,regimeC_v0_CLCD+NDVI,v0
afforestation,SAIH_AFF_r51c23,early_restoration,0.4491,0.00765,,GEDI_rh98_m(pending),0,Landsat_C2_L2,regimeC_v0_CLCD+NDVI,v0
afforestation,SAIH_AFF_r51c24,stable_restoration,0.9082,0.00713,,GEDI_rh98_m(pending),0,Landsat_C2_L2,regimeC_v0_CLCD+NDVI,v0
afforestation,SAIH_AFF_r51c25,stable_restoration,0.9817,0.00248,,GEDI_rh98_m(pending),0,Landsat_C2_L2,regimeC_v0_CLCD+NDVI,v0
afforestation,SAIH_AFF_r51c26,stable_restoration,0.9956,0.00255,,GEDI_rh98_m(pending),0,Landsat_C2_L2,regimeC_v0_CLCD+NDVI,v0
afforestation,SAIH_AFF_r51c27,stable_restoration,0.9979,0.00141,,GEDI_rh98_m(pending),0,Landsat_C2_L2,regimeC_v0_CLCD+NDVI,v0
afforestation,SAIH_AFF_r51c28,stable_restoration,1.0107,0.00102,,GEDI_rh98_m(pending),0,Landsat_C2_L2,regimeC_v0_CLCD+NDVI,v0
afforestation,SAIH_AFF_r51c29,stable_restoration,1.0374,0.00042,,GEDI_rh98_m(pending),0,Landsat_C2_L2,regimeC_v0_CLCD+NDVI,v0
afforestation,SAIH_AFF_r51c30,stable_restoration,1.0074,0.00809,,GEDI_rh98_m(pending),0,Landsat_C2_L2,regimeC_v0_CLCD+NDVI,v0
afforestation,SAIH_AFF_r51c31,stable_restoration,0.8235,0.01063,,GEDI_rh98_m(pending),0,Landsat_C2_L2,regimeC_v0_CLCD+NDVI,v0
afforestation,SAIH_AFF_r51c32,stable_restoration,1.004,0.00243,,GEDI_rh98_m(pending),0,Landsat_C2_L2,regimeC_v0_CLCD+NDVI,v0
afforestation,SAIH_AFF_r51c33,stable_restoration,1.0274,0.00195,,GEDI_rh98_m(pending),0,Landsat_C2_L2,regimeC_v0_CLCD+NDVI,v0
afforestation,SAIH_AFF_r51c34,stable_restoration,1.0219,0.00418,,GEDI_rh98_m(pending),0,Landsat_C2_L2,regimeC_v0_CLCD+NDVI,v0
afforestation,SAIH_AFF_r51c35,early_restoration,0.4063,0.00249,,GEDI_rh98_m(pending),0,Landsat_C2_L2,regimeC_v0_CLCD+NDVI,v0
afforestation,SAIH_AFF_r51c36,early_restoration,0.5554,0.01029,,GEDI_rh98_m(pending),0,Landsat_C2_L2,regimeC_v0_CLCD+NDVI,v0
afforestation,SAIH_AFF_r51c37,stable_restoration,0.9895,0.00518,,GEDI_rh98_m(pending),0,Landsat_C2_L2,regimeC_v0_CLCD+NDVI,v0
afforestation,SAIH_AFF_r51c38,stable_restoration,1.0358,0.00092,,GEDI_rh98_m(pending),0,Landsat_C2_L2,regimeC_v0_CLCD+NDVI,v0
afforestation,SAIH_AFF_r51c39,stable_restoration,1.0163,0.00189,,GEDI_rh98_m(pending),0,Landsat_C2_L2,regimeC_v0_CLCD+NDVI,v0
afforestation,SAIH_AFF_r51c40,stable_restoration,1.0374,0.00046,,GEDI_rh98_m(pending),0,Landsat_C2_L2,regimeC_v0_CLCD+NDVI,v0
afforestation,SAIH_AFF_r51c41,stable_restoration,1.0168,0.00039,,GEDI_rh98_m(pending),0,Landsat_C2_L2,regimeC_v0_CLCD+NDVI,v0
afforestation,SAIH_AFF_r51c42,stable_restoration,1.0341,0.00016,,GEDI_rh98_m(pending),0,Landsat_C2_L2,regimeC_v0_CLCD+NDVI,v0
afforestation,SAIH_AFF_r51c43,stable_restoration,1.0168,0.00077,,GEDI_rh98_m(pending),0,Landsat_C2_L2,regimeC_v0_CLCD+NDVI,v0
afforestation,SAIH_AFF_r51c44,stable_restoration,1.0268,0.00452,,GEDI_rh98_m(pending),0,Landsat_C2_L2,regimeC_v0_CLCD+NDVI,v0
afforestation,SAIH_AFF_r51c45,stable_restoration,0.9353,0.0155,,GEDI_rh98_m(pending),0,Landsat_C2_L2,regimeC_v0_CLCD+NDVI,v0
afforestation,SAIH_AFF_r51c46,stable_restoration,0.848,0.01346,,GEDI_rh98_m(pending),0,Landsat_C2_L2,regimeC_v0_CLCD+NDVI,v0
afforestation,SAIH_AFF_r51c47,stable_restoration,0.9082,0.01265,,GEDI_rh98_m(pending),0,Landsat_C2_L2,regimeC_v0_CLCD+NDVI,v0
afforestation,SAIH_AFF_r51c48,stable_restoration,0.7834,0.00624,,GEDI_rh98_m(pending),0,Landsat_C2_L2,regimeC_v0_CLCD+NDVI,v0
afforestation,SAIH_AFF_r51c49,early_restoration,0.3538,0.0026,,GEDI_rh98_m(pending),0,Landsat_C2_L2,regimeC_v0_CLCD+NDVI,v0
afforestation,SAIH_AFF_r51c50,stable_restoration,0.7655,0.00132,,GEDI_rh98_m(pending),0,Landsat_C2_L2,regimeC_v0_CLCD+NDVI,v0
afforestation,SAIH_AFF_r51c51,stable_restoration,0.6981,0.00314,,GEDI_rh98_m(pending),0,Landsat_C2_L2,regimeC_v0_CLCD+NDVI,v0
afforestation,SAIH_AFF_r51c52,stable_restoration,0.9968,0.00267,,GEDI_rh98_m(pending),0,Landsat_C2_L2,regimeC_v0_CLCD+NDVI,v0
afforestation,SAIH_AFF_r51c53,stable_restoration,0.8837,0.0047,,GEDI_rh98_m(pending),0,Landsat_C2_L2,regimeC_v0_CLCD+NDVI,v0
afforestation,SAIH_AFF_r51c54,stable_restoration,0.7583,0.00298,,GEDI_rh98_m(pending),0,Landsat_C2_L2,regimeC_v0_CLCD+NDVI,v0
afforestation,SAIH_AFF_r51c55,stable_restoration,0.7327,0.00372,,GEDI_rh98_m(pending),0,Landsat_C2_L2,regimeC_v0_CLCD+NDVI,v0
afforestation,SAIH_AFF_r51c56,stable_restoration,0.6931,0.00712,,GEDI_rh98_m(pending),0,Landsat_C2_L2,regimeC_v0_CLCD+NDVI,v0
afforestation,SAIH_AFF_r51c57,stable_restoration,0.7918,0.01858,,GEDI_rh98_m(pending),0,Landsat_C2_L2,regimeC_v0_CLCD+NDVI,v0
afforestation,SAIH_AFF_r51c58,early_restoration,0.4379,0.01905,,GEDI_rh98_m(pending),0,Landsat_C2_L2,regimeC_v0_CLCD+NDVI,v0
afforestation,SAIH_AFF_r51c59,degraded,0.0401,0.00274,,GEDI_rh98_m(pending),0,Landsat_C2_L2,regimeC_v0_CLCD+NDVI,v0
afforestation,SAIH_AFF_r51c60,early_restoration,0.422,0.01683,,GEDI_rh98_m(pending),0,Landsat_C2_L2,regimeC_v0_CLCD+NDVI,v0
afforestation,SAIH_AFF_r51c61,early_restoration,0.5121,0.01209,,GEDI_rh98_m(pending),0,Landsat_C2_L2,regimeC_v0_CLCD+NDVI,v0
afforestation,SAIH_AFF_r51c62,early_restoration,0.4508,0.00229,,GEDI_rh98_m(pending),0,Landsat_C2_L2,regimeC_v0_CLCD+NDVI,v0
afforestation,SAIH_AFF_r51c63,early_restoration,0.366,0.00356,,GEDI_rh98_m(pending),0,Landsat_C2_L2,regimeC_v0_CLCD+NDVI,v0
afforestation,SAIH_AFF_r51c64,early_restoration,0.4707,0.00887,,GEDI_rh98_m(pending),0,Landsat_C2_L2,regimeC_v0_CLCD+NDVI,v0
afforestation,SAIH_AFF_r52c14,degraded,0.1888,0.00854,,GEDI_rh98_m(pending),0,Landsat_C2_L2,regimeC_v0_CLCD+NDVI,v0
afforestation,SAIH_AFF_r52c21,early_restoration,0.3748,0.00108,,GEDI_rh98_m(pending),0,Landsat_C2_L2,regimeC_v0_CLCD+NDVI,v0
afforestation,SAIH_AFF_r52c22,stable_restoration,0.9442,0.00167,,GEDI_rh98_m(pending),0,Landsat_C2_L2,regimeC_v0_CLCD+NDVI,v0
afforestation,SAIH_AFF_r52c23,stable_restoration,0.9413,0.00343,,GEDI_rh98_m(pending),0,Landsat_C2_L2,regimeC_v0_CLCD+NDVI,v0
afforestation,SAIH_AFF_r52c24,stable_restoration,0.8389,0.00479,,GEDI_rh98_m(pending),0,Landsat_C2_L2,regimeC_v0_CLCD+NDVI,v0
afforestation,SAIH_AFF_r52c25,stable_restoration,0.8227,0.00471,,GEDI_rh98_m(pending),0,Landsat_C2_L2,regimeC_v0_CLCD+NDVI,v0
afforestation,SAIH_AFF_r52c26,stable_restoration,0.9653,0.00185,,GEDI_rh98_m(pending),0,Landsat_C2_L2,regimeC_v0_CLCD+NDVI,v0
afforestation,SAIH_AFF_r52c27,stable_restoration,1.0128,0.00172,,GEDI_rh98_m(pending),0,Landsat_C2_L2,regimeC_v0_CLCD+NDVI,v0
afforestation,SAIH_AFF_r52c28,stable_restoration,0.9567,0.003,,GEDI_rh98_m(pending),0,Landsat_C2_L2,regimeC_v0_CLCD+NDVI,v0
afforestation,SAIH_AFF_r52c29,stable_restoration,1.0374,0.0004,,GEDI_rh98_m(pending),0,Landsat_C2_L2,regimeC_v0_CLCD+NDVI,v0
afforestation,SAIH_AFF_r52c30,stable_restoration,1.0346,0.00084,,GEDI_rh98_m(pending),0,Landsat_C2_L2,regimeC_v0_CLCD+NDVI,v0
afforestation,SAIH_AFF_r52c31,stable_restoration,1.0374,0.00067,,GEDI_rh98_m(pending),0,Landsat_C2_L2,regimeC_v0_CLCD+NDVI,v0
afforestation,SAIH_AFF_r52c32,stable_restoration,1.0374,0.00124,,GEDI_rh98_m(pending),0,Landsat_C2_L2,regimeC_v0_CLCD+NDVI,v0
afforestation,SAIH_AFF_r52c33,stable_restoration,0.9556,0.00319,,GEDI_rh98_m(pending),0,Landsat_C2_L2,regimeC_v0_CLCD+NDVI,v0
afforestation,SAIH_AFF_r52c34,stable_restoration,0.8514,0.00456,,GEDI_rh98_m(pending),0,Landsat_C2_L2,regimeC_v0_CLCD+NDVI,v0
afforestation,SAIH_AFF_r52c35,stable_restoration,0.688,0.00888,,GEDI_rh98_m(pending),0,Landsat_C2_L2,regimeC_v0_CLCD+NDVI,v0
afforestation,SAIH_AFF_r52c37,stable_restoration,0.8045,0.00499,,GEDI_rh98_m(pending),0,Landsat_C2_L2,regimeC_v0_CLCD+NDVI,v0
afforestation,SAIH_AFF_r52c38,stable_restoration,0.9671,0.00235,,GEDI_rh98_m(pending),0,Landsat_C2_L2,regimeC_v0_CLCD+NDVI,v0
afforestation,SAIH_AFF_r52c39,stable_restoration,1.0351,0.00123,,GEDI_rh98_m(pending),0,Landsat_C2_L2,regimeC_v0_CLCD+NDVI,v0
afforestation,SAIH_AFF_r52c40,stable_restoration,1.0206,0.0027,,GEDI_rh98_m(pending),0,Landsat_C2_L2,regimeC_v0_CLCD+NDVI,v0
afforestation,SAIH_AFF_r52c41,stable_restoration,1.014,0.00065,,GEDI_rh98_m(pending),0,Landsat_C2_L2,regimeC_v0_CLCD+NDVI,v0
afforestation,SAIH_AFF_r52c42,stable_restoration,1.0357,3e-05,,GEDI_rh98_m(pending),0,Landsat_C2_L2,regimeC_v0_CLCD+NDVI,v0
afforestation,SAIH_AFF_r52c43,stable_restoration,1.0311,0.00025,,GEDI_rh98_m(pending),0,Landsat_C2_L2,regimeC_v0_CLCD+NDVI,v0
afforestation,SAIH_AFF_r52c44,stable_restoration,1.0317,0.00234,,GEDI_rh98_m(pending),0,Landsat_C2_L2,regimeC_v0_CLCD+NDVI,v0
afforestation,SAIH_AFF_r52c45,stable_restoration,0.9679,0.01519,,GEDI_rh98_m(pending),0,Landsat_C2_L2,regimeC_v0_CLCD+NDVI,v0
afforestation,SAIH_AFF_r52c46,stable_restoration,0.9894,0.00927,,GEDI_rh98_m(pending),0,Landsat_C2_L2,regimeC_v0_CLCD+NDVI,v0
afforestation,SAIH_AFF_r52c47,stable_restoration,1.0088,0.0046,,GEDI_rh98_m(pending),0,Landsat_C2_L2,regimeC_v0_CLCD+NDVI,v0
afforestation,SAIH_AFF_r52c48,stable_restoration,0.8572,0.02157,,GEDI_rh98_m(pending),0,Landsat_C2_L2,regimeC_v0_CLCD+NDVI,v0
afforestation,SAIH_AFF_r52c49,early_restoration,0.5379,0.0153,,GEDI_rh98_m(pending),0,Landsat_C2_L2,regimeC_v0_CLCD+NDVI,v0
afforestation,SAIH_AFF_r52c50,early_restoration,0.5333,0.00532,,GEDI_rh98_m(pending),0,Landsat_C2_L2,regimeC_v0_CLCD+NDVI,v0
afforestation,SAIH_AFF_r52c51,stable_restoration,0.9922,0.00055,,GEDI_rh98_m(pending),0,Landsat_C2_L2,regimeC_v0_CLCD+NDVI,v0
afforestation,SAIH_AFF_r52c52,stable_restoration,1.03,0.0006,,GEDI_rh98_m(pending),0,Landsat_C2_L2,regimeC_v0_CLCD+NDVI,v0
afforestation,SAIH_AFF_r52c53,stable_restoration,0.9883,0.00369,,GEDI_rh98_m(pending),0,Landsat_C2_L2,regimeC_v0_CLCD+NDVI,v0
afforestation,SAIH_AFF_r52c54,stable_restoration,0.8057,0.01027,,GEDI_rh98_m(pending),0,Landsat_C2_L2,regimeC_v0_CLCD+NDVI,v0
afforestation,SAIH_AFF_r52c55,stable_restoration,0.872,0.00346,,GEDI_rh98_m(pending),0,Landsat_C2_L2,regimeC_v0_CLCD+NDVI,v0
afforestation,SAIH_AFF_r52c56,stable_restoration,0.8303,0.0065,,GEDI_rh98_m(pending),0,Landsat_C2_L2,regimeC_v0_CLCD+NDVI,v0
afforestation,SAIH_AFF_r52c57,stable_restoration,0.7301,0.01943,,GEDI_rh98_m(pending),0,Landsat_C2_L2,regimeC_v0_CLCD+NDVI,v0
afforestation,SAIH_AFF_r52c58,early_restoration,0.5396,0.01758,,GEDI_rh98_m(pending),0,Landsat_C2_L2,regimeC_v0_CLCD+NDVI,v0
afforestation,SAIH_AFF_r52c59,degraded,0.2975,0.01289,,GEDI_rh98_m(pending),0,Landsat_C2_L2,regimeC_v0_CLCD+NDVI,v0
afforestation,SAIH_AFF_r52c62,degraded,0.2729,0.00471,,GEDI_rh98_m(pending),0,Landsat_C2_L2,regimeC_v0_CLCD+NDVI,v0
afforestation,SAIH_AFF_r52c63,degraded,0.2095,0.00604,,GEDI_rh98_m(pending),0,Landsat_C2_L2,regimeC_v0_CLCD+NDVI,v0
afforestation,SAIH_AFF_r52c64,early_restoration,0.4178,0.00951,,GEDI_rh98_m(pending),0,Landsat_C2_L2,regimeC_v0_CLCD+NDVI,v0
afforestation,SAIH_AFF_r53c01,early_restoration,0.3703,0.00905,,GEDI_rh98_m(pending),0,Landsat_C2_L2,regimeC_v0_CLCD+NDVI,v0
afforestation,SAIH_AFF_r53c16,degraded,0.2575,0.01112,,GEDI_rh98_m(pending),0,Landsat_C2_L2,regimeC_v0_CLCD+NDVI,v0
afforestation,SAIH_AFF_r53c17,degraded,0.3216,0.01314,,GEDI_rh98_m(pending),0,Landsat_C2_L2,regimeC_v0_CLCD+NDVI,v0
afforestation,SAIH_AFF_r53c18,early_restoration,0.3342,0.00828,,GEDI_rh98_m(pending),0,Landsat_C2_L2,regimeC_v0_CLCD+NDVI,v0
afforestation,SAIH_AFF_r53c19,early_restoration,0.4595,0.00281,,GEDI_rh98_m(pending),0,Landsat_C2_L2,regimeC_v0_CLCD+NDVI,v0
afforestation,SAIH_AFF_r53c20,stable_restoration,0.7267,0.00675,,GEDI_rh98_m(pending),0,Landsat_C2_L2,regimeC_v0_CLCD+NDVI,v0
afforestation,SAIH_AFF_r53c21,stable_restoration,0.8709,0.00353,,GEDI_rh98_m(pending),0,Landsat_C2_L2,regimeC_v0_CLCD+NDVI,v0
afforestation,SAIH_AFF_r53c22,stable_restoration,0.9785,0.00344,,GEDI_rh98_m(pending),0,Landsat_C2_L2,regimeC_v0_CLCD+NDVI,v0
afforestation,SAIH_AFF_r53c23,stable_restoration,0.9676,0.00353,,GEDI_rh98_m(pending),0,Landsat_C2_L2,regimeC_v0_CLCD+NDVI,v0
afforestation,SAIH_AFF_r53c24,stable_restoration,0.9424,0.0015,,GEDI_rh98_m(pending),0,Landsat_C2_L2,regimeC_v0_CLCD+NDVI,v0
afforestation,SAIH_AFF_r53c25,stable_restoration,1.0071,0.00117,,GEDI_rh98_m(pending),0,Landsat_C2_L2,regimeC_v0_CLCD+NDVI,v0
afforestation,SAIH_AFF_r53c26,stable_restoration,0.9848,0.00238,,GEDI_rh98_m(pending),0,Landsat_C2_L2,regimeC_v0_CLCD+NDVI,v0
afforestation,SAIH_AFF_r53c27,stable_restoration,0.9888,0.0034,,GEDI_rh98_m(pending),0,Landsat_C2_L2,regimeC_v0_CLCD+NDVI,v0
afforestation,SAIH_AFF_r53c28,stable_restoration,0.9733,0.0018,,GEDI_rh98_m(pending),0,Landsat_C2_L2,regimeC_v0_CLCD+NDVI,v0
afforestation,SAIH_AFF_r53c29,stable_restoration,0.8807,0.00497,,GEDI_rh98_m(pending),0,Landsat_C2_L2,regimeC_v0_CLCD+NDVI,v0
afforestation,SAIH_AFF_r53c30,stable_restoration,0.9813,0.00258,,GEDI_rh98_m(pending),0,Landsat_C2_L2,regimeC_v0_CLCD+NDVI,v0
afforestation,SAIH_AFF_r53c31,stable_restoration,1.0374,0.00036,,GEDI_rh98_m(pending),0,Landsat_C2_L2,regimeC_v0_CLCD+NDVI,v0
afforestation,SAIH_AFF_r53c32,stable_restoration,0.8332,0.00648,,GEDI_rh98_m(pending),0,Landsat_C2_L2,regimeC_v0_CLCD+NDVI,v0
afforestation,SAIH_AFF_r53c33,stable_restoration,0.8469,0.00441,,GEDI_rh98_m(pending),0,Landsat_C2_L2,regimeC_v0_CLCD+NDVI,v0
afforestation,SAIH_AFF_r53c34,stable_restoration,0.9613,0.00276,,GEDI_rh98_m(pending),0,Landsat_C2_L2,regimeC_v0_CLCD+NDVI,v0
afforestation,SAIH_AFF_r53c35,stable_restoration,0.9824,0.00355,,GEDI_rh98_m(pending),0,Landsat_C2_L2,regimeC_v0_CLCD+NDVI,v0
afforestation,SAIH_AFF_r53c36,early_restoration,0.5122,0.00556,,GEDI_rh98_m(pending),0,Landsat_C2_L2,regimeC_v0_CLCD+NDVI,v0
afforestation,SAIH_AFF_r53c37,stable_restoration,0.6798,0.00699,,GEDI_rh98_m(pending),0,Landsat_C2_L2,regimeC_v0_CLCD+NDVI,v0
afforestation,SAIH_AFF_r53c38,stable_restoration,0.8011,0.00764,,GEDI_rh98_m(pending),0,Landsat_C2_L2,regimeC_v0_CLCD+NDVI,v0
afforestation,SAIH_AFF_r53c39,stable_restoration,0.9207,0.00278,,GEDI_rh98_m(pending),0,Landsat_C2_L2,regimeC_v0_CLCD+NDVI,v0
afforestation,SAIH_AFF_r53c40,stable_restoration,1.0267,0.00282,,GEDI_rh98_m(pending),0,Landsat_C2_L2,regimeC_v0_CLCD+NDVI,v0
afforestation,SAIH_AFF_r53c41,stable_restoration,1.0322,0.00475,,GEDI_rh98_m(pending),0,Landsat_C2_L2,regimeC_v0_CLCD+NDVI,v0
afforestation,SAIH_AFF_r53c42,stable_restoration,1.0374,0.00027,,GEDI_rh98_m(pending),0,Landsat_C2_L2,regimeC_v0_CLCD+NDVI,v0
afforestation,SAIH_AFF_r53c43,stable_restoration,1.022,0.0011,,GEDI_rh98_m(pending),0,Landsat_C2_L2,regimeC_v0_CLCD+NDVI,v0
afforestation,SAIH_AFF_r53c44,stable_restoration,0.9184,0.00563,,GEDI_rh98_m(pending),0,Landsat_C2_L2,regimeC_v0_CLCD+NDVI,v0
afforestation,SAIH_AFF_r53c45,stable_restoration,0.9342,0.00547,,GEDI_rh98_m(pending),0,Landsat_C2_L2,regimeC_v0_CLCD+NDVI,v0
afforestation,SAIH_AFF_r53c46,stable_restoration,0.8955,0.00525,,GEDI_rh98_m(pending),0,Landsat_C2_L2,regimeC_v0_CLCD+NDVI,v0
afforestation,SAIH_AFF_r53c47,stable_restoration,0.9837,0.00783,,GEDI_rh98_m(pending),0,Landsat_C2_L2,regimeC_v0_CLCD+NDVI,v0
afforestation,SAIH_AFF_r53c48,stable_restoration,0.9665,0.01017,,GEDI_rh98_m(pending),0,Landsat_C2_L2,regimeC_v0_CLCD+NDVI,v0
afforestation,SAIH_AFF_r53c49,early_restoration,0.507,0.01475,,GEDI_rh98_m(pending),0,Landsat_C2_L2,regimeC_v0_CLCD+NDVI,v0
afforestation,SAIH_AFF_r53c50,stable_restoration,0.812,0.00923,,GEDI_rh98_m(pending),0,Landsat_C2_L2,regimeC_v0_CLCD+NDVI,v0
afforestation,SAIH_AFF_r53c51,stable_restoration,0.9298,0.00312,,GEDI_rh98_m(pending),0,Landsat_C2_L2,regimeC_v0_CLCD+NDVI,v0
afforestation,SAIH_AFF_r53c52,stable_restoration,0.9494,0.00112,,GEDI_rh98_m(pending),0,Landsat_C2_L2,regimeC_v0_CLCD+NDVI,v0
afforestation,SAIH_AFF_r53c53,stable_restoration,0.8709,0.00327,,GEDI_rh98_m(pending),0,Landsat_C2_L2,regimeC_v0_CLCD+NDVI,v0
afforestation,SAIH_AFF_r53c54,stable_restoration,0.8491,0.00646,,GEDI_rh98_m(pending),0,Landsat_C2_L2,regimeC_v0_CLCD+NDVI,v0
afforestation,SAIH_AFF_r53c55,stable_restoration,0.7027,0.00806,,GEDI_rh98_m(pending),0,Landsat_C2_L2,regimeC_v0_CLCD+NDVI,v0
afforestation,SAIH_AFF_r53c56,stable_restoration,0.6678,0.01076,,GEDI_rh98_m(pending),0,Landsat_C2_L2,regimeC_v0_CLCD+NDVI,v0
afforestation,SAIH_AFF_r53c57,early_restoration,0.5527,0.00791,,GEDI_rh98_m(pending),0,Landsat_C2_L2,regimeC_v0_CLCD+NDVI,v0
afforestation,SAIH_AFF_r53c58,stable_restoration,0.919,0.00955,,GEDI_rh98_m(pending),0,Landsat_C2_L2,regimeC_v0_CLCD+NDVI,v0
afforestation,SAIH_AFF_r53c59,stable_restoration,0.9619,0.02218,,GEDI_rh98_m(pending),0,Landsat_C2_L2,regimeC_v0_CLCD+NDVI,v0
afforestation,SAIH_AFF_r53c60,stable_restoration,0.9729,0.01662,,GEDI_rh98_m(pending),0,Landsat_C2_L2,regimeC_v0_CLCD+NDVI,v0
afforestation,SAIH_AFF_r53c61,early_restoration,0.5905,0.01232,,GEDI_rh98_m(pending),0,Landsat_C2_L2,regimeC_v0_CLCD+NDVI,v0
afforestation,SAIH_AFF_r53c64,degraded,0.3213,0.01119,,GEDI_rh98_m(pending),0,Landsat_C2_L2,regimeC_v0_CLCD+NDVI,v0
afforestation,SAIH_AFF_r54c01,stable_restoration,0.9419,0.01079,,GEDI_rh98_m(pending),0,Landsat_C2_L2,regimeC_v0_CLCD+NDVI,v0
afforestation,SAIH_AFF_r54c02,early_restoration,0.4778,0.00866,,GEDI_rh98_m(pending),0,Landsat_C2_L2,regimeC_v0_CLCD+NDVI,v0
afforestation,SAIH_AFF_r54c10,degraded,0.1592,0.00879,,GEDI_rh98_m(pending),0,Landsat_C2_L2,regimeC_v0_CLCD+NDVI,v0
afforestation,SAIH_AFF_r54c17,early_restoration,0.5573,0.02371,,GEDI_rh98_m(pending),0,Landsat_C2_L2,regimeC_v0_CLCD+NDVI,v0
afforestation,SAIH_AFF_r54c18,stable_restoration,0.9505,0.01614,,GEDI_rh98_m(pending),0,Landsat_C2_L2,regimeC_v0_CLCD+NDVI,v0
afforestation,SAIH_AFF_r54c19,stable_restoration,0.9802,0.03294,,GEDI_rh98_m(pending),0,Landsat_C2_L2,regimeC_v0_CLCD+NDVI,v0
afforestation,SAIH_AFF_r54c20,stable_restoration,0.7778,0.01243,,GEDI_rh98_m(pending),0,Landsat_C2_L2,regimeC_v0_CLCD+NDVI,v0
afforestation,SAIH_AFF_r54c21,stable_restoration,0.9007,0.00593,,GEDI_rh98_m(pending),0,Landsat_C2_L2,regimeC_v0_CLCD+NDVI,v0
afforestation,SAIH_AFF_r54c22,stable_restoration,1.0243,0.00382,,GEDI_rh98_m(pending),0,Landsat_C2_L2,regimeC_v0_CLCD+NDVI,v0
afforestation,SAIH_AFF_r54c23,stable_restoration,0.979,0.00184,,GEDI_rh98_m(pending),0,Landsat_C2_L2,regimeC_v0_CLCD+NDVI,v0
afforestation,SAIH_AFF_r54c24,stable_restoration,0.9933,0.00293,,GEDI_rh98_m(pending),0,Landsat_C2_L2,regimeC_v0_CLCD+NDVI,v0
afforestation,SAIH_AFF_r54c25,stable_restoration,1.0358,0.00075,,GEDI_rh98_m(pending),0,Landsat_C2_L2,regimeC_v0_CLCD+NDVI,v0
afforestation,SAIH_AFF_r54c26,stable_restoration,1.0374,0.00057,,GEDI_rh98_m(pending),0,Landsat_C2_L2,regimeC_v0_CLCD+NDVI,v0
afforestation,SAIH_AFF_r54c27,stable_restoration,0.8584,0.00417,,GEDI_rh98_m(pending),0,Landsat_C2_L2,regimeC_v0_CLCD+NDVI,v0
afforestation,SAIH_AFF_r54c28,stable_restoration,1.0156,0.00372,,GEDI_rh98_m(pending),0,Landsat_C2_L2,regimeC_v0_CLCD+NDVI,v0
afforestation,SAIH_AFF_r54c29,stable_restoration,1.0249,0.00025,,GEDI_rh98_m(pending),0,Landsat_C2_L2,regimeC_v0_CLCD+NDVI,v0
afforestation,SAIH_AFF_r54c30,stable_restoration,0.9045,0.00466,,GEDI_rh98_m(pending),0,Landsat_C2_L2,regimeC_v0_CLCD+NDVI,v0
afforestation,SAIH_AFF_r54c31,stable_restoration,0.9865,0.00132,,GEDI_rh98_m(pending),0,Landsat_C2_L2,regimeC_v0_CLCD+NDVI,v0
afforestation,SAIH_AFF_r54c32,stable_restoration,1.0226,0.00519,,GEDI_rh98_m(pending),0,Landsat_C2_L2,regimeC_v0_CLCD+NDVI,v0
afforestation,SAIH_AFF_r54c33,stable_restoration,0.8572,0.00203,,GEDI_rh98_m(pending),0,Landsat_C2_L2,regimeC_v0_CLCD+NDVI,v0
afforestation,SAIH_AFF_r54c34,stable_restoration,0.729,0.00259,,GEDI_rh98_m(pending),0,Landsat_C2_L2,regimeC_v0_CLCD+NDVI,v0
afforestation,SAIH_AFF_r54c35,stable_restoration,0.7346,0.00376,,GEDI_rh98_m(pending),0,Landsat_C2_L2,regimeC_v0_CLCD+NDVI,v0
afforestation,SAIH_AFF_r54c36,stable_restoration,0.6741,0.00614,,GEDI_rh98_m(pending),0,Landsat_C2_L2,regimeC_v0_CLCD+NDVI,v0
afforestation,SAIH_AFF_r54c38,early_restoration,0.507,0.00591,,GEDI_rh98_m(pending),0,Landsat_C2_L2,regimeC_v0_CLCD+NDVI,v0
afforestation,SAIH_AFF_r54c39,stable_restoration,0.9442,0.00185,,GEDI_rh98_m(pending),0,Landsat_C2_L2,regimeC_v0_CLCD+NDVI,v0
afforestation,SAIH_AFF_r54c40,stable_restoration,1.0155,0.00155,,GEDI_rh98_m(pending),0,Landsat_C2_L2,regimeC_v0_CLCD+NDVI,v0
afforestation,SAIH_AFF_r54c41,stable_restoration,1.034,0.00073,,GEDI_rh98_m(pending),0,Landsat_C2_L2,regimeC_v0_CLCD+NDVI,v0
afforestation,SAIH_AFF_r54c42,stable_restoration,1.0237,0.00391,,GEDI_rh98_m(pending),0,Landsat_C2_L2,regimeC_v0_CLCD+NDVI,v0
afforestation,SAIH_AFF_r54c43,stable_restoration,1.0272,0.00052,,GEDI_rh98_m(pending),0,Landsat_C2_L2,regimeC_v0_CLCD+NDVI,v0
afforestation,SAIH_AFF_r54c44,stable_restoration,0.9665,0.00655,,GEDI_rh98_m(pending),0,Landsat_C2_L2,regimeC_v0_CLCD+NDVI,v0
afforestation,SAIH_AFF_r54c45,early_restoration,0.6493,0.01422,,GEDI_rh98_m(pending),0,Landsat_C2_L2,regimeC_v0_CLCD+NDVI,v0
afforestation,SAIH_AFF_r54c46,early_restoration,0.6248,0.00835,,GEDI_rh98_m(pending),0,Landsat_C2_L2,regimeC_v0_CLCD+NDVI,v0
afforestation,SAIH_AFF_r54c47,early_restoration,0.5407,0.01405,,GEDI_rh98_m(pending),0,Landsat_C2_L2,regimeC_v0_CLCD+NDVI,v0
afforestation,SAIH_AFF_r54c48,stable_restoration,0.8029,0.00972,,GEDI_rh98_m(pending),0,Landsat_C2_L2,regimeC_v0_CLCD+NDVI,v0
afforestation,SAIH_AFF_r54c49,stable_restoration,0.6987,0.01736,,GEDI_rh98_m(pending),0,Landsat_C2_L2,regimeC_v0_CLCD+NDVI,v0
afforestation,SAIH_AFF_r54c50,stable_restoration,0.7122,0.02171,,GEDI_rh98_m(pending),0,Landsat_C2_L2,regimeC_v0_CLCD+NDVI,v0
afforestation,SAIH_AFF_r54c51,stable_restoration,0.8664,0.00402,,GEDI_rh98_m(pending),0,Landsat_C2_L2,regimeC_v0_CLCD+NDVI,v0
afforestation,SAIH_AFF_r54c52,stable_restoration,0.8714,0.00403,,GEDI_rh98_m(pending),0,Landsat_C2_L2,regimeC_v0_CLCD+NDVI,v0
afforestation,SAIH_AFF_r54c53,stable_restoration,0.8789,0.00412,,GEDI_rh98_m(pending),0,Landsat_C2_L2,regimeC_v0_CLCD+NDVI,v0
afforestation,SAIH_AFF_r54c54,early_restoration,0.6443,0.00328,,GEDI_rh98_m(pending),0,Landsat_C2_L2,regimeC_v0_CLCD+NDVI,v0
afforestation,SAIH_AFF_r54c55,early_restoration,0.6376,0.00654,,GEDI_rh98_m(pending),0,Landsat_C2_L2,regimeC_v0_CLCD+NDVI,v0
afforestation,SAIH_AFF_r54c56,stable_restoration,0.7559,0.00754,,GEDI_rh98_m(pending),0,Landsat_C2_L2,regimeC_v0_CLCD+NDVI,v0
afforestation,SAIH_AFF_r54c57,early_restoration,0.4933,0.00923,,GEDI_rh98_m(pending),0,Landsat_C2_L2,regimeC_v0_CLCD+NDVI,v0
afforestation,SAIH_AFF_r54c58,early_restoration,0.4898,0.00274,,GEDI_rh98_m(pending),0,Landsat_C2_L2,regimeC_v0_CLCD+NDVI,v0
afforestation,SAIH_AFF_r54c59,stable_restoration,0.7353,0.00692,,GEDI_rh98_m(pending),0,Landsat_C2_L2,regimeC_v0_CLCD+NDVI,v0
afforestation,SAIH_AFF_r54c60,stable_restoration,0.7458,0.02152,,GEDI_rh98_m(pending),0,Landsat_C2_L2,regimeC_v0_CLCD+NDVI,v0
afforestation,SAIH_AFF_r54c61,stable_restoration,0.9813,0.00822,,GEDI_rh98_m(pending),0,Landsat_C2_L2,regimeC_v0_CLCD+NDVI,v0
afforestation,SAIH_AFF_r54c62,stable_restoration,0.717,0.01647,,GEDI_rh98_m(pending),0,Landsat_C2_L2,regimeC_v0_CLCD+NDVI,v0
afforestation,SAIH_AFF_r54c63,degraded,0.2049,0.00328,,GEDI_rh98_m(pending),0,Landsat_C2_L2,regimeC_v0_CLCD+NDVI,v0
afforestation,SAIH_AFF_r55c00,early_restoration,0.6135,0.00977,,GEDI_rh98_m(pending),0,Landsat_C2_L2,regimeC_v0_CLCD+NDVI,v0
afforestation,SAIH_AFF_r55c01,stable_restoration,0.8612,0.00942,,GEDI_rh98_m(pending),0,Landsat_C2_L2,regimeC_v0_CLCD+NDVI,v0
afforestation,SAIH_AFF_r55c02,degraded,0.285,0.00518,,GEDI_rh98_m(pending),0,Landsat_C2_L2,regimeC_v0_CLCD+NDVI,v0
afforestation,SAIH_AFF_r55c14,degraded,0.2054,0.00525,,GEDI_rh98_m(pending),0,Landsat_C2_L2,regimeC_v0_CLCD+NDVI,v0
afforestation,SAIH_AFF_r55c15,early_restoration,0.373,0.00438,,GEDI_rh98_m(pending),0,Landsat_C2_L2,regimeC_v0_CLCD+NDVI,v0
afforestation,SAIH_AFF_r55c17,stable_restoration,0.777,0.01311,,GEDI_rh98_m(pending),0,Landsat_C2_L2,regimeC_v0_CLCD+NDVI,v0
afforestation,SAIH_AFF_r55c18,stable_restoration,0.808,0.03722,,GEDI_rh98_m(pending),0,Landsat_C2_L2,regimeC_v0_CLCD+NDVI,v0
afforestation,SAIH_AFF_r55c19,stable_restoration,0.986,0.04527,,GEDI_rh98_m(pending),0,Landsat_C2_L2,regimeC_v0_CLCD+NDVI,v0
afforestation,SAIH_AFF_r55c20,stable_restoration,0.849,0.0134,,GEDI_rh98_m(pending),0,Landsat_C2_L2,regimeC_v0_CLCD+NDVI,v0
afforestation,SAIH_AFF_r55c21,stable_restoration,0.8623,0.00756,,GEDI_rh98_m(pending),0,Landsat_C2_L2,regimeC_v0_CLCD+NDVI,v0
afforestation,SAIH_AFF_r55c22,stable_restoration,1.0288,0.00179,,GEDI_rh98_m(pending),0,Landsat_C2_L2,regimeC_v0_CLCD+NDVI,v0
afforestation,SAIH_AFF_r55c23,stable_restoration,0.9298,0.004,,GEDI_rh98_m(pending),0,Landsat_C2_L2,regimeC_v0_CLCD+NDVI,v0
afforestation,SAIH_AFF_r55c24,stable_restoration,0.9328,0.00172,,GEDI_rh98_m(pending),0,Landsat_C2_L2,regimeC_v0_CLCD+NDVI,v0
afforestation,SAIH_AFF_r55c25,stable_restoration,1.0363,0.00069,,GEDI_rh98_m(pending),0,Landsat_C2_L2,regimeC_v0_CLCD+NDVI,v0
afforestation,SAIH_AFF_r55c26,stable_restoration,1.0317,0.00382,,GEDI_rh98_m(pending),0,Landsat_C2_L2,regimeC_v0_CLCD+NDVI,v0
afforestation,SAIH_AFF_r55c27,stable_restoration,0.9544,0.0056,,GEDI_rh98_m(pending),0,Landsat_C2_L2,regimeC_v0_CLCD+NDVI,v0
afforestation,SAIH_AFF_r55c28,stable_restoration,0.7467,0.00609,,GEDI_rh98_m(pending),0,Landsat_C2_L2,regimeC_v0_CLCD+NDVI,v0
afforestation,SAIH_AFF_r55c29,stable_restoration,0.9796,0.00209,,GEDI_rh98_m(pending),0,Landsat_C2_L2,regimeC_v0_CLCD+NDVI,v0
afforestation,SAIH_AFF_r55c30,stable_restoration,0.9309,0.00139,,GEDI_rh98_m(pending),0,Landsat_C2_L2,regimeC_v0_CLCD+NDVI,v0
afforestation,SAIH_AFF_r55c31,stable_restoration,0.9813,0.00057,,GEDI_rh98_m(pending),0,Landsat_C2_L2,regimeC_v0_CLCD+NDVI,v0
afforestation,SAIH_AFF_r55c32,stable_restoration,1.0099,0.00076,,GEDI_rh98_m(pending),0,Landsat_C2_L2,regimeC_v0_CLCD+NDVI,v0
afforestation,SAIH_AFF_r55c33,stable_restoration,0.9962,0.00133,,GEDI_rh98_m(pending),0,Landsat_C2_L2,regimeC_v0_CLCD+NDVI,v0
afforestation,SAIH_AFF_r55c34,stable_restoration,0.8309,0.00133,,GEDI_rh98_m(pending),0,Landsat_C2_L2,regimeC_v0_CLCD+NDVI,v0
afforestation,SAIH_AFF_r55c35,stable_restoration,0.6701,0.00162,,GEDI_rh98_m(pending),0,Landsat_C2_L2,regimeC_v0_CLCD+NDVI,v0
afforestation,SAIH_AFF_r55c36,stable_restoration,0.6953,0.00151,,GEDI_rh98_m(pending),0,Landsat_C2_L2,regimeC_v0_CLCD+NDVI,v0
afforestation,SAIH_AFF_r55c37,early_restoration,0.3668,0.00426,,GEDI_rh98_m(pending),0,Landsat_C2_L2,regimeC_v0_CLCD+NDVI,v0
afforestation,SAIH_AFF_r55c38,early_restoration,0.5127,0.00429,,GEDI_rh98_m(pending),0,Landsat_C2_L2,regimeC_v0_CLCD+NDVI,v0
afforestation,SAIH_AFF_r55c39,stable_restoration,0.9018,0.00287,,GEDI_rh98_m(pending),0,Landsat_C2_L2,regimeC_v0_CLCD+NDVI,v0
afforestation,SAIH_AFF_r55c40,stable_restoration,0.9225,0.00433,,GEDI_rh98_m(pending),0,Landsat_C2_L2,regimeC_v0_CLCD+NDVI,v0
afforestation,SAIH_AFF_r55c41,stable_restoration,1.0288,0.00019,,GEDI_rh98_m(pending),0,Landsat_C2_L2,regimeC_v0_CLCD+NDVI,v0
afforestation,SAIH_AFF_r55c42,stable_restoration,1.0334,0.00054,,GEDI_rh98_m(pending),0,Landsat_C2_L2,regimeC_v0_CLCD+NDVI,v0
afforestation,SAIH_AFF_r55c43,stable_restoration,1.0317,0.00425,,GEDI_rh98_m(pending),0,Landsat_C2_L2,regimeC_v0_CLCD+NDVI,v0
afforestation,SAIH_AFF_r55c44,stable_restoration,1.0208,0.00405,,GEDI_rh98_m(pending),0,Landsat_C2_L2,regimeC_v0_CLCD+NDVI,v0
afforestation,SAIH_AFF_r55c45,stable_restoration,0.9908,0.00107,,GEDI_rh98_m(pending),0,Landsat_C2_L2,regimeC_v0_CLCD+NDVI,v0
afforestation,SAIH_AFF_r55c46,stable_restoration,1.0054,0.00063,,GEDI_rh98_m(pending),0,Landsat_C2_L2,regimeC_v0_CLCD+NDVI,v0
afforestation,SAIH_AFF_r55c47,stable_restoration,0.8034,0.00624,,GEDI_rh98_m(pending),0,Landsat_C2_L2,regimeC_v0_CLCD+NDVI,v0
afforestation,SAIH_AFF_r55c48,early_restoration,0.5156,0.00751,,GEDI_rh98_m(pending),0,Landsat_C2_L2,regimeC_v0_CLCD+NDVI,v0
afforestation,SAIH_AFF_r55c49,stable_restoration,0.8131,0.01692,,GEDI_rh98_m(pending),0,Landsat_C2_L2,regimeC_v0_CLCD+NDVI,v0
afforestation,SAIH_AFF_r55c50,early_restoration,0.5288,0.01042,,GEDI_rh98_m(pending),0,Landsat_C2_L2,regimeC_v0_CLCD+NDVI,v0
afforestation,SAIH_AFF_r55c51,stable_restoration,0.9116,0.0062,,GEDI_rh98_m(pending),0,Landsat_C2_L2,regimeC_v0_CLCD+NDVI,v0
afforestation,SAIH_AFF_r55c52,stable_restoration,0.784,0.00487,,GEDI_rh98_m(pending),0,Landsat_C2_L2,regimeC_v0_CLCD+NDVI,v0
afforestation,SAIH_AFF_r55c53,stable_restoration,0.8623,0.00502,,GEDI_rh98_m(pending),0,Landsat_C2_L2,regimeC_v0_CLCD+NDVI,v0
afforestation,SAIH_AFF_r55c54,early_restoration,0.6398,0.00739,,GEDI_rh98_m(pending),0,Landsat_C2_L2,regimeC_v0_CLCD+NDVI,v0
afforestation,SAIH_AFF_r55c55,early_restoration,0.4823,0.0036,,GEDI_rh98_m(pending),0,Landsat_C2_L2,regimeC_v0_CLCD+NDVI,v0
afforestation,SAIH_AFF_r55c56,stable_restoration,0.7519,0.00414,,GEDI_rh98_m(pending),0,Landsat_C2_L2,regimeC_v0_CLCD+NDVI,v0
afforestation,SAIH_AFF_r55c57,stable_restoration,0.689,0.00612,,GEDI_rh98_m(pending),0,Landsat_C2_L2,regimeC_v0_CLCD+NDVI,v0
afforestation,SAIH_AFF_r55c58,early_restoration,0.381,0.00947,,GEDI_rh98_m(pending),0,Landsat_C2_L2,regimeC_v0_CLCD+NDVI,v0
afforestation,SAIH_AFF_r55c59,early_restoration,0.4154,0.00933,,GEDI_rh98_m(pending),0,Landsat_C2_L2,regimeC_v0_CLCD+NDVI,v0
afforestation,SAIH_AFF_r55c60,early_restoration,0.572,0.02375,,GEDI_rh98_m(pending),0,Landsat_C2_L2,regimeC_v0_CLCD+NDVI,v0
afforestation,SAIH_AFF_r55c61,stable_restoration,0.9922,0.01949,,GEDI_rh98_m(pending),0,Landsat_C2_L2,regimeC_v0_CLCD+NDVI,v0
afforestation,SAIH_AFF_r55c62,stable_restoration,1.0014,0.01303,,GEDI_rh98_m(pending),0,Landsat_C2_L2,regimeC_v0_CLCD+NDVI,v0
afforestation,SAIH_AFF_r55c63,stable_restoration,0.9139,0.01579,,GEDI_rh98_m(pending),0,Landsat_C2_L2,regimeC_v0_CLCD+NDVI,v0
afforestation,SAIH_AFF_r55c64,early_restoration,0.342,0.01116,,GEDI_rh98_m(pending),0,Landsat_C2_L2,regimeC_v0_CLCD+NDVI,v0
afforestation,SAIH_AFF_r56c00,early_restoration,0.3847,0.002,,GEDI_rh98_m(pending),0,Landsat_C2_L2,regimeC_v0_CLCD+NDVI,v0
afforestation,SAIH_AFF_r56c01,stable_restoration,0.7456,0.01528,,GEDI_rh98_m(pending),0,Landsat_C2_L2,regimeC_v0_CLCD+NDVI,v0
afforestation,SAIH_AFF_r56c02,early_restoration,0.602,0.008,,GEDI_rh98_m(pending),0,Landsat_C2_L2,regimeC_v0_CLCD+NDVI,v0
afforestation,SAIH_AFF_r56c10,degraded,0.1851,0.00641,,GEDI_rh98_m(pending),0,Landsat_C2_L2,regimeC_v0_CLCD+NDVI,v0
afforestation,SAIH_AFF_r56c14,early_restoration,0.3685,0.0184,,GEDI_rh98_m(pending),0,Landsat_C2_L2,regimeC_v0_CLCD+NDVI,v0
afforestation,SAIH_AFF_r56c15,stable_restoration,0.697,0.00121,,GEDI_rh98_m(pending),0,Landsat_C2_L2,regimeC_v0_CLCD+NDVI,v0
afforestation,SAIH_AFF_r56c16,stable_restoration,0.8309,0.00189,,GEDI_rh98_m(pending),0,Landsat_C2_L2,regimeC_v0_CLCD+NDVI,v0
afforestation,SAIH_AFF_r56c17,stable_restoration,0.9121,0.00092,,GEDI_rh98_m(pending),0,Landsat_C2_L2,regimeC_v0_CLCD+NDVI,v0
afforestation,SAIH_AFF_r56c18,stable_restoration,0.9001,0.01458,,GEDI_rh98_m(pending),0,Landsat_C2_L2,regimeC_v0_CLCD+NDVI,v0
afforestation,SAIH_AFF_r56c19,stable_restoration,0.9544,0.02726,,GEDI_rh98_m(pending),0,Landsat_C2_L2,regimeC_v0_CLCD+NDVI,v0
afforestation,SAIH_AFF_r56c20,stable_restoration,0.8731,0.01242,,GEDI_rh98_m(pending),0,Landsat_C2_L2,regimeC_v0_CLCD+NDVI,v0
afforestation,SAIH_AFF_r56c21,stable_restoration,1.0128,0.00291,,GEDI_rh98_m(pending),0,Landsat_C2_L2,regimeC_v0_CLCD+NDVI,v0
afforestation,SAIH_AFF_r56c22,stable_restoration,0.9751,0.00386,,GEDI_rh98_m(pending),0,Landsat_C2_L2,regimeC_v0_CLCD+NDVI,v0
afforestation,SAIH_AFF_r56c23,stable_restoration,0.7742,0.00364,,GEDI_rh98_m(pending),0,Landsat_C2_L2,regimeC_v0_CLCD+NDVI,v0
afforestation,SAIH_AFF_r56c24,stable_restoration,0.9551,0.00657,,GEDI_rh98_m(pending),0,Landsat_C2_L2,regimeC_v0_CLCD+NDVI,v0
afforestation,SAIH_AFF_r56c25,stable_restoration,1.0369,0.00153,,GEDI_rh98_m(pending),0,Landsat_C2_L2,regimeC_v0_CLCD+NDVI,v0
afforestation,SAIH_AFF_r56c26,stable_restoration,0.9951,0.00539,,GEDI_rh98_m(pending),0,Landsat_C2_L2,regimeC_v0_CLCD+NDVI,v0
afforestation,SAIH_AFF_r56c27,stable_restoration,0.9705,0.00517,,GEDI_rh98_m(pending),0,Landsat_C2_L2,regimeC_v0_CLCD+NDVI,v0
afforestation,SAIH_AFF_r56c28,stable_restoration,0.7353,0.00848,,GEDI_rh98_m(pending),0,Landsat_C2_L2,regimeC_v0_CLCD+NDVI,v0
afforestation,SAIH_AFF_r56c29,stable_restoration,0.7948,0.00671,,GEDI_rh98_m(pending),0,Landsat_C2_L2,regimeC_v0_CLCD+NDVI,v0
afforestation,SAIH_AFF_r56c30,stable_restoration,0.9915,0.00115,,GEDI_rh98_m(pending),0,Landsat_C2_L2,regimeC_v0_CLCD+NDVI,v0
afforestation,SAIH_AFF_r56c31,stable_restoration,0.7336,0.00233,,GEDI_rh98_m(pending),0,Landsat_C2_L2,regimeC_v0_CLCD+NDVI,v0
afforestation,SAIH_AFF_r56c32,stable_restoration,0.9321,0.00092,,GEDI_rh98_m(pending),0,Landsat_C2_L2,regimeC_v0_CLCD+NDVI,v0
afforestation,SAIH_AFF_r56c33,stable_restoration,0.9385,0.00216,,GEDI_rh98_m(pending),0,Landsat_C2_L2,regimeC_v0_CLCD+NDVI,v0
afforestation,SAIH_AFF_r56c34,stable_restoration,0.7524,0.00473,,GEDI_rh98_m(pending),0,Landsat_C2_L2,regimeC_v0_CLCD+NDVI,v0
afforestation,SAIH_AFF_r56c35,stable_restoration,0.7812,0.00146,,GEDI_rh98_m(pending),0,Landsat_C2_L2,regimeC_v0_CLCD+NDVI,v0
afforestation,SAIH_AFF_r56c36,early_restoration,0.598,0.0039,,GEDI_rh98_m(pending),0,Landsat_C2_L2,regimeC_v0_CLCD+NDVI,v0
afforestation,SAIH_AFF_r56c37,early_restoration,0.5791,0.01184,,GEDI_rh98_m(pending),0,Landsat_C2_L2,regimeC_v0_CLCD+NDVI,v0
afforestation,SAIH_AFF_r56c38,early_restoration,0.3674,0.00513,,GEDI_rh98_m(pending),0,Landsat_C2_L2,regimeC_v0_CLCD+NDVI,v0
afforestation,SAIH_AFF_r56c39,stable_restoration,0.7697,0.00784,,GEDI_rh98_m(pending),0,Landsat_C2_L2,regimeC_v0_CLCD+NDVI,v0
afforestation,SAIH_AFF_r56c40,stable_restoration,0.9511,0.00329,,GEDI_rh98_m(pending),0,Landsat_C2_L2,regimeC_v0_CLCD+NDVI,v0
afforestation,SAIH_AFF_r56c41,stable_restoration,0.9613,0.00156,,GEDI_rh98_m(pending),0,Landsat_C2_L2,regimeC_v0_CLCD+NDVI,v0
afforestation,SAIH_AFF_r56c42,stable_restoration,0.9717,0.00144,,GEDI_rh98_m(pending),0,Landsat_C2_L2,regimeC_v0_CLCD+NDVI,v0
afforestation,SAIH_AFF_r56c43,stable_restoration,1.002,0.00111,,GEDI_rh98_m(pending),0,Landsat_C2_L2,regimeC_v0_CLCD+NDVI,v0
afforestation,SAIH_AFF_r56c44,stable_restoration,0.9813,0.00541,,GEDI_rh98_m(pending),0,Landsat_C2_L2,regimeC_v0_CLCD+NDVI,v0
afforestation,SAIH_AFF_r56c45,early_restoration,0.623,0.00786,,GEDI_rh98_m(pending),0,Landsat_C2_L2,regimeC_v0_CLCD+NDVI,v0
afforestation,SAIH_AFF_r56c46,stable_restoration,0.8664,0.00167,,GEDI_rh98_m(pending),0,Landsat_C2_L2,regimeC_v0_CLCD+NDVI,v0
afforestation,SAIH_AFF_r56c47,stable_restoration,0.8211,0.00441,,GEDI_rh98_m(pending),0,Landsat_C2_L2,regimeC_v0_CLCD+NDVI,v0
afforestation,SAIH_AFF_r56c48,early_restoration,0.5951,0.00684,,GEDI_rh98_m(pending),0,Landsat_C2_L2,regimeC_v0_CLCD+NDVI,v0
afforestation,SAIH_AFF_r56c49,stable_restoration,0.7805,0.00889,,GEDI_rh98_m(pending),0,Landsat_C2_L2,regimeC_v0_CLCD+NDVI,v0
afforestation,SAIH_AFF_r56c50,early_restoration,0.6,0.00987,,GEDI_rh98_m(pending),0,Landsat_C2_L2,regimeC_v0_CLCD+NDVI,v0
afforestation,SAIH_AFF_r56c51,early_restoration,0.5539,0.01109,,GEDI_rh98_m(pending),0,Landsat_C2_L2,regimeC_v0_CLCD+NDVI,v0
afforestation,SAIH_AFF_r56c52,stable_restoration,0.9064,0.00664,,GEDI_rh98_m(pending),0,Landsat_C2_L2,regimeC_v0_CLCD+NDVI,v0
afforestation,SAIH_AFF_r56c53,early_restoration,0.5722,0.01185,,GEDI_rh98_m(pending),0,Landsat_C2_L2,regimeC_v0_CLCD+NDVI,v0
afforestation,SAIH_AFF_r56c54,early_restoration,0.4526,0.00822,,GEDI_rh98_m(pending),0,Landsat_C2_L2,regimeC_v0_CLCD+NDVI,v0
afforestation,SAIH_AFF_r56c55,stable_restoration,0.7027,0.01096,,GEDI_rh98_m(pending),0,Landsat_C2_L2,regimeC_v0_CLCD+NDVI,v0
afforestation,SAIH_AFF_r56c56,stable_restoration,0.9046,0.00692,,GEDI_rh98_m(pending),0,Landsat_C2_L2,regimeC_v0_CLCD+NDVI,v0
afforestation,SAIH_AFF_r56c57,stable_restoration,0.7616,0.00826,,GEDI_rh98_m(pending),0,Landsat_C2_L2,regimeC_v0_CLCD+NDVI,v0
afforestation,SAIH_AFF_r56c58,early_restoration,0.4778,0.00658,,GEDI_rh98_m(pending),0,Landsat_C2_L2,regimeC_v0_CLCD+NDVI,v0
afforestation,SAIH_AFF_r56c59,degraded,0.2026,0.00917,,GEDI_rh98_m(pending),0,Landsat_C2_L2,regimeC_v0_CLCD+NDVI,v0
afforestation,SAIH_AFF_r56c60,stable_restoration,0.6942,0.01903,,GEDI_rh98_m(pending),0,Landsat_C2_L2,regimeC_v0_CLCD+NDVI,v0
afforestation,SAIH_AFF_r56c61,stable_restoration,0.808,0.02303,,GEDI_rh98_m(pending),0,Landsat_C2_L2,regimeC_v0_CLCD+NDVI,v0
afforestation,SAIH_AFF_r56c62,stable_restoration,0.7296,0.01925,,GEDI_rh98_m(pending),0,Landsat_C2_L2,regimeC_v0_CLCD+NDVI,v0
afforestation,SAIH_AFF_r56c63,early_restoration,0.6077,0.01739,,GEDI_rh98_m(pending),0,Landsat_C2_L2,regimeC_v0_CLCD+NDVI,v0
afforestation,SAIH_AFF_r56c64,early_restoration,0.5316,0.01465,,GEDI_rh98_m(pending),0,Landsat_C2_L2,regimeC_v0_CLCD+NDVI,v0
afforestation,SAIH_AFF_r57c01,stable_restoration,0.7778,0.01611,,GEDI_rh98_m(pending),0,Landsat_C2_L2,regimeC_v0_CLCD+NDVI,v0
afforestation,SAIH_AFF_r57c02,stable_restoration,0.7672,0.0097,,GEDI_rh98_m(pending),0,Landsat_C2_L2,regimeC_v0_CLCD+NDVI,v0
afforestation,SAIH_AFF_r57c03,early_restoration,0.644,0.00863,,GEDI_rh98_m(pending),0,Landsat_C2_L2,regimeC_v0_CLCD+NDVI,v0
afforestation,SAIH_AFF_r57c04,early_restoration,0.3582,0.00248,,GEDI_rh98_m(pending),0,Landsat_C2_L2,regimeC_v0_CLCD+NDVI,v0
afforestation,SAIH_AFF_r57c13,degraded,0.2713,0.0132,,GEDI_rh98_m(pending),0,Landsat_C2_L2,regimeC_v0_CLCD+NDVI,v0
afforestation,SAIH_AFF_r57c15,stable_restoration,0.9156,0.00157,,GEDI_rh98_m(pending),0,Landsat_C2_L2,regimeC_v0_CLCD+NDVI,v0
afforestation,SAIH_AFF_r57c16,stable_restoration,0.8736,0.00268,,GEDI_rh98_m(pending),0,Landsat_C2_L2,regimeC_v0_CLCD+NDVI,v0
afforestation,SAIH_AFF_r57c17,stable_restoration,0.7004,0.00373,,GEDI_rh98_m(pending),0,Landsat_C2_L2,regimeC_v0_CLCD+NDVI,v0
afforestation,SAIH_AFF_r57c18,stable_restoration,1.0184,0.0088,,GEDI_rh98_m(pending),0,Landsat_C2_L2,regimeC_v0_CLCD+NDVI,v0
afforestation,SAIH_AFF_r57c19,stable_restoration,0.9739,0.00894,,GEDI_rh98_m(pending),0,Landsat_C2_L2,regimeC_v0_CLCD+NDVI,v0
afforestation,SAIH_AFF_r57c20,stable_restoration,0.9277,0.01343,,GEDI_rh98_m(pending),0,Landsat_C2_L2,regimeC_v0_CLCD+NDVI,v0
afforestation,SAIH_AFF_r57c21,stable_restoration,0.9789,0.0074,,GEDI_rh98_m(pending),0,Landsat_C2_L2,regimeC_v0_CLCD+NDVI,v0
afforestation,SAIH_AFF_r57c22,stable_restoration,0.9895,0.00581,,GEDI_rh98_m(pending),0,Landsat_C2_L2,regimeC_v0_CLCD+NDVI,v0
afforestation,SAIH_AFF_r57c23,stable_restoration,0.6959,0.00386,,GEDI_rh98_m(pending),0,Landsat_C2_L2,regimeC_v0_CLCD+NDVI,v0
afforestation,SAIH_AFF_r57c24,stable_restoration,0.9817,0.00137,,GEDI_rh98_m(pending),0,Landsat_C2_L2,regimeC_v0_CLCD+NDVI,v0
afforestation,SAIH_AFF_r57c25,stable_restoration,1.0123,0.00301,,GEDI_rh98_m(pending),0,Landsat_C2_L2,regimeC_v0_CLCD+NDVI,v0
afforestation,SAIH_AFF_r57c26,stable_restoration,1.0085,0.00613,,GEDI_rh98_m(pending),0,Landsat_C2_L2,regimeC_v0_CLCD+NDVI,v0
afforestation,SAIH_AFF_r57c27,stable_restoration,0.9037,0.0047,,GEDI_rh98_m(pending),0,Landsat_C2_L2,regimeC_v0_CLCD+NDVI,v0
afforestation,SAIH_AFF_r57c28,stable_restoration,0.8714,0.00362,,GEDI_rh98_m(pending),0,Landsat_C2_L2,regimeC_v0_CLCD+NDVI,v0
afforestation,SAIH_AFF_r57c29,stable_restoration,0.8837,0.00358,,GEDI_rh98_m(pending),0,Landsat_C2_L2,regimeC_v0_CLCD+NDVI,v0
afforestation,SAIH_AFF_r57c30,stable_restoration,0.6847,0.00223,,GEDI_rh98_m(pending),0,Landsat_C2_L2,regimeC_v0_CLCD+NDVI,v0
afforestation,SAIH_AFF_r57c31,stable_restoration,0.667,0.00126,,GEDI_rh98_m(pending),0,Landsat_C2_L2,regimeC_v0_CLCD+NDVI,v0
afforestation,SAIH_AFF_r57c32,stable_restoration,0.7004,0.00194,,GEDI_rh98_m(pending),0,Landsat_C2_L2,regimeC_v0_CLCD+NDVI,v0
afforestation,SAIH_AFF_r57c33,stable_restoration,0.9277,0.00191,,GEDI_rh98_m(pending),0,Landsat_C2_L2,regimeC_v0_CLCD+NDVI,v0
afforestation,SAIH_AFF_r57c34,early_restoration,0.6341,0.00399,,GEDI_rh98_m(pending),0,Landsat_C2_L2,regimeC_v0_CLCD+NDVI,v0
afforestation,SAIH_AFF_r57c35,early_restoration,0.5853,0.0027,,GEDI_rh98_m(pending),0,Landsat_C2_L2,regimeC_v0_CLCD+NDVI,v0
afforestation,SAIH_AFF_r57c36,early_restoration,0.5878,0.0055,,GEDI_rh98_m(pending),0,Landsat_C2_L2,regimeC_v0_CLCD+NDVI,v0
afforestation,SAIH_AFF_r57c37,early_restoration,0.4424,0.00481,,GEDI_rh98_m(pending),0,Landsat_C2_L2,regimeC_v0_CLCD+NDVI,v0
afforestation,SAIH_AFF_r57c39,early_restoration,0.4842,0.00571,,GEDI_rh98_m(pending),0,Landsat_C2_L2,regimeC_v0_CLCD+NDVI,v0
afforestation,SAIH_AFF_r57c40,stable_restoration,0.9419,0.00382,,GEDI_rh98_m(pending),0,Landsat_C2_L2,regimeC_v0_CLCD+NDVI,v0
afforestation,SAIH_AFF_r57c41,stable_restoration,0.9416,0.00113,,GEDI_rh98_m(pending),0,Landsat_C2_L2,regimeC_v0_CLCD+NDVI,v0
afforestation,SAIH_AFF_r57c42,stable_restoration,0.8001,0.00166,,GEDI_rh98_m(pending),0,Landsat_C2_L2,regimeC_v0_CLCD+NDVI,v0
afforestation,SAIH_AFF_r57c43,stable_restoration,0.9154,0.00099,,GEDI_rh98_m(pending),0,Landsat_C2_L2,regimeC_v0_CLCD+NDVI,v0
afforestation,SAIH_AFF_r57c44,stable_restoration,0.8954,0.00465,,GEDI_rh98_m(pending),0,Landsat_C2_L2,regimeC_v0_CLCD+NDVI,v0
afforestation,SAIH_AFF_r57c45,stable_restoration,0.7769,0.00461,,GEDI_rh98_m(pending),0,Landsat_C2_L2,regimeC_v0_CLCD+NDVI,v0
afforestation,SAIH_AFF_r57c46,early_restoration,0.4552,0.00276,,GEDI_rh98_m(pending),0,Landsat_C2_L2,regimeC_v0_CLCD+NDVI,v0
afforestation,SAIH_AFF_r57c47,stable_restoration,0.9566,0.00294,,GEDI_rh98_m(pending),0,Landsat_C2_L2,regimeC_v0_CLCD+NDVI,v0
afforestation,SAIH_AFF_r57c48,stable_restoration,1.0118,0.00123,,GEDI_rh98_m(pending),0,Landsat_C2_L2,regimeC_v0_CLCD+NDVI,v0
afforestation,SAIH_AFF_r57c49,stable_restoration,0.9845,0.0005,,GEDI_rh98_m(pending),0,Landsat_C2_L2,regimeC_v0_CLCD+NDVI,v0
afforestation,SAIH_AFF_r57c50,stable_restoration,0.9222,0.0071,,GEDI_rh98_m(pending),0,Landsat_C2_L2,regimeC_v0_CLCD+NDVI,v0
afforestation,SAIH_AFF_r57c51,degraded,0.2084,0.00652,,GEDI_rh98_m(pending),0,Landsat_C2_L2,regimeC_v0_CLCD+NDVI,v0
afforestation,SAIH_AFF_r57c52,stable_restoration,0.6658,0.01719,,GEDI_rh98_m(pending),0,Landsat_C2_L2,regimeC_v0_CLCD+NDVI,v0
afforestation,SAIH_AFF_r57c53,stable_restoration,0.8497,0.0176,,GEDI_rh98_m(pending),0,Landsat_C2_L2,regimeC_v0_CLCD+NDVI,v0
afforestation,SAIH_AFF_r57c54,early_restoration,0.4953,0.01125,,GEDI_rh98_m(pending),0,Landsat_C2_L2,regimeC_v0_CLCD+NDVI,v0
afforestation,SAIH_AFF_r57c55,stable_restoration,0.9932,0.01065,,GEDI_rh98_m(pending),0,Landsat_C2_L2,regimeC_v0_CLCD+NDVI,v0
afforestation,SAIH_AFF_r57c56,stable_restoration,0.9138,0.01759,,GEDI_rh98_m(pending),0,Landsat_C2_L2,regimeC_v0_CLCD+NDVI,v0
afforestation,SAIH_AFF_r57c57,stable_restoration,0.7388,0.01733,,GEDI_rh98_m(pending),0,Landsat_C2_L2,regimeC_v0_CLCD+NDVI,v0
afforestation,SAIH_AFF_r57c58,early_restoration,0.6156,0.01171,,GEDI_rh98_m(pending),0,Landsat_C2_L2,regimeC_v0_CLCD+NDVI,v0
afforestation,SAIH_AFF_r57c59,stable_restoration,0.7661,0.01848,,GEDI_rh98_m(pending),0,Landsat_C2_L2,regimeC_v0_CLCD+NDVI,v0
afforestation,SAIH_AFF_r57c60,early_restoration,0.4035,0.01644,,GEDI_rh98_m(pending),0,Landsat_C2_L2,regimeC_v0_CLCD+NDVI,v0
afforestation,SAIH_AFF_r57c61,early_restoration,0.3549,0.01394,,GEDI_rh98_m(pending),0,Landsat_C2_L2,regimeC_v0_CLCD+NDVI,v0
afforestation,SAIH_AFF_r57c62,stable_restoration,0.7688,0.02195,,GEDI_rh98_m(pending),0,Landsat_C2_L2,regimeC_v0_CLCD+NDVI,v0
afforestation,SAIH_AFF_r57c63,early_restoration,0.6273,0.01763,,GEDI_rh98_m(pending),0,Landsat_C2_L2,regimeC_v0_CLCD+NDVI,v0
afforestation,SAIH_AFF_r57c64,stable_restoration,0.7792,0.02661,,GEDI_rh98_m(pending),0,Landsat_C2_L2,regimeC_v0_CLCD+NDVI,v0
afforestation,SAIH_AFF_r58c00,stable_restoration,0.7772,0.01557,,GEDI_rh98_m(pending),0,Landsat_C2_L2,regimeC_v0_CLCD+NDVI,v0
afforestation,SAIH_AFF_r58c01,stable_restoration,0.7164,0.01336,,GEDI_rh98_m(pending),0,Landsat_C2_L2,regimeC_v0_CLCD+NDVI,v0
afforestation,SAIH_AFF_r58c02,stable_restoration,0.7181,0.01183,,GEDI_rh98_m(pending),0,Landsat_C2_L2,regimeC_v0_CLCD+NDVI,v0
afforestation,SAIH_AFF_r58c03,early_restoration,0.3903,0.0036,,GEDI_rh98_m(pending),0,Landsat_C2_L2,regimeC_v0_CLCD+NDVI,v0
afforestation,SAIH_AFF_r58c10,degraded,0.2372,0.01158,,GEDI_rh98_m(pending),0,Landsat_C2_L2,regimeC_v0_CLCD+NDVI,v0
afforestation,SAIH_AFF_r58c14,degraded,0.3233,0.0001,,GEDI_rh98_m(pending),0,Landsat_C2_L2,regimeC_v0_CLCD+NDVI,v0
afforestation,SAIH_AFF_r58c15,early_restoration,0.5961,0.00102,,GEDI_rh98_m(pending),0,Landsat_C2_L2,regimeC_v0_CLCD+NDVI,v0
afforestation,SAIH_AFF_r58c16,stable_restoration,0.8206,0.00136,,GEDI_rh98_m(pending),0,Landsat_C2_L2,regimeC_v0_CLCD+NDVI,v0
afforestation,SAIH_AFF_r58c17,stable_restoration,0.7954,0.00259,,GEDI_rh98_m(pending),0,Landsat_C2_L2,regimeC_v0_CLCD+NDVI,v0
afforestation,SAIH_AFF_r58c18,stable_restoration,0.9471,0.00814,,GEDI_rh98_m(pending),0,Landsat_C2_L2,regimeC_v0_CLCD+NDVI,v0
afforestation,SAIH_AFF_r58c19,stable_restoration,1.0237,0.00336,,GEDI_rh98_m(pending),0,Landsat_C2_L2,regimeC_v0_CLCD+NDVI,v0
afforestation,SAIH_AFF_r58c20,stable_restoration,0.9903,0.01241,,GEDI_rh98_m(pending),0,Landsat_C2_L2,regimeC_v0_CLCD+NDVI,v0
afforestation,SAIH_AFF_r58c21,stable_restoration,0.8726,0.02109,,GEDI_rh98_m(pending),0,Landsat_C2_L2,regimeC_v0_CLCD+NDVI,v0
afforestation,SAIH_AFF_r58c22,stable_restoration,0.9196,0.01066,,GEDI_rh98_m(pending),0,Landsat_C2_L2,regimeC_v0_CLCD+NDVI,v0
afforestation,SAIH_AFF_r58c23,early_restoration,0.6455,0.00805,,GEDI_rh98_m(pending),0,Landsat_C2_L2,regimeC_v0_CLCD+NDVI,v0
afforestation,SAIH_AFF_r58c24,stable_restoration,0.9046,0.01143,,GEDI_rh98_m(pending),0,Landsat_C2_L2,regimeC_v0_CLCD+NDVI,v0
afforestation,SAIH_AFF_r58c25,stable_restoration,1.006,0.01697,,GEDI_rh98_m(pending),0,Landsat_C2_L2,regimeC_v0_CLCD+NDVI,v0
afforestation,SAIH_AFF_r58c26,stable_restoration,1.0334,0.00371,,GEDI_rh98_m(pending),0,Landsat_C2_L2,regimeC_v0_CLCD+NDVI,v0
afforestation,SAIH_AFF_r58c27,stable_restoration,1.0197,0.00869,,GEDI_rh98_m(pending),0,Landsat_C2_L2,regimeC_v0_CLCD+NDVI,v0
afforestation,SAIH_AFF_r58c28,stable_restoration,0.986,0.01528,,GEDI_rh98_m(pending),0,Landsat_C2_L2,regimeC_v0_CLCD+NDVI,v0
afforestation,SAIH_AFF_r58c29,stable_restoration,0.812,0.00911,,GEDI_rh98_m(pending),0,Landsat_C2_L2,regimeC_v0_CLCD+NDVI,v0
afforestation,SAIH_AFF_r58c30,stable_restoration,0.7694,0.00189,,GEDI_rh98_m(pending),0,Landsat_C2_L2,regimeC_v0_CLCD+NDVI,v0
afforestation,SAIH_AFF_r58c31,stable_restoration,0.9911,0.00117,,GEDI_rh98_m(pending),0,Landsat_C2_L2,regimeC_v0_CLCD+NDVI,v0
afforestation,SAIH_AFF_r58c32,stable_restoration,0.6649,0.00222,,GEDI_rh98_m(pending),0,Landsat_C2_L2,regimeC_v0_CLCD+NDVI,v0
afforestation,SAIH_AFF_r58c33,early_restoration,0.3485,2e-05,,GEDI_rh98_m(pending),0,Landsat_C2_L2,regimeC_v0_CLCD+NDVI,v0
afforestation,SAIH_AFF_r58c34,stable_restoration,0.7199,0.00086,,GEDI_rh98_m(pending),0,Landsat_C2_L2,regimeC_v0_CLCD+NDVI,v0
afforestation,SAIH_AFF_r58c35,stable_restoration,0.7279,0.00403,,GEDI_rh98_m(pending),0,Landsat_C2_L2,regimeC_v0_CLCD+NDVI,v0
afforestation,SAIH_AFF_r58c36,degraded,0.3267,0.00727,,GEDI_rh98_m(pending),0,Landsat_C2_L2,regimeC_v0_CLCD+NDVI,v0
afforestation,SAIH_AFF_r58c37,degraded,0.25,0.00229,,GEDI_rh98_m(pending),0,Landsat_C2_L2,regimeC_v0_CLCD+NDVI,v0
afforestation,SAIH_AFF_r58c39,degraded,0.277,0.00133,,GEDI_rh98_m(pending),0,Landsat_C2_L2,regimeC_v0_CLCD+NDVI,v0
afforestation,SAIH_AFF_r58c40,stable_restoration,0.7744,0.00707,,GEDI_rh98_m(pending),0,Landsat_C2_L2,regimeC_v0_CLCD+NDVI,v0
afforestation,SAIH_AFF_r58c41,stable_restoration,0.9235,0.00239,,GEDI_rh98_m(pending),0,Landsat_C2_L2,regimeC_v0_CLCD+NDVI,v0
afforestation,SAIH_AFF_r58c42,stable_restoration,0.8526,0.00257,,GEDI_rh98_m(pending),0,Landsat_C2_L2,regimeC_v0_CLCD+NDVI,v0
afforestation,SAIH_AFF_r58c43,stable_restoration,0.7404,0.00339,,GEDI_rh98_m(pending),0,Landsat_C2_L2,regimeC_v0_CLCD+NDVI,v0
afforestation,SAIH_AFF_r58c44,stable_restoration,0.9751,0.00121,,GEDI_rh98_m(pending),0,Landsat_C2_L2,regimeC_v0_CLCD+NDVI,v0
afforestation,SAIH_AFF_r58c45,stable_restoration,0.955,0.00155,,GEDI_rh98_m(pending),0,Landsat_C2_L2,regimeC_v0_CLCD+NDVI,v0
afforestation,SAIH_AFF_r58c46,early_restoration,0.6351,0.00442,,GEDI_rh98_m(pending),0,Landsat_C2_L2,regimeC_v0_CLCD+NDVI,v0
afforestation,SAIH_AFF_r58c47,stable_restoration,0.6787,0.00424,,GEDI_rh98_m(pending),0,Landsat_C2_L2,regimeC_v0_CLCD+NDVI,v0
afforestation,SAIH_AFF_r58c48,stable_restoration,0.725,0.00499,,GEDI_rh98_m(pending),0,Landsat_C2_L2,regimeC_v0_CLCD+NDVI,v0
afforestation,SAIH_AFF_r58c49,stable_restoration,0.8463,0.0023,,GEDI_rh98_m(pending),0,Landsat_C2_L2,regimeC_v0_CLCD+NDVI,v0
afforestation,SAIH_AFF_r58c50,stable_restoration,0.9062,0.00564,,GEDI_rh98_m(pending),0,Landsat_C2_L2,regimeC_v0_CLCD+NDVI,v0
afforestation,SAIH_AFF_r58c51,stable_restoration,0.8566,0.01385,,GEDI_rh98_m(pending),0,Landsat_C2_L2,regimeC_v0_CLCD+NDVI,v0
afforestation,SAIH_AFF_r58c52,degraded,0.2838,0.00563,,GEDI_rh98_m(pending),0,Landsat_C2_L2,regimeC_v0_CLCD+NDVI,v0
afforestation,SAIH_AFF_r58c53,degraded,0.2541,0.00931,,GEDI_rh98_m(pending),0,Landsat_C2_L2,regimeC_v0_CLCD+NDVI,v0
afforestation,SAIH_AFF_r58c54,early_restoration,0.6048,0.01398,,GEDI_rh98_m(pending),0,Landsat_C2_L2,regimeC_v0_CLCD+NDVI,v0
afforestation,SAIH_AFF_r58c55,early_restoration,0.5871,0.01827,,GEDI_rh98_m(pending),0,Landsat_C2_L2,regimeC_v0_CLCD+NDVI,v0
afforestation,SAIH_AFF_r58c56,stable_restoration,0.8652,0.01519,,GEDI_rh98_m(pending),0,Landsat_C2_L2,regimeC_v0_CLCD+NDVI,v0
afforestation,SAIH_AFF_r58c57,early_restoration,0.6317,0.01953,,GEDI_rh98_m(pending),0,Landsat_C2_L2,regimeC_v0_CLCD+NDVI,v0
afforestation,SAIH_AFF_r58c58,stable_restoration,0.8154,0.00904,,GEDI_rh98_m(pending),0,Landsat_C2_L2,regimeC_v0_CLCD+NDVI,v0
afforestation,SAIH_AFF_r58c59,early_restoration,0.6546,0.0134,,GEDI_rh98_m(pending),0,Landsat_C2_L2,regimeC_v0_CLCD+NDVI,v0
afforestation,SAIH_AFF_r58c60,stable_restoration,0.6796,0.01291,,GEDI_rh98_m(pending),0,Landsat_C2_L2,regimeC_v0_CLCD+NDVI,v0
afforestation,SAIH_AFF_r58c61,degraded,0.2884,0.00978,,GEDI_rh98_m(pending),0,Landsat_C2_L2,regimeC_v0_CLCD+NDVI,v0
afforestation,SAIH_AFF_r58c62,stable_restoration,0.7301,0.01699,,GEDI_rh98_m(pending),0,Landsat_C2_L2,regimeC_v0_CLCD+NDVI,v0
afforestation,SAIH_AFF_r58c63,stable_restoration,0.784,0.02346,,GEDI_rh98_m(pending),0,Landsat_C2_L2,regimeC_v0_CLCD+NDVI,v0
afforestation,SAIH_AFF_r58c64,early_restoration,0.3886,0.01466,,GEDI_rh98_m(pending),0,Landsat_C2_L2,regimeC_v0_CLCD+NDVI,v0
mining,MINE_US_00000,degraded,,-3e-05,,S1_VH(pending),0,Landsat_C2_L2,regimeB_v0_RS_t0,RS_t0_v0
mining,MINE_US_00001,early_restoration,,-2e-05,,S1_VH(pending),0,Landsat_C2_L2,regimeB_v0_RS_t0,RS_t0_v0
mining,MINE_US_00002,early_restoration,,0.0074,,S1_VH(pending),0,Landsat_C2_L2,regimeB_v0_RS_t0,RS_t0_v0
mining,MINE_US_00003,degraded,,-0.00113,,S1_VH(pending),0,Landsat_C2_L2,regimeB_v0_RS_t0,RS_t0_v0
mining,MINE_US_00004,early_restoration,,0.00337,,S1_VH(pending),0,Landsat_C2_L2,regimeB_v0_RS_t0,RS_t0_v0
mining,MINE_US_00005,early_restoration,,-0.00012,,S1_VH(pending),0,Landsat_C2_L2,regimeB_v0_RS_t0,RS_t0_v0
mining,MINE_US_00006,degraded,,0.0009,,S1_VH(pending),0,Landsat_C2_L2,regimeB_v0_RS_t0,RS_t0_v0
mining,MINE_US_00007,degraded,,-0.0004,,S1_VH(pending),0,Landsat_C2_L2,regimeB_v0_RS_t0,RS_t0_v0
mining,MINE_US_00008,degraded,,0.00197,,S1_VH(pending),0,Landsat_C2_L2,regimeB_v0_RS_t0,RS_t0_v0
mining,MINE_US_00009,early_restoration,,0.00379,,S1_VH(pending),0,Landsat_C2_L2,regimeB_v0_RS_t0,RS_t0_v0
mining,MINE_US_00010,degraded,,0.00061,,S1_VH(pending),0,Landsat_C2_L2,regimeB_v0_RS_t0,RS_t0_v0
mining,MINE_US_00011,stable_restoration,,0.00859,,S1_VH(pending),0,Landsat_C2_L2,regimeB_v0_RS_t0,RS_t0_v0
mining,MINE_US_00012,early_restoration,,-0.00351,,S1_VH(pending),0,Landsat_C2_L2,regimeB_v0_RS_t0,RS_t0_v0
mining,MINE_US_00013,early_restoration,,0.0015,,S1_VH(pending),0,Landsat_C2_L2,regimeB_v0_RS_t0,RS_t0_v0
mining,MINE_US_00014,stable_restoration,,0.00405,,S1_VH(pending),0,Landsat_C2_L2,regimeB_v0_RS_t0,RS_t0_v0
mining,MINE_US_00015,early_restoration,,0.00252,,S1_VH(pending),0,Landsat_C2_L2,regimeB_v0_RS_t0,RS_t0_v0
mining,MINE_US_00016,early_restoration,,-0.00226,,S1_VH(pending),0,Landsat_C2_L2,regimeB_v0_RS_t0,RS_t0_v0
mining,MINE_US_00017,stable_restoration,,0.00299,,S1_VH(pending),0,Landsat_C2_L2,regimeB_v0_RS_t0,RS_t0_v0
mining,MINE_US_00018,degraded,,0.00145,,S1_VH(pending),0,Landsat_C2_L2,regimeB_v0_RS_t0,RS_t0_v0
mining,MINE_US_00019,degraded,,0.00207,,S1_VH(pending),0,Landsat_C2_L2,regimeB_v0_RS_t0,RS_t0_v0
mining,MINE_US_00020,degraded,,-0.00079,,S1_VH(pending),0,Landsat_C2_L2,regimeB_v0_RS_t0,RS_t0_v0
mining,MINE_US_00021,degraded,,0.0002,,S1_VH(pending),0,Landsat_C2_L2,regimeB_v0_RS_t0,RS_t0_v0
mining,MINE_US_00022,degraded,,0.00285,,S1_VH(pending),0,Landsat_C2_L2,regimeB_v0_RS_t0,RS_t0_v0
mining,MINE_US_00023,degraded,,0.00053,,S1_VH(pending),0,Landsat_C2_L2,regimeB_v0_RS_t0,RS_t0_v0
mining,MINE_US_00024,degraded,,0.00189,,S1_VH(pending),0,Landsat_C2_L2,regimeB_v0_RS_t0,RS_t0_v0
mining,MINE_US_00025,degraded,,0.00116,,S1_VH(pending),0,Landsat_C2_L2,regimeB_v0_RS_t0,RS_t0_v0
mining,MINE_US_00026,degraded,,0.00229,,S1_VH(pending),0,Landsat_C2_L2,regimeB_v0_RS_t0,RS_t0_v0
mining,MINE_US_00027,early_restoration,,0.00223,,S1_VH(pending),0,Landsat_C2_L2,regimeB_v0_RS_t0,RS_t0_v0
mining,MINE_US_00028,degraded,,-0.00047,,S1_VH(pending),0,Landsat_C2_L2,regimeB_v0_RS_t0,RS_t0_v0
mining,MINE_US_00029,degraded,,-0.00229,,S1_VH(pending),0,Landsat_C2_L2,regimeB_v0_RS_t0,RS_t0_v0
mining,MINE_US_00030,early_restoration,,-0.00096,,S1_VH(pending),0,Landsat_C2_L2,regimeB_v0_RS_t0,RS_t0_v0
mining,MINE_US_00031,degraded,,0.00041,,S1_VH(pending),0,Landsat_C2_L2,regimeB_v0_RS_t0,RS_t0_v0
mining,MINE_US_00032,degraded,,0.00176,,S1_VH(pending),0,Landsat_C2_L2,regimeB_v0_RS_t0,RS_t0_v0
mining,MINE_US_00033,early_restoration,,0.01081,,S1_VH(pending),0,Landsat_C2_L2,regimeB_v0_RS_t0,RS_t0_v0
mining,MINE_US_00034,early_restoration,,0.00243,,S1_VH(pending),0,Landsat_C2_L2,regimeB_v0_RS_t0,RS_t0_v0
mining,MINE_US_00035,degraded,,0.00011,,S1_VH(pending),0,Landsat_C2_L2,regimeB_v0_RS_t0,RS_t0_v0
mining,MINE_US_00036,degraded,,0.00108,,S1_VH(pending),0,Landsat_C2_L2,regimeB_v0_RS_t0,RS_t0_v0
mining,MINE_US_00037,degraded,,0.00259,,S1_VH(pending),0,Landsat_C2_L2,regimeB_v0_RS_t0,RS_t0_v0
mining,MINE_US_00038,early_restoration,,0.00269,,S1_VH(pending),0,Landsat_C2_L2,regimeB_v0_RS_t0,RS_t0_v0
mining,MINE_US_00039,stable_restoration,,0.004,,S1_VH(pending),0,Landsat_C2_L2,regimeB_v0_RS_t0,RS_t0_v0
mining,MINE_US_00040,degraded,,-0.0011,,S1_VH(pending),0,Landsat_C2_L2,regimeB_v0_RS_t0,RS_t0_v0
mining,MINE_US_00041,early_restoration,,0.0024,,S1_VH(pending),0,Landsat_C2_L2,regimeB_v0_RS_t0,RS_t0_v0
mining,MINE_US_00042,degraded,,0.00036,,S1_VH(pending),0,Landsat_C2_L2,regimeB_v0_RS_t0,RS_t0_v0
mining,MINE_US_00043,degraded,,0.00425,,S1_VH(pending),0,Landsat_C2_L2,regimeB_v0_RS_t0,RS_t0_v0
mining,MINE_US_00044,degraded,,0.00127,,S1_VH(pending),0,Landsat_C2_L2,regimeB_v0_RS_t0,RS_t0_v0
mining,MINE_US_00045,degraded,,-0.00052,,S1_VH(pending),0,Landsat_C2_L2,regimeB_v0_RS_t0,RS_t0_v0
mining,MINE_US_00046,degraded,,0.00282,,S1_VH(pending),0,Landsat_C2_L2,regimeB_v0_RS_t0,RS_t0_v0
mining,MINE_US_00047,degraded,,0.00085,,S1_VH(pending),0,Landsat_C2_L2,regimeB_v0_RS_t0,RS_t0_v0
mining,MINE_US_00048,degraded,,0.00057,,S1_VH(pending),0,Landsat_C2_L2,regimeB_v0_RS_t0,RS_t0_v0
mining,MINE_US_00049,stable_restoration,,0.00304,,S1_VH(pending),0,Landsat_C2_L2,regimeB_v0_RS_t0,RS_t0_v0
mining,MINE_US_00050,early_restoration,,0.00168,,S1_VH(pending),0,Landsat_C2_L2,regimeB_v0_RS_t0,RS_t0_v0
mining,MINE_US_00051,degraded,,-0.00011,,S1_VH(pending),0,Landsat_C2_L2,regimeB_v0_RS_t0,RS_t0_v0
mining,MINE_US_00052,stable_restoration,,0.00083,,S1_VH(pending),0,Landsat_C2_L2,regimeB_v0_RS_t0,RS_t0_v0
mining,MINE_US_00053,stable_restoration,,0.00864,,S1_VH(pending),0,Landsat_C2_L2,regimeB_v0_RS_t0,RS_t0_v0
mining,MINE_US_00054,degraded,,-0.00157,,S1_VH(pending),0,Landsat_C2_L2,regimeB_v0_RS_t0,RS_t0_v0
mining,MINE_US_00055,early_restoration,,-0.00562,,S1_VH(pending),0,Landsat_C2_L2,regimeB_v0_RS_t0,RS_t0_v0
mining,MINE_US_00056,stable_restoration,,0.01086,,S1_VH(pending),0,Landsat_C2_L2,regimeB_v0_RS_t0,RS_t0_v0
mining,MINE_US_00057,stable_restoration,,0.0035,,S1_VH(pending),0,Landsat_C2_L2,regimeB_v0_RS_t0,RS_t0_v0
mining,MINE_US_00058,stable_restoration,,-0.00279,,S1_VH(pending),0,Landsat_C2_L2,regimeB_v0_RS_t0,RS_t0_v0
mining,MINE_US_00059,early_restoration,,-0.00255,,S1_VH(pending),0,Landsat_C2_L2,regimeB_v0_RS_t0,RS_t0_v0
mining,MINE_US_00060,early_restoration,,0.00981,,S1_VH(pending),0,Landsat_C2_L2,regimeB_v0_RS_t0,RS_t0_v0
mining,MINE_US_00061,degraded,,0.00013,,S1_VH(pending),0,Landsat_C2_L2,regimeB_v0_RS_t0,RS_t0_v0
mining,MINE_US_00062,stable_restoration,,0.01075,,S1_VH(pending),0,Landsat_C2_L2,regimeB_v0_RS_t0,RS_t0_v0
mining,MINE_US_00063,early_restoration,,-0.00767,,S1_VH(pending),0,Landsat_C2_L2,regimeB_v0_RS_t0,RS_t0_v0
mining,MINE_US_00064,stable_restoration,,-0.0003,,S1_VH(pending),0,Landsat_C2_L2,regimeB_v0_RS_t0,RS_t0_v0
mining,MINE_US_00065,stable_restoration,,-0.00376,,S1_VH(pending),0,Landsat_C2_L2,regimeB_v0_RS_t0,RS_t0_v0
mining,MINE_US_00066,early_restoration,,0.0035,,S1_VH(pending),0,Landsat_C2_L2,regimeB_v0_RS_t0,RS_t0_v0
mining,MINE_US_00067,degraded,,-0.00021,,S1_VH(pending),0,Landsat_C2_L2,regimeB_v0_RS_t0,RS_t0_v0
mining,MINE_US_00068,stable_restoration,,0.00249,,S1_VH(pending),0,Landsat_C2_L2,regimeB_v0_RS_t0,RS_t0_v0
mining,MINE_US_00069,degraded,,0.00088,,S1_VH(pending),0,Landsat_C2_L2,regimeB_v0_RS_t0,RS_t0_v0
mining,MINE_US_00070,degraded,,-0.00063,,S1_VH(pending),0,Landsat_C2_L2,regimeB_v0_RS_t0,RS_t0_v0
mining,MINE_US_00071,stable_restoration,,0.00915,,S1_VH(pending),0,Landsat_C2_L2,regimeB_v0_RS_t0,RS_t0_v0
mining,MINE_US_00072,degraded,,0.00181,,S1_VH(pending),0,Landsat_C2_L2,regimeB_v0_RS_t0,RS_t0_v0
mining,MINE_US_00073,early_restoration,,-0.00089,,S1_VH(pending),0,Landsat_C2_L2,regimeB_v0_RS_t0,RS_t0_v0
mining,MINE_US_00074,stable_restoration,,0.00299,,S1_VH(pending),0,Landsat_C2_L2,regimeB_v0_RS_t0,RS_t0_v0
mining,MINE_US_00075,degraded,,0.00162,,S1_VH(pending),0,Landsat_C2_L2,regimeB_v0_RS_t0,RS_t0_v0
mining,MINE_US_00076,stable_restoration,,0.00145,,S1_VH(pending),0,Landsat_C2_L2,regimeB_v0_RS_t0,RS_t0_v0
mining,MINE_US_00077,degraded,,0.00087,,S1_VH(pending),0,Landsat_C2_L2,regimeB_v0_RS_t0,RS_t0_v0
mining,MINE_US_00078,degraded,,0.00206,,S1_VH(pending),0,Landsat_C2_L2,regimeB_v0_RS_t0,RS_t0_v0
mining,MINE_US_00079,early_restoration,,0.00528,,S1_VH(pending),0,Landsat_C2_L2,regimeB_v0_RS_t0,RS_t0_v0
mining,MINE_US_00080,stable_restoration,,0.00013,,S1_VH(pending),0,Landsat_C2_L2,regimeB_v0_RS_t0,RS_t0_v0
mining,MINE_US_00081,stable_restoration,,0.00754,,S1_VH(pending),0,Landsat_C2_L2,regimeB_v0_RS_t0,RS_t0_v0
mining,MINE_US_00082,stable_restoration,,0.00134,,S1_VH(pending),0,Landsat_C2_L2,regimeB_v0_RS_t0,RS_t0_v0
mining,MINE_US_00083,early_restoration,,0.00315,,S1_VH(pending),0,Landsat_C2_L2,regimeB_v0_RS_t0,RS_t0_v0
mining,MINE_US_00084,early_restoration,,-0.00491,,S1_VH(pending),0,Landsat_C2_L2,regimeB_v0_RS_t0,RS_t0_v0
mining,MINE_US_00085,stable_restoration,,-0.00495,,S1_VH(pending),0,Landsat_C2_L2,regimeB_v0_RS_t0,RS_t0_v0
mining,MINE_US_00086,early_restoration,,-0.00453,,S1_VH(pending),0,Landsat_C2_L2,regimeB_v0_RS_t0,RS_t0_v0
mining,MINE_US_00087,degraded,,0.00204,,S1_VH(pending),0,Landsat_C2_L2,regimeB_v0_RS_t0,RS_t0_v0
mining,MINE_US_00088,stable_restoration,,-0.00772,,S1_VH(pending),0,Landsat_C2_L2,regimeB_v0_RS_t0,RS_t0_v0
mining,MINE_US_00089,degraded,,-0.00584,,S1_VH(pending),0,Landsat_C2_L2,regimeB_v0_RS_t0,RS_t0_v0
mining,MINE_US_00090,stable_restoration,,0.00661,,S1_VH(pending),0,Landsat_C2_L2,regimeB_v0_RS_t0,RS_t0_v0
mining,MINE_US_00091,degraded,,0.00106,,S1_VH(pending),0,Landsat_C2_L2,regimeB_v0_RS_t0,RS_t0_v0
mining,MINE_US_00092,early_restoration,,0.00569,,S1_VH(pending),0,Landsat_C2_L2,regimeB_v0_RS_t0,RS_t0_v0
mining,MINE_US_00093,early_restoration,,0.00276,,S1_VH(pending),0,Landsat_C2_L2,regimeB_v0_RS_t0,RS_t0_v0
mining,MINE_US_00094,degraded,,0.00186,,S1_VH(pending),0,Landsat_C2_L2,regimeB_v0_RS_t0,RS_t0_v0
mining,MINE_US_00095,degraded,,-0.00201,,S1_VH(pending),0,Landsat_C2_L2,regimeB_v0_RS_t0,RS_t0_v0
mining,MINE_US_00096,stable_restoration,,-0.00715,,S1_VH(pending),0,Landsat_C2_L2,regimeB_v0_RS_t0,RS_t0_v0
mining,MINE_US_00097,early_restoration,,-0.0015,,S1_VH(pending),0,Landsat_C2_L2,regimeB_v0_RS_t0,RS_t0_v0
mining,MINE_US_00098,early_restoration,,0.00167,,S1_VH(pending),0,Landsat_C2_L2,regimeB_v0_RS_t0,RS_t0_v0
mining,MINE_US_00099,early_restoration,,-0.00131,,S1_VH(pending),0,Landsat_C2_L2,regimeB_v0_RS_t0,RS_t0_v0
mining,MINE_US_00100,degraded,,0.00233,,S1_VH(pending),0,Landsat_C2_L2,regimeB_v0_RS_t0,RS_t0_v0
mining,MINE_US_00101,stable_restoration,,-0.00621,,S1_VH(pending),0,Landsat_C2_L2,regimeB_v0_RS_t0,RS_t0_v0
mining,MINE_US_00102,degraded,,0.00139,,S1_VH(pending),0,Landsat_C2_L2,regimeB_v0_RS_t0,RS_t0_v0
mining,MINE_US_00103,stable_restoration,,-0.01084,,S1_VH(pending),0,Landsat_C2_L2,regimeB_v0_RS_t0,RS_t0_v0
mining,MINE_US_00104,stable_restoration,,0.00177,,S1_VH(pending),0,Landsat_C2_L2,regimeB_v0_RS_t0,RS_t0_v0
mining,MINE_US_00105,stable_restoration,,-0.00469,,S1_VH(pending),0,Landsat_C2_L2,regimeB_v0_RS_t0,RS_t0_v0
mining,MINE_US_00106,degraded,,-0.00481,,S1_VH(pending),0,Landsat_C2_L2,regimeB_v0_RS_t0,RS_t0_v0
mining,MINE_US_00107,early_restoration,,0.00359,,S1_VH(pending),0,Landsat_C2_L2,regimeB_v0_RS_t0,RS_t0_v0
mining,MINE_US_00108,early_restoration,,-0.01596,,S1_VH(pending),0,Landsat_C2_L2,regimeB_v0_RS_t0,RS_t0_v0
mining,MINE_US_00109,degraded,,-0.00014,,S1_VH(pending),0,Landsat_C2_L2,regimeB_v0_RS_t0,RS_t0_v0
mining,MINE_US_00110,degraded,,0.00208,,S1_VH(pending),0,Landsat_C2_L2,regimeB_v0_RS_t0,RS_t0_v0
mining,MINE_US_00111,degraded,,0.00016,,S1_VH(pending),0,Landsat_C2_L2,regimeB_v0_RS_t0,RS_t0_v0
mining,MINE_US_00112,early_restoration,,0.00142,,S1_VH(pending),0,Landsat_C2_L2,regimeB_v0_RS_t0,RS_t0_v0
mining,MINE_US_00113,early_restoration,,0.00389,,S1_VH(pending),0,Landsat_C2_L2,regimeB_v0_RS_t0,RS_t0_v0
mining,MINE_US_00114,early_restoration,,0.00537,,S1_VH(pending),0,Landsat_C2_L2,regimeB_v0_RS_t0,RS_t0_v0
mining,MINE_US_00115,stable_restoration,,0.00385,,S1_VH(pending),0,Landsat_C2_L2,regimeB_v0_RS_t0,RS_t0_v0
mining,MINE_US_00116,stable_restoration,,-0.00943,,S1_VH(pending),0,Landsat_C2_L2,regimeB_v0_RS_t0,RS_t0_v0
mining,MINE_US_00117,early_restoration,,-0.00077,,S1_VH(pending),0,Landsat_C2_L2,regimeB_v0_RS_t0,RS_t0_v0
mining,MINE_US_00118,early_restoration,,0.00071,,S1_VH(pending),0,Landsat_C2_L2,regimeB_v0_RS_t0,RS_t0_v0
mining,MINE_US_00119,stable_restoration,,0.00685,,S1_VH(pending),0,Landsat_C2_L2,regimeB_v0_RS_t0,RS_t0_v0
mining,MINE_US_00120,stable_restoration,,-0.01089,,S1_VH(pending),0,Landsat_C2_L2,regimeB_v0_RS_t0,RS_t0_v0
mining,MINE_US_00121,degraded,,0.00076,,S1_VH(pending),0,Landsat_C2_L2,regimeB_v0_RS_t0,RS_t0_v0
mining,MINE_US_00122,stable_restoration,,0.00592,,S1_VH(pending),0,Landsat_C2_L2,regimeB_v0_RS_t0,RS_t0_v0
mining,MINE_US_00123,stable_restoration,,-0.00196,,S1_VH(pending),0,Landsat_C2_L2,regimeB_v0_RS_t0,RS_t0_v0
mining,MINE_US_00124,early_restoration,,-0.00725,,S1_VH(pending),0,Landsat_C2_L2,regimeB_v0_RS_t0,RS_t0_v0
mining,MINE_US_00125,early_restoration,,-0.00096,,S1_VH(pending),0,Landsat_C2_L2,regimeB_v0_RS_t0,RS_t0_v0
mining,MINE_US_00126,early_restoration,,0.00317,,S1_VH(pending),0,Landsat_C2_L2,regimeB_v0_RS_t0,RS_t0_v0
mining,MINE_US_00127,early_restoration,,0.00321,,S1_VH(pending),0,Landsat_C2_L2,regimeB_v0_RS_t0,RS_t0_v0
mining,MINE_US_00128,degraded,,-0.00085,,S1_VH(pending),0,Landsat_C2_L2,regimeB_v0_RS_t0,RS_t0_v0
mining,MINE_US_00129,early_restoration,,0.00859,,S1_VH(pending),0,Landsat_C2_L2,regimeB_v0_RS_t0,RS_t0_v0
mining,MINE_US_00130,early_restoration,,-0.00156,,S1_VH(pending),0,Landsat_C2_L2,regimeB_v0_RS_t0,RS_t0_v0
mining,MINE_US_00131,stable_restoration,,0.00711,,S1_VH(pending),0,Landsat_C2_L2,regimeB_v0_RS_t0,RS_t0_v0
mining,MINE_US_00132,early_restoration,,0.00095,,S1_VH(pending),0,Landsat_C2_L2,regimeB_v0_RS_t0,RS_t0_v0
mining,MINE_US_00133,degraded,,-0.00625,,S1_VH(pending),0,Landsat_C2_L2,regimeB_v0_RS_t0,RS_t0_v0
mining,MINE_US_00134,stable_restoration,,-0.00773,,S1_VH(pending),0,Landsat_C2_L2,regimeB_v0_RS_t0,RS_t0_v0
mining,MINE_US_00135,early_restoration,,-0.01466,,S1_VH(pending),0,Landsat_C2_L2,regimeB_v0_RS_t0,RS_t0_v0
mining,MINE_US_00136,degraded,,0.0014,,S1_VH(pending),0,Landsat_C2_L2,regimeB_v0_RS_t0,RS_t0_v0
mining,MINE_US_00137,degraded,,0.00237,,S1_VH(pending),0,Landsat_C2_L2,regimeB_v0_RS_t0,RS_t0_v0
mining,MINE_US_00138,early_restoration,,0.00462,,S1_VH(pending),0,Landsat_C2_L2,regimeB_v0_RS_t0,RS_t0_v0
mining,MINE_US_00139,stable_restoration,,-0.00874,,S1_VH(pending),0,Landsat_C2_L2,regimeB_v0_RS_t0,RS_t0_v0
mining,MINE_US_00140,stable_restoration,,0.00315,,S1_VH(pending),0,Landsat_C2_L2,regimeB_v0_RS_t0,RS_t0_v0
mining,MINE_US_00141,degraded,,0.0024,,S1_VH(pending),0,Landsat_C2_L2,regimeB_v0_RS_t0,RS_t0_v0
mining,MINE_US_00142,stable_restoration,,0.0025,,S1_VH(pending),0,Landsat_C2_L2,regimeB_v0_RS_t0,RS_t0_v0
mining,MINE_US_00143,early_restoration,,-0.01775,,S1_VH(pending),0,Landsat_C2_L2,regimeB_v0_RS_t0,RS_t0_v0
mining,MINE_US_00144,degraded,,0.00011,,S1_VH(pending),0,Landsat_C2_L2,regimeB_v0_RS_t0,RS_t0_v0
mining,MINE_US_00145,degraded,,0.0023,,S1_VH(pending),0,Landsat_C2_L2,regimeB_v0_RS_t0,RS_t0_v0
mining,MINE_US_00146,stable_restoration,,0.00454,,S1_VH(pending),0,Landsat_C2_L2,regimeB_v0_RS_t0,RS_t0_v0
mining,MINE_US_00147,stable_restoration,,-0.00126,,S1_VH(pending),0,Landsat_C2_L2,regimeB_v0_RS_t0,RS_t0_v0
mining,MINE_US_00148,degraded,,0.00133,,S1_VH(pending),0,Landsat_C2_L2,regimeB_v0_RS_t0,RS_t0_v0
mining,MINE_US_00149,degraded,,0.00561,,S1_VH(pending),0,Landsat_C2_L2,regimeB_v0_RS_t0,RS_t0_v0
mining,MINE_US_00150,stable_restoration,,-0.01013,,S1_VH(pending),0,Landsat_C2_L2,regimeB_v0_RS_t0,RS_t0_v0
mining,MINE_US_00151,stable_restoration,,5e-05,,S1_VH(pending),0,Landsat_C2_L2,regimeB_v0_RS_t0,RS_t0_v0
mining,MINE_US_00152,early_restoration,,0.00367,,S1_VH(pending),0,Landsat_C2_L2,regimeB_v0_RS_t0,RS_t0_v0
mining,MINE_US_00153,degraded,,0.00182,,S1_VH(pending),0,Landsat_C2_L2,regimeB_v0_RS_t0,RS_t0_v0
mining,MINE_US_00154,early_restoration,,0.00351,,S1_VH(pending),0,Landsat_C2_L2,regimeB_v0_RS_t0,RS_t0_v0
mining,MINE_US_00155,degraded,,-0.00046,,S1_VH(pending),0,Landsat_C2_L2,regimeB_v0_RS_t0,RS_t0_v0
mining,MINE_US_00156,degraded,,0.00172,,S1_VH(pending),0,Landsat_C2_L2,regimeB_v0_RS_t0,RS_t0_v0
mining,MINE_US_00157,early_restoration,,-0.01709,,S1_VH(pending),0,Landsat_C2_L2,regimeB_v0_RS_t0,RS_t0_v0
mining,MINE_US_00158,stable_restoration,,0.00229,,S1_VH(pending),0,Landsat_C2_L2,regimeB_v0_RS_t0,RS_t0_v0
mining,MINE_US_00159,early_restoration,,-0.0094,,S1_VH(pending),0,Landsat_C2_L2,regimeB_v0_RS_t0,RS_t0_v0
mining,MINE_US_00160,degraded,,-0.0014,,S1_VH(pending),0,Landsat_C2_L2,regimeB_v0_RS_t0,RS_t0_v0
mining,MINE_US_00161,stable_restoration,,-0.00555,,S1_VH(pending),0,Landsat_C2_L2,regimeB_v0_RS_t0,RS_t0_v0
mining,MINE_US_00162,early_restoration,,-0.00709,,S1_VH(pending),0,Landsat_C2_L2,regimeB_v0_RS_t0,RS_t0_v0
mining,MINE_US_00163,early_restoration,,0.00288,,S1_VH(pending),0,Landsat_C2_L2,regimeB_v0_RS_t0,RS_t0_v0
mining,MINE_US_00164,stable_restoration,,0.0048,,S1_VH(pending),0,Landsat_C2_L2,regimeB_v0_RS_t0,RS_t0_v0
mining,MINE_US_00165,degraded,,0.00179,,S1_VH(pending),0,Landsat_C2_L2,regimeB_v0_RS_t0,RS_t0_v0
mining,MINE_US_00166,early_restoration,,-0.0027,,S1_VH(pending),0,Landsat_C2_L2,regimeB_v0_RS_t0,RS_t0_v0
mining,MINE_US_00167,early_restoration,,0.00258,,S1_VH(pending),0,Landsat_C2_L2,regimeB_v0_RS_t0,RS_t0_v0
mining,MINE_US_00168,stable_restoration,,0.01923,,S1_VH(pending),0,Landsat_C2_L2,regimeB_v0_RS_t0,RS_t0_v0
mining,MINE_US_00169,stable_restoration,,0.00553,,S1_VH(pending),0,Landsat_C2_L2,regimeB_v0_RS_t0,RS_t0_v0
mining,MINE_US_00170,stable_restoration,,-0.00806,,S1_VH(pending),0,Landsat_C2_L2,regimeB_v0_RS_t0,RS_t0_v0
mining,MINE_US_00171,early_restoration,,-0.00154,,S1_VH(pending),0,Landsat_C2_L2,regimeB_v0_RS_t0,RS_t0_v0
mining,MINE_US_00172,stable_restoration,,0.0014,,S1_VH(pending),0,Landsat_C2_L2,regimeB_v0_RS_t0,RS_t0_v0
mining,MINE_US_00173,early_restoration,,0.00329,,S1_VH(pending),0,Landsat_C2_L2,regimeB_v0_RS_t0,RS_t0_v0
mining,MINE_US_00174,degraded,,0.00169,,S1_VH(pending),0,Landsat_C2_L2,regimeB_v0_RS_t0,RS_t0_v0
mining,MINE_US_00175,early_restoration,,-0.01215,,S1_VH(pending),0,Landsat_C2_L2,regimeB_v0_RS_t0,RS_t0_v0
mining,MINE_US_00176,stable_restoration,,0.00099,,S1_VH(pending),0,Landsat_C2_L2,regimeB_v0_RS_t0,RS_t0_v0
mining,MINE_US_00177,degraded,,0.00097,,S1_VH(pending),0,Landsat_C2_L2,regimeB_v0_RS_t0,RS_t0_v0
mining,MINE_US_00178,degraded,,-0.00584,,S1_VH(pending),0,Landsat_C2_L2,regimeB_v0_RS_t0,RS_t0_v0
mining,MINE_US_00179,stable_restoration,,-0.01333,,S1_VH(pending),0,Landsat_C2_L2,regimeB_v0_RS_t0,RS_t0_v0
mining,MINE_US_00180,stable_restoration,,0.00759,,S1_VH(pending),0,Landsat_C2_L2,regimeB_v0_RS_t0,RS_t0_v0
mining,MINE_US_00181,degraded,,0.00195,,S1_VH(pending),0,Landsat_C2_L2,regimeB_v0_RS_t0,RS_t0_v0
mining,MINE_US_00182,early_restoration,,0.00359,,S1_VH(pending),0,Landsat_C2_L2,regimeB_v0_RS_t0,RS_t0_v0
mining,MINE_US_00183,degraded,,0.00114,,S1_VH(pending),0,Landsat_C2_L2,regimeB_v0_RS_t0,RS_t0_v0
mining,MINE_US_00184,degraded,,0.00188,,S1_VH(pending),0,Landsat_C2_L2,regimeB_v0_RS_t0,RS_t0_v0
mining,MINE_US_00185,stable_restoration,,0.01233,,S1_VH(pending),0,Landsat_C2_L2,regimeB_v0_RS_t0,RS_t0_v0
mining,MINE_US_00186,degraded,,0.00036,,S1_VH(pending),0,Landsat_C2_L2,regimeB_v0_RS_t0,RS_t0_v0
mining,MINE_US_00187,stable_restoration,,-0.00352,,S1_VH(pending),0,Landsat_C2_L2,regimeB_v0_RS_t0,RS_t0_v0
mining,MINE_US_00188,degraded,,-0.00079,,S1_VH(pending),0,Landsat_C2_L2,regimeB_v0_RS_t0,RS_t0_v0
mining,MINE_US_00189,early_restoration,,0.00228,,S1_VH(pending),0,Landsat_C2_L2,regimeB_v0_RS_t0,RS_t0_v0
mining,MINE_US_00190,degraded,,0.00236,,S1_VH(pending),0,Landsat_C2_L2,regimeB_v0_RS_t0,RS_t0_v0
mining,MINE_US_00191,stable_restoration,,0.00438,,S1_VH(pending),0,Landsat_C2_L2,regimeB_v0_RS_t0,RS_t0_v0
mining,MINE_US_00192,stable_restoration,,0.00759,,S1_VH(pending),0,Landsat_C2_L2,regimeB_v0_RS_t0,RS_t0_v0
mining,MINE_US_00193,early_restoration,,0.00238,,S1_VH(pending),0,Landsat_C2_L2,regimeB_v0_RS_t0,RS_t0_v0
mining,MINE_US_00194,degraded,,-0.00039,,S1_VH(pending),0,Landsat_C2_L2,regimeB_v0_RS_t0,RS_t0_v0
mining,MINE_US_00195,early_restoration,,-0.01054,,S1_VH(pending),0,Landsat_C2_L2,regimeB_v0_RS_t0,RS_t0_v0
mining,MINE_US_00196,early_restoration,,0.00058,,S1_VH(pending),0,Landsat_C2_L2,regimeB_v0_RS_t0,RS_t0_v0
mining,MINE_US_00197,degraded,,0.00333,,S1_VH(pending),0,Landsat_C2_L2,regimeB_v0_RS_t0,RS_t0_v0
mining,MINE_US_00198,degraded,,0.00192,,S1_VH(pending),0,Landsat_C2_L2,regimeB_v0_RS_t0,RS_t0_v0
mining,MINE_US_00199,degraded,,0.00167,,S1_VH(pending),0,Landsat_C2_L2,regimeB_v0_RS_t0,RS_t0_v0
mining,MINE_US_00200,early_restoration,,-0.00796,,S1_VH(pending),0,Landsat_C2_L2,regimeB_v0_RS_t0,RS_t0_v0
mining,MINE_US_00201,stable_restoration,,-0.00553,,S1_VH(pending),0,Landsat_C2_L2,regimeB_v0_RS_t0,RS_t0_v0
mining,MINE_US_00202,early_restoration,,0.00382,,S1_VH(pending),0,Landsat_C2_L2,regimeB_v0_RS_t0,RS_t0_v0
mining,MINE_US_00203,early_restoration,,-0.01792,,S1_VH(pending),0,Landsat_C2_L2,regimeB_v0_RS_t0,RS_t0_v0
mining,MINE_US_00204,degraded,,0.00217,,S1_VH(pending),0,Landsat_C2_L2,regimeB_v0_RS_t0,RS_t0_v0
mining,MINE_US_00205,stable_restoration,,-0.00168,,S1_VH(pending),0,Landsat_C2_L2,regimeB_v0_RS_t0,RS_t0_v0
mining,MINE_US_00206,early_restoration,,-0.00625,,S1_VH(pending),0,Landsat_C2_L2,regimeB_v0_RS_t0,RS_t0_v0
mining,MINE_US_00207,stable_restoration,,0.00061,,S1_VH(pending),0,Landsat_C2_L2,regimeB_v0_RS_t0,RS_t0_v0
mining,MINE_US_00208,degraded,,0.00168,,S1_VH(pending),0,Landsat_C2_L2,regimeB_v0_RS_t0,RS_t0_v0
mining,MINE_US_00209,degraded,,-0.0017,,S1_VH(pending),0,Landsat_C2_L2,regimeB_v0_RS_t0,RS_t0_v0
mining,MINE_US_00210,degraded,,0.00121,,S1_VH(pending),0,Landsat_C2_L2,regimeB_v0_RS_t0,RS_t0_v0
mining,MINE_US_00211,stable_restoration,,-0.00838,,S1_VH(pending),0,Landsat_C2_L2,regimeB_v0_RS_t0,RS_t0_v0
mining,MINE_US_00212,stable_restoration,,-0.01388,,S1_VH(pending),0,Landsat_C2_L2,regimeB_v0_RS_t0,RS_t0_v0
mining,MINE_US_00213,stable_restoration,,-0.00263,,S1_VH(pending),0,Landsat_C2_L2,regimeB_v0_RS_t0,RS_t0_v0
mining,MINE_US_00214,early_restoration,,0.00099,,S1_VH(pending),0,Landsat_C2_L2,regimeB_v0_RS_t0,RS_t0_v0
mining,MINE_US_00215,stable_restoration,,-0.00387,,S1_VH(pending),0,Landsat_C2_L2,regimeB_v0_RS_t0,RS_t0_v0
mining,MINE_US_00216,degraded,,-0.00375,,S1_VH(pending),0,Landsat_C2_L2,regimeB_v0_RS_t0,RS_t0_v0
mining,MINE_US_00217,stable_restoration,,-0.00245,,S1_VH(pending),0,Landsat_C2_L2,regimeB_v0_RS_t0,RS_t0_v0
mining,MINE_US_00218,early_restoration,,-0.00615,,S1_VH(pending),0,Landsat_C2_L2,regimeB_v0_RS_t0,RS_t0_v0
mining,MINE_US_00219,stable_restoration,,-0.00897,,S1_VH(pending),0,Landsat_C2_L2,regimeB_v0_RS_t0,RS_t0_v0
mining,MINE_US_00220,stable_restoration,,-0.00285,,S1_VH(pending),0,Landsat_C2_L2,regimeB_v0_RS_t0,RS_t0_v0
mining,MINE_US_00221,degraded,,0.00334,,S1_VH(pending),0,Landsat_C2_L2,regimeB_v0_RS_t0,RS_t0_v0
mining,MINE_US_00222,stable_restoration,,0.00579,,S1_VH(pending),0,Landsat_C2_L2,regimeB_v0_RS_t0,RS_t0_v0
mining,MINE_US_00223,degraded,,0.00026,,S1_VH(pending),0,Landsat_C2_L2,regimeB_v0_RS_t0,RS_t0_v0
mining,MINE_US_00224,degraded,,-0.00431,,S1_VH(pending),0,Landsat_C2_L2,regimeB_v0_RS_t0,RS_t0_v0
mining,MINE_US_00225,early_restoration,,0.00459,,S1_VH(pending),0,Landsat_C2_L2,regimeB_v0_RS_t0,RS_t0_v0
mining,MINE_US_00226,stable_restoration,,0.00873,,S1_VH(pending),0,Landsat_C2_L2,regimeB_v0_RS_t0,RS_t0_v0
mining,MINE_US_00227,early_restoration,,0.00045,,S1_VH(pending),0,Landsat_C2_L2,regimeB_v0_RS_t0,RS_t0_v0
mining,MINE_US_00228,degraded,,0.00244,,S1_VH(pending),0,Landsat_C2_L2,regimeB_v0_RS_t0,RS_t0_v0
mining,MINE_US_00229,early_restoration,,-0.00118,,S1_VH(pending),0,Landsat_C2_L2,regimeB_v0_RS_t0,RS_t0_v0
mining,MINE_US_00230,early_restoration,,-0.01417,,S1_VH(pending),0,Landsat_C2_L2,regimeB_v0_RS_t0,RS_t0_v0
mining,MINE_US_00231,degraded,,0.00098,,S1_VH(pending),0,Landsat_C2_L2,regimeB_v0_RS_t0,RS_t0_v0
mining,MINE_US_00232,stable_restoration,,0.00314,,S1_VH(pending),0,Landsat_C2_L2,regimeB_v0_RS_t0,RS_t0_v0
mining,MINE_US_00233,early_restoration,,-0.00657,,S1_VH(pending),0,Landsat_C2_L2,regimeB_v0_RS_t0,RS_t0_v0
mining,MINE_US_00234,early_restoration,,-0.00149,,S1_VH(pending),0,Landsat_C2_L2,regimeB_v0_RS_t0,RS_t0_v0
mining,MINE_US_00235,stable_restoration,,0.00695,,S1_VH(pending),0,Landsat_C2_L2,regimeB_v0_RS_t0,RS_t0_v0
mining,MINE_US_00236,degraded,,0.00322,,S1_VH(pending),0,Landsat_C2_L2,regimeB_v0_RS_t0,RS_t0_v0
mining,MINE_US_00237,early_restoration,,-0.01105,,S1_VH(pending),0,Landsat_C2_L2,regimeB_v0_RS_t0,RS_t0_v0
mining,MINE_US_00238,early_restoration,,-0.00301,,S1_VH(pending),0,Landsat_C2_L2,regimeB_v0_RS_t0,RS_t0_v0
mining,MINE_US_00239,degraded,,0.00286,,S1_VH(pending),0,Landsat_C2_L2,regimeB_v0_RS_t0,RS_t0_v0
mining,MINE_US_00240,stable_restoration,,-0.00093,,S1_VH(pending),0,Landsat_C2_L2,regimeB_v0_RS_t0,RS_t0_v0
mining,MINE_US_00241,early_restoration,,0.00048,,S1_VH(pending),0,Landsat_C2_L2,regimeB_v0_RS_t0,RS_t0_v0
mining,MINE_US_00242,degraded,,0.00043,,S1_VH(pending),0,Landsat_C2_L2,regimeB_v0_RS_t0,RS_t0_v0
mining,MINE_US_00243,early_restoration,,0.00671,,S1_VH(pending),0,Landsat_C2_L2,regimeB_v0_RS_t0,RS_t0_v0
mining,MINE_US_00244,degraded,,-0.00152,,S1_VH(pending),0,Landsat_C2_L2,regimeB_v0_RS_t0,RS_t0_v0
mining,MINE_US_00245,stable_restoration,,0.0021,,S1_VH(pending),0,Landsat_C2_L2,regimeB_v0_RS_t0,RS_t0_v0
mining,MINE_US_00246,degraded,,-0.00493,,S1_VH(pending),0,Landsat_C2_L2,regimeB_v0_RS_t0,RS_t0_v0
mining,MINE_US_00247,early_restoration,,0.00817,,S1_VH(pending),0,Landsat_C2_L2,regimeB_v0_RS_t0,RS_t0_v0
mining,MINE_US_00248,stable_restoration,,-0.00443,,S1_VH(pending),0,Landsat_C2_L2,regimeB_v0_RS_t0,RS_t0_v0
mining,MINE_US_00249,early_restoration,,-0.00551,,S1_VH(pending),0,Landsat_C2_L2,regimeB_v0_RS_t0,RS_t0_v0
mining,MINE_US_00250,degraded,,0.00196,,S1_VH(pending),0,Landsat_C2_L2,regimeB_v0_RS_t0,RS_t0_v0
mining,MINE_US_00251,stable_restoration,,0.00624,,S1_VH(pending),0,Landsat_C2_L2,regimeB_v0_RS_t0,RS_t0_v0
mining,MINE_US_00252,degraded,,0.00072,,S1_VH(pending),0,Landsat_C2_L2,regimeB_v0_RS_t0,RS_t0_v0
mining,MINE_US_00253,early_restoration,,-0.0172,,S1_VH(pending),0,Landsat_C2_L2,regimeB_v0_RS_t0,RS_t0_v0
mining,MINE_US_00254,early_restoration,,-0.00811,,S1_VH(pending),0,Landsat_C2_L2,regimeB_v0_RS_t0,RS_t0_v0
mining,MINE_US_00255,stable_restoration,,0.00675,,S1_VH(pending),0,Landsat_C2_L2,regimeB_v0_RS_t0,RS_t0_v0
mining,MINE_US_00256,early_restoration,,-0.0018,,S1_VH(pending),0,Landsat_C2_L2,regimeB_v0_RS_t0,RS_t0_v0
mining,MINE_US_00257,stable_restoration,,0.00834,,S1_VH(pending),0,Landsat_C2_L2,regimeB_v0_RS_t0,RS_t0_v0
mining,MINE_US_00258,stable_restoration,,-0.00939,,S1_VH(pending),0,Landsat_C2_L2,regimeB_v0_RS_t0,RS_t0_v0
mining,MINE_US_00259,stable_restoration,,-0.00164,,S1_VH(pending),0,Landsat_C2_L2,regimeB_v0_RS_t0,RS_t0_v0
mining,MINE_US_00260,degraded,,0.0015,,S1_VH(pending),0,Landsat_C2_L2,regimeB_v0_RS_t0,RS_t0_v0
mining,MINE_US_00261,early_restoration,,-0.00027,,S1_VH(pending),0,Landsat_C2_L2,regimeB_v0_RS_t0,RS_t0_v0
mining,MINE_US_00262,early_restoration,,0.0063,,S1_VH(pending),0,Landsat_C2_L2,regimeB_v0_RS_t0,RS_t0_v0
mining,MINE_US_00263,degraded,,-0.00046,,S1_VH(pending),0,Landsat_C2_L2,regimeB_v0_RS_t0,RS_t0_v0
mining,MINE_US_00264,stable_restoration,,-0.01074,,S1_VH(pending),0,Landsat_C2_L2,regimeB_v0_RS_t0,RS_t0_v0
mining,MINE_US_00265,stable_restoration,,0.00618,,S1_VH(pending),0,Landsat_C2_L2,regimeB_v0_RS_t0,RS_t0_v0
mining,MINE_US_00266,degraded,,-0.00119,,S1_VH(pending),0,Landsat_C2_L2,regimeB_v0_RS_t0,RS_t0_v0
mining,MINE_US_00267,stable_restoration,,-0.00847,,S1_VH(pending),0,Landsat_C2_L2,regimeB_v0_RS_t0,RS_t0_v0
mining,MINE_US_00268,stable_restoration,,-0.01873,,S1_VH(pending),0,Landsat_C2_L2,regimeB_v0_RS_t0,RS_t0_v0
mining,MINE_US_00269,degraded,,0.00134,,S1_VH(pending),0,Landsat_C2_L2,regimeB_v0_RS_t0,RS_t0_v0
mining,MINE_US_00270,degraded,,-0.0021,,S1_VH(pending),0,Landsat_C2_L2,regimeB_v0_RS_t0,RS_t0_v0
mining,MINE_US_00271,stable_restoration,,0.00356,,S1_VH(pending),0,Landsat_C2_L2,regimeB_v0_RS_t0,RS_t0_v0
mining,MINE_US_00272,early_restoration,,-0.00902,,S1_VH(pending),0,Landsat_C2_L2,regimeB_v0_RS_t0,RS_t0_v0
mining,MINE_US_00273,early_restoration,,-0.01693,,S1_VH(pending),0,Landsat_C2_L2,regimeB_v0_RS_t0,RS_t0_v0
mining,MINE_US_00274,early_restoration,,0.00182,,S1_VH(pending),0,Landsat_C2_L2,regimeB_v0_RS_t0,RS_t0_v0
mining,MINE_US_00275,stable_restoration,,-0.00866,,S1_VH(pending),0,Landsat_C2_L2,regimeB_v0_RS_t0,RS_t0_v0
mining,MINE_US_00276,stable_restoration,,-0.01488,,S1_VH(pending),0,Landsat_C2_L2,regimeB_v0_RS_t0,RS_t0_v0
mining,MINE_US_00277,stable_restoration,,0.00202,,S1_VH(pending),0,Landsat_C2_L2,regimeB_v0_RS_t0,RS_t0_v0
mining,MINE_US_00278,early_restoration,,0.00261,,S1_VH(pending),0,Landsat_C2_L2,regimeB_v0_RS_t0,RS_t0_v0
mining,MINE_US_00279,early_restoration,,0.00241,,S1_VH(pending),0,Landsat_C2_L2,regimeB_v0_RS_t0,RS_t0_v0
mining,MINE_US_00280,degraded,,-0.00105,,S1_VH(pending),0,Landsat_C2_L2,regimeB_v0_RS_t0,RS_t0_v0
mining,MINE_US_00281,degraded,,-0.00248,,S1_VH(pending),0,Landsat_C2_L2,regimeB_v0_RS_t0,RS_t0_v0
mining,MINE_US_00282,early_restoration,,-0.02244,,S1_VH(pending),0,Landsat_C2_L2,regimeB_v0_RS_t0,RS_t0_v0
mining,MINE_US_00283,early_restoration,,-0.00334,,S1_VH(pending),0,Landsat_C2_L2,regimeB_v0_RS_t0,RS_t0_v0
mining,MINE_US_00284,degraded,,0.00165,,S1_VH(pending),0,Landsat_C2_L2,regimeB_v0_RS_t0,RS_t0_v0
mining,MINE_US_00285,degraded,,0.00194,,S1_VH(pending),0,Landsat_C2_L2,regimeB_v0_RS_t0,RS_t0_v0
mining,MINE_US_00286,stable_restoration,,-0.00284,,S1_VH(pending),0,Landsat_C2_L2,regimeB_v0_RS_t0,RS_t0_v0
mining,MINE_US_00287,early_restoration,,0.00263,,S1_VH(pending),0,Landsat_C2_L2,regimeB_v0_RS_t0,RS_t0_v0
mining,MINE_US_00288,stable_restoration,,0.01225,,S1_VH(pending),0,Landsat_C2_L2,regimeB_v0_RS_t0,RS_t0_v0
mining,MINE_US_00289,stable_restoration,,-0.0176,,S1_VH(pending),0,Landsat_C2_L2,regimeB_v0_RS_t0,RS_t0_v0
mining,MINE_US_00290,degraded,,0.00021,,S1_VH(pending),0,Landsat_C2_L2,regimeB_v0_RS_t0,RS_t0_v0
mining,MINE_US_00291,stable_restoration,,0.00206,,S1_VH(pending),0,Landsat_C2_L2,regimeB_v0_RS_t0,RS_t0_v0
mining,MINE_US_00292,stable_restoration,,-0.01009,,S1_VH(pending),0,Landsat_C2_L2,regimeB_v0_RS_t0,RS_t0_v0
mining,MINE_US_00293,stable_restoration,,0.00397,,S1_VH(pending),0,Landsat_C2_L2,regimeB_v0_RS_t0,RS_t0_v0
mining,MINE_US_00294,stable_restoration,,0.00594,,S1_VH(pending),0,Landsat_C2_L2,regimeB_v0_RS_t0,RS_t0_v0
mining,MINE_US_00295,stable_restoration,,-0.00706,,S1_VH(pending),0,Landsat_C2_L2,regimeB_v0_RS_t0,RS_t0_v0
mining,MINE_US_00296,early_restoration,,0.00014,,S1_VH(pending),0,Landsat_C2_L2,regimeB_v0_RS_t0,RS_t0_v0
mining,MINE_US_00297,early_restoration,,-0.02186,,S1_VH(pending),0,Landsat_C2_L2,regimeB_v0_RS_t0,RS_t0_v0
mining,MINE_US_00298,stable_restoration,,-0.00886,,S1_VH(pending),0,Landsat_C2_L2,regimeB_v0_RS_t0,RS_t0_v0
mining,MINE_US_00299,degraded,,0.00278,,S1_VH(pending),0,Landsat_C2_L2,regimeB_v0_RS_t0,RS_t0_v0
mining,MINE_US_00300,early_restoration,,-0.01066,,S1_VH(pending),0,Landsat_C2_L2,regimeB_v0_RS_t0,RS_t0_v0
mining,MINE_US_00301,stable_restoration,,0.00118,,S1_VH(pending),0,Landsat_C2_L2,regimeB_v0_RS_t0,RS_t0_v0
mining,MINE_US_00302,degraded,,0.00284,,S1_VH(pending),0,Landsat_C2_L2,regimeB_v0_RS_t0,RS_t0_v0
mining,MINE_US_00303,stable_restoration,,-0.01201,,S1_VH(pending),0,Landsat_C2_L2,regimeB_v0_RS_t0,RS_t0_v0
mining,MINE_US_00304,early_restoration,,-0.00033,,S1_VH(pending),0,Landsat_C2_L2,regimeB_v0_RS_t0,RS_t0_v0
mining,MINE_US_00305,degraded,,-0.00292,,S1_VH(pending),0,Landsat_C2_L2,regimeB_v0_RS_t0,RS_t0_v0
mining,MINE_US_00306,degraded,,0.00116,,S1_VH(pending),0,Landsat_C2_L2,regimeB_v0_RS_t0,RS_t0_v0
mining,MINE_US_00307,early_restoration,,0.00167,,S1_VH(pending),0,Landsat_C2_L2,regimeB_v0_RS_t0,RS_t0_v0
mining,MINE_US_00308,stable_restoration,,-0.00869,,S1_VH(pending),0,Landsat_C2_L2,regimeB_v0_RS_t0,RS_t0_v0
mining,MINE_US_00309,early_restoration,,-0.00515,,S1_VH(pending),0,Landsat_C2_L2,regimeB_v0_RS_t0,RS_t0_v0
mining,MINE_US_00310,degraded,,0.00128,,S1_VH(pending),0,Landsat_C2_L2,regimeB_v0_RS_t0,RS_t0_v0
mining,MINE_US_00311,degraded,,0.00231,,S1_VH(pending),0,Landsat_C2_L2,regimeB_v0_RS_t0,RS_t0_v0
mining,MINE_US_00312,stable_restoration,,-0.00823,,S1_VH(pending),0,Landsat_C2_L2,regimeB_v0_RS_t0,RS_t0_v0
mining,MINE_US_00313,stable_restoration,,-0.00618,,S1_VH(pending),0,Landsat_C2_L2,regimeB_v0_RS_t0,RS_t0_v0
mining,MINE_US_00314,degraded,,0.00151,,S1_VH(pending),0,Landsat_C2_L2,regimeB_v0_RS_t0,RS_t0_v0
mining,MINE_US_00315,degraded,,0.0027,,S1_VH(pending),0,Landsat_C2_L2,regimeB_v0_RS_t0,RS_t0_v0
mining,MINE_US_00316,degraded,,0.00307,,S1_VH(pending),0,Landsat_C2_L2,regimeB_v0_RS_t0,RS_t0_v0
mining,MINE_US_00317,early_restoration,,0.00262,,S1_VH(pending),0,Landsat_C2_L2,regimeB_v0_RS_t0,RS_t0_v0
mining,MINE_US_00318,stable_restoration,,-0.00378,,S1_VH(pending),0,Landsat_C2_L2,regimeB_v0_RS_t0,RS_t0_v0
mining,MINE_US_00319,early_restoration,,-0.00473,,S1_VH(pending),0,Landsat_C2_L2,regimeB_v0_RS_t0,RS_t0_v0
mining,MINE_US_00320,degraded,,0.00125,,S1_VH(pending),0,Landsat_C2_L2,regimeB_v0_RS_t0,RS_t0_v0
mining,MINE_US_00321,degraded,,0.00311,,S1_VH(pending),0,Landsat_C2_L2,regimeB_v0_RS_t0,RS_t0_v0
mining,MINE_US_00322,early_restoration,,-0.00224,,S1_VH(pending),0,Landsat_C2_L2,regimeB_v0_RS_t0,RS_t0_v0
mining,MINE_US_00323,stable_restoration,,-0.00022,,S1_VH(pending),0,Landsat_C2_L2,regimeB_v0_RS_t0,RS_t0_v0
mining,MINE_US_00324,stable_restoration,,0.0011,,S1_VH(pending),0,Landsat_C2_L2,regimeB_v0_RS_t0,RS_t0_v0
mining,MINE_US_00325,early_restoration,,0.00556,,S1_VH(pending),0,Landsat_C2_L2,regimeB_v0_RS_t0,RS_t0_v0
mining,MINE_US_00326,degraded,,-0.00261,,S1_VH(pending),0,Landsat_C2_L2,regimeB_v0_RS_t0,RS_t0_v0
mining,MINE_US_00327,degraded,,0.00117,,S1_VH(pending),0,Landsat_C2_L2,regimeB_v0_RS_t0,RS_t0_v0
mining,MINE_US_00328,degraded,,0.00147,,S1_VH(pending),0,Landsat_C2_L2,regimeB_v0_RS_t0,RS_t0_v0
mining,MINE_US_00329,degraded,,0.00094,,S1_VH(pending),0,Landsat_C2_L2,regimeB_v0_RS_t0,RS_t0_v0
mining,MINE_US_00330,degraded,,-0.00199,,S1_VH(pending),0,Landsat_C2_L2,regimeB_v0_RS_t0,RS_t0_v0
mining,MINE_US_00331,stable_restoration,,0.01594,,S1_VH(pending),0,Landsat_C2_L2,regimeB_v0_RS_t0,RS_t0_v0
mining,MINE_US_00332,stable_restoration,,-0.01616,,S1_VH(pending),0,Landsat_C2_L2,regimeB_v0_RS_t0,RS_t0_v0
mining,MINE_US_00333,stable_restoration,,-0.00327,,S1_VH(pending),0,Landsat_C2_L2,regimeB_v0_RS_t0,RS_t0_v0
mining,MINE_US_00334,early_restoration,,0.00153,,S1_VH(pending),0,Landsat_C2_L2,regimeB_v0_RS_t0,RS_t0_v0
mining,MINE_US_00335,degraded,,-5e-05,,S1_VH(pending),0,Landsat_C2_L2,regimeB_v0_RS_t0,RS_t0_v0
mining,MINE_US_00336,stable_restoration,,-0.00646,,S1_VH(pending),0,Landsat_C2_L2,regimeB_v0_RS_t0,RS_t0_v0
mining,MINE_US_00337,degraded,,0.0016,,S1_VH(pending),0,Landsat_C2_L2,regimeB_v0_RS_t0,RS_t0_v0
mining,MINE_US_00338,early_restoration,,0.00574,,S1_VH(pending),0,Landsat_C2_L2,regimeB_v0_RS_t0,RS_t0_v0
mining,MINE_US_00339,stable_restoration,,-0.00489,,S1_VH(pending),0,Landsat_C2_L2,regimeB_v0_RS_t0,RS_t0_v0
mining,MINE_US_00340,stable_restoration,,-0.0107,,S1_VH(pending),0,Landsat_C2_L2,regimeB_v0_RS_t0,RS_t0_v0
mining,MINE_US_00341,degraded,,0.00242,,S1_VH(pending),0,Landsat_C2_L2,regimeB_v0_RS_t0,RS_t0_v0
mining,MINE_US_00342,stable_restoration,,-0.01715,,S1_VH(pending),0,Landsat_C2_L2,regimeB_v0_RS_t0,RS_t0_v0
mining,MINE_US_00343,stable_restoration,,-0.01254,,S1_VH(pending),0,Landsat_C2_L2,regimeB_v0_RS_t0,RS_t0_v0
mining,MINE_US_00344,degraded,,0.00204,,S1_VH(pending),0,Landsat_C2_L2,regimeB_v0_RS_t0,RS_t0_v0
mining,MINE_US_00345,early_restoration,,0.00293,,S1_VH(pending),0,Landsat_C2_L2,regimeB_v0_RS_t0,RS_t0_v0
mining,MINE_US_00346,early_restoration,,-0.00116,,S1_VH(pending),0,Landsat_C2_L2,regimeB_v0_RS_t0,RS_t0_v0
mining,MINE_US_00347,stable_restoration,,0.00522,,S1_VH(pending),0,Landsat_C2_L2,regimeB_v0_RS_t0,RS_t0_v0
mining,MINE_US_00348,degraded,,0.00183,,S1_VH(pending),0,Landsat_C2_L2,regimeB_v0_RS_t0,RS_t0_v0
mining,MINE_US_00349,degraded,,0.00169,,S1_VH(pending),0,Landsat_C2_L2,regimeB_v0_RS_t0,RS_t0_v0
mining,MINE_US_00350,early_restoration,,0.00575,,S1_VH(pending),0,Landsat_C2_L2,regimeB_v0_RS_t0,RS_t0_v0
mining,MINE_US_00351,degraded,,0.00136,,S1_VH(pending),0,Landsat_C2_L2,regimeB_v0_RS_t0,RS_t0_v0
mining,MINE_US_00352,degraded,,0.00104,,S1_VH(pending),0,Landsat_C2_L2,regimeB_v0_RS_t0,RS_t0_v0
mining,MINE_US_00353,degraded,,-0.0003,,S1_VH(pending),0,Landsat_C2_L2,regimeB_v0_RS_t0,RS_t0_v0
mining,MINE_US_00354,degraded,,0.00153,,S1_VH(pending),0,Landsat_C2_L2,regimeB_v0_RS_t0,RS_t0_v0
mining,MINE_US_00355,stable_restoration,,-0.00324,,S1_VH(pending),0,Landsat_C2_L2,regimeB_v0_RS_t0,RS_t0_v0
mining,MINE_US_00356,stable_restoration,,-0.01101,,S1_VH(pending),0,Landsat_C2_L2,regimeB_v0_RS_t0,RS_t0_v0
mining,MINE_US_00357,degraded,,0.00329,,S1_VH(pending),0,Landsat_C2_L2,regimeB_v0_RS_t0,RS_t0_v0
mining,MINE_US_00358,early_restoration,,0.00037,,S1_VH(pending),0,Landsat_C2_L2,regimeB_v0_RS_t0,RS_t0_v0
mining,MINE_US_00359,stable_restoration,,0.01037,,S1_VH(pending),0,Landsat_C2_L2,regimeB_v0_RS_t0,RS_t0_v0
mining,MINE_US_00360,degraded,,0.0004,,S1_VH(pending),0,Landsat_C2_L2,regimeB_v0_RS_t0,RS_t0_v0
mining,MINE_US_00361,degraded,,0.00088,,S1_VH(pending),0,Landsat_C2_L2,regimeB_v0_RS_t0,RS_t0_v0
mining,MINE_US_00362,degraded,,-0.00027,,S1_VH(pending),0,Landsat_C2_L2,regimeB_v0_RS_t0,RS_t0_v0
mining,MINE_US_00363,degraded,,0.00267,,S1_VH(pending),0,Landsat_C2_L2,regimeB_v0_RS_t0,RS_t0_v0
mining,MINE_US_00364,early_restoration,,-0.00346,,S1_VH(pending),0,Landsat_C2_L2,regimeB_v0_RS_t0,RS_t0_v0
mining,MINE_US_00365,stable_restoration,,0.00159,,S1_VH(pending),0,Landsat_C2_L2,regimeB_v0_RS_t0,RS_t0_v0
mining,MINE_US_00366,degraded,,0.00083,,S1_VH(pending),0,Landsat_C2_L2,regimeB_v0_RS_t0,RS_t0_v0
mining,MINE_US_00367,early_restoration,,-0.00161,,S1_VH(pending),0,Landsat_C2_L2,regimeB_v0_RS_t0,RS_t0_v0
mining,MINE_US_00368,stable_restoration,,0.00142,,S1_VH(pending),0,Landsat_C2_L2,regimeB_v0_RS_t0,RS_t0_v0
mining,MINE_US_00369,early_restoration,,0.00319,,S1_VH(pending),0,Landsat_C2_L2,regimeB_v0_RS_t0,RS_t0_v0
mining,MINE_US_00370,early_restoration,,0.00217,,S1_VH(pending),0,Landsat_C2_L2,regimeB_v0_RS_t0,RS_t0_v0
mining,MINE_US_00371,degraded,,0.00163,,S1_VH(pending),0,Landsat_C2_L2,regimeB_v0_RS_t0,RS_t0_v0
mining,MINE_US_00372,stable_restoration,,0.00498,,S1_VH(pending),0,Landsat_C2_L2,regimeB_v0_RS_t0,RS_t0_v0
mining,MINE_US_00373,degraded,,0.00059,,S1_VH(pending),0,Landsat_C2_L2,regimeB_v0_RS_t0,RS_t0_v0
mining,MINE_US_00374,degraded,,0.00196,,S1_VH(pending),0,Landsat_C2_L2,regimeB_v0_RS_t0,RS_t0_v0
mining,MINE_US_00375,early_restoration,,0.005,,S1_VH(pending),0,Landsat_C2_L2,regimeB_v0_RS_t0,RS_t0_v0
mining,MINE_US_00376,stable_restoration,,0.00274,,S1_VH(pending),0,Landsat_C2_L2,regimeB_v0_RS_t0,RS_t0_v0
mining,MINE_US_00377,stable_restoration,,-0.00818,,S1_VH(pending),0,Landsat_C2_L2,regimeB_v0_RS_t0,RS_t0_v0
mining,MINE_US_00378,early_restoration,,-0.01272,,S1_VH(pending),0,Landsat_C2_L2,regimeB_v0_RS_t0,RS_t0_v0
mining,MINE_US_00379,stable_restoration,,-0.01064,,S1_VH(pending),0,Landsat_C2_L2,regimeB_v0_RS_t0,RS_t0_v0
mining,MINE_US_00380,degraded,,0.00182,,S1_VH(pending),0,Landsat_C2_L2,regimeB_v0_RS_t0,RS_t0_v0
mining,MINE_US_00381,early_restoration,,-0.01135,,S1_VH(pending),0,Landsat_C2_L2,regimeB_v0_RS_t0,RS_t0_v0
mining,MINE_US_00382,degraded,,0.00147,,S1_VH(pending),0,Landsat_C2_L2,regimeB_v0_RS_t0,RS_t0_v0
mining,MINE_US_00383,early_restoration,,-0.01688,,S1_VH(pending),0,Landsat_C2_L2,regimeB_v0_RS_t0,RS_t0_v0
mining,MINE_US_00384,early_restoration,,0.00172,,S1_VH(pending),0,Landsat_C2_L2,regimeB_v0_RS_t0,RS_t0_v0
mining,MINE_US_00385,degraded,,0.00026,,S1_VH(pending),0,Landsat_C2_L2,regimeB_v0_RS_t0,RS_t0_v0
mining,MINE_US_00386,early_restoration,,-0.00153,,S1_VH(pending),0,Landsat_C2_L2,regimeB_v0_RS_t0,RS_t0_v0
mining,MINE_US_00387,degraded,,0.00194,,S1_VH(pending),0,Landsat_C2_L2,regimeB_v0_RS_t0,RS_t0_v0
mining,MINE_US_00388,stable_restoration,,-0.00332,,S1_VH(pending),0,Landsat_C2_L2,regimeB_v0_RS_t0,RS_t0_v0
mining,MINE_US_00389,early_restoration,,0.00197,,S1_VH(pending),0,Landsat_C2_L2,regimeB_v0_RS_t0,RS_t0_v0
mining,MINE_US_00390,stable_restoration,,-0.01418,,S1_VH(pending),0,Landsat_C2_L2,regimeB_v0_RS_t0,RS_t0_v0
mining,MINE_US_00391,early_restoration,,0.00118,,S1_VH(pending),0,Landsat_C2_L2,regimeB_v0_RS_t0,RS_t0_v0
mining,MINE_US_00392,early_restoration,,-0.00834,,S1_VH(pending),0,Landsat_C2_L2,regimeB_v0_RS_t0,RS_t0_v0
mining,MINE_US_00393,stable_restoration,,-0.01731,,S1_VH(pending),0,Landsat_C2_L2,regimeB_v0_RS_t0,RS_t0_v0
mining,MINE_US_00394,degraded,,0.00376,,S1_VH(pending),0,Landsat_C2_L2,regimeB_v0_RS_t0,RS_t0_v0
mining,MINE_US_00395,early_restoration,,-0.00207,,S1_VH(pending),0,Landsat_C2_L2,regimeB_v0_RS_t0,RS_t0_v0
mining,MINE_US_00396,early_restoration,,0.00892,,S1_VH(pending),0,Landsat_C2_L2,regimeB_v0_RS_t0,RS_t0_v0
mining,MINE_US_00397,degraded,,-0.00495,,S1_VH(pending),0,Landsat_C2_L2,regimeB_v0_RS_t0,RS_t0_v0
mining,MINE_US_00398,early_restoration,,-0.00039,,S1_VH(pending),0,Landsat_C2_L2,regimeB_v0_RS_t0,RS_t0_v0
mining,MINE_US_00399,early_restoration,,-0.00016,,S1_VH(pending),0,Landsat_C2_L2,regimeB_v0_RS_t0,RS_t0_v0
mining,MINE_US_00400,degraded,,0.00316,,S1_VH(pending),0,Landsat_C2_L2,regimeB_v0_RS_t0,RS_t0_v0
mining,MINE_US_00401,early_restoration,,-0.0008,,S1_VH(pending),0,Landsat_C2_L2,regimeB_v0_RS_t0,RS_t0_v0
mining,MINE_US_00402,degraded,,0.00049,,S1_VH(pending),0,Landsat_C2_L2,regimeB_v0_RS_t0,RS_t0_v0
mining,MINE_US_00403,stable_restoration,,-0.00219,,S1_VH(pending),0,Landsat_C2_L2,regimeB_v0_RS_t0,RS_t0_v0
mining,MINE_US_00404,early_restoration,,0.00287,,S1_VH(pending),0,Landsat_C2_L2,regimeB_v0_RS_t0,RS_t0_v0
mining,MINE_US_00405,early_restoration,,0.00316,,S1_VH(pending),0,Landsat_C2_L2,regimeB_v0_RS_t0,RS_t0_v0
mining,MINE_US_00406,stable_restoration,,0.0081,,S1_VH(pending),0,Landsat_C2_L2,regimeB_v0_RS_t0,RS_t0_v0
mining,MINE_US_00407,stable_restoration,,-0.00146,,S1_VH(pending),0,Landsat_C2_L2,regimeB_v0_RS_t0,RS_t0_v0
mining,MINE_US_00408,stable_restoration,,0.00581,,S1_VH(pending),0,Landsat_C2_L2,regimeB_v0_RS_t0,RS_t0_v0
mining,MINE_US_00409,early_restoration,,-0.01614,,S1_VH(pending),0,Landsat_C2_L2,regimeB_v0_RS_t0,RS_t0_v0
mining,MINE_US_00410,stable_restoration,,-0.00849,,S1_VH(pending),0,Landsat_C2_L2,regimeB_v0_RS_t0,RS_t0_v0
mining,MINE_US_00411,early_restoration,,-0.00216,,S1_VH(pending),0,Landsat_C2_L2,regimeB_v0_RS_t0,RS_t0_v0
mining,MINE_US_00412,degraded,,0.00333,,S1_VH(pending),0,Landsat_C2_L2,regimeB_v0_RS_t0,RS_t0_v0
mining,MINE_US_00413,degraded,,0.00021,,S1_VH(pending),0,Landsat_C2_L2,regimeB_v0_RS_t0,RS_t0_v0
mining,MINE_US_00414,stable_restoration,,-0.00479,,S1_VH(pending),0,Landsat_C2_L2,regimeB_v0_RS_t0,RS_t0_v0
mining,MINE_US_00415,early_restoration,,0.00283,,S1_VH(pending),0,Landsat_C2_L2,regimeB_v0_RS_t0,RS_t0_v0
mining,MINE_US_00416,early_restoration,,-0.00684,,S1_VH(pending),0,Landsat_C2_L2,regimeB_v0_RS_t0,RS_t0_v0
mining,MINE_US_00417,early_restoration,,0.00419,,S1_VH(pending),0,Landsat_C2_L2,regimeB_v0_RS_t0,RS_t0_v0
mining,MINE_US_00418,stable_restoration,,-0.00304,,S1_VH(pending),0,Landsat_C2_L2,regimeB_v0_RS_t0,RS_t0_v0
mining,MINE_US_00419,degraded,,0.00163,,S1_VH(pending),0,Landsat_C2_L2,regimeB_v0_RS_t0,RS_t0_v0
mining,MINE_US_00420,stable_restoration,,-0.00939,,S1_VH(pending),0,Landsat_C2_L2,regimeB_v0_RS_t0,RS_t0_v0
mining,MINE_US_00421,stable_restoration,,0.00215,,S1_VH(pending),0,Landsat_C2_L2,regimeB_v0_RS_t0,RS_t0_v0
mining,MINE_US_00422,degraded,,0.00202,,S1_VH(pending),0,Landsat_C2_L2,regimeB_v0_RS_t0,RS_t0_v0
mining,MINE_US_00423,stable_restoration,,-0.00829,,S1_VH(pending),0,Landsat_C2_L2,regimeB_v0_RS_t0,RS_t0_v0
mining,MINE_US_00424,early_restoration,,-0.016,,S1_VH(pending),0,Landsat_C2_L2,regimeB_v0_RS_t0,RS_t0_v0
mining,MINE_US_00425,stable_restoration,,-0.00551,,S1_VH(pending),0,Landsat_C2_L2,regimeB_v0_RS_t0,RS_t0_v0
mining,MINE_US_00426,early_restoration,,-0.0199,,S1_VH(pending),0,Landsat_C2_L2,regimeB_v0_RS_t0,RS_t0_v0
mining,MINE_US_00427,stable_restoration,,0.01364,,S1_VH(pending),0,Landsat_C2_L2,regimeB_v0_RS_t0,RS_t0_v0
mining,MINE_US_00428,early_restoration,,-0.00982,,S1_VH(pending),0,Landsat_C2_L2,regimeB_v0_RS_t0,RS_t0_v0
mining,MINE_US_00429,stable_restoration,,-0.00503,,S1_VH(pending),0,Landsat_C2_L2,regimeB_v0_RS_t0,RS_t0_v0
mining,MINE_US_00430,early_restoration,,0.00157,,S1_VH(pending),0,Landsat_C2_L2,regimeB_v0_RS_t0,RS_t0_v0
mining,MINE_US_00431,early_restoration,,-0.00849,,S1_VH(pending),0,Landsat_C2_L2,regimeB_v0_RS_t0,RS_t0_v0
mining,MINE_US_00432,stable_restoration,,-0.0017,,S1_VH(pending),0,Landsat_C2_L2,regimeB_v0_RS_t0,RS_t0_v0
mining,MINE_US_00433,stable_restoration,,-0.00678,,S1_VH(pending),0,Landsat_C2_L2,regimeB_v0_RS_t0,RS_t0_v0
mining,MINE_US_00434,early_restoration,,-0.00315,,S1_VH(pending),0,Landsat_C2_L2,regimeB_v0_RS_t0,RS_t0_v0
mining,MINE_US_00435,relapse_degradation,,0.00237,,S1_VH(pending),0,Landsat_C2_L2,regimeB_v0_RS_t0,RS_t0_v0
mining,MINE_US_00436,degraded,,0.00233,,S1_VH(pending),0,Landsat_C2_L2,regimeB_v0_RS_t0,RS_t0_v0
mining,MINE_US_00437,early_restoration,,0.00057,,S1_VH(pending),0,Landsat_C2_L2,regimeB_v0_RS_t0,RS_t0_v0
mining,MINE_US_00438,degraded,,0.00293,,S1_VH(pending),0,Landsat_C2_L2,regimeB_v0_RS_t0,RS_t0_v0
mining,MINE_US_00439,early_restoration,,-0.02289,,S1_VH(pending),0,Landsat_C2_L2,regimeB_v0_RS_t0,RS_t0_v0
mining,MINE_US_00440,stable_restoration,,0.00658,,S1_VH(pending),0,Landsat_C2_L2,regimeB_v0_RS_t0,RS_t0_v0
mining,MINE_US_00441,early_restoration,,0.0043,,S1_VH(pending),0,Landsat_C2_L2,regimeB_v0_RS_t0,RS_t0_v0
mining,MINE_US_00442,stable_restoration,,0.00222,,S1_VH(pending),0,Landsat_C2_L2,regimeB_v0_RS_t0,RS_t0_v0
mining,MINE_US_00443,early_restoration,,-0.0026,,S1_VH(pending),0,Landsat_C2_L2,regimeB_v0_RS_t0,RS_t0_v0
mining,MINE_US_00444,early_restoration,,0.00275,,S1_VH(pending),0,Landsat_C2_L2,regimeB_v0_RS_t0,RS_t0_v0
mining,MINE_US_00445,early_restoration,,0.004,,S1_VH(pending),0,Landsat_C2_L2,regimeB_v0_RS_t0,RS_t0_v0
mining,MINE_US_00446,degraded,,0.00392,,S1_VH(pending),0,Landsat_C2_L2,regimeB_v0_RS_t0,RS_t0_v0
mining,MINE_US_00447,stable_restoration,,-0.00145,,S1_VH(pending),0,Landsat_C2_L2,regimeB_v0_RS_t0,RS_t0_v0
mining,MINE_US_00448,stable_restoration,,-0.00477,,S1_VH(pending),0,Landsat_C2_L2,regimeB_v0_RS_t0,RS_t0_v0
mining,MINE_US_00449,stable_restoration,,0.00598,,S1_VH(pending),0,Landsat_C2_L2,regimeB_v0_RS_t0,RS_t0_v0
mining,MINE_US_00450,stable_restoration,,-0.00429,,S1_VH(pending),0,Landsat_C2_L2,regimeB_v0_RS_t0,RS_t0_v0
mining,MINE_US_00451,stable_restoration,,0.00644,,S1_VH(pending),0,Landsat_C2_L2,regimeB_v0_RS_t0,RS_t0_v0
mining,MINE_US_00452,degraded,,0.00357,,S1_VH(pending),0,Landsat_C2_L2,regimeB_v0_RS_t0,RS_t0_v0
mining,MINE_US_00453,early_restoration,,-0.01216,,S1_VH(pending),0,Landsat_C2_L2,regimeB_v0_RS_t0,RS_t0_v0
mining,MINE_US_00454,degraded,,0.00174,,S1_VH(pending),0,Landsat_C2_L2,regimeB_v0_RS_t0,RS_t0_v0
mining,MINE_US_00455,early_restoration,,0.00568,,S1_VH(pending),0,Landsat_C2_L2,regimeB_v0_RS_t0,RS_t0_v0
mining,MINE_US_00456,early_restoration,,0.00229,,S1_VH(pending),0,Landsat_C2_L2,regimeB_v0_RS_t0,RS_t0_v0
mining,MINE_US_00457,degraded,,0.00077,,S1_VH(pending),0,Landsat_C2_L2,regimeB_v0_RS_t0,RS_t0_v0
mining,MINE_US_00458,stable_restoration,,-0.01359,,S1_VH(pending),0,Landsat_C2_L2,regimeB_v0_RS_t0,RS_t0_v0
mining,MINE_US_00459,stable_restoration,,-0.00791,,S1_VH(pending),0,Landsat_C2_L2,regimeB_v0_RS_t0,RS_t0_v0
mining,MINE_US_00460,stable_restoration,,0.00153,,S1_VH(pending),0,Landsat_C2_L2,regimeB_v0_RS_t0,RS_t0_v0
mining,MINE_US_00461,stable_restoration,,0.00378,,S1_VH(pending),0,Landsat_C2_L2,regimeB_v0_RS_t0,RS_t0_v0
mining,MINE_US_00462,stable_restoration,,-0.00113,,S1_VH(pending),0,Landsat_C2_L2,regimeB_v0_RS_t0,RS_t0_v0
mining,MINE_US_00463,degraded,,-0.0004,,S1_VH(pending),0,Landsat_C2_L2,regimeB_v0_RS_t0,RS_t0_v0
mining,MINE_US_00464,stable_restoration,,-0.0054,,S1_VH(pending),0,Landsat_C2_L2,regimeB_v0_RS_t0,RS_t0_v0
mining,MINE_US_00465,stable_restoration,,-0.02248,,S1_VH(pending),0,Landsat_C2_L2,regimeB_v0_RS_t0,RS_t0_v0
mining,MINE_US_00466,early_restoration,,-0.00881,,S1_VH(pending),0,Landsat_C2_L2,regimeB_v0_RS_t0,RS_t0_v0
mining,MINE_US_00467,stable_restoration,,0.00453,,S1_VH(pending),0,Landsat_C2_L2,regimeB_v0_RS_t0,RS_t0_v0
mining,MINE_US_00468,early_restoration,,-0.00077,,S1_VH(pending),0,Landsat_C2_L2,regimeB_v0_RS_t0,RS_t0_v0
mining,MINE_US_00469,stable_restoration,,0.00491,,S1_VH(pending),0,Landsat_C2_L2,regimeB_v0_RS_t0,RS_t0_v0
mining,MINE_US_00470,stable_restoration,,0.01026,,S1_VH(pending),0,Landsat_C2_L2,regimeB_v0_RS_t0,RS_t0_v0
mining,MINE_US_00471,degraded,,0.00053,,S1_VH(pending),0,Landsat_C2_L2,regimeB_v0_RS_t0,RS_t0_v0
mining,MINE_US_00472,degraded,,0.0023,,S1_VH(pending),0,Landsat_C2_L2,regimeB_v0_RS_t0,RS_t0_v0
mining,MINE_US_00473,stable_restoration,,-0.00258,,S1_VH(pending),0,Landsat_C2_L2,regimeB_v0_RS_t0,RS_t0_v0
mining,MINE_US_00474,early_restoration,,0.00248,,S1_VH(pending),0,Landsat_C2_L2,regimeB_v0_RS_t0,RS_t0_v0
mining,MINE_US_00475,early_restoration,,0.00516,,S1_VH(pending),0,Landsat_C2_L2,regimeB_v0_RS_t0,RS_t0_v0
mining,MINE_US_00476,early_restoration,,-0.01088,,S1_VH(pending),0,Landsat_C2_L2,regimeB_v0_RS_t0,RS_t0_v0
mining,MINE_US_00477,stable_restoration,,-0.00199,,S1_VH(pending),0,Landsat_C2_L2,regimeB_v0_RS_t0,RS_t0_v0
mining,MINE_US_00478,stable_restoration,,-0.00986,,S1_VH(pending),0,Landsat_C2_L2,regimeB_v0_RS_t0,RS_t0_v0
mining,MINE_US_00479,early_restoration,,0.00408,,S1_VH(pending),0,Landsat_C2_L2,regimeB_v0_RS_t0,RS_t0_v0
mining,MINE_US_00480,degraded,,0.00221,,S1_VH(pending),0,Landsat_C2_L2,regimeB_v0_RS_t0,RS_t0_v0
mining,MINE_US_00481,degraded,,0.00152,,S1_VH(pending),0,Landsat_C2_L2,regimeB_v0_RS_t0,RS_t0_v0
mining,MINE_US_00482,stable_restoration,,-0.00724,,S1_VH(pending),0,Landsat_C2_L2,regimeB_v0_RS_t0,RS_t0_v0
mining,MINE_US_00483,stable_restoration,,-0.00106,,S1_VH(pending),0,Landsat_C2_L2,regimeB_v0_RS_t0,RS_t0_v0
mining,MINE_US_00484,stable_restoration,,-0.0025,,S1_VH(pending),0,Landsat_C2_L2,regimeB_v0_RS_t0,RS_t0_v0
mining,MINE_US_00485,degraded,,0.01445,,S1_VH(pending),0,Landsat_C2_L2,regimeB_v0_RS_t0,RS_t0_v0
mining,MINE_US_00486,degraded,,0.00109,,S1_VH(pending),0,Landsat_C2_L2,regimeB_v0_RS_t0,RS_t0_v0
mining,MINE_US_00487,stable_restoration,,-0.00272,,S1_VH(pending),0,Landsat_C2_L2,regimeB_v0_RS_t0,RS_t0_v0
mining,MINE_US_00488,degraded,,0.00117,,S1_VH(pending),0,Landsat_C2_L2,regimeB_v0_RS_t0,RS_t0_v0
mining,MINE_US_00489,stable_restoration,,-0.00903,,S1_VH(pending),0,Landsat_C2_L2,regimeB_v0_RS_t0,RS_t0_v0
mining,MINE_US_00490,degraded,,0.00266,,S1_VH(pending),0,Landsat_C2_L2,regimeB_v0_RS_t0,RS_t0_v0
mining,MINE_US_00491,stable_restoration,,0.00195,,S1_VH(pending),0,Landsat_C2_L2,regimeB_v0_RS_t0,RS_t0_v0
mining,MINE_US_00492,early_restoration,,0.00907,,S1_VH(pending),0,Landsat_C2_L2,regimeB_v0_RS_t0,RS_t0_v0
mining,MINE_US_00493,degraded,,0.00193,,S1_VH(pending),0,Landsat_C2_L2,regimeB_v0_RS_t0,RS_t0_v0
mining,MINE_US_00494,early_restoration,,0.00335,,S1_VH(pending),0,Landsat_C2_L2,regimeB_v0_RS_t0,RS_t0_v0
mining,MINE_US_00495,stable_restoration,,-0.00194,,S1_VH(pending),0,Landsat_C2_L2,regimeB_v0_RS_t0,RS_t0_v0
mining,MINE_US_00496,degraded,,-0.0009,,S1_VH(pending),0,Landsat_C2_L2,regimeB_v0_RS_t0,RS_t0_v0
mining,MINE_US_00497,stable_restoration,,0.0053,,S1_VH(pending),0,Landsat_C2_L2,regimeB_v0_RS_t0,RS_t0_v0
mining,MINE_US_00498,early_restoration,,0.00234,,S1_VH(pending),0,Landsat_C2_L2,regimeB_v0_RS_t0,RS_t0_v0
mining,MINE_US_00499,stable_restoration,,-0.00558,,S1_VH(pending),0,Landsat_C2_L2,regimeB_v0_RS_t0,RS_t0_v0
mining,MINE_US_00500,early_restoration,,-0.00386,,S1_VH(pending),0,Landsat_C2_L2,regimeB_v0_RS_t0,RS_t0_v0
mining,MINE_US_00501,stable_restoration,,-0.00578,,S1_VH(pending),0,Landsat_C2_L2,regimeB_v0_RS_t0,RS_t0_v0
mining,MINE_US_00502,stable_restoration,,-0.01106,,S1_VH(pending),0,Landsat_C2_L2,regimeB_v0_RS_t0,RS_t0_v0
mining,MINE_US_00503,degraded,,0.00257,,S1_VH(pending),0,Landsat_C2_L2,regimeB_v0_RS_t0,RS_t0_v0
mining,MINE_US_00504,early_restoration,,0.00648,,S1_VH(pending),0,Landsat_C2_L2,regimeB_v0_RS_t0,RS_t0_v0
mining,MINE_US_00505,degraded,,0.00113,,S1_VH(pending),0,Landsat_C2_L2,regimeB_v0_RS_t0,RS_t0_v0
mining,MINE_US_00506,degraded,,0.0014,,S1_VH(pending),0,Landsat_C2_L2,regimeB_v0_RS_t0,RS_t0_v0
mining,MINE_US_00507,early_restoration,,0.00712,,S1_VH(pending),0,Landsat_C2_L2,regimeB_v0_RS_t0,RS_t0_v0
mining,MINE_US_00508,early_restoration,,-0.03466,,S1_VH(pending),0,Landsat_C2_L2,regimeB_v0_RS_t0,RS_t0_v0
mining,MINE_US_00509,stable_restoration,,0.00555,,S1_VH(pending),0,Landsat_C2_L2,regimeB_v0_RS_t0,RS_t0_v0
mining,MINE_US_00510,degraded,,0.0011,,S1_VH(pending),0,Landsat_C2_L2,regimeB_v0_RS_t0,RS_t0_v0
mining,MINE_US_00511,stable_restoration,,-1e-05,,S1_VH(pending),0,Landsat_C2_L2,regimeB_v0_RS_t0,RS_t0_v0
mining,MINE_US_00512,stable_restoration,,0.00213,,S1_VH(pending),0,Landsat_C2_L2,regimeB_v0_RS_t0,RS_t0_v0
mining,MINE_US_00513,early_restoration,,-0.01559,,S1_VH(pending),0,Landsat_C2_L2,regimeB_v0_RS_t0,RS_t0_v0
mining,MINE_US_00514,early_restoration,,-0.02745,,S1_VH(pending),0,Landsat_C2_L2,regimeB_v0_RS_t0,RS_t0_v0
mining,MINE_US_00515,early_restoration,,-0.01749,,S1_VH(pending),0,Landsat_C2_L2,regimeB_v0_RS_t0,RS_t0_v0
mining,MINE_US_00516,stable_restoration,,-3e-05,,S1_VH(pending),0,Landsat_C2_L2,regimeB_v0_RS_t0,RS_t0_v0
mining,MINE_US_00517,stable_restoration,,0.00932,,S1_VH(pending),0,Landsat_C2_L2,regimeB_v0_RS_t0,RS_t0_v0
mining,MINE_US_00518,stable_restoration,,-0.00291,,S1_VH(pending),0,Landsat_C2_L2,regimeB_v0_RS_t0,RS_t0_v0
mining,MINE_US_00519,stable_restoration,,0.00203,,S1_VH(pending),0,Landsat_C2_L2,regimeB_v0_RS_t0,RS_t0_v0
mining,MINE_US_00520,stable_restoration,,0.00415,,S1_VH(pending),0,Landsat_C2_L2,regimeB_v0_RS_t0,RS_t0_v0
mining,MINE_US_00521,degraded,,0.00232,,S1_VH(pending),0,Landsat_C2_L2,regimeB_v0_RS_t0,RS_t0_v0
mining,MINE_US_00522,early_restoration,,0.00517,,S1_VH(pending),0,Landsat_C2_L2,regimeB_v0_RS_t0,RS_t0_v0
mining,MINE_US_00523,stable_restoration,,-0.00405,,S1_VH(pending),0,Landsat_C2_L2,regimeB_v0_RS_t0,RS_t0_v0
mining,MINE_US_00524,early_restoration,,0.00384,,S1_VH(pending),0,Landsat_C2_L2,regimeB_v0_RS_t0,RS_t0_v0
mining,MINE_US_00525,stable_restoration,,-0.00181,,S1_VH(pending),0,Landsat_C2_L2,regimeB_v0_RS_t0,RS_t0_v0
mining,MINE_US_00526,stable_restoration,,-0.01124,,S1_VH(pending),0,Landsat_C2_L2,regimeB_v0_RS_t0,RS_t0_v0
mining,MINE_US_00527,early_restoration,,-0.00112,,S1_VH(pending),0,Landsat_C2_L2,regimeB_v0_RS_t0,RS_t0_v0
mining,MINE_US_00528,early_restoration,,-0.00503,,S1_VH(pending),0,Landsat_C2_L2,regimeB_v0_RS_t0,RS_t0_v0
mining,MINE_US_00529,early_restoration,,0.00345,,S1_VH(pending),0,Landsat_C2_L2,regimeB_v0_RS_t0,RS_t0_v0
mining,MINE_US_00530,early_restoration,,-0.02966,,S1_VH(pending),0,Landsat_C2_L2,regimeB_v0_RS_t0,RS_t0_v0
mining,MINE_US_00531,stable_restoration,,-0.01371,,S1_VH(pending),0,Landsat_C2_L2,regimeB_v0_RS_t0,RS_t0_v0
mining,MINE_US_00532,stable_restoration,,-0.00977,,S1_VH(pending),0,Landsat_C2_L2,regimeB_v0_RS_t0,RS_t0_v0
mining,MINE_US_00533,stable_restoration,,0.00239,,S1_VH(pending),0,Landsat_C2_L2,regimeB_v0_RS_t0,RS_t0_v0
mining,MINE_US_00534,stable_restoration,,0.00286,,S1_VH(pending),0,Landsat_C2_L2,regimeB_v0_RS_t0,RS_t0_v0
mining,MINE_US_00535,degraded,,0.0023,,S1_VH(pending),0,Landsat_C2_L2,regimeB_v0_RS_t0,RS_t0_v0
mining,MINE_US_00536,stable_restoration,,-0.00578,,S1_VH(pending),0,Landsat_C2_L2,regimeB_v0_RS_t0,RS_t0_v0
mining,MINE_US_00537,stable_restoration,,0.00266,,S1_VH(pending),0,Landsat_C2_L2,regimeB_v0_RS_t0,RS_t0_v0
mining,MINE_US_00538,stable_restoration,,0.0006,,S1_VH(pending),0,Landsat_C2_L2,regimeB_v0_RS_t0,RS_t0_v0
mining,MINE_US_00539,early_restoration,,-0.00436,,S1_VH(pending),0,Landsat_C2_L2,regimeB_v0_RS_t0,RS_t0_v0
mining,MINE_US_00540,stable_restoration,,-0.00682,,S1_VH(pending),0,Landsat_C2_L2,regimeB_v0_RS_t0,RS_t0_v0
mining,MINE_US_00541,early_restoration,,-0.01965,,S1_VH(pending),0,Landsat_C2_L2,regimeB_v0_RS_t0,RS_t0_v0
mining,MINE_US_00542,degraded,,0.00256,,S1_VH(pending),0,Landsat_C2_L2,regimeB_v0_RS_t0,RS_t0_v0
mining,MINE_US_00543,stable_restoration,,-0.00548,,S1_VH(pending),0,Landsat_C2_L2,regimeB_v0_RS_t0,RS_t0_v0
mining,MINE_US_00544,stable_restoration,,-0.01303,,S1_VH(pending),0,Landsat_C2_L2,regimeB_v0_RS_t0,RS_t0_v0
mining,MINE_US_00545,degraded,,-0.00077,,S1_VH(pending),0,Landsat_C2_L2,regimeB_v0_RS_t0,RS_t0_v0
mining,MINE_US_00546,degraded,,-0.03183,,S1_VH(pending),0,Landsat_C2_L2,regimeB_v0_RS_t0,RS_t0_v0
mining,MINE_US_00547,early_restoration,,-0.00014,,S1_VH(pending),0,Landsat_C2_L2,regimeB_v0_RS_t0,RS_t0_v0
mining,MINE_US_00548,degraded,,0.00126,,S1_VH(pending),0,Landsat_C2_L2,regimeB_v0_RS_t0,RS_t0_v0
mining,MINE_US_00549,early_restoration,,0.00411,,S1_VH(pending),0,Landsat_C2_L2,regimeB_v0_RS_t0,RS_t0_v0
mining,MINE_US_00550,early_restoration,,0.00345,,S1_VH(pending),0,Landsat_C2_L2,regimeB_v0_RS_t0,RS_t0_v0
mining,MINE_US_00551,stable_restoration,,0.00172,,S1_VH(pending),0,Landsat_C2_L2,regimeB_v0_RS_t0,RS_t0_v0
mining,MINE_US_00552,stable_restoration,,-0.00586,,S1_VH(pending),0,Landsat_C2_L2,regimeB_v0_RS_t0,RS_t0_v0
mining,MINE_US_00553,early_restoration,,-0.01518,,S1_VH(pending),0,Landsat_C2_L2,regimeB_v0_RS_t0,RS_t0_v0
mining,MINE_US_00554,early_restoration,,0.00783,,S1_VH(pending),0,Landsat_C2_L2,regimeB_v0_RS_t0,RS_t0_v0
mining,MINE_US_00555,early_restoration,,-0.00021,,S1_VH(pending),0,Landsat_C2_L2,regimeB_v0_RS_t0,RS_t0_v0
mining,MINE_US_00556,degraded,,0.00306,,S1_VH(pending),0,Landsat_C2_L2,regimeB_v0_RS_t0,RS_t0_v0
mining,MINE_US_00557,early_restoration,,-0.00107,,S1_VH(pending),0,Landsat_C2_L2,regimeB_v0_RS_t0,RS_t0_v0
mining,MINE_US_00558,degraded,,0.00182,,S1_VH(pending),0,Landsat_C2_L2,regimeB_v0_RS_t0,RS_t0_v0
mining,MINE_US_00559,stable_restoration,,-0.00153,,S1_VH(pending),0,Landsat_C2_L2,regimeB_v0_RS_t0,RS_t0_v0
mining,MINE_US_00560,early_restoration,,-0.01839,,S1_VH(pending),0,Landsat_C2_L2,regimeB_v0_RS_t0,RS_t0_v0
mining,MINE_US_00561,stable_restoration,,-0.00932,,S1_VH(pending),0,Landsat_C2_L2,regimeB_v0_RS_t0,RS_t0_v0
mining,MINE_US_00562,stable_restoration,,0.00057,,S1_VH(pending),0,Landsat_C2_L2,regimeB_v0_RS_t0,RS_t0_v0
mining,MINE_US_00563,stable_restoration,,-0.01522,,S1_VH(pending),0,Landsat_C2_L2,regimeB_v0_RS_t0,RS_t0_v0
mining,MINE_US_00564,degraded,,0.00182,,S1_VH(pending),0,Landsat_C2_L2,regimeB_v0_RS_t0,RS_t0_v0
mining,MINE_US_00565,early_restoration,,-0.01381,,S1_VH(pending),0,Landsat_C2_L2,regimeB_v0_RS_t0,RS_t0_v0
mining,MINE_US_00566,stable_restoration,,0.00764,,S1_VH(pending),0,Landsat_C2_L2,regimeB_v0_RS_t0,RS_t0_v0
mining,MINE_US_00567,early_restoration,,-0.00743,,S1_VH(pending),0,Landsat_C2_L2,regimeB_v0_RS_t0,RS_t0_v0
mining,MINE_US_00568,degraded,,0.00236,,S1_VH(pending),0,Landsat_C2_L2,regimeB_v0_RS_t0,RS_t0_v0
mining,MINE_US_00569,stable_restoration,,-0.00279,,S1_VH(pending),0,Landsat_C2_L2,regimeB_v0_RS_t0,RS_t0_v0
mining,MINE_US_00570,stable_restoration,,0.00176,,S1_VH(pending),0,Landsat_C2_L2,regimeB_v0_RS_t0,RS_t0_v0
mining,MINE_US_00571,stable_restoration,,0.00197,,S1_VH(pending),0,Landsat_C2_L2,regimeB_v0_RS_t0,RS_t0_v0
mining,MINE_US_00572,stable_restoration,,-0.01494,,S1_VH(pending),0,Landsat_C2_L2,regimeB_v0_RS_t0,RS_t0_v0
mining,MINE_US_00573,stable_restoration,,-0.00835,,S1_VH(pending),0,Landsat_C2_L2,regimeB_v0_RS_t0,RS_t0_v0
mining,MINE_US_00574,degraded,,0.00176,,S1_VH(pending),0,Landsat_C2_L2,regimeB_v0_RS_t0,RS_t0_v0
mining,MINE_US_00575,early_restoration,,-0.00018,,S1_VH(pending),0,Landsat_C2_L2,regimeB_v0_RS_t0,RS_t0_v0
mining,MINE_US_00576,early_restoration,,-0.00259,,S1_VH(pending),0,Landsat_C2_L2,regimeB_v0_RS_t0,RS_t0_v0
mining,MINE_US_00577,early_restoration,,0.00304,,S1_VH(pending),0,Landsat_C2_L2,regimeB_v0_RS_t0,RS_t0_v0
mining,MINE_US_00578,early_restoration,,-2e-05,,S1_VH(pending),0,Landsat_C2_L2,regimeB_v0_RS_t0,RS_t0_v0
mining,MINE_US_00579,stable_restoration,,-0.01707,,S1_VH(pending),0,Landsat_C2_L2,regimeB_v0_RS_t0,RS_t0_v0
mining,MINE_US_00580,early_restoration,,0.00121,,S1_VH(pending),0,Landsat_C2_L2,regimeB_v0_RS_t0,RS_t0_v0
mining,MINE_US_00581,degraded,,0.00139,,S1_VH(pending),0,Landsat_C2_L2,regimeB_v0_RS_t0,RS_t0_v0
mining,MINE_US_00582,stable_restoration,,-0.02199,,S1_VH(pending),0,Landsat_C2_L2,regimeB_v0_RS_t0,RS_t0_v0
mining,MINE_US_00583,stable_restoration,,-0.01667,,S1_VH(pending),0,Landsat_C2_L2,regimeB_v0_RS_t0,RS_t0_v0
mining,MINE_US_00584,degraded,,0.00129,,S1_VH(pending),0,Landsat_C2_L2,regimeB_v0_RS_t0,RS_t0_v0
mining,MINE_US_00585,stable_restoration,,-0.00898,,S1_VH(pending),0,Landsat_C2_L2,regimeB_v0_RS_t0,RS_t0_v0
mining,MINE_US_00586,early_restoration,,-0.00401,,S1_VH(pending),0,Landsat_C2_L2,regimeB_v0_RS_t0,RS_t0_v0
mining,MINE_US_00587,early_restoration,,-0.00503,,S1_VH(pending),0,Landsat_C2_L2,regimeB_v0_RS_t0,RS_t0_v0
mining,MINE_US_00588,stable_restoration,,-0.01203,,S1_VH(pending),0,Landsat_C2_L2,regimeB_v0_RS_t0,RS_t0_v0
mining,MINE_US_00589,early_restoration,,0.00312,,S1_VH(pending),0,Landsat_C2_L2,regimeB_v0_RS_t0,RS_t0_v0
mining,MINE_US_00590,degraded,,0.00215,,S1_VH(pending),0,Landsat_C2_L2,regimeB_v0_RS_t0,RS_t0_v0
mining,MINE_US_00591,degraded,,0.0015,,S1_VH(pending),0,Landsat_C2_L2,regimeB_v0_RS_t0,RS_t0_v0
mining,MINE_US_00592,stable_restoration,,-0.00366,,S1_VH(pending),0,Landsat_C2_L2,regimeB_v0_RS_t0,RS_t0_v0
mining,MINE_US_00593,degraded,,0.00219,,S1_VH(pending),0,Landsat_C2_L2,regimeB_v0_RS_t0,RS_t0_v0
mining,MINE_US_00594,degraded,,0.0028,,S1_VH(pending),0,Landsat_C2_L2,regimeB_v0_RS_t0,RS_t0_v0
mining,MINE_US_00595,stable_restoration,,-0.00519,,S1_VH(pending),0,Landsat_C2_L2,regimeB_v0_RS_t0,RS_t0_v0
mining,MINE_US_00596,stable_restoration,,-5e-05,,S1_VH(pending),0,Landsat_C2_L2,regimeB_v0_RS_t0,RS_t0_v0
mining,MINE_US_00597,degraded,,0.00088,,S1_VH(pending),0,Landsat_C2_L2,regimeB_v0_RS_t0,RS_t0_v0
mining,MINE_US_00598,stable_restoration,,-0.00916,,S1_VH(pending),0,Landsat_C2_L2,regimeB_v0_RS_t0,RS_t0_v0
mining,MINE_US_00599,early_restoration,,0.00271,,S1_VH(pending),0,Landsat_C2_L2,regimeB_v0_RS_t0,RS_t0_v0
mining,MINE_US_00600,stable_restoration,,0.00648,,S1_VH(pending),0,Landsat_C2_L2,regimeB_v0_RS_t0,RS_t0_v0
mining,MINE_US_00601,early_restoration,,-0.00179,,S1_VH(pending),0,Landsat_C2_L2,regimeB_v0_RS_t0,RS_t0_v0
mining,MINE_US_00602,stable_restoration,,-0.00328,,S1_VH(pending),0,Landsat_C2_L2,regimeB_v0_RS_t0,RS_t0_v0
mining,MINE_US_00603,degraded,,0.0006,,S1_VH(pending),0,Landsat_C2_L2,regimeB_v0_RS_t0,RS_t0_v0
mining,MINE_US_00604,stable_restoration,,-0.00308,,S1_VH(pending),0,Landsat_C2_L2,regimeB_v0_RS_t0,RS_t0_v0
mining,MINE_US_00605,early_restoration,,-0.0064,,S1_VH(pending),0,Landsat_C2_L2,regimeB_v0_RS_t0,RS_t0_v0
mining,MINE_US_00606,degraded,,0.00049,,S1_VH(pending),0,Landsat_C2_L2,regimeB_v0_RS_t0,RS_t0_v0
mining,MINE_US_00607,early_restoration,,-0.00157,,S1_VH(pending),0,Landsat_C2_L2,regimeB_v0_RS_t0,RS_t0_v0
mining,MINE_US_00608,early_restoration,,0.00289,,S1_VH(pending),0,Landsat_C2_L2,regimeB_v0_RS_t0,RS_t0_v0
mining,MINE_US_00609,stable_restoration,,-0.00661,,S1_VH(pending),0,Landsat_C2_L2,regimeB_v0_RS_t0,RS_t0_v0
mining,MINE_US_00610,stable_restoration,,-0.00979,,S1_VH(pending),0,Landsat_C2_L2,regimeB_v0_RS_t0,RS_t0_v0
mining,MINE_US_00611,degraded,,0.00085,,S1_VH(pending),0,Landsat_C2_L2,regimeB_v0_RS_t0,RS_t0_v0
mining,MINE_US_00612,degraded,,-0.00087,,S1_VH(pending),0,Landsat_C2_L2,regimeB_v0_RS_t0,RS_t0_v0
mining,MINE_US_00613,early_restoration,,-0.00821,,S1_VH(pending),0,Landsat_C2_L2,regimeB_v0_RS_t0,RS_t0_v0
mining,MINE_US_00614,degraded,,-0.00202,,S1_VH(pending),0,Landsat_C2_L2,regimeB_v0_RS_t0,RS_t0_v0
mining,MINE_US_00615,stable_restoration,,0.00168,,S1_VH(pending),0,Landsat_C2_L2,regimeB_v0_RS_t0,RS_t0_v0
mining,MINE_US_00616,stable_restoration,,0.00407,,S1_VH(pending),0,Landsat_C2_L2,regimeB_v0_RS_t0,RS_t0_v0
mining,MINE_US_00617,degraded,,0.00056,,S1_VH(pending),0,Landsat_C2_L2,regimeB_v0_RS_t0,RS_t0_v0
mining,MINE_US_00618,stable_restoration,,-0.00701,,S1_VH(pending),0,Landsat_C2_L2,regimeB_v0_RS_t0,RS_t0_v0
mining,MINE_US_00619,stable_restoration,,-0.00397,,S1_VH(pending),0,Landsat_C2_L2,regimeB_v0_RS_t0,RS_t0_v0
mining,MINE_US_00620,early_restoration,,0.00238,,S1_VH(pending),0,Landsat_C2_L2,regimeB_v0_RS_t0,RS_t0_v0
mining,MINE_US_00621,early_restoration,,-0.01094,,S1_VH(pending),0,Landsat_C2_L2,regimeB_v0_RS_t0,RS_t0_v0
mining,MINE_US_00622,degraded,,0.0012,,S1_VH(pending),0,Landsat_C2_L2,regimeB_v0_RS_t0,RS_t0_v0
mining,MINE_US_00623,early_restoration,,-0.00137,,S1_VH(pending),0,Landsat_C2_L2,regimeB_v0_RS_t0,RS_t0_v0
mining,MINE_US_00624,degraded,,0.00255,,S1_VH(pending),0,Landsat_C2_L2,regimeB_v0_RS_t0,RS_t0_v0
mining,MINE_US_00625,degraded,,0.00083,,S1_VH(pending),0,Landsat_C2_L2,regimeB_v0_RS_t0,RS_t0_v0
mining,MINE_US_00626,stable_restoration,,-0.00653,,S1_VH(pending),0,Landsat_C2_L2,regimeB_v0_RS_t0,RS_t0_v0
mining,MINE_US_00627,early_restoration,,-0.00077,,S1_VH(pending),0,Landsat_C2_L2,regimeB_v0_RS_t0,RS_t0_v0
mining,MINE_US_00628,degraded,,0.00088,,S1_VH(pending),0,Landsat_C2_L2,regimeB_v0_RS_t0,RS_t0_v0
mining,MINE_US_00629,stable_restoration,,-0.00036,,S1_VH(pending),0,Landsat_C2_L2,regimeB_v0_RS_t0,RS_t0_v0
mining,MINE_US_00630,early_restoration,,0.00013,,S1_VH(pending),0,Landsat_C2_L2,regimeB_v0_RS_t0,RS_t0_v0
mining,MINE_US_00631,early_restoration,,0.00666,,S1_VH(pending),0,Landsat_C2_L2,regimeB_v0_RS_t0,RS_t0_v0
mining,MINE_US_00632,degraded,,0.00133,,S1_VH(pending),0,Landsat_C2_L2,regimeB_v0_RS_t0,RS_t0_v0
mining,MINE_US_00633,stable_restoration,,-0.01816,,S1_VH(pending),0,Landsat_C2_L2,regimeB_v0_RS_t0,RS_t0_v0
mining,MINE_US_00634,stable_restoration,,0.00319,,S1_VH(pending),0,Landsat_C2_L2,regimeB_v0_RS_t0,RS_t0_v0
mining,MINE_US_00635,stable_restoration,,-0.0008,,S1_VH(pending),0,Landsat_C2_L2,regimeB_v0_RS_t0,RS_t0_v0
mining,MINE_US_00636,relapse_degradation,,-0.00648,,S1_VH(pending),0,Landsat_C2_L2,regimeB_v0_RS_t0,RS_t0_v0
mining,MINE_US_00637,early_restoration,,0.00187,,S1_VH(pending),0,Landsat_C2_L2,regimeB_v0_RS_t0,RS_t0_v0
mining,MINE_US_00638,early_restoration,,-0.01921,,S1_VH(pending),0,Landsat_C2_L2,regimeB_v0_RS_t0,RS_t0_v0
mining,MINE_US_00639,stable_restoration,,0.00428,,S1_VH(pending),0,Landsat_C2_L2,regimeB_v0_RS_t0,RS_t0_v0
mining,MINE_US_00640,degraded,,0.00053,,S1_VH(pending),0,Landsat_C2_L2,regimeB_v0_RS_t0,RS_t0_v0
mining,MINE_US_00641,early_restoration,,0.00457,,S1_VH(pending),0,Landsat_C2_L2,regimeB_v0_RS_t0,RS_t0_v0
mining,MINE_US_00642,degraded,,0.00156,,S1_VH(pending),0,Landsat_C2_L2,regimeB_v0_RS_t0,RS_t0_v0
mining,MINE_US_00643,early_restoration,,0.00318,,S1_VH(pending),0,Landsat_C2_L2,regimeB_v0_RS_t0,RS_t0_v0
mining,MINE_US_00644,stable_restoration,,0.00438,,S1_VH(pending),0,Landsat_C2_L2,regimeB_v0_RS_t0,RS_t0_v0
mining,MINE_US_00645,early_restoration,,-0.00102,,S1_VH(pending),0,Landsat_C2_L2,regimeB_v0_RS_t0,RS_t0_v0
mining,MINE_US_00646,stable_restoration,,-0.00077,,S1_VH(pending),0,Landsat_C2_L2,regimeB_v0_RS_t0,RS_t0_v0
mining,MINE_US_00647,stable_restoration,,-0.01473,,S1_VH(pending),0,Landsat_C2_L2,regimeB_v0_RS_t0,RS_t0_v0
mining,MINE_US_00648,degraded,,0.00396,,S1_VH(pending),0,Landsat_C2_L2,regimeB_v0_RS_t0,RS_t0_v0
mining,MINE_US_00649,stable_restoration,,-0.01462,,S1_VH(pending),0,Landsat_C2_L2,regimeB_v0_RS_t0,RS_t0_v0
mining,MINE_US_00650,degraded,,0.00329,,S1_VH(pending),0,Landsat_C2_L2,regimeB_v0_RS_t0,RS_t0_v0
mining,MINE_US_00651,stable_restoration,,0.00117,,S1_VH(pending),0,Landsat_C2_L2,regimeB_v0_RS_t0,RS_t0_v0
mining,MINE_US_00652,early_restoration,,-0.00308,,S1_VH(pending),0,Landsat_C2_L2,regimeB_v0_RS_t0,RS_t0_v0
mining,MINE_US_00653,degraded,,-0.00079,,S1_VH(pending),0,Landsat_C2_L2,regimeB_v0_RS_t0,RS_t0_v0
mining,MINE_US_00654,degraded,,0.00118,,S1_VH(pending),0,Landsat_C2_L2,regimeB_v0_RS_t0,RS_t0_v0
mining,MINE_US_00655,early_restoration,,0.00262,,S1_VH(pending),0,Landsat_C2_L2,regimeB_v0_RS_t0,RS_t0_v0
mining,MINE_US_00656,early_restoration,,-0.02344,,S1_VH(pending),0,Landsat_C2_L2,regimeB_v0_RS_t0,RS_t0_v0
mining,MINE_US_00657,early_restoration,,0.00315,,S1_VH(pending),0,Landsat_C2_L2,regimeB_v0_RS_t0,RS_t0_v0
mining,MINE_US_00658,early_restoration,,-0.00475,,S1_VH(pending),0,Landsat_C2_L2,regimeB_v0_RS_t0,RS_t0_v0
mining,MINE_US_00659,stable_restoration,,0.00328,,S1_VH(pending),0,Landsat_C2_L2,regimeB_v0_RS_t0,RS_t0_v0
mining,MINE_US_00660,stable_restoration,,-0.00212,,S1_VH(pending),0,Landsat_C2_L2,regimeB_v0_RS_t0,RS_t0_v0
mining,MINE_US_00661,degraded,,0.00093,,S1_VH(pending),0,Landsat_C2_L2,regimeB_v0_RS_t0,RS_t0_v0
mining,MINE_US_00662,early_restoration,,0.00457,,S1_VH(pending),0,Landsat_C2_L2,regimeB_v0_RS_t0,RS_t0_v0
mining,MINE_US_00663,early_restoration,,0.00052,,S1_VH(pending),0,Landsat_C2_L2,regimeB_v0_RS_t0,RS_t0_v0
mining,MINE_US_00664,degraded,,0.0009,,S1_VH(pending),0,Landsat_C2_L2,regimeB_v0_RS_t0,RS_t0_v0
mining,MINE_US_00665,stable_restoration,,-0.01666,,S1_VH(pending),0,Landsat_C2_L2,regimeB_v0_RS_t0,RS_t0_v0
mining,MINE_US_00666,degraded,,-0.03141,,S1_VH(pending),0,Landsat_C2_L2,regimeB_v0_RS_t0,RS_t0_v0
mining,MINE_US_00667,stable_restoration,,-0.00746,,S1_VH(pending),0,Landsat_C2_L2,regimeB_v0_RS_t0,RS_t0_v0
mining,MINE_US_00668,stable_restoration,,0.00485,,S1_VH(pending),0,Landsat_C2_L2,regimeB_v0_RS_t0,RS_t0_v0
mining,MINE_US_00669,degraded,,0.00185,,S1_VH(pending),0,Landsat_C2_L2,regimeB_v0_RS_t0,RS_t0_v0
mining,MINE_US_00670,stable_restoration,,-0.0008,,S1_VH(pending),0,Landsat_C2_L2,regimeB_v0_RS_t0,RS_t0_v0
mining,MINE_US_00671,early_restoration,,0.00447,,S1_VH(pending),0,Landsat_C2_L2,regimeB_v0_RS_t0,RS_t0_v0
mining,MINE_US_00672,degraded,,0.00274,,S1_VH(pending),0,Landsat_C2_L2,regimeB_v0_RS_t0,RS_t0_v0
mining,MINE_US_00673,degraded,,0.00074,,S1_VH(pending),0,Landsat_C2_L2,regimeB_v0_RS_t0,RS_t0_v0
mining,MINE_US_00674,degraded,,0.00183,,S1_VH(pending),0,Landsat_C2_L2,regimeB_v0_RS_t0,RS_t0_v0
mining,MINE_US_00675,stable_restoration,,-0.00412,,S1_VH(pending),0,Landsat_C2_L2,regimeB_v0_RS_t0,RS_t0_v0
mining,MINE_US_00676,stable_restoration,,0.00819,,S1_VH(pending),0,Landsat_C2_L2,regimeB_v0_RS_t0,RS_t0_v0
mining,MINE_US_00677,stable_restoration,,-0.00078,,S1_VH(pending),0,Landsat_C2_L2,regimeB_v0_RS_t0,RS_t0_v0
mining,MINE_US_00678,degraded,,0.00195,,S1_VH(pending),0,Landsat_C2_L2,regimeB_v0_RS_t0,RS_t0_v0
mining,MINE_US_00679,stable_restoration,,-0.01217,,S1_VH(pending),0,Landsat_C2_L2,regimeB_v0_RS_t0,RS_t0_v0
mining,MINE_US_00680,degraded,,0.00071,,S1_VH(pending),0,Landsat_C2_L2,regimeB_v0_RS_t0,RS_t0_v0
mining,MINE_US_00681,early_restoration,,-0.00591,,S1_VH(pending),0,Landsat_C2_L2,regimeB_v0_RS_t0,RS_t0_v0
mining,MINE_US_00682,stable_restoration,,-0.00705,,S1_VH(pending),0,Landsat_C2_L2,regimeB_v0_RS_t0,RS_t0_v0
mining,MINE_US_00683,degraded,,-0.00028,,S1_VH(pending),0,Landsat_C2_L2,regimeB_v0_RS_t0,RS_t0_v0
mining,MINE_US_00684,stable_restoration,,-0.00842,,S1_VH(pending),0,Landsat_C2_L2,regimeB_v0_RS_t0,RS_t0_v0
mining,MINE_US_00685,stable_restoration,,-9e-05,,S1_VH(pending),0,Landsat_C2_L2,regimeB_v0_RS_t0,RS_t0_v0
mining,MINE_US_00686,stable_restoration,,-0.00095,,S1_VH(pending),0,Landsat_C2_L2,regimeB_v0_RS_t0,RS_t0_v0
mining,MINE_US_00687,early_restoration,,0.00135,,S1_VH(pending),0,Landsat_C2_L2,regimeB_v0_RS_t0,RS_t0_v0
mining,MINE_US_00688,stable_restoration,,0.00579,,S1_VH(pending),0,Landsat_C2_L2,regimeB_v0_RS_t0,RS_t0_v0
mining,MINE_US_00689,degraded,,0.00178,,S1_VH(pending),0,Landsat_C2_L2,regimeB_v0_RS_t0,RS_t0_v0
mining,MINE_US_00690,degraded,,0.00137,,S1_VH(pending),0,Landsat_C2_L2,regimeB_v0_RS_t0,RS_t0_v0
mining,MINE_US_00691,early_restoration,,0.00144,,S1_VH(pending),0,Landsat_C2_L2,regimeB_v0_RS_t0,RS_t0_v0
mining,MINE_US_00692,degraded,,-0.00016,,S1_VH(pending),0,Landsat_C2_L2,regimeB_v0_RS_t0,RS_t0_v0
mining,MINE_US_00693,stable_restoration,,0.00067,,S1_VH(pending),0,Landsat_C2_L2,regimeB_v0_RS_t0,RS_t0_v0
mining,MINE_US_00694,stable_restoration,,-0.00537,,S1_VH(pending),0,Landsat_C2_L2,regimeB_v0_RS_t0,RS_t0_v0
mining,MINE_US_00695,early_restoration,,-0.02261,,S1_VH(pending),0,Landsat_C2_L2,regimeB_v0_RS_t0,RS_t0_v0
mining,MINE_US_00696,early_restoration,,0.00626,,S1_VH(pending),0,Landsat_C2_L2,regimeB_v0_RS_t0,RS_t0_v0
mining,MINE_US_00697,stable_restoration,,0.00355,,S1_VH(pending),0,Landsat_C2_L2,regimeB_v0_RS_t0,RS_t0_v0
mining,MINE_US_00698,early_restoration,,-0.00126,,S1_VH(pending),0,Landsat_C2_L2,regimeB_v0_RS_t0,RS_t0_v0
mining,MINE_US_00699,early_restoration,,-0.00907,,S1_VH(pending),0,Landsat_C2_L2,regimeB_v0_RS_t0,RS_t0_v0
mining,MINE_US_00700,stable_restoration,,0.00011,,S1_VH(pending),0,Landsat_C2_L2,regimeB_v0_RS_t0,RS_t0_v0
mining,MINE_US_00701,early_restoration,,0.00134,,S1_VH(pending),0,Landsat_C2_L2,regimeB_v0_RS_t0,RS_t0_v0
mining,MINE_US_00702,degraded,,0.00188,,S1_VH(pending),0,Landsat_C2_L2,regimeB_v0_RS_t0,RS_t0_v0
mining,MINE_US_00703,early_restoration,,0.00243,,S1_VH(pending),0,Landsat_C2_L2,regimeB_v0_RS_t0,RS_t0_v0
mining,MINE_US_00704,early_restoration,,-0.00151,,S1_VH(pending),0,Landsat_C2_L2,regimeB_v0_RS_t0,RS_t0_v0
mining,MINE_US_00705,stable_restoration,,0.00906,,S1_VH(pending),0,Landsat_C2_L2,regimeB_v0_RS_t0,RS_t0_v0
mining,MINE_US_00706,early_restoration,,0.00145,,S1_VH(pending),0,Landsat_C2_L2,regimeB_v0_RS_t0,RS_t0_v0
mining,MINE_US_00707,stable_restoration,,-0.00572,,S1_VH(pending),0,Landsat_C2_L2,regimeB_v0_RS_t0,RS_t0_v0
mining,MINE_US_00708,degraded,,0.00076,,S1_VH(pending),0,Landsat_C2_L2,regimeB_v0_RS_t0,RS_t0_v0
mining,MINE_US_00709,early_restoration,,0.00145,,S1_VH(pending),0,Landsat_C2_L2,regimeB_v0_RS_t0,RS_t0_v0
mining,MINE_US_00710,degraded,,-0.00197,,S1_VH(pending),0,Landsat_C2_L2,regimeB_v0_RS_t0,RS_t0_v0
mining,MINE_US_00711,early_restoration,,0.00169,,S1_VH(pending),0,Landsat_C2_L2,regimeB_v0_RS_t0,RS_t0_v0
mining,MINE_US_00712,stable_restoration,,0.00055,,S1_VH(pending),0,Landsat_C2_L2,regimeB_v0_RS_t0,RS_t0_v0
mining,MINE_US_00713,stable_restoration,,0.00019,,S1_VH(pending),0,Landsat_C2_L2,regimeB_v0_RS_t0,RS_t0_v0
mining,MINE_US_00714,stable_restoration,,-0.01487,,S1_VH(pending),0,Landsat_C2_L2,regimeB_v0_RS_t0,RS_t0_v0
mining,MINE_US_00715,degraded,,0.00183,,S1_VH(pending),0,Landsat_C2_L2,regimeB_v0_RS_t0,RS_t0_v0
mining,MINE_US_00716,stable_restoration,,-0.00917,,S1_VH(pending),0,Landsat_C2_L2,regimeB_v0_RS_t0,RS_t0_v0
mining,MINE_US_00717,early_restoration,,0.00224,,S1_VH(pending),0,Landsat_C2_L2,regimeB_v0_RS_t0,RS_t0_v0
mining,MINE_US_00718,stable_restoration,,-0.01816,,S1_VH(pending),0,Landsat_C2_L2,regimeB_v0_RS_t0,RS_t0_v0
mining,MINE_US_00719,stable_restoration,,-0.01631,,S1_VH(pending),0,Landsat_C2_L2,regimeB_v0_RS_t0,RS_t0_v0
mining,MINE_US_00720,stable_restoration,,-0.00225,,S1_VH(pending),0,Landsat_C2_L2,regimeB_v0_RS_t0,RS_t0_v0
mining,MINE_US_00721,stable_restoration,,-0.00827,,S1_VH(pending),0,Landsat_C2_L2,regimeB_v0_RS_t0,RS_t0_v0
mining,MINE_US_00722,stable_restoration,,-0.0041,,S1_VH(pending),0,Landsat_C2_L2,regimeB_v0_RS_t0,RS_t0_v0
mining,MINE_US_00723,degraded,,-0.0019,,S1_VH(pending),0,Landsat_C2_L2,regimeB_v0_RS_t0,RS_t0_v0
mining,MINE_US_00724,degraded,,0.00231,,S1_VH(pending),0,Landsat_C2_L2,regimeB_v0_RS_t0,RS_t0_v0
mining,MINE_US_00725,degraded,,0.00059,,S1_VH(pending),0,Landsat_C2_L2,regimeB_v0_RS_t0,RS_t0_v0
mining,MINE_US_00726,degraded,,0.00226,,S1_VH(pending),0,Landsat_C2_L2,regimeB_v0_RS_t0,RS_t0_v0
mining,MINE_US_00727,stable_restoration,,-0.00039,,S1_VH(pending),0,Landsat_C2_L2,regimeB_v0_RS_t0,RS_t0_v0
mining,MINE_US_00728,stable_restoration,,-0.00644,,S1_VH(pending),0,Landsat_C2_L2,regimeB_v0_RS_t0,RS_t0_v0
mining,MINE_US_00729,degraded,,0.00292,,S1_VH(pending),0,Landsat_C2_L2,regimeB_v0_RS_t0,RS_t0_v0
mining,MINE_US_00730,degraded,,-0.00014,,S1_VH(pending),0,Landsat_C2_L2,regimeB_v0_RS_t0,RS_t0_v0
mining,MINE_US_00731,early_restoration,,-0.0288,,S1_VH(pending),0,Landsat_C2_L2,regimeB_v0_RS_t0,RS_t0_v0
mining,MINE_US_00732,relapse_degradation,,-0.00163,,S1_VH(pending),0,Landsat_C2_L2,regimeB_v0_RS_t0,RS_t0_v0
mining,MINE_US_00733,early_restoration,,-0.01768,,S1_VH(pending),0,Landsat_C2_L2,regimeB_v0_RS_t0,RS_t0_v0
mining,MINE_US_00734,degraded,,0.00015,,S1_VH(pending),0,Landsat_C2_L2,regimeB_v0_RS_t0,RS_t0_v0
mining,MINE_US_00735,early_restoration,,0.00628,,S1_VH(pending),0,Landsat_C2_L2,regimeB_v0_RS_t0,RS_t0_v0
mining,MINE_US_00736,stable_restoration,,0.00867,,S1_VH(pending),0,Landsat_C2_L2,regimeB_v0_RS_t0,RS_t0_v0
mining,MINE_US_00737,early_restoration,,0.00647,,S1_VH(pending),0,Landsat_C2_L2,regimeB_v0_RS_t0,RS_t0_v0
mining,MINE_US_00738,stable_restoration,,-0.00771,,S1_VH(pending),0,Landsat_C2_L2,regimeB_v0_RS_t0,RS_t0_v0
mining,MINE_US_00739,degraded,,-6e-05,,S1_VH(pending),0,Landsat_C2_L2,regimeB_v0_RS_t0,RS_t0_v0
mining,MINE_US_00740,degraded,,0.00308,,S1_VH(pending),0,Landsat_C2_L2,regimeB_v0_RS_t0,RS_t0_v0
mining,MINE_US_00741,degraded,,0.00249,,S1_VH(pending),0,Landsat_C2_L2,regimeB_v0_RS_t0,RS_t0_v0
mining,MINE_US_00742,degraded,,0.00034,,S1_VH(pending),0,Landsat_C2_L2,regimeB_v0_RS_t0,RS_t0_v0
mining,MINE_US_00743,degraded,,0.00104,,S1_VH(pending),0,Landsat_C2_L2,regimeB_v0_RS_t0,RS_t0_v0
mining,MINE_US_00744,early_restoration,,0.00089,,S1_VH(pending),0,Landsat_C2_L2,regimeB_v0_RS_t0,RS_t0_v0
mining,MINE_US_00745,degraded,,0.00114,,S1_VH(pending),0,Landsat_C2_L2,regimeB_v0_RS_t0,RS_t0_v0
mining,MINE_US_00746,early_restoration,,0.00378,,S1_VH(pending),0,Landsat_C2_L2,regimeB_v0_RS_t0,RS_t0_v0
mining,MINE_US_00747,degraded,,-0.00137,,S1_VH(pending),0,Landsat_C2_L2,regimeB_v0_RS_t0,RS_t0_v0
mining,MINE_US_00748,degraded,,0.00231,,S1_VH(pending),0,Landsat_C2_L2,regimeB_v0_RS_t0,RS_t0_v0
mining,MINE_US_00749,stable_restoration,,-0.00548,,S1_VH(pending),0,Landsat_C2_L2,regimeB_v0_RS_t0,RS_t0_v0
mining,MINE_US_00750,early_restoration,,-0.00708,,S1_VH(pending),0,Landsat_C2_L2,regimeB_v0_RS_t0,RS_t0_v0
mining,MINE_US_00751,early_restoration,,-0.01324,,S1_VH(pending),0,Landsat_C2_L2,regimeB_v0_RS_t0,RS_t0_v0
mining,MINE_US_00752,stable_restoration,,-0.00023,,S1_VH(pending),0,Landsat_C2_L2,regimeB_v0_RS_t0,RS_t0_v0
mining,MINE_US_00753,early_restoration,,-0.01128,,S1_VH(pending),0,Landsat_C2_L2,regimeB_v0_RS_t0,RS_t0_v0
mining,MINE_US_00754,stable_restoration,,-0.01203,,S1_VH(pending),0,Landsat_C2_L2,regimeB_v0_RS_t0,RS_t0_v0
mining,MINE_US_00755,degraded,,0.0015,,S1_VH(pending),0,Landsat_C2_L2,regimeB_v0_RS_t0,RS_t0_v0
mining,MINE_US_00756,early_restoration,,-0.01007,,S1_VH(pending),0,Landsat_C2_L2,regimeB_v0_RS_t0,RS_t0_v0
mining,MINE_US_00757,early_restoration,,0.00455,,S1_VH(pending),0,Landsat_C2_L2,regimeB_v0_RS_t0,RS_t0_v0
mining,MINE_US_00758,early_restoration,,0.00188,,S1_VH(pending),0,Landsat_C2_L2,regimeB_v0_RS_t0,RS_t0_v0
mining,MINE_US_00759,degraded,,0.00227,,S1_VH(pending),0,Landsat_C2_L2,regimeB_v0_RS_t0,RS_t0_v0
mining,MINE_US_00760,stable_restoration,,-0.01085,,S1_VH(pending),0,Landsat_C2_L2,regimeB_v0_RS_t0,RS_t0_v0
mining,MINE_US_00761,stable_restoration,,0.00488,,S1_VH(pending),0,Landsat_C2_L2,regimeB_v0_RS_t0,RS_t0_v0
mining,MINE_US_00762,early_restoration,,-0.02468,,S1_VH(pending),0,Landsat_C2_L2,regimeB_v0_RS_t0,RS_t0_v0
mining,MINE_US_00763,degraded,,0.00095,,S1_VH(pending),0,Landsat_C2_L2,regimeB_v0_RS_t0,RS_t0_v0
mining,MINE_US_00764,stable_restoration,,0.00435,,S1_VH(pending),0,Landsat_C2_L2,regimeB_v0_RS_t0,RS_t0_v0
mining,MINE_US_00765,stable_restoration,,-0.0107,,S1_VH(pending),0,Landsat_C2_L2,regimeB_v0_RS_t0,RS_t0_v0
mining,MINE_US_00766,stable_restoration,,0.00073,,S1_VH(pending),0,Landsat_C2_L2,regimeB_v0_RS_t0,RS_t0_v0
mining,MINE_US_00767,stable_restoration,,0.00272,,S1_VH(pending),0,Landsat_C2_L2,regimeB_v0_RS_t0,RS_t0_v0
mining,MINE_US_00768,early_restoration,,0.00779,,S1_VH(pending),0,Landsat_C2_L2,regimeB_v0_RS_t0,RS_t0_v0
mining,MINE_US_00769,stable_restoration,,0.00356,,S1_VH(pending),0,Landsat_C2_L2,regimeB_v0_RS_t0,RS_t0_v0
mining,MINE_US_00770,stable_restoration,,-0.00537,,S1_VH(pending),0,Landsat_C2_L2,regimeB_v0_RS_t0,RS_t0_v0
mining,MINE_US_00771,degraded,,0.00075,,S1_VH(pending),0,Landsat_C2_L2,regimeB_v0_RS_t0,RS_t0_v0
mining,MINE_US_00772,stable_restoration,,-0.01232,,S1_VH(pending),0,Landsat_C2_L2,regimeB_v0_RS_t0,RS_t0_v0
mining,MINE_US_00773,stable_restoration,,-0.00345,,S1_VH(pending),0,Landsat_C2_L2,regimeB_v0_RS_t0,RS_t0_v0
mining,MINE_US_00774,degraded,,0.00158,,S1_VH(pending),0,Landsat_C2_L2,regimeB_v0_RS_t0,RS_t0_v0
mining,MINE_US_00775,early_restoration,,-0.00187,,S1_VH(pending),0,Landsat_C2_L2,regimeB_v0_RS_t0,RS_t0_v0
mining,MINE_US_00776,degraded,,0.00204,,S1_VH(pending),0,Landsat_C2_L2,regimeB_v0_RS_t0,RS_t0_v0
mining,MINE_US_00777,degraded,,0.00219,,S1_VH(pending),0,Landsat_C2_L2,regimeB_v0_RS_t0,RS_t0_v0
mining,MINE_US_00778,stable_restoration,,-0.01234,,S1_VH(pending),0,Landsat_C2_L2,regimeB_v0_RS_t0,RS_t0_v0
mining,MINE_US_00779,stable_restoration,,0.0039,,S1_VH(pending),0,Landsat_C2_L2,regimeB_v0_RS_t0,RS_t0_v0
mining,MINE_US_00780,stable_restoration,,-0.0072,,S1_VH(pending),0,Landsat_C2_L2,regimeB_v0_RS_t0,RS_t0_v0
mining,MINE_US_00781,stable_restoration,,0.00573,,S1_VH(pending),0,Landsat_C2_L2,regimeB_v0_RS_t0,RS_t0_v0
mining,MINE_US_00782,stable_restoration,,-0.00358,,S1_VH(pending),0,Landsat_C2_L2,regimeB_v0_RS_t0,RS_t0_v0
mining,MINE_US_00783,stable_restoration,,-0.00986,,S1_VH(pending),0,Landsat_C2_L2,regimeB_v0_RS_t0,RS_t0_v0
mining,MINE_US_00784,stable_restoration,,-0.01356,,S1_VH(pending),0,Landsat_C2_L2,regimeB_v0_RS_t0,RS_t0_v0
mining,MINE_US_00785,early_restoration,,-0.00351,,S1_VH(pending),0,Landsat_C2_L2,regimeB_v0_RS_t0,RS_t0_v0
mining,MINE_US_00786,early_restoration,,-0.00059,,S1_VH(pending),0,Landsat_C2_L2,regimeB_v0_RS_t0,RS_t0_v0
mining,MINE_US_00787,stable_restoration,,-0.00668,,S1_VH(pending),0,Landsat_C2_L2,regimeB_v0_RS_t0,RS_t0_v0
mining,MINE_US_00788,early_restoration,,0.00257,,S1_VH(pending),0,Landsat_C2_L2,regimeB_v0_RS_t0,RS_t0_v0
mining,MINE_US_00789,degraded,,0.00237,,S1_VH(pending),0,Landsat_C2_L2,regimeB_v0_RS_t0,RS_t0_v0
mining,MINE_US_00790,stable_restoration,,0.00219,,S1_VH(pending),0,Landsat_C2_L2,regimeB_v0_RS_t0,RS_t0_v0
mining,MINE_US_00791,stable_restoration,,-0.00601,,S1_VH(pending),0,Landsat_C2_L2,regimeB_v0_RS_t0,RS_t0_v0
mining,MINE_US_00792,early_restoration,,0.0012,,S1_VH(pending),0,Landsat_C2_L2,regimeB_v0_RS_t0,RS_t0_v0
mining,MINE_US_00793,early_restoration,,-0.00935,,S1_VH(pending),0,Landsat_C2_L2,regimeB_v0_RS_t0,RS_t0_v0
mining,MINE_US_00794,stable_restoration,,-0.00753,,S1_VH(pending),0,Landsat_C2_L2,regimeB_v0_RS_t0,RS_t0_v0
mining,MINE_US_00795,stable_restoration,,-0.00137,,S1_VH(pending),0,Landsat_C2_L2,regimeB_v0_RS_t0,RS_t0_v0
mining,MINE_US_00796,early_restoration,,0.00469,,S1_VH(pending),0,Landsat_C2_L2,regimeB_v0_RS_t0,RS_t0_v0
mining,MINE_US_00797,early_restoration,,-0.00616,,S1_VH(pending),0,Landsat_C2_L2,regimeB_v0_RS_t0,RS_t0_v0
mining,MINE_US_00798,stable_restoration,,0.01085,,S1_VH(pending),0,Landsat_C2_L2,regimeB_v0_RS_t0,RS_t0_v0
mining,MINE_US_00799,degraded,,0.00253,,S1_VH(pending),0,Landsat_C2_L2,regimeB_v0_RS_t0,RS_t0_v0
mining,MINE_US_00800,early_restoration,,-0.02483,,S1_VH(pending),0,Landsat_C2_L2,regimeB_v0_RS_t0,RS_t0_v0
mining,MINE_US_00801,early_restoration,,0.00545,,S1_VH(pending),0,Landsat_C2_L2,regimeB_v0_RS_t0,RS_t0_v0
mining,MINE_US_00802,stable_restoration,,0.00243,,S1_VH(pending),0,Landsat_C2_L2,regimeB_v0_RS_t0,RS_t0_v0
mining,MINE_US_00803,early_restoration,,0.00193,,S1_VH(pending),0,Landsat_C2_L2,regimeB_v0_RS_t0,RS_t0_v0
mining,MINE_US_00804,early_restoration,,0.00428,,S1_VH(pending),0,Landsat_C2_L2,regimeB_v0_RS_t0,RS_t0_v0
mining,MINE_US_00805,stable_restoration,,-0.002,,S1_VH(pending),0,Landsat_C2_L2,regimeB_v0_RS_t0,RS_t0_v0
mining,MINE_US_00806,stable_restoration,,-0.00513,,S1_VH(pending),0,Landsat_C2_L2,regimeB_v0_RS_t0,RS_t0_v0
mining,MINE_US_00807,early_restoration,,-0.01509,,S1_VH(pending),0,Landsat_C2_L2,regimeB_v0_RS_t0,RS_t0_v0
mining,MINE_US_00808,stable_restoration,,-0.00545,,S1_VH(pending),0,Landsat_C2_L2,regimeB_v0_RS_t0,RS_t0_v0
mining,MINE_US_00809,degraded,,9e-05,,S1_VH(pending),0,Landsat_C2_L2,regimeB_v0_RS_t0,RS_t0_v0
mining,MINE_US_00810,stable_restoration,,0.00635,,S1_VH(pending),0,Landsat_C2_L2,regimeB_v0_RS_t0,RS_t0_v0
mining,MINE_US_00811,stable_restoration,,0.00163,,S1_VH(pending),0,Landsat_C2_L2,regimeB_v0_RS_t0,RS_t0_v0
mining,MINE_US_00812,stable_restoration,,-0.00336,,S1_VH(pending),0,Landsat_C2_L2,regimeB_v0_RS_t0,RS_t0_v0
mining,MINE_US_00813,early_restoration,,0.00432,,S1_VH(pending),0,Landsat_C2_L2,regimeB_v0_RS_t0,RS_t0_v0
mining,MINE_US_00814,degraded,,0.0015,,S1_VH(pending),0,Landsat_C2_L2,regimeB_v0_RS_t0,RS_t0_v0
mining,MINE_US_00815,degraded,,0.00013,,S1_VH(pending),0,Landsat_C2_L2,regimeB_v0_RS_t0,RS_t0_v0
mining,MINE_US_00816,early_restoration,,-0.0035,,S1_VH(pending),0,Landsat_C2_L2,regimeB_v0_RS_t0,RS_t0_v0
mining,MINE_US_00817,stable_restoration,,0.00137,,S1_VH(pending),0,Landsat_C2_L2,regimeB_v0_RS_t0,RS_t0_v0
mining,MINE_US_00818,degraded,,0.00114,,S1_VH(pending),0,Landsat_C2_L2,regimeB_v0_RS_t0,RS_t0_v0
mining,MINE_US_00819,stable_restoration,,-0.00923,,S1_VH(pending),0,Landsat_C2_L2,regimeB_v0_RS_t0,RS_t0_v0
mining,MINE_US_00820,early_restoration,,-0.00028,,S1_VH(pending),0,Landsat_C2_L2,regimeB_v0_RS_t0,RS_t0_v0
mining,MINE_US_00821,early_restoration,,0.00403,,S1_VH(pending),0,Landsat_C2_L2,regimeB_v0_RS_t0,RS_t0_v0
mining,MINE_US_00822,degraded,,0.00232,,S1_VH(pending),0,Landsat_C2_L2,regimeB_v0_RS_t0,RS_t0_v0
mining,MINE_US_00823,degraded,,0.00271,,S1_VH(pending),0,Landsat_C2_L2,regimeB_v0_RS_t0,RS_t0_v0
mining,MINE_US_00824,early_restoration,,-0.00189,,S1_VH(pending),0,Landsat_C2_L2,regimeB_v0_RS_t0,RS_t0_v0
mining,MINE_US_00825,degraded,,0.00158,,S1_VH(pending),0,Landsat_C2_L2,regimeB_v0_RS_t0,RS_t0_v0
mining,MINE_US_00826,early_restoration,,-0.00237,,S1_VH(pending),0,Landsat_C2_L2,regimeB_v0_RS_t0,RS_t0_v0
mining,MINE_US_00827,stable_restoration,,-0.00226,,S1_VH(pending),0,Landsat_C2_L2,regimeB_v0_RS_t0,RS_t0_v0
mining,MINE_US_00828,stable_restoration,,-0.02064,,S1_VH(pending),0,Landsat_C2_L2,regimeB_v0_RS_t0,RS_t0_v0
mining,MINE_US_00829,stable_restoration,,-0.00201,,S1_VH(pending),0,Landsat_C2_L2,regimeB_v0_RS_t0,RS_t0_v0
mining,MINE_US_00830,stable_restoration,,-0.00393,,S1_VH(pending),0,Landsat_C2_L2,regimeB_v0_RS_t0,RS_t0_v0
mining,MINE_US_00831,early_restoration,,-0.01408,,S1_VH(pending),0,Landsat_C2_L2,regimeB_v0_RS_t0,RS_t0_v0
mining,MINE_US_00832,early_restoration,,-0.00025,,S1_VH(pending),0,Landsat_C2_L2,regimeB_v0_RS_t0,RS_t0_v0
mining,MINE_US_00833,stable_restoration,,-0.00367,,S1_VH(pending),0,Landsat_C2_L2,regimeB_v0_RS_t0,RS_t0_v0
mining,MINE_US_00834,stable_restoration,,0.00482,,S1_VH(pending),0,Landsat_C2_L2,regimeB_v0_RS_t0,RS_t0_v0
mining,MINE_US_00835,degraded,,0.00115,,S1_VH(pending),0,Landsat_C2_L2,regimeB_v0_RS_t0,RS_t0_v0
mining,MINE_US_00836,early_restoration,,-0.00175,,S1_VH(pending),0,Landsat_C2_L2,regimeB_v0_RS_t0,RS_t0_v0
mining,MINE_US_00837,early_restoration,,0.00071,,S1_VH(pending),0,Landsat_C2_L2,regimeB_v0_RS_t0,RS_t0_v0
mining,MINE_US_00838,degraded,,0.00036,,S1_VH(pending),0,Landsat_C2_L2,regimeB_v0_RS_t0,RS_t0_v0
mining,MINE_US_00839,degraded,,0.00066,,S1_VH(pending),0,Landsat_C2_L2,regimeB_v0_RS_t0,RS_t0_v0
mining,MINE_US_00840,degraded,,0.00212,,S1_VH(pending),0,Landsat_C2_L2,regimeB_v0_RS_t0,RS_t0_v0
mining,MINE_US_00841,degraded,,0.00233,,S1_VH(pending),0,Landsat_C2_L2,regimeB_v0_RS_t0,RS_t0_v0
mining,MINE_US_00842,stable_restoration,,-0.00405,,S1_VH(pending),0,Landsat_C2_L2,regimeB_v0_RS_t0,RS_t0_v0
mining,MINE_US_00843,degraded,,0.00149,,S1_VH(pending),0,Landsat_C2_L2,regimeB_v0_RS_t0,RS_t0_v0
mining,MINE_US_00844,early_restoration,,-0.0118,,S1_VH(pending),0,Landsat_C2_L2,regimeB_v0_RS_t0,RS_t0_v0
mining,MINE_US_00845,stable_restoration,,-0.00609,,S1_VH(pending),0,Landsat_C2_L2,regimeB_v0_RS_t0,RS_t0_v0
mining,MINE_US_00846,early_restoration,,0.0079,,S1_VH(pending),0,Landsat_C2_L2,regimeB_v0_RS_t0,RS_t0_v0
mining,MINE_US_00847,degraded,,0.00213,,S1_VH(pending),0,Landsat_C2_L2,regimeB_v0_RS_t0,RS_t0_v0
mining,MINE_US_00848,degraded,,0.00184,,S1_VH(pending),0,Landsat_C2_L2,regimeB_v0_RS_t0,RS_t0_v0
mining,MINE_US_00849,early_restoration,,0.00102,,S1_VH(pending),0,Landsat_C2_L2,regimeB_v0_RS_t0,RS_t0_v0
mining,MINE_US_00850,early_restoration,,-0.00838,,S1_VH(pending),0,Landsat_C2_L2,regimeB_v0_RS_t0,RS_t0_v0
mining,MINE_US_00851,stable_restoration,,0.00255,,S1_VH(pending),0,Landsat_C2_L2,regimeB_v0_RS_t0,RS_t0_v0
mining,MINE_US_00852,degraded,,0.00824,,S1_VH(pending),0,Landsat_C2_L2,regimeB_v0_RS_t0,RS_t0_v0
mining,MINE_US_00853,stable_restoration,,0.00834,,S1_VH(pending),0,Landsat_C2_L2,regimeB_v0_RS_t0,RS_t0_v0
mining,MINE_US_00854,degraded,,0.0009,,S1_VH(pending),0,Landsat_C2_L2,regimeB_v0_RS_t0,RS_t0_v0
mining,MINE_US_00855,stable_restoration,,0.00079,,S1_VH(pending),0,Landsat_C2_L2,regimeB_v0_RS_t0,RS_t0_v0
mining,MINE_US_00856,early_restoration,,0.00309,,S1_VH(pending),0,Landsat_C2_L2,regimeB_v0_RS_t0,RS_t0_v0
mining,MINE_US_00857,degraded,,0.00022,,S1_VH(pending),0,Landsat_C2_L2,regimeB_v0_RS_t0,RS_t0_v0
mining,MINE_US_00858,stable_restoration,,0.01028,,S1_VH(pending),0,Landsat_C2_L2,regimeB_v0_RS_t0,RS_t0_v0
mining,MINE_US_00859,stable_restoration,,-0.00424,,S1_VH(pending),0,Landsat_C2_L2,regimeB_v0_RS_t0,RS_t0_v0
mining,MINE_US_00860,stable_restoration,,0.00442,,S1_VH(pending),0,Landsat_C2_L2,regimeB_v0_RS_t0,RS_t0_v0
mining,MINE_US_00861,early_restoration,,0.0043,,S1_VH(pending),0,Landsat_C2_L2,regimeB_v0_RS_t0,RS_t0_v0
mining,MINE_US_00862,stable_restoration,,-0.0108,,S1_VH(pending),0,Landsat_C2_L2,regimeB_v0_RS_t0,RS_t0_v0
mining,MINE_US_00863,stable_restoration,,0.00299,,S1_VH(pending),0,Landsat_C2_L2,regimeB_v0_RS_t0,RS_t0_v0
mining,MINE_US_00864,early_restoration,,-0.01017,,S1_VH(pending),0,Landsat_C2_L2,regimeB_v0_RS_t0,RS_t0_v0
mining,MINE_US_00865,early_restoration,,0.00415,,S1_VH(pending),0,Landsat_C2_L2,regimeB_v0_RS_t0,RS_t0_v0
mining,MINE_US_00866,stable_restoration,,-0.00255,,S1_VH(pending),0,Landsat_C2_L2,regimeB_v0_RS_t0,RS_t0_v0
mining,MINE_US_00867,early_restoration,,-0.00954,,S1_VH(pending),0,Landsat_C2_L2,regimeB_v0_RS_t0,RS_t0_v0
mining,MINE_US_00868,early_restoration,,0.00866,,S1_VH(pending),0,Landsat_C2_L2,regimeB_v0_RS_t0,RS_t0_v0
mining,MINE_US_00869,early_restoration,,0.00453,,S1_VH(pending),0,Landsat_C2_L2,regimeB_v0_RS_t0,RS_t0_v0
mining,MINE_US_00870,stable_restoration,,0.00038,,S1_VH(pending),0,Landsat_C2_L2,regimeB_v0_RS_t0,RS_t0_v0
mining,MINE_US_00871,early_restoration,,0.00052,,S1_VH(pending),0,Landsat_C2_L2,regimeB_v0_RS_t0,RS_t0_v0
mining,MINE_US_00872,early_restoration,,-0.0062,,S1_VH(pending),0,Landsat_C2_L2,regimeB_v0_RS_t0,RS_t0_v0
mining,MINE_US_00873,early_restoration,,0.00335,,S1_VH(pending),0,Landsat_C2_L2,regimeB_v0_RS_t0,RS_t0_v0
mining,MINE_US_00874,stable_restoration,,-0.0037,,S1_VH(pending),0,Landsat_C2_L2,regimeB_v0_RS_t0,RS_t0_v0
mining,MINE_US_00875,early_restoration,,-0.0024,,S1_VH(pending),0,Landsat_C2_L2,regimeB_v0_RS_t0,RS_t0_v0
mining,MINE_US_00876,stable_restoration,,0.0024,,S1_VH(pending),0,Landsat_C2_L2,regimeB_v0_RS_t0,RS_t0_v0
mining,MINE_US_00877,degraded,,0.00054,,S1_VH(pending),0,Landsat_C2_L2,regimeB_v0_RS_t0,RS_t0_v0
mining,MINE_US_00878,early_restoration,,-0.0119,,S1_VH(pending),0,Landsat_C2_L2,regimeB_v0_RS_t0,RS_t0_v0
mining,MINE_US_00879,degraded,,0.00163,,S1_VH(pending),0,Landsat_C2_L2,regimeB_v0_RS_t0,RS_t0_v0
mining,MINE_US_00880,stable_restoration,,-0.01222,,S1_VH(pending),0,Landsat_C2_L2,regimeB_v0_RS_t0,RS_t0_v0
mining,MINE_US_00881,early_restoration,,0.00355,,S1_VH(pending),0,Landsat_C2_L2,regimeB_v0_RS_t0,RS_t0_v0
mining,MINE_US_00882,early_restoration,,-0.01512,,S1_VH(pending),0,Landsat_C2_L2,regimeB_v0_RS_t0,RS_t0_v0
mining,MINE_US_00883,stable_restoration,,0.00087,,S1_VH(pending),0,Landsat_C2_L2,regimeB_v0_RS_t0,RS_t0_v0
mining,MINE_US_00884,early_restoration,,-0.01356,,S1_VH(pending),0,Landsat_C2_L2,regimeB_v0_RS_t0,RS_t0_v0
mining,MINE_US_00885,early_restoration,,-0.02082,,S1_VH(pending),0,Landsat_C2_L2,regimeB_v0_RS_t0,RS_t0_v0
mining,MINE_US_00886,stable_restoration,,0.00699,,S1_VH(pending),0,Landsat_C2_L2,regimeB_v0_RS_t0,RS_t0_v0
mining,MINE_US_00887,early_restoration,,-0.0057,,S1_VH(pending),0,Landsat_C2_L2,regimeB_v0_RS_t0,RS_t0_v0
mining,MINE_US_00888,degraded,,0.00117,,S1_VH(pending),0,Landsat_C2_L2,regimeB_v0_RS_t0,RS_t0_v0
mining,MINE_US_00889,stable_restoration,,-0.00123,,S1_VH(pending),0,Landsat_C2_L2,regimeB_v0_RS_t0,RS_t0_v0
mining,MINE_US_00890,stable_restoration,,0.00229,,S1_VH(pending),0,Landsat_C2_L2,regimeB_v0_RS_t0,RS_t0_v0
mining,MINE_US_00891,early_restoration,,-0.00874,,S1_VH(pending),0,Landsat_C2_L2,regimeB_v0_RS_t0,RS_t0_v0
mining,MINE_US_00892,early_restoration,,-0.00462,,S1_VH(pending),0,Landsat_C2_L2,regimeB_v0_RS_t0,RS_t0_v0
mining,MINE_US_00893,early_restoration,,0.00167,,S1_VH(pending),0,Landsat_C2_L2,regimeB_v0_RS_t0,RS_t0_v0
mining,MINE_US_00894,stable_restoration,,0.00071,,S1_VH(pending),0,Landsat_C2_L2,regimeB_v0_RS_t0,RS_t0_v0
mining,MINE_US_00895,early_restoration,,-0.02861,,S1_VH(pending),0,Landsat_C2_L2,regimeB_v0_RS_t0,RS_t0_v0
mining,MINE_US_00896,degraded,,0.00034,,S1_VH(pending),0,Landsat_C2_L2,regimeB_v0_RS_t0,RS_t0_v0
mining,MINE_US_00897,degraded,,-0.00315,,S1_VH(pending),0,Landsat_C2_L2,regimeB_v0_RS_t0,RS_t0_v0
mining,MINE_US_00898,degraded,,0.0013,,S1_VH(pending),0,Landsat_C2_L2,regimeB_v0_RS_t0,RS_t0_v0
mining,MINE_US_00899,stable_restoration,,-0.00151,,S1_VH(pending),0,Landsat_C2_L2,regimeB_v0_RS_t0,RS_t0_v0
mining,MINE_US_00900,degraded,,0.00095,,S1_VH(pending),0,Landsat_C2_L2,regimeB_v0_RS_t0,RS_t0_v0
mining,MINE_US_00901,early_restoration,,-0.00359,,S1_VH(pending),0,Landsat_C2_L2,regimeB_v0_RS_t0,RS_t0_v0
mining,MINE_US_00902,early_restoration,,0.00924,,S1_VH(pending),0,Landsat_C2_L2,regimeB_v0_RS_t0,RS_t0_v0
mining,MINE_US_00903,degraded,,0.00166,,S1_VH(pending),0,Landsat_C2_L2,regimeB_v0_RS_t0,RS_t0_v0
mining,MINE_US_00904,stable_restoration,,0.00107,,S1_VH(pending),0,Landsat_C2_L2,regimeB_v0_RS_t0,RS_t0_v0
mining,MINE_US_00905,stable_restoration,,0.00366,,S1_VH(pending),0,Landsat_C2_L2,regimeB_v0_RS_t0,RS_t0_v0
mining,MINE_US_00906,early_restoration,,-0.00782,,S1_VH(pending),0,Landsat_C2_L2,regimeB_v0_RS_t0,RS_t0_v0
mining,MINE_US_00907,stable_restoration,,-0.00315,,S1_VH(pending),0,Landsat_C2_L2,regimeB_v0_RS_t0,RS_t0_v0
mining,MINE_US_00908,degraded,,0.00176,,S1_VH(pending),0,Landsat_C2_L2,regimeB_v0_RS_t0,RS_t0_v0
mining,MINE_US_00909,stable_restoration,,0.00036,,S1_VH(pending),0,Landsat_C2_L2,regimeB_v0_RS_t0,RS_t0_v0
mining,MINE_US_00910,degraded,,0.00181,,S1_VH(pending),0,Landsat_C2_L2,regimeB_v0_RS_t0,RS_t0_v0
mining,MINE_US_00911,degraded,,-0.00136,,S1_VH(pending),0,Landsat_C2_L2,regimeB_v0_RS_t0,RS_t0_v0
mining,MINE_US_00912,stable_restoration,,0.0061,,S1_VH(pending),0,Landsat_C2_L2,regimeB_v0_RS_t0,RS_t0_v0
mining,MINE_US_00913,stable_restoration,,-0.01073,,S1_VH(pending),0,Landsat_C2_L2,regimeB_v0_RS_t0,RS_t0_v0
mining,MINE_US_00914,stable_restoration,,-0.0127,,S1_VH(pending),0,Landsat_C2_L2,regimeB_v0_RS_t0,RS_t0_v0
mining,MINE_US_00915,stable_restoration,,-0.00481,,S1_VH(pending),0,Landsat_C2_L2,regimeB_v0_RS_t0,RS_t0_v0
mining,MINE_US_00916,degraded,,0.00032,,S1_VH(pending),0,Landsat_C2_L2,regimeB_v0_RS_t0,RS_t0_v0
mining,MINE_US_00917,early_restoration,,0.002,,S1_VH(pending),0,Landsat_C2_L2,regimeB_v0_RS_t0,RS_t0_v0
mining,MINE_US_00918,degraded,,-0.00606,,S1_VH(pending),0,Landsat_C2_L2,regimeB_v0_RS_t0,RS_t0_v0
mining,MINE_US_00919,stable_restoration,,-0.00367,,S1_VH(pending),0,Landsat_C2_L2,regimeB_v0_RS_t0,RS_t0_v0
mining,MINE_US_00920,stable_restoration,,-0.00455,,S1_VH(pending),0,Landsat_C2_L2,regimeB_v0_RS_t0,RS_t0_v0
mining,MINE_US_00921,early_restoration,,-0.01711,,S1_VH(pending),0,Landsat_C2_L2,regimeB_v0_RS_t0,RS_t0_v0
mining,MINE_US_00922,degraded,,0.00232,,S1_VH(pending),0,Landsat_C2_L2,regimeB_v0_RS_t0,RS_t0_v0
mining,MINE_US_00923,degraded,,0.00133,,S1_VH(pending),0,Landsat_C2_L2,regimeB_v0_RS_t0,RS_t0_v0
mining,MINE_US_00924,stable_restoration,,-0.00564,,S1_VH(pending),0,Landsat_C2_L2,regimeB_v0_RS_t0,RS_t0_v0
mining,MINE_US_00925,degraded,,0.00146,,S1_VH(pending),0,Landsat_C2_L2,regimeB_v0_RS_t0,RS_t0_v0
mining,MINE_US_00926,early_restoration,,0.00347,,S1_VH(pending),0,Landsat_C2_L2,regimeB_v0_RS_t0,RS_t0_v0
mining,MINE_US_00927,degraded,,0.00182,,S1_VH(pending),0,Landsat_C2_L2,regimeB_v0_RS_t0,RS_t0_v0
mining,MINE_US_00928,degraded,,0.00116,,S1_VH(pending),0,Landsat_C2_L2,regimeB_v0_RS_t0,RS_t0_v0
mining,MINE_US_00929,stable_restoration,,0.00171,,S1_VH(pending),0,Landsat_C2_L2,regimeB_v0_RS_t0,RS_t0_v0
mining,MINE_US_00930,stable_restoration,,-0.01403,,S1_VH(pending),0,Landsat_C2_L2,regimeB_v0_RS_t0,RS_t0_v0
mining,MINE_US_00931,degraded,,8e-05,,S1_VH(pending),0,Landsat_C2_L2,regimeB_v0_RS_t0,RS_t0_v0
mining,MINE_US_00932,early_restoration,,0.00137,,S1_VH(pending),0,Landsat_C2_L2,regimeB_v0_RS_t0,RS_t0_v0
mining,MINE_US_00933,early_restoration,,-0.02485,,S1_VH(pending),0,Landsat_C2_L2,regimeB_v0_RS_t0,RS_t0_v0
mining,MINE_US_00934,stable_restoration,,-0.013,,S1_VH(pending),0,Landsat_C2_L2,regimeB_v0_RS_t0,RS_t0_v0
mining,MINE_US_00935,stable_restoration,,-0.01327,,S1_VH(pending),0,Landsat_C2_L2,regimeB_v0_RS_t0,RS_t0_v0
mining,MINE_US_00936,early_restoration,,0.0053,,S1_VH(pending),0,Landsat_C2_L2,regimeB_v0_RS_t0,RS_t0_v0
mining,MINE_US_00937,stable_restoration,,0.00278,,S1_VH(pending),0,Landsat_C2_L2,regimeB_v0_RS_t0,RS_t0_v0
mining,MINE_US_00938,degraded,,-0.00545,,S1_VH(pending),0,Landsat_C2_L2,regimeB_v0_RS_t0,RS_t0_v0
mining,MINE_US_00939,early_restoration,,-0.01409,,S1_VH(pending),0,Landsat_C2_L2,regimeB_v0_RS_t0,RS_t0_v0
mining,MINE_US_00940,stable_restoration,,0.00822,,S1_VH(pending),0,Landsat_C2_L2,regimeB_v0_RS_t0,RS_t0_v0
mining,MINE_US_00941,degraded,,0.00204,,S1_VH(pending),0,Landsat_C2_L2,regimeB_v0_RS_t0,RS_t0_v0
mining,MINE_US_00942,stable_restoration,,0.00957,,S1_VH(pending),0,Landsat_C2_L2,regimeB_v0_RS_t0,RS_t0_v0
mining,MINE_US_00943,stable_restoration,,0.0022,,S1_VH(pending),0,Landsat_C2_L2,regimeB_v0_RS_t0,RS_t0_v0
mining,MINE_US_00944,early_restoration,,0.00728,,S1_VH(pending),0,Landsat_C2_L2,regimeB_v0_RS_t0,RS_t0_v0
mining,MINE_US_00945,early_restoration,,-0.00563,,S1_VH(pending),0,Landsat_C2_L2,regimeB_v0_RS_t0,RS_t0_v0
mining,MINE_US_00946,stable_restoration,,-0.0062,,S1_VH(pending),0,Landsat_C2_L2,regimeB_v0_RS_t0,RS_t0_v0
mining,MINE_US_00947,stable_restoration,,-0.01853,,S1_VH(pending),0,Landsat_C2_L2,regimeB_v0_RS_t0,RS_t0_v0
mining,MINE_US_00948,stable_restoration,,0.00578,,S1_VH(pending),0,Landsat_C2_L2,regimeB_v0_RS_t0,RS_t0_v0
mining,MINE_US_00949,degraded,,-0.00021,,S1_VH(pending),0,Landsat_C2_L2,regimeB_v0_RS_t0,RS_t0_v0
mining,MINE_US_00950,stable_restoration,,0.00242,,S1_VH(pending),0,Landsat_C2_L2,regimeB_v0_RS_t0,RS_t0_v0
mining,MINE_US_00951,degraded,,0.00033,,S1_VH(pending),0,Landsat_C2_L2,regimeB_v0_RS_t0,RS_t0_v0
mining,MINE_US_00952,early_restoration,,0.00297,,S1_VH(pending),0,Landsat_C2_L2,regimeB_v0_RS_t0,RS_t0_v0
mining,MINE_US_00953,stable_restoration,,0.0047,,S1_VH(pending),0,Landsat_C2_L2,regimeB_v0_RS_t0,RS_t0_v0
mining,MINE_US_00954,stable_restoration,,-0.00814,,S1_VH(pending),0,Landsat_C2_L2,regimeB_v0_RS_t0,RS_t0_v0
mining,MINE_US_00955,stable_restoration,,-0.00319,,S1_VH(pending),0,Landsat_C2_L2,regimeB_v0_RS_t0,RS_t0_v0
mining,MINE_US_00956,stable_restoration,,-0.0108,,S1_VH(pending),0,Landsat_C2_L2,regimeB_v0_RS_t0,RS_t0_v0
mining,MINE_US_00957,stable_restoration,,-0.00845,,S1_VH(pending),0,Landsat_C2_L2,regimeB_v0_RS_t0,RS_t0_v0
mining,MINE_US_00958,stable_restoration,,-0.01905,,S1_VH(pending),0,Landsat_C2_L2,regimeB_v0_RS_t0,RS_t0_v0
mining,MINE_US_00959,stable_restoration,,-0.00258,,S1_VH(pending),0,Landsat_C2_L2,regimeB_v0_RS_t0,RS_t0_v0
mining,MINE_US_00960,degraded,,0.00261,,S1_VH(pending),0,Landsat_C2_L2,regimeB_v0_RS_t0,RS_t0_v0
mining,MINE_US_00961,degraded,,0.00311,,S1_VH(pending),0,Landsat_C2_L2,regimeB_v0_RS_t0,RS_t0_v0
mining,MINE_US_00962,early_restoration,,0.00129,,S1_VH(pending),0,Landsat_C2_L2,regimeB_v0_RS_t0,RS_t0_v0
mining,MINE_US_00963,stable_restoration,,-0.01259,,S1_VH(pending),0,Landsat_C2_L2,regimeB_v0_RS_t0,RS_t0_v0
mining,MINE_US_00964,degraded,,0.00036,,S1_VH(pending),0,Landsat_C2_L2,regimeB_v0_RS_t0,RS_t0_v0
mining,MINE_US_00965,stable_restoration,,0.00498,,S1_VH(pending),0,Landsat_C2_L2,regimeB_v0_RS_t0,RS_t0_v0
mining,MINE_US_00966,stable_restoration,,-0.01654,,S1_VH(pending),0,Landsat_C2_L2,regimeB_v0_RS_t0,RS_t0_v0
mining,MINE_US_00967,degraded,,0.00091,,S1_VH(pending),0,Landsat_C2_L2,regimeB_v0_RS_t0,RS_t0_v0
mining,MINE_US_00968,early_restoration,,0.00331,,S1_VH(pending),0,Landsat_C2_L2,regimeB_v0_RS_t0,RS_t0_v0
mining,MINE_US_00969,degraded,,0.00165,,S1_VH(pending),0,Landsat_C2_L2,regimeB_v0_RS_t0,RS_t0_v0
mining,MINE_US_00970,degraded,,0.00252,,S1_VH(pending),0,Landsat_C2_L2,regimeB_v0_RS_t0,RS_t0_v0
mining,MINE_US_00971,degraded,,0.00118,,S1_VH(pending),0,Landsat_C2_L2,regimeB_v0_RS_t0,RS_t0_v0
mining,MINE_US_00972,early_restoration,,0.00323,,S1_VH(pending),0,Landsat_C2_L2,regimeB_v0_RS_t0,RS_t0_v0
mining,MINE_US_00973,early_restoration,,0.00226,,S1_VH(pending),0,Landsat_C2_L2,regimeB_v0_RS_t0,RS_t0_v0
mining,MINE_US_00974,stable_restoration,,0.00661,,S1_VH(pending),0,Landsat_C2_L2,regimeB_v0_RS_t0,RS_t0_v0
mining,MINE_US_00975,stable_restoration,,-0.00047,,S1_VH(pending),0,Landsat_C2_L2,regimeB_v0_RS_t0,RS_t0_v0
mining,MINE_US_00976,stable_restoration,,-0.01381,,S1_VH(pending),0,Landsat_C2_L2,regimeB_v0_RS_t0,RS_t0_v0
mining,MINE_US_00977,stable_restoration,,-0.0029,,S1_VH(pending),0,Landsat_C2_L2,regimeB_v0_RS_t0,RS_t0_v0
mining,MINE_US_00978,degraded,,0.00131,,S1_VH(pending),0,Landsat_C2_L2,regimeB_v0_RS_t0,RS_t0_v0
mining,MINE_US_00979,stable_restoration,,-0.00589,,S1_VH(pending),0,Landsat_C2_L2,regimeB_v0_RS_t0,RS_t0_v0
mining,MINE_US_00980,early_restoration,,-0.00506,,S1_VH(pending),0,Landsat_C2_L2,regimeB_v0_RS_t0,RS_t0_v0
mining,MINE_US_00981,early_restoration,,0.00254,,S1_VH(pending),0,Landsat_C2_L2,regimeB_v0_RS_t0,RS_t0_v0
mining,MINE_US_00982,early_restoration,,-0.00606,,S1_VH(pending),0,Landsat_C2_L2,regimeB_v0_RS_t0,RS_t0_v0
mining,MINE_US_00983,stable_restoration,,-0.01167,,S1_VH(pending),0,Landsat_C2_L2,regimeB_v0_RS_t0,RS_t0_v0
mining,MINE_US_00984,degraded,,-0.00063,,S1_VH(pending),0,Landsat_C2_L2,regimeB_v0_RS_t0,RS_t0_v0
mining,MINE_US_00985,stable_restoration,,0.00863,,S1_VH(pending),0,Landsat_C2_L2,regimeB_v0_RS_t0,RS_t0_v0
mining,MINE_US_00986,stable_restoration,,-0.00839,,S1_VH(pending),0,Landsat_C2_L2,regimeB_v0_RS_t0,RS_t0_v0
mining,MINE_US_00987,degraded,,-0.00107,,S1_VH(pending),0,Landsat_C2_L2,regimeB_v0_RS_t0,RS_t0_v0
mining,MINE_US_00988,early_restoration,,-0.02296,,S1_VH(pending),0,Landsat_C2_L2,regimeB_v0_RS_t0,RS_t0_v0
mining,MINE_US_00989,early_restoration,,0.00086,,S1_VH(pending),0,Landsat_C2_L2,regimeB_v0_RS_t0,RS_t0_v0
mining,MINE_US_00990,stable_restoration,,0.00618,,S1_VH(pending),0,Landsat_C2_L2,regimeB_v0_RS_t0,RS_t0_v0
mining,MINE_US_00991,degraded,,0.00123,,S1_VH(pending),0,Landsat_C2_L2,regimeB_v0_RS_t0,RS_t0_v0
mining,MINE_US_00992,early_restoration,,0.00091,,S1_VH(pending),0,Landsat_C2_L2,regimeB_v0_RS_t0,RS_t0_v0
mining,MINE_US_00993,degraded,,0.00135,,S1_VH(pending),0,Landsat_C2_L2,regimeB_v0_RS_t0,RS_t0_v0
mining,MINE_US_00994,stable_restoration,,0.00285,,S1_VH(pending),0,Landsat_C2_L2,regimeB_v0_RS_t0,RS_t0_v0
mining,MINE_US_00995,early_restoration,,0.0029,,S1_VH(pending),0,Landsat_C2_L2,regimeB_v0_RS_t0,RS_t0_v0
mining,MINE_US_00996,degraded,,0.00167,,S1_VH(pending),0,Landsat_C2_L2,regimeB_v0_RS_t0,RS_t0_v0
mining,MINE_US_00997,stable_restoration,,0.00226,,S1_VH(pending),0,Landsat_C2_L2,regimeB_v0_RS_t0,RS_t0_v0
mining,MINE_US_00998,stable_restoration,,0.00823,,S1_VH(pending),0,Landsat_C2_L2,regimeB_v0_RS_t0,RS_t0_v0
mining,MINE_US_00999,stable_restoration,,0.00013,,S1_VH(pending),0,Landsat_C2_L2,regimeB_v0_RS_t0,RS_t0_v0
mining,MINE_US_01000,early_restoration,,0.00179,,S1_VH(pending),0,Landsat_C2_L2,regimeB_v0_RS_t0,RS_t0_v0
mining,MINE_US_01001,early_restoration,,-0.00306,,S1_VH(pending),0,Landsat_C2_L2,regimeB_v0_RS_t0,RS_t0_v0
mining,MINE_US_01002,degraded,,0.00214,,S1_VH(pending),0,Landsat_C2_L2,regimeB_v0_RS_t0,RS_t0_v0
mining,MINE_US_01003,stable_restoration,,0.00136,,S1_VH(pending),0,Landsat_C2_L2,regimeB_v0_RS_t0,RS_t0_v0
mining,MINE_US_01004,early_restoration,,0.00721,,S1_VH(pending),0,Landsat_C2_L2,regimeB_v0_RS_t0,RS_t0_v0
mining,MINE_US_01005,degraded,,-0.00034,,S1_VH(pending),0,Landsat_C2_L2,regimeB_v0_RS_t0,RS_t0_v0
mining,MINE_US_01006,degraded,,-0.00885,,S1_VH(pending),0,Landsat_C2_L2,regimeB_v0_RS_t0,RS_t0_v0
mining,MINE_US_01007,degraded,,0.00073,,S1_VH(pending),0,Landsat_C2_L2,regimeB_v0_RS_t0,RS_t0_v0
mining,MINE_US_01008,stable_restoration,,0.00362,,S1_VH(pending),0,Landsat_C2_L2,regimeB_v0_RS_t0,RS_t0_v0
mining,MINE_US_01009,early_restoration,,0.00468,,S1_VH(pending),0,Landsat_C2_L2,regimeB_v0_RS_t0,RS_t0_v0
mining,MINE_US_01010,early_restoration,,0.00343,,S1_VH(pending),0,Landsat_C2_L2,regimeB_v0_RS_t0,RS_t0_v0
mining,MINE_US_01011,degraded,,0.00032,,S1_VH(pending),0,Landsat_C2_L2,regimeB_v0_RS_t0,RS_t0_v0
mining,MINE_US_01012,early_restoration,,-0.00146,,S1_VH(pending),0,Landsat_C2_L2,regimeB_v0_RS_t0,RS_t0_v0
mining,MINE_US_01013,early_restoration,,-0.01868,,S1_VH(pending),0,Landsat_C2_L2,regimeB_v0_RS_t0,RS_t0_v0
mining,MINE_US_01014,stable_restoration,,-0.00478,,S1_VH(pending),0,Landsat_C2_L2,regimeB_v0_RS_t0,RS_t0_v0
mining,MINE_US_01015,early_restoration,,0.00206,,S1_VH(pending),0,Landsat_C2_L2,regimeB_v0_RS_t0,RS_t0_v0
mining,MINE_US_01016,degraded,,-0.00859,,S1_VH(pending),0,Landsat_C2_L2,regimeB_v0_RS_t0,RS_t0_v0
mining,MINE_US_01017,early_restoration,,-0.00055,,S1_VH(pending),0,Landsat_C2_L2,regimeB_v0_RS_t0,RS_t0_v0
mining,MINE_US_01018,degraded,,0.00017,,S1_VH(pending),0,Landsat_C2_L2,regimeB_v0_RS_t0,RS_t0_v0
mining,MINE_US_01019,early_restoration,,-0.00964,,S1_VH(pending),0,Landsat_C2_L2,regimeB_v0_RS_t0,RS_t0_v0
mining,MINE_US_01020,degraded,,0.00302,,S1_VH(pending),0,Landsat_C2_L2,regimeB_v0_RS_t0,RS_t0_v0
mining,MINE_US_01021,degraded,,0.00128,,S1_VH(pending),0,Landsat_C2_L2,regimeB_v0_RS_t0,RS_t0_v0
mining,MINE_US_01022,stable_restoration,,-0.00343,,S1_VH(pending),0,Landsat_C2_L2,regimeB_v0_RS_t0,RS_t0_v0
mining,MINE_US_01023,early_restoration,,0.00137,,S1_VH(pending),0,Landsat_C2_L2,regimeB_v0_RS_t0,RS_t0_v0
mining,MINE_US_01024,stable_restoration,,-0.01161,,S1_VH(pending),0,Landsat_C2_L2,regimeB_v0_RS_t0,RS_t0_v0
mining,MINE_US_01025,degraded,,0.00037,,S1_VH(pending),0,Landsat_C2_L2,regimeB_v0_RS_t0,RS_t0_v0
mining,MINE_US_01026,stable_restoration,,0.00336,,S1_VH(pending),0,Landsat_C2_L2,regimeB_v0_RS_t0,RS_t0_v0
mining,MINE_US_01027,degraded,,-0.00203,,S1_VH(pending),0,Landsat_C2_L2,regimeB_v0_RS_t0,RS_t0_v0
mining,MINE_US_01028,stable_restoration,,-0.00095,,S1_VH(pending),0,Landsat_C2_L2,regimeB_v0_RS_t0,RS_t0_v0
mining,MINE_US_01029,stable_restoration,,0.00053,,S1_VH(pending),0,Landsat_C2_L2,regimeB_v0_RS_t0,RS_t0_v0
mining,MINE_US_01030,stable_restoration,,-0.00175,,S1_VH(pending),0,Landsat_C2_L2,regimeB_v0_RS_t0,RS_t0_v0
mining,MINE_US_01031,stable_restoration,,0.00491,,S1_VH(pending),0,Landsat_C2_L2,regimeB_v0_RS_t0,RS_t0_v0
mining,MINE_US_01032,stable_restoration,,0.00914,,S1_VH(pending),0,Landsat_C2_L2,regimeB_v0_RS_t0,RS_t0_v0
mining,MINE_US_01033,degraded,,0.00132,,S1_VH(pending),0,Landsat_C2_L2,regimeB_v0_RS_t0,RS_t0_v0
mining,MINE_US_01034,degraded,,0.00137,,S1_VH(pending),0,Landsat_C2_L2,regimeB_v0_RS_t0,RS_t0_v0
mining,MINE_US_01035,early_restoration,,-0.0141,,S1_VH(pending),0,Landsat_C2_L2,regimeB_v0_RS_t0,RS_t0_v0
mining,MINE_US_01036,stable_restoration,,-0.00101,,S1_VH(pending),0,Landsat_C2_L2,regimeB_v0_RS_t0,RS_t0_v0
mining,MINE_US_01037,early_restoration,,0.00141,,S1_VH(pending),0,Landsat_C2_L2,regimeB_v0_RS_t0,RS_t0_v0
mining,MINE_US_01038,degraded,,0.00177,,S1_VH(pending),0,Landsat_C2_L2,regimeB_v0_RS_t0,RS_t0_v0
mining,MINE_US_01039,relapse_degradation,,0.00573,,S1_VH(pending),0,Landsat_C2_L2,regimeB_v0_RS_t0,RS_t0_v0
mining,MINE_US_01040,early_restoration,,-0.01021,,S1_VH(pending),0,Landsat_C2_L2,regimeB_v0_RS_t0,RS_t0_v0
mining,MINE_US_01041,early_restoration,,-0.02821,,S1_VH(pending),0,Landsat_C2_L2,regimeB_v0_RS_t0,RS_t0_v0
mining,MINE_US_01042,degraded,,0.00056,,S1_VH(pending),0,Landsat_C2_L2,regimeB_v0_RS_t0,RS_t0_v0
mining,MINE_US_01043,stable_restoration,,0.00297,,S1_VH(pending),0,Landsat_C2_L2,regimeB_v0_RS_t0,RS_t0_v0
mining,MINE_US_01044,degraded,,-0.0055,,S1_VH(pending),0,Landsat_C2_L2,regimeB_v0_RS_t0,RS_t0_v0
mining,MINE_US_01045,stable_restoration,,-0.00025,,S1_VH(pending),0,Landsat_C2_L2,regimeB_v0_RS_t0,RS_t0_v0
mining,MINE_US_01046,stable_restoration,,-0.01683,,S1_VH(pending),0,Landsat_C2_L2,regimeB_v0_RS_t0,RS_t0_v0
mining,MINE_US_01047,stable_restoration,,0.00153,,S1_VH(pending),0,Landsat_C2_L2,regimeB_v0_RS_t0,RS_t0_v0
mining,MINE_US_01048,degraded,,-0.00253,,S1_VH(pending),0,Landsat_C2_L2,regimeB_v0_RS_t0,RS_t0_v0
mining,MINE_US_01049,stable_restoration,,-0.00428,,S1_VH(pending),0,Landsat_C2_L2,regimeB_v0_RS_t0,RS_t0_v0
mining,MINE_US_01050,early_restoration,,0.003,,S1_VH(pending),0,Landsat_C2_L2,regimeB_v0_RS_t0,RS_t0_v0
mining,MINE_US_01051,early_restoration,,0.00026,,S1_VH(pending),0,Landsat_C2_L2,regimeB_v0_RS_t0,RS_t0_v0
mining,MINE_US_01052,early_restoration,,-0.01725,,S1_VH(pending),0,Landsat_C2_L2,regimeB_v0_RS_t0,RS_t0_v0
mining,MINE_US_01053,early_restoration,,0.00268,,S1_VH(pending),0,Landsat_C2_L2,regimeB_v0_RS_t0,RS_t0_v0
mining,MINE_US_01054,degraded,,0.00115,,S1_VH(pending),0,Landsat_C2_L2,regimeB_v0_RS_t0,RS_t0_v0
mining,MINE_US_01055,degraded,,0.00055,,S1_VH(pending),0,Landsat_C2_L2,regimeB_v0_RS_t0,RS_t0_v0
mining,MINE_US_01056,early_restoration,,0.00075,,S1_VH(pending),0,Landsat_C2_L2,regimeB_v0_RS_t0,RS_t0_v0
mining,MINE_US_01057,stable_restoration,,-0.00274,,S1_VH(pending),0,Landsat_C2_L2,regimeB_v0_RS_t0,RS_t0_v0
mining,MINE_US_01058,stable_restoration,,-0.02134,,S1_VH(pending),0,Landsat_C2_L2,regimeB_v0_RS_t0,RS_t0_v0
mining,MINE_US_01059,early_restoration,,-0.01727,,S1_VH(pending),0,Landsat_C2_L2,regimeB_v0_RS_t0,RS_t0_v0
mining,MINE_US_01060,early_restoration,,-0.01321,,S1_VH(pending),0,Landsat_C2_L2,regimeB_v0_RS_t0,RS_t0_v0
mining,MINE_US_01061,degraded,,0.00182,,S1_VH(pending),0,Landsat_C2_L2,regimeB_v0_RS_t0,RS_t0_v0
mining,MINE_US_01062,degraded,,0.00035,,S1_VH(pending),0,Landsat_C2_L2,regimeB_v0_RS_t0,RS_t0_v0
mining,MINE_US_01063,stable_restoration,,0.00647,,S1_VH(pending),0,Landsat_C2_L2,regimeB_v0_RS_t0,RS_t0_v0
mining,MINE_US_01064,degraded,,0.00173,,S1_VH(pending),0,Landsat_C2_L2,regimeB_v0_RS_t0,RS_t0_v0
mining,MINE_US_01065,degraded,,0.00089,,S1_VH(pending),0,Landsat_C2_L2,regimeB_v0_RS_t0,RS_t0_v0
mining,MINE_US_01066,early_restoration,,-0.00227,,S1_VH(pending),0,Landsat_C2_L2,regimeB_v0_RS_t0,RS_t0_v0
mining,MINE_US_01067,early_restoration,,0.00398,,S1_VH(pending),0,Landsat_C2_L2,regimeB_v0_RS_t0,RS_t0_v0
mining,MINE_US_01068,early_restoration,,-0.01911,,S1_VH(pending),0,Landsat_C2_L2,regimeB_v0_RS_t0,RS_t0_v0
mining,MINE_US_01069,degraded,,0.00237,,S1_VH(pending),0,Landsat_C2_L2,regimeB_v0_RS_t0,RS_t0_v0
mining,MINE_US_01070,stable_restoration,,0.00138,,S1_VH(pending),0,Landsat_C2_L2,regimeB_v0_RS_t0,RS_t0_v0
mining,MINE_US_01071,stable_restoration,,-0.00879,,S1_VH(pending),0,Landsat_C2_L2,regimeB_v0_RS_t0,RS_t0_v0
mining,MINE_US_01072,early_restoration,,0.00209,,S1_VH(pending),0,Landsat_C2_L2,regimeB_v0_RS_t0,RS_t0_v0
mining,MINE_US_01073,degraded,,0.00194,,S1_VH(pending),0,Landsat_C2_L2,regimeB_v0_RS_t0,RS_t0_v0
mining,MINE_US_01074,stable_restoration,,-0.0037,,S1_VH(pending),0,Landsat_C2_L2,regimeB_v0_RS_t0,RS_t0_v0
mining,MINE_US_01075,early_restoration,,0.00433,,S1_VH(pending),0,Landsat_C2_L2,regimeB_v0_RS_t0,RS_t0_v0
mining,MINE_US_01076,stable_restoration,,-0.00574,,S1_VH(pending),0,Landsat_C2_L2,regimeB_v0_RS_t0,RS_t0_v0
mining,MINE_US_01077,early_restoration,,-0.02602,,S1_VH(pending),0,Landsat_C2_L2,regimeB_v0_RS_t0,RS_t0_v0
mining,MINE_US_01078,early_restoration,,0.00226,,S1_VH(pending),0,Landsat_C2_L2,regimeB_v0_RS_t0,RS_t0_v0
mining,MINE_US_01079,stable_restoration,,-0.00945,,S1_VH(pending),0,Landsat_C2_L2,regimeB_v0_RS_t0,RS_t0_v0
mining,MINE_US_01080,stable_restoration,,-0.00563,,S1_VH(pending),0,Landsat_C2_L2,regimeB_v0_RS_t0,RS_t0_v0
mining,MINE_US_01081,degraded,,0.00267,,S1_VH(pending),0,Landsat_C2_L2,regimeB_v0_RS_t0,RS_t0_v0
mining,MINE_US_01082,stable_restoration,,-0.00058,,S1_VH(pending),0,Landsat_C2_L2,regimeB_v0_RS_t0,RS_t0_v0
mining,MINE_US_01083,degraded,,-4e-05,,S1_VH(pending),0,Landsat_C2_L2,regimeB_v0_RS_t0,RS_t0_v0
mining,MINE_US_01084,degraded,,-0.00738,,S1_VH(pending),0,Landsat_C2_L2,regimeB_v0_RS_t0,RS_t0_v0
mining,MINE_US_01085,stable_restoration,,-0.00836,,S1_VH(pending),0,Landsat_C2_L2,regimeB_v0_RS_t0,RS_t0_v0
mining,MINE_US_01086,degraded,,0.00174,,S1_VH(pending),0,Landsat_C2_L2,regimeB_v0_RS_t0,RS_t0_v0
mining,MINE_US_01087,stable_restoration,,-0.00524,,S1_VH(pending),0,Landsat_C2_L2,regimeB_v0_RS_t0,RS_t0_v0
mining,MINE_US_01088,stable_restoration,,0.0095,,S1_VH(pending),0,Landsat_C2_L2,regimeB_v0_RS_t0,RS_t0_v0
mining,MINE_US_01089,stable_restoration,,0.00035,,S1_VH(pending),0,Landsat_C2_L2,regimeB_v0_RS_t0,RS_t0_v0
mining,MINE_US_01090,stable_restoration,,-0.00444,,S1_VH(pending),0,Landsat_C2_L2,regimeB_v0_RS_t0,RS_t0_v0
mining,MINE_US_01091,early_restoration,,-0.00813,,S1_VH(pending),0,Landsat_C2_L2,regimeB_v0_RS_t0,RS_t0_v0
mining,MINE_US_01092,degraded,,0.00365,,S1_VH(pending),0,Landsat_C2_L2,regimeB_v0_RS_t0,RS_t0_v0
mining,MINE_US_01093,stable_restoration,,-0.00052,,S1_VH(pending),0,Landsat_C2_L2,regimeB_v0_RS_t0,RS_t0_v0
mining,MINE_US_01094,degraded,,0.00218,,S1_VH(pending),0,Landsat_C2_L2,regimeB_v0_RS_t0,RS_t0_v0
mining,MINE_US_01095,stable_restoration,,-0.00674,,S1_VH(pending),0,Landsat_C2_L2,regimeB_v0_RS_t0,RS_t0_v0
mining,MINE_US_01096,stable_restoration,,0.00373,,S1_VH(pending),0,Landsat_C2_L2,regimeB_v0_RS_t0,RS_t0_v0
mining,MINE_US_01097,stable_restoration,,-0.0071,,S1_VH(pending),0,Landsat_C2_L2,regimeB_v0_RS_t0,RS_t0_v0
mining,MINE_US_01098,stable_restoration,,-0.01516,,S1_VH(pending),0,Landsat_C2_L2,regimeB_v0_RS_t0,RS_t0_v0
mining,MINE_US_01099,early_restoration,,0.00322,,S1_VH(pending),0,Landsat_C2_L2,regimeB_v0_RS_t0,RS_t0_v0
mining,MINE_US_01100,early_restoration,,0.00044,,S1_VH(pending),0,Landsat_C2_L2,regimeB_v0_RS_t0,RS_t0_v0
mining,MINE_US_01101,stable_restoration,,-0.00358,,S1_VH(pending),0,Landsat_C2_L2,regimeB_v0_RS_t0,RS_t0_v0
mining,MINE_US_01102,degraded,,0.0001,,S1_VH(pending),0,Landsat_C2_L2,regimeB_v0_RS_t0,RS_t0_v0
mining,MINE_US_01103,degraded,,0.00242,,S1_VH(pending),0,Landsat_C2_L2,regimeB_v0_RS_t0,RS_t0_v0
mining,MINE_US_01104,stable_restoration,,-0.00026,,S1_VH(pending),0,Landsat_C2_L2,regimeB_v0_RS_t0,RS_t0_v0
mining,MINE_US_01105,stable_restoration,,-0.01226,,S1_VH(pending),0,Landsat_C2_L2,regimeB_v0_RS_t0,RS_t0_v0
mining,MINE_US_01106,degraded,,0.00257,,S1_VH(pending),0,Landsat_C2_L2,regimeB_v0_RS_t0,RS_t0_v0
mining,MINE_US_01107,early_restoration,,0.00204,,S1_VH(pending),0,Landsat_C2_L2,regimeB_v0_RS_t0,RS_t0_v0
mining,MINE_US_01108,early_restoration,,-0.00162,,S1_VH(pending),0,Landsat_C2_L2,regimeB_v0_RS_t0,RS_t0_v0
mining,MINE_US_01109,early_restoration,,-0.00732,,S1_VH(pending),0,Landsat_C2_L2,regimeB_v0_RS_t0,RS_t0_v0
mining,MINE_US_01110,stable_restoration,,-0.0084,,S1_VH(pending),0,Landsat_C2_L2,regimeB_v0_RS_t0,RS_t0_v0
mining,MINE_US_01111,early_restoration,,-0.02659,,S1_VH(pending),0,Landsat_C2_L2,regimeB_v0_RS_t0,RS_t0_v0
mining,MINE_US_01112,degraded,,0.00188,,S1_VH(pending),0,Landsat_C2_L2,regimeB_v0_RS_t0,RS_t0_v0
mining,MINE_US_01113,early_restoration,,-0.00662,,S1_VH(pending),0,Landsat_C2_L2,regimeB_v0_RS_t0,RS_t0_v0
mining,MINE_US_01114,stable_restoration,,0.00728,,S1_VH(pending),0,Landsat_C2_L2,regimeB_v0_RS_t0,RS_t0_v0
mining,MINE_US_01115,early_restoration,,-0.00557,,S1_VH(pending),0,Landsat_C2_L2,regimeB_v0_RS_t0,RS_t0_v0
mining,MINE_US_01116,early_restoration,,0.00258,,S1_VH(pending),0,Landsat_C2_L2,regimeB_v0_RS_t0,RS_t0_v0
mining,MINE_US_01117,stable_restoration,,0.00522,,S1_VH(pending),0,Landsat_C2_L2,regimeB_v0_RS_t0,RS_t0_v0
mining,MINE_US_01118,early_restoration,,0.00354,,S1_VH(pending),0,Landsat_C2_L2,regimeB_v0_RS_t0,RS_t0_v0
mining,MINE_US_01119,degraded,,-0.00021,,S1_VH(pending),0,Landsat_C2_L2,regimeB_v0_RS_t0,RS_t0_v0
mining,MINE_US_01120,degraded,,0.00213,,S1_VH(pending),0,Landsat_C2_L2,regimeB_v0_RS_t0,RS_t0_v0
mining,MINE_US_01121,stable_restoration,,0.01085,,S1_VH(pending),0,Landsat_C2_L2,regimeB_v0_RS_t0,RS_t0_v0
mining,MINE_US_01122,early_restoration,,-0.00267,,S1_VH(pending),0,Landsat_C2_L2,regimeB_v0_RS_t0,RS_t0_v0
mining,MINE_US_01123,stable_restoration,,1e-05,,S1_VH(pending),0,Landsat_C2_L2,regimeB_v0_RS_t0,RS_t0_v0
mining,MINE_US_01124,early_restoration,,-0.01133,,S1_VH(pending),0,Landsat_C2_L2,regimeB_v0_RS_t0,RS_t0_v0
mining,MINE_US_01125,early_restoration,,0.00689,,S1_VH(pending),0,Landsat_C2_L2,regimeB_v0_RS_t0,RS_t0_v0
mining,MINE_US_01126,degraded,,-0.00378,,S1_VH(pending),0,Landsat_C2_L2,regimeB_v0_RS_t0,RS_t0_v0
mining,MINE_US_01127,early_restoration,,-0.00439,,S1_VH(pending),0,Landsat_C2_L2,regimeB_v0_RS_t0,RS_t0_v0
mining,MINE_US_01128,degraded,,0.00279,,S1_VH(pending),0,Landsat_C2_L2,regimeB_v0_RS_t0,RS_t0_v0
mining,MINE_US_01129,degraded,,0.00303,,S1_VH(pending),0,Landsat_C2_L2,regimeB_v0_RS_t0,RS_t0_v0
mining,MINE_US_01130,degraded,,-0.00125,,S1_VH(pending),0,Landsat_C2_L2,regimeB_v0_RS_t0,RS_t0_v0
mining,MINE_US_01131,early_restoration,,0.00421,,S1_VH(pending),0,Landsat_C2_L2,regimeB_v0_RS_t0,RS_t0_v0
mining,MINE_US_01132,early_restoration,,-0.01025,,S1_VH(pending),0,Landsat_C2_L2,regimeB_v0_RS_t0,RS_t0_v0
mining,MINE_US_01133,early_restoration,,0.00794,,S1_VH(pending),0,Landsat_C2_L2,regimeB_v0_RS_t0,RS_t0_v0
mining,MINE_US_01134,stable_restoration,,-0.0066,,S1_VH(pending),0,Landsat_C2_L2,regimeB_v0_RS_t0,RS_t0_v0
mining,MINE_US_01135,early_restoration,,-0.00929,,S1_VH(pending),0,Landsat_C2_L2,regimeB_v0_RS_t0,RS_t0_v0
mining,MINE_US_01136,early_restoration,,-0.00071,,S1_VH(pending),0,Landsat_C2_L2,regimeB_v0_RS_t0,RS_t0_v0
mining,MINE_US_01137,early_restoration,,0.00355,,S1_VH(pending),0,Landsat_C2_L2,regimeB_v0_RS_t0,RS_t0_v0
mining,MINE_US_01138,degraded,,0.00067,,S1_VH(pending),0,Landsat_C2_L2,regimeB_v0_RS_t0,RS_t0_v0
mining,MINE_US_01139,early_restoration,,-0.02284,,S1_VH(pending),0,Landsat_C2_L2,regimeB_v0_RS_t0,RS_t0_v0
mining,MINE_US_01140,early_restoration,,0.00385,,S1_VH(pending),0,Landsat_C2_L2,regimeB_v0_RS_t0,RS_t0_v0
mining,MINE_US_01141,early_restoration,,-0.00451,,S1_VH(pending),0,Landsat_C2_L2,regimeB_v0_RS_t0,RS_t0_v0
mining,MINE_US_01142,degraded,,-0.00293,,S1_VH(pending),0,Landsat_C2_L2,regimeB_v0_RS_t0,RS_t0_v0
mining,MINE_US_01143,degraded,,-0.0006,,S1_VH(pending),0,Landsat_C2_L2,regimeB_v0_RS_t0,RS_t0_v0
mining,MINE_US_01144,stable_restoration,,0.00267,,S1_VH(pending),0,Landsat_C2_L2,regimeB_v0_RS_t0,RS_t0_v0
mining,MINE_US_01145,early_restoration,,0.00295,,S1_VH(pending),0,Landsat_C2_L2,regimeB_v0_RS_t0,RS_t0_v0
mining,MINE_US_01146,early_restoration,,-0.00998,,S1_VH(pending),0,Landsat_C2_L2,regimeB_v0_RS_t0,RS_t0_v0
mining,MINE_US_01147,stable_restoration,,0.00636,,S1_VH(pending),0,Landsat_C2_L2,regimeB_v0_RS_t0,RS_t0_v0
mining,MINE_US_01148,degraded,,0.00099,,S1_VH(pending),0,Landsat_C2_L2,regimeB_v0_RS_t0,RS_t0_v0
mining,MINE_US_01149,stable_restoration,,-0.00166,,S1_VH(pending),0,Landsat_C2_L2,regimeB_v0_RS_t0,RS_t0_v0
mining,MINE_US_01150,early_restoration,,0.004,,S1_VH(pending),0,Landsat_C2_L2,regimeB_v0_RS_t0,RS_t0_v0
mining,MINE_US_01151,early_restoration,,-0.00047,,S1_VH(pending),0,Landsat_C2_L2,regimeB_v0_RS_t0,RS_t0_v0
mining,MINE_US_01152,degraded,,0.0014,,S1_VH(pending),0,Landsat_C2_L2,regimeB_v0_RS_t0,RS_t0_v0
mining,MINE_US_01153,stable_restoration,,0.00053,,S1_VH(pending),0,Landsat_C2_L2,regimeB_v0_RS_t0,RS_t0_v0
mining,MINE_US_01154,degraded,,0.00181,,S1_VH(pending),0,Landsat_C2_L2,regimeB_v0_RS_t0,RS_t0_v0
mining,MINE_US_01155,stable_restoration,,-0.00144,,S1_VH(pending),0,Landsat_C2_L2,regimeB_v0_RS_t0,RS_t0_v0
mining,MINE_US_01156,degraded,,0.00445,,S1_VH(pending),0,Landsat_C2_L2,regimeB_v0_RS_t0,RS_t0_v0
mining,MINE_US_01157,early_restoration,,0.00719,,S1_VH(pending),0,Landsat_C2_L2,regimeB_v0_RS_t0,RS_t0_v0
mining,MINE_US_01158,degraded,,0.00262,,S1_VH(pending),0,Landsat_C2_L2,regimeB_v0_RS_t0,RS_t0_v0
mining,MINE_US_01159,stable_restoration,,0.00422,,S1_VH(pending),0,Landsat_C2_L2,regimeB_v0_RS_t0,RS_t0_v0
mining,MINE_US_01160,stable_restoration,,-0.00886,,S1_VH(pending),0,Landsat_C2_L2,regimeB_v0_RS_t0,RS_t0_v0
mining,MINE_US_01161,early_restoration,,2e-05,,S1_VH(pending),0,Landsat_C2_L2,regimeB_v0_RS_t0,RS_t0_v0
mining,MINE_US_01162,early_restoration,,-0.00954,,S1_VH(pending),0,Landsat_C2_L2,regimeB_v0_RS_t0,RS_t0_v0
mining,MINE_US_01163,stable_restoration,,-0.00722,,S1_VH(pending),0,Landsat_C2_L2,regimeB_v0_RS_t0,RS_t0_v0
mining,MINE_US_01164,degraded,,0.0019,,S1_VH(pending),0,Landsat_C2_L2,regimeB_v0_RS_t0,RS_t0_v0
mining,MINE_US_01165,stable_restoration,,0.00743,,S1_VH(pending),0,Landsat_C2_L2,regimeB_v0_RS_t0,RS_t0_v0
mining,MINE_US_01166,degraded,,0.00101,,S1_VH(pending),0,Landsat_C2_L2,regimeB_v0_RS_t0,RS_t0_v0
mining,MINE_US_01167,early_restoration,,-0.00213,,S1_VH(pending),0,Landsat_C2_L2,regimeB_v0_RS_t0,RS_t0_v0
mining,MINE_US_01168,degraded,,0.00175,,S1_VH(pending),0,Landsat_C2_L2,regimeB_v0_RS_t0,RS_t0_v0
mining,MINE_US_01169,early_restoration,,4e-05,,S1_VH(pending),0,Landsat_C2_L2,regimeB_v0_RS_t0,RS_t0_v0
mining,MINE_US_01170,early_restoration,,0.00546,,S1_VH(pending),0,Landsat_C2_L2,regimeB_v0_RS_t0,RS_t0_v0
mining,MINE_US_01171,early_restoration,,0.00209,,S1_VH(pending),0,Landsat_C2_L2,regimeB_v0_RS_t0,RS_t0_v0
mining,MINE_US_01172,early_restoration,,0.00693,,S1_VH(pending),0,Landsat_C2_L2,regimeB_v0_RS_t0,RS_t0_v0
mining,MINE_US_01173,early_restoration,,0.00452,,S1_VH(pending),0,Landsat_C2_L2,regimeB_v0_RS_t0,RS_t0_v0
mining,MINE_US_01174,early_restoration,,0.00383,,S1_VH(pending),0,Landsat_C2_L2,regimeB_v0_RS_t0,RS_t0_v0
mining,MINE_US_01175,stable_restoration,,0.00214,,S1_VH(pending),0,Landsat_C2_L2,regimeB_v0_RS_t0,RS_t0_v0
mining,MINE_US_01176,early_restoration,,0.00064,,S1_VH(pending),0,Landsat_C2_L2,regimeB_v0_RS_t0,RS_t0_v0
mining,MINE_US_01177,degraded,,0.00082,,S1_VH(pending),0,Landsat_C2_L2,regimeB_v0_RS_t0,RS_t0_v0
mining,MINE_US_01178,early_restoration,,-0.021,,S1_VH(pending),0,Landsat_C2_L2,regimeB_v0_RS_t0,RS_t0_v0
mining,MINE_US_01179,stable_restoration,,0.00029,,S1_VH(pending),0,Landsat_C2_L2,regimeB_v0_RS_t0,RS_t0_v0
mining,MINE_US_01180,degraded,,0.0013,,S1_VH(pending),0,Landsat_C2_L2,regimeB_v0_RS_t0,RS_t0_v0
mining,MINE_US_01181,early_restoration,,0.00158,,S1_VH(pending),0,Landsat_C2_L2,regimeB_v0_RS_t0,RS_t0_v0
mining,MINE_US_01182,stable_restoration,,-0.00241,,S1_VH(pending),0,Landsat_C2_L2,regimeB_v0_RS_t0,RS_t0_v0
mining,MINE_US_01183,early_restoration,,-0.01015,,S1_VH(pending),0,Landsat_C2_L2,regimeB_v0_RS_t0,RS_t0_v0
mining,MINE_US_01184,degraded,,0.00165,,S1_VH(pending),0,Landsat_C2_L2,regimeB_v0_RS_t0,RS_t0_v0
mining,MINE_US_01185,early_restoration,,-0.00102,,S1_VH(pending),0,Landsat_C2_L2,regimeB_v0_RS_t0,RS_t0_v0
mining,MINE_US_01186,degraded,,0.00204,,S1_VH(pending),0,Landsat_C2_L2,regimeB_v0_RS_t0,RS_t0_v0
mining,MINE_US_01187,early_restoration,,-0.01951,,S1_VH(pending),0,Landsat_C2_L2,regimeB_v0_RS_t0,RS_t0_v0
mining,MINE_US_01188,degraded,,0.00097,,S1_VH(pending),0,Landsat_C2_L2,regimeB_v0_RS_t0,RS_t0_v0
mining,MINE_US_01189,early_restoration,,0.00511,,S1_VH(pending),0,Landsat_C2_L2,regimeB_v0_RS_t0,RS_t0_v0
mining,MINE_US_01190,degraded,,0.00179,,S1_VH(pending),0,Landsat_C2_L2,regimeB_v0_RS_t0,RS_t0_v0
mining,MINE_US_01191,degraded,,0.00212,,S1_VH(pending),0,Landsat_C2_L2,regimeB_v0_RS_t0,RS_t0_v0
mining,MINE_US_01192,stable_restoration,,-0.00524,,S1_VH(pending),0,Landsat_C2_L2,regimeB_v0_RS_t0,RS_t0_v0
mining,MINE_US_01193,early_restoration,,0.00194,,S1_VH(pending),0,Landsat_C2_L2,regimeB_v0_RS_t0,RS_t0_v0
mining,MINE_US_01194,stable_restoration,,-0.0097,,S1_VH(pending),0,Landsat_C2_L2,regimeB_v0_RS_t0,RS_t0_v0
mining,MINE_US_01195,degraded,,0.00085,,S1_VH(pending),0,Landsat_C2_L2,regimeB_v0_RS_t0,RS_t0_v0
mining,MINE_US_01196,stable_restoration,,0.00761,,S1_VH(pending),0,Landsat_C2_L2,regimeB_v0_RS_t0,RS_t0_v0
mining,MINE_US_01197,early_restoration,,0.00412,,S1_VH(pending),0,Landsat_C2_L2,regimeB_v0_RS_t0,RS_t0_v0
mining,MINE_US_01198,early_restoration,,0.00273,,S1_VH(pending),0,Landsat_C2_L2,regimeB_v0_RS_t0,RS_t0_v0
mining,MINE_US_01199,degraded,,-0.00503,,S1_VH(pending),0,Landsat_C2_L2,regimeB_v0_RS_t0,RS_t0_v0
mining,MINE_US_01200,early_restoration,,0.00135,,S1_VH(pending),0,Landsat_C2_L2,regimeB_v0_RS_t0,RS_t0_v0
mining,MINE_US_01201,stable_restoration,,0.00589,,S1_VH(pending),0,Landsat_C2_L2,regimeB_v0_RS_t0,RS_t0_v0
mining,MINE_US_01202,stable_restoration,,0.01642,,S1_VH(pending),0,Landsat_C2_L2,regimeB_v0_RS_t0,RS_t0_v0
mining,MINE_US_01203,early_restoration,,0.00325,,S1_VH(pending),0,Landsat_C2_L2,regimeB_v0_RS_t0,RS_t0_v0
mining,MINE_US_01204,early_restoration,,0.00174,,S1_VH(pending),0,Landsat_C2_L2,regimeB_v0_RS_t0,RS_t0_v0
mining,MINE_US_01205,stable_restoration,,0.01461,,S1_VH(pending),0,Landsat_C2_L2,regimeB_v0_RS_t0,RS_t0_v0
mining,MINE_US_01206,stable_restoration,,0.01597,,S1_VH(pending),0,Landsat_C2_L2,regimeB_v0_RS_t0,RS_t0_v0
mining,MINE_US_01207,early_restoration,,-0.00672,,S1_VH(pending),0,Landsat_C2_L2,regimeB_v0_RS_t0,RS_t0_v0
mining,MINE_US_01208,degraded,,0.00178,,S1_VH(pending),0,Landsat_C2_L2,regimeB_v0_RS_t0,RS_t0_v0
mining,MINE_US_01209,stable_restoration,,-0.01463,,S1_VH(pending),0,Landsat_C2_L2,regimeB_v0_RS_t0,RS_t0_v0
mining,MINE_US_01210,stable_restoration,,-0.00014,,S1_VH(pending),0,Landsat_C2_L2,regimeB_v0_RS_t0,RS_t0_v0
mining,MINE_US_01211,stable_restoration,,0.00132,,S1_VH(pending),0,Landsat_C2_L2,regimeB_v0_RS_t0,RS_t0_v0
mining,MINE_US_01212,stable_restoration,,0.00428,,S1_VH(pending),0,Landsat_C2_L2,regimeB_v0_RS_t0,RS_t0_v0
mining,MINE_US_01213,degraded,,0.0025,,S1_VH(pending),0,Landsat_C2_L2,regimeB_v0_RS_t0,RS_t0_v0
mining,MINE_US_01214,stable_restoration,,0.01253,,S1_VH(pending),0,Landsat_C2_L2,regimeB_v0_RS_t0,RS_t0_v0
mining,MINE_US_01215,stable_restoration,,-0.00619,,S1_VH(pending),0,Landsat_C2_L2,regimeB_v0_RS_t0,RS_t0_v0
mining,MINE_US_01216,stable_restoration,,0.01167,,S1_VH(pending),0,Landsat_C2_L2,regimeB_v0_RS_t0,RS_t0_v0
mining,MINE_US_01217,stable_restoration,,0.00753,,S1_VH(pending),0,Landsat_C2_L2,regimeB_v0_RS_t0,RS_t0_v0
mining,MINE_US_01218,early_restoration,,-0.02379,,S1_VH(pending),0,Landsat_C2_L2,regimeB_v0_RS_t0,RS_t0_v0
mining,MINE_US_01219,stable_restoration,,-0.00992,,S1_VH(pending),0,Landsat_C2_L2,regimeB_v0_RS_t0,RS_t0_v0
mining,MINE_US_01220,degraded,,0.00136,,S1_VH(pending),0,Landsat_C2_L2,regimeB_v0_RS_t0,RS_t0_v0
mining,MINE_US_01221,stable_restoration,,0.00258,,S1_VH(pending),0,Landsat_C2_L2,regimeB_v0_RS_t0,RS_t0_v0
mining,MINE_US_01222,degraded,,0.00093,,S1_VH(pending),0,Landsat_C2_L2,regimeB_v0_RS_t0,RS_t0_v0
mining,MINE_US_01223,degraded,,0.00193,,S1_VH(pending),0,Landsat_C2_L2,regimeB_v0_RS_t0,RS_t0_v0
mining,MINE_US_01224,stable_restoration,,-0.01488,,S1_VH(pending),0,Landsat_C2_L2,regimeB_v0_RS_t0,RS_t0_v0
mining,MINE_US_01225,stable_restoration,,-0.01384,,S1_VH(pending),0,Landsat_C2_L2,regimeB_v0_RS_t0,RS_t0_v0
mining,MINE_US_01226,degraded,,0.00196,,S1_VH(pending),0,Landsat_C2_L2,regimeB_v0_RS_t0,RS_t0_v0
mining,MINE_US_01227,stable_restoration,,0.00592,,S1_VH(pending),0,Landsat_C2_L2,regimeB_v0_RS_t0,RS_t0_v0
mining,MINE_US_01228,early_restoration,,-0.00064,,S1_VH(pending),0,Landsat_C2_L2,regimeB_v0_RS_t0,RS_t0_v0
mining,MINE_US_01229,early_restoration,,0.00406,,S1_VH(pending),0,Landsat_C2_L2,regimeB_v0_RS_t0,RS_t0_v0
mining,MINE_US_01230,early_restoration,,0.00119,,S1_VH(pending),0,Landsat_C2_L2,regimeB_v0_RS_t0,RS_t0_v0
mining,MINE_US_01231,early_restoration,,0.00343,,S1_VH(pending),0,Landsat_C2_L2,regimeB_v0_RS_t0,RS_t0_v0
mining,MINE_US_01232,stable_restoration,,-0.0095,,S1_VH(pending),0,Landsat_C2_L2,regimeB_v0_RS_t0,RS_t0_v0
mining,MINE_US_01233,stable_restoration,,-0.00845,,S1_VH(pending),0,Landsat_C2_L2,regimeB_v0_RS_t0,RS_t0_v0
mining,MINE_US_01234,degraded,,-0.00431,,S1_VH(pending),0,Landsat_C2_L2,regimeB_v0_RS_t0,RS_t0_v0
mining,MINE_US_01235,degraded,,-0.00701,,S1_VH(pending),0,Landsat_C2_L2,regimeB_v0_RS_t0,RS_t0_v0
mining,MINE_US_01236,degraded,,0.00177,,S1_VH(pending),0,Landsat_C2_L2,regimeB_v0_RS_t0,RS_t0_v0
mining,MINE_US_01237,early_restoration,,0.00247,,S1_VH(pending),0,Landsat_C2_L2,regimeB_v0_RS_t0,RS_t0_v0
mining,MINE_US_01238,degraded,,0.00105,,S1_VH(pending),0,Landsat_C2_L2,regimeB_v0_RS_t0,RS_t0_v0
mining,MINE_US_01239,stable_restoration,,-0.00748,,S1_VH(pending),0,Landsat_C2_L2,regimeB_v0_RS_t0,RS_t0_v0
mining,MINE_US_01240,stable_restoration,,0.00141,,S1_VH(pending),0,Landsat_C2_L2,regimeB_v0_RS_t0,RS_t0_v0
mining,MINE_US_01241,early_restoration,,0.00311,,S1_VH(pending),0,Landsat_C2_L2,regimeB_v0_RS_t0,RS_t0_v0
mining,MINE_US_01242,stable_restoration,,-0.02137,,S1_VH(pending),0,Landsat_C2_L2,regimeB_v0_RS_t0,RS_t0_v0
mining,MINE_US_01243,early_restoration,,0.00038,,S1_VH(pending),0,Landsat_C2_L2,regimeB_v0_RS_t0,RS_t0_v0
mining,MINE_US_01244,stable_restoration,,-0.00569,,S1_VH(pending),0,Landsat_C2_L2,regimeB_v0_RS_t0,RS_t0_v0
mining,MINE_US_01245,degraded,,0.00316,,S1_VH(pending),0,Landsat_C2_L2,regimeB_v0_RS_t0,RS_t0_v0
mining,MINE_US_01246,stable_restoration,,-0.02061,,S1_VH(pending),0,Landsat_C2_L2,regimeB_v0_RS_t0,RS_t0_v0
mining,MINE_US_01247,stable_restoration,,0.00244,,S1_VH(pending),0,Landsat_C2_L2,regimeB_v0_RS_t0,RS_t0_v0
mining,MINE_US_01248,early_restoration,,0.0078,,S1_VH(pending),0,Landsat_C2_L2,regimeB_v0_RS_t0,RS_t0_v0
mining,MINE_US_01249,early_restoration,,-0.001,,S1_VH(pending),0,Landsat_C2_L2,regimeB_v0_RS_t0,RS_t0_v0
mining,MINE_US_01250,stable_restoration,,-0.00874,,S1_VH(pending),0,Landsat_C2_L2,regimeB_v0_RS_t0,RS_t0_v0
mining,MINE_US_01251,stable_restoration,,-0.00518,,S1_VH(pending),0,Landsat_C2_L2,regimeB_v0_RS_t0,RS_t0_v0
mining,MINE_US_01252,early_restoration,,-0.01787,,S1_VH(pending),0,Landsat_C2_L2,regimeB_v0_RS_t0,RS_t0_v0
mining,MINE_US_01253,early_restoration,,0.0007,,S1_VH(pending),0,Landsat_C2_L2,regimeB_v0_RS_t0,RS_t0_v0
mining,MINE_US_01254,stable_restoration,,0.0095,,S1_VH(pending),0,Landsat_C2_L2,regimeB_v0_RS_t0,RS_t0_v0
mining,MINE_US_01255,degraded,,-0.00052,,S1_VH(pending),0,Landsat_C2_L2,regimeB_v0_RS_t0,RS_t0_v0
mining,MINE_US_01256,stable_restoration,,0.00028,,S1_VH(pending),0,Landsat_C2_L2,regimeB_v0_RS_t0,RS_t0_v0
mining,MINE_US_01257,early_restoration,,0.00388,,S1_VH(pending),0,Landsat_C2_L2,regimeB_v0_RS_t0,RS_t0_v0
mining,MINE_US_01258,early_restoration,,-0.0146,,S1_VH(pending),0,Landsat_C2_L2,regimeB_v0_RS_t0,RS_t0_v0
mining,MINE_US_01259,stable_restoration,,-0.00193,,S1_VH(pending),0,Landsat_C2_L2,regimeB_v0_RS_t0,RS_t0_v0
mining,MINE_US_01260,stable_restoration,,0.00577,,S1_VH(pending),0,Landsat_C2_L2,regimeB_v0_RS_t0,RS_t0_v0
mining,MINE_US_01261,early_restoration,,0.0024,,S1_VH(pending),0,Landsat_C2_L2,regimeB_v0_RS_t0,RS_t0_v0
mining,MINE_US_01262,early_restoration,,0.00162,,S1_VH(pending),0,Landsat_C2_L2,regimeB_v0_RS_t0,RS_t0_v0
mining,MINE_US_01263,degraded,,-0.00137,,S1_VH(pending),0,Landsat_C2_L2,regimeB_v0_RS_t0,RS_t0_v0
mining,MINE_US_01264,stable_restoration,,-0.0171,,S1_VH(pending),0,Landsat_C2_L2,regimeB_v0_RS_t0,RS_t0_v0
mining,MINE_US_01265,early_restoration,,-0.01184,,S1_VH(pending),0,Landsat_C2_L2,regimeB_v0_RS_t0,RS_t0_v0
mining,MINE_US_01266,degraded,,0.00184,,S1_VH(pending),0,Landsat_C2_L2,regimeB_v0_RS_t0,RS_t0_v0
mining,MINE_US_01267,early_restoration,,0.00611,,S1_VH(pending),0,Landsat_C2_L2,regimeB_v0_RS_t0,RS_t0_v0
mining,MINE_US_01268,stable_restoration,,-0.01936,,S1_VH(pending),0,Landsat_C2_L2,regimeB_v0_RS_t0,RS_t0_v0
mining,MINE_US_01269,degraded,,0.0039,,S1_VH(pending),0,Landsat_C2_L2,regimeB_v0_RS_t0,RS_t0_v0
mining,MINE_US_01270,early_restoration,,0.00401,,S1_VH(pending),0,Landsat_C2_L2,regimeB_v0_RS_t0,RS_t0_v0
mining,MINE_US_01271,degraded,,0.00091,,S1_VH(pending),0,Landsat_C2_L2,regimeB_v0_RS_t0,RS_t0_v0
mining,MINE_US_01272,early_restoration,,0.00159,,S1_VH(pending),0,Landsat_C2_L2,regimeB_v0_RS_t0,RS_t0_v0
mining,MINE_US_01273,early_restoration,,-0.00495,,S1_VH(pending),0,Landsat_C2_L2,regimeB_v0_RS_t0,RS_t0_v0
mining,MINE_US_01274,stable_restoration,,0.00697,,S1_VH(pending),0,Landsat_C2_L2,regimeB_v0_RS_t0,RS_t0_v0
mining,MINE_US_01275,early_restoration,,0.00197,,S1_VH(pending),0,Landsat_C2_L2,regimeB_v0_RS_t0,RS_t0_v0
mining,MINE_US_01276,early_restoration,,-0.02575,,S1_VH(pending),0,Landsat_C2_L2,regimeB_v0_RS_t0,RS_t0_v0
mining,MINE_US_01277,early_restoration,,-0.02631,,S1_VH(pending),0,Landsat_C2_L2,regimeB_v0_RS_t0,RS_t0_v0
mining,MINE_US_01278,early_restoration,,-0.00909,,S1_VH(pending),0,Landsat_C2_L2,regimeB_v0_RS_t0,RS_t0_v0
mining,MINE_US_01279,stable_restoration,,-0.00042,,S1_VH(pending),0,Landsat_C2_L2,regimeB_v0_RS_t0,RS_t0_v0
mining,MINE_US_01280,stable_restoration,,0.00349,,S1_VH(pending),0,Landsat_C2_L2,regimeB_v0_RS_t0,RS_t0_v0
mining,MINE_US_01281,stable_restoration,,0.01207,,S1_VH(pending),0,Landsat_C2_L2,regimeB_v0_RS_t0,RS_t0_v0
mining,MINE_US_01282,early_restoration,,0.00279,,S1_VH(pending),0,Landsat_C2_L2,regimeB_v0_RS_t0,RS_t0_v0
mining,MINE_US_01283,early_restoration,,0.00258,,S1_VH(pending),0,Landsat_C2_L2,regimeB_v0_RS_t0,RS_t0_v0
mining,MINE_US_01284,stable_restoration,,-0.01206,,S1_VH(pending),0,Landsat_C2_L2,regimeB_v0_RS_t0,RS_t0_v0
mining,MINE_US_01285,early_restoration,,0.00276,,S1_VH(pending),0,Landsat_C2_L2,regimeB_v0_RS_t0,RS_t0_v0
mining,MINE_US_01286,stable_restoration,,-0.0076,,S1_VH(pending),0,Landsat_C2_L2,regimeB_v0_RS_t0,RS_t0_v0
mining,MINE_US_01287,early_restoration,,0.00427,,S1_VH(pending),0,Landsat_C2_L2,regimeB_v0_RS_t0,RS_t0_v0
mining,MINE_US_01288,stable_restoration,,-0.0046,,S1_VH(pending),0,Landsat_C2_L2,regimeB_v0_RS_t0,RS_t0_v0
mining,MINE_US_01289,stable_restoration,,-0.02305,,S1_VH(pending),0,Landsat_C2_L2,regimeB_v0_RS_t0,RS_t0_v0
mining,MINE_US_01290,stable_restoration,,-0.00801,,S1_VH(pending),0,Landsat_C2_L2,regimeB_v0_RS_t0,RS_t0_v0
mining,MINE_US_01291,stable_restoration,,-0.00405,,S1_VH(pending),0,Landsat_C2_L2,regimeB_v0_RS_t0,RS_t0_v0
mining,MINE_US_01292,early_restoration,,0.00111,,S1_VH(pending),0,Landsat_C2_L2,regimeB_v0_RS_t0,RS_t0_v0
mining,MINE_US_01293,stable_restoration,,-0.00322,,S1_VH(pending),0,Landsat_C2_L2,regimeB_v0_RS_t0,RS_t0_v0
mining,MINE_US_01294,degraded,,0.00138,,S1_VH(pending),0,Landsat_C2_L2,regimeB_v0_RS_t0,RS_t0_v0
mining,MINE_US_01295,degraded,,0.00058,,S1_VH(pending),0,Landsat_C2_L2,regimeB_v0_RS_t0,RS_t0_v0
mining,MINE_US_01296,early_restoration,,-0.00094,,S1_VH(pending),0,Landsat_C2_L2,regimeB_v0_RS_t0,RS_t0_v0
mining,MINE_US_01297,stable_restoration,,-0.0127,,S1_VH(pending),0,Landsat_C2_L2,regimeB_v0_RS_t0,RS_t0_v0
mining,MINE_US_01298,degraded,,0.00106,,S1_VH(pending),0,Landsat_C2_L2,regimeB_v0_RS_t0,RS_t0_v0
mining,MINE_US_01299,early_restoration,,0.00187,,S1_VH(pending),0,Landsat_C2_L2,regimeB_v0_RS_t0,RS_t0_v0
mining,MINE_US_01300,early_restoration,,0.0026,,S1_VH(pending),0,Landsat_C2_L2,regimeB_v0_RS_t0,RS_t0_v0
mining,MINE_US_01301,stable_restoration,,0.01173,,S1_VH(pending),0,Landsat_C2_L2,regimeB_v0_RS_t0,RS_t0_v0
mining,MINE_US_01302,stable_restoration,,-0.00217,,S1_VH(pending),0,Landsat_C2_L2,regimeB_v0_RS_t0,RS_t0_v0
mining,MINE_US_01303,stable_restoration,,-0.003,,S1_VH(pending),0,Landsat_C2_L2,regimeB_v0_RS_t0,RS_t0_v0
mining,MINE_US_01304,early_restoration,,0.00961,,S1_VH(pending),0,Landsat_C2_L2,regimeB_v0_RS_t0,RS_t0_v0
mining,MINE_US_01305,stable_restoration,,-0.00759,,S1_VH(pending),0,Landsat_C2_L2,regimeB_v0_RS_t0,RS_t0_v0
mining,MINE_US_01306,early_restoration,,-0.0023,,S1_VH(pending),0,Landsat_C2_L2,regimeB_v0_RS_t0,RS_t0_v0
mining,MINE_US_01307,degraded,,0.00102,,S1_VH(pending),0,Landsat_C2_L2,regimeB_v0_RS_t0,RS_t0_v0
mining,MINE_US_01308,degraded,,0.00164,,S1_VH(pending),0,Landsat_C2_L2,regimeB_v0_RS_t0,RS_t0_v0
mining,MINE_US_01309,stable_restoration,,0.00236,,S1_VH(pending),0,Landsat_C2_L2,regimeB_v0_RS_t0,RS_t0_v0
mining,MINE_US_01310,early_restoration,,-0.004,,S1_VH(pending),0,Landsat_C2_L2,regimeB_v0_RS_t0,RS_t0_v0
mining,MINE_US_01311,early_restoration,,-0.02174,,S1_VH(pending),0,Landsat_C2_L2,regimeB_v0_RS_t0,RS_t0_v0
mining,MINE_US_01312,stable_restoration,,-0.00899,,S1_VH(pending),0,Landsat_C2_L2,regimeB_v0_RS_t0,RS_t0_v0
mining,MINE_US_01313,early_restoration,,-0.00072,,S1_VH(pending),0,Landsat_C2_L2,regimeB_v0_RS_t0,RS_t0_v0
mining,MINE_US_01314,stable_restoration,,-0.0105,,S1_VH(pending),0,Landsat_C2_L2,regimeB_v0_RS_t0,RS_t0_v0
mining,MINE_US_01315,stable_restoration,,-0.01158,,S1_VH(pending),0,Landsat_C2_L2,regimeB_v0_RS_t0,RS_t0_v0
mining,MINE_US_01316,early_restoration,,-0.01653,,S1_VH(pending),0,Landsat_C2_L2,regimeB_v0_RS_t0,RS_t0_v0
mining,MINE_US_01317,degraded,,0.00151,,S1_VH(pending),0,Landsat_C2_L2,regimeB_v0_RS_t0,RS_t0_v0
mining,MINE_US_01318,stable_restoration,,0.001,,S1_VH(pending),0,Landsat_C2_L2,regimeB_v0_RS_t0,RS_t0_v0
mining,MINE_US_01319,stable_restoration,,0.01482,,S1_VH(pending),0,Landsat_C2_L2,regimeB_v0_RS_t0,RS_t0_v0
mining,MINE_US_01320,degraded,,0.00144,,S1_VH(pending),0,Landsat_C2_L2,regimeB_v0_RS_t0,RS_t0_v0
mining,MINE_US_01321,stable_restoration,,-0.00194,,S1_VH(pending),0,Landsat_C2_L2,regimeB_v0_RS_t0,RS_t0_v0
mining,MINE_US_01322,early_restoration,,-0.01998,,S1_VH(pending),0,Landsat_C2_L2,regimeB_v0_RS_t0,RS_t0_v0
mining,MINE_US_01323,degraded,,0.00155,,S1_VH(pending),0,Landsat_C2_L2,regimeB_v0_RS_t0,RS_t0_v0
mining,MINE_US_01324,degraded,,0.00245,,S1_VH(pending),0,Landsat_C2_L2,regimeB_v0_RS_t0,RS_t0_v0
mining,MINE_US_01325,early_restoration,,-0.00196,,S1_VH(pending),0,Landsat_C2_L2,regimeB_v0_RS_t0,RS_t0_v0
mining,MINE_US_01326,stable_restoration,,-0.00936,,S1_VH(pending),0,Landsat_C2_L2,regimeB_v0_RS_t0,RS_t0_v0
mining,MINE_US_01327,stable_restoration,,-0.0141,,S1_VH(pending),0,Landsat_C2_L2,regimeB_v0_RS_t0,RS_t0_v0
mining,MINE_US_01328,stable_restoration,,0.0012,,S1_VH(pending),0,Landsat_C2_L2,regimeB_v0_RS_t0,RS_t0_v0
mining,MINE_US_01329,degraded,,0.00179,,S1_VH(pending),0,Landsat_C2_L2,regimeB_v0_RS_t0,RS_t0_v0
mining,MINE_US_01330,degraded,,0.00149,,S1_VH(pending),0,Landsat_C2_L2,regimeB_v0_RS_t0,RS_t0_v0
mining,MINE_US_01331,degraded,,-0.00034,,S1_VH(pending),0,Landsat_C2_L2,regimeB_v0_RS_t0,RS_t0_v0
mining,MINE_US_01332,stable_restoration,,0.01323,,S1_VH(pending),0,Landsat_C2_L2,regimeB_v0_RS_t0,RS_t0_v0
mining,MINE_US_01333,degraded,,0.00264,,S1_VH(pending),0,Landsat_C2_L2,regimeB_v0_RS_t0,RS_t0_v0
mining,MINE_US_01334,stable_restoration,,0.00252,,S1_VH(pending),0,Landsat_C2_L2,regimeB_v0_RS_t0,RS_t0_v0
mining,MINE_US_01335,early_restoration,,0.00512,,S1_VH(pending),0,Landsat_C2_L2,regimeB_v0_RS_t0,RS_t0_v0
mining,MINE_US_01336,early_restoration,,-0.00171,,S1_VH(pending),0,Landsat_C2_L2,regimeB_v0_RS_t0,RS_t0_v0
mining,MINE_US_01337,early_restoration,,-0.00216,,S1_VH(pending),0,Landsat_C2_L2,regimeB_v0_RS_t0,RS_t0_v0
mining,MINE_US_01338,stable_restoration,,-0.00936,,S1_VH(pending),0,Landsat_C2_L2,regimeB_v0_RS_t0,RS_t0_v0
mining,MINE_US_01339,early_restoration,,-0.02276,,S1_VH(pending),0,Landsat_C2_L2,regimeB_v0_RS_t0,RS_t0_v0
mining,MINE_US_01340,stable_restoration,,0.01257,,S1_VH(pending),0,Landsat_C2_L2,regimeB_v0_RS_t0,RS_t0_v0
mining,MINE_US_01341,early_restoration,,-0.0285,,S1_VH(pending),0,Landsat_C2_L2,regimeB_v0_RS_t0,RS_t0_v0
mining,MINE_US_01342,degraded,,0.00169,,S1_VH(pending),0,Landsat_C2_L2,regimeB_v0_RS_t0,RS_t0_v0
mining,MINE_US_01343,stable_restoration,,0.00749,,S1_VH(pending),0,Landsat_C2_L2,regimeB_v0_RS_t0,RS_t0_v0
mining,MINE_US_01344,early_restoration,,-0.00249,,S1_VH(pending),0,Landsat_C2_L2,regimeB_v0_RS_t0,RS_t0_v0
mining,MINE_US_01345,early_restoration,,0.00414,,S1_VH(pending),0,Landsat_C2_L2,regimeB_v0_RS_t0,RS_t0_v0
mining,MINE_US_01346,stable_restoration,,0.00378,,S1_VH(pending),0,Landsat_C2_L2,regimeB_v0_RS_t0,RS_t0_v0
mining,MINE_US_01347,degraded,,-0.00218,,S1_VH(pending),0,Landsat_C2_L2,regimeB_v0_RS_t0,RS_t0_v0
mining,MINE_US_01348,early_restoration,,-0.00828,,S1_VH(pending),0,Landsat_C2_L2,regimeB_v0_RS_t0,RS_t0_v0
mining,MINE_US_01349,stable_restoration,,0.00538,,S1_VH(pending),0,Landsat_C2_L2,regimeB_v0_RS_t0,RS_t0_v0
mining,MINE_US_01350,stable_restoration,,-0.00988,,S1_VH(pending),0,Landsat_C2_L2,regimeB_v0_RS_t0,RS_t0_v0
mining,MINE_US_01351,early_restoration,,-0.0194,,S1_VH(pending),0,Landsat_C2_L2,regimeB_v0_RS_t0,RS_t0_v0
mining,MINE_US_01352,early_restoration,,-0.02434,,S1_VH(pending),0,Landsat_C2_L2,regimeB_v0_RS_t0,RS_t0_v0
mining,MINE_US_01353,stable_restoration,,0.00363,,S1_VH(pending),0,Landsat_C2_L2,regimeB_v0_RS_t0,RS_t0_v0
mining,MINE_US_01354,degraded,,0.00015,,S1_VH(pending),0,Landsat_C2_L2,regimeB_v0_RS_t0,RS_t0_v0
mining,MINE_US_01355,degraded,,0.00154,,S1_VH(pending),0,Landsat_C2_L2,regimeB_v0_RS_t0,RS_t0_v0
mining,MINE_US_01356,degraded,,0.00344,,S1_VH(pending),0,Landsat_C2_L2,regimeB_v0_RS_t0,RS_t0_v0
mining,MINE_US_01357,stable_restoration,,0.00396,,S1_VH(pending),0,Landsat_C2_L2,regimeB_v0_RS_t0,RS_t0_v0
mining,MINE_US_01358,degraded,,-0.00175,,S1_VH(pending),0,Landsat_C2_L2,regimeB_v0_RS_t0,RS_t0_v0
mining,MINE_US_01359,degraded,,0.00134,,S1_VH(pending),0,Landsat_C2_L2,regimeB_v0_RS_t0,RS_t0_v0
mining,MINE_US_01360,stable_restoration,,-0.01734,,S1_VH(pending),0,Landsat_C2_L2,regimeB_v0_RS_t0,RS_t0_v0
mining,MINE_US_01361,stable_restoration,,-0.00073,,S1_VH(pending),0,Landsat_C2_L2,regimeB_v0_RS_t0,RS_t0_v0
mining,MINE_US_01362,stable_restoration,,-0.00526,,S1_VH(pending),0,Landsat_C2_L2,regimeB_v0_RS_t0,RS_t0_v0
mining,MINE_US_01363,degraded,,-0.00051,,S1_VH(pending),0,Landsat_C2_L2,regimeB_v0_RS_t0,RS_t0_v0
mining,MINE_US_01364,early_restoration,,0.00177,,S1_VH(pending),0,Landsat_C2_L2,regimeB_v0_RS_t0,RS_t0_v0
mining,MINE_US_01365,stable_restoration,,-0.00404,,S1_VH(pending),0,Landsat_C2_L2,regimeB_v0_RS_t0,RS_t0_v0
mining,MINE_US_01366,degraded,,-0.00072,,S1_VH(pending),0,Landsat_C2_L2,regimeB_v0_RS_t0,RS_t0_v0
mining,MINE_US_01367,stable_restoration,,-0.00523,,S1_VH(pending),0,Landsat_C2_L2,regimeB_v0_RS_t0,RS_t0_v0
mining,MINE_US_01368,degraded,,0.00155,,S1_VH(pending),0,Landsat_C2_L2,regimeB_v0_RS_t0,RS_t0_v0
mining,MINE_US_01369,stable_restoration,,-0.00525,,S1_VH(pending),0,Landsat_C2_L2,regimeB_v0_RS_t0,RS_t0_v0
mining,MINE_US_01370,degraded,,5e-05,,S1_VH(pending),0,Landsat_C2_L2,regimeB_v0_RS_t0,RS_t0_v0
mining,MINE_US_01371,degraded,,0.00098,,S1_VH(pending),0,Landsat_C2_L2,regimeB_v0_RS_t0,RS_t0_v0
mining,MINE_US_01372,early_restoration,,-0.00071,,S1_VH(pending),0,Landsat_C2_L2,regimeB_v0_RS_t0,RS_t0_v0
mining,MINE_US_01373,degraded,,0.00232,,S1_VH(pending),0,Landsat_C2_L2,regimeB_v0_RS_t0,RS_t0_v0
mining,MINE_US_01374,early_restoration,,-0.01197,,S1_VH(pending),0,Landsat_C2_L2,regimeB_v0_RS_t0,RS_t0_v0
mining,MINE_US_01375,stable_restoration,,-0.01542,,S1_VH(pending),0,Landsat_C2_L2,regimeB_v0_RS_t0,RS_t0_v0
mining,MINE_US_01376,stable_restoration,,0.01606,,S1_VH(pending),0,Landsat_C2_L2,regimeB_v0_RS_t0,RS_t0_v0
mining,MINE_US_01377,degraded,,0.00204,,S1_VH(pending),0,Landsat_C2_L2,regimeB_v0_RS_t0,RS_t0_v0
mining,MINE_US_01378,early_restoration,,-0.00773,,S1_VH(pending),0,Landsat_C2_L2,regimeB_v0_RS_t0,RS_t0_v0
mining,MINE_US_01379,early_restoration,,-0.00015,,S1_VH(pending),0,Landsat_C2_L2,regimeB_v0_RS_t0,RS_t0_v0
mining,MINE_US_01380,early_restoration,,-0.0057,,S1_VH(pending),0,Landsat_C2_L2,regimeB_v0_RS_t0,RS_t0_v0
mining,MINE_US_01381,stable_restoration,,-0.0034,,S1_VH(pending),0,Landsat_C2_L2,regimeB_v0_RS_t0,RS_t0_v0
mining,MINE_US_01382,early_restoration,,-0.00353,,S1_VH(pending),0,Landsat_C2_L2,regimeB_v0_RS_t0,RS_t0_v0
mining,MINE_US_01383,early_restoration,,0.00516,,S1_VH(pending),0,Landsat_C2_L2,regimeB_v0_RS_t0,RS_t0_v0
mining,MINE_US_01384,degraded,,0.00011,,S1_VH(pending),0,Landsat_C2_L2,regimeB_v0_RS_t0,RS_t0_v0
mining,MINE_US_01385,degraded,,0.00162,,S1_VH(pending),0,Landsat_C2_L2,regimeB_v0_RS_t0,RS_t0_v0
mining,MINE_US_01386,degraded,,0.00125,,S1_VH(pending),0,Landsat_C2_L2,regimeB_v0_RS_t0,RS_t0_v0
mining,MINE_US_01387,early_restoration,,-0.02025,,S1_VH(pending),0,Landsat_C2_L2,regimeB_v0_RS_t0,RS_t0_v0
mining,MINE_US_01388,degraded,,0.00177,,S1_VH(pending),0,Landsat_C2_L2,regimeB_v0_RS_t0,RS_t0_v0
mining,MINE_US_01389,stable_restoration,,-0.00713,,S1_VH(pending),0,Landsat_C2_L2,regimeB_v0_RS_t0,RS_t0_v0
mining,MINE_US_01390,degraded,,0.00337,,S1_VH(pending),0,Landsat_C2_L2,regimeB_v0_RS_t0,RS_t0_v0
mining,MINE_US_01391,stable_restoration,,-0.00011,,S1_VH(pending),0,Landsat_C2_L2,regimeB_v0_RS_t0,RS_t0_v0
mining,MINE_US_01392,early_restoration,,-0.01941,,S1_VH(pending),0,Landsat_C2_L2,regimeB_v0_RS_t0,RS_t0_v0
mining,MINE_US_01393,stable_restoration,,0.00442,,S1_VH(pending),0,Landsat_C2_L2,regimeB_v0_RS_t0,RS_t0_v0
mining,MINE_US_01394,stable_restoration,,0.00027,,S1_VH(pending),0,Landsat_C2_L2,regimeB_v0_RS_t0,RS_t0_v0
mining,MINE_US_01395,early_restoration,,0.00423,,S1_VH(pending),0,Landsat_C2_L2,regimeB_v0_RS_t0,RS_t0_v0
mining,MINE_US_01396,stable_restoration,,-0.00892,,S1_VH(pending),0,Landsat_C2_L2,regimeB_v0_RS_t0,RS_t0_v0
mining,MINE_US_01397,degraded,,0.00096,,S1_VH(pending),0,Landsat_C2_L2,regimeB_v0_RS_t0,RS_t0_v0
mining,MINE_US_01398,early_restoration,,0.00158,,S1_VH(pending),0,Landsat_C2_L2,regimeB_v0_RS_t0,RS_t0_v0
mining,MINE_US_01399,stable_restoration,,-0.00623,,S1_VH(pending),0,Landsat_C2_L2,regimeB_v0_RS_t0,RS_t0_v0
mining,MINE_US_01400,degraded,,0.00099,,S1_VH(pending),0,Landsat_C2_L2,regimeB_v0_RS_t0,RS_t0_v0
mining,MINE_US_01401,degraded,,0.00315,,S1_VH(pending),0,Landsat_C2_L2,regimeB_v0_RS_t0,RS_t0_v0
mining,MINE_US_01402,stable_restoration,,-0.00309,,S1_VH(pending),0,Landsat_C2_L2,regimeB_v0_RS_t0,RS_t0_v0
mining,MINE_US_01403,stable_restoration,,2e-05,,S1_VH(pending),0,Landsat_C2_L2,regimeB_v0_RS_t0,RS_t0_v0
mining,MINE_US_01404,stable_restoration,,0.00651,,S1_VH(pending),0,Landsat_C2_L2,regimeB_v0_RS_t0,RS_t0_v0
mining,MINE_US_01405,early_restoration,,0.00236,,S1_VH(pending),0,Landsat_C2_L2,regimeB_v0_RS_t0,RS_t0_v0
mining,MINE_US_01406,stable_restoration,,-0.01036,,S1_VH(pending),0,Landsat_C2_L2,regimeB_v0_RS_t0,RS_t0_v0
mining,MINE_US_01407,stable_restoration,,-0.00389,,S1_VH(pending),0,Landsat_C2_L2,regimeB_v0_RS_t0,RS_t0_v0
mining,MINE_US_01408,degraded,,-0.00362,,S1_VH(pending),0,Landsat_C2_L2,regimeB_v0_RS_t0,RS_t0_v0
mining,MINE_US_01409,degraded,,0.00238,,S1_VH(pending),0,Landsat_C2_L2,regimeB_v0_RS_t0,RS_t0_v0
mining,MINE_US_01410,stable_restoration,,0.00643,,S1_VH(pending),0,Landsat_C2_L2,regimeB_v0_RS_t0,RS_t0_v0
mining,MINE_US_01411,stable_restoration,,0.01343,,S1_VH(pending),0,Landsat_C2_L2,regimeB_v0_RS_t0,RS_t0_v0
mining,MINE_US_01412,early_restoration,,0.00334,,S1_VH(pending),0,Landsat_C2_L2,regimeB_v0_RS_t0,RS_t0_v0
mining,MINE_US_01413,stable_restoration,,6e-05,,S1_VH(pending),0,Landsat_C2_L2,regimeB_v0_RS_t0,RS_t0_v0
mining,MINE_US_01414,early_restoration,,-0.00249,,S1_VH(pending),0,Landsat_C2_L2,regimeB_v0_RS_t0,RS_t0_v0
mining,MINE_US_01415,stable_restoration,,-0.00099,,S1_VH(pending),0,Landsat_C2_L2,regimeB_v0_RS_t0,RS_t0_v0
mining,MINE_US_01416,degraded,,0.00135,,S1_VH(pending),0,Landsat_C2_L2,regimeB_v0_RS_t0,RS_t0_v0
mining,MINE_US_01417,degraded,,0.00117,,S1_VH(pending),0,Landsat_C2_L2,regimeB_v0_RS_t0,RS_t0_v0
mining,MINE_US_01418,stable_restoration,,-0.00787,,S1_VH(pending),0,Landsat_C2_L2,regimeB_v0_RS_t0,RS_t0_v0
mining,MINE_US_01419,early_restoration,,0.00274,,S1_VH(pending),0,Landsat_C2_L2,regimeB_v0_RS_t0,RS_t0_v0
mining,MINE_US_01420,stable_restoration,,-0.01378,,S1_VH(pending),0,Landsat_C2_L2,regimeB_v0_RS_t0,RS_t0_v0
mining,MINE_US_01421,degraded,,0.00277,,S1_VH(pending),0,Landsat_C2_L2,regimeB_v0_RS_t0,RS_t0_v0
mining,MINE_US_01422,early_restoration,,-0.01134,,S1_VH(pending),0,Landsat_C2_L2,regimeB_v0_RS_t0,RS_t0_v0
mining,MINE_US_01423,early_restoration,,0.00273,,S1_VH(pending),0,Landsat_C2_L2,regimeB_v0_RS_t0,RS_t0_v0
mining,MINE_US_01424,stable_restoration,,-0.00098,,S1_VH(pending),0,Landsat_C2_L2,regimeB_v0_RS_t0,RS_t0_v0
mining,MINE_US_01425,early_restoration,,0.00172,,S1_VH(pending),0,Landsat_C2_L2,regimeB_v0_RS_t0,RS_t0_v0
mining,MINE_US_01426,early_restoration,,-0.00536,,S1_VH(pending),0,Landsat_C2_L2,regimeB_v0_RS_t0,RS_t0_v0
mining,MINE_US_01427,early_restoration,,0.00613,,S1_VH(pending),0,Landsat_C2_L2,regimeB_v0_RS_t0,RS_t0_v0
mining,MINE_US_01428,stable_restoration,,-0.01443,,S1_VH(pending),0,Landsat_C2_L2,regimeB_v0_RS_t0,RS_t0_v0
mining,MINE_US_01429,degraded,,-0.00529,,S1_VH(pending),0,Landsat_C2_L2,regimeB_v0_RS_t0,RS_t0_v0
mining,MINE_US_01430,stable_restoration,,-0.01009,,S1_VH(pending),0,Landsat_C2_L2,regimeB_v0_RS_t0,RS_t0_v0
mining,MINE_US_01431,stable_restoration,,0.00745,,S1_VH(pending),0,Landsat_C2_L2,regimeB_v0_RS_t0,RS_t0_v0
mining,MINE_US_01432,stable_restoration,,-0.00647,,S1_VH(pending),0,Landsat_C2_L2,regimeB_v0_RS_t0,RS_t0_v0
mining,MINE_US_01433,stable_restoration,,0.01616,,S1_VH(pending),0,Landsat_C2_L2,regimeB_v0_RS_t0,RS_t0_v0
mining,MINE_US_01434,degraded,,0.00127,,S1_VH(pending),0,Landsat_C2_L2,regimeB_v0_RS_t0,RS_t0_v0
mining,MINE_US_01435,early_restoration,,-0.00205,,S1_VH(pending),0,Landsat_C2_L2,regimeB_v0_RS_t0,RS_t0_v0
mining,MINE_US_01436,early_restoration,,0.0023,,S1_VH(pending),0,Landsat_C2_L2,regimeB_v0_RS_t0,RS_t0_v0
mining,MINE_US_01437,early_restoration,,-0.0027,,S1_VH(pending),0,Landsat_C2_L2,regimeB_v0_RS_t0,RS_t0_v0
mining,MINE_US_01438,degraded,,0.00246,,S1_VH(pending),0,Landsat_C2_L2,regimeB_v0_RS_t0,RS_t0_v0
mining,MINE_US_01439,stable_restoration,,-0.01166,,S1_VH(pending),0,Landsat_C2_L2,regimeB_v0_RS_t0,RS_t0_v0
mining,MINE_US_01440,stable_restoration,,0.0041,,S1_VH(pending),0,Landsat_C2_L2,regimeB_v0_RS_t0,RS_t0_v0
mining,MINE_US_01441,early_restoration,,0.00891,,S1_VH(pending),0,Landsat_C2_L2,regimeB_v0_RS_t0,RS_t0_v0
mining,MINE_US_01442,early_restoration,,0.00464,,S1_VH(pending),0,Landsat_C2_L2,regimeB_v0_RS_t0,RS_t0_v0
mining,MINE_US_01443,stable_restoration,,-0.01061,,S1_VH(pending),0,Landsat_C2_L2,regimeB_v0_RS_t0,RS_t0_v0
mining,MINE_US_01444,early_restoration,,0.00152,,S1_VH(pending),0,Landsat_C2_L2,regimeB_v0_RS_t0,RS_t0_v0
mining,MINE_US_01445,early_restoration,,0.00375,,S1_VH(pending),0,Landsat_C2_L2,regimeB_v0_RS_t0,RS_t0_v0
mining,MINE_US_01446,early_restoration,,-0.00098,,S1_VH(pending),0,Landsat_C2_L2,regimeB_v0_RS_t0,RS_t0_v0
mining,MINE_US_01447,stable_restoration,,0.00208,,S1_VH(pending),0,Landsat_C2_L2,regimeB_v0_RS_t0,RS_t0_v0
mining,MINE_US_01448,stable_restoration,,-0.00752,,S1_VH(pending),0,Landsat_C2_L2,regimeB_v0_RS_t0,RS_t0_v0
mining,MINE_US_01449,degraded,,0.00083,,S1_VH(pending),0,Landsat_C2_L2,regimeB_v0_RS_t0,RS_t0_v0
mining,MINE_US_01450,early_restoration,,-0.02103,,S1_VH(pending),0,Landsat_C2_L2,regimeB_v0_RS_t0,RS_t0_v0
mining,MINE_US_01451,stable_restoration,,0.00232,,S1_VH(pending),0,Landsat_C2_L2,regimeB_v0_RS_t0,RS_t0_v0
mining,MINE_US_01452,early_restoration,,-0.00974,,S1_VH(pending),0,Landsat_C2_L2,regimeB_v0_RS_t0,RS_t0_v0
mining,MINE_US_01453,relapse_degradation,,-0.00106,,S1_VH(pending),0,Landsat_C2_L2,regimeB_v0_RS_t0,RS_t0_v0
mining,MINE_US_01454,stable_restoration,,-0.00658,,S1_VH(pending),0,Landsat_C2_L2,regimeB_v0_RS_t0,RS_t0_v0
mining,MINE_US_01455,stable_restoration,,-0.01049,,S1_VH(pending),0,Landsat_C2_L2,regimeB_v0_RS_t0,RS_t0_v0
mining,MINE_US_01456,early_restoration,,-0.01203,,S1_VH(pending),0,Landsat_C2_L2,regimeB_v0_RS_t0,RS_t0_v0
mining,MINE_US_01457,stable_restoration,,0.00016,,S1_VH(pending),0,Landsat_C2_L2,regimeB_v0_RS_t0,RS_t0_v0
mining,MINE_US_01458,stable_restoration,,0.00558,,S1_VH(pending),0,Landsat_C2_L2,regimeB_v0_RS_t0,RS_t0_v0
mining,MINE_US_01459,stable_restoration,,-0.01347,,S1_VH(pending),0,Landsat_C2_L2,regimeB_v0_RS_t0,RS_t0_v0
mining,MINE_US_01460,stable_restoration,,0.00643,,S1_VH(pending),0,Landsat_C2_L2,regimeB_v0_RS_t0,RS_t0_v0
mining,MINE_US_01461,early_restoration,,-0.012,,S1_VH(pending),0,Landsat_C2_L2,regimeB_v0_RS_t0,RS_t0_v0
mining,MINE_US_01462,degraded,,0.00071,,S1_VH(pending),0,Landsat_C2_L2,regimeB_v0_RS_t0,RS_t0_v0
mining,MINE_US_01463,early_restoration,,-0.00017,,S1_VH(pending),0,Landsat_C2_L2,regimeB_v0_RS_t0,RS_t0_v0
mining,MINE_US_01464,stable_restoration,,-0.01638,,S1_VH(pending),0,Landsat_C2_L2,regimeB_v0_RS_t0,RS_t0_v0
mining,MINE_US_01465,stable_restoration,,-0.00549,,S1_VH(pending),0,Landsat_C2_L2,regimeB_v0_RS_t0,RS_t0_v0
mining,MINE_US_01466,stable_restoration,,-0.01249,,S1_VH(pending),0,Landsat_C2_L2,regimeB_v0_RS_t0,RS_t0_v0
mining,MINE_US_01467,degraded,,0.00051,,S1_VH(pending),0,Landsat_C2_L2,regimeB_v0_RS_t0,RS_t0_v0
mining,MINE_US_01468,degraded,,0.00139,,S1_VH(pending),0,Landsat_C2_L2,regimeB_v0_RS_t0,RS_t0_v0
mining,MINE_US_01469,stable_restoration,,-0.01032,,S1_VH(pending),0,Landsat_C2_L2,regimeB_v0_RS_t0,RS_t0_v0
mining,MINE_US_01470,early_restoration,,-0.01727,,S1_VH(pending),0,Landsat_C2_L2,regimeB_v0_RS_t0,RS_t0_v0
mining,MINE_US_01471,stable_restoration,,-0.01891,,S1_VH(pending),0,Landsat_C2_L2,regimeB_v0_RS_t0,RS_t0_v0
mining,MINE_US_01472,stable_restoration,,-0.01796,,S1_VH(pending),0,Landsat_C2_L2,regimeB_v0_RS_t0,RS_t0_v0
mining,MINE_US_01473,stable_restoration,,-0.0096,,S1_VH(pending),0,Landsat_C2_L2,regimeB_v0_RS_t0,RS_t0_v0
mining,MINE_US_01474,stable_restoration,,-0.00656,,S1_VH(pending),0,Landsat_C2_L2,regimeB_v0_RS_t0,RS_t0_v0
mining,MINE_US_01475,early_restoration,,0.00356,,S1_VH(pending),0,Landsat_C2_L2,regimeB_v0_RS_t0,RS_t0_v0
mining,MINE_US_01476,stable_restoration,,0.00438,,S1_VH(pending),0,Landsat_C2_L2,regimeB_v0_RS_t0,RS_t0_v0
mining,MINE_US_01477,stable_restoration,,0.0054,,S1_VH(pending),0,Landsat_C2_L2,regimeB_v0_RS_t0,RS_t0_v0
mining,MINE_US_01478,degraded,,-0.00068,,S1_VH(pending),0,Landsat_C2_L2,regimeB_v0_RS_t0,RS_t0_v0
mining,MINE_US_01479,stable_restoration,,-0.00827,,S1_VH(pending),0,Landsat_C2_L2,regimeB_v0_RS_t0,RS_t0_v0
mining,MINE_US_01480,stable_restoration,,0.00383,,S1_VH(pending),0,Landsat_C2_L2,regimeB_v0_RS_t0,RS_t0_v0
mining,MINE_US_01481,stable_restoration,,-0.01091,,S1_VH(pending),0,Landsat_C2_L2,regimeB_v0_RS_t0,RS_t0_v0
mining,MINE_US_01482,stable_restoration,,0.00357,,S1_VH(pending),0,Landsat_C2_L2,regimeB_v0_RS_t0,RS_t0_v0
mining,MINE_US_01483,degraded,,0.00142,,S1_VH(pending),0,Landsat_C2_L2,regimeB_v0_RS_t0,RS_t0_v0
mining,MINE_US_01484,stable_restoration,,0.00383,,S1_VH(pending),0,Landsat_C2_L2,regimeB_v0_RS_t0,RS_t0_v0
mining,MINE_US_01485,stable_restoration,,-0.00406,,S1_VH(pending),0,Landsat_C2_L2,regimeB_v0_RS_t0,RS_t0_v0
mining,MINE_US_01486,degraded,,0.00085,,S1_VH(pending),0,Landsat_C2_L2,regimeB_v0_RS_t0,RS_t0_v0
mining,MINE_US_01487,degraded,,0.00117,,S1_VH(pending),0,Landsat_C2_L2,regimeB_v0_RS_t0,RS_t0_v0
mining,MINE_US_01488,stable_restoration,,0.00268,,S1_VH(pending),0,Landsat_C2_L2,regimeB_v0_RS_t0,RS_t0_v0
mining,MINE_US_01489,degraded,,0.00245,,S1_VH(pending),0,Landsat_C2_L2,regimeB_v0_RS_t0,RS_t0_v0
mining,MINE_US_01490,degraded,,0.00177,,S1_VH(pending),0,Landsat_C2_L2,regimeB_v0_RS_t0,RS_t0_v0
mining,MINE_US_01491,early_restoration,,0.00472,,S1_VH(pending),0,Landsat_C2_L2,regimeB_v0_RS_t0,RS_t0_v0
mining,MINE_US_01492,early_restoration,,0.00175,,S1_VH(pending),0,Landsat_C2_L2,regimeB_v0_RS_t0,RS_t0_v0
mining,MINE_US_01493,early_restoration,,0.00562,,S1_VH(pending),0,Landsat_C2_L2,regimeB_v0_RS_t0,RS_t0_v0
mining,MINE_US_01494,degraded,,-0.00044,,S1_VH(pending),0,Landsat_C2_L2,regimeB_v0_RS_t0,RS_t0_v0
mining,MINE_US_01495,stable_restoration,,-0.01348,,S1_VH(pending),0,Landsat_C2_L2,regimeB_v0_RS_t0,RS_t0_v0
mining,MINE_US_01496,early_restoration,,-0.00651,,S1_VH(pending),0,Landsat_C2_L2,regimeB_v0_RS_t0,RS_t0_v0
mining,MINE_US_01497,degraded,,0.00145,,S1_VH(pending),0,Landsat_C2_L2,regimeB_v0_RS_t0,RS_t0_v0
mining,MINE_US_01498,degraded,,-0.00387,,S1_VH(pending),0,Landsat_C2_L2,regimeB_v0_RS_t0,RS_t0_v0
mining,MINE_US_01499,degraded,,0.00357,,S1_VH(pending),0,Landsat_C2_L2,regimeB_v0_RS_t0,RS_t0_v0
mining,MINE_US_01500,stable_restoration,,0.007,,S1_VH(pending),0,Landsat_C2_L2,regimeB_v0_RS_t0,RS_t0_v0
mining,MINE_US_01501,stable_restoration,,0.00027,,S1_VH(pending),0,Landsat_C2_L2,regimeB_v0_RS_t0,RS_t0_v0
mining,MINE_US_01502,stable_restoration,,-0.00411,,S1_VH(pending),0,Landsat_C2_L2,regimeB_v0_RS_t0,RS_t0_v0
mining,MINE_US_01503,early_restoration,,-0.00149,,S1_VH(pending),0,Landsat_C2_L2,regimeB_v0_RS_t0,RS_t0_v0
mining,MINE_US_01504,early_restoration,,0.0008,,S1_VH(pending),0,Landsat_C2_L2,regimeB_v0_RS_t0,RS_t0_v0
mining,MINE_US_01505,stable_restoration,,-0.00875,,S1_VH(pending),0,Landsat_C2_L2,regimeB_v0_RS_t0,RS_t0_v0
mining,MINE_US_01506,stable_restoration,,-0.01231,,S1_VH(pending),0,Landsat_C2_L2,regimeB_v0_RS_t0,RS_t0_v0
mining,MINE_US_01507,stable_restoration,,-0.00065,,S1_VH(pending),0,Landsat_C2_L2,regimeB_v0_RS_t0,RS_t0_v0
mining,MINE_US_01508,stable_restoration,,0.00403,,S1_VH(pending),0,Landsat_C2_L2,regimeB_v0_RS_t0,RS_t0_v0
mining,MINE_US_01509,early_restoration,,0.00047,,S1_VH(pending),0,Landsat_C2_L2,regimeB_v0_RS_t0,RS_t0_v0
mining,MINE_US_01510,degraded,,0.00223,,S1_VH(pending),0,Landsat_C2_L2,regimeB_v0_RS_t0,RS_t0_v0
mining,MINE_US_01511,early_restoration,,0.0017,,S1_VH(pending),0,Landsat_C2_L2,regimeB_v0_RS_t0,RS_t0_v0
mining,MINE_US_01512,degraded,,0.00117,,S1_VH(pending),0,Landsat_C2_L2,regimeB_v0_RS_t0,RS_t0_v0
mining,MINE_US_01513,early_restoration,,6e-05,,S1_VH(pending),0,Landsat_C2_L2,regimeB_v0_RS_t0,RS_t0_v0
mining,MINE_US_01514,early_restoration,,-0.02085,,S1_VH(pending),0,Landsat_C2_L2,regimeB_v0_RS_t0,RS_t0_v0
mining,MINE_US_01515,early_restoration,,0.00175,,S1_VH(pending),0,Landsat_C2_L2,regimeB_v0_RS_t0,RS_t0_v0
mining,MINE_US_01516,stable_restoration,,-0.01206,,S1_VH(pending),0,Landsat_C2_L2,regimeB_v0_RS_t0,RS_t0_v0
mining,MINE_US_01517,degraded,,-0.0024,,S1_VH(pending),0,Landsat_C2_L2,regimeB_v0_RS_t0,RS_t0_v0
mining,MINE_US_01518,stable_restoration,,0.0021,,S1_VH(pending),0,Landsat_C2_L2,regimeB_v0_RS_t0,RS_t0_v0
mining,MINE_US_01519,early_restoration,,0.00992,,S1_VH(pending),0,Landsat_C2_L2,regimeB_v0_RS_t0,RS_t0_v0
mining,MINE_US_01520,degraded,,-0.00052,,S1_VH(pending),0,Landsat_C2_L2,regimeB_v0_RS_t0,RS_t0_v0
mining,MINE_US_01521,degraded,,0.00128,,S1_VH(pending),0,Landsat_C2_L2,regimeB_v0_RS_t0,RS_t0_v0
mining,MINE_US_01522,degraded,,0.00287,,S1_VH(pending),0,Landsat_C2_L2,regimeB_v0_RS_t0,RS_t0_v0
mining,MINE_US_01523,degraded,,0.00111,,S1_VH(pending),0,Landsat_C2_L2,regimeB_v0_RS_t0,RS_t0_v0
mining,MINE_US_01524,stable_restoration,,0.00585,,S1_VH(pending),0,Landsat_C2_L2,regimeB_v0_RS_t0,RS_t0_v0
mining,MINE_US_01525,early_restoration,,0.00184,,S1_VH(pending),0,Landsat_C2_L2,regimeB_v0_RS_t0,RS_t0_v0
mining,MINE_US_01526,stable_restoration,,-0.0072,,S1_VH(pending),0,Landsat_C2_L2,regimeB_v0_RS_t0,RS_t0_v0
mining,MINE_US_01527,early_restoration,,-0.00418,,S1_VH(pending),0,Landsat_C2_L2,regimeB_v0_RS_t0,RS_t0_v0
mining,MINE_US_01528,degraded,,-7e-05,,S1_VH(pending),0,Landsat_C2_L2,regimeB_v0_RS_t0,RS_t0_v0
mining,MINE_US_01529,stable_restoration,,-0.00288,,S1_VH(pending),0,Landsat_C2_L2,regimeB_v0_RS_t0,RS_t0_v0
mining,MINE_US_01530,early_restoration,,0.00032,,S1_VH(pending),0,Landsat_C2_L2,regimeB_v0_RS_t0,RS_t0_v0
mining,MINE_US_01531,early_restoration,,-0.00283,,S1_VH(pending),0,Landsat_C2_L2,regimeB_v0_RS_t0,RS_t0_v0
mining,MINE_US_01532,early_restoration,,0.00212,,S1_VH(pending),0,Landsat_C2_L2,regimeB_v0_RS_t0,RS_t0_v0
mining,MINE_US_01533,stable_restoration,,0.00371,,S1_VH(pending),0,Landsat_C2_L2,regimeB_v0_RS_t0,RS_t0_v0
mining,MINE_US_01534,stable_restoration,,0.00493,,S1_VH(pending),0,Landsat_C2_L2,regimeB_v0_RS_t0,RS_t0_v0
mining,MINE_US_01535,early_restoration,,-0.00373,,S1_VH(pending),0,Landsat_C2_L2,regimeB_v0_RS_t0,RS_t0_v0
mining,MINE_US_01536,stable_restoration,,0.00388,,S1_VH(pending),0,Landsat_C2_L2,regimeB_v0_RS_t0,RS_t0_v0
mining,MINE_US_01537,stable_restoration,,-0.00495,,S1_VH(pending),0,Landsat_C2_L2,regimeB_v0_RS_t0,RS_t0_v0
mining,MINE_US_01538,stable_restoration,,-0.0112,,S1_VH(pending),0,Landsat_C2_L2,regimeB_v0_RS_t0,RS_t0_v0
mining,MINE_US_01539,degraded,,0.0011,,S1_VH(pending),0,Landsat_C2_L2,regimeB_v0_RS_t0,RS_t0_v0
mining,MINE_US_01540,stable_restoration,,0.00117,,S1_VH(pending),0,Landsat_C2_L2,regimeB_v0_RS_t0,RS_t0_v0
mining,MINE_US_01541,degraded,,0.00254,,S1_VH(pending),0,Landsat_C2_L2,regimeB_v0_RS_t0,RS_t0_v0
mining,MINE_US_01542,early_restoration,,0.00453,,S1_VH(pending),0,Landsat_C2_L2,regimeB_v0_RS_t0,RS_t0_v0
mining,MINE_US_01543,degraded,,-6e-05,,S1_VH(pending),0,Landsat_C2_L2,regimeB_v0_RS_t0,RS_t0_v0
mining,MINE_US_01544,early_restoration,,0.0014,,S1_VH(pending),0,Landsat_C2_L2,regimeB_v0_RS_t0,RS_t0_v0
mining,MINE_US_01545,early_restoration,,8e-05,,S1_VH(pending),0,Landsat_C2_L2,regimeB_v0_RS_t0,RS_t0_v0
mining,MINE_US_01546,stable_restoration,,-0.00339,,S1_VH(pending),0,Landsat_C2_L2,regimeB_v0_RS_t0,RS_t0_v0
mining,MINE_US_01547,early_restoration,,0.00618,,S1_VH(pending),0,Landsat_C2_L2,regimeB_v0_RS_t0,RS_t0_v0
mining,MINE_US_01548,degraded,,0.00072,,S1_VH(pending),0,Landsat_C2_L2,regimeB_v0_RS_t0,RS_t0_v0
mining,MINE_US_01549,stable_restoration,,-0.00383,,S1_VH(pending),0,Landsat_C2_L2,regimeB_v0_RS_t0,RS_t0_v0
mining,MINE_US_01550,degraded,,0.0039,,S1_VH(pending),0,Landsat_C2_L2,regimeB_v0_RS_t0,RS_t0_v0
mining,MINE_US_01551,degraded,,-0.00097,,S1_VH(pending),0,Landsat_C2_L2,regimeB_v0_RS_t0,RS_t0_v0
mining,MINE_US_01552,stable_restoration,,0.01026,,S1_VH(pending),0,Landsat_C2_L2,regimeB_v0_RS_t0,RS_t0_v0
mining,MINE_US_01553,early_restoration,,-0.011,,S1_VH(pending),0,Landsat_C2_L2,regimeB_v0_RS_t0,RS_t0_v0
mining,MINE_US_01554,degraded,,-0.01386,,S1_VH(pending),0,Landsat_C2_L2,regimeB_v0_RS_t0,RS_t0_v0
mining,MINE_US_01555,stable_restoration,,0.0082,,S1_VH(pending),0,Landsat_C2_L2,regimeB_v0_RS_t0,RS_t0_v0
mining,MINE_US_01556,stable_restoration,,-0.01205,,S1_VH(pending),0,Landsat_C2_L2,regimeB_v0_RS_t0,RS_t0_v0
mining,MINE_US_01557,degraded,,-0.00076,,S1_VH(pending),0,Landsat_C2_L2,regimeB_v0_RS_t0,RS_t0_v0
mining,MINE_US_01558,stable_restoration,,-0.00964,,S1_VH(pending),0,Landsat_C2_L2,regimeB_v0_RS_t0,RS_t0_v0
mining,MINE_US_01559,degraded,,0.00423,,S1_VH(pending),0,Landsat_C2_L2,regimeB_v0_RS_t0,RS_t0_v0
mining,MINE_US_01560,degraded,,-0.00076,,S1_VH(pending),0,Landsat_C2_L2,regimeB_v0_RS_t0,RS_t0_v0
mining,MINE_US_01561,early_restoration,,-0.01716,,S1_VH(pending),0,Landsat_C2_L2,regimeB_v0_RS_t0,RS_t0_v0
mining,MINE_US_01562,degraded,,0.0019,,S1_VH(pending),0,Landsat_C2_L2,regimeB_v0_RS_t0,RS_t0_v0
mining,MINE_US_01563,stable_restoration,,0.00489,,S1_VH(pending),0,Landsat_C2_L2,regimeB_v0_RS_t0,RS_t0_v0
mining,MINE_US_01564,early_restoration,,-0.00274,,S1_VH(pending),0,Landsat_C2_L2,regimeB_v0_RS_t0,RS_t0_v0
mining,MINE_US_01565,early_restoration,,0.00104,,S1_VH(pending),0,Landsat_C2_L2,regimeB_v0_RS_t0,RS_t0_v0
mining,MINE_US_01566,stable_restoration,,-0.00346,,S1_VH(pending),0,Landsat_C2_L2,regimeB_v0_RS_t0,RS_t0_v0
mining,MINE_US_01567,early_restoration,,-0.00014,,S1_VH(pending),0,Landsat_C2_L2,regimeB_v0_RS_t0,RS_t0_v0
mining,MINE_US_01568,early_restoration,,-0.00608,,S1_VH(pending),0,Landsat_C2_L2,regimeB_v0_RS_t0,RS_t0_v0
mining,MINE_US_01569,early_restoration,,-0.00763,,S1_VH(pending),0,Landsat_C2_L2,regimeB_v0_RS_t0,RS_t0_v0
mining,MINE_US_01570,early_restoration,,-0.01104,,S1_VH(pending),0,Landsat_C2_L2,regimeB_v0_RS_t0,RS_t0_v0
mining,MINE_US_01571,early_restoration,,0.00091,,S1_VH(pending),0,Landsat_C2_L2,regimeB_v0_RS_t0,RS_t0_v0
mining,MINE_US_01572,stable_restoration,,0.00788,,S1_VH(pending),0,Landsat_C2_L2,regimeB_v0_RS_t0,RS_t0_v0
mining,MINE_US_01573,stable_restoration,,0.01805,,S1_VH(pending),0,Landsat_C2_L2,regimeB_v0_RS_t0,RS_t0_v0
mining,MINE_US_01574,early_restoration,,-0.0102,,S1_VH(pending),0,Landsat_C2_L2,regimeB_v0_RS_t0,RS_t0_v0
mining,MINE_US_01575,stable_restoration,,0.00481,,S1_VH(pending),0,Landsat_C2_L2,regimeB_v0_RS_t0,RS_t0_v0
mining,MINE_US_01576,degraded,,0.00172,,S1_VH(pending),0,Landsat_C2_L2,regimeB_v0_RS_t0,RS_t0_v0
mining,MINE_US_01577,early_restoration,,-0.00574,,S1_VH(pending),0,Landsat_C2_L2,regimeB_v0_RS_t0,RS_t0_v0
mining,MINE_US_01578,stable_restoration,,0.00601,,S1_VH(pending),0,Landsat_C2_L2,regimeB_v0_RS_t0,RS_t0_v0
mining,MINE_US_01579,degraded,,-0.01276,,S1_VH(pending),0,Landsat_C2_L2,regimeB_v0_RS_t0,RS_t0_v0
mining,MINE_US_01580,early_restoration,,0.00165,,S1_VH(pending),0,Landsat_C2_L2,regimeB_v0_RS_t0,RS_t0_v0
mining,MINE_US_01581,stable_restoration,,-0.00167,,S1_VH(pending),0,Landsat_C2_L2,regimeB_v0_RS_t0,RS_t0_v0
mining,MINE_US_01582,early_restoration,,-0.0215,,S1_VH(pending),0,Landsat_C2_L2,regimeB_v0_RS_t0,RS_t0_v0
mining,MINE_US_01583,early_restoration,,0.00345,,S1_VH(pending),0,Landsat_C2_L2,regimeB_v0_RS_t0,RS_t0_v0
mining,MINE_US_01584,stable_restoration,,0.01146,,S1_VH(pending),0,Landsat_C2_L2,regimeB_v0_RS_t0,RS_t0_v0
mining,MINE_US_01585,degraded,,0.00158,,S1_VH(pending),0,Landsat_C2_L2,regimeB_v0_RS_t0,RS_t0_v0
mining,MINE_US_01586,degraded,,-0.00143,,S1_VH(pending),0,Landsat_C2_L2,regimeB_v0_RS_t0,RS_t0_v0
mining,MINE_US_01587,degraded,,0.0007,,S1_VH(pending),0,Landsat_C2_L2,regimeB_v0_RS_t0,RS_t0_v0
mining,MINE_US_01588,degraded,,0.00195,,S1_VH(pending),0,Landsat_C2_L2,regimeB_v0_RS_t0,RS_t0_v0
mining,MINE_US_01589,stable_restoration,,0.01242,,S1_VH(pending),0,Landsat_C2_L2,regimeB_v0_RS_t0,RS_t0_v0
mining,MINE_US_01590,stable_restoration,,0.00243,,S1_VH(pending),0,Landsat_C2_L2,regimeB_v0_RS_t0,RS_t0_v0
mining,MINE_US_01591,degraded,,0.00218,,S1_VH(pending),0,Landsat_C2_L2,regimeB_v0_RS_t0,RS_t0_v0
mining,MINE_US_01592,degraded,,0.00461,,S1_VH(pending),0,Landsat_C2_L2,regimeB_v0_RS_t0,RS_t0_v0
mining,MINE_US_01593,degraded,,-0.01431,,S1_VH(pending),0,Landsat_C2_L2,regimeB_v0_RS_t0,RS_t0_v0
mining,MINE_US_01594,degraded,,0.00233,,S1_VH(pending),0,Landsat_C2_L2,regimeB_v0_RS_t0,RS_t0_v0
mining,MINE_US_01595,early_restoration,,0.00456,,S1_VH(pending),0,Landsat_C2_L2,regimeB_v0_RS_t0,RS_t0_v0
mining,MINE_US_01596,early_restoration,,-0.0055,,S1_VH(pending),0,Landsat_C2_L2,regimeB_v0_RS_t0,RS_t0_v0
mining,MINE_US_01597,stable_restoration,,-0.00094,,S1_VH(pending),0,Landsat_C2_L2,regimeB_v0_RS_t0,RS_t0_v0
mining,MINE_US_01598,early_restoration,,0.00123,,S1_VH(pending),0,Landsat_C2_L2,regimeB_v0_RS_t0,RS_t0_v0
mining,MINE_US_01599,early_restoration,,0.00112,,S1_VH(pending),0,Landsat_C2_L2,regimeB_v0_RS_t0,RS_t0_v0
mining,MINE_US_01600,stable_restoration,,0.01142,,S1_VH(pending),0,Landsat_C2_L2,regimeB_v0_RS_t0,RS_t0_v0
mining,MINE_US_01601,stable_restoration,,-0.00061,,S1_VH(pending),0,Landsat_C2_L2,regimeB_v0_RS_t0,RS_t0_v0
mining,MINE_US_01602,degraded,,0.00111,,S1_VH(pending),0,Landsat_C2_L2,regimeB_v0_RS_t0,RS_t0_v0
mining,MINE_US_01603,early_restoration,,0.00477,,S1_VH(pending),0,Landsat_C2_L2,regimeB_v0_RS_t0,RS_t0_v0
mining,MINE_US_01604,stable_restoration,,-0.00697,,S1_VH(pending),0,Landsat_C2_L2,regimeB_v0_RS_t0,RS_t0_v0
mining,MINE_US_01605,early_restoration,,-0.00617,,S1_VH(pending),0,Landsat_C2_L2,regimeB_v0_RS_t0,RS_t0_v0
mining,MINE_US_01606,early_restoration,,-0.01874,,S1_VH(pending),0,Landsat_C2_L2,regimeB_v0_RS_t0,RS_t0_v0
mining,MINE_US_01607,stable_restoration,,-0.00707,,S1_VH(pending),0,Landsat_C2_L2,regimeB_v0_RS_t0,RS_t0_v0
mining,MINE_US_01608,stable_restoration,,-0.02086,,S1_VH(pending),0,Landsat_C2_L2,regimeB_v0_RS_t0,RS_t0_v0
mining,MINE_US_01609,early_restoration,,0.00161,,S1_VH(pending),0,Landsat_C2_L2,regimeB_v0_RS_t0,RS_t0_v0
mining,MINE_US_01610,degraded,,-0.00128,,S1_VH(pending),0,Landsat_C2_L2,regimeB_v0_RS_t0,RS_t0_v0
mining,MINE_US_01611,early_restoration,,0.00219,,S1_VH(pending),0,Landsat_C2_L2,regimeB_v0_RS_t0,RS_t0_v0
mining,MINE_US_01612,stable_restoration,,-0.00903,,S1_VH(pending),0,Landsat_C2_L2,regimeB_v0_RS_t0,RS_t0_v0
mining,MINE_US_01613,stable_restoration,,0.01035,,S1_VH(pending),0,Landsat_C2_L2,regimeB_v0_RS_t0,RS_t0_v0
mining,MINE_US_01614,stable_restoration,,-0.0111,,S1_VH(pending),0,Landsat_C2_L2,regimeB_v0_RS_t0,RS_t0_v0
mining,MINE_US_01615,stable_restoration,,-0.01049,,S1_VH(pending),0,Landsat_C2_L2,regimeB_v0_RS_t0,RS_t0_v0
mining,MINE_US_01616,degraded,,0.0023,,S1_VH(pending),0,Landsat_C2_L2,regimeB_v0_RS_t0,RS_t0_v0
mining,MINE_US_01617,stable_restoration,,-0.01351,,S1_VH(pending),0,Landsat_C2_L2,regimeB_v0_RS_t0,RS_t0_v0
mining,MINE_US_01618,stable_restoration,,0.0038,,S1_VH(pending),0,Landsat_C2_L2,regimeB_v0_RS_t0,RS_t0_v0
mining,MINE_US_01619,early_restoration,,0.00733,,S1_VH(pending),0,Landsat_C2_L2,regimeB_v0_RS_t0,RS_t0_v0
mining,MINE_US_01620,stable_restoration,,0.00169,,S1_VH(pending),0,Landsat_C2_L2,regimeB_v0_RS_t0,RS_t0_v0
mining,MINE_US_01621,early_restoration,,0.00552,,S1_VH(pending),0,Landsat_C2_L2,regimeB_v0_RS_t0,RS_t0_v0
mining,MINE_US_01622,stable_restoration,,0.01111,,S1_VH(pending),0,Landsat_C2_L2,regimeB_v0_RS_t0,RS_t0_v0
mining,MINE_US_01623,early_restoration,,-0.00488,,S1_VH(pending),0,Landsat_C2_L2,regimeB_v0_RS_t0,RS_t0_v0
mining,MINE_US_01624,stable_restoration,,0.00151,,S1_VH(pending),0,Landsat_C2_L2,regimeB_v0_RS_t0,RS_t0_v0
mining,MINE_US_01625,stable_restoration,,-0.00498,,S1_VH(pending),0,Landsat_C2_L2,regimeB_v0_RS_t0,RS_t0_v0
mining,MINE_US_01626,degraded,,0.00168,,S1_VH(pending),0,Landsat_C2_L2,regimeB_v0_RS_t0,RS_t0_v0
mining,MINE_US_01627,stable_restoration,,-0.00915,,S1_VH(pending),0,Landsat_C2_L2,regimeB_v0_RS_t0,RS_t0_v0
mining,MINE_US_01628,stable_restoration,,-0.0053,,S1_VH(pending),0,Landsat_C2_L2,regimeB_v0_RS_t0,RS_t0_v0
mining,MINE_US_01629,early_restoration,,-0.01611,,S1_VH(pending),0,Landsat_C2_L2,regimeB_v0_RS_t0,RS_t0_v0
mining,MINE_US_01630,stable_restoration,,-0.00756,,S1_VH(pending),0,Landsat_C2_L2,regimeB_v0_RS_t0,RS_t0_v0
mining,MINE_US_01631,stable_restoration,,0.00646,,S1_VH(pending),0,Landsat_C2_L2,regimeB_v0_RS_t0,RS_t0_v0
mining,MINE_US_01632,early_restoration,,-0.0089,,S1_VH(pending),0,Landsat_C2_L2,regimeB_v0_RS_t0,RS_t0_v0
mining,MINE_US_01633,early_restoration,,0.00373,,S1_VH(pending),0,Landsat_C2_L2,regimeB_v0_RS_t0,RS_t0_v0
mining,MINE_US_01634,degraded,,0.00296,,S1_VH(pending),0,Landsat_C2_L2,regimeB_v0_RS_t0,RS_t0_v0
mining,MINE_US_01635,relapse_degradation,,-0.00259,,S1_VH(pending),0,Landsat_C2_L2,regimeB_v0_RS_t0,RS_t0_v0
mining,MINE_US_01636,early_restoration,,-0.0223,,S1_VH(pending),0,Landsat_C2_L2,regimeB_v0_RS_t0,RS_t0_v0
mining,MINE_US_01637,stable_restoration,,0.00494,,S1_VH(pending),0,Landsat_C2_L2,regimeB_v0_RS_t0,RS_t0_v0
mining,MINE_US_01638,degraded,,0.0027,,S1_VH(pending),0,Landsat_C2_L2,regimeB_v0_RS_t0,RS_t0_v0
mining,MINE_US_01639,degraded,,0.0023,,S1_VH(pending),0,Landsat_C2_L2,regimeB_v0_RS_t0,RS_t0_v0
mining,MINE_US_01640,degraded,,0.00033,,S1_VH(pending),0,Landsat_C2_L2,regimeB_v0_RS_t0,RS_t0_v0
mining,MINE_US_01641,early_restoration,,0.00237,,S1_VH(pending),0,Landsat_C2_L2,regimeB_v0_RS_t0,RS_t0_v0
mining,MINE_US_01642,degraded,,0.00128,,S1_VH(pending),0,Landsat_C2_L2,regimeB_v0_RS_t0,RS_t0_v0
mining,MINE_US_01643,degraded,,0.00062,,S1_VH(pending),0,Landsat_C2_L2,regimeB_v0_RS_t0,RS_t0_v0
mining,MINE_US_01644,degraded,,0.0004,,S1_VH(pending),0,Landsat_C2_L2,regimeB_v0_RS_t0,RS_t0_v0
mining,MINE_US_01645,stable_restoration,,-0.0075,,S1_VH(pending),0,Landsat_C2_L2,regimeB_v0_RS_t0,RS_t0_v0
mining,MINE_US_01646,degraded,,-0.00209,,S1_VH(pending),0,Landsat_C2_L2,regimeB_v0_RS_t0,RS_t0_v0
mining,MINE_US_01647,stable_restoration,,0.00115,,S1_VH(pending),0,Landsat_C2_L2,regimeB_v0_RS_t0,RS_t0_v0
mining,MINE_US_01648,degraded,,0.00053,,S1_VH(pending),0,Landsat_C2_L2,regimeB_v0_RS_t0,RS_t0_v0
mining,MINE_US_01649,degraded,,0.0021,,S1_VH(pending),0,Landsat_C2_L2,regimeB_v0_RS_t0,RS_t0_v0
mining,MINE_US_01650,degraded,,0.00265,,S1_VH(pending),0,Landsat_C2_L2,regimeB_v0_RS_t0,RS_t0_v0
mining,MINE_US_01651,degraded,,0.00093,,S1_VH(pending),0,Landsat_C2_L2,regimeB_v0_RS_t0,RS_t0_v0
mining,MINE_US_01652,degraded,,-0.00062,,S1_VH(pending),0,Landsat_C2_L2,regimeB_v0_RS_t0,RS_t0_v0
mining,MINE_US_01653,stable_restoration,,-0.00892,,S1_VH(pending),0,Landsat_C2_L2,regimeB_v0_RS_t0,RS_t0_v0
mining,MINE_US_01654,stable_restoration,,-0.00578,,S1_VH(pending),0,Landsat_C2_L2,regimeB_v0_RS_t0,RS_t0_v0
mining,MINE_US_01655,degraded,,0.00075,,S1_VH(pending),0,Landsat_C2_L2,regimeB_v0_RS_t0,RS_t0_v0
mining,MINE_US_01656,early_restoration,,0.00362,,S1_VH(pending),0,Landsat_C2_L2,regimeB_v0_RS_t0,RS_t0_v0
mining,MINE_US_01657,degraded,,-0.00014,,S1_VH(pending),0,Landsat_C2_L2,regimeB_v0_RS_t0,RS_t0_v0
mining,MINE_US_01658,stable_restoration,,-0.00987,,S1_VH(pending),0,Landsat_C2_L2,regimeB_v0_RS_t0,RS_t0_v0
mining,MINE_US_01659,degraded,,-0.00014,,S1_VH(pending),0,Landsat_C2_L2,regimeB_v0_RS_t0,RS_t0_v0
mining,MINE_US_01660,degraded,,-0.00016,,S1_VH(pending),0,Landsat_C2_L2,regimeB_v0_RS_t0,RS_t0_v0
mining,MINE_US_01661,early_restoration,,0.00452,,S1_VH(pending),0,Landsat_C2_L2,regimeB_v0_RS_t0,RS_t0_v0
mining,MINE_US_01662,early_restoration,,-0.0012,,S1_VH(pending),0,Landsat_C2_L2,regimeB_v0_RS_t0,RS_t0_v0
mining,MINE_US_01663,degraded,,0.00173,,S1_VH(pending),0,Landsat_C2_L2,regimeB_v0_RS_t0,RS_t0_v0
mining,MINE_US_01664,early_restoration,,-0.00264,,S1_VH(pending),0,Landsat_C2_L2,regimeB_v0_RS_t0,RS_t0_v0
mining,MINE_US_01665,degraded,,-0.00022,,S1_VH(pending),0,Landsat_C2_L2,regimeB_v0_RS_t0,RS_t0_v0
mining,MINE_US_01666,degraded,,0.00161,,S1_VH(pending),0,Landsat_C2_L2,regimeB_v0_RS_t0,RS_t0_v0
mining,MINE_US_01667,early_restoration,,-0.00989,,S1_VH(pending),0,Landsat_C2_L2,regimeB_v0_RS_t0,RS_t0_v0
mining,MINE_US_01668,stable_restoration,,-0.00472,,S1_VH(pending),0,Landsat_C2_L2,regimeB_v0_RS_t0,RS_t0_v0
mining,MINE_US_01669,degraded,,-0.0015,,S1_VH(pending),0,Landsat_C2_L2,regimeB_v0_RS_t0,RS_t0_v0
mining,MINE_US_01670,degraded,,0.0009,,S1_VH(pending),0,Landsat_C2_L2,regimeB_v0_RS_t0,RS_t0_v0
mining,MINE_US_01671,degraded,,0.00121,,S1_VH(pending),0,Landsat_C2_L2,regimeB_v0_RS_t0,RS_t0_v0
mining,MINE_US_01672,early_restoration,,0.00299,,S1_VH(pending),0,Landsat_C2_L2,regimeB_v0_RS_t0,RS_t0_v0
mining,MINE_US_01673,stable_restoration,,0.00416,,S1_VH(pending),0,Landsat_C2_L2,regimeB_v0_RS_t0,RS_t0_v0
mining,MINE_US_01674,stable_restoration,,0.00042,,S1_VH(pending),0,Landsat_C2_L2,regimeB_v0_RS_t0,RS_t0_v0
mining,MINE_US_01675,degraded,,0.0007,,S1_VH(pending),0,Landsat_C2_L2,regimeB_v0_RS_t0,RS_t0_v0
mining,MINE_US_01676,early_restoration,,0.00376,,S1_VH(pending),0,Landsat_C2_L2,regimeB_v0_RS_t0,RS_t0_v0
mining,MINE_US_01677,degraded,,0.00034,,S1_VH(pending),0,Landsat_C2_L2,regimeB_v0_RS_t0,RS_t0_v0
mining,MINE_US_01678,early_restoration,,-0.00182,,S1_VH(pending),0,Landsat_C2_L2,regimeB_v0_RS_t0,RS_t0_v0
mining,MINE_US_01679,degraded,,0.0007,,S1_VH(pending),0,Landsat_C2_L2,regimeB_v0_RS_t0,RS_t0_v0
mining,MINE_US_01680,early_restoration,,0.00858,,S1_VH(pending),0,Landsat_C2_L2,regimeB_v0_RS_t0,RS_t0_v0
mining,MINE_US_01681,early_restoration,,-0.01082,,S1_VH(pending),0,Landsat_C2_L2,regimeB_v0_RS_t0,RS_t0_v0
mining,MINE_US_01682,stable_restoration,,-0.01062,,S1_VH(pending),0,Landsat_C2_L2,regimeB_v0_RS_t0,RS_t0_v0
mining,MINE_US_01683,stable_restoration,,0.00101,,S1_VH(pending),0,Landsat_C2_L2,regimeB_v0_RS_t0,RS_t0_v0
mining,MINE_US_01684,stable_restoration,,-0.01512,,S1_VH(pending),0,Landsat_C2_L2,regimeB_v0_RS_t0,RS_t0_v0
mining,MINE_US_01685,stable_restoration,,-0.00163,,S1_VH(pending),0,Landsat_C2_L2,regimeB_v0_RS_t0,RS_t0_v0
mining,MINE_US_01686,stable_restoration,,0.00509,,S1_VH(pending),0,Landsat_C2_L2,regimeB_v0_RS_t0,RS_t0_v0
mining,MINE_US_01687,stable_restoration,,-0.00472,,S1_VH(pending),0,Landsat_C2_L2,regimeB_v0_RS_t0,RS_t0_v0
mining,MINE_US_01688,stable_restoration,,0.00252,,S1_VH(pending),0,Landsat_C2_L2,regimeB_v0_RS_t0,RS_t0_v0
mining,MINE_US_01689,stable_restoration,,-0.0038,,S1_VH(pending),0,Landsat_C2_L2,regimeB_v0_RS_t0,RS_t0_v0
mining,MINE_US_01690,degraded,,0.0015,,S1_VH(pending),0,Landsat_C2_L2,regimeB_v0_RS_t0,RS_t0_v0
mining,MINE_US_01691,early_restoration,,0.00195,,S1_VH(pending),0,Landsat_C2_L2,regimeB_v0_RS_t0,RS_t0_v0
mining,MINE_US_01692,stable_restoration,,-0.01367,,S1_VH(pending),0,Landsat_C2_L2,regimeB_v0_RS_t0,RS_t0_v0
mining,MINE_US_01693,stable_restoration,,-0.00367,,S1_VH(pending),0,Landsat_C2_L2,regimeB_v0_RS_t0,RS_t0_v0
mining,MINE_US_01694,stable_restoration,,0.00685,,S1_VH(pending),0,Landsat_C2_L2,regimeB_v0_RS_t0,RS_t0_v0
mining,MINE_US_01695,early_restoration,,-0.003,,S1_VH(pending),0,Landsat_C2_L2,regimeB_v0_RS_t0,RS_t0_v0
mining,MINE_US_01696,early_restoration,,0.0098,,S1_VH(pending),0,Landsat_C2_L2,regimeB_v0_RS_t0,RS_t0_v0
mining,MINE_US_01697,stable_restoration,,-0.00284,,S1_VH(pending),0,Landsat_C2_L2,regimeB_v0_RS_t0,RS_t0_v0
mining,MINE_US_01698,early_restoration,,0.00154,,S1_VH(pending),0,Landsat_C2_L2,regimeB_v0_RS_t0,RS_t0_v0
mining,MINE_US_01699,degraded,,0.00183,,S1_VH(pending),0,Landsat_C2_L2,regimeB_v0_RS_t0,RS_t0_v0
mining,MINE_US_01700,early_restoration,,0.00317,,S1_VH(pending),0,Landsat_C2_L2,regimeB_v0_RS_t0,RS_t0_v0
mining,MINE_US_01701,stable_restoration,,-0.00184,,S1_VH(pending),0,Landsat_C2_L2,regimeB_v0_RS_t0,RS_t0_v0
mining,MINE_US_01702,stable_restoration,,-0.00396,,S1_VH(pending),0,Landsat_C2_L2,regimeB_v0_RS_t0,RS_t0_v0
mining,MINE_US_01703,early_restoration,,-0.00926,,S1_VH(pending),0,Landsat_C2_L2,regimeB_v0_RS_t0,RS_t0_v0
mining,MINE_US_01704,degraded,,0.00177,,S1_VH(pending),0,Landsat_C2_L2,regimeB_v0_RS_t0,RS_t0_v0
mining,MINE_US_01705,stable_restoration,,-0.00755,,S1_VH(pending),0,Landsat_C2_L2,regimeB_v0_RS_t0,RS_t0_v0
mining,MINE_US_01706,degraded,,0.00061,,S1_VH(pending),0,Landsat_C2_L2,regimeB_v0_RS_t0,RS_t0_v0
mining,MINE_US_01707,degraded,,0.00093,,S1_VH(pending),0,Landsat_C2_L2,regimeB_v0_RS_t0,RS_t0_v0
mining,MINE_US_01708,degraded,,0.00285,,S1_VH(pending),0,Landsat_C2_L2,regimeB_v0_RS_t0,RS_t0_v0
mining,MINE_US_01709,stable_restoration,,-0.01287,,S1_VH(pending),0,Landsat_C2_L2,regimeB_v0_RS_t0,RS_t0_v0
mining,MINE_US_01710,early_restoration,,-0.00997,,S1_VH(pending),0,Landsat_C2_L2,regimeB_v0_RS_t0,RS_t0_v0
mining,MINE_US_01711,stable_restoration,,0.00637,,S1_VH(pending),0,Landsat_C2_L2,regimeB_v0_RS_t0,RS_t0_v0
mining,MINE_US_01712,early_restoration,,0.00671,,S1_VH(pending),0,Landsat_C2_L2,regimeB_v0_RS_t0,RS_t0_v0
mining,MINE_US_01713,early_restoration,,-0.00511,,S1_VH(pending),0,Landsat_C2_L2,regimeB_v0_RS_t0,RS_t0_v0
mining,MINE_US_01714,early_restoration,,-0.02988,,S1_VH(pending),0,Landsat_C2_L2,regimeB_v0_RS_t0,RS_t0_v0
mining,MINE_US_01715,stable_restoration,,-0.01114,,S1_VH(pending),0,Landsat_C2_L2,regimeB_v0_RS_t0,RS_t0_v0
mining,MINE_US_01716,stable_restoration,,-0.01523,,S1_VH(pending),0,Landsat_C2_L2,regimeB_v0_RS_t0,RS_t0_v0
mining,MINE_US_01717,degraded,,0.00214,,S1_VH(pending),0,Landsat_C2_L2,regimeB_v0_RS_t0,RS_t0_v0
mining,MINE_US_01718,early_restoration,,0.00393,,S1_VH(pending),0,Landsat_C2_L2,regimeB_v0_RS_t0,RS_t0_v0
mining,MINE_US_01719,early_restoration,,-0.01739,,S1_VH(pending),0,Landsat_C2_L2,regimeB_v0_RS_t0,RS_t0_v0
mining,MINE_US_01720,stable_restoration,,-0.0033,,S1_VH(pending),0,Landsat_C2_L2,regimeB_v0_RS_t0,RS_t0_v0
mining,MINE_US_01721,degraded,,-0.00229,,S1_VH(pending),0,Landsat_C2_L2,regimeB_v0_RS_t0,RS_t0_v0
mining,MINE_US_01722,stable_restoration,,0.00455,,S1_VH(pending),0,Landsat_C2_L2,regimeB_v0_RS_t0,RS_t0_v0
mining,MINE_US_01723,stable_restoration,,0.00709,,S1_VH(pending),0,Landsat_C2_L2,regimeB_v0_RS_t0,RS_t0_v0
mining,MINE_US_01724,early_restoration,,-0.00176,,S1_VH(pending),0,Landsat_C2_L2,regimeB_v0_RS_t0,RS_t0_v0
mining,MINE_US_01725,degraded,,0.00286,,S1_VH(pending),0,Landsat_C2_L2,regimeB_v0_RS_t0,RS_t0_v0
mining,MINE_US_01726,stable_restoration,,-0.01328,,S1_VH(pending),0,Landsat_C2_L2,regimeB_v0_RS_t0,RS_t0_v0
mining,MINE_US_01727,early_restoration,,-0.00463,,S1_VH(pending),0,Landsat_C2_L2,regimeB_v0_RS_t0,RS_t0_v0
mining,MINE_US_01728,stable_restoration,,-0.01183,,S1_VH(pending),0,Landsat_C2_L2,regimeB_v0_RS_t0,RS_t0_v0
mining,MINE_US_01729,stable_restoration,,0.01085,,S1_VH(pending),0,Landsat_C2_L2,regimeB_v0_RS_t0,RS_t0_v0
mining,MINE_US_01730,early_restoration,,-0.00506,,S1_VH(pending),0,Landsat_C2_L2,regimeB_v0_RS_t0,RS_t0_v0
mining,MINE_US_01731,degraded,,0.00012,,S1_VH(pending),0,Landsat_C2_L2,regimeB_v0_RS_t0,RS_t0_v0
mining,MINE_US_01732,degraded,,-0.00064,,S1_VH(pending),0,Landsat_C2_L2,regimeB_v0_RS_t0,RS_t0_v0
mining,MINE_US_01733,stable_restoration,,-0.01493,,S1_VH(pending),0,Landsat_C2_L2,regimeB_v0_RS_t0,RS_t0_v0
mining,MINE_US_01734,early_restoration,,-0.00686,,S1_VH(pending),0,Landsat_C2_L2,regimeB_v0_RS_t0,RS_t0_v0
mining,MINE_US_01735,stable_restoration,,-0.00698,,S1_VH(pending),0,Landsat_C2_L2,regimeB_v0_RS_t0,RS_t0_v0
mining,MINE_US_01736,stable_restoration,,-0.01427,,S1_VH(pending),0,Landsat_C2_L2,regimeB_v0_RS_t0,RS_t0_v0
mining,MINE_US_01737,early_restoration,,-0.01577,,S1_VH(pending),0,Landsat_C2_L2,regimeB_v0_RS_t0,RS_t0_v0
mining,MINE_US_01738,degraded,,-0.00422,,S1_VH(pending),0,Landsat_C2_L2,regimeB_v0_RS_t0,RS_t0_v0
mining,MINE_US_01739,early_restoration,,0.00215,,S1_VH(pending),0,Landsat_C2_L2,regimeB_v0_RS_t0,RS_t0_v0
mining,MINE_US_01740,degraded,,0.0026,,S1_VH(pending),0,Landsat_C2_L2,regimeB_v0_RS_t0,RS_t0_v0
mining,MINE_US_01741,degraded,,0.00195,,S1_VH(pending),0,Landsat_C2_L2,regimeB_v0_RS_t0,RS_t0_v0
mining,MINE_US_01742,stable_restoration,,0.01096,,S1_VH(pending),0,Landsat_C2_L2,regimeB_v0_RS_t0,RS_t0_v0
mining,MINE_US_01743,stable_restoration,,0.00352,,S1_VH(pending),0,Landsat_C2_L2,regimeB_v0_RS_t0,RS_t0_v0
mining,MINE_US_01744,early_restoration,,-0.00837,,S1_VH(pending),0,Landsat_C2_L2,regimeB_v0_RS_t0,RS_t0_v0
mining,MINE_US_01745,degraded,,0.00132,,S1_VH(pending),0,Landsat_C2_L2,regimeB_v0_RS_t0,RS_t0_v0
mining,MINE_US_01746,degraded,,0.00032,,S1_VH(pending),0,Landsat_C2_L2,regimeB_v0_RS_t0,RS_t0_v0
mining,MINE_US_01747,degraded,,0.00226,,S1_VH(pending),0,Landsat_C2_L2,regimeB_v0_RS_t0,RS_t0_v0
mining,MINE_US_01748,early_restoration,,0.00292,,S1_VH(pending),0,Landsat_C2_L2,regimeB_v0_RS_t0,RS_t0_v0
mining,MINE_US_01749,stable_restoration,,0.00179,,S1_VH(pending),0,Landsat_C2_L2,regimeB_v0_RS_t0,RS_t0_v0
mining,MINE_US_01750,degraded,,0.00201,,S1_VH(pending),0,Landsat_C2_L2,regimeB_v0_RS_t0,RS_t0_v0
mining,MINE_US_01751,early_restoration,,-0.01285,,S1_VH(pending),0,Landsat_C2_L2,regimeB_v0_RS_t0,RS_t0_v0
mining,MINE_US_01752,degraded,,0.00035,,S1_VH(pending),0,Landsat_C2_L2,regimeB_v0_RS_t0,RS_t0_v0
mining,MINE_US_01753,stable_restoration,,0.00379,,S1_VH(pending),0,Landsat_C2_L2,regimeB_v0_RS_t0,RS_t0_v0
mining,MINE_US_01754,stable_restoration,,0.00049,,S1_VH(pending),0,Landsat_C2_L2,regimeB_v0_RS_t0,RS_t0_v0
mining,MINE_US_01755,early_restoration,,0.00356,,S1_VH(pending),0,Landsat_C2_L2,regimeB_v0_RS_t0,RS_t0_v0
mining,MINE_US_01756,degraded,,0.00215,,S1_VH(pending),0,Landsat_C2_L2,regimeB_v0_RS_t0,RS_t0_v0
mining,MINE_US_01757,stable_restoration,,0.00359,,S1_VH(pending),0,Landsat_C2_L2,regimeB_v0_RS_t0,RS_t0_v0
mining,MINE_US_01758,early_restoration,,0.00216,,S1_VH(pending),0,Landsat_C2_L2,regimeB_v0_RS_t0,RS_t0_v0
mining,MINE_US_01759,degraded,,0.00113,,S1_VH(pending),0,Landsat_C2_L2,regimeB_v0_RS_t0,RS_t0_v0
mining,MINE_US_01760,stable_restoration,,0.00583,,S1_VH(pending),0,Landsat_C2_L2,regimeB_v0_RS_t0,RS_t0_v0
mining,MINE_US_01761,degraded,,-0.0002,,S1_VH(pending),0,Landsat_C2_L2,regimeB_v0_RS_t0,RS_t0_v0
mining,MINE_US_01762,stable_restoration,,-0.00976,,S1_VH(pending),0,Landsat_C2_L2,regimeB_v0_RS_t0,RS_t0_v0
mining,MINE_US_01763,degraded,,0.00145,,S1_VH(pending),0,Landsat_C2_L2,regimeB_v0_RS_t0,RS_t0_v0
mining,MINE_US_01764,degraded,,0.00371,,S1_VH(pending),0,Landsat_C2_L2,regimeB_v0_RS_t0,RS_t0_v0
mining,MINE_US_01765,early_restoration,,0.00327,,S1_VH(pending),0,Landsat_C2_L2,regimeB_v0_RS_t0,RS_t0_v0
mining,MINE_US_01766,degraded,,-0.00061,,S1_VH(pending),0,Landsat_C2_L2,regimeB_v0_RS_t0,RS_t0_v0
mining,MINE_US_01767,degraded,,0.0028,,S1_VH(pending),0,Landsat_C2_L2,regimeB_v0_RS_t0,RS_t0_v0
mining,MINE_US_01768,early_restoration,,0.00359,,S1_VH(pending),0,Landsat_C2_L2,regimeB_v0_RS_t0,RS_t0_v0
mining,MINE_US_01769,degraded,,0.00116,,S1_VH(pending),0,Landsat_C2_L2,regimeB_v0_RS_t0,RS_t0_v0
mining,MINE_US_01770,stable_restoration,,-0.00922,,S1_VH(pending),0,Landsat_C2_L2,regimeB_v0_RS_t0,RS_t0_v0
mining,MINE_US_01771,degraded,,-0.00276,,S1_VH(pending),0,Landsat_C2_L2,regimeB_v0_RS_t0,RS_t0_v0
mining,MINE_US_01772,early_restoration,,-0.00024,,S1_VH(pending),0,Landsat_C2_L2,regimeB_v0_RS_t0,RS_t0_v0
mining,MINE_US_01773,degraded,,-0.00099,,S1_VH(pending),0,Landsat_C2_L2,regimeB_v0_RS_t0,RS_t0_v0
mining,MINE_US_01774,stable_restoration,,0.00511,,S1_VH(pending),0,Landsat_C2_L2,regimeB_v0_RS_t0,RS_t0_v0
mining,MINE_US_01775,early_restoration,,-0.01697,,S1_VH(pending),0,Landsat_C2_L2,regimeB_v0_RS_t0,RS_t0_v0
mining,MINE_US_01776,early_restoration,,-0.02931,,S1_VH(pending),0,Landsat_C2_L2,regimeB_v0_RS_t0,RS_t0_v0
mining,MINE_US_01777,stable_restoration,,0.00196,,S1_VH(pending),0,Landsat_C2_L2,regimeB_v0_RS_t0,RS_t0_v0
mining,MINE_US_01778,early_restoration,,0.00165,,S1_VH(pending),0,Landsat_C2_L2,regimeB_v0_RS_t0,RS_t0_v0
mining,MINE_US_01779,degraded,,0.00112,,S1_VH(pending),0,Landsat_C2_L2,regimeB_v0_RS_t0,RS_t0_v0
mining,MINE_US_01780,stable_restoration,,-0.00612,,S1_VH(pending),0,Landsat_C2_L2,regimeB_v0_RS_t0,RS_t0_v0
mining,MINE_US_01781,degraded,,-0.00021,,S1_VH(pending),0,Landsat_C2_L2,regimeB_v0_RS_t0,RS_t0_v0
mining,MINE_US_01782,early_restoration,,-0.00582,,S1_VH(pending),0,Landsat_C2_L2,regimeB_v0_RS_t0,RS_t0_v0
mining,MINE_US_01783,stable_restoration,,0.00603,,S1_VH(pending),0,Landsat_C2_L2,regimeB_v0_RS_t0,RS_t0_v0
mining,MINE_US_01784,stable_restoration,,-0.01011,,S1_VH(pending),0,Landsat_C2_L2,regimeB_v0_RS_t0,RS_t0_v0
mining,MINE_US_01785,stable_restoration,,-0.00477,,S1_VH(pending),0,Landsat_C2_L2,regimeB_v0_RS_t0,RS_t0_v0
mining,MINE_US_01786,early_restoration,,0.00179,,S1_VH(pending),0,Landsat_C2_L2,regimeB_v0_RS_t0,RS_t0_v0
mining,MINE_US_01787,early_restoration,,-0.0041,,S1_VH(pending),0,Landsat_C2_L2,regimeB_v0_RS_t0,RS_t0_v0
mining,MINE_US_01788,degraded,,-0.0024,,S1_VH(pending),0,Landsat_C2_L2,regimeB_v0_RS_t0,RS_t0_v0
mining,MINE_US_01789,stable_restoration,,0.00505,,S1_VH(pending),0,Landsat_C2_L2,regimeB_v0_RS_t0,RS_t0_v0
mining,MINE_US_01790,early_restoration,,0.00266,,S1_VH(pending),0,Landsat_C2_L2,regimeB_v0_RS_t0,RS_t0_v0
mining,MINE_US_01791,degraded,,0.00549,,S1_VH(pending),0,Landsat_C2_L2,regimeB_v0_RS_t0,RS_t0_v0
mining,MINE_US_01792,stable_restoration,,-0.01646,,S1_VH(pending),0,Landsat_C2_L2,regimeB_v0_RS_t0,RS_t0_v0
mining,MINE_US_01793,relapse_degradation,,-0.00786,,S1_VH(pending),0,Landsat_C2_L2,regimeB_v0_RS_t0,RS_t0_v0
mining,MINE_US_01794,stable_restoration,,0.00849,,S1_VH(pending),0,Landsat_C2_L2,regimeB_v0_RS_t0,RS_t0_v0
mining,MINE_US_01795,stable_restoration,,-0.018,,S1_VH(pending),0,Landsat_C2_L2,regimeB_v0_RS_t0,RS_t0_v0
mining,MINE_US_01796,stable_restoration,,0.00395,,S1_VH(pending),0,Landsat_C2_L2,regimeB_v0_RS_t0,RS_t0_v0
mining,MINE_US_01797,early_restoration,,0.00823,,S1_VH(pending),0,Landsat_C2_L2,regimeB_v0_RS_t0,RS_t0_v0
mining,MINE_US_01798,early_restoration,,0.00217,,S1_VH(pending),0,Landsat_C2_L2,regimeB_v0_RS_t0,RS_t0_v0
mining,MINE_US_01799,degraded,,0.00176,,S1_VH(pending),0,Landsat_C2_L2,regimeB_v0_RS_t0,RS_t0_v0
mining,MINE_US_01800,stable_restoration,,0.01508,,S1_VH(pending),0,Landsat_C2_L2,regimeB_v0_RS_t0,RS_t0_v0
mining,MINE_US_01801,degraded,,0.0026,,S1_VH(pending),0,Landsat_C2_L2,regimeB_v0_RS_t0,RS_t0_v0
mining,MINE_US_01802,early_restoration,,-0.0274,,S1_VH(pending),0,Landsat_C2_L2,regimeB_v0_RS_t0,RS_t0_v0
mining,MINE_US_01803,stable_restoration,,-0.00301,,S1_VH(pending),0,Landsat_C2_L2,regimeB_v0_RS_t0,RS_t0_v0
mining,MINE_US_01804,stable_restoration,,0.00224,,S1_VH(pending),0,Landsat_C2_L2,regimeB_v0_RS_t0,RS_t0_v0
mining,MINE_US_01805,degraded,,0.00244,,S1_VH(pending),0,Landsat_C2_L2,regimeB_v0_RS_t0,RS_t0_v0
mining,MINE_US_01806,degraded,,0.00181,,S1_VH(pending),0,Landsat_C2_L2,regimeB_v0_RS_t0,RS_t0_v0
mining,MINE_US_01807,degraded,,0.00289,,S1_VH(pending),0,Landsat_C2_L2,regimeB_v0_RS_t0,RS_t0_v0
mining,MINE_US_01808,early_restoration,,-0.01044,,S1_VH(pending),0,Landsat_C2_L2,regimeB_v0_RS_t0,RS_t0_v0
mining,MINE_US_01809,degraded,,-0.00116,,S1_VH(pending),0,Landsat_C2_L2,regimeB_v0_RS_t0,RS_t0_v0
mining,MINE_US_01810,early_restoration,,-0.00724,,S1_VH(pending),0,Landsat_C2_L2,regimeB_v0_RS_t0,RS_t0_v0
mining,MINE_US_01811,early_restoration,,0.0005,,S1_VH(pending),0,Landsat_C2_L2,regimeB_v0_RS_t0,RS_t0_v0
mining,MINE_US_01812,early_restoration,,0.00519,,S1_VH(pending),0,Landsat_C2_L2,regimeB_v0_RS_t0,RS_t0_v0
mining,MINE_US_01813,stable_restoration,,0.0042,,S1_VH(pending),0,Landsat_C2_L2,regimeB_v0_RS_t0,RS_t0_v0
mining,MINE_US_01814,stable_restoration,,0.00437,,S1_VH(pending),0,Landsat_C2_L2,regimeB_v0_RS_t0,RS_t0_v0
mining,MINE_US_01815,early_restoration,,0.00427,,S1_VH(pending),0,Landsat_C2_L2,regimeB_v0_RS_t0,RS_t0_v0
mining,MINE_US_01816,stable_restoration,,0.01412,,S1_VH(pending),0,Landsat_C2_L2,regimeB_v0_RS_t0,RS_t0_v0
mining,MINE_US_01817,stable_restoration,,-0.00285,,S1_VH(pending),0,Landsat_C2_L2,regimeB_v0_RS_t0,RS_t0_v0
mining,MINE_US_01818,degraded,,0.00305,,S1_VH(pending),0,Landsat_C2_L2,regimeB_v0_RS_t0,RS_t0_v0
mining,MINE_US_01819,stable_restoration,,0.00721,,S1_VH(pending),0,Landsat_C2_L2,regimeB_v0_RS_t0,RS_t0_v0
mining,MINE_US_01820,early_restoration,,0.00306,,S1_VH(pending),0,Landsat_C2_L2,regimeB_v0_RS_t0,RS_t0_v0
mining,MINE_US_01821,degraded,,0.00281,,S1_VH(pending),0,Landsat_C2_L2,regimeB_v0_RS_t0,RS_t0_v0
mining,MINE_US_01822,degraded,,0.00152,,S1_VH(pending),0,Landsat_C2_L2,regimeB_v0_RS_t0,RS_t0_v0
mining,MINE_US_01823,stable_restoration,,-0.01532,,S1_VH(pending),0,Landsat_C2_L2,regimeB_v0_RS_t0,RS_t0_v0
mining,MINE_US_01824,degraded,,-0.00034,,S1_VH(pending),0,Landsat_C2_L2,regimeB_v0_RS_t0,RS_t0_v0
mining,MINE_US_01825,early_restoration,,-0.00133,,S1_VH(pending),0,Landsat_C2_L2,regimeB_v0_RS_t0,RS_t0_v0
mining,MINE_US_01826,degraded,,0.00093,,S1_VH(pending),0,Landsat_C2_L2,regimeB_v0_RS_t0,RS_t0_v0
mining,MINE_US_01827,early_restoration,,-0.00808,,S1_VH(pending),0,Landsat_C2_L2,regimeB_v0_RS_t0,RS_t0_v0
mining,MINE_US_01828,degraded,,0.00215,,S1_VH(pending),0,Landsat_C2_L2,regimeB_v0_RS_t0,RS_t0_v0
mining,MINE_US_01829,early_restoration,,0.00419,,S1_VH(pending),0,Landsat_C2_L2,regimeB_v0_RS_t0,RS_t0_v0
mining,MINE_US_01830,early_restoration,,-0.00481,,S1_VH(pending),0,Landsat_C2_L2,regimeB_v0_RS_t0,RS_t0_v0
mining,MINE_US_01831,early_restoration,,-0.00887,,S1_VH(pending),0,Landsat_C2_L2,regimeB_v0_RS_t0,RS_t0_v0
mining,MINE_US_01832,early_restoration,,-0.00531,,S1_VH(pending),0,Landsat_C2_L2,regimeB_v0_RS_t0,RS_t0_v0
mining,MINE_US_01833,degraded,,0.0021,,S1_VH(pending),0,Landsat_C2_L2,regimeB_v0_RS_t0,RS_t0_v0
mining,MINE_US_01834,early_restoration,,-0.00384,,S1_VH(pending),0,Landsat_C2_L2,regimeB_v0_RS_t0,RS_t0_v0
mining,MINE_US_01835,early_restoration,,0.00107,,S1_VH(pending),0,Landsat_C2_L2,regimeB_v0_RS_t0,RS_t0_v0
mining,MINE_US_01836,stable_restoration,,-0.00391,,S1_VH(pending),0,Landsat_C2_L2,regimeB_v0_RS_t0,RS_t0_v0
mining,MINE_US_01837,early_restoration,,0.00521,,S1_VH(pending),0,Landsat_C2_L2,regimeB_v0_RS_t0,RS_t0_v0
mining,MINE_US_01838,early_restoration,,0.00302,,S1_VH(pending),0,Landsat_C2_L2,regimeB_v0_RS_t0,RS_t0_v0
mining,MINE_US_01839,stable_restoration,,-0.00025,,S1_VH(pending),0,Landsat_C2_L2,regimeB_v0_RS_t0,RS_t0_v0
mining,MINE_US_01840,stable_restoration,,0.01004,,S1_VH(pending),0,Landsat_C2_L2,regimeB_v0_RS_t0,RS_t0_v0
mining,MINE_US_01841,stable_restoration,,0.00471,,S1_VH(pending),0,Landsat_C2_L2,regimeB_v0_RS_t0,RS_t0_v0
mining,MINE_US_01842,degraded,,-0.0067,,S1_VH(pending),0,Landsat_C2_L2,regimeB_v0_RS_t0,RS_t0_v0
mining,MINE_US_01843,stable_restoration,,0.01084,,S1_VH(pending),0,Landsat_C2_L2,regimeB_v0_RS_t0,RS_t0_v0
mining,MINE_US_01844,early_restoration,,0.00564,,S1_VH(pending),0,Landsat_C2_L2,regimeB_v0_RS_t0,RS_t0_v0
mining,MINE_US_01845,stable_restoration,,-0.00368,,S1_VH(pending),0,Landsat_C2_L2,regimeB_v0_RS_t0,RS_t0_v0
mining,MINE_US_01846,degraded,,0.00103,,S1_VH(pending),0,Landsat_C2_L2,regimeB_v0_RS_t0,RS_t0_v0
mining,MINE_US_01847,stable_restoration,,-0.0066,,S1_VH(pending),0,Landsat_C2_L2,regimeB_v0_RS_t0,RS_t0_v0
mining,MINE_US_01848,stable_restoration,,-0.00146,,S1_VH(pending),0,Landsat_C2_L2,regimeB_v0_RS_t0,RS_t0_v0
mining,MINE_US_01849,early_restoration,,-0.00128,,S1_VH(pending),0,Landsat_C2_L2,regimeB_v0_RS_t0,RS_t0_v0
mining,MINE_US_01850,degraded,,0.00613,,S1_VH(pending),0,Landsat_C2_L2,regimeB_v0_RS_t0,RS_t0_v0
mining,MINE_US_01851,stable_restoration,,0.00171,,S1_VH(pending),0,Landsat_C2_L2,regimeB_v0_RS_t0,RS_t0_v0
mining,MINE_US_01852,stable_restoration,,-0.01417,,S1_VH(pending),0,Landsat_C2_L2,regimeB_v0_RS_t0,RS_t0_v0
mining,MINE_US_01853,early_restoration,,-0.00444,,S1_VH(pending),0,Landsat_C2_L2,regimeB_v0_RS_t0,RS_t0_v0
mining,MINE_US_01854,stable_restoration,,-0.00372,,S1_VH(pending),0,Landsat_C2_L2,regimeB_v0_RS_t0,RS_t0_v0
mining,MINE_US_01855,degraded,,-0.00159,,S1_VH(pending),0,Landsat_C2_L2,regimeB_v0_RS_t0,RS_t0_v0
mining,MINE_US_01856,stable_restoration,,0.00515,,S1_VH(pending),0,Landsat_C2_L2,regimeB_v0_RS_t0,RS_t0_v0
mining,MINE_US_01857,degraded,,0.00222,,S1_VH(pending),0,Landsat_C2_L2,regimeB_v0_RS_t0,RS_t0_v0
mining,MINE_US_01858,stable_restoration,,0.00062,,S1_VH(pending),0,Landsat_C2_L2,regimeB_v0_RS_t0,RS_t0_v0
mining,MINE_US_01859,stable_restoration,,0.00737,,S1_VH(pending),0,Landsat_C2_L2,regimeB_v0_RS_t0,RS_t0_v0
mining,MINE_US_01860,stable_restoration,,0.00455,,S1_VH(pending),0,Landsat_C2_L2,regimeB_v0_RS_t0,RS_t0_v0
mining,MINE_US_01861,degraded,,-0.00117,,S1_VH(pending),0,Landsat_C2_L2,regimeB_v0_RS_t0,RS_t0_v0
mining,MINE_US_01862,stable_restoration,,0.0065,,S1_VH(pending),0,Landsat_C2_L2,regimeB_v0_RS_t0,RS_t0_v0
mining,MINE_US_01863,early_restoration,,0.0054,,S1_VH(pending),0,Landsat_C2_L2,regimeB_v0_RS_t0,RS_t0_v0
mining,MINE_US_01864,early_restoration,,-8e-05,,S1_VH(pending),0,Landsat_C2_L2,regimeB_v0_RS_t0,RS_t0_v0
mining,MINE_US_01865,early_restoration,,-0.01435,,S1_VH(pending),0,Landsat_C2_L2,regimeB_v0_RS_t0,RS_t0_v0
mining,MINE_US_01866,early_restoration,,-0.0042,,S1_VH(pending),0,Landsat_C2_L2,regimeB_v0_RS_t0,RS_t0_v0
mining,MINE_US_01867,stable_restoration,,-0.01444,,S1_VH(pending),0,Landsat_C2_L2,regimeB_v0_RS_t0,RS_t0_v0
mining,MINE_US_01868,stable_restoration,,0.00771,,S1_VH(pending),0,Landsat_C2_L2,regimeB_v0_RS_t0,RS_t0_v0
mining,MINE_US_01869,stable_restoration,,0.00395,,S1_VH(pending),0,Landsat_C2_L2,regimeB_v0_RS_t0,RS_t0_v0
mining,MINE_US_01870,degraded,,0.00381,,S1_VH(pending),0,Landsat_C2_L2,regimeB_v0_RS_t0,RS_t0_v0
mining,MINE_US_01871,stable_restoration,,-0.01348,,S1_VH(pending),0,Landsat_C2_L2,regimeB_v0_RS_t0,RS_t0_v0
mining,MINE_US_01872,degraded,,0.00261,,S1_VH(pending),0,Landsat_C2_L2,regimeB_v0_RS_t0,RS_t0_v0
mining,MINE_US_01873,degraded,,-0.00055,,S1_VH(pending),0,Landsat_C2_L2,regimeB_v0_RS_t0,RS_t0_v0
mining,MINE_US_01874,early_restoration,,0.00082,,S1_VH(pending),0,Landsat_C2_L2,regimeB_v0_RS_t0,RS_t0_v0
mining,MINE_US_01875,stable_restoration,,-0.00814,,S1_VH(pending),0,Landsat_C2_L2,regimeB_v0_RS_t0,RS_t0_v0
mining,MINE_US_01876,early_restoration,,-0.00114,,S1_VH(pending),0,Landsat_C2_L2,regimeB_v0_RS_t0,RS_t0_v0
mining,MINE_US_01877,stable_restoration,,-0.00329,,S1_VH(pending),0,Landsat_C2_L2,regimeB_v0_RS_t0,RS_t0_v0
mining,MINE_US_01878,early_restoration,,0.00515,,S1_VH(pending),0,Landsat_C2_L2,regimeB_v0_RS_t0,RS_t0_v0
mining,MINE_US_01879,degraded,,0.00092,,S1_VH(pending),0,Landsat_C2_L2,regimeB_v0_RS_t0,RS_t0_v0
mining,MINE_US_01880,degraded,,0.00162,,S1_VH(pending),0,Landsat_C2_L2,regimeB_v0_RS_t0,RS_t0_v0
mining,MINE_US_01881,stable_restoration,,-0.00041,,S1_VH(pending),0,Landsat_C2_L2,regimeB_v0_RS_t0,RS_t0_v0
mining,MINE_US_01882,degraded,,-0.00209,,S1_VH(pending),0,Landsat_C2_L2,regimeB_v0_RS_t0,RS_t0_v0
mining,MINE_US_01883,degraded,,0.0017,,S1_VH(pending),0,Landsat_C2_L2,regimeB_v0_RS_t0,RS_t0_v0
mining,MINE_US_01884,stable_restoration,,0.00491,,S1_VH(pending),0,Landsat_C2_L2,regimeB_v0_RS_t0,RS_t0_v0
mining,MINE_US_01885,degraded,,0.00277,,S1_VH(pending),0,Landsat_C2_L2,regimeB_v0_RS_t0,RS_t0_v0
mining,MINE_US_01886,degraded,,-0.00428,,S1_VH(pending),0,Landsat_C2_L2,regimeB_v0_RS_t0,RS_t0_v0
mining,MINE_US_01887,degraded,,0.00056,,S1_VH(pending),0,Landsat_C2_L2,regimeB_v0_RS_t0,RS_t0_v0
mining,MINE_US_01888,stable_restoration,,0.01048,,S1_VH(pending),0,Landsat_C2_L2,regimeB_v0_RS_t0,RS_t0_v0
mining,MINE_US_01889,early_restoration,,0.0052,,S1_VH(pending),0,Landsat_C2_L2,regimeB_v0_RS_t0,RS_t0_v0
mining,MINE_US_01890,stable_restoration,,0.00395,,S1_VH(pending),0,Landsat_C2_L2,regimeB_v0_RS_t0,RS_t0_v0
mining,MINE_US_01891,early_restoration,,-0.01309,,S1_VH(pending),0,Landsat_C2_L2,regimeB_v0_RS_t0,RS_t0_v0
mining,MINE_US_01892,degraded,,0.00248,,S1_VH(pending),0,Landsat_C2_L2,regimeB_v0_RS_t0,RS_t0_v0
mining,MINE_US_01893,early_restoration,,0.00299,,S1_VH(pending),0,Landsat_C2_L2,regimeB_v0_RS_t0,RS_t0_v0
mining,MINE_US_01894,early_restoration,,-0.01351,,S1_VH(pending),0,Landsat_C2_L2,regimeB_v0_RS_t0,RS_t0_v0
mining,MINE_US_01895,degraded,,0.00024,,S1_VH(pending),0,Landsat_C2_L2,regimeB_v0_RS_t0,RS_t0_v0
mining,MINE_US_01896,early_restoration,,0.00539,,S1_VH(pending),0,Landsat_C2_L2,regimeB_v0_RS_t0,RS_t0_v0
mining,MINE_US_01897,stable_restoration,,0.00405,,S1_VH(pending),0,Landsat_C2_L2,regimeB_v0_RS_t0,RS_t0_v0
mining,MINE_US_01898,degraded,,-0.00044,,S1_VH(pending),0,Landsat_C2_L2,regimeB_v0_RS_t0,RS_t0_v0
mining,MINE_US_01899,degraded,,0.0027,,S1_VH(pending),0,Landsat_C2_L2,regimeB_v0_RS_t0,RS_t0_v0
mining,MINE_US_01900,early_restoration,,0.0059,,S1_VH(pending),0,Landsat_C2_L2,regimeB_v0_RS_t0,RS_t0_v0
mining,MINE_US_01901,stable_restoration,,-0.00609,,S1_VH(pending),0,Landsat_C2_L2,regimeB_v0_RS_t0,RS_t0_v0
mining,MINE_US_01902,stable_restoration,,-0.02261,,S1_VH(pending),0,Landsat_C2_L2,regimeB_v0_RS_t0,RS_t0_v0
mining,MINE_US_01903,stable_restoration,,-0.00891,,S1_VH(pending),0,Landsat_C2_L2,regimeB_v0_RS_t0,RS_t0_v0
mining,MINE_US_01904,degraded,,0.00083,,S1_VH(pending),0,Landsat_C2_L2,regimeB_v0_RS_t0,RS_t0_v0
mining,MINE_US_01905,early_restoration,,0.00169,,S1_VH(pending),0,Landsat_C2_L2,regimeB_v0_RS_t0,RS_t0_v0
mining,MINE_US_01906,early_restoration,,0.00489,,S1_VH(pending),0,Landsat_C2_L2,regimeB_v0_RS_t0,RS_t0_v0
mining,MINE_US_01907,early_restoration,,0.00539,,S1_VH(pending),0,Landsat_C2_L2,regimeB_v0_RS_t0,RS_t0_v0
mining,MINE_US_01908,degraded,,0.00064,,S1_VH(pending),0,Landsat_C2_L2,regimeB_v0_RS_t0,RS_t0_v0
mining,MINE_US_01909,early_restoration,,0.00248,,S1_VH(pending),0,Landsat_C2_L2,regimeB_v0_RS_t0,RS_t0_v0
mining,MINE_US_01910,early_restoration,,-0.0002,,S1_VH(pending),0,Landsat_C2_L2,regimeB_v0_RS_t0,RS_t0_v0
mining,MINE_US_01911,early_restoration,,-0.0002,,S1_VH(pending),0,Landsat_C2_L2,regimeB_v0_RS_t0,RS_t0_v0
mining,MINE_US_01912,stable_restoration,,-0.00038,,S1_VH(pending),0,Landsat_C2_L2,regimeB_v0_RS_t0,RS_t0_v0
mining,MINE_US_01913,degraded,,0.00411,,S1_VH(pending),0,Landsat_C2_L2,regimeB_v0_RS_t0,RS_t0_v0
mining,MINE_US_01914,stable_restoration,,0.00499,,S1_VH(pending),0,Landsat_C2_L2,regimeB_v0_RS_t0,RS_t0_v0
mining,MINE_US_01915,early_restoration,,0.00324,,S1_VH(pending),0,Landsat_C2_L2,regimeB_v0_RS_t0,RS_t0_v0
mining,MINE_US_01916,stable_restoration,,-0.01507,,S1_VH(pending),0,Landsat_C2_L2,regimeB_v0_RS_t0,RS_t0_v0
mining,MINE_US_01917,stable_restoration,,-0.0027,,S1_VH(pending),0,Landsat_C2_L2,regimeB_v0_RS_t0,RS_t0_v0
mining,MINE_US_01918,early_restoration,,-0.00494,,S1_VH(pending),0,Landsat_C2_L2,regimeB_v0_RS_t0,RS_t0_v0
mining,MINE_US_01919,early_restoration,,-0.00894,,S1_VH(pending),0,Landsat_C2_L2,regimeB_v0_RS_t0,RS_t0_v0
mining,MINE_US_01920,stable_restoration,,0.00071,,S1_VH(pending),0,Landsat_C2_L2,regimeB_v0_RS_t0,RS_t0_v0
mining,MINE_US_01921,stable_restoration,,0.00891,,S1_VH(pending),0,Landsat_C2_L2,regimeB_v0_RS_t0,RS_t0_v0
mining,MINE_US_01922,degraded,,0.00121,,S1_VH(pending),0,Landsat_C2_L2,regimeB_v0_RS_t0,RS_t0_v0
mining,MINE_US_01923,degraded,,0.00217,,S1_VH(pending),0,Landsat_C2_L2,regimeB_v0_RS_t0,RS_t0_v0
mining,MINE_US_01924,degraded,,0.0012,,S1_VH(pending),0,Landsat_C2_L2,regimeB_v0_RS_t0,RS_t0_v0
mining,MINE_US_01925,degraded,,-0.00373,,S1_VH(pending),0,Landsat_C2_L2,regimeB_v0_RS_t0,RS_t0_v0
mining,MINE_US_01926,stable_restoration,,0.00479,,S1_VH(pending),0,Landsat_C2_L2,regimeB_v0_RS_t0,RS_t0_v0
mining,MINE_US_01927,early_restoration,,0.00389,,S1_VH(pending),0,Landsat_C2_L2,regimeB_v0_RS_t0,RS_t0_v0
mining,MINE_US_01928,degraded,,0.0047,,S1_VH(pending),0,Landsat_C2_L2,regimeB_v0_RS_t0,RS_t0_v0
mining,MINE_US_01929,degraded,,0.00475,,S1_VH(pending),0,Landsat_C2_L2,regimeB_v0_RS_t0,RS_t0_v0
mining,MINE_US_01930,degraded,,0.0021,,S1_VH(pending),0,Landsat_C2_L2,regimeB_v0_RS_t0,RS_t0_v0
mining,MINE_US_01931,degraded,,-0.00956,,S1_VH(pending),0,Landsat_C2_L2,regimeB_v0_RS_t0,RS_t0_v0
mining,MINE_US_01932,degraded,,-0.00143,,S1_VH(pending),0,Landsat_C2_L2,regimeB_v0_RS_t0,RS_t0_v0
mining,MINE_US_01933,degraded,,0.0017,,S1_VH(pending),0,Landsat_C2_L2,regimeB_v0_RS_t0,RS_t0_v0
mining,MINE_US_01934,degraded,,-0.00051,,S1_VH(pending),0,Landsat_C2_L2,regimeB_v0_RS_t0,RS_t0_v0
mining,MINE_US_01935,degraded,,-0.00652,,S1_VH(pending),0,Landsat_C2_L2,regimeB_v0_RS_t0,RS_t0_v0
mining,MINE_US_01936,early_restoration,,0.00805,,S1_VH(pending),0,Landsat_C2_L2,regimeB_v0_RS_t0,RS_t0_v0
mining,MINE_US_01937,early_restoration,,-0.02705,,S1_VH(pending),0,Landsat_C2_L2,regimeB_v0_RS_t0,RS_t0_v0
mining,MINE_US_01938,stable_restoration,,0.01202,,S1_VH(pending),0,Landsat_C2_L2,regimeB_v0_RS_t0,RS_t0_v0
mining,MINE_US_01939,stable_restoration,,0.00279,,S1_VH(pending),0,Landsat_C2_L2,regimeB_v0_RS_t0,RS_t0_v0
mining,MINE_US_01940,stable_restoration,,-0.00398,,S1_VH(pending),0,Landsat_C2_L2,regimeB_v0_RS_t0,RS_t0_v0
mining,MINE_US_01941,degraded,,0.00464,,S1_VH(pending),0,Landsat_C2_L2,regimeB_v0_RS_t0,RS_t0_v0
mining,MINE_US_01942,degraded,,0.0003,,S1_VH(pending),0,Landsat_C2_L2,regimeB_v0_RS_t0,RS_t0_v0
mining,MINE_US_01943,early_restoration,,0.00042,,S1_VH(pending),0,Landsat_C2_L2,regimeB_v0_RS_t0,RS_t0_v0
mining,MINE_US_01944,early_restoration,,-0.00015,,S1_VH(pending),0,Landsat_C2_L2,regimeB_v0_RS_t0,RS_t0_v0
mining,MINE_US_01945,degraded,,0.00072,,S1_VH(pending),0,Landsat_C2_L2,regimeB_v0_RS_t0,RS_t0_v0
mining,MINE_US_01946,early_restoration,,0.00786,,S1_VH(pending),0,Landsat_C2_L2,regimeB_v0_RS_t0,RS_t0_v0
mining,MINE_US_01947,stable_restoration,,-0.00732,,S1_VH(pending),0,Landsat_C2_L2,regimeB_v0_RS_t0,RS_t0_v0
mining,MINE_US_01948,stable_restoration,,-0.00763,,S1_VH(pending),0,Landsat_C2_L2,regimeB_v0_RS_t0,RS_t0_v0
mining,MINE_US_01949,stable_restoration,,-0.00312,,S1_VH(pending),0,Landsat_C2_L2,regimeB_v0_RS_t0,RS_t0_v0
mining,MINE_US_01950,early_restoration,,-0.00081,,S1_VH(pending),0,Landsat_C2_L2,regimeB_v0_RS_t0,RS_t0_v0
mining,MINE_US_01951,degraded,,0.0013,,S1_VH(pending),0,Landsat_C2_L2,regimeB_v0_RS_t0,RS_t0_v0
mining,MINE_US_01952,stable_restoration,,0.00621,,S1_VH(pending),0,Landsat_C2_L2,regimeB_v0_RS_t0,RS_t0_v0
mining,MINE_US_01953,degraded,,-0.00164,,S1_VH(pending),0,Landsat_C2_L2,regimeB_v0_RS_t0,RS_t0_v0
mining,MINE_US_01954,stable_restoration,,0.00457,,S1_VH(pending),0,Landsat_C2_L2,regimeB_v0_RS_t0,RS_t0_v0
mining,MINE_US_01955,early_restoration,,0.00235,,S1_VH(pending),0,Landsat_C2_L2,regimeB_v0_RS_t0,RS_t0_v0
mining,MINE_US_01956,stable_restoration,,-0.0041,,S1_VH(pending),0,Landsat_C2_L2,regimeB_v0_RS_t0,RS_t0_v0
mining,MINE_US_01957,stable_restoration,,2e-05,,S1_VH(pending),0,Landsat_C2_L2,regimeB_v0_RS_t0,RS_t0_v0
mining,MINE_US_01958,degraded,,0.00085,,S1_VH(pending),0,Landsat_C2_L2,regimeB_v0_RS_t0,RS_t0_v0
mining,MINE_US_01959,relapse_degradation,,-0.00738,,S1_VH(pending),0,Landsat_C2_L2,regimeB_v0_RS_t0,RS_t0_v0
mining,MINE_US_01960,early_restoration,,0.0002,,S1_VH(pending),0,Landsat_C2_L2,regimeB_v0_RS_t0,RS_t0_v0
mining,MINE_US_01961,early_restoration,,0.00167,,S1_VH(pending),0,Landsat_C2_L2,regimeB_v0_RS_t0,RS_t0_v0
mining,MINE_US_01962,degraded,,0.00133,,S1_VH(pending),0,Landsat_C2_L2,regimeB_v0_RS_t0,RS_t0_v0
mining,MINE_US_01963,stable_restoration,,-0.02032,,S1_VH(pending),0,Landsat_C2_L2,regimeB_v0_RS_t0,RS_t0_v0
mining,MINE_US_01964,stable_restoration,,-0.01793,,S1_VH(pending),0,Landsat_C2_L2,regimeB_v0_RS_t0,RS_t0_v0
mining,MINE_US_01965,degraded,,0.00161,,S1_VH(pending),0,Landsat_C2_L2,regimeB_v0_RS_t0,RS_t0_v0
mining,MINE_US_01966,early_restoration,,-0.00568,,S1_VH(pending),0,Landsat_C2_L2,regimeB_v0_RS_t0,RS_t0_v0
mining,MINE_US_01967,stable_restoration,,0.00692,,S1_VH(pending),0,Landsat_C2_L2,regimeB_v0_RS_t0,RS_t0_v0
mining,MINE_US_01968,stable_restoration,,-0.0094,,S1_VH(pending),0,Landsat_C2_L2,regimeB_v0_RS_t0,RS_t0_v0
mining,MINE_US_01969,degraded,,0.00294,,S1_VH(pending),0,Landsat_C2_L2,regimeB_v0_RS_t0,RS_t0_v0
mining,MINE_US_01970,degraded,,0.00323,,S1_VH(pending),0,Landsat_C2_L2,regimeB_v0_RS_t0,RS_t0_v0
mining,MINE_US_01971,degraded,,0.00209,,S1_VH(pending),0,Landsat_C2_L2,regimeB_v0_RS_t0,RS_t0_v0
mining,MINE_US_01972,degraded,,0.00288,,S1_VH(pending),0,Landsat_C2_L2,regimeB_v0_RS_t0,RS_t0_v0
mining,MINE_US_01973,early_restoration,,0.00273,,S1_VH(pending),0,Landsat_C2_L2,regimeB_v0_RS_t0,RS_t0_v0
mining,MINE_US_01974,stable_restoration,,-0.0062,,S1_VH(pending),0,Landsat_C2_L2,regimeB_v0_RS_t0,RS_t0_v0
mining,MINE_US_01975,degraded,,-0.00135,,S1_VH(pending),0,Landsat_C2_L2,regimeB_v0_RS_t0,RS_t0_v0
mining,MINE_US_01976,stable_restoration,,-0.00382,,S1_VH(pending),0,Landsat_C2_L2,regimeB_v0_RS_t0,RS_t0_v0
mining,MINE_US_01977,degraded,,0.00101,,S1_VH(pending),0,Landsat_C2_L2,regimeB_v0_RS_t0,RS_t0_v0
mining,MINE_US_01978,early_restoration,,0.00322,,S1_VH(pending),0,Landsat_C2_L2,regimeB_v0_RS_t0,RS_t0_v0
mining,MINE_US_01979,stable_restoration,,-0.011,,S1_VH(pending),0,Landsat_C2_L2,regimeB_v0_RS_t0,RS_t0_v0
mining,MINE_US_01980,stable_restoration,,-0.00213,,S1_VH(pending),0,Landsat_C2_L2,regimeB_v0_RS_t0,RS_t0_v0
mining,MINE_US_01981,degraded,,-0.00036,,S1_VH(pending),0,Landsat_C2_L2,regimeB_v0_RS_t0,RS_t0_v0
mining,MINE_US_01982,early_restoration,,-0.00911,,S1_VH(pending),0,Landsat_C2_L2,regimeB_v0_RS_t0,RS_t0_v0
mining,MINE_US_01983,stable_restoration,,0.01857,,S1_VH(pending),0,Landsat_C2_L2,regimeB_v0_RS_t0,RS_t0_v0
mining,MINE_US_01984,early_restoration,,-0.01993,,S1_VH(pending),0,Landsat_C2_L2,regimeB_v0_RS_t0,RS_t0_v0
mining,MINE_US_01985,degraded,,0.00104,,S1_VH(pending),0,Landsat_C2_L2,regimeB_v0_RS_t0,RS_t0_v0
mining,MINE_US_01986,degraded,,-0.00427,,S1_VH(pending),0,Landsat_C2_L2,regimeB_v0_RS_t0,RS_t0_v0
mining,MINE_US_01987,stable_restoration,,0.00964,,S1_VH(pending),0,Landsat_C2_L2,regimeB_v0_RS_t0,RS_t0_v0
mining,MINE_US_01988,stable_restoration,,0.0027,,S1_VH(pending),0,Landsat_C2_L2,regimeB_v0_RS_t0,RS_t0_v0
mining,MINE_US_01989,degraded,,0.00478,,S1_VH(pending),0,Landsat_C2_L2,regimeB_v0_RS_t0,RS_t0_v0
mining,MINE_US_01990,stable_restoration,,0.00115,,S1_VH(pending),0,Landsat_C2_L2,regimeB_v0_RS_t0,RS_t0_v0
mining,MINE_US_01991,stable_restoration,,-0.00305,,S1_VH(pending),0,Landsat_C2_L2,regimeB_v0_RS_t0,RS_t0_v0
mining,MINE_US_01992,early_restoration,,-0.00058,,S1_VH(pending),0,Landsat_C2_L2,regimeB_v0_RS_t0,RS_t0_v0
mining,MINE_US_01993,degraded,,0.0016,,S1_VH(pending),0,Landsat_C2_L2,regimeB_v0_RS_t0,RS_t0_v0
mining,MINE_US_01994,early_restoration,,0.00295,,S1_VH(pending),0,Landsat_C2_L2,regimeB_v0_RS_t0,RS_t0_v0
mining,MINE_US_01995,early_restoration,,0.00329,,S1_VH(pending),0,Landsat_C2_L2,regimeB_v0_RS_t0,RS_t0_v0
mining,MINE_US_01996,early_restoration,,0.00478,,S1_VH(pending),0,Landsat_C2_L2,regimeB_v0_RS_t0,RS_t0_v0
mining,MINE_US_01997,early_restoration,,0.00362,,S1_VH(pending),0,Landsat_C2_L2,regimeB_v0_RS_t0,RS_t0_v0
mining,MINE_US_01998,stable_restoration,,-0.00257,,S1_VH(pending),0,Landsat_C2_L2,regimeB_v0_RS_t0,RS_t0_v0
mining,MINE_US_01999,early_restoration,,0.00046,,S1_VH(pending),0,Landsat_C2_L2,regimeB_v0_RS_t0,RS_t0_v0
mining,MINE_US_02000,early_restoration,,0.00249,,S1_VH(pending),0,Landsat_C2_L2,regimeB_v0_RS_t0,RS_t0_v0
mining,MINE_US_02001,degraded,,0.00257,,S1_VH(pending),0,Landsat_C2_L2,regimeB_v0_RS_t0,RS_t0_v0
mining,MINE_US_02002,degraded,,-0.00419,,S1_VH(pending),0,Landsat_C2_L2,regimeB_v0_RS_t0,RS_t0_v0
mining,MINE_US_02003,early_restoration,,0.00445,,S1_VH(pending),0,Landsat_C2_L2,regimeB_v0_RS_t0,RS_t0_v0
mining,MINE_US_02004,early_restoration,,-0.00637,,S1_VH(pending),0,Landsat_C2_L2,regimeB_v0_RS_t0,RS_t0_v0
mining,MINE_US_02005,stable_restoration,,0.00126,,S1_VH(pending),0,Landsat_C2_L2,regimeB_v0_RS_t0,RS_t0_v0
mining,MINE_US_02006,early_restoration,,-0.00951,,S1_VH(pending),0,Landsat_C2_L2,regimeB_v0_RS_t0,RS_t0_v0
mining,MINE_US_02007,stable_restoration,,0.00107,,S1_VH(pending),0,Landsat_C2_L2,regimeB_v0_RS_t0,RS_t0_v0
mining,MINE_US_02008,early_restoration,,-0.00217,,S1_VH(pending),0,Landsat_C2_L2,regimeB_v0_RS_t0,RS_t0_v0
mining,MINE_US_02009,early_restoration,,0.00202,,S1_VH(pending),0,Landsat_C2_L2,regimeB_v0_RS_t0,RS_t0_v0
mining,MINE_US_02010,degraded,,0.00039,,S1_VH(pending),0,Landsat_C2_L2,regimeB_v0_RS_t0,RS_t0_v0
mining,MINE_US_02011,stable_restoration,,0.00328,,S1_VH(pending),0,Landsat_C2_L2,regimeB_v0_RS_t0,RS_t0_v0
mining,MINE_US_02012,early_restoration,,-0.00183,,S1_VH(pending),0,Landsat_C2_L2,regimeB_v0_RS_t0,RS_t0_v0
mining,MINE_US_02013,stable_restoration,,-0.00482,,S1_VH(pending),0,Landsat_C2_L2,regimeB_v0_RS_t0,RS_t0_v0
mining,MINE_US_02014,early_restoration,,-0.01755,,S1_VH(pending),0,Landsat_C2_L2,regimeB_v0_RS_t0,RS_t0_v0
mining,MINE_US_02015,degraded,,0.00181,,S1_VH(pending),0,Landsat_C2_L2,regimeB_v0_RS_t0,RS_t0_v0
mining,MINE_US_02016,degraded,,0.00078,,S1_VH(pending),0,Landsat_C2_L2,regimeB_v0_RS_t0,RS_t0_v0
mining,MINE_US_02017,stable_restoration,,-0.00284,,S1_VH(pending),0,Landsat_C2_L2,regimeB_v0_RS_t0,RS_t0_v0
mining,MINE_US_02018,stable_restoration,,0.00749,,S1_VH(pending),0,Landsat_C2_L2,regimeB_v0_RS_t0,RS_t0_v0
mining,MINE_US_02019,early_restoration,,-0.0282,,S1_VH(pending),0,Landsat_C2_L2,regimeB_v0_RS_t0,RS_t0_v0
mining,MINE_US_02020,stable_restoration,,-0.01033,,S1_VH(pending),0,Landsat_C2_L2,regimeB_v0_RS_t0,RS_t0_v0
mining,MINE_US_02021,early_restoration,,-0.01036,,S1_VH(pending),0,Landsat_C2_L2,regimeB_v0_RS_t0,RS_t0_v0
mining,MINE_US_02022,early_restoration,,0.00276,,S1_VH(pending),0,Landsat_C2_L2,regimeB_v0_RS_t0,RS_t0_v0
mining,MINE_US_02023,stable_restoration,,0.00558,,S1_VH(pending),0,Landsat_C2_L2,regimeB_v0_RS_t0,RS_t0_v0
mining,MINE_US_02024,stable_restoration,,-0.00157,,S1_VH(pending),0,Landsat_C2_L2,regimeB_v0_RS_t0,RS_t0_v0
mining,MINE_US_02025,degraded,,-0.00345,,S1_VH(pending),0,Landsat_C2_L2,regimeB_v0_RS_t0,RS_t0_v0
mining,MINE_US_02026,degraded,,0.00039,,S1_VH(pending),0,Landsat_C2_L2,regimeB_v0_RS_t0,RS_t0_v0
mining,MINE_US_02027,degraded,,0.00286,,S1_VH(pending),0,Landsat_C2_L2,regimeB_v0_RS_t0,RS_t0_v0
mining,MINE_US_02028,early_restoration,,0.0006,,S1_VH(pending),0,Landsat_C2_L2,regimeB_v0_RS_t0,RS_t0_v0
mining,MINE_US_02029,early_restoration,,0.00418,,S1_VH(pending),0,Landsat_C2_L2,regimeB_v0_RS_t0,RS_t0_v0
mining,MINE_US_02030,degraded,,0.0014,,S1_VH(pending),0,Landsat_C2_L2,regimeB_v0_RS_t0,RS_t0_v0
mining,MINE_US_02031,stable_restoration,,-0.00598,,S1_VH(pending),0,Landsat_C2_L2,regimeB_v0_RS_t0,RS_t0_v0
mining,MINE_US_02032,early_restoration,,-0.0036,,S1_VH(pending),0,Landsat_C2_L2,regimeB_v0_RS_t0,RS_t0_v0
mining,MINE_US_02033,early_restoration,,-0.00034,,S1_VH(pending),0,Landsat_C2_L2,regimeB_v0_RS_t0,RS_t0_v0
mining,MINE_US_02034,early_restoration,,-0.00388,,S1_VH(pending),0,Landsat_C2_L2,regimeB_v0_RS_t0,RS_t0_v0
mining,MINE_US_02035,stable_restoration,,-0.01131,,S1_VH(pending),0,Landsat_C2_L2,regimeB_v0_RS_t0,RS_t0_v0
mining,MINE_US_02036,degraded,,-0.00353,,S1_VH(pending),0,Landsat_C2_L2,regimeB_v0_RS_t0,RS_t0_v0
mining,MINE_US_02037,stable_restoration,,0.00171,,S1_VH(pending),0,Landsat_C2_L2,regimeB_v0_RS_t0,RS_t0_v0
mining,MINE_US_02038,stable_restoration,,0.00471,,S1_VH(pending),0,Landsat_C2_L2,regimeB_v0_RS_t0,RS_t0_v0
mining,MINE_US_02039,stable_restoration,,-0.00762,,S1_VH(pending),0,Landsat_C2_L2,regimeB_v0_RS_t0,RS_t0_v0
mining,MINE_US_02040,stable_restoration,,0.00739,,S1_VH(pending),0,Landsat_C2_L2,regimeB_v0_RS_t0,RS_t0_v0
mining,MINE_US_02041,stable_restoration,,-0.01352,,S1_VH(pending),0,Landsat_C2_L2,regimeB_v0_RS_t0,RS_t0_v0
mining,MINE_US_02042,early_restoration,,-0.00446,,S1_VH(pending),0,Landsat_C2_L2,regimeB_v0_RS_t0,RS_t0_v0
mining,MINE_US_02043,stable_restoration,,-0.01334,,S1_VH(pending),0,Landsat_C2_L2,regimeB_v0_RS_t0,RS_t0_v0
mining,MINE_US_02044,early_restoration,,0.00151,,S1_VH(pending),0,Landsat_C2_L2,regimeB_v0_RS_t0,RS_t0_v0
mining,MINE_US_02045,degraded,,-0.00094,,S1_VH(pending),0,Landsat_C2_L2,regimeB_v0_RS_t0,RS_t0_v0
mining,MINE_US_02046,degraded,,0.00327,,S1_VH(pending),0,Landsat_C2_L2,regimeB_v0_RS_t0,RS_t0_v0
mining,MINE_US_02047,relapse_degradation,,-0.01308,,S1_VH(pending),0,Landsat_C2_L2,regimeB_v0_RS_t0,RS_t0_v0
mining,MINE_US_02048,stable_restoration,,-0.01231,,S1_VH(pending),0,Landsat_C2_L2,regimeB_v0_RS_t0,RS_t0_v0
mining,MINE_US_02049,early_restoration,,0.00745,,S1_VH(pending),0,Landsat_C2_L2,regimeB_v0_RS_t0,RS_t0_v0
mining,MINE_US_02050,degraded,,0.003,,S1_VH(pending),0,Landsat_C2_L2,regimeB_v0_RS_t0,RS_t0_v0
mining,MINE_US_02051,degraded,,-0.00021,,S1_VH(pending),0,Landsat_C2_L2,regimeB_v0_RS_t0,RS_t0_v0
mining,MINE_US_02052,stable_restoration,,0.01126,,S1_VH(pending),0,Landsat_C2_L2,regimeB_v0_RS_t0,RS_t0_v0
mining,MINE_US_02053,degraded,,0.00306,,S1_VH(pending),0,Landsat_C2_L2,regimeB_v0_RS_t0,RS_t0_v0
mining,MINE_US_02054,stable_restoration,,0.00533,,S1_VH(pending),0,Landsat_C2_L2,regimeB_v0_RS_t0,RS_t0_v0
mining,MINE_US_02055,stable_restoration,,-0.00748,,S1_VH(pending),0,Landsat_C2_L2,regimeB_v0_RS_t0,RS_t0_v0
mining,MINE_US_02056,stable_restoration,,0.00388,,S1_VH(pending),0,Landsat_C2_L2,regimeB_v0_RS_t0,RS_t0_v0
mining,MINE_US_02057,stable_restoration,,-0.00821,,S1_VH(pending),0,Landsat_C2_L2,regimeB_v0_RS_t0,RS_t0_v0
mining,MINE_US_02058,degraded,,-0.00139,,S1_VH(pending),0,Landsat_C2_L2,regimeB_v0_RS_t0,RS_t0_v0
mining,MINE_US_02059,stable_restoration,,0.00601,,S1_VH(pending),0,Landsat_C2_L2,regimeB_v0_RS_t0,RS_t0_v0
mining,MINE_US_02060,degraded,,0.00325,,S1_VH(pending),0,Landsat_C2_L2,regimeB_v0_RS_t0,RS_t0_v0
mining,MINE_US_02061,degraded,,0.00094,,S1_VH(pending),0,Landsat_C2_L2,regimeB_v0_RS_t0,RS_t0_v0
mining,MINE_US_02062,stable_restoration,,0.00377,,S1_VH(pending),0,Landsat_C2_L2,regimeB_v0_RS_t0,RS_t0_v0
mining,MINE_US_02063,stable_restoration,,0.00095,,S1_VH(pending),0,Landsat_C2_L2,regimeB_v0_RS_t0,RS_t0_v0
mining,MINE_US_02064,degraded,,0.00374,,S1_VH(pending),0,Landsat_C2_L2,regimeB_v0_RS_t0,RS_t0_v0
mining,MINE_US_02065,stable_restoration,,-0.00048,,S1_VH(pending),0,Landsat_C2_L2,regimeB_v0_RS_t0,RS_t0_v0
mining,MINE_US_02066,early_restoration,,-0.00842,,S1_VH(pending),0,Landsat_C2_L2,regimeB_v0_RS_t0,RS_t0_v0
mining,MINE_US_02067,degraded,,0.00232,,S1_VH(pending),0,Landsat_C2_L2,regimeB_v0_RS_t0,RS_t0_v0
mining,MINE_US_02068,degraded,,0.00239,,S1_VH(pending),0,Landsat_C2_L2,regimeB_v0_RS_t0,RS_t0_v0
mining,MINE_US_02069,early_restoration,,0.00292,,S1_VH(pending),0,Landsat_C2_L2,regimeB_v0_RS_t0,RS_t0_v0
mining,MINE_US_02070,degraded,,0.00098,,S1_VH(pending),0,Landsat_C2_L2,regimeB_v0_RS_t0,RS_t0_v0
mining,MINE_US_02071,stable_restoration,,-0.00117,,S1_VH(pending),0,Landsat_C2_L2,regimeB_v0_RS_t0,RS_t0_v0
mining,MINE_US_02072,stable_restoration,,-0.0226,,S1_VH(pending),0,Landsat_C2_L2,regimeB_v0_RS_t0,RS_t0_v0
mining,MINE_US_02073,degraded,,-0.0014,,S1_VH(pending),0,Landsat_C2_L2,regimeB_v0_RS_t0,RS_t0_v0
mining,MINE_US_02074,stable_restoration,,-0.00441,,S1_VH(pending),0,Landsat_C2_L2,regimeB_v0_RS_t0,RS_t0_v0
mining,MINE_US_02075,stable_restoration,,-0.00741,,S1_VH(pending),0,Landsat_C2_L2,regimeB_v0_RS_t0,RS_t0_v0
mining,MINE_US_02076,early_restoration,,-0.00044,,S1_VH(pending),0,Landsat_C2_L2,regimeB_v0_RS_t0,RS_t0_v0
mining,MINE_US_02077,stable_restoration,,0.00457,,S1_VH(pending),0,Landsat_C2_L2,regimeB_v0_RS_t0,RS_t0_v0
mining,MINE_US_02078,degraded,,0.00055,,S1_VH(pending),0,Landsat_C2_L2,regimeB_v0_RS_t0,RS_t0_v0
mining,MINE_US_02079,stable_restoration,,-0.01337,,S1_VH(pending),0,Landsat_C2_L2,regimeB_v0_RS_t0,RS_t0_v0
mining,MINE_US_02080,early_restoration,,-0.01205,,S1_VH(pending),0,Landsat_C2_L2,regimeB_v0_RS_t0,RS_t0_v0
mining,MINE_US_02081,degraded,,0.00431,,S1_VH(pending),0,Landsat_C2_L2,regimeB_v0_RS_t0,RS_t0_v0
mining,MINE_US_02082,degraded,,-0.00296,,S1_VH(pending),0,Landsat_C2_L2,regimeB_v0_RS_t0,RS_t0_v0
mining,MINE_US_02083,early_restoration,,-0.01536,,S1_VH(pending),0,Landsat_C2_L2,regimeB_v0_RS_t0,RS_t0_v0
mining,MINE_US_02084,early_restoration,,-0.00188,,S1_VH(pending),0,Landsat_C2_L2,regimeB_v0_RS_t0,RS_t0_v0
mining,MINE_US_02085,early_restoration,,0.00253,,S1_VH(pending),0,Landsat_C2_L2,regimeB_v0_RS_t0,RS_t0_v0
mining,MINE_US_02086,stable_restoration,,-0.00745,,S1_VH(pending),0,Landsat_C2_L2,regimeB_v0_RS_t0,RS_t0_v0
mining,MINE_US_02087,early_restoration,,-0.00024,,S1_VH(pending),0,Landsat_C2_L2,regimeB_v0_RS_t0,RS_t0_v0
mining,MINE_US_02088,early_restoration,,0.00166,,S1_VH(pending),0,Landsat_C2_L2,regimeB_v0_RS_t0,RS_t0_v0
mining,MINE_US_02089,relapse_degradation,,-0.00739,,S1_VH(pending),0,Landsat_C2_L2,regimeB_v0_RS_t0,RS_t0_v0
mining,MINE_US_02090,stable_restoration,,-0.00645,,S1_VH(pending),0,Landsat_C2_L2,regimeB_v0_RS_t0,RS_t0_v0
mining,MINE_US_02091,stable_restoration,,-0.00539,,S1_VH(pending),0,Landsat_C2_L2,regimeB_v0_RS_t0,RS_t0_v0
mining,MINE_US_02092,degraded,,0.00217,,S1_VH(pending),0,Landsat_C2_L2,regimeB_v0_RS_t0,RS_t0_v0
mining,MINE_US_02093,early_restoration,,0.00261,,S1_VH(pending),0,Landsat_C2_L2,regimeB_v0_RS_t0,RS_t0_v0
mining,MINE_US_02094,degraded,,0.00188,,S1_VH(pending),0,Landsat_C2_L2,regimeB_v0_RS_t0,RS_t0_v0
mining,MINE_US_02095,degraded,,-0.0001,,S1_VH(pending),0,Landsat_C2_L2,regimeB_v0_RS_t0,RS_t0_v0
mining,MINE_US_02096,stable_restoration,,-0.00054,,S1_VH(pending),0,Landsat_C2_L2,regimeB_v0_RS_t0,RS_t0_v0
mining,MINE_US_02097,early_restoration,,-0.0019,,S1_VH(pending),0,Landsat_C2_L2,regimeB_v0_RS_t0,RS_t0_v0
mining,MINE_US_02098,early_restoration,,0.00568,,S1_VH(pending),0,Landsat_C2_L2,regimeB_v0_RS_t0,RS_t0_v0
mining,MINE_US_02099,early_restoration,,-0.00368,,S1_VH(pending),0,Landsat_C2_L2,regimeB_v0_RS_t0,RS_t0_v0
mining,MINE_US_02100,degraded,,0.00277,,S1_VH(pending),0,Landsat_C2_L2,regimeB_v0_RS_t0,RS_t0_v0
mining,MINE_US_02101,stable_restoration,,-0.00753,,S1_VH(pending),0,Landsat_C2_L2,regimeB_v0_RS_t0,RS_t0_v0
mining,MINE_US_02102,stable_restoration,,0.0061,,S1_VH(pending),0,Landsat_C2_L2,regimeB_v0_RS_t0,RS_t0_v0
mining,MINE_US_02103,degraded,,0.00075,,S1_VH(pending),0,Landsat_C2_L2,regimeB_v0_RS_t0,RS_t0_v0
mining,MINE_US_02104,degraded,,-0.00216,,S1_VH(pending),0,Landsat_C2_L2,regimeB_v0_RS_t0,RS_t0_v0
mining,MINE_US_02105,early_restoration,,-0.0073,,S1_VH(pending),0,Landsat_C2_L2,regimeB_v0_RS_t0,RS_t0_v0
mining,MINE_US_02106,early_restoration,,0.00397,,S1_VH(pending),0,Landsat_C2_L2,regimeB_v0_RS_t0,RS_t0_v0
mining,MINE_US_02107,stable_restoration,,0.00228,,S1_VH(pending),0,Landsat_C2_L2,regimeB_v0_RS_t0,RS_t0_v0
mining,MINE_US_02108,degraded,,-0.00118,,S1_VH(pending),0,Landsat_C2_L2,regimeB_v0_RS_t0,RS_t0_v0
mining,MINE_US_02109,stable_restoration,,0.0044,,S1_VH(pending),0,Landsat_C2_L2,regimeB_v0_RS_t0,RS_t0_v0
mining,MINE_US_02110,early_restoration,,0.00671,,S1_VH(pending),0,Landsat_C2_L2,regimeB_v0_RS_t0,RS_t0_v0
mining,MINE_US_02111,stable_restoration,,0.00265,,S1_VH(pending),0,Landsat_C2_L2,regimeB_v0_RS_t0,RS_t0_v0
mining,MINE_US_02112,early_restoration,,0.00484,,S1_VH(pending),0,Landsat_C2_L2,regimeB_v0_RS_t0,RS_t0_v0
mining,MINE_US_02113,early_restoration,,-0.0014,,S1_VH(pending),0,Landsat_C2_L2,regimeB_v0_RS_t0,RS_t0_v0
mining,MINE_US_02114,early_restoration,,0.00634,,S1_VH(pending),0,Landsat_C2_L2,regimeB_v0_RS_t0,RS_t0_v0
mining,MINE_US_02115,early_restoration,,-0.01853,,S1_VH(pending),0,Landsat_C2_L2,regimeB_v0_RS_t0,RS_t0_v0
mining,MINE_US_02116,stable_restoration,,-0.00737,,S1_VH(pending),0,Landsat_C2_L2,regimeB_v0_RS_t0,RS_t0_v0
mining,MINE_US_02117,early_restoration,,-0.00295,,S1_VH(pending),0,Landsat_C2_L2,regimeB_v0_RS_t0,RS_t0_v0
mining,MINE_US_02118,early_restoration,,0.00449,,S1_VH(pending),0,Landsat_C2_L2,regimeB_v0_RS_t0,RS_t0_v0
mining,MINE_US_02119,degraded,,0.00237,,S1_VH(pending),0,Landsat_C2_L2,regimeB_v0_RS_t0,RS_t0_v0
mining,MINE_US_02120,stable_restoration,,-0.01008,,S1_VH(pending),0,Landsat_C2_L2,regimeB_v0_RS_t0,RS_t0_v0
mining,MINE_US_02121,stable_restoration,,-0.00101,,S1_VH(pending),0,Landsat_C2_L2,regimeB_v0_RS_t0,RS_t0_v0
mining,MINE_US_02122,degraded,,0.00229,,S1_VH(pending),0,Landsat_C2_L2,regimeB_v0_RS_t0,RS_t0_v0
mining,MINE_US_02123,stable_restoration,,0.00545,,S1_VH(pending),0,Landsat_C2_L2,regimeB_v0_RS_t0,RS_t0_v0
mining,MINE_US_02124,early_restoration,,0.00198,,S1_VH(pending),0,Landsat_C2_L2,regimeB_v0_RS_t0,RS_t0_v0
mining,MINE_US_02125,degraded,,0.00046,,S1_VH(pending),0,Landsat_C2_L2,regimeB_v0_RS_t0,RS_t0_v0
mining,MINE_US_02126,degraded,,0.00113,,S1_VH(pending),0,Landsat_C2_L2,regimeB_v0_RS_t0,RS_t0_v0
mining,MINE_US_02127,early_restoration,,0.00804,,S1_VH(pending),0,Landsat_C2_L2,regimeB_v0_RS_t0,RS_t0_v0
mining,MINE_US_02128,early_restoration,,-0.00648,,S1_VH(pending),0,Landsat_C2_L2,regimeB_v0_RS_t0,RS_t0_v0
mining,MINE_US_02129,early_restoration,,-0.01384,,S1_VH(pending),0,Landsat_C2_L2,regimeB_v0_RS_t0,RS_t0_v0
mining,MINE_US_02130,early_restoration,,0.00344,,S1_VH(pending),0,Landsat_C2_L2,regimeB_v0_RS_t0,RS_t0_v0
mining,MINE_US_02131,degraded,,0.00081,,S1_VH(pending),0,Landsat_C2_L2,regimeB_v0_RS_t0,RS_t0_v0
mining,MINE_US_02132,degraded,,0.00123,,S1_VH(pending),0,Landsat_C2_L2,regimeB_v0_RS_t0,RS_t0_v0
mining,MINE_US_02133,degraded,,4e-05,,S1_VH(pending),0,Landsat_C2_L2,regimeB_v0_RS_t0,RS_t0_v0
mining,MINE_US_02134,degraded,,0.00212,,S1_VH(pending),0,Landsat_C2_L2,regimeB_v0_RS_t0,RS_t0_v0
mining,MINE_US_02135,degraded,,-0.00022,,S1_VH(pending),0,Landsat_C2_L2,regimeB_v0_RS_t0,RS_t0_v0
mining,MINE_US_02136,degraded,,0.00131,,S1_VH(pending),0,Landsat_C2_L2,regimeB_v0_RS_t0,RS_t0_v0
mining,MINE_US_02137,early_restoration,,-0.02144,,S1_VH(pending),0,Landsat_C2_L2,regimeB_v0_RS_t0,RS_t0_v0
mining,MINE_US_02138,degraded,,0.00083,,S1_VH(pending),0,Landsat_C2_L2,regimeB_v0_RS_t0,RS_t0_v0
mining,MINE_US_02139,degraded,,0.00168,,S1_VH(pending),0,Landsat_C2_L2,regimeB_v0_RS_t0,RS_t0_v0
mining,MINE_US_02140,early_restoration,,0.00447,,S1_VH(pending),0,Landsat_C2_L2,regimeB_v0_RS_t0,RS_t0_v0
mining,MINE_US_02141,degraded,,-0.00753,,S1_VH(pending),0,Landsat_C2_L2,regimeB_v0_RS_t0,RS_t0_v0
mining,MINE_US_02142,stable_restoration,,-0.00152,,S1_VH(pending),0,Landsat_C2_L2,regimeB_v0_RS_t0,RS_t0_v0
mining,MINE_US_02143,stable_restoration,,0.00582,,S1_VH(pending),0,Landsat_C2_L2,regimeB_v0_RS_t0,RS_t0_v0
mining,MINE_US_02144,early_restoration,,0.0049,,S1_VH(pending),0,Landsat_C2_L2,regimeB_v0_RS_t0,RS_t0_v0
mining,MINE_US_02145,stable_restoration,,0.0095,,S1_VH(pending),0,Landsat_C2_L2,regimeB_v0_RS_t0,RS_t0_v0
mining,MINE_US_02146,stable_restoration,,0.00761,,S1_VH(pending),0,Landsat_C2_L2,regimeB_v0_RS_t0,RS_t0_v0
mining,MINE_US_02147,degraded,,0.00122,,S1_VH(pending),0,Landsat_C2_L2,regimeB_v0_RS_t0,RS_t0_v0
mining,MINE_US_02148,stable_restoration,,-0.00767,,S1_VH(pending),0,Landsat_C2_L2,regimeB_v0_RS_t0,RS_t0_v0
mining,MINE_US_02149,early_restoration,,-0.00967,,S1_VH(pending),0,Landsat_C2_L2,regimeB_v0_RS_t0,RS_t0_v0
mining,MINE_US_02150,early_restoration,,-0.01973,,S1_VH(pending),0,Landsat_C2_L2,regimeB_v0_RS_t0,RS_t0_v0
mining,MINE_US_02151,early_restoration,,-0.00893,,S1_VH(pending),0,Landsat_C2_L2,regimeB_v0_RS_t0,RS_t0_v0
mining,MINE_US_02152,stable_restoration,,-0.0007,,S1_VH(pending),0,Landsat_C2_L2,regimeB_v0_RS_t0,RS_t0_v0
mining,MINE_US_02153,early_restoration,,0.00021,,S1_VH(pending),0,Landsat_C2_L2,regimeB_v0_RS_t0,RS_t0_v0
mining,MINE_US_02154,stable_restoration,,0.00644,,S1_VH(pending),0,Landsat_C2_L2,regimeB_v0_RS_t0,RS_t0_v0
mining,MINE_US_02155,early_restoration,,-0.01844,,S1_VH(pending),0,Landsat_C2_L2,regimeB_v0_RS_t0,RS_t0_v0
mining,MINE_US_02156,stable_restoration,,-0.01368,,S1_VH(pending),0,Landsat_C2_L2,regimeB_v0_RS_t0,RS_t0_v0
mining,MINE_US_02157,degraded,,0.00148,,S1_VH(pending),0,Landsat_C2_L2,regimeB_v0_RS_t0,RS_t0_v0
mining,MINE_US_02158,degraded,,-0.00025,,S1_VH(pending),0,Landsat_C2_L2,regimeB_v0_RS_t0,RS_t0_v0
mining,MINE_US_02159,degraded,,0.00041,,S1_VH(pending),0,Landsat_C2_L2,regimeB_v0_RS_t0,RS_t0_v0
mining,MINE_US_02160,degraded,,0.0029,,S1_VH(pending),0,Landsat_C2_L2,regimeB_v0_RS_t0,RS_t0_v0
mining,MINE_US_02161,stable_restoration,,0.00415,,S1_VH(pending),0,Landsat_C2_L2,regimeB_v0_RS_t0,RS_t0_v0
mining,MINE_US_02162,degraded,,0.00313,,S1_VH(pending),0,Landsat_C2_L2,regimeB_v0_RS_t0,RS_t0_v0
mining,MINE_US_02163,degraded,,0.0013,,S1_VH(pending),0,Landsat_C2_L2,regimeB_v0_RS_t0,RS_t0_v0
mining,MINE_US_02164,stable_restoration,,0.00663,,S1_VH(pending),0,Landsat_C2_L2,regimeB_v0_RS_t0,RS_t0_v0
mining,MINE_US_02165,degraded,,0.00327,,S1_VH(pending),0,Landsat_C2_L2,regimeB_v0_RS_t0,RS_t0_v0
mining,MINE_US_02166,early_restoration,,-0.00556,,S1_VH(pending),0,Landsat_C2_L2,regimeB_v0_RS_t0,RS_t0_v0
mining,MINE_US_02167,degraded,,0.00119,,S1_VH(pending),0,Landsat_C2_L2,regimeB_v0_RS_t0,RS_t0_v0
mining,MINE_US_02168,degraded,,-0.00117,,S1_VH(pending),0,Landsat_C2_L2,regimeB_v0_RS_t0,RS_t0_v0
mining,MINE_US_02169,early_restoration,,0.00552,,S1_VH(pending),0,Landsat_C2_L2,regimeB_v0_RS_t0,RS_t0_v0
mining,MINE_US_02170,early_restoration,,0.00511,,S1_VH(pending),0,Landsat_C2_L2,regimeB_v0_RS_t0,RS_t0_v0
mining,MINE_US_02171,stable_restoration,,-0.01123,,S1_VH(pending),0,Landsat_C2_L2,regimeB_v0_RS_t0,RS_t0_v0
mining,MINE_US_02172,degraded,,0.00178,,S1_VH(pending),0,Landsat_C2_L2,regimeB_v0_RS_t0,RS_t0_v0
mining,MINE_US_02173,early_restoration,,0.00097,,S1_VH(pending),0,Landsat_C2_L2,regimeB_v0_RS_t0,RS_t0_v0
mining,MINE_US_02174,early_restoration,,-0.03396,,S1_VH(pending),0,Landsat_C2_L2,regimeB_v0_RS_t0,RS_t0_v0
mining,MINE_US_02175,degraded,,0.00372,,S1_VH(pending),0,Landsat_C2_L2,regimeB_v0_RS_t0,RS_t0_v0
mining,MINE_US_02176,early_restoration,,0.00175,,S1_VH(pending),0,Landsat_C2_L2,regimeB_v0_RS_t0,RS_t0_v0
mining,MINE_US_02177,early_restoration,,-0.00235,,S1_VH(pending),0,Landsat_C2_L2,regimeB_v0_RS_t0,RS_t0_v0
mining,MINE_US_02178,degraded,,0.00122,,S1_VH(pending),0,Landsat_C2_L2,regimeB_v0_RS_t0,RS_t0_v0
mining,MINE_US_02179,early_restoration,,0.00947,,S1_VH(pending),0,Landsat_C2_L2,regimeB_v0_RS_t0,RS_t0_v0
mining,MINE_US_02180,degraded,,0.00108,,S1_VH(pending),0,Landsat_C2_L2,regimeB_v0_RS_t0,RS_t0_v0
mining,MINE_US_02181,early_restoration,,-0.01389,,S1_VH(pending),0,Landsat_C2_L2,regimeB_v0_RS_t0,RS_t0_v0
mining,MINE_US_02182,early_restoration,,0.00036,,S1_VH(pending),0,Landsat_C2_L2,regimeB_v0_RS_t0,RS_t0_v0
mining,MINE_US_02183,stable_restoration,,-0.01464,,S1_VH(pending),0,Landsat_C2_L2,regimeB_v0_RS_t0,RS_t0_v0
mining,MINE_US_02184,stable_restoration,,-0.00447,,S1_VH(pending),0,Landsat_C2_L2,regimeB_v0_RS_t0,RS_t0_v0
mining,MINE_US_02185,stable_restoration,,-0.00795,,S1_VH(pending),0,Landsat_C2_L2,regimeB_v0_RS_t0,RS_t0_v0
mining,MINE_US_02186,degraded,,-0.02127,,S1_VH(pending),0,Landsat_C2_L2,regimeB_v0_RS_t0,RS_t0_v0
mining,MINE_US_02187,early_restoration,,-0.01405,,S1_VH(pending),0,Landsat_C2_L2,regimeB_v0_RS_t0,RS_t0_v0
mining,MINE_US_02188,stable_restoration,,-0.00409,,S1_VH(pending),0,Landsat_C2_L2,regimeB_v0_RS_t0,RS_t0_v0
mining,MINE_US_02189,early_restoration,,0.00348,,S1_VH(pending),0,Landsat_C2_L2,regimeB_v0_RS_t0,RS_t0_v0
mining,MINE_US_02190,degraded,,0.00243,,S1_VH(pending),0,Landsat_C2_L2,regimeB_v0_RS_t0,RS_t0_v0
mining,MINE_US_02191,early_restoration,,0.00116,,S1_VH(pending),0,Landsat_C2_L2,regimeB_v0_RS_t0,RS_t0_v0
mining,MINE_US_02192,degraded,,0.00219,,S1_VH(pending),0,Landsat_C2_L2,regimeB_v0_RS_t0,RS_t0_v0
mining,MINE_US_02193,stable_restoration,,0.00371,,S1_VH(pending),0,Landsat_C2_L2,regimeB_v0_RS_t0,RS_t0_v0
mining,MINE_US_02194,degraded,,-0.00181,,S1_VH(pending),0,Landsat_C2_L2,regimeB_v0_RS_t0,RS_t0_v0
mining,MINE_US_02195,stable_restoration,,-0.01255,,S1_VH(pending),0,Landsat_C2_L2,regimeB_v0_RS_t0,RS_t0_v0
mining,MINE_US_02196,stable_restoration,,0.00508,,S1_VH(pending),0,Landsat_C2_L2,regimeB_v0_RS_t0,RS_t0_v0
mining,MINE_US_02197,degraded,,0.00266,,S1_VH(pending),0,Landsat_C2_L2,regimeB_v0_RS_t0,RS_t0_v0
mining,MINE_US_02198,stable_restoration,,-0.00718,,S1_VH(pending),0,Landsat_C2_L2,regimeB_v0_RS_t0,RS_t0_v0
mining,MINE_US_02199,stable_restoration,,-0.00966,,S1_VH(pending),0,Landsat_C2_L2,regimeB_v0_RS_t0,RS_t0_v0
mining,MINE_US_02200,degraded,,-0.00165,,S1_VH(pending),0,Landsat_C2_L2,regimeB_v0_RS_t0,RS_t0_v0
mining,MINE_US_02201,early_restoration,,0.00519,,S1_VH(pending),0,Landsat_C2_L2,regimeB_v0_RS_t0,RS_t0_v0
mining,MINE_US_02202,early_restoration,,-0.02078,,S1_VH(pending),0,Landsat_C2_L2,regimeB_v0_RS_t0,RS_t0_v0
mining,MINE_US_02203,early_restoration,,-0.00189,,S1_VH(pending),0,Landsat_C2_L2,regimeB_v0_RS_t0,RS_t0_v0
mining,MINE_US_02204,degraded,,-0.01177,,S1_VH(pending),0,Landsat_C2_L2,regimeB_v0_RS_t0,RS_t0_v0
mining,MINE_US_02205,stable_restoration,,-0.01029,,S1_VH(pending),0,Landsat_C2_L2,regimeB_v0_RS_t0,RS_t0_v0
mining,MINE_US_02206,early_restoration,,0.00582,,S1_VH(pending),0,Landsat_C2_L2,regimeB_v0_RS_t0,RS_t0_v0
mining,MINE_US_02207,early_restoration,,0.00266,,S1_VH(pending),0,Landsat_C2_L2,regimeB_v0_RS_t0,RS_t0_v0
mining,MINE_US_02208,stable_restoration,,-0.0079,,S1_VH(pending),0,Landsat_C2_L2,regimeB_v0_RS_t0,RS_t0_v0
mining,MINE_US_02209,early_restoration,,0.00184,,S1_VH(pending),0,Landsat_C2_L2,regimeB_v0_RS_t0,RS_t0_v0
mining,MINE_US_02210,early_restoration,,-0.02354,,S1_VH(pending),0,Landsat_C2_L2,regimeB_v0_RS_t0,RS_t0_v0
mining,MINE_US_02211,early_restoration,,-0.00829,,S1_VH(pending),0,Landsat_C2_L2,regimeB_v0_RS_t0,RS_t0_v0
mining,MINE_US_02212,stable_restoration,,0.01038,,S1_VH(pending),0,Landsat_C2_L2,regimeB_v0_RS_t0,RS_t0_v0
mining,MINE_US_02213,stable_restoration,,-0.00266,,S1_VH(pending),0,Landsat_C2_L2,regimeB_v0_RS_t0,RS_t0_v0
mining,MINE_US_02214,degraded,,0.00097,,S1_VH(pending),0,Landsat_C2_L2,regimeB_v0_RS_t0,RS_t0_v0
mining,MINE_US_02215,stable_restoration,,0.00165,,S1_VH(pending),0,Landsat_C2_L2,regimeB_v0_RS_t0,RS_t0_v0
mining,MINE_US_02216,early_restoration,,-0.01017,,S1_VH(pending),0,Landsat_C2_L2,regimeB_v0_RS_t0,RS_t0_v0
mining,MINE_US_02217,stable_restoration,,-0.00729,,S1_VH(pending),0,Landsat_C2_L2,regimeB_v0_RS_t0,RS_t0_v0
mining,MINE_US_02218,stable_restoration,,0.00273,,S1_VH(pending),0,Landsat_C2_L2,regimeB_v0_RS_t0,RS_t0_v0
mining,MINE_US_02219,stable_restoration,,-0.00785,,S1_VH(pending),0,Landsat_C2_L2,regimeB_v0_RS_t0,RS_t0_v0
mining,MINE_US_02220,degraded,,-0.0014,,S1_VH(pending),0,Landsat_C2_L2,regimeB_v0_RS_t0,RS_t0_v0
mining,MINE_US_02221,early_restoration,,-0.00644,,S1_VH(pending),0,Landsat_C2_L2,regimeB_v0_RS_t0,RS_t0_v0
mining,MINE_US_02222,degraded,,0.00254,,S1_VH(pending),0,Landsat_C2_L2,regimeB_v0_RS_t0,RS_t0_v0
mining,MINE_US_02223,stable_restoration,,-0.00529,,S1_VH(pending),0,Landsat_C2_L2,regimeB_v0_RS_t0,RS_t0_v0
mining,MINE_US_02224,early_restoration,,-0.00786,,S1_VH(pending),0,Landsat_C2_L2,regimeB_v0_RS_t0,RS_t0_v0
mining,MINE_US_02225,stable_restoration,,-0.00063,,S1_VH(pending),0,Landsat_C2_L2,regimeB_v0_RS_t0,RS_t0_v0
mining,MINE_US_02226,degraded,,-0.02729,,S1_VH(pending),0,Landsat_C2_L2,regimeB_v0_RS_t0,RS_t0_v0
mining,MINE_US_02227,stable_restoration,,0.01038,,S1_VH(pending),0,Landsat_C2_L2,regimeB_v0_RS_t0,RS_t0_v0
mining,MINE_US_02228,stable_restoration,,-0.01636,,S1_VH(pending),0,Landsat_C2_L2,regimeB_v0_RS_t0,RS_t0_v0
mining,MINE_US_02229,stable_restoration,,0.00218,,S1_VH(pending),0,Landsat_C2_L2,regimeB_v0_RS_t0,RS_t0_v0
mining,MINE_US_02230,degraded,,-0.00221,,S1_VH(pending),0,Landsat_C2_L2,regimeB_v0_RS_t0,RS_t0_v0
mining,MINE_US_02231,stable_restoration,,-0.00084,,S1_VH(pending),0,Landsat_C2_L2,regimeB_v0_RS_t0,RS_t0_v0
mining,MINE_US_02232,early_restoration,,0.01063,,S1_VH(pending),0,Landsat_C2_L2,regimeB_v0_RS_t0,RS_t0_v0
mining,MINE_US_02233,stable_restoration,,0.00527,,S1_VH(pending),0,Landsat_C2_L2,regimeB_v0_RS_t0,RS_t0_v0
mining,MINE_US_02234,stable_restoration,,-0.00792,,S1_VH(pending),0,Landsat_C2_L2,regimeB_v0_RS_t0,RS_t0_v0
mining,MINE_US_02235,stable_restoration,,-0.02134,,S1_VH(pending),0,Landsat_C2_L2,regimeB_v0_RS_t0,RS_t0_v0
mining,MINE_US_02236,degraded,,0.00151,,S1_VH(pending),0,Landsat_C2_L2,regimeB_v0_RS_t0,RS_t0_v0
mining,MINE_US_02237,degraded,,0.00159,,S1_VH(pending),0,Landsat_C2_L2,regimeB_v0_RS_t0,RS_t0_v0
mining,MINE_US_02238,degraded,,0.00062,,S1_VH(pending),0,Landsat_C2_L2,regimeB_v0_RS_t0,RS_t0_v0
mining,MINE_US_02239,stable_restoration,,-0.00218,,S1_VH(pending),0,Landsat_C2_L2,regimeB_v0_RS_t0,RS_t0_v0
mining,MINE_US_02240,stable_restoration,,-0.00022,,S1_VH(pending),0,Landsat_C2_L2,regimeB_v0_RS_t0,RS_t0_v0
mining,MINE_US_02241,degraded,,0.00091,,S1_VH(pending),0,Landsat_C2_L2,regimeB_v0_RS_t0,RS_t0_v0
mining,MINE_US_02242,stable_restoration,,0.00268,,S1_VH(pending),0,Landsat_C2_L2,regimeB_v0_RS_t0,RS_t0_v0
mining,MINE_US_02243,stable_restoration,,0.00431,,S1_VH(pending),0,Landsat_C2_L2,regimeB_v0_RS_t0,RS_t0_v0
mining,MINE_US_02244,degraded,,0.00118,,S1_VH(pending),0,Landsat_C2_L2,regimeB_v0_RS_t0,RS_t0_v0
mining,MINE_US_02245,degraded,,0.00284,,S1_VH(pending),0,Landsat_C2_L2,regimeB_v0_RS_t0,RS_t0_v0
mining,MINE_US_02246,early_restoration,,-0.01354,,S1_VH(pending),0,Landsat_C2_L2,regimeB_v0_RS_t0,RS_t0_v0
mining,MINE_US_02247,early_restoration,,0.00251,,S1_VH(pending),0,Landsat_C2_L2,regimeB_v0_RS_t0,RS_t0_v0
mining,MINE_US_02248,degraded,,4e-05,,S1_VH(pending),0,Landsat_C2_L2,regimeB_v0_RS_t0,RS_t0_v0
mining,MINE_US_02249,degraded,,0.00092,,S1_VH(pending),0,Landsat_C2_L2,regimeB_v0_RS_t0,RS_t0_v0
mining,MINE_US_02250,degraded,,0.00304,,S1_VH(pending),0,Landsat_C2_L2,regimeB_v0_RS_t0,RS_t0_v0
mining,MINE_US_02251,early_restoration,,0.00408,,S1_VH(pending),0,Landsat_C2_L2,regimeB_v0_RS_t0,RS_t0_v0
mining,MINE_US_02252,early_restoration,,0.00401,,S1_VH(pending),0,Landsat_C2_L2,regimeB_v0_RS_t0,RS_t0_v0
mining,MINE_US_02253,stable_restoration,,-0.00796,,S1_VH(pending),0,Landsat_C2_L2,regimeB_v0_RS_t0,RS_t0_v0
mining,MINE_US_02254,stable_restoration,,-0.00664,,S1_VH(pending),0,Landsat_C2_L2,regimeB_v0_RS_t0,RS_t0_v0
mining,MINE_US_02255,early_restoration,,0.00167,,S1_VH(pending),0,Landsat_C2_L2,regimeB_v0_RS_t0,RS_t0_v0
mining,MINE_US_02256,stable_restoration,,0.0013,,S1_VH(pending),0,Landsat_C2_L2,regimeB_v0_RS_t0,RS_t0_v0
mining,MINE_US_02257,stable_restoration,,0.00567,,S1_VH(pending),0,Landsat_C2_L2,regimeB_v0_RS_t0,RS_t0_v0
mining,MINE_US_02258,stable_restoration,,-0.00674,,S1_VH(pending),0,Landsat_C2_L2,regimeB_v0_RS_t0,RS_t0_v0
mining,MINE_US_02259,degraded,,-0.00066,,S1_VH(pending),0,Landsat_C2_L2,regimeB_v0_RS_t0,RS_t0_v0
mining,MINE_US_02260,stable_restoration,,0.00836,,S1_VH(pending),0,Landsat_C2_L2,regimeB_v0_RS_t0,RS_t0_v0
mining,MINE_US_02261,stable_restoration,,-0.0111,,S1_VH(pending),0,Landsat_C2_L2,regimeB_v0_RS_t0,RS_t0_v0
mining,MINE_US_02262,early_restoration,,-0.01476,,S1_VH(pending),0,Landsat_C2_L2,regimeB_v0_RS_t0,RS_t0_v0
mining,MINE_US_02263,degraded,,0.00367,,S1_VH(pending),0,Landsat_C2_L2,regimeB_v0_RS_t0,RS_t0_v0
mining,MINE_US_02264,early_restoration,,-0.00203,,S1_VH(pending),0,Landsat_C2_L2,regimeB_v0_RS_t0,RS_t0_v0
mining,MINE_US_02265,stable_restoration,,-0.0129,,S1_VH(pending),0,Landsat_C2_L2,regimeB_v0_RS_t0,RS_t0_v0
mining,MINE_US_02266,degraded,,0.0011,,S1_VH(pending),0,Landsat_C2_L2,regimeB_v0_RS_t0,RS_t0_v0
mining,MINE_US_02267,degraded,,-0.00166,,S1_VH(pending),0,Landsat_C2_L2,regimeB_v0_RS_t0,RS_t0_v0
mining,MINE_US_02268,early_restoration,,0.00233,,S1_VH(pending),0,Landsat_C2_L2,regimeB_v0_RS_t0,RS_t0_v0
mining,MINE_US_02269,early_restoration,,0.00035,,S1_VH(pending),0,Landsat_C2_L2,regimeB_v0_RS_t0,RS_t0_v0
mining,MINE_US_02270,stable_restoration,,0.00823,,S1_VH(pending),0,Landsat_C2_L2,regimeB_v0_RS_t0,RS_t0_v0
mining,MINE_US_02271,degraded,,0.00186,,S1_VH(pending),0,Landsat_C2_L2,regimeB_v0_RS_t0,RS_t0_v0
mining,MINE_US_02272,degraded,,0.00431,,S1_VH(pending),0,Landsat_C2_L2,regimeB_v0_RS_t0,RS_t0_v0
mining,MINE_US_02273,stable_restoration,,-0.00528,,S1_VH(pending),0,Landsat_C2_L2,regimeB_v0_RS_t0,RS_t0_v0
mining,MINE_US_02274,degraded,,0.00127,,S1_VH(pending),0,Landsat_C2_L2,regimeB_v0_RS_t0,RS_t0_v0
mining,MINE_US_02275,early_restoration,,-0.00814,,S1_VH(pending),0,Landsat_C2_L2,regimeB_v0_RS_t0,RS_t0_v0
mining,MINE_US_02276,stable_restoration,,0.00265,,S1_VH(pending),0,Landsat_C2_L2,regimeB_v0_RS_t0,RS_t0_v0
mining,MINE_US_02277,stable_restoration,,-0.01175,,S1_VH(pending),0,Landsat_C2_L2,regimeB_v0_RS_t0,RS_t0_v0
mining,MINE_US_02278,stable_restoration,,0.01051,,S1_VH(pending),0,Landsat_C2_L2,regimeB_v0_RS_t0,RS_t0_v0
mining,MINE_US_02279,degraded,,0.00083,,S1_VH(pending),0,Landsat_C2_L2,regimeB_v0_RS_t0,RS_t0_v0
mining,MINE_US_02280,degraded,,0.00079,,S1_VH(pending),0,Landsat_C2_L2,regimeB_v0_RS_t0,RS_t0_v0
mining,MINE_US_02281,early_restoration,,-0.00223,,S1_VH(pending),0,Landsat_C2_L2,regimeB_v0_RS_t0,RS_t0_v0
mining,MINE_US_02282,degraded,,0.00334,,S1_VH(pending),0,Landsat_C2_L2,regimeB_v0_RS_t0,RS_t0_v0
mining,MINE_US_02283,degraded,,-0.01011,,S1_VH(pending),0,Landsat_C2_L2,regimeB_v0_RS_t0,RS_t0_v0
mining,MINE_US_02284,degraded,,0.00138,,S1_VH(pending),0,Landsat_C2_L2,regimeB_v0_RS_t0,RS_t0_v0
mining,MINE_US_02285,early_restoration,,0.00524,,S1_VH(pending),0,Landsat_C2_L2,regimeB_v0_RS_t0,RS_t0_v0
mining,MINE_US_02286,early_restoration,,0.00204,,S1_VH(pending),0,Landsat_C2_L2,regimeB_v0_RS_t0,RS_t0_v0
mining,MINE_US_02287,early_restoration,,-0.0043,,S1_VH(pending),0,Landsat_C2_L2,regimeB_v0_RS_t0,RS_t0_v0
mining,MINE_US_02288,early_restoration,,-0.00569,,S1_VH(pending),0,Landsat_C2_L2,regimeB_v0_RS_t0,RS_t0_v0
mining,MINE_US_02289,early_restoration,,0.00556,,S1_VH(pending),0,Landsat_C2_L2,regimeB_v0_RS_t0,RS_t0_v0
mining,MINE_US_02290,early_restoration,,-0.02086,,S1_VH(pending),0,Landsat_C2_L2,regimeB_v0_RS_t0,RS_t0_v0
mining,MINE_US_02291,degraded,,0.00188,,S1_VH(pending),0,Landsat_C2_L2,regimeB_v0_RS_t0,RS_t0_v0
mining,MINE_US_02292,stable_restoration,,0.00669,,S1_VH(pending),0,Landsat_C2_L2,regimeB_v0_RS_t0,RS_t0_v0
mining,MINE_US_02293,early_restoration,,0.0041,,S1_VH(pending),0,Landsat_C2_L2,regimeB_v0_RS_t0,RS_t0_v0
mining,MINE_US_02294,early_restoration,,0.00502,,S1_VH(pending),0,Landsat_C2_L2,regimeB_v0_RS_t0,RS_t0_v0
mining,MINE_US_02295,degraded,,0.00072,,S1_VH(pending),0,Landsat_C2_L2,regimeB_v0_RS_t0,RS_t0_v0
mining,MINE_US_02296,stable_restoration,,-0.01412,,S1_VH(pending),0,Landsat_C2_L2,regimeB_v0_RS_t0,RS_t0_v0
mining,MINE_US_02297,stable_restoration,,-0.01638,,S1_VH(pending),0,Landsat_C2_L2,regimeB_v0_RS_t0,RS_t0_v0
mining,MINE_US_02298,early_restoration,,0.00144,,S1_VH(pending),0,Landsat_C2_L2,regimeB_v0_RS_t0,RS_t0_v0
mining,MINE_US_02299,stable_restoration,,-0.00874,,S1_VH(pending),0,Landsat_C2_L2,regimeB_v0_RS_t0,RS_t0_v0
mining,MINE_US_02300,stable_restoration,,0.00566,,S1_VH(pending),0,Landsat_C2_L2,regimeB_v0_RS_t0,RS_t0_v0
mining,MINE_US_02301,degraded,,0.00124,,S1_VH(pending),0,Landsat_C2_L2,regimeB_v0_RS_t0,RS_t0_v0
mining,MINE_US_02302,early_restoration,,-0.00065,,S1_VH(pending),0,Landsat_C2_L2,regimeB_v0_RS_t0,RS_t0_v0
mining,MINE_US_02303,early_restoration,,0.00243,,S1_VH(pending),0,Landsat_C2_L2,regimeB_v0_RS_t0,RS_t0_v0
mining,MINE_US_02304,early_restoration,,0.00214,,S1_VH(pending),0,Landsat_C2_L2,regimeB_v0_RS_t0,RS_t0_v0
mining,MINE_US_02305,degraded,,-0.00045,,S1_VH(pending),0,Landsat_C2_L2,regimeB_v0_RS_t0,RS_t0_v0
mining,MINE_US_02306,degraded,,0.00023,,S1_VH(pending),0,Landsat_C2_L2,regimeB_v0_RS_t0,RS_t0_v0
mining,MINE_US_02307,early_restoration,,-0.02476,,S1_VH(pending),0,Landsat_C2_L2,regimeB_v0_RS_t0,RS_t0_v0
mining,MINE_US_02308,early_restoration,,-0.00156,,S1_VH(pending),0,Landsat_C2_L2,regimeB_v0_RS_t0,RS_t0_v0
mining,MINE_US_02309,degraded,,0.00186,,S1_VH(pending),0,Landsat_C2_L2,regimeB_v0_RS_t0,RS_t0_v0
mining,MINE_US_02310,stable_restoration,,-0.00726,,S1_VH(pending),0,Landsat_C2_L2,regimeB_v0_RS_t0,RS_t0_v0
mining,MINE_US_02311,degraded,,0.001,,S1_VH(pending),0,Landsat_C2_L2,regimeB_v0_RS_t0,RS_t0_v0
mining,MINE_US_02312,stable_restoration,,-0.002,,S1_VH(pending),0,Landsat_C2_L2,regimeB_v0_RS_t0,RS_t0_v0
mining,MINE_US_02313,early_restoration,,0.00505,,S1_VH(pending),0,Landsat_C2_L2,regimeB_v0_RS_t0,RS_t0_v0
mining,MINE_US_02314,degraded,,-0.003,,S1_VH(pending),0,Landsat_C2_L2,regimeB_v0_RS_t0,RS_t0_v0
mining,MINE_US_02315,degraded,,0.00185,,S1_VH(pending),0,Landsat_C2_L2,regimeB_v0_RS_t0,RS_t0_v0
mining,MINE_US_02316,degraded,,0.00474,,S1_VH(pending),0,Landsat_C2_L2,regimeB_v0_RS_t0,RS_t0_v0
mining,MINE_US_02317,early_restoration,,0.00142,,S1_VH(pending),0,Landsat_C2_L2,regimeB_v0_RS_t0,RS_t0_v0
mining,MINE_US_02318,stable_restoration,,-0.00306,,S1_VH(pending),0,Landsat_C2_L2,regimeB_v0_RS_t0,RS_t0_v0
mining,MINE_US_02319,degraded,,-6e-05,,S1_VH(pending),0,Landsat_C2_L2,regimeB_v0_RS_t0,RS_t0_v0
mining,MINE_US_02320,stable_restoration,,-0.0124,,S1_VH(pending),0,Landsat_C2_L2,regimeB_v0_RS_t0,RS_t0_v0
mining,MINE_US_02321,early_restoration,,-0.00025,,S1_VH(pending),0,Landsat_C2_L2,regimeB_v0_RS_t0,RS_t0_v0
mining,MINE_US_02322,stable_restoration,,-0.01367,,S1_VH(pending),0,Landsat_C2_L2,regimeB_v0_RS_t0,RS_t0_v0
mining,MINE_US_02323,early_restoration,,-0.00265,,S1_VH(pending),0,Landsat_C2_L2,regimeB_v0_RS_t0,RS_t0_v0
mining,MINE_US_02324,degraded,,0.00043,,S1_VH(pending),0,Landsat_C2_L2,regimeB_v0_RS_t0,RS_t0_v0
mining,MINE_US_02325,degraded,,0.00137,,S1_VH(pending),0,Landsat_C2_L2,regimeB_v0_RS_t0,RS_t0_v0
mining,MINE_US_02326,degraded,,0.00088,,S1_VH(pending),0,Landsat_C2_L2,regimeB_v0_RS_t0,RS_t0_v0
mining,MINE_US_02327,degraded,,-0.00253,,S1_VH(pending),0,Landsat_C2_L2,regimeB_v0_RS_t0,RS_t0_v0
mining,MINE_US_02328,degraded,,0.00108,,S1_VH(pending),0,Landsat_C2_L2,regimeB_v0_RS_t0,RS_t0_v0
mining,MINE_US_02329,stable_restoration,,0.00763,,S1_VH(pending),0,Landsat_C2_L2,regimeB_v0_RS_t0,RS_t0_v0
mining,MINE_US_02330,early_restoration,,0.00358,,S1_VH(pending),0,Landsat_C2_L2,regimeB_v0_RS_t0,RS_t0_v0
mining,MINE_US_02331,early_restoration,,-0.00167,,S1_VH(pending),0,Landsat_C2_L2,regimeB_v0_RS_t0,RS_t0_v0
mining,MINE_US_02332,degraded,,0.00313,,S1_VH(pending),0,Landsat_C2_L2,regimeB_v0_RS_t0,RS_t0_v0
mining,MINE_US_02333,early_restoration,,-0.00445,,S1_VH(pending),0,Landsat_C2_L2,regimeB_v0_RS_t0,RS_t0_v0
mining,MINE_US_02334,degraded,,0.00128,,S1_VH(pending),0,Landsat_C2_L2,regimeB_v0_RS_t0,RS_t0_v0
mining,MINE_US_02335,stable_restoration,,-0.00309,,S1_VH(pending),0,Landsat_C2_L2,regimeB_v0_RS_t0,RS_t0_v0
mining,MINE_US_02336,early_restoration,,-0.00852,,S1_VH(pending),0,Landsat_C2_L2,regimeB_v0_RS_t0,RS_t0_v0
mining,MINE_US_02337,degraded,,0.00244,,S1_VH(pending),0,Landsat_C2_L2,regimeB_v0_RS_t0,RS_t0_v0
mining,MINE_US_02338,stable_restoration,,-0.0055,,S1_VH(pending),0,Landsat_C2_L2,regimeB_v0_RS_t0,RS_t0_v0
mining,MINE_US_02339,degraded,,-0.0022,,S1_VH(pending),0,Landsat_C2_L2,regimeB_v0_RS_t0,RS_t0_v0
mining,MINE_US_02340,early_restoration,,0.00329,,S1_VH(pending),0,Landsat_C2_L2,regimeB_v0_RS_t0,RS_t0_v0
mining,MINE_US_02341,degraded,,0.00031,,S1_VH(pending),0,Landsat_C2_L2,regimeB_v0_RS_t0,RS_t0_v0
mining,MINE_US_02342,early_restoration,,-0.01698,,S1_VH(pending),0,Landsat_C2_L2,regimeB_v0_RS_t0,RS_t0_v0
mining,MINE_US_02343,degraded,,0.00197,,S1_VH(pending),0,Landsat_C2_L2,regimeB_v0_RS_t0,RS_t0_v0
mining,MINE_US_02344,stable_restoration,,0.00822,,S1_VH(pending),0,Landsat_C2_L2,regimeB_v0_RS_t0,RS_t0_v0
mining,MINE_US_02345,early_restoration,,0.00276,,S1_VH(pending),0,Landsat_C2_L2,regimeB_v0_RS_t0,RS_t0_v0
mining,MINE_US_02346,early_restoration,,0.00253,,S1_VH(pending),0,Landsat_C2_L2,regimeB_v0_RS_t0,RS_t0_v0
mining,MINE_US_02347,early_restoration,,-0.0291,,S1_VH(pending),0,Landsat_C2_L2,regimeB_v0_RS_t0,RS_t0_v0
mining,MINE_US_02348,early_restoration,,0.00263,,S1_VH(pending),0,Landsat_C2_L2,regimeB_v0_RS_t0,RS_t0_v0
mining,MINE_US_02349,degraded,,0.00367,,S1_VH(pending),0,Landsat_C2_L2,regimeB_v0_RS_t0,RS_t0_v0
mining,MINE_US_02350,early_restoration,,-0.01168,,S1_VH(pending),0,Landsat_C2_L2,regimeB_v0_RS_t0,RS_t0_v0
mining,MINE_US_02351,degraded,,0.00422,,S1_VH(pending),0,Landsat_C2_L2,regimeB_v0_RS_t0,RS_t0_v0
mining,MINE_US_02352,stable_restoration,,-0.00275,,S1_VH(pending),0,Landsat_C2_L2,regimeB_v0_RS_t0,RS_t0_v0
mining,MINE_US_02353,early_restoration,,0.00243,,S1_VH(pending),0,Landsat_C2_L2,regimeB_v0_RS_t0,RS_t0_v0
mining,MINE_US_02354,early_restoration,,0.00526,,S1_VH(pending),0,Landsat_C2_L2,regimeB_v0_RS_t0,RS_t0_v0
mining,MINE_US_02355,early_restoration,,-0.00775,,S1_VH(pending),0,Landsat_C2_L2,regimeB_v0_RS_t0,RS_t0_v0
mining,MINE_US_02356,early_restoration,,0.00096,,S1_VH(pending),0,Landsat_C2_L2,regimeB_v0_RS_t0,RS_t0_v0
mining,MINE_US_02357,stable_restoration,,0.00685,,S1_VH(pending),0,Landsat_C2_L2,regimeB_v0_RS_t0,RS_t0_v0
mining,MINE_US_02358,degraded,,0.0002,,S1_VH(pending),0,Landsat_C2_L2,regimeB_v0_RS_t0,RS_t0_v0
mining,MINE_US_02359,degraded,,0.00233,,S1_VH(pending),0,Landsat_C2_L2,regimeB_v0_RS_t0,RS_t0_v0
mining,MINE_US_02360,stable_restoration,,-0.00375,,S1_VH(pending),0,Landsat_C2_L2,regimeB_v0_RS_t0,RS_t0_v0
mining,MINE_US_02361,early_restoration,,0.0062,,S1_VH(pending),0,Landsat_C2_L2,regimeB_v0_RS_t0,RS_t0_v0
mining,MINE_US_02362,early_restoration,,-0.01833,,S1_VH(pending),0,Landsat_C2_L2,regimeB_v0_RS_t0,RS_t0_v0
mining,MINE_US_02363,early_restoration,,-0.01469,,S1_VH(pending),0,Landsat_C2_L2,regimeB_v0_RS_t0,RS_t0_v0
mining,MINE_US_02364,early_restoration,,0.00421,,S1_VH(pending),0,Landsat_C2_L2,regimeB_v0_RS_t0,RS_t0_v0
mining,MINE_US_02365,stable_restoration,,-0.00423,,S1_VH(pending),0,Landsat_C2_L2,regimeB_v0_RS_t0,RS_t0_v0
mining,MINE_US_02366,degraded,,-0.00191,,S1_VH(pending),0,Landsat_C2_L2,regimeB_v0_RS_t0,RS_t0_v0
mining,MINE_US_02367,degraded,,0.00315,,S1_VH(pending),0,Landsat_C2_L2,regimeB_v0_RS_t0,RS_t0_v0
mining,MINE_US_02368,stable_restoration,,-0.00123,,S1_VH(pending),0,Landsat_C2_L2,regimeB_v0_RS_t0,RS_t0_v0
mining,MINE_US_02369,stable_restoration,,0.0139,,S1_VH(pending),0,Landsat_C2_L2,regimeB_v0_RS_t0,RS_t0_v0
mining,MINE_US_02370,stable_restoration,,-0.01289,,S1_VH(pending),0,Landsat_C2_L2,regimeB_v0_RS_t0,RS_t0_v0
mining,MINE_US_02371,early_restoration,,-0.0141,,S1_VH(pending),0,Landsat_C2_L2,regimeB_v0_RS_t0,RS_t0_v0
mining,MINE_US_02372,early_restoration,,-0.00032,,S1_VH(pending),0,Landsat_C2_L2,regimeB_v0_RS_t0,RS_t0_v0
mining,MINE_US_02373,degraded,,0.00213,,S1_VH(pending),0,Landsat_C2_L2,regimeB_v0_RS_t0,RS_t0_v0
mining,MINE_US_02374,degraded,,0.00116,,S1_VH(pending),0,Landsat_C2_L2,regimeB_v0_RS_t0,RS_t0_v0
mining,MINE_US_02375,early_restoration,,-0.0215,,S1_VH(pending),0,Landsat_C2_L2,regimeB_v0_RS_t0,RS_t0_v0
mining,MINE_US_02376,degraded,,0.00146,,S1_VH(pending),0,Landsat_C2_L2,regimeB_v0_RS_t0,RS_t0_v0
mining,MINE_US_02377,degraded,,-0.00153,,S1_VH(pending),0,Landsat_C2_L2,regimeB_v0_RS_t0,RS_t0_v0
mining,MINE_US_02378,degraded,,0.00411,,S1_VH(pending),0,Landsat_C2_L2,regimeB_v0_RS_t0,RS_t0_v0
mining,MINE_US_02379,degraded,,0.00172,,S1_VH(pending),0,Landsat_C2_L2,regimeB_v0_RS_t0,RS_t0_v0
mining,MINE_US_02380,degraded,,0.00121,,S1_VH(pending),0,Landsat_C2_L2,regimeB_v0_RS_t0,RS_t0_v0
mining,MINE_US_02381,stable_restoration,,-0.00319,,S1_VH(pending),0,Landsat_C2_L2,regimeB_v0_RS_t0,RS_t0_v0
mining,MINE_US_02382,early_restoration,,-0.01087,,S1_VH(pending),0,Landsat_C2_L2,regimeB_v0_RS_t0,RS_t0_v0
mining,MINE_US_02383,degraded,,0.00271,,S1_VH(pending),0,Landsat_C2_L2,regimeB_v0_RS_t0,RS_t0_v0
mining,MINE_US_02384,early_restoration,,0.00442,,S1_VH(pending),0,Landsat_C2_L2,regimeB_v0_RS_t0,RS_t0_v0
mining,MINE_US_02385,stable_restoration,,-0.0097,,S1_VH(pending),0,Landsat_C2_L2,regimeB_v0_RS_t0,RS_t0_v0
mining,MINE_US_02386,early_restoration,,-0.01117,,S1_VH(pending),0,Landsat_C2_L2,regimeB_v0_RS_t0,RS_t0_v0
mining,MINE_US_02387,stable_restoration,,-0.00463,,S1_VH(pending),0,Landsat_C2_L2,regimeB_v0_RS_t0,RS_t0_v0
mining,MINE_US_02388,degraded,,0.00161,,S1_VH(pending),0,Landsat_C2_L2,regimeB_v0_RS_t0,RS_t0_v0
mining,MINE_US_02389,early_restoration,,0.00322,,S1_VH(pending),0,Landsat_C2_L2,regimeB_v0_RS_t0,RS_t0_v0
mining,MINE_US_02390,degraded,,-0.00417,,S1_VH(pending),0,Landsat_C2_L2,regimeB_v0_RS_t0,RS_t0_v0
mining,MINE_US_02391,degraded,,0.00376,,S1_VH(pending),0,Landsat_C2_L2,regimeB_v0_RS_t0,RS_t0_v0
mining,MINE_US_02392,early_restoration,,-0.00054,,S1_VH(pending),0,Landsat_C2_L2,regimeB_v0_RS_t0,RS_t0_v0
mining,MINE_US_02393,stable_restoration,,-0.00414,,S1_VH(pending),0,Landsat_C2_L2,regimeB_v0_RS_t0,RS_t0_v0
mining,MINE_US_02394,degraded,,0.00035,,S1_VH(pending),0,Landsat_C2_L2,regimeB_v0_RS_t0,RS_t0_v0
mining,MINE_US_02395,stable_restoration,,-0.00063,,S1_VH(pending),0,Landsat_C2_L2,regimeB_v0_RS_t0,RS_t0_v0
mining,MINE_US_02396,degraded,,-0.00027,,S1_VH(pending),0,Landsat_C2_L2,regimeB_v0_RS_t0,RS_t0_v0
mining,MINE_US_02397,early_restoration,,-0.00021,,S1_VH(pending),0,Landsat_C2_L2,regimeB_v0_RS_t0,RS_t0_v0
mining,MINE_US_02398,early_restoration,,-0.00104,,S1_VH(pending),0,Landsat_C2_L2,regimeB_v0_RS_t0,RS_t0_v0
mining,MINE_US_02399,degraded,,0.0012,,S1_VH(pending),0,Landsat_C2_L2,regimeB_v0_RS_t0,RS_t0_v0
mining,MINE_US_02400,early_restoration,,0.00708,,S1_VH(pending),0,Landsat_C2_L2,regimeB_v0_RS_t0,RS_t0_v0
mining,MINE_US_02401,stable_restoration,,0.0007,,S1_VH(pending),0,Landsat_C2_L2,regimeB_v0_RS_t0,RS_t0_v0
mining,MINE_US_02402,degraded,,-0.00011,,S1_VH(pending),0,Landsat_C2_L2,regimeB_v0_RS_t0,RS_t0_v0
mining,MINE_US_02403,degraded,,0.0018,,S1_VH(pending),0,Landsat_C2_L2,regimeB_v0_RS_t0,RS_t0_v0
mining,MINE_US_02404,stable_restoration,,0.0065,,S1_VH(pending),0,Landsat_C2_L2,regimeB_v0_RS_t0,RS_t0_v0
mining,MINE_US_02405,stable_restoration,,0.00954,,S1_VH(pending),0,Landsat_C2_L2,regimeB_v0_RS_t0,RS_t0_v0
mining,MINE_US_02406,degraded,,0.00131,,S1_VH(pending),0,Landsat_C2_L2,regimeB_v0_RS_t0,RS_t0_v0
mining,MINE_US_02407,degraded,,0.00174,,S1_VH(pending),0,Landsat_C2_L2,regimeB_v0_RS_t0,RS_t0_v0
mining,MINE_US_02408,early_restoration,,-0.00229,,S1_VH(pending),0,Landsat_C2_L2,regimeB_v0_RS_t0,RS_t0_v0
mining,MINE_US_02409,degraded,,0.0002,,S1_VH(pending),0,Landsat_C2_L2,regimeB_v0_RS_t0,RS_t0_v0
mining,MINE_US_02410,degraded,,0.00183,,S1_VH(pending),0,Landsat_C2_L2,regimeB_v0_RS_t0,RS_t0_v0
mining,MINE_US_02411,stable_restoration,,0.00838,,S1_VH(pending),0,Landsat_C2_L2,regimeB_v0_RS_t0,RS_t0_v0
mining,MINE_US_02412,degraded,,0.00217,,S1_VH(pending),0,Landsat_C2_L2,regimeB_v0_RS_t0,RS_t0_v0
mining,MINE_US_02413,early_restoration,,-0.00025,,S1_VH(pending),0,Landsat_C2_L2,regimeB_v0_RS_t0,RS_t0_v0
mining,MINE_US_02414,stable_restoration,,-0.005,,S1_VH(pending),0,Landsat_C2_L2,regimeB_v0_RS_t0,RS_t0_v0
mining,MINE_US_02415,early_restoration,,0.00348,,S1_VH(pending),0,Landsat_C2_L2,regimeB_v0_RS_t0,RS_t0_v0
mining,MINE_US_02416,stable_restoration,,0.00221,,S1_VH(pending),0,Landsat_C2_L2,regimeB_v0_RS_t0,RS_t0_v0
mining,MINE_US_02417,stable_restoration,,0.02376,,S1_VH(pending),0,Landsat_C2_L2,regimeB_v0_RS_t0,RS_t0_v0
mining,MINE_US_02418,degraded,,-0.00155,,S1_VH(pending),0,Landsat_C2_L2,regimeB_v0_RS_t0,RS_t0_v0
mining,MINE_US_02419,early_restoration,,-0.00539,,S1_VH(pending),0,Landsat_C2_L2,regimeB_v0_RS_t0,RS_t0_v0
mining,MINE_US_02420,degraded,,0.00197,,S1_VH(pending),0,Landsat_C2_L2,regimeB_v0_RS_t0,RS_t0_v0
mining,MINE_US_02421,degraded,,-0.00489,,S1_VH(pending),0,Landsat_C2_L2,regimeB_v0_RS_t0,RS_t0_v0
mining,MINE_US_02422,degraded,,-0.00061,,S1_VH(pending),0,Landsat_C2_L2,regimeB_v0_RS_t0,RS_t0_v0
mining,MINE_US_02423,degraded,,0.00115,,S1_VH(pending),0,Landsat_C2_L2,regimeB_v0_RS_t0,RS_t0_v0
mining,MINE_US_02424,early_restoration,,0.00121,,S1_VH(pending),0,Landsat_C2_L2,regimeB_v0_RS_t0,RS_t0_v0
mining,MINE_US_02425,early_restoration,,0.00078,,S1_VH(pending),0,Landsat_C2_L2,regimeB_v0_RS_t0,RS_t0_v0
mining,MINE_US_02426,degraded,,0.00048,,S1_VH(pending),0,Landsat_C2_L2,regimeB_v0_RS_t0,RS_t0_v0
mining,MINE_US_02427,stable_restoration,,0.00267,,S1_VH(pending),0,Landsat_C2_L2,regimeB_v0_RS_t0,RS_t0_v0
mining,MINE_US_02428,stable_restoration,,0.00585,,S1_VH(pending),0,Landsat_C2_L2,regimeB_v0_RS_t0,RS_t0_v0
mining,MINE_US_02429,early_restoration,,-0.00576,,S1_VH(pending),0,Landsat_C2_L2,regimeB_v0_RS_t0,RS_t0_v0
mining,MINE_US_02430,stable_restoration,,-0.01271,,S1_VH(pending),0,Landsat_C2_L2,regimeB_v0_RS_t0,RS_t0_v0
mining,MINE_US_02431,stable_restoration,,0.00017,,S1_VH(pending),0,Landsat_C2_L2,regimeB_v0_RS_t0,RS_t0_v0
mining,MINE_US_02432,degraded,,-0.00742,,S1_VH(pending),0,Landsat_C2_L2,regimeB_v0_RS_t0,RS_t0_v0
mining,MINE_US_02433,degraded,,0.00155,,S1_VH(pending),0,Landsat_C2_L2,regimeB_v0_RS_t0,RS_t0_v0
mining,MINE_US_02434,stable_restoration,,0.0047,,S1_VH(pending),0,Landsat_C2_L2,regimeB_v0_RS_t0,RS_t0_v0
mining,MINE_US_02435,degraded,,-0.00178,,S1_VH(pending),0,Landsat_C2_L2,regimeB_v0_RS_t0,RS_t0_v0
mining,MINE_US_02436,early_restoration,,0.0008,,S1_VH(pending),0,Landsat_C2_L2,regimeB_v0_RS_t0,RS_t0_v0
mining,MINE_US_02437,stable_restoration,,-0.01214,,S1_VH(pending),0,Landsat_C2_L2,regimeB_v0_RS_t0,RS_t0_v0
mining,MINE_US_02438,stable_restoration,,0.00385,,S1_VH(pending),0,Landsat_C2_L2,regimeB_v0_RS_t0,RS_t0_v0
mining,MINE_US_02439,degraded,,-0.00189,,S1_VH(pending),0,Landsat_C2_L2,regimeB_v0_RS_t0,RS_t0_v0
mining,MINE_US_02440,early_restoration,,0.00315,,S1_VH(pending),0,Landsat_C2_L2,regimeB_v0_RS_t0,RS_t0_v0
mining,MINE_US_02441,early_restoration,,0.00441,,S1_VH(pending),0,Landsat_C2_L2,regimeB_v0_RS_t0,RS_t0_v0
mining,MINE_US_02442,degraded,,0.00182,,S1_VH(pending),0,Landsat_C2_L2,regimeB_v0_RS_t0,RS_t0_v0
mining,MINE_US_02443,early_restoration,,-0.01149,,S1_VH(pending),0,Landsat_C2_L2,regimeB_v0_RS_t0,RS_t0_v0
mining,MINE_US_02444,degraded,,-0.0036,,S1_VH(pending),0,Landsat_C2_L2,regimeB_v0_RS_t0,RS_t0_v0
mining,MINE_US_02445,stable_restoration,,-0.00147,,S1_VH(pending),0,Landsat_C2_L2,regimeB_v0_RS_t0,RS_t0_v0
mining,MINE_US_02446,stable_restoration,,0.00182,,S1_VH(pending),0,Landsat_C2_L2,regimeB_v0_RS_t0,RS_t0_v0
mining,MINE_US_02447,early_restoration,,-0.00669,,S1_VH(pending),0,Landsat_C2_L2,regimeB_v0_RS_t0,RS_t0_v0
mining,MINE_US_02448,early_restoration,,0.00422,,S1_VH(pending),0,Landsat_C2_L2,regimeB_v0_RS_t0,RS_t0_v0
mining,MINE_US_02449,degraded,,0.00078,,S1_VH(pending),0,Landsat_C2_L2,regimeB_v0_RS_t0,RS_t0_v0
mining,MINE_US_02450,degraded,,-0.00704,,S1_VH(pending),0,Landsat_C2_L2,regimeB_v0_RS_t0,RS_t0_v0
mining,MINE_US_02451,degraded,,-0.0011,,S1_VH(pending),0,Landsat_C2_L2,regimeB_v0_RS_t0,RS_t0_v0
mining,MINE_US_02452,early_restoration,,0.00339,,S1_VH(pending),0,Landsat_C2_L2,regimeB_v0_RS_t0,RS_t0_v0
mining,MINE_US_02453,degraded,,0.00227,,S1_VH(pending),0,Landsat_C2_L2,regimeB_v0_RS_t0,RS_t0_v0
mining,MINE_US_02454,degraded,,0.00287,,S1_VH(pending),0,Landsat_C2_L2,regimeB_v0_RS_t0,RS_t0_v0
mining,MINE_US_02455,degraded,,0.00154,,S1_VH(pending),0,Landsat_C2_L2,regimeB_v0_RS_t0,RS_t0_v0
mining,MINE_US_02456,early_restoration,,0.0047,,S1_VH(pending),0,Landsat_C2_L2,regimeB_v0_RS_t0,RS_t0_v0
mining,MINE_US_02457,degraded,,0.00321,,S1_VH(pending),0,Landsat_C2_L2,regimeB_v0_RS_t0,RS_t0_v0
mining,MINE_US_02458,degraded,,0.00292,,S1_VH(pending),0,Landsat_C2_L2,regimeB_v0_RS_t0,RS_t0_v0
mining,MINE_US_02459,degraded,,0.00163,,S1_VH(pending),0,Landsat_C2_L2,regimeB_v0_RS_t0,RS_t0_v0
mining,MINE_US_02460,degraded,,0.00017,,S1_VH(pending),0,Landsat_C2_L2,regimeB_v0_RS_t0,RS_t0_v0
mining,MINE_US_02461,early_restoration,,-0.01714,,S1_VH(pending),0,Landsat_C2_L2,regimeB_v0_RS_t0,RS_t0_v0
mining,MINE_US_02462,early_restoration,,-0.00362,,S1_VH(pending),0,Landsat_C2_L2,regimeB_v0_RS_t0,RS_t0_v0
mining,MINE_US_02463,early_restoration,,0.00258,,S1_VH(pending),0,Landsat_C2_L2,regimeB_v0_RS_t0,RS_t0_v0
mining,MINE_US_02464,early_restoration,,-0.00531,,S1_VH(pending),0,Landsat_C2_L2,regimeB_v0_RS_t0,RS_t0_v0
mining,MINE_US_02465,stable_restoration,,0.01212,,S1_VH(pending),0,Landsat_C2_L2,regimeB_v0_RS_t0,RS_t0_v0
mining,MINE_US_02466,early_restoration,,-0.004,,S1_VH(pending),0,Landsat_C2_L2,regimeB_v0_RS_t0,RS_t0_v0
mining,MINE_US_02467,early_restoration,,0.00214,,S1_VH(pending),0,Landsat_C2_L2,regimeB_v0_RS_t0,RS_t0_v0
mining,MINE_US_02468,stable_restoration,,-0.00703,,S1_VH(pending),0,Landsat_C2_L2,regimeB_v0_RS_t0,RS_t0_v0
mining,MINE_US_02469,degraded,,0.0021,,S1_VH(pending),0,Landsat_C2_L2,regimeB_v0_RS_t0,RS_t0_v0
mining,MINE_US_02470,early_restoration,,0.0053,,S1_VH(pending),0,Landsat_C2_L2,regimeB_v0_RS_t0,RS_t0_v0
mining,MINE_US_02471,early_restoration,,0.0043,,S1_VH(pending),0,Landsat_C2_L2,regimeB_v0_RS_t0,RS_t0_v0
mining,MINE_US_02472,early_restoration,,-0.02239,,S1_VH(pending),0,Landsat_C2_L2,regimeB_v0_RS_t0,RS_t0_v0
mining,MINE_US_02473,degraded,,0.00111,,S1_VH(pending),0,Landsat_C2_L2,regimeB_v0_RS_t0,RS_t0_v0
mining,MINE_US_02474,degraded,,0.0026,,S1_VH(pending),0,Landsat_C2_L2,regimeB_v0_RS_t0,RS_t0_v0
mining,MINE_US_02475,degraded,,0.00017,,S1_VH(pending),0,Landsat_C2_L2,regimeB_v0_RS_t0,RS_t0_v0
mining,MINE_US_02476,degraded,,-0.00666,,S1_VH(pending),0,Landsat_C2_L2,regimeB_v0_RS_t0,RS_t0_v0
mining,MINE_US_02477,early_restoration,,-0.00319,,S1_VH(pending),0,Landsat_C2_L2,regimeB_v0_RS_t0,RS_t0_v0
mining,MINE_US_02478,stable_restoration,,-0.01026,,S1_VH(pending),0,Landsat_C2_L2,regimeB_v0_RS_t0,RS_t0_v0
mining,MINE_US_02479,stable_restoration,,0.00433,,S1_VH(pending),0,Landsat_C2_L2,regimeB_v0_RS_t0,RS_t0_v0
mining,MINE_US_02480,early_restoration,,-0.00833,,S1_VH(pending),0,Landsat_C2_L2,regimeB_v0_RS_t0,RS_t0_v0
mining,MINE_US_02481,stable_restoration,,-0.01486,,S1_VH(pending),0,Landsat_C2_L2,regimeB_v0_RS_t0,RS_t0_v0
mining,MINE_US_02482,stable_restoration,,-0.01211,,S1_VH(pending),0,Landsat_C2_L2,regimeB_v0_RS_t0,RS_t0_v0
mining,MINE_US_02483,relapse_degradation,,-0.00468,,S1_VH(pending),0,Landsat_C2_L2,regimeB_v0_RS_t0,RS_t0_v0
mining,MINE_US_02484,degraded,,0.00224,,S1_VH(pending),0,Landsat_C2_L2,regimeB_v0_RS_t0,RS_t0_v0
mining,MINE_US_02485,early_restoration,,0.00154,,S1_VH(pending),0,Landsat_C2_L2,regimeB_v0_RS_t0,RS_t0_v0
mining,MINE_US_02486,stable_restoration,,0.01082,,S1_VH(pending),0,Landsat_C2_L2,regimeB_v0_RS_t0,RS_t0_v0
mining,MINE_US_02487,stable_restoration,,0.00323,,S1_VH(pending),0,Landsat_C2_L2,regimeB_v0_RS_t0,RS_t0_v0
mining,MINE_US_02488,stable_restoration,,0.00509,,S1_VH(pending),0,Landsat_C2_L2,regimeB_v0_RS_t0,RS_t0_v0
mining,MINE_US_02489,degraded,,-0.00761,,S1_VH(pending),0,Landsat_C2_L2,regimeB_v0_RS_t0,RS_t0_v0
mining,MINE_US_02490,early_restoration,,0.00487,,S1_VH(pending),0,Landsat_C2_L2,regimeB_v0_RS_t0,RS_t0_v0
mining,MINE_US_02491,degraded,,-0.00119,,S1_VH(pending),0,Landsat_C2_L2,regimeB_v0_RS_t0,RS_t0_v0
mining,MINE_US_02492,degraded,,0.00204,,S1_VH(pending),0,Landsat_C2_L2,regimeB_v0_RS_t0,RS_t0_v0
mining,MINE_US_02493,early_restoration,,-0.00191,,S1_VH(pending),0,Landsat_C2_L2,regimeB_v0_RS_t0,RS_t0_v0
mining,MINE_US_02494,stable_restoration,,-0.00222,,S1_VH(pending),0,Landsat_C2_L2,regimeB_v0_RS_t0,RS_t0_v0
mining,MINE_US_02495,degraded,,-0.00051,,S1_VH(pending),0,Landsat_C2_L2,regimeB_v0_RS_t0,RS_t0_v0
mining,MINE_US_02496,early_restoration,,0.0025,,S1_VH(pending),0,Landsat_C2_L2,regimeB_v0_RS_t0,RS_t0_v0
mining,MINE_US_02497,degraded,,0.00161,,S1_VH(pending),0,Landsat_C2_L2,regimeB_v0_RS_t0,RS_t0_v0
mining,MINE_US_02498,degraded,,0.00195,,S1_VH(pending),0,Landsat_C2_L2,regimeB_v0_RS_t0,RS_t0_v0
mining,MINE_US_02499,stable_restoration,,0.01183,,S1_VH(pending),0,Landsat_C2_L2,regimeB_v0_RS_t0,RS_t0_v0
mining,MINE_US_02500,degraded,,0.00139,,S1_VH(pending),0,Landsat_C2_L2,regimeB_v0_RS_t0,RS_t0_v0
mining,MINE_US_02501,degraded,,0.0011,,S1_VH(pending),0,Landsat_C2_L2,regimeB_v0_RS_t0,RS_t0_v0
mining,MINE_US_02502,degraded,,0.00038,,S1_VH(pending),0,Landsat_C2_L2,regimeB_v0_RS_t0,RS_t0_v0
mining,MINE_US_02503,early_restoration,,-0.01013,,S1_VH(pending),0,Landsat_C2_L2,regimeB_v0_RS_t0,RS_t0_v0
mining,MINE_US_02504,early_restoration,,0.00219,,S1_VH(pending),0,Landsat_C2_L2,regimeB_v0_RS_t0,RS_t0_v0
mining,MINE_US_02505,degraded,,0.00265,,S1_VH(pending),0,Landsat_C2_L2,regimeB_v0_RS_t0,RS_t0_v0
mining,MINE_US_02506,early_restoration,,-0.02317,,S1_VH(pending),0,Landsat_C2_L2,regimeB_v0_RS_t0,RS_t0_v0
mining,MINE_US_02507,early_restoration,,-0.01824,,S1_VH(pending),0,Landsat_C2_L2,regimeB_v0_RS_t0,RS_t0_v0
mining,MINE_US_02508,stable_restoration,,0.00829,,S1_VH(pending),0,Landsat_C2_L2,regimeB_v0_RS_t0,RS_t0_v0
mining,MINE_US_02509,stable_restoration,,0.00438,,S1_VH(pending),0,Landsat_C2_L2,regimeB_v0_RS_t0,RS_t0_v0
mining,MINE_US_02510,stable_restoration,,0.00346,,S1_VH(pending),0,Landsat_C2_L2,regimeB_v0_RS_t0,RS_t0_v0
mining,MINE_US_02511,stable_restoration,,0.01769,,S1_VH(pending),0,Landsat_C2_L2,regimeB_v0_RS_t0,RS_t0_v0
mining,MINE_US_02512,early_restoration,,0.00061,,S1_VH(pending),0,Landsat_C2_L2,regimeB_v0_RS_t0,RS_t0_v0
mining,MINE_US_02513,degraded,,0.00158,,S1_VH(pending),0,Landsat_C2_L2,regimeB_v0_RS_t0,RS_t0_v0
mining,MINE_US_02514,stable_restoration,,0.00895,,S1_VH(pending),0,Landsat_C2_L2,regimeB_v0_RS_t0,RS_t0_v0
mining,MINE_US_02515,early_restoration,,0.00291,,S1_VH(pending),0,Landsat_C2_L2,regimeB_v0_RS_t0,RS_t0_v0
mining,MINE_US_02516,degraded,,-0.00376,,S1_VH(pending),0,Landsat_C2_L2,regimeB_v0_RS_t0,RS_t0_v0
mining,MINE_US_02517,early_restoration,,-0.0041,,S1_VH(pending),0,Landsat_C2_L2,regimeB_v0_RS_t0,RS_t0_v0
mining,MINE_US_02518,early_restoration,,-0.00919,,S1_VH(pending),0,Landsat_C2_L2,regimeB_v0_RS_t0,RS_t0_v0
mining,MINE_US_02519,early_restoration,,-0.01898,,S1_VH(pending),0,Landsat_C2_L2,regimeB_v0_RS_t0,RS_t0_v0
mining,MINE_US_02520,early_restoration,,0.00286,,S1_VH(pending),0,Landsat_C2_L2,regimeB_v0_RS_t0,RS_t0_v0
mining,MINE_US_02521,stable_restoration,,0.00125,,S1_VH(pending),0,Landsat_C2_L2,regimeB_v0_RS_t0,RS_t0_v0
mining,MINE_US_02522,early_restoration,,0.00251,,S1_VH(pending),0,Landsat_C2_L2,regimeB_v0_RS_t0,RS_t0_v0
mining,MINE_US_02523,stable_restoration,,0.00446,,S1_VH(pending),0,Landsat_C2_L2,regimeB_v0_RS_t0,RS_t0_v0
mining,MINE_US_02524,stable_restoration,,-0.01096,,S1_VH(pending),0,Landsat_C2_L2,regimeB_v0_RS_t0,RS_t0_v0
mining,MINE_US_02525,early_restoration,,-0.00288,,S1_VH(pending),0,Landsat_C2_L2,regimeB_v0_RS_t0,RS_t0_v0
mining,MINE_US_02526,early_restoration,,0.00335,,S1_VH(pending),0,Landsat_C2_L2,regimeB_v0_RS_t0,RS_t0_v0
mining,MINE_US_02527,degraded,,0.00081,,S1_VH(pending),0,Landsat_C2_L2,regimeB_v0_RS_t0,RS_t0_v0
mining,MINE_US_02528,degraded,,0.00397,,S1_VH(pending),0,Landsat_C2_L2,regimeB_v0_RS_t0,RS_t0_v0
mining,MINE_US_02529,stable_restoration,,-0.00091,,S1_VH(pending),0,Landsat_C2_L2,regimeB_v0_RS_t0,RS_t0_v0
mining,MINE_US_02530,stable_restoration,,0.00394,,S1_VH(pending),0,Landsat_C2_L2,regimeB_v0_RS_t0,RS_t0_v0
mining,MINE_US_02531,degraded,,0.00277,,S1_VH(pending),0,Landsat_C2_L2,regimeB_v0_RS_t0,RS_t0_v0
mining,MINE_US_02532,stable_restoration,,-0.00184,,S1_VH(pending),0,Landsat_C2_L2,regimeB_v0_RS_t0,RS_t0_v0
mining,MINE_US_02533,degraded,,0.00166,,S1_VH(pending),0,Landsat_C2_L2,regimeB_v0_RS_t0,RS_t0_v0
mining,MINE_US_02534,early_restoration,,0.00475,,S1_VH(pending),0,Landsat_C2_L2,regimeB_v0_RS_t0,RS_t0_v0
mining,MINE_US_02535,degraded,,0.00106,,S1_VH(pending),0,Landsat_C2_L2,regimeB_v0_RS_t0,RS_t0_v0
mining,MINE_US_02536,early_restoration,,-0.00608,,S1_VH(pending),0,Landsat_C2_L2,regimeB_v0_RS_t0,RS_t0_v0
mining,MINE_US_02537,early_restoration,,-0.01492,,S1_VH(pending),0,Landsat_C2_L2,regimeB_v0_RS_t0,RS_t0_v0
mining,MINE_US_02538,stable_restoration,,-0.00991,,S1_VH(pending),0,Landsat_C2_L2,regimeB_v0_RS_t0,RS_t0_v0
mining,MINE_US_02539,degraded,,0.00501,,S1_VH(pending),0,Landsat_C2_L2,regimeB_v0_RS_t0,RS_t0_v0
mining,MINE_US_02540,degraded,,0.00158,,S1_VH(pending),0,Landsat_C2_L2,regimeB_v0_RS_t0,RS_t0_v0
mining,MINE_US_02541,early_restoration,,-0.02412,,S1_VH(pending),0,Landsat_C2_L2,regimeB_v0_RS_t0,RS_t0_v0
mining,MINE_US_02542,degraded,,0.00122,,S1_VH(pending),0,Landsat_C2_L2,regimeB_v0_RS_t0,RS_t0_v0
mining,MINE_US_02543,degraded,,0.00033,,S1_VH(pending),0,Landsat_C2_L2,regimeB_v0_RS_t0,RS_t0_v0
mining,MINE_US_02544,stable_restoration,,-0.00662,,S1_VH(pending),0,Landsat_C2_L2,regimeB_v0_RS_t0,RS_t0_v0
mining,MINE_US_02545,degraded,,0.00173,,S1_VH(pending),0,Landsat_C2_L2,regimeB_v0_RS_t0,RS_t0_v0
mining,MINE_US_02546,early_restoration,,0.00124,,S1_VH(pending),0,Landsat_C2_L2,regimeB_v0_RS_t0,RS_t0_v0
mining,MINE_US_02547,stable_restoration,,-0.01208,,S1_VH(pending),0,Landsat_C2_L2,regimeB_v0_RS_t0,RS_t0_v0
mining,MINE_US_02548,degraded,,-0.00337,,S1_VH(pending),0,Landsat_C2_L2,regimeB_v0_RS_t0,RS_t0_v0
mining,MINE_US_02549,degraded,,-0.00889,,S1_VH(pending),0,Landsat_C2_L2,regimeB_v0_RS_t0,RS_t0_v0
mining,MINE_US_02550,degraded,,0.00145,,S1_VH(pending),0,Landsat_C2_L2,regimeB_v0_RS_t0,RS_t0_v0
mining,MINE_US_02551,stable_restoration,,0.00103,,S1_VH(pending),0,Landsat_C2_L2,regimeB_v0_RS_t0,RS_t0_v0
mining,MINE_US_02552,degraded,,0.00172,,S1_VH(pending),0,Landsat_C2_L2,regimeB_v0_RS_t0,RS_t0_v0
mining,MINE_US_02553,early_restoration,,0.00186,,S1_VH(pending),0,Landsat_C2_L2,regimeB_v0_RS_t0,RS_t0_v0
mining,MINE_US_02554,degraded,,0.00187,,S1_VH(pending),0,Landsat_C2_L2,regimeB_v0_RS_t0,RS_t0_v0
mining,MINE_US_02555,early_restoration,,0.00298,,S1_VH(pending),0,Landsat_C2_L2,regimeB_v0_RS_t0,RS_t0_v0
mining,MINE_US_02556,early_restoration,,-0.00861,,S1_VH(pending),0,Landsat_C2_L2,regimeB_v0_RS_t0,RS_t0_v0
mining,MINE_US_02557,early_restoration,,-0.00079,,S1_VH(pending),0,Landsat_C2_L2,regimeB_v0_RS_t0,RS_t0_v0
mining,MINE_US_02558,stable_restoration,,0.00396,,S1_VH(pending),0,Landsat_C2_L2,regimeB_v0_RS_t0,RS_t0_v0
mining,MINE_US_02559,degraded,,-0.00409,,S1_VH(pending),0,Landsat_C2_L2,regimeB_v0_RS_t0,RS_t0_v0
mining,MINE_US_02560,early_restoration,,-0.00889,,S1_VH(pending),0,Landsat_C2_L2,regimeB_v0_RS_t0,RS_t0_v0
mining,MINE_US_02561,early_restoration,,-0.0231,,S1_VH(pending),0,Landsat_C2_L2,regimeB_v0_RS_t0,RS_t0_v0
mining,MINE_US_02562,early_restoration,,0.00186,,S1_VH(pending),0,Landsat_C2_L2,regimeB_v0_RS_t0,RS_t0_v0
mining,MINE_US_02563,early_restoration,,0.00107,,S1_VH(pending),0,Landsat_C2_L2,regimeB_v0_RS_t0,RS_t0_v0
mining,MINE_US_02564,degraded,,0.00278,,S1_VH(pending),0,Landsat_C2_L2,regimeB_v0_RS_t0,RS_t0_v0
mining,MINE_US_02565,stable_restoration,,0.00598,,S1_VH(pending),0,Landsat_C2_L2,regimeB_v0_RS_t0,RS_t0_v0
mining,MINE_US_02566,early_restoration,,0.00267,,S1_VH(pending),0,Landsat_C2_L2,regimeB_v0_RS_t0,RS_t0_v0
mining,MINE_US_02567,degraded,,-0.00269,,S1_VH(pending),0,Landsat_C2_L2,regimeB_v0_RS_t0,RS_t0_v0
mining,MINE_US_02568,stable_restoration,,0.00382,,S1_VH(pending),0,Landsat_C2_L2,regimeB_v0_RS_t0,RS_t0_v0
mining,MINE_US_02569,stable_restoration,,0.00391,,S1_VH(pending),0,Landsat_C2_L2,regimeB_v0_RS_t0,RS_t0_v0
mining,MINE_US_02570,stable_restoration,,-0.01419,,S1_VH(pending),0,Landsat_C2_L2,regimeB_v0_RS_t0,RS_t0_v0
mining,MINE_US_02571,stable_restoration,,-0.01348,,S1_VH(pending),0,Landsat_C2_L2,regimeB_v0_RS_t0,RS_t0_v0
mining,MINE_US_02572,stable_restoration,,0.00273,,S1_VH(pending),0,Landsat_C2_L2,regimeB_v0_RS_t0,RS_t0_v0
mining,MINE_US_02573,stable_restoration,,-0.00939,,S1_VH(pending),0,Landsat_C2_L2,regimeB_v0_RS_t0,RS_t0_v0
mining,MINE_US_02574,degraded,,0.00292,,S1_VH(pending),0,Landsat_C2_L2,regimeB_v0_RS_t0,RS_t0_v0
mining,MINE_US_02575,stable_restoration,,0.00492,,S1_VH(pending),0,Landsat_C2_L2,regimeB_v0_RS_t0,RS_t0_v0
mining,MINE_US_02576,degraded,,0.0036,,S1_VH(pending),0,Landsat_C2_L2,regimeB_v0_RS_t0,RS_t0_v0
mining,MINE_US_02577,early_restoration,,0.00197,,S1_VH(pending),0,Landsat_C2_L2,regimeB_v0_RS_t0,RS_t0_v0
mining,MINE_US_02578,early_restoration,,-9e-05,,S1_VH(pending),0,Landsat_C2_L2,regimeB_v0_RS_t0,RS_t0_v0
mining,MINE_US_02579,degraded,,-0.02644,,S1_VH(pending),0,Landsat_C2_L2,regimeB_v0_RS_t0,RS_t0_v0
mining,MINE_US_02580,degraded,,0.00233,,S1_VH(pending),0,Landsat_C2_L2,regimeB_v0_RS_t0,RS_t0_v0
mining,MINE_US_02581,degraded,,0.00254,,S1_VH(pending),0,Landsat_C2_L2,regimeB_v0_RS_t0,RS_t0_v0
mining,MINE_US_02582,degraded,,-0.00235,,S1_VH(pending),0,Landsat_C2_L2,regimeB_v0_RS_t0,RS_t0_v0
mining,MINE_US_02583,early_restoration,,0.007,,S1_VH(pending),0,Landsat_C2_L2,regimeB_v0_RS_t0,RS_t0_v0
mining,MINE_US_02584,early_restoration,,0.00309,,S1_VH(pending),0,Landsat_C2_L2,regimeB_v0_RS_t0,RS_t0_v0
mining,MINE_US_02585,degraded,,0.00211,,S1_VH(pending),0,Landsat_C2_L2,regimeB_v0_RS_t0,RS_t0_v0
mining,MINE_US_02586,early_restoration,,-0.00166,,S1_VH(pending),0,Landsat_C2_L2,regimeB_v0_RS_t0,RS_t0_v0
mining,MINE_US_02587,stable_restoration,,0.00076,,S1_VH(pending),0,Landsat_C2_L2,regimeB_v0_RS_t0,RS_t0_v0
mining,MINE_US_02588,early_restoration,,-0.00505,,S1_VH(pending),0,Landsat_C2_L2,regimeB_v0_RS_t0,RS_t0_v0
mining,MINE_US_02589,stable_restoration,,0.00833,,S1_VH(pending),0,Landsat_C2_L2,regimeB_v0_RS_t0,RS_t0_v0
mining,MINE_US_02590,early_restoration,,0.00605,,S1_VH(pending),0,Landsat_C2_L2,regimeB_v0_RS_t0,RS_t0_v0
mining,MINE_US_02591,stable_restoration,,0.00576,,S1_VH(pending),0,Landsat_C2_L2,regimeB_v0_RS_t0,RS_t0_v0
mining,MINE_US_02592,early_restoration,,-0.02359,,S1_VH(pending),0,Landsat_C2_L2,regimeB_v0_RS_t0,RS_t0_v0
mining,MINE_US_02593,degraded,,0.00131,,S1_VH(pending),0,Landsat_C2_L2,regimeB_v0_RS_t0,RS_t0_v0
mining,MINE_US_02594,early_restoration,,0.00319,,S1_VH(pending),0,Landsat_C2_L2,regimeB_v0_RS_t0,RS_t0_v0
mining,MINE_US_02595,early_restoration,,0.00274,,S1_VH(pending),0,Landsat_C2_L2,regimeB_v0_RS_t0,RS_t0_v0
mining,MINE_US_02596,stable_restoration,,0.00419,,S1_VH(pending),0,Landsat_C2_L2,regimeB_v0_RS_t0,RS_t0_v0
mining,MINE_US_02597,stable_restoration,,-0.01012,,S1_VH(pending),0,Landsat_C2_L2,regimeB_v0_RS_t0,RS_t0_v0
mining,MINE_US_02598,stable_restoration,,0.00783,,S1_VH(pending),0,Landsat_C2_L2,regimeB_v0_RS_t0,RS_t0_v0
mining,MINE_US_02599,early_restoration,,-0.00917,,S1_VH(pending),0,Landsat_C2_L2,regimeB_v0_RS_t0,RS_t0_v0
mining,MINE_US_02600,degraded,,-0.00378,,S1_VH(pending),0,Landsat_C2_L2,regimeB_v0_RS_t0,RS_t0_v0
mining,MINE_US_02601,early_restoration,,0.00127,,S1_VH(pending),0,Landsat_C2_L2,regimeB_v0_RS_t0,RS_t0_v0
mining,MINE_US_02602,early_restoration,,-0.01949,,S1_VH(pending),0,Landsat_C2_L2,regimeB_v0_RS_t0,RS_t0_v0
mining,MINE_US_02603,stable_restoration,,0.00358,,S1_VH(pending),0,Landsat_C2_L2,regimeB_v0_RS_t0,RS_t0_v0
mining,MINE_US_02604,stable_restoration,,0.01235,,S1_VH(pending),0,Landsat_C2_L2,regimeB_v0_RS_t0,RS_t0_v0
mining,MINE_US_02605,early_restoration,,-0.00058,,S1_VH(pending),0,Landsat_C2_L2,regimeB_v0_RS_t0,RS_t0_v0
mining,MINE_US_02606,early_restoration,,-0.00522,,S1_VH(pending),0,Landsat_C2_L2,regimeB_v0_RS_t0,RS_t0_v0
mining,MINE_US_02607,early_restoration,,-0.00495,,S1_VH(pending),0,Landsat_C2_L2,regimeB_v0_RS_t0,RS_t0_v0
mining,MINE_US_02608,early_restoration,,-0.00125,,S1_VH(pending),0,Landsat_C2_L2,regimeB_v0_RS_t0,RS_t0_v0
mining,MINE_US_02609,stable_restoration,,0.00978,,S1_VH(pending),0,Landsat_C2_L2,regimeB_v0_RS_t0,RS_t0_v0
mining,MINE_US_02610,degraded,,-0.00615,,S1_VH(pending),0,Landsat_C2_L2,regimeB_v0_RS_t0,RS_t0_v0
mining,MINE_US_02611,stable_restoration,,0.01518,,S1_VH(pending),0,Landsat_C2_L2,regimeB_v0_RS_t0,RS_t0_v0
mining,MINE_US_02612,stable_restoration,,-0.01231,,S1_VH(pending),0,Landsat_C2_L2,regimeB_v0_RS_t0,RS_t0_v0
mining,MINE_US_02613,early_restoration,,-0.00769,,S1_VH(pending),0,Landsat_C2_L2,regimeB_v0_RS_t0,RS_t0_v0
mining,MINE_US_02614,early_restoration,,-0.02046,,S1_VH(pending),0,Landsat_C2_L2,regimeB_v0_RS_t0,RS_t0_v0
mining,MINE_US_02615,early_restoration,,-0.01045,,S1_VH(pending),0,Landsat_C2_L2,regimeB_v0_RS_t0,RS_t0_v0
mining,MINE_US_02616,early_restoration,,-0.02484,,S1_VH(pending),0,Landsat_C2_L2,regimeB_v0_RS_t0,RS_t0_v0
mining,MINE_US_02617,stable_restoration,,0.00493,,S1_VH(pending),0,Landsat_C2_L2,regimeB_v0_RS_t0,RS_t0_v0
mining,MINE_US_02618,degraded,,-0.00198,,S1_VH(pending),0,Landsat_C2_L2,regimeB_v0_RS_t0,RS_t0_v0
mining,MINE_US_02619,early_restoration,,-0.02096,,S1_VH(pending),0,Landsat_C2_L2,regimeB_v0_RS_t0,RS_t0_v0
mining,MINE_US_02620,degraded,,-0.00104,,S1_VH(pending),0,Landsat_C2_L2,regimeB_v0_RS_t0,RS_t0_v0
mining,MINE_US_02621,early_restoration,,0.00361,,S1_VH(pending),0,Landsat_C2_L2,regimeB_v0_RS_t0,RS_t0_v0
mining,MINE_US_02622,stable_restoration,,0.00717,,S1_VH(pending),0,Landsat_C2_L2,regimeB_v0_RS_t0,RS_t0_v0
mining,MINE_US_02623,early_restoration,,0.00269,,S1_VH(pending),0,Landsat_C2_L2,regimeB_v0_RS_t0,RS_t0_v0
mining,MINE_US_02624,degraded,,0.00315,,S1_VH(pending),0,Landsat_C2_L2,regimeB_v0_RS_t0,RS_t0_v0
mining,MINE_US_02625,early_restoration,,0.00231,,S1_VH(pending),0,Landsat_C2_L2,regimeB_v0_RS_t0,RS_t0_v0
mining,MINE_US_02626,degraded,,0.00104,,S1_VH(pending),0,Landsat_C2_L2,regimeB_v0_RS_t0,RS_t0_v0
mining,MINE_US_02627,early_restoration,,0.00154,,S1_VH(pending),0,Landsat_C2_L2,regimeB_v0_RS_t0,RS_t0_v0
mining,MINE_US_02628,degraded,,0.002,,S1_VH(pending),0,Landsat_C2_L2,regimeB_v0_RS_t0,RS_t0_v0
mining,MINE_US_02629,degraded,,-0.00084,,S1_VH(pending),0,Landsat_C2_L2,regimeB_v0_RS_t0,RS_t0_v0
mining,MINE_US_02630,stable_restoration,,-0.00026,,S1_VH(pending),0,Landsat_C2_L2,regimeB_v0_RS_t0,RS_t0_v0
mining,MINE_US_02631,early_restoration,,0.00603,,S1_VH(pending),0,Landsat_C2_L2,regimeB_v0_RS_t0,RS_t0_v0
mining,MINE_US_02632,early_restoration,,-0.00104,,S1_VH(pending),0,Landsat_C2_L2,regimeB_v0_RS_t0,RS_t0_v0
mining,MINE_US_02633,stable_restoration,,0.00469,,S1_VH(pending),0,Landsat_C2_L2,regimeB_v0_RS_t0,RS_t0_v0
mining,MINE_US_02634,stable_restoration,,0.00225,,S1_VH(pending),0,Landsat_C2_L2,regimeB_v0_RS_t0,RS_t0_v0
mining,MINE_US_02635,stable_restoration,,-0.00926,,S1_VH(pending),0,Landsat_C2_L2,regimeB_v0_RS_t0,RS_t0_v0
mining,MINE_US_02636,degraded,,0.00126,,S1_VH(pending),0,Landsat_C2_L2,regimeB_v0_RS_t0,RS_t0_v0
mining,MINE_US_02637,degraded,,0.00139,,S1_VH(pending),0,Landsat_C2_L2,regimeB_v0_RS_t0,RS_t0_v0
mining,MINE_US_02638,degraded,,-0.00491,,S1_VH(pending),0,Landsat_C2_L2,regimeB_v0_RS_t0,RS_t0_v0
mining,MINE_US_02639,stable_restoration,,-0.00869,,S1_VH(pending),0,Landsat_C2_L2,regimeB_v0_RS_t0,RS_t0_v0
mining,MINE_US_02640,early_restoration,,0.00508,,S1_VH(pending),0,Landsat_C2_L2,regimeB_v0_RS_t0,RS_t0_v0
mining,MINE_US_02641,early_restoration,,0.00054,,S1_VH(pending),0,Landsat_C2_L2,regimeB_v0_RS_t0,RS_t0_v0
mining,MINE_US_02642,early_restoration,,-4e-05,,S1_VH(pending),0,Landsat_C2_L2,regimeB_v0_RS_t0,RS_t0_v0
mining,MINE_US_02643,stable_restoration,,0.00518,,S1_VH(pending),0,Landsat_C2_L2,regimeB_v0_RS_t0,RS_t0_v0
mining,MINE_US_02644,early_restoration,,-0.00887,,S1_VH(pending),0,Landsat_C2_L2,regimeB_v0_RS_t0,RS_t0_v0
mining,MINE_US_02645,early_restoration,,-0.00288,,S1_VH(pending),0,Landsat_C2_L2,regimeB_v0_RS_t0,RS_t0_v0
mining,MINE_US_02646,early_restoration,,-0.01739,,S1_VH(pending),0,Landsat_C2_L2,regimeB_v0_RS_t0,RS_t0_v0
mining,MINE_US_02647,stable_restoration,,0.00315,,S1_VH(pending),0,Landsat_C2_L2,regimeB_v0_RS_t0,RS_t0_v0
mining,MINE_US_02648,early_restoration,,-0.00355,,S1_VH(pending),0,Landsat_C2_L2,regimeB_v0_RS_t0,RS_t0_v0
mining,MINE_US_02649,degraded,,0.00015,,S1_VH(pending),0,Landsat_C2_L2,regimeB_v0_RS_t0,RS_t0_v0
mining,MINE_US_02650,stable_restoration,,-0.01034,,S1_VH(pending),0,Landsat_C2_L2,regimeB_v0_RS_t0,RS_t0_v0
mining,MINE_US_02651,stable_restoration,,-0.00473,,S1_VH(pending),0,Landsat_C2_L2,regimeB_v0_RS_t0,RS_t0_v0
mining,MINE_US_02652,early_restoration,,0.00643,,S1_VH(pending),0,Landsat_C2_L2,regimeB_v0_RS_t0,RS_t0_v0
mining,MINE_US_02653,degraded,,0.00194,,S1_VH(pending),0,Landsat_C2_L2,regimeB_v0_RS_t0,RS_t0_v0
mining,MINE_US_02654,stable_restoration,,-0.01136,,S1_VH(pending),0,Landsat_C2_L2,regimeB_v0_RS_t0,RS_t0_v0
mining,MINE_US_02655,degraded,,0.00132,,S1_VH(pending),0,Landsat_C2_L2,regimeB_v0_RS_t0,RS_t0_v0
mining,MINE_US_02656,stable_restoration,,0.01235,,S1_VH(pending),0,Landsat_C2_L2,regimeB_v0_RS_t0,RS_t0_v0
mining,MINE_US_02657,degraded,,-0.00974,,S1_VH(pending),0,Landsat_C2_L2,regimeB_v0_RS_t0,RS_t0_v0
mining,MINE_US_02658,degraded,,0.00107,,S1_VH(pending),0,Landsat_C2_L2,regimeB_v0_RS_t0,RS_t0_v0
mining,MINE_US_02659,degraded,,0.00304,,S1_VH(pending),0,Landsat_C2_L2,regimeB_v0_RS_t0,RS_t0_v0
mining,MINE_US_02660,stable_restoration,,-0.00167,,S1_VH(pending),0,Landsat_C2_L2,regimeB_v0_RS_t0,RS_t0_v0
mining,MINE_US_02661,early_restoration,,0.00039,,S1_VH(pending),0,Landsat_C2_L2,regimeB_v0_RS_t0,RS_t0_v0
mining,MINE_US_02662,degraded,,0.00164,,S1_VH(pending),0,Landsat_C2_L2,regimeB_v0_RS_t0,RS_t0_v0
mining,MINE_US_02663,degraded,,3e-05,,S1_VH(pending),0,Landsat_C2_L2,regimeB_v0_RS_t0,RS_t0_v0
mining,MINE_US_02664,stable_restoration,,-0.00393,,S1_VH(pending),0,Landsat_C2_L2,regimeB_v0_RS_t0,RS_t0_v0
mining,MINE_US_02665,stable_restoration,,-0.0042,,S1_VH(pending),0,Landsat_C2_L2,regimeB_v0_RS_t0,RS_t0_v0
mining,MINE_US_02666,degraded,,-2e-05,,S1_VH(pending),0,Landsat_C2_L2,regimeB_v0_RS_t0,RS_t0_v0
mining,MINE_US_02667,degraded,,0.00174,,S1_VH(pending),0,Landsat_C2_L2,regimeB_v0_RS_t0,RS_t0_v0
mining,MINE_US_02668,early_restoration,,0.00411,,S1_VH(pending),0,Landsat_C2_L2,regimeB_v0_RS_t0,RS_t0_v0
mining,MINE_US_02669,degraded,,0.0009,,S1_VH(pending),0,Landsat_C2_L2,regimeB_v0_RS_t0,RS_t0_v0
mining,MINE_US_02670,stable_restoration,,0.00388,,S1_VH(pending),0,Landsat_C2_L2,regimeB_v0_RS_t0,RS_t0_v0
mining,MINE_US_02671,early_restoration,,0.00779,,S1_VH(pending),0,Landsat_C2_L2,regimeB_v0_RS_t0,RS_t0_v0
mining,MINE_US_02672,stable_restoration,,0.00559,,S1_VH(pending),0,Landsat_C2_L2,regimeB_v0_RS_t0,RS_t0_v0
mining,MINE_US_02673,degraded,,-0.00037,,S1_VH(pending),0,Landsat_C2_L2,regimeB_v0_RS_t0,RS_t0_v0
mining,MINE_US_02674,stable_restoration,,0.00613,,S1_VH(pending),0,Landsat_C2_L2,regimeB_v0_RS_t0,RS_t0_v0
mining,MINE_US_02675,early_restoration,,0.00481,,S1_VH(pending),0,Landsat_C2_L2,regimeB_v0_RS_t0,RS_t0_v0
mining,MINE_US_02676,early_restoration,,0.0093,,S1_VH(pending),0,Landsat_C2_L2,regimeB_v0_RS_t0,RS_t0_v0
mining,MINE_US_02677,stable_restoration,,0.00427,,S1_VH(pending),0,Landsat_C2_L2,regimeB_v0_RS_t0,RS_t0_v0
mining,MINE_US_02678,early_restoration,,0.00333,,S1_VH(pending),0,Landsat_C2_L2,regimeB_v0_RS_t0,RS_t0_v0
mining,MINE_US_02679,early_restoration,,-0.02682,,S1_VH(pending),0,Landsat_C2_L2,regimeB_v0_RS_t0,RS_t0_v0
mining,MINE_US_02680,stable_restoration,,0.00718,,S1_VH(pending),0,Landsat_C2_L2,regimeB_v0_RS_t0,RS_t0_v0
mining,MINE_US_02681,degraded,,0.00257,,S1_VH(pending),0,Landsat_C2_L2,regimeB_v0_RS_t0,RS_t0_v0
mining,MINE_US_02682,degraded,,0.00104,,S1_VH(pending),0,Landsat_C2_L2,regimeB_v0_RS_t0,RS_t0_v0
mining,MINE_US_02683,degraded,,0.00217,,S1_VH(pending),0,Landsat_C2_L2,regimeB_v0_RS_t0,RS_t0_v0
mining,MINE_US_02684,stable_restoration,,0.0029,,S1_VH(pending),0,Landsat_C2_L2,regimeB_v0_RS_t0,RS_t0_v0
mining,MINE_US_02685,stable_restoration,,0.00757,,S1_VH(pending),0,Landsat_C2_L2,regimeB_v0_RS_t0,RS_t0_v0
mining,MINE_US_02686,early_restoration,,0.00648,,S1_VH(pending),0,Landsat_C2_L2,regimeB_v0_RS_t0,RS_t0_v0
mining,MINE_US_02687,degraded,,0.00093,,S1_VH(pending),0,Landsat_C2_L2,regimeB_v0_RS_t0,RS_t0_v0
mining,MINE_US_02688,degraded,,0.00055,,S1_VH(pending),0,Landsat_C2_L2,regimeB_v0_RS_t0,RS_t0_v0
mining,MINE_US_02689,stable_restoration,,0.00547,,S1_VH(pending),0,Landsat_C2_L2,regimeB_v0_RS_t0,RS_t0_v0
mining,MINE_US_02690,early_restoration,,0.01072,,S1_VH(pending),0,Landsat_C2_L2,regimeB_v0_RS_t0,RS_t0_v0
mining,MINE_US_02691,early_restoration,,0.00331,,S1_VH(pending),0,Landsat_C2_L2,regimeB_v0_RS_t0,RS_t0_v0
mining,MINE_US_02692,degraded,,-0.00186,,S1_VH(pending),0,Landsat_C2_L2,regimeB_v0_RS_t0,RS_t0_v0
mining,MINE_US_02693,early_restoration,,-0.00075,,S1_VH(pending),0,Landsat_C2_L2,regimeB_v0_RS_t0,RS_t0_v0
mining,MINE_US_02694,degraded,,0.00175,,S1_VH(pending),0,Landsat_C2_L2,regimeB_v0_RS_t0,RS_t0_v0
mining,MINE_US_02695,degraded,,0.00188,,S1_VH(pending),0,Landsat_C2_L2,regimeB_v0_RS_t0,RS_t0_v0
mining,MINE_US_02696,early_restoration,,0.01175,,S1_VH(pending),0,Landsat_C2_L2,regimeB_v0_RS_t0,RS_t0_v0
mining,MINE_US_02697,early_restoration,,-0.01848,,S1_VH(pending),0,Landsat_C2_L2,regimeB_v0_RS_t0,RS_t0_v0
mining,MINE_US_02698,stable_restoration,,0.00549,,S1_VH(pending),0,Landsat_C2_L2,regimeB_v0_RS_t0,RS_t0_v0
mining,MINE_US_02699,stable_restoration,,0.00978,,S1_VH(pending),0,Landsat_C2_L2,regimeB_v0_RS_t0,RS_t0_v0
mining,MINE_US_02700,degraded,,0.00243,,S1_VH(pending),0,Landsat_C2_L2,regimeB_v0_RS_t0,RS_t0_v0
mining,MINE_US_02701,degraded,,0.00304,,S1_VH(pending),0,Landsat_C2_L2,regimeB_v0_RS_t0,RS_t0_v0
mining,MINE_US_02702,degraded,,0.00115,,S1_VH(pending),0,Landsat_C2_L2,regimeB_v0_RS_t0,RS_t0_v0
mining,MINE_US_02703,early_restoration,,0.00283,,S1_VH(pending),0,Landsat_C2_L2,regimeB_v0_RS_t0,RS_t0_v0
mining,MINE_US_02704,stable_restoration,,0.00254,,S1_VH(pending),0,Landsat_C2_L2,regimeB_v0_RS_t0,RS_t0_v0
mining,MINE_US_02705,stable_restoration,,-0.00486,,S1_VH(pending),0,Landsat_C2_L2,regimeB_v0_RS_t0,RS_t0_v0
mining,MINE_US_02706,early_restoration,,-0.00359,,S1_VH(pending),0,Landsat_C2_L2,regimeB_v0_RS_t0,RS_t0_v0
mining,MINE_US_02707,degraded,,-0.01249,,S1_VH(pending),0,Landsat_C2_L2,regimeB_v0_RS_t0,RS_t0_v0
mining,MINE_US_02708,early_restoration,,-0.02708,,S1_VH(pending),0,Landsat_C2_L2,regimeB_v0_RS_t0,RS_t0_v0
mining,MINE_US_02709,degraded,,0.00087,,S1_VH(pending),0,Landsat_C2_L2,regimeB_v0_RS_t0,RS_t0_v0
mining,MINE_US_02710,early_restoration,,0.00205,,S1_VH(pending),0,Landsat_C2_L2,regimeB_v0_RS_t0,RS_t0_v0
mining,MINE_US_02711,early_restoration,,0.00189,,S1_VH(pending),0,Landsat_C2_L2,regimeB_v0_RS_t0,RS_t0_v0
mining,MINE_US_02712,stable_restoration,,-0.00424,,S1_VH(pending),0,Landsat_C2_L2,regimeB_v0_RS_t0,RS_t0_v0
mining,MINE_US_02713,stable_restoration,,-0.00019,,S1_VH(pending),0,Landsat_C2_L2,regimeB_v0_RS_t0,RS_t0_v0
mining,MINE_US_02714,degraded,,0.00268,,S1_VH(pending),0,Landsat_C2_L2,regimeB_v0_RS_t0,RS_t0_v0
mining,MINE_US_02715,degraded,,0.00121,,S1_VH(pending),0,Landsat_C2_L2,regimeB_v0_RS_t0,RS_t0_v0
mining,MINE_US_02716,stable_restoration,,0.02505,,S1_VH(pending),0,Landsat_C2_L2,regimeB_v0_RS_t0,RS_t0_v0
mining,MINE_US_02717,stable_restoration,,-0.00529,,S1_VH(pending),0,Landsat_C2_L2,regimeB_v0_RS_t0,RS_t0_v0
mining,MINE_US_02718,early_restoration,,0.00333,,S1_VH(pending),0,Landsat_C2_L2,regimeB_v0_RS_t0,RS_t0_v0
mining,MINE_US_02719,stable_restoration,,-0.01535,,S1_VH(pending),0,Landsat_C2_L2,regimeB_v0_RS_t0,RS_t0_v0
mining,MINE_US_02720,stable_restoration,,-0.00085,,S1_VH(pending),0,Landsat_C2_L2,regimeB_v0_RS_t0,RS_t0_v0
mining,MINE_US_02721,stable_restoration,,0.0003,,S1_VH(pending),0,Landsat_C2_L2,regimeB_v0_RS_t0,RS_t0_v0
mining,MINE_US_02722,degraded,,-0.00115,,S1_VH(pending),0,Landsat_C2_L2,regimeB_v0_RS_t0,RS_t0_v0
mining,MINE_US_02723,stable_restoration,,0.00287,,S1_VH(pending),0,Landsat_C2_L2,regimeB_v0_RS_t0,RS_t0_v0
mining,MINE_US_02724,degraded,,0.00338,,S1_VH(pending),0,Landsat_C2_L2,regimeB_v0_RS_t0,RS_t0_v0
mining,MINE_US_02725,early_restoration,,0.00876,,S1_VH(pending),0,Landsat_C2_L2,regimeB_v0_RS_t0,RS_t0_v0
mining,MINE_US_02726,degraded,,0.00113,,S1_VH(pending),0,Landsat_C2_L2,regimeB_v0_RS_t0,RS_t0_v0
mining,MINE_US_02727,stable_restoration,,-0.01527,,S1_VH(pending),0,Landsat_C2_L2,regimeB_v0_RS_t0,RS_t0_v0
mining,MINE_US_02728,early_restoration,,-0.00843,,S1_VH(pending),0,Landsat_C2_L2,regimeB_v0_RS_t0,RS_t0_v0
mining,MINE_US_02729,stable_restoration,,0.01193,,S1_VH(pending),0,Landsat_C2_L2,regimeB_v0_RS_t0,RS_t0_v0
mining,MINE_US_02730,degraded,,0.00024,,S1_VH(pending),0,Landsat_C2_L2,regimeB_v0_RS_t0,RS_t0_v0
mining,MINE_US_02731,early_restoration,,0.00311,,S1_VH(pending),0,Landsat_C2_L2,regimeB_v0_RS_t0,RS_t0_v0
mining,MINE_US_02732,stable_restoration,,-0.01532,,S1_VH(pending),0,Landsat_C2_L2,regimeB_v0_RS_t0,RS_t0_v0
mining,MINE_US_02733,early_restoration,,-0.00397,,S1_VH(pending),0,Landsat_C2_L2,regimeB_v0_RS_t0,RS_t0_v0
mining,MINE_US_02734,degraded,,0.00187,,S1_VH(pending),0,Landsat_C2_L2,regimeB_v0_RS_t0,RS_t0_v0
mining,MINE_US_02735,early_restoration,,-0.00226,,S1_VH(pending),0,Landsat_C2_L2,regimeB_v0_RS_t0,RS_t0_v0
mining,MINE_US_02736,early_restoration,,0.00185,,S1_VH(pending),0,Landsat_C2_L2,regimeB_v0_RS_t0,RS_t0_v0
mining,MINE_US_02737,degraded,,0.00221,,S1_VH(pending),0,Landsat_C2_L2,regimeB_v0_RS_t0,RS_t0_v0
mining,MINE_US_02738,stable_restoration,,-0.00773,,S1_VH(pending),0,Landsat_C2_L2,regimeB_v0_RS_t0,RS_t0_v0
mining,MINE_US_02739,early_restoration,,-0.02319,,S1_VH(pending),0,Landsat_C2_L2,regimeB_v0_RS_t0,RS_t0_v0
mining,MINE_US_02740,degraded,,0.00136,,S1_VH(pending),0,Landsat_C2_L2,regimeB_v0_RS_t0,RS_t0_v0
mining,MINE_US_02741,early_restoration,,0.00238,,S1_VH(pending),0,Landsat_C2_L2,regimeB_v0_RS_t0,RS_t0_v0
mining,MINE_US_02742,stable_restoration,,-0.00641,,S1_VH(pending),0,Landsat_C2_L2,regimeB_v0_RS_t0,RS_t0_v0
mining,MINE_US_02743,degraded,,0.00256,,S1_VH(pending),0,Landsat_C2_L2,regimeB_v0_RS_t0,RS_t0_v0
mining,MINE_US_02744,degraded,,-0.00168,,S1_VH(pending),0,Landsat_C2_L2,regimeB_v0_RS_t0,RS_t0_v0
mining,MINE_US_02745,early_restoration,,-0.01679,,S1_VH(pending),0,Landsat_C2_L2,regimeB_v0_RS_t0,RS_t0_v0
mining,MINE_US_02746,degraded,,-0.00231,,S1_VH(pending),0,Landsat_C2_L2,regimeB_v0_RS_t0,RS_t0_v0
mining,MINE_US_02747,degraded,,0.00016,,S1_VH(pending),0,Landsat_C2_L2,regimeB_v0_RS_t0,RS_t0_v0
mining,MINE_US_02748,early_restoration,,-0.01364,,S1_VH(pending),0,Landsat_C2_L2,regimeB_v0_RS_t0,RS_t0_v0
mining,MINE_US_02749,degraded,,-0.00046,,S1_VH(pending),0,Landsat_C2_L2,regimeB_v0_RS_t0,RS_t0_v0
mining,MINE_US_02750,stable_restoration,,0.00199,,S1_VH(pending),0,Landsat_C2_L2,regimeB_v0_RS_t0,RS_t0_v0
mining,MINE_US_02751,stable_restoration,,0.00454,,S1_VH(pending),0,Landsat_C2_L2,regimeB_v0_RS_t0,RS_t0_v0
mining,MINE_US_02752,early_restoration,,0.00116,,S1_VH(pending),0,Landsat_C2_L2,regimeB_v0_RS_t0,RS_t0_v0
mining,MINE_US_02753,early_restoration,,0.00114,,S1_VH(pending),0,Landsat_C2_L2,regimeB_v0_RS_t0,RS_t0_v0
mining,MINE_US_02754,degraded,,-0.00549,,S1_VH(pending),0,Landsat_C2_L2,regimeB_v0_RS_t0,RS_t0_v0
mining,MINE_US_02755,stable_restoration,,0.00772,,S1_VH(pending),0,Landsat_C2_L2,regimeB_v0_RS_t0,RS_t0_v0
mining,MINE_US_02756,early_restoration,,-0.01253,,S1_VH(pending),0,Landsat_C2_L2,regimeB_v0_RS_t0,RS_t0_v0
mining,MINE_US_02757,degraded,,0.00132,,S1_VH(pending),0,Landsat_C2_L2,regimeB_v0_RS_t0,RS_t0_v0
mining,MINE_US_02758,degraded,,0.00288,,S1_VH(pending),0,Landsat_C2_L2,regimeB_v0_RS_t0,RS_t0_v0
mining,MINE_US_02759,stable_restoration,,0.00376,,S1_VH(pending),0,Landsat_C2_L2,regimeB_v0_RS_t0,RS_t0_v0
mining,MINE_US_02760,stable_restoration,,-0.00363,,S1_VH(pending),0,Landsat_C2_L2,regimeB_v0_RS_t0,RS_t0_v0
mining,MINE_US_02761,early_restoration,,0.00084,,S1_VH(pending),0,Landsat_C2_L2,regimeB_v0_RS_t0,RS_t0_v0
mining,MINE_US_02762,early_restoration,,0.0035,,S1_VH(pending),0,Landsat_C2_L2,regimeB_v0_RS_t0,RS_t0_v0
mining,MINE_US_02763,stable_restoration,,0.01319,,S1_VH(pending),0,Landsat_C2_L2,regimeB_v0_RS_t0,RS_t0_v0
mining,MINE_US_02764,stable_restoration,,-0.01356,,S1_VH(pending),0,Landsat_C2_L2,regimeB_v0_RS_t0,RS_t0_v0
mining,MINE_US_02765,stable_restoration,,0.00599,,S1_VH(pending),0,Landsat_C2_L2,regimeB_v0_RS_t0,RS_t0_v0
mining,MINE_US_02766,early_restoration,,-0.00176,,S1_VH(pending),0,Landsat_C2_L2,regimeB_v0_RS_t0,RS_t0_v0
mining,MINE_US_02767,stable_restoration,,0.0039,,S1_VH(pending),0,Landsat_C2_L2,regimeB_v0_RS_t0,RS_t0_v0
mining,MINE_US_02768,early_restoration,,-0.00539,,S1_VH(pending),0,Landsat_C2_L2,regimeB_v0_RS_t0,RS_t0_v0
mining,MINE_US_02769,degraded,,0.00013,,S1_VH(pending),0,Landsat_C2_L2,regimeB_v0_RS_t0,RS_t0_v0
mining,MINE_US_02770,early_restoration,,-0.01408,,S1_VH(pending),0,Landsat_C2_L2,regimeB_v0_RS_t0,RS_t0_v0
mining,MINE_US_02771,early_restoration,,0.00082,,S1_VH(pending),0,Landsat_C2_L2,regimeB_v0_RS_t0,RS_t0_v0
mining,MINE_US_02772,early_restoration,,0.00261,,S1_VH(pending),0,Landsat_C2_L2,regimeB_v0_RS_t0,RS_t0_v0
mining,MINE_US_02773,early_restoration,,0.00264,,S1_VH(pending),0,Landsat_C2_L2,regimeB_v0_RS_t0,RS_t0_v0
mining,MINE_US_02774,stable_restoration,,-0.00458,,S1_VH(pending),0,Landsat_C2_L2,regimeB_v0_RS_t0,RS_t0_v0
mining,MINE_US_02775,degraded,,0.00199,,S1_VH(pending),0,Landsat_C2_L2,regimeB_v0_RS_t0,RS_t0_v0
mining,MINE_US_02776,early_restoration,,0.00262,,S1_VH(pending),0,Landsat_C2_L2,regimeB_v0_RS_t0,RS_t0_v0
mining,MINE_US_02777,degraded,,0.00295,,S1_VH(pending),0,Landsat_C2_L2,regimeB_v0_RS_t0,RS_t0_v0
mining,MINE_US_02778,degraded,,-0.00726,,S1_VH(pending),0,Landsat_C2_L2,regimeB_v0_RS_t0,RS_t0_v0
mining,MINE_US_02779,degraded,,0.00197,,S1_VH(pending),0,Landsat_C2_L2,regimeB_v0_RS_t0,RS_t0_v0
mining,MINE_US_02780,degraded,,0.00221,,S1_VH(pending),0,Landsat_C2_L2,regimeB_v0_RS_t0,RS_t0_v0
mining,MINE_US_02781,stable_restoration,,-0.00714,,S1_VH(pending),0,Landsat_C2_L2,regimeB_v0_RS_t0,RS_t0_v0
mining,MINE_US_02782,early_restoration,,-0.00186,,S1_VH(pending),0,Landsat_C2_L2,regimeB_v0_RS_t0,RS_t0_v0
mining,MINE_US_02783,early_restoration,,-0.00325,,S1_VH(pending),0,Landsat_C2_L2,regimeB_v0_RS_t0,RS_t0_v0
mining,MINE_US_02784,early_restoration,,0.00522,,S1_VH(pending),0,Landsat_C2_L2,regimeB_v0_RS_t0,RS_t0_v0
mining,MINE_US_02785,degraded,,0.00262,,S1_VH(pending),0,Landsat_C2_L2,regimeB_v0_RS_t0,RS_t0_v0
mining,MINE_US_02786,degraded,,-0.00291,,S1_VH(pending),0,Landsat_C2_L2,regimeB_v0_RS_t0,RS_t0_v0
mining,MINE_US_02787,stable_restoration,,-0.00285,,S1_VH(pending),0,Landsat_C2_L2,regimeB_v0_RS_t0,RS_t0_v0
mining,MINE_US_02788,early_restoration,,-0.00267,,S1_VH(pending),0,Landsat_C2_L2,regimeB_v0_RS_t0,RS_t0_v0
mining,MINE_US_02789,stable_restoration,,-0.01086,,S1_VH(pending),0,Landsat_C2_L2,regimeB_v0_RS_t0,RS_t0_v0
mining,MINE_US_02790,early_restoration,,0.00381,,S1_VH(pending),0,Landsat_C2_L2,regimeB_v0_RS_t0,RS_t0_v0
mining,MINE_US_02791,degraded,,-0.00823,,S1_VH(pending),0,Landsat_C2_L2,regimeB_v0_RS_t0,RS_t0_v0
mining,MINE_US_02792,degraded,,0.00317,,S1_VH(pending),0,Landsat_C2_L2,regimeB_v0_RS_t0,RS_t0_v0
mining,MINE_US_02793,stable_restoration,,-0.00303,,S1_VH(pending),0,Landsat_C2_L2,regimeB_v0_RS_t0,RS_t0_v0
mining,MINE_US_02794,early_restoration,,0.00142,,S1_VH(pending),0,Landsat_C2_L2,regimeB_v0_RS_t0,RS_t0_v0
mining,MINE_US_02795,early_restoration,,-0.00503,,S1_VH(pending),0,Landsat_C2_L2,regimeB_v0_RS_t0,RS_t0_v0
mining,MINE_US_02796,early_restoration,,0.00377,,S1_VH(pending),0,Landsat_C2_L2,regimeB_v0_RS_t0,RS_t0_v0
mining,MINE_US_02797,degraded,,0.00592,,S1_VH(pending),0,Landsat_C2_L2,regimeB_v0_RS_t0,RS_t0_v0
mining,MINE_US_02798,stable_restoration,,-0.01434,,S1_VH(pending),0,Landsat_C2_L2,regimeB_v0_RS_t0,RS_t0_v0
mining,MINE_US_02799,degraded,,-0.00117,,S1_VH(pending),0,Landsat_C2_L2,regimeB_v0_RS_t0,RS_t0_v0
mining,MINE_US_02800,early_restoration,,-0.02576,,S1_VH(pending),0,Landsat_C2_L2,regimeB_v0_RS_t0,RS_t0_v0
mining,MINE_US_02801,degraded,,-0.00121,,S1_VH(pending),0,Landsat_C2_L2,regimeB_v0_RS_t0,RS_t0_v0
mining,MINE_US_02802,early_restoration,,0.00396,,S1_VH(pending),0,Landsat_C2_L2,regimeB_v0_RS_t0,RS_t0_v0
mining,MINE_US_02803,early_restoration,,0.00246,,S1_VH(pending),0,Landsat_C2_L2,regimeB_v0_RS_t0,RS_t0_v0
mining,MINE_US_02804,early_restoration,,0.00386,,S1_VH(pending),0,Landsat_C2_L2,regimeB_v0_RS_t0,RS_t0_v0
mining,MINE_US_02805,stable_restoration,,-0.0062,,S1_VH(pending),0,Landsat_C2_L2,regimeB_v0_RS_t0,RS_t0_v0
mining,MINE_US_02806,degraded,,0.00199,,S1_VH(pending),0,Landsat_C2_L2,regimeB_v0_RS_t0,RS_t0_v0
mining,MINE_US_02807,degraded,,-0.00429,,S1_VH(pending),0,Landsat_C2_L2,regimeB_v0_RS_t0,RS_t0_v0
mining,MINE_US_02808,degraded,,0.00321,,S1_VH(pending),0,Landsat_C2_L2,regimeB_v0_RS_t0,RS_t0_v0
mining,MINE_US_02809,early_restoration,,0.00722,,S1_VH(pending),0,Landsat_C2_L2,regimeB_v0_RS_t0,RS_t0_v0
mining,MINE_US_02810,early_restoration,,-0.00674,,S1_VH(pending),0,Landsat_C2_L2,regimeB_v0_RS_t0,RS_t0_v0
mining,MINE_US_02811,stable_restoration,,-0.01338,,S1_VH(pending),0,Landsat_C2_L2,regimeB_v0_RS_t0,RS_t0_v0
mining,MINE_US_02812,degraded,,-0.02235,,S1_VH(pending),0,Landsat_C2_L2,regimeB_v0_RS_t0,RS_t0_v0
mining,MINE_US_02813,early_restoration,,-0.00417,,S1_VH(pending),0,Landsat_C2_L2,regimeB_v0_RS_t0,RS_t0_v0
mining,MINE_US_02814,early_restoration,,-0.00867,,S1_VH(pending),0,Landsat_C2_L2,regimeB_v0_RS_t0,RS_t0_v0
mining,MINE_US_02815,stable_restoration,,-0.00385,,S1_VH(pending),0,Landsat_C2_L2,regimeB_v0_RS_t0,RS_t0_v0
mining,MINE_US_02816,degraded,,0.00126,,S1_VH(pending),0,Landsat_C2_L2,regimeB_v0_RS_t0,RS_t0_v0
mining,MINE_US_02817,early_restoration,,0.00079,,S1_VH(pending),0,Landsat_C2_L2,regimeB_v0_RS_t0,RS_t0_v0
mining,MINE_US_02818,early_restoration,,-0.0012,,S1_VH(pending),0,Landsat_C2_L2,regimeB_v0_RS_t0,RS_t0_v0
mining,MINE_US_02819,stable_restoration,,-0.00687,,S1_VH(pending),0,Landsat_C2_L2,regimeB_v0_RS_t0,RS_t0_v0
mining,MINE_US_02820,early_restoration,,-0.02618,,S1_VH(pending),0,Landsat_C2_L2,regimeB_v0_RS_t0,RS_t0_v0
mining,MINE_US_02821,stable_restoration,,0.00802,,S1_VH(pending),0,Landsat_C2_L2,regimeB_v0_RS_t0,RS_t0_v0
mining,MINE_US_02822,degraded,,-0.00137,,S1_VH(pending),0,Landsat_C2_L2,regimeB_v0_RS_t0,RS_t0_v0
mining,MINE_US_02823,early_restoration,,0.0013,,S1_VH(pending),0,Landsat_C2_L2,regimeB_v0_RS_t0,RS_t0_v0
mining,MINE_US_02824,relapse_degradation,,-0.01204,,S1_VH(pending),0,Landsat_C2_L2,regimeB_v0_RS_t0,RS_t0_v0
mining,MINE_US_02825,stable_restoration,,-0.021,,S1_VH(pending),0,Landsat_C2_L2,regimeB_v0_RS_t0,RS_t0_v0
mining,MINE_US_02826,degraded,,0.00053,,S1_VH(pending),0,Landsat_C2_L2,regimeB_v0_RS_t0,RS_t0_v0
mining,MINE_US_02827,early_restoration,,0.00786,,S1_VH(pending),0,Landsat_C2_L2,regimeB_v0_RS_t0,RS_t0_v0
mining,MINE_US_02828,early_restoration,,-0.02184,,S1_VH(pending),0,Landsat_C2_L2,regimeB_v0_RS_t0,RS_t0_v0
mining,MINE_US_02829,degraded,,0.00388,,S1_VH(pending),0,Landsat_C2_L2,regimeB_v0_RS_t0,RS_t0_v0
mining,MINE_US_02830,degraded,,-0.00568,,S1_VH(pending),0,Landsat_C2_L2,regimeB_v0_RS_t0,RS_t0_v0
mining,MINE_US_02831,degraded,,0.00082,,S1_VH(pending),0,Landsat_C2_L2,regimeB_v0_RS_t0,RS_t0_v0
mining,MINE_US_02832,early_restoration,,0.00059,,S1_VH(pending),0,Landsat_C2_L2,regimeB_v0_RS_t0,RS_t0_v0
mining,MINE_US_02833,early_restoration,,0.00446,,S1_VH(pending),0,Landsat_C2_L2,regimeB_v0_RS_t0,RS_t0_v0
mining,MINE_US_02834,early_restoration,,0.00147,,S1_VH(pending),0,Landsat_C2_L2,regimeB_v0_RS_t0,RS_t0_v0
mining,MINE_US_02835,degraded,,0.00184,,S1_VH(pending),0,Landsat_C2_L2,regimeB_v0_RS_t0,RS_t0_v0
mining,MINE_US_02836,early_restoration,,-0.01891,,S1_VH(pending),0,Landsat_C2_L2,regimeB_v0_RS_t0,RS_t0_v0
mining,MINE_US_02837,degraded,,-0.00221,,S1_VH(pending),0,Landsat_C2_L2,regimeB_v0_RS_t0,RS_t0_v0
mining,MINE_US_02838,early_restoration,,-0.00256,,S1_VH(pending),0,Landsat_C2_L2,regimeB_v0_RS_t0,RS_t0_v0
