regime,unit_id,phase,R_final,recovery_slope,structure_value,structure_kind,structure_available,optical_source,label_method
postfire,OR4540011770020161024,early_restoration,0.3934,0.0394,9.13,GEDI_rh98_m,1,Landsat_C2_L2,protocol_RegimeA_v0.1
postfire,ID4431311660320161007,low_severity,,,3.26,GEDI_rh98_m,1,Landsat_C2_L2,protocol_RegimeA_v0.1
postfire,ID4489011641020160503,low_severity,,,14.98,GEDI_rh98_m,1,Landsat_C2_L2,protocol_RegimeA_v0.1
postfire,ID4544811630920160818,low_severity,,,10.92,GEDI_rh98_m,1,Landsat_C2_L2,protocol_RegimeA_v0.1
postfire,OR4562412106720160701,low_severity,,,1.09,GEDI_rh98_m,1,Landsat_C2_L2,protocol_RegimeA_v0.1
postfire,OR4576011699020161024,low_severity,,,2.96,GEDI_rh98_m,1,Landsat_C2_L2,protocol_RegimeA_v0.1
postfire,OR4372011979020160515,stable_restoration,1.0314,0.1184,13.31,GEDI_rh98_m,1,Landsat_C2_L2,protocol_RegimeA_v0.1
postfire,OR4396011847820161001,low_severity,,,3.83,GEDI_rh98_m,1,Landsat_C2_L2,protocol_RegimeA_v0.1
postfire,OR4417011845020160926,low_severity,,,12.67,GEDI_rh98_m,1,Landsat_C2_L2,protocol_RegimeA_v0.1
postfire,OR4473012140020160415,low_severity,,,6.63,GEDI_rh98_m,1,Landsat_C2_L2,protocol_RegimeA_v0.1
postfire,CA3759811955420160626,early_restoration,0.4891,0.0831,18.53,GEDI_rh98_m,1,Landsat_C2_L2,protocol_RegimeA_v0.1
postfire,ID4273611666120160929,low_severity,,,2.43,GEDI_rh98_m,1,Landsat_C2_L2,protocol_RegimeA_v0.1
postfire,CA3700411949520160730,stable_restoration,1.0607,0.1053,5.34,GEDI_rh98_m,1,Landsat_C2_L2,protocol_RegimeA_v0.1
postfire,CA3779911892220160804,stable_restoration,0.9183,0.1127,5.86,GEDI_rh98_m,1,Landsat_C2_L2,protocol_RegimeA_v0.1
postfire,CA3778011892120160917,stable_restoration,1.3,0.1619,5.54,GEDI_rh98_m,1,Landsat_C2_L2,protocol_RegimeA_v0.1
postfire,OR4440811838320160731,stable_restoration,0.8738,0.1104,9.28,GEDI_rh98_m,1,Landsat_C2_L2,protocol_RegimeA_v0.1
postfire,CA3780912030120160926,stable_restoration,0.7238,0.0658,7.57,GEDI_rh98_m,1,Landsat_C2_L2,protocol_RegimeA_v0.1
postfire,CA3611312128920160604,stable_restoration,1.1192,0.0588,7.44,GEDI_rh98_m,1,Landsat_C2_L2,protocol_RegimeA_v0.1
postfire,OR4407812030820160929,degraded,0.2876,0.0366,6.72,GEDI_rh98_m,1,Landsat_C2_L2,protocol_RegimeA_v0.1
postfire,OR4272312062320160817,low_severity,,,1.76,GEDI_rh98_m,1,Landsat_C2_L2,protocol_RegimeA_v0.1
postfire,CA4128112031520160917,stable_restoration,0.6912,0.1037,3.33,GEDI_rh98_m,1,Landsat_C2_L2,protocol_RegimeA_v0.1
postfire,CA4036812080220160911,early_restoration,0.3937,0.0597,6.69,GEDI_rh98_m,1,Landsat_C2_L2,protocol_RegimeA_v0.1
postfire,CA3895812085620160628,early_restoration,0.6476,0.0764,23.35,GEDI_rh98_m,1,Landsat_C2_L2,protocol_RegimeA_v0.1
postfire,CA3710912184820160926,stable_restoration,0.9169,0.1036,13.92,GEDI_rh98_m,1,Landsat_C2_L2,protocol_RegimeA_v0.1
postfire,CA3646112190120160722,stable_restoration,1.1885,0.134,13.09,GEDI_rh98_m,1,Landsat_C2_L2,protocol_RegimeA_v0.1
postfire,OR4448812148120160607,stable_restoration,0.728,0.0632,4.48,GEDI_rh98_m,1,Landsat_C2_L2,protocol_RegimeA_v0.1
postfire,OR4292412221220160728,stable_restoration,0.7271,0.081,4.89,GEDI_rh98_m,1,Landsat_C2_L2,protocol_RegimeA_v0.1
postfire,OR4563012190420170902,early_restoration,0.4921,0.064,11.92,GEDI_rh98_m,1,Landsat_C2_L2,protocol_RegimeA_v0.1
postfire,ID4540111652720170908,stable_restoration,0.7748,0.106,14.52,GEDI_rh98_m,1,Landsat_C2_L2,protocol_RegimeA_v0.1
postfire,ID4554811595020170801,stable_restoration,0.7894,0.1062,9.33,GEDI_rh98_m,1,Landsat_C2_L2,protocol_RegimeA_v0.1
postfire,ID4601011688120170715,low_severity,,,3.67,GEDI_rh98_m,1,Landsat_C2_L2,protocol_RegimeA_v0.1
postfire,OR4560011651620170711,low_severity,,,4.52,GEDI_rh98_m,1,Landsat_C2_L2,protocol_RegimeA_v0.1
postfire,ID4603611671720170715,low_severity,,,4.03,GEDI_rh98_m,1,Landsat_C2_L2,protocol_RegimeA_v0.1
postfire,OR4443511721920170803,low_severity,,,5.78,GEDI_rh98_m,1,Landsat_C2_L2,protocol_RegimeA_v0.1
postfire,ID4253511698720170918,low_severity,,,0.25,GEDI_rh98_m,1,Landsat_C2_L2,protocol_RegimeA_v0.1
postfire,OR4462111846220170616,low_severity,,,11.37,GEDI_rh98_m,1,Landsat_C2_L2,protocol_RegimeA_v0.1
postfire,OR4372111979120170504,early_restoration,0.5562,0.0401,11.49,GEDI_rh98_m,1,Landsat_C2_L2,protocol_RegimeA_v0.1
postfire,CA4119012308020171102,low_severity,,,12.0,GEDI_rh98_m,1,Landsat_C2_L2,protocol_RegimeA_v0.1
postfire,OR4305111881420170401,low_severity,,,2.7,GEDI_rh98_m,1,Landsat_C2_L2,protocol_RegimeA_v0.1
postfire,CA4179612108320170813,low_severity,,,0.83,GEDI_rh98_m,1,Landsat_C2_L2,protocol_RegimeA_v0.1
postfire,CA3744911965020170829,stable_restoration,0.7902,0.108,10.93,GEDI_rh98_m,1,Landsat_C2_L2,protocol_RegimeA_v0.1
postfire,CA3721711946920170903,early_restoration,0.6235,0.0757,10.63,GEDI_rh98_m,1,Landsat_C2_L2,protocol_RegimeA_v0.1
postfire,CA3753811959820170813,early_restoration,0.4903,0.0733,17.56,GEDI_rh98_m,1,Landsat_C2_L2,protocol_RegimeA_v0.1
postfire,CA3764411961820170801,stable_restoration,0.8044,0.1087,19.72,GEDI_rh98_m,1,Landsat_C2_L2,protocol_RegimeA_v0.1
postfire,CA3837311989620170819,early_restoration,0.5675,0.0892,2.86,GEDI_rh98_m,1,Landsat_C2_L2,protocol_RegimeA_v0.1
postfire,NV3882011959620171003,low_severity,,,4.79,GEDI_rh98_m,1,Landsat_C2_L2,protocol_RegimeA_v0.1
postfire,CA3761912020720170716,stable_restoration,0.9069,0.093,3.54,GEDI_rh98_m,1,Landsat_C2_L2,protocol_RegimeA_v0.1
postfire,CA3812011994120170904,stable_restoration,0.6626,0.1108,16.55,GEDI_rh98_m,1,Landsat_C2_L2,protocol_RegimeA_v0.1
postfire,CA3606812023620170420,low_severity,,,3.92,GEDI_rh98_m,1,Landsat_C2_L2,protocol_RegimeA_v0.1
postfire,OR4447912049720170909,stable_restoration,0.8178,0.1119,3.41,GEDI_rh98_m,1,Landsat_C2_L2,protocol_RegimeA_v0.1
postfire,CA4130712105620170725,stable_restoration,0.7403,0.1049,5.08,GEDI_rh98_m,1,Landsat_C2_L2,protocol_RegimeA_v0.1
postfire,CA4146612032120170803,early_restoration,0.5691,0.0886,1.94,GEDI_rh98_m,1,Landsat_C2_L2,protocol_RegimeA_v0.1
postfire,CA3990612097220170729,early_restoration,0.3773,0.0589,24.26,GEDI_rh98_m,1,Landsat_C2_L2,protocol_RegimeA_v0.1
postfire,CA3946112141320170707,stable_restoration,0.6686,0.0563,7.42,GEDI_rh98_m,1,Landsat_C2_L2,protocol_RegimeA_v0.1
postfire,CA3839112224120171009,early_restoration,0.5079,0.0547,6.77,GEDI_rh98_m,1,Landsat_C2_L2,protocol_RegimeA_v0.1
postfire,CA3838712252020171009,early_restoration,0.544,0.0617,8.08,GEDI_rh98_m,1,Landsat_C2_L2,protocol_RegimeA_v0.1
postfire,CA3957512131620170829,early_restoration,0.4714,0.0453,10.45,GEDI_rh98_m,1,Landsat_C2_L2,protocol_RegimeA_v0.1
postfire,OR4470812185620170724,degraded,-0.1285,-0.0273,5.05,GEDI_rh98_m,1,Landsat_C2_L2,protocol_RegimeA_v0.1
postfire,OR4474912191520170811,degraded,-0.3,-0.0491,10.92,GEDI_rh98_m,1,Landsat_C2_L2,protocol_RegimeA_v0.1
postfire,OR4400912217020170804,degraded,0.1879,0.0118,31.99,GEDI_rh98_m,1,Landsat_C2_L2,protocol_RegimeA_v0.1
postfire,OR4425712174320170811,early_restoration,0.5768,0.0915,4.52,GEDI_rh98_m,1,Landsat_C2_L2,protocol_RegimeA_v0.1
postfire,OR4410112190920170810,degraded,0.1493,0.0232,5.78,GEDI_rh98_m,1,Landsat_C2_L2,protocol_RegimeA_v0.1
postfire,OR4410112199420170810,degraded,0.0143,0.0043,27.73,GEDI_rh98_m,1,Landsat_C2_L2,protocol_RegimeA_v0.1
postfire,OR4412912209720170811,degraded,0.0855,0.0069,19.15,GEDI_rh98_m,1,Landsat_C2_L2,protocol_RegimeA_v0.1
postfire,OR4404612205520170810,degraded,0.0751,0.0154,20.91,GEDI_rh98_m,1,Landsat_C2_L2,protocol_RegimeA_v0.1
postfire,OR4279812231820170725,early_restoration,0.3632,0.0624,12.51,GEDI_rh98_m,1,Landsat_C2_L2,protocol_RegimeA_v0.1
postfire,OR4254212214420170810,degraded,0.1978,0.0468,11.95,GEDI_rh98_m,1,Landsat_C2_L2,protocol_RegimeA_v0.1
postfire,OR4298012228220170729,degraded,0.2014,0.0404,4.48,GEDI_rh98_m,1,Landsat_C2_L2,protocol_RegimeA_v0.1
postfire,OR4311112241120170811,degraded,-0.0686,0.0034,28.34,GEDI_rh98_m,1,Landsat_C2_L2,protocol_RegimeA_v0.1
postfire,OR4303712246520170809,degraded,0.2074,0.0305,20.63,GEDI_rh98_m,1,Landsat_C2_L2,protocol_RegimeA_v0.1
postfire,OR4294112254720170808,early_restoration,0.4414,0.0567,31.15,GEDI_rh98_m,1,Landsat_C2_L2,protocol_RegimeA_v0.1
postfire,OR4309112272520170810,stable_restoration,0.673,0.0853,15.69,GEDI_rh98_m,1,Landsat_C2_L2,protocol_RegimeA_v0.1
postfire,OR4318212230620170809,degraded,-0.0041,0.013,18.04,GEDI_rh98_m,1,Landsat_C2_L2,protocol_RegimeA_v0.1
postfire,OR4340212236220170810,degraded,0.2801,0.039,13.12,GEDI_rh98_m,1,Landsat_C2_L2,protocol_RegimeA_v0.1
postfire,OR4320912249720170811,degraded,0.2192,0.0358,16.33,GEDI_rh98_m,1,Landsat_C2_L2,protocol_RegimeA_v0.1
postfire,OR4330612262220170812,early_restoration,0.3323,0.0423,14.09,GEDI_rh98_m,1,Landsat_C2_L2,protocol_RegimeA_v0.1
postfire,OR4331112282720170810,degraded,-0.1661,-0.0232,10.46,GEDI_rh98_m,1,Landsat_C2_L2,protocol_RegimeA_v0.1
postfire,OR4375212142520170829,early_restoration,0.6417,0.1124,4.16,GEDI_rh98_m,1,Landsat_C2_L2,protocol_RegimeA_v0.1
postfire,CA4143512316220170626,early_restoration,0.6473,0.0921,12.93,GEDI_rh98_m,1,Landsat_C2_L2,protocol_RegimeA_v0.1
postfire,CA4018412336320170808,early_restoration,0.3571,0.0439,9.65,GEDI_rh98_m,1,Landsat_C2_L2,protocol_RegimeA_v0.1
postfire,CA4011512332020170808,degraded,0.064,-0.0184,9.06,GEDI_rh98_m,1,Landsat_C2_L2,protocol_RegimeA_v0.1
postfire,CA4077112312420170831,early_restoration,0.5581,0.0754,15.86,GEDI_rh98_m,1,Landsat_C2_L2,protocol_RegimeA_v0.1
postfire,CA4083912297820170808,early_restoration,0.5738,0.083,20.89,GEDI_rh98_m,1,Landsat_C2_L2,protocol_RegimeA_v0.1
postfire,CA4022812303620170913,early_restoration,0.5004,0.0755,13.65,GEDI_rh98_m,1,Landsat_C2_L2,protocol_RegimeA_v0.1
postfire,WA4610611995920180908,low_severity,,,1.73,GEDI_rh98_m,1,Landsat_C2_L2,protocol_RegimeA_v0.1
postfire,WA4567012103420180801,low_severity,,,4.27,GEDI_rh98_m,1,Landsat_C2_L2,protocol_RegimeA_v0.1
postfire,OR4597411899820180729,low_severity,,,3.31,GEDI_rh98_m,1,Landsat_C2_L2,protocol_RegimeA_v0.1
postfire,WA4597011911020180622,stable_restoration,1.162,0.0364,1.39,GEDI_rh98_m,1,Landsat_C2_L2,protocol_RegimeA_v0.1
postfire,OR4548011857620180810,low_severity,,,4.32,GEDI_rh98_m,1,Landsat_C2_L2,protocol_RegimeA_v0.1
postfire,ID4603311692920180809,low_severity,,,4.24,GEDI_rh98_m,1,Landsat_C2_L2,protocol_RegimeA_v0.1
postfire,ID4458311709720180915,low_severity,,,6.85,GEDI_rh98_m,1,Landsat_C2_L2,protocol_RegimeA_v0.1
postfire,ID4490011637920180515,low_severity,,,15.44,GEDI_rh98_m,1,Landsat_C2_L2,protocol_RegimeA_v0.1
postfire,OR4531411905220180816,low_severity,,,2.76,GEDI_rh98_m,1,Landsat_C2_L2,protocol_RegimeA_v0.1
postfire,ID4427411715120180716,low_severity,,,5.47,GEDI_rh98_m,1,Landsat_C2_L2,protocol_RegimeA_v0.1
postfire,ID4447411719020180725,low_severity,,,4.87,GEDI_rh98_m,1,Landsat_C2_L2,protocol_RegimeA_v0.1
postfire,ID4533411639120180723,early_restoration,0.5121,0.0871,11.29,GEDI_rh98_m,1,Landsat_C2_L2,protocol_RegimeA_v0.1
postfire,ID4451711685020180725,low_severity,,,3.77,GEDI_rh98_m,1,Landsat_C2_L2,protocol_RegimeA_v0.1
postfire,ID4467611644820180726,stable_restoration,0.9598,0.0585,2.84,GEDI_rh98_m,1,Landsat_C2_L2,protocol_RegimeA_v0.1
postfire,OR4511811697520181030,low_severity,,,8.94,GEDI_rh98_m,1,Landsat_C2_L2,protocol_RegimeA_v0.1
postfire,OR4382511970020181020,low_severity,,,6.89,GEDI_rh98_m,1,Landsat_C2_L2,protocol_RegimeA_v0.1
postfire,CA4077412213620180201,low_severity,,,4.96,GEDI_rh98_m,1,Landsat_C2_L2,protocol_RegimeA_v0.1
postfire,CA4192012170520180516,low_severity,,,2.46,GEDI_rh98_m,1,Landsat_C2_L2,protocol_RegimeA_v0.1
postfire,OR4421611929720181025,low_severity,,,11.31,GEDI_rh98_m,1,Landsat_C2_L2,protocol_RegimeA_v0.1
postfire,OR4261612132420180510,low_severity,,,9.7,GEDI_rh98_m,1,Landsat_C2_L2,protocol_RegimeA_v0.1
postfire,OR4441412049420180508,low_severity,,,8.06,GEDI_rh98_m,1,Landsat_C2_L2,protocol_RegimeA_v0.1
postfire,CA4193212150720180221,low_severity,,,2.17,GEDI_rh98_m,1,Landsat_C2_L2,protocol_RegimeA_v0.1
postfire,OR4463911860120181026,low_severity,,,5.53,GEDI_rh98_m,1,Landsat_C2_L2,protocol_RegimeA_v0.1
postfire,CA3641011873720181004,degraded,0.1634,0.033,7.88,GEDI_rh98_m,1,Landsat_C2_L2,protocol_RegimeA_v0.1
postfire,CA3756511912720180611,early_restoration,0.5475,0.1116,11.57,GEDI_rh98_m,1,Landsat_C2_L2,protocol_RegimeA_v0.1
postfire,CA3765211988120180713,stable_restoration,0.7914,0.1008,14.66,GEDI_rh98_m,1,Landsat_C2_L2,protocol_RegimeA_v0.1
postfire,CA3834911992920180801,early_restoration,0.5138,0.0983,9.66,GEDI_rh98_m,1,Landsat_C2_L2,protocol_RegimeA_v0.1
postfire,CA3839611945120180904,early_restoration,0.5906,0.1667,5.83,GEDI_rh98_m,1,Landsat_C2_L2,protocol_RegimeA_v0.1
postfire,OR4265012082720180815,early_restoration,0.3709,0.0879,5.47,GEDI_rh98_m,1,Landsat_C2_L2,protocol_RegimeA_v0.1
postfire,CA4139512105720180815,degraded,0.2423,0.0819,1.61,GEDI_rh98_m,1,Landsat_C2_L2,protocol_RegimeA_v0.1
postfire,CA4063012088020180727,early_restoration,0.6441,0.1217,3.12,GEDI_rh98_m,1,Landsat_C2_L2,protocol_RegimeA_v0.1
postfire,CA3982012144020181108,early_restoration,0.5537,0.1049,8.85,GEDI_rh98_m,1,Landsat_C2_L2,protocol_RegimeA_v0.1
postfire,CA3927312065620180903,early_restoration,0.592,0.1062,9.35,GEDI_rh98_m,1,Landsat_C2_L2,protocol_RegimeA_v0.1
postfire,OR4408412223820180819,degraded,0.1344,0.0193,25.42,GEDI_rh98_m,1,Landsat_C2_L2,protocol_RegimeA_v0.1
postfire,OR4258012299020180822,early_restoration,0.4233,0.0836,16.09,GEDI_rh98_m,1,Landsat_C2_L2,protocol_RegimeA_v0.1
postfire,OR4307312203920180715,degraded,0.2164,0.0638,9.36,GEDI_rh98_m,1,Landsat_C2_L2,protocol_RegimeA_v0.1
postfire,OR4275312292520180715,degraded,0.3089,0.0555,9.76,GEDI_rh98_m,1,Landsat_C2_L2,protocol_RegimeA_v0.1
postfire,OR4293812266120180715,early_restoration,0.3337,0.0544,22.6,GEDI_rh98_m,1,Landsat_C2_L2,protocol_RegimeA_v0.1
postfire,OR4282612280720180716,early_restoration,0.4613,0.0788,13.75,GEDI_rh98_m,1,Landsat_C2_L2,protocol_RegimeA_v0.1
postfire,OR4209912285420180715,early_restoration,0.4506,0.0657,17.14,GEDI_rh98_m,1,Landsat_C2_L2,protocol_RegimeA_v0.1
postfire,CA4061612352420180904,early_restoration,0.5425,0.1052,4.91,GEDI_rh98_m,1,Landsat_C2_L2,protocol_RegimeA_v0.1
postfire,CA4089112222820180809,early_restoration,0.4751,0.0853,19.66,GEDI_rh98_m,1,Landsat_C2_L2,protocol_RegimeA_v0.1
postfire,CA4094312242720180905,early_restoration,0.4537,0.0791,9.46,GEDI_rh98_m,1,Landsat_C2_L2,protocol_RegimeA_v0.1
postfire,OR4517811742720190728,degraded,0.2852,0.0938,7.13,GEDI_rh98_m,1,Landsat_C2_L2,protocol_RegimeA_v0.1
postfire,OR4596611865220190731,low_severity,,,1.27,GEDI_rh98_m,1,Landsat_C2_L2,protocol_RegimeA_v0.1
postfire,ID4248911688820190828,stable_restoration,1.1596,0.2803,3.32,GEDI_rh98_m,1,Landsat_C2_L2,protocol_RegimeA_v0.1
postfire,OR4414911858320190930,stable_restoration,0.6863,0.1713,4.32,GEDI_rh98_m,1,Landsat_C2_L2,protocol_RegimeA_v0.1
postfire,CA4137212197020190922,degraded,0.2155,0.0561,14.08,GEDI_rh98_m,1,Landsat_C2_L2,protocol_RegimeA_v0.1
postfire,OR4265012175420190503,low_severity,,,9.7,GEDI_rh98_m,1,Landsat_C2_L2,protocol_RegimeA_v0.1
postfire,OR4304512197320190915,stable_restoration,0.9345,0.188,12.12,GEDI_rh98_m,1,Landsat_C2_L2,protocol_RegimeA_v0.1
postfire,CA3719112078820191002,low_severity,,,1.65,GEDI_rh98_m,1,Landsat_C2_L2,protocol_RegimeA_v0.1
postfire,OR4441112073920191031,low_severity,,,9.53,GEDI_rh98_m,1,Landsat_C2_L2,protocol_RegimeA_v0.1
postfire,OR4442412039420190903,low_severity,,,7.72,GEDI_rh98_m,1,Landsat_C2_L2,protocol_RegimeA_v0.1
postfire,OR4359512099520190923,low_severity,,,12.34,GEDI_rh98_m,1,Landsat_C2_L2,protocol_RegimeA_v0.1
postfire,OR4287611889620190315,low_severity,,,1.24,GEDI_rh98_m,1,Landsat_C2_L2,protocol_RegimeA_v0.1
postfire,OR4383111898220190520,low_severity,,,9.75,GEDI_rh98_m,1,Landsat_C2_L2,protocol_RegimeA_v0.1
postfire,CA3755212015420190901,stable_restoration,0.8016,0.1692,4.16,GEDI_rh98_m,1,Landsat_C2_L2,protocol_RegimeA_v0.1
postfire,CA3760511996620191006,early_restoration,0.634,0.1305,7.8,GEDI_rh98_m,1,Landsat_C2_L2,protocol_RegimeA_v0.1
postfire,CA3782611887220190726,low_severity,,,6.2,GEDI_rh98_m,1,Landsat_C2_L2,protocol_RegimeA_v0.1
postfire,OR4428511846020190809,early_restoration,0.4815,0.1216,9.64,GEDI_rh98_m,1,Landsat_C2_L2,protocol_RegimeA_v0.1
postfire,CA4005312066920190904,early_restoration,0.652,0.1422,8.06,GEDI_rh98_m,1,Landsat_C2_L2,protocol_RegimeA_v0.1
postfire,CA3872412014620191010,early_restoration,0.4834,0.1154,12.66,GEDI_rh98_m,1,Landsat_C2_L2,protocol_RegimeA_v0.1
postfire,OR4504511946220190805,degraded,-0.218,-0.0255,7.59,GEDI_rh98_m,1,Landsat_C2_L2,protocol_RegimeA_v0.1
postfire,CA4186612267020190905,early_restoration,0.5301,0.1182,10.48,GEDI_rh98_m,1,Landsat_C2_L2,protocol_RegimeA_v0.1
postfire,CA4010912278920190905,stable_restoration,0.7087,0.1764,9.39,GEDI_rh98_m,1,Landsat_C2_L2,protocol_RegimeA_v0.1
postfire,CA4088712301420190905,stable_restoration,0.6792,0.1408,8.81,GEDI_rh98_m,1,Landsat_C2_L2,protocol_RegimeA_v0.1
afforestation,SAIH_AFF_r00c35,early_restoration,0.3817,0.00627,,GEDI_rh98_m(pending),0,Landsat_C2_L2,regimeC_v0_CLCD+NDVI
afforestation,SAIH_AFF_r00c36,early_restoration,0.522,0.01098,,GEDI_rh98_m(pending),0,Landsat_C2_L2,regimeC_v0_CLCD+NDVI
afforestation,SAIH_AFF_r00c37,stable_restoration,0.8892,0.0177,,GEDI_rh98_m(pending),0,Landsat_C2_L2,regimeC_v0_CLCD+NDVI
afforestation,SAIH_AFF_r00c38,stable_restoration,0.7911,0.00351,,GEDI_rh98_m(pending),0,Landsat_C2_L2,regimeC_v0_CLCD+NDVI
afforestation,SAIH_AFF_r00c39,stable_restoration,0.9472,0.00578,,GEDI_rh98_m(pending),0,Landsat_C2_L2,regimeC_v0_CLCD+NDVI
afforestation,SAIH_AFF_r00c40,stable_restoration,0.9889,0.00536,,GEDI_rh98_m(pending),0,Landsat_C2_L2,regimeC_v0_CLCD+NDVI
afforestation,SAIH_AFF_r00c41,stable_restoration,0.8764,0.00855,,GEDI_rh98_m(pending),0,Landsat_C2_L2,regimeC_v0_CLCD+NDVI
afforestation,SAIH_AFF_r00c42,stable_restoration,0.989,0.00125,,GEDI_rh98_m(pending),0,Landsat_C2_L2,regimeC_v0_CLCD+NDVI
afforestation,SAIH_AFF_r00c43,stable_restoration,1.0057,0.00347,,GEDI_rh98_m(pending),0,Landsat_C2_L2,regimeC_v0_CLCD+NDVI
afforestation,SAIH_AFF_r00c44,stable_restoration,1.0318,0.00646,,GEDI_rh98_m(pending),0,Landsat_C2_L2,regimeC_v0_CLCD+NDVI
afforestation,SAIH_AFF_r00c45,stable_restoration,0.7453,0.00847,,GEDI_rh98_m(pending),0,Landsat_C2_L2,regimeC_v0_CLCD+NDVI
afforestation,SAIH_AFF_r00c46,early_restoration,0.5103,0.0142,,GEDI_rh98_m(pending),0,Landsat_C2_L2,regimeC_v0_CLCD+NDVI
afforestation,SAIH_AFF_r00c47,stable_restoration,0.9973,0.04542,,GEDI_rh98_m(pending),0,Landsat_C2_L2,regimeC_v0_CLCD+NDVI
afforestation,SAIH_AFF_r00c48,stable_restoration,0.9627,0.03726,,GEDI_rh98_m(pending),0,Landsat_C2_L2,regimeC_v0_CLCD+NDVI
afforestation,SAIH_AFF_r00c49,stable_restoration,0.9566,0.02247,,GEDI_rh98_m(pending),0,Landsat_C2_L2,regimeC_v0_CLCD+NDVI
afforestation,SAIH_AFF_r00c50,stable_restoration,0.9332,0.00751,,GEDI_rh98_m(pending),0,Landsat_C2_L2,regimeC_v0_CLCD+NDVI
afforestation,SAIH_AFF_r00c51,stable_restoration,0.8881,0.01698,,GEDI_rh98_m(pending),0,Landsat_C2_L2,regimeC_v0_CLCD+NDVI
afforestation,SAIH_AFF_r00c52,stable_restoration,0.985,0.01067,,GEDI_rh98_m(pending),0,Landsat_C2_L2,regimeC_v0_CLCD+NDVI
afforestation,SAIH_AFF_r00c53,early_restoration,0.5432,0.0115,,GEDI_rh98_m(pending),0,Landsat_C2_L2,regimeC_v0_CLCD+NDVI
afforestation,SAIH_AFF_r00c54,stable_restoration,0.9138,0.02112,,GEDI_rh98_m(pending),0,Landsat_C2_L2,regimeC_v0_CLCD+NDVI
afforestation,SAIH_AFF_r00c55,stable_restoration,1.0167,0.00663,,GEDI_rh98_m(pending),0,Landsat_C2_L2,regimeC_v0_CLCD+NDVI
afforestation,SAIH_AFF_r00c56,stable_restoration,1.0107,0.00414,,GEDI_rh98_m(pending),0,Landsat_C2_L2,regimeC_v0_CLCD+NDVI
afforestation,SAIH_AFF_r00c61,early_restoration,0.5644,0.02375,,GEDI_rh98_m(pending),0,Landsat_C2_L2,regimeC_v0_CLCD+NDVI
afforestation,SAIH_AFF_r00c62,early_restoration,0.3794,0.00869,,GEDI_rh98_m(pending),0,Landsat_C2_L2,regimeC_v0_CLCD+NDVI
afforestation,SAIH_AFF_r00c63,degraded,0.2162,0.00628,,GEDI_rh98_m(pending),0,Landsat_C2_L2,regimeC_v0_CLCD+NDVI
afforestation,SAIH_AFF_r00c64,early_restoration,0.4205,0.00975,,GEDI_rh98_m(pending),0,Landsat_C2_L2,regimeC_v0_CLCD+NDVI
afforestation,SAIH_AFF_r01c18,early_restoration,0.523,0.00608,,GEDI_rh98_m(pending),0,Landsat_C2_L2,regimeC_v0_CLCD+NDVI
afforestation,SAIH_AFF_r01c34,degraded,0.1906,0.00571,,GEDI_rh98_m(pending),0,Landsat_C2_L2,regimeC_v0_CLCD+NDVI
afforestation,SAIH_AFF_r01c35,early_restoration,0.655,0.01898,,GEDI_rh98_m(pending),0,Landsat_C2_L2,regimeC_v0_CLCD+NDVI
afforestation,SAIH_AFF_r01c36,stable_restoration,0.6935,0.01602,,GEDI_rh98_m(pending),0,Landsat_C2_L2,regimeC_v0_CLCD+NDVI
afforestation,SAIH_AFF_r01c37,stable_restoration,0.7565,0.01077,,GEDI_rh98_m(pending),0,Landsat_C2_L2,regimeC_v0_CLCD+NDVI
afforestation,SAIH_AFF_r01c38,early_restoration,0.6523,0.01146,,GEDI_rh98_m(pending),0,Landsat_C2_L2,regimeC_v0_CLCD+NDVI
afforestation,SAIH_AFF_r01c39,early_restoration,0.4509,0.00949,,GEDI_rh98_m(pending),0,Landsat_C2_L2,regimeC_v0_CLCD+NDVI
afforestation,SAIH_AFF_r01c40,stable_restoration,0.8003,0.00336,,GEDI_rh98_m(pending),0,Landsat_C2_L2,regimeC_v0_CLCD+NDVI
afforestation,SAIH_AFF_r01c41,stable_restoration,1.0283,0.00408,,GEDI_rh98_m(pending),0,Landsat_C2_L2,regimeC_v0_CLCD+NDVI
afforestation,SAIH_AFF_r01c42,stable_restoration,1.0374,5e-05,,GEDI_rh98_m(pending),0,Landsat_C2_L2,regimeC_v0_CLCD+NDVI
afforestation,SAIH_AFF_r01c43,stable_restoration,1.0272,0.00798,,GEDI_rh98_m(pending),0,Landsat_C2_L2,regimeC_v0_CLCD+NDVI
afforestation,SAIH_AFF_r01c44,stable_restoration,1.0322,0.00409,,GEDI_rh98_m(pending),0,Landsat_C2_L2,regimeC_v0_CLCD+NDVI
afforestation,SAIH_AFF_r01c45,stable_restoration,0.9455,0.01162,,GEDI_rh98_m(pending),0,Landsat_C2_L2,regimeC_v0_CLCD+NDVI
afforestation,SAIH_AFF_r01c46,early_restoration,0.5407,0.01419,,GEDI_rh98_m(pending),0,Landsat_C2_L2,regimeC_v0_CLCD+NDVI
afforestation,SAIH_AFF_r01c47,stable_restoration,0.8841,0.03665,,GEDI_rh98_m(pending),0,Landsat_C2_L2,regimeC_v0_CLCD+NDVI
afforestation,SAIH_AFF_r01c48,stable_restoration,0.9212,0.02943,,GEDI_rh98_m(pending),0,Landsat_C2_L2,regimeC_v0_CLCD+NDVI
afforestation,SAIH_AFF_r01c49,stable_restoration,1.0174,0.01332,,GEDI_rh98_m(pending),0,Landsat_C2_L2,regimeC_v0_CLCD+NDVI
afforestation,SAIH_AFF_r01c50,stable_restoration,1.019,0.00598,,GEDI_rh98_m(pending),0,Landsat_C2_L2,regimeC_v0_CLCD+NDVI
afforestation,SAIH_AFF_r01c51,stable_restoration,0.9046,0.00526,,GEDI_rh98_m(pending),0,Landsat_C2_L2,regimeC_v0_CLCD+NDVI
afforestation,SAIH_AFF_r01c52,stable_restoration,0.9728,0.00438,,GEDI_rh98_m(pending),0,Landsat_C2_L2,regimeC_v0_CLCD+NDVI
afforestation,SAIH_AFF_r01c53,stable_restoration,0.7777,0.00528,,GEDI_rh98_m(pending),0,Landsat_C2_L2,regimeC_v0_CLCD+NDVI
afforestation,SAIH_AFF_r01c54,stable_restoration,0.7965,0.00959,,GEDI_rh98_m(pending),0,Landsat_C2_L2,regimeC_v0_CLCD+NDVI
afforestation,SAIH_AFF_r01c56,stable_restoration,0.8589,-0.00325,,GEDI_rh98_m(pending),0,Landsat_C2_L2,regimeC_v0_CLCD+NDVI
afforestation,SAIH_AFF_r01c57,early_restoration,0.4406,0.0029,,GEDI_rh98_m(pending),0,Landsat_C2_L2,regimeC_v0_CLCD+NDVI
afforestation,SAIH_AFF_r02c19,early_restoration,0.4012,0.00462,,GEDI_rh98_m(pending),0,Landsat_C2_L2,regimeC_v0_CLCD+NDVI
afforestation,SAIH_AFF_r02c34,degraded,0.2804,0.00604,,GEDI_rh98_m(pending),0,Landsat_C2_L2,regimeC_v0_CLCD+NDVI
afforestation,SAIH_AFF_r02c35,degraded,0.2142,0.00579,,GEDI_rh98_m(pending),0,Landsat_C2_L2,regimeC_v0_CLCD+NDVI
afforestation,SAIH_AFF_r02c36,degraded,0.1945,0.00622,,GEDI_rh98_m(pending),0,Landsat_C2_L2,regimeC_v0_CLCD+NDVI
afforestation,SAIH_AFF_r02c37,degraded,0.305,0.00953,,GEDI_rh98_m(pending),0,Landsat_C2_L2,regimeC_v0_CLCD+NDVI
afforestation,SAIH_AFF_r02c38,stable_restoration,0.6999,0.01281,,GEDI_rh98_m(pending),0,Landsat_C2_L2,regimeC_v0_CLCD+NDVI
afforestation,SAIH_AFF_r02c39,stable_restoration,0.8835,0.00712,,GEDI_rh98_m(pending),0,Landsat_C2_L2,regimeC_v0_CLCD+NDVI
afforestation,SAIH_AFF_r02c40,early_restoration,0.5367,0.0039,,GEDI_rh98_m(pending),0,Landsat_C2_L2,regimeC_v0_CLCD+NDVI
afforestation,SAIH_AFF_r02c41,stable_restoration,0.8366,0.01002,,GEDI_rh98_m(pending),0,Landsat_C2_L2,regimeC_v0_CLCD+NDVI
afforestation,SAIH_AFF_r02c42,stable_restoration,1.0374,0.00784,,GEDI_rh98_m(pending),0,Landsat_C2_L2,regimeC_v0_CLCD+NDVI
afforestation,SAIH_AFF_r02c43,stable_restoration,1.0374,0.0022,,GEDI_rh98_m(pending),0,Landsat_C2_L2,regimeC_v0_CLCD+NDVI
afforestation,SAIH_AFF_r02c44,stable_restoration,1.03,0.0027,,GEDI_rh98_m(pending),0,Landsat_C2_L2,regimeC_v0_CLCD+NDVI
afforestation,SAIH_AFF_r02c45,stable_restoration,1.0369,0.01087,,GEDI_rh98_m(pending),0,Landsat_C2_L2,regimeC_v0_CLCD+NDVI
afforestation,SAIH_AFF_r02c46,stable_restoration,0.7261,0.01905,,GEDI_rh98_m(pending),0,Landsat_C2_L2,regimeC_v0_CLCD+NDVI
afforestation,SAIH_AFF_r02c47,early_restoration,0.412,0.01166,,GEDI_rh98_m(pending),0,Landsat_C2_L2,regimeC_v0_CLCD+NDVI
afforestation,SAIH_AFF_r02c48,stable_restoration,0.9705,0.0039,,GEDI_rh98_m(pending),0,Landsat_C2_L2,regimeC_v0_CLCD+NDVI
afforestation,SAIH_AFF_r02c49,stable_restoration,0.9235,0.00057,,GEDI_rh98_m(pending),0,Landsat_C2_L2,regimeC_v0_CLCD+NDVI
afforestation,SAIH_AFF_r02c50,stable_restoration,0.9157,0.00199,,GEDI_rh98_m(pending),0,Landsat_C2_L2,regimeC_v0_CLCD+NDVI
afforestation,SAIH_AFF_r02c51,stable_restoration,0.979,0.00122,,GEDI_rh98_m(pending),0,Landsat_C2_L2,regimeC_v0_CLCD+NDVI
afforestation,SAIH_AFF_r02c52,stable_restoration,0.7702,0.00806,,GEDI_rh98_m(pending),0,Landsat_C2_L2,regimeC_v0_CLCD+NDVI
afforestation,SAIH_AFF_r02c53,stable_restoration,0.8429,0.02063,,GEDI_rh98_m(pending),0,Landsat_C2_L2,regimeC_v0_CLCD+NDVI
afforestation,SAIH_AFF_r02c54,degraded,0.285,0.00189,,GEDI_rh98_m(pending),0,Landsat_C2_L2,regimeC_v0_CLCD+NDVI
afforestation,SAIH_AFF_r02c55,early_restoration,0.5232,0.00422,,GEDI_rh98_m(pending),0,Landsat_C2_L2,regimeC_v0_CLCD+NDVI
afforestation,SAIH_AFF_r02c56,early_restoration,0.5596,0.00362,,GEDI_rh98_m(pending),0,Landsat_C2_L2,regimeC_v0_CLCD+NDVI
afforestation,SAIH_AFF_r02c57,stable_restoration,0.8463,-0.00447,,GEDI_rh98_m(pending),0,Landsat_C2_L2,regimeC_v0_CLCD+NDVI
afforestation,SAIH_AFF_r02c58,early_restoration,0.5241,-0.00507,,GEDI_rh98_m(pending),0,Landsat_C2_L2,regimeC_v0_CLCD+NDVI
afforestation,SAIH_AFF_r02c63,stable_restoration,0.6626,0.02202,,GEDI_rh98_m(pending),0,Landsat_C2_L2,regimeC_v0_CLCD+NDVI
afforestation,SAIH_AFF_r02c64,degraded,0.2989,0.01499,,GEDI_rh98_m(pending),0,Landsat_C2_L2,regimeC_v0_CLCD+NDVI
afforestation,SAIH_AFF_r03c20,degraded,0.2501,0.00224,,GEDI_rh98_m(pending),0,Landsat_C2_L2,regimeC_v0_CLCD+NDVI
afforestation,SAIH_AFF_r03c35,degraded,0.2636,0.00299,,GEDI_rh98_m(pending),0,Landsat_C2_L2,regimeC_v0_CLCD+NDVI
afforestation,SAIH_AFF_r03c36,degraded,0.2873,0.00787,,GEDI_rh98_m(pending),0,Landsat_C2_L2,regimeC_v0_CLCD+NDVI
afforestation,SAIH_AFF_r03c37,degraded,0.2529,0.00542,,GEDI_rh98_m(pending),0,Landsat_C2_L2,regimeC_v0_CLCD+NDVI
afforestation,SAIH_AFF_r03c38,early_restoration,0.6117,0.01383,,GEDI_rh98_m(pending),0,Landsat_C2_L2,regimeC_v0_CLCD+NDVI
afforestation,SAIH_AFF_r03c39,stable_restoration,0.8263,0.01236,,GEDI_rh98_m(pending),0,Landsat_C2_L2,regimeC_v0_CLCD+NDVI
afforestation,SAIH_AFF_r03c40,stable_restoration,0.9011,0.00764,,GEDI_rh98_m(pending),0,Landsat_C2_L2,regimeC_v0_CLCD+NDVI
afforestation,SAIH_AFF_r03c41,stable_restoration,0.9173,0.00621,,GEDI_rh98_m(pending),0,Landsat_C2_L2,regimeC_v0_CLCD+NDVI
afforestation,SAIH_AFF_r03c42,stable_restoration,1.0345,0.02028,,GEDI_rh98_m(pending),0,Landsat_C2_L2,regimeC_v0_CLCD+NDVI
afforestation,SAIH_AFF_r03c43,stable_restoration,1.0374,0.00226,,GEDI_rh98_m(pending),0,Landsat_C2_L2,regimeC_v0_CLCD+NDVI
afforestation,SAIH_AFF_r03c44,stable_restoration,1.0357,0.01163,,GEDI_rh98_m(pending),0,Landsat_C2_L2,regimeC_v0_CLCD+NDVI
afforestation,SAIH_AFF_r03c45,stable_restoration,0.9269,0.0135,,GEDI_rh98_m(pending),0,Landsat_C2_L2,regimeC_v0_CLCD+NDVI
afforestation,SAIH_AFF_r03c46,early_restoration,0.6255,0.00882,,GEDI_rh98_m(pending),0,Landsat_C2_L2,regimeC_v0_CLCD+NDVI
afforestation,SAIH_AFF_r03c47,early_restoration,0.4629,0.00334,,GEDI_rh98_m(pending),0,Landsat_C2_L2,regimeC_v0_CLCD+NDVI
afforestation,SAIH_AFF_r03c48,degraded,0.2884,0.00392,,GEDI_rh98_m(pending),0,Landsat_C2_L2,regimeC_v0_CLCD+NDVI
afforestation,SAIH_AFF_r03c49,stable_restoration,0.8469,0.00938,,GEDI_rh98_m(pending),0,Landsat_C2_L2,regimeC_v0_CLCD+NDVI
afforestation,SAIH_AFF_r03c50,stable_restoration,0.9248,0.0006,,GEDI_rh98_m(pending),0,Landsat_C2_L2,regimeC_v0_CLCD+NDVI
afforestation,SAIH_AFF_r03c51,stable_restoration,0.9281,0.00565,,GEDI_rh98_m(pending),0,Landsat_C2_L2,regimeC_v0_CLCD+NDVI
afforestation,SAIH_AFF_r03c52,early_restoration,0.5516,0.01475,,GEDI_rh98_m(pending),0,Landsat_C2_L2,regimeC_v0_CLCD+NDVI
afforestation,SAIH_AFF_r03c53,early_restoration,0.5259,0.02652,,GEDI_rh98_m(pending),0,Landsat_C2_L2,regimeC_v0_CLCD+NDVI
afforestation,SAIH_AFF_r03c54,early_restoration,0.3519,0.0029,,GEDI_rh98_m(pending),0,Landsat_C2_L2,regimeC_v0_CLCD+NDVI
afforestation,SAIH_AFF_r03c55,early_restoration,0.5423,0.00348,,GEDI_rh98_m(pending),0,Landsat_C2_L2,regimeC_v0_CLCD+NDVI
afforestation,SAIH_AFF_r03c56,early_restoration,0.5224,0.01224,,GEDI_rh98_m(pending),0,Landsat_C2_L2,regimeC_v0_CLCD+NDVI
afforestation,SAIH_AFF_r03c57,early_restoration,0.5762,0.01129,,GEDI_rh98_m(pending),0,Landsat_C2_L2,regimeC_v0_CLCD+NDVI
afforestation,SAIH_AFF_r03c58,early_restoration,0.4858,0.00844,,GEDI_rh98_m(pending),0,Landsat_C2_L2,regimeC_v0_CLCD+NDVI
afforestation,SAIH_AFF_r03c63,degraded,0.1894,0.0098,,GEDI_rh98_m(pending),0,Landsat_C2_L2,regimeC_v0_CLCD+NDVI
afforestation,SAIH_AFF_r04c20,early_restoration,0.4593,0.00124,,GEDI_rh98_m(pending),0,Landsat_C2_L2,regimeC_v0_CLCD+NDVI
afforestation,SAIH_AFF_r04c21,early_restoration,0.4624,0.00194,,GEDI_rh98_m(pending),0,Landsat_C2_L2,regimeC_v0_CLCD+NDVI
afforestation,SAIH_AFF_r04c32,early_restoration,0.3319,0.00691,,GEDI_rh98_m(pending),0,Landsat_C2_L2,regimeC_v0_CLCD+NDVI
afforestation,SAIH_AFF_r04c35,degraded,0.3269,0.01334,,GEDI_rh98_m(pending),0,Landsat_C2_L2,regimeC_v0_CLCD+NDVI
afforestation,SAIH_AFF_r04c36,early_restoration,0.6529,0.01961,,GEDI_rh98_m(pending),0,Landsat_C2_L2,regimeC_v0_CLCD+NDVI
afforestation,SAIH_AFF_r04c37,early_restoration,0.6546,0.00968,,GEDI_rh98_m(pending),0,Landsat_C2_L2,regimeC_v0_CLCD+NDVI
afforestation,SAIH_AFF_r04c38,early_restoration,0.5425,0.01135,,GEDI_rh98_m(pending),0,Landsat_C2_L2,regimeC_v0_CLCD+NDVI
afforestation,SAIH_AFF_r04c39,stable_restoration,0.824,0.01947,,GEDI_rh98_m(pending),0,Landsat_C2_L2,regimeC_v0_CLCD+NDVI
afforestation,SAIH_AFF_r04c40,stable_restoration,0.7492,0.00953,,GEDI_rh98_m(pending),0,Landsat_C2_L2,regimeC_v0_CLCD+NDVI
afforestation,SAIH_AFF_r04c41,early_restoration,0.5602,0.0097,,GEDI_rh98_m(pending),0,Landsat_C2_L2,regimeC_v0_CLCD+NDVI
afforestation,SAIH_AFF_r04c42,stable_restoration,1.0083,0.00453,,GEDI_rh98_m(pending),0,Landsat_C2_L2,regimeC_v0_CLCD+NDVI
afforestation,SAIH_AFF_r04c43,stable_restoration,1.03,0.01621,,GEDI_rh98_m(pending),0,Landsat_C2_L2,regimeC_v0_CLCD+NDVI
afforestation,SAIH_AFF_r04c44,stable_restoration,0.9516,0.02502,,GEDI_rh98_m(pending),0,Landsat_C2_L2,regimeC_v0_CLCD+NDVI
afforestation,SAIH_AFF_r04c45,stable_restoration,0.7469,0.01295,,GEDI_rh98_m(pending),0,Landsat_C2_L2,regimeC_v0_CLCD+NDVI
afforestation,SAIH_AFF_r04c46,early_restoration,0.5361,0.00724,,GEDI_rh98_m(pending),0,Landsat_C2_L2,regimeC_v0_CLCD+NDVI
afforestation,SAIH_AFF_r04c47,stable_restoration,0.9779,0.00232,,GEDI_rh98_m(pending),0,Landsat_C2_L2,regimeC_v0_CLCD+NDVI
afforestation,SAIH_AFF_r04c48,early_restoration,0.6409,0.00215,,GEDI_rh98_m(pending),0,Landsat_C2_L2,regimeC_v0_CLCD+NDVI
afforestation,SAIH_AFF_r04c49,stable_restoration,0.6953,0.00945,,GEDI_rh98_m(pending),0,Landsat_C2_L2,regimeC_v0_CLCD+NDVI
afforestation,SAIH_AFF_r04c50,stable_restoration,0.8675,0.00465,,GEDI_rh98_m(pending),0,Landsat_C2_L2,regimeC_v0_CLCD+NDVI
afforestation,SAIH_AFF_r04c51,early_restoration,0.6134,0.00587,,GEDI_rh98_m(pending),0,Landsat_C2_L2,regimeC_v0_CLCD+NDVI
afforestation,SAIH_AFF_r04c52,degraded,0.2695,0.00219,,GEDI_rh98_m(pending),0,Landsat_C2_L2,regimeC_v0_CLCD+NDVI
afforestation,SAIH_AFF_r04c53,degraded,0.3032,0.00368,,GEDI_rh98_m(pending),0,Landsat_C2_L2,regimeC_v0_CLCD+NDVI
afforestation,SAIH_AFF_r04c55,early_restoration,0.332,0.0058,,GEDI_rh98_m(pending),0,Landsat_C2_L2,regimeC_v0_CLCD+NDVI
afforestation,SAIH_AFF_r04c56,degraded,0.2289,0.00586,,GEDI_rh98_m(pending),0,Landsat_C2_L2,regimeC_v0_CLCD+NDVI
afforestation,SAIH_AFF_r04c57,early_restoration,0.4618,0.01104,,GEDI_rh98_m(pending),0,Landsat_C2_L2,regimeC_v0_CLCD+NDVI
afforestation,SAIH_AFF_r04c58,early_restoration,0.4172,0.01795,,GEDI_rh98_m(pending),0,Landsat_C2_L2,regimeC_v0_CLCD+NDVI
afforestation,SAIH_AFF_r04c63,degraded,0.1436,0.00658,,GEDI_rh98_m(pending),0,Landsat_C2_L2,regimeC_v0_CLCD+NDVI
afforestation,SAIH_AFF_r04c64,degraded,0.231,0.01169,,GEDI_rh98_m(pending),0,Landsat_C2_L2,regimeC_v0_CLCD+NDVI
afforestation,SAIH_AFF_r05c15,degraded,0.2513,0.00146,,GEDI_rh98_m(pending),0,Landsat_C2_L2,regimeC_v0_CLCD+NDVI
afforestation,SAIH_AFF_r05c19,degraded,0.2861,0.00102,,GEDI_rh98_m(pending),0,Landsat_C2_L2,regimeC_v0_CLCD+NDVI
afforestation,SAIH_AFF_r05c20,early_restoration,0.4497,0.00276,,GEDI_rh98_m(pending),0,Landsat_C2_L2,regimeC_v0_CLCD+NDVI
afforestation,SAIH_AFF_r05c21,early_restoration,0.4378,0.00304,,GEDI_rh98_m(pending),0,Landsat_C2_L2,regimeC_v0_CLCD+NDVI
afforestation,SAIH_AFF_r05c33,stable_restoration,0.6717,0.00813,,GEDI_rh98_m(pending),0,Landsat_C2_L2,regimeC_v0_CLCD+NDVI
afforestation,SAIH_AFF_r05c36,early_restoration,0.3348,0.01096,,GEDI_rh98_m(pending),0,Landsat_C2_L2,regimeC_v0_CLCD+NDVI
afforestation,SAIH_AFF_r05c37,stable_restoration,0.7422,0.01199,,GEDI_rh98_m(pending),0,Landsat_C2_L2,regimeC_v0_CLCD+NDVI
afforestation,SAIH_AFF_r05c38,stable_restoration,0.757,0.01089,,GEDI_rh98_m(pending),0,Landsat_C2_L2,regimeC_v0_CLCD+NDVI
afforestation,SAIH_AFF_r05c39,early_restoration,0.515,0.0164,,GEDI_rh98_m(pending),0,Landsat_C2_L2,regimeC_v0_CLCD+NDVI
afforestation,SAIH_AFF_r05c40,stable_restoration,0.8221,0.01612,,GEDI_rh98_m(pending),0,Landsat_C2_L2,regimeC_v0_CLCD+NDVI
afforestation,SAIH_AFF_r05c41,stable_restoration,0.7668,0.00848,,GEDI_rh98_m(pending),0,Landsat_C2_L2,regimeC_v0_CLCD+NDVI
afforestation,SAIH_AFF_r05c42,stable_restoration,0.8572,0.01746,,GEDI_rh98_m(pending),0,Landsat_C2_L2,regimeC_v0_CLCD+NDVI
afforestation,SAIH_AFF_r05c43,stable_restoration,1.0215,0.0201,,GEDI_rh98_m(pending),0,Landsat_C2_L2,regimeC_v0_CLCD+NDVI
afforestation,SAIH_AFF_r05c44,stable_restoration,0.9293,0.0219,,GEDI_rh98_m(pending),0,Landsat_C2_L2,regimeC_v0_CLCD+NDVI
afforestation,SAIH_AFF_r05c46,early_restoration,0.5871,0.00232,,GEDI_rh98_m(pending),0,Landsat_C2_L2,regimeC_v0_CLCD+NDVI
afforestation,SAIH_AFF_r05c47,stable_restoration,0.9551,0.00017,,GEDI_rh98_m(pending),0,Landsat_C2_L2,regimeC_v0_CLCD+NDVI
afforestation,SAIH_AFF_r05c48,stable_restoration,0.7604,0.00321,,GEDI_rh98_m(pending),0,Landsat_C2_L2,regimeC_v0_CLCD+NDVI
afforestation,SAIH_AFF_r05c49,stable_restoration,0.8709,0.01137,,GEDI_rh98_m(pending),0,Landsat_C2_L2,regimeC_v0_CLCD+NDVI
afforestation,SAIH_AFF_r05c50,stable_restoration,0.7901,0.0039,,GEDI_rh98_m(pending),0,Landsat_C2_L2,regimeC_v0_CLCD+NDVI
afforestation,SAIH_AFF_r05c51,stable_restoration,0.7622,0.00156,,GEDI_rh98_m(pending),0,Landsat_C2_L2,regimeC_v0_CLCD+NDVI
afforestation,SAIH_AFF_r05c52,early_restoration,0.5859,0.00437,,GEDI_rh98_m(pending),0,Landsat_C2_L2,regimeC_v0_CLCD+NDVI
afforestation,SAIH_AFF_r05c53,early_restoration,0.3794,0.00511,,GEDI_rh98_m(pending),0,Landsat_C2_L2,regimeC_v0_CLCD+NDVI
afforestation,SAIH_AFF_r05c55,degraded,0.1683,0.00574,,GEDI_rh98_m(pending),0,Landsat_C2_L2,regimeC_v0_CLCD+NDVI
afforestation,SAIH_AFF_r05c57,early_restoration,0.5493,0.0054,,GEDI_rh98_m(pending),0,Landsat_C2_L2,regimeC_v0_CLCD+NDVI
afforestation,SAIH_AFF_r05c61,degraded,0.3004,0.01222,,GEDI_rh98_m(pending),0,Landsat_C2_L2,regimeC_v0_CLCD+NDVI
afforestation,SAIH_AFF_r05c62,early_restoration,0.3742,0.0177,,GEDI_rh98_m(pending),0,Landsat_C2_L2,regimeC_v0_CLCD+NDVI
afforestation,SAIH_AFF_r05c63,stable_restoration,0.9087,0.04038,,GEDI_rh98_m(pending),0,Landsat_C2_L2,regimeC_v0_CLCD+NDVI
afforestation,SAIH_AFF_r05c64,degraded,0.1996,0.00752,,GEDI_rh98_m(pending),0,Landsat_C2_L2,regimeC_v0_CLCD+NDVI
afforestation,SAIH_AFF_r06c07,degraded,0.2151,0.00172,,GEDI_rh98_m(pending),0,Landsat_C2_L2,regimeC_v0_CLCD+NDVI
afforestation,SAIH_AFF_r06c19,early_restoration,0.4223,0.004,,GEDI_rh98_m(pending),0,Landsat_C2_L2,regimeC_v0_CLCD+NDVI
afforestation,SAIH_AFF_r06c20,early_restoration,0.362,0.00679,,GEDI_rh98_m(pending),0,Landsat_C2_L2,regimeC_v0_CLCD+NDVI
afforestation,SAIH_AFF_r06c21,degraded,0.2886,0.00555,,GEDI_rh98_m(pending),0,Landsat_C2_L2,regimeC_v0_CLCD+NDVI
afforestation,SAIH_AFF_r06c22,early_restoration,0.522,0.00734,,GEDI_rh98_m(pending),0,Landsat_C2_L2,regimeC_v0_CLCD+NDVI
afforestation,SAIH_AFF_r06c33,degraded,0.2078,0.00393,,GEDI_rh98_m(pending),0,Landsat_C2_L2,regimeC_v0_CLCD+NDVI
afforestation,SAIH_AFF_r06c34,early_restoration,0.3984,0.00457,,GEDI_rh98_m(pending),0,Landsat_C2_L2,regimeC_v0_CLCD+NDVI
afforestation,SAIH_AFF_r06c35,degraded,0.3167,0.00938,,GEDI_rh98_m(pending),0,Landsat_C2_L2,regimeC_v0_CLCD+NDVI
afforestation,SAIH_AFF_r06c36,early_restoration,0.6491,0.01375,,GEDI_rh98_m(pending),0,Landsat_C2_L2,regimeC_v0_CLCD+NDVI
afforestation,SAIH_AFF_r06c37,early_restoration,0.4837,0.01086,,GEDI_rh98_m(pending),0,Landsat_C2_L2,regimeC_v0_CLCD+NDVI
afforestation,SAIH_AFF_r06c38,stable_restoration,0.7361,0.00673,,GEDI_rh98_m(pending),0,Landsat_C2_L2,regimeC_v0_CLCD+NDVI
afforestation,SAIH_AFF_r06c39,stable_restoration,0.9131,0.00418,,GEDI_rh98_m(pending),0,Landsat_C2_L2,regimeC_v0_CLCD+NDVI
afforestation,SAIH_AFF_r06c40,stable_restoration,0.8835,0.01242,,GEDI_rh98_m(pending),0,Landsat_C2_L2,regimeC_v0_CLCD+NDVI
afforestation,SAIH_AFF_r06c41,stable_restoration,0.8748,0.01024,,GEDI_rh98_m(pending),0,Landsat_C2_L2,regimeC_v0_CLCD+NDVI
afforestation,SAIH_AFF_r06c42,stable_restoration,0.9115,0.01967,,GEDI_rh98_m(pending),0,Landsat_C2_L2,regimeC_v0_CLCD+NDVI
afforestation,SAIH_AFF_r06c43,stable_restoration,0.8519,0.02478,,GEDI_rh98_m(pending),0,Landsat_C2_L2,regimeC_v0_CLCD+NDVI
afforestation,SAIH_AFF_r06c44,early_restoration,0.6586,0.01479,,GEDI_rh98_m(pending),0,Landsat_C2_L2,regimeC_v0_CLCD+NDVI
afforestation,SAIH_AFF_r06c45,stable_restoration,0.8709,0.00761,,GEDI_rh98_m(pending),0,Landsat_C2_L2,regimeC_v0_CLCD+NDVI
afforestation,SAIH_AFF_r06c46,stable_restoration,0.7945,0.00662,,GEDI_rh98_m(pending),0,Landsat_C2_L2,regimeC_v0_CLCD+NDVI
afforestation,SAIH_AFF_r06c47,stable_restoration,0.9739,-0.00148,,GEDI_rh98_m(pending),0,Landsat_C2_L2,regimeC_v0_CLCD+NDVI
afforestation,SAIH_AFF_r06c48,early_restoration,0.6374,0.00367,,GEDI_rh98_m(pending),0,Landsat_C2_L2,regimeC_v0_CLCD+NDVI
afforestation,SAIH_AFF_r06c49,stable_restoration,0.8814,0.01298,,GEDI_rh98_m(pending),0,Landsat_C2_L2,regimeC_v0_CLCD+NDVI
afforestation,SAIH_AFF_r06c50,stable_restoration,1.0107,0.0019,,GEDI_rh98_m(pending),0,Landsat_C2_L2,regimeC_v0_CLCD+NDVI
afforestation,SAIH_AFF_r06c51,stable_restoration,1.0095,0.00364,,GEDI_rh98_m(pending),0,Landsat_C2_L2,regimeC_v0_CLCD+NDVI
afforestation,SAIH_AFF_r06c52,stable_restoration,0.9087,0.00406,,GEDI_rh98_m(pending),0,Landsat_C2_L2,regimeC_v0_CLCD+NDVI
afforestation,SAIH_AFF_r06c53,stable_restoration,1.0073,0.00235,,GEDI_rh98_m(pending),0,Landsat_C2_L2,regimeC_v0_CLCD+NDVI
afforestation,SAIH_AFF_r06c54,stable_restoration,0.7956,0.00867,,GEDI_rh98_m(pending),0,Landsat_C2_L2,regimeC_v0_CLCD+NDVI
afforestation,SAIH_AFF_r06c57,early_restoration,0.39,0.0018,,GEDI_rh98_m(pending),0,Landsat_C2_L2,regimeC_v0_CLCD+NDVI
afforestation,SAIH_AFF_r06c58,early_restoration,0.3643,7e-05,,GEDI_rh98_m(pending),0,Landsat_C2_L2,regimeC_v0_CLCD+NDVI
afforestation,SAIH_AFF_r06c63,stable_restoration,0.7767,0.04224,,GEDI_rh98_m(pending),0,Landsat_C2_L2,regimeC_v0_CLCD+NDVI
afforestation,SAIH_AFF_r07c08,early_restoration,0.3393,0.00611,,GEDI_rh98_m(pending),0,Landsat_C2_L2,regimeC_v0_CLCD+NDVI
afforestation,SAIH_AFF_r07c18,early_restoration,0.3364,0.00235,,GEDI_rh98_m(pending),0,Landsat_C2_L2,regimeC_v0_CLCD+NDVI
afforestation,SAIH_AFF_r07c19,early_restoration,0.5505,0.00559,,GEDI_rh98_m(pending),0,Landsat_C2_L2,regimeC_v0_CLCD+NDVI
afforestation,SAIH_AFF_r07c20,degraded,0.2372,0.00516,,GEDI_rh98_m(pending),0,Landsat_C2_L2,regimeC_v0_CLCD+NDVI
afforestation,SAIH_AFF_r07c32,degraded,0.2689,0.00288,,GEDI_rh98_m(pending),0,Landsat_C2_L2,regimeC_v0_CLCD+NDVI
afforestation,SAIH_AFF_r07c34,early_restoration,0.4412,0.00536,,GEDI_rh98_m(pending),0,Landsat_C2_L2,regimeC_v0_CLCD+NDVI
afforestation,SAIH_AFF_r07c35,early_restoration,0.4217,0.00746,,GEDI_rh98_m(pending),0,Landsat_C2_L2,regimeC_v0_CLCD+NDVI
afforestation,SAIH_AFF_r07c36,early_restoration,0.5007,0.00753,,GEDI_rh98_m(pending),0,Landsat_C2_L2,regimeC_v0_CLCD+NDVI
afforestation,SAIH_AFF_r07c37,stable_restoration,0.8892,0.00795,,GEDI_rh98_m(pending),0,Landsat_C2_L2,regimeC_v0_CLCD+NDVI
afforestation,SAIH_AFF_r07c38,stable_restoration,0.9424,0.00927,,GEDI_rh98_m(pending),0,Landsat_C2_L2,regimeC_v0_CLCD+NDVI
afforestation,SAIH_AFF_r07c39,early_restoration,0.4681,0.00305,,GEDI_rh98_m(pending),0,Landsat_C2_L2,regimeC_v0_CLCD+NDVI
afforestation,SAIH_AFF_r07c40,early_restoration,0.5849,0.00268,,GEDI_rh98_m(pending),0,Landsat_C2_L2,regimeC_v0_CLCD+NDVI
afforestation,SAIH_AFF_r07c41,stable_restoration,0.7765,0.00616,,GEDI_rh98_m(pending),0,Landsat_C2_L2,regimeC_v0_CLCD+NDVI
afforestation,SAIH_AFF_r07c42,stable_restoration,0.8348,0.02568,,GEDI_rh98_m(pending),0,Landsat_C2_L2,regimeC_v0_CLCD+NDVI
afforestation,SAIH_AFF_r07c43,early_restoration,0.4069,0.00979,,GEDI_rh98_m(pending),0,Landsat_C2_L2,regimeC_v0_CLCD+NDVI
afforestation,SAIH_AFF_r07c44,stable_restoration,0.951,0.01582,,GEDI_rh98_m(pending),0,Landsat_C2_L2,regimeC_v0_CLCD+NDVI
afforestation,SAIH_AFF_r07c45,stable_restoration,1.019,0.0012,,GEDI_rh98_m(pending),0,Landsat_C2_L2,regimeC_v0_CLCD+NDVI
afforestation,SAIH_AFF_r07c46,stable_restoration,0.9933,-9e-05,,GEDI_rh98_m(pending),0,Landsat_C2_L2,regimeC_v0_CLCD+NDVI
afforestation,SAIH_AFF_r07c47,stable_restoration,0.7422,-0.00113,,GEDI_rh98_m(pending),0,Landsat_C2_L2,regimeC_v0_CLCD+NDVI
afforestation,SAIH_AFF_r07c48,early_restoration,0.646,0.00241,,GEDI_rh98_m(pending),0,Landsat_C2_L2,regimeC_v0_CLCD+NDVI
afforestation,SAIH_AFF_r07c49,stable_restoration,0.9854,0.00402,,GEDI_rh98_m(pending),0,Landsat_C2_L2,regimeC_v0_CLCD+NDVI
afforestation,SAIH_AFF_r07c50,stable_restoration,0.8125,0.00598,,GEDI_rh98_m(pending),0,Landsat_C2_L2,regimeC_v0_CLCD+NDVI
afforestation,SAIH_AFF_r07c51,stable_restoration,0.9813,0.00801,,GEDI_rh98_m(pending),0,Landsat_C2_L2,regimeC_v0_CLCD+NDVI
afforestation,SAIH_AFF_r07c52,stable_restoration,0.9219,0.00732,,GEDI_rh98_m(pending),0,Landsat_C2_L2,regimeC_v0_CLCD+NDVI
afforestation,SAIH_AFF_r07c53,early_restoration,0.6455,0.01065,,GEDI_rh98_m(pending),0,Landsat_C2_L2,regimeC_v0_CLCD+NDVI
afforestation,SAIH_AFF_r07c54,early_restoration,0.4035,0.00629,,GEDI_rh98_m(pending),0,Landsat_C2_L2,regimeC_v0_CLCD+NDVI
afforestation,SAIH_AFF_r07c55,degraded,0.2389,0.00809,,GEDI_rh98_m(pending),0,Landsat_C2_L2,regimeC_v0_CLCD+NDVI
afforestation,SAIH_AFF_r07c57,early_restoration,0.4343,0.00208,,GEDI_rh98_m(pending),0,Landsat_C2_L2,regimeC_v0_CLCD+NDVI
afforestation,SAIH_AFF_r07c62,degraded,0.2609,0.00581,,GEDI_rh98_m(pending),0,Landsat_C2_L2,regimeC_v0_CLCD+NDVI
afforestation,SAIH_AFF_r07c63,early_restoration,0.4767,0.01963,,GEDI_rh98_m(pending),0,Landsat_C2_L2,regimeC_v0_CLCD+NDVI
afforestation,SAIH_AFF_r07c64,degraded,0.2501,0.00449,,GEDI_rh98_m(pending),0,Landsat_C2_L2,regimeC_v0_CLCD+NDVI
afforestation,SAIH_AFF_r08c29,degraded,0.1849,0.00346,,GEDI_rh98_m(pending),0,Landsat_C2_L2,regimeC_v0_CLCD+NDVI
afforestation,SAIH_AFF_r08c30,degraded,0.1828,0.00175,,GEDI_rh98_m(pending),0,Landsat_C2_L2,regimeC_v0_CLCD+NDVI
afforestation,SAIH_AFF_r08c32,stable_restoration,0.7072,0.00603,,GEDI_rh98_m(pending),0,Landsat_C2_L2,regimeC_v0_CLCD+NDVI
afforestation,SAIH_AFF_r08c33,stable_restoration,0.8411,0.00588,,GEDI_rh98_m(pending),0,Landsat_C2_L2,regimeC_v0_CLCD+NDVI
afforestation,SAIH_AFF_r08c34,stable_restoration,0.7049,0.00758,,GEDI_rh98_m(pending),0,Landsat_C2_L2,regimeC_v0_CLCD+NDVI
afforestation,SAIH_AFF_r08c35,early_restoration,0.6258,0.01128,,GEDI_rh98_m(pending),0,Landsat_C2_L2,regimeC_v0_CLCD+NDVI
afforestation,SAIH_AFF_r08c36,early_restoration,0.5052,0.00615,,GEDI_rh98_m(pending),0,Landsat_C2_L2,regimeC_v0_CLCD+NDVI
afforestation,SAIH_AFF_r08c37,degraded,0.2987,0.0021,,GEDI_rh98_m(pending),0,Landsat_C2_L2,regimeC_v0_CLCD+NDVI
afforestation,SAIH_AFF_r08c38,early_restoration,0.4526,0.00402,,GEDI_rh98_m(pending),0,Landsat_C2_L2,regimeC_v0_CLCD+NDVI
afforestation,SAIH_AFF_r08c39,early_restoration,0.6455,0.00519,,GEDI_rh98_m(pending),0,Landsat_C2_L2,regimeC_v0_CLCD+NDVI
afforestation,SAIH_AFF_r08c41,stable_restoration,0.6678,0.00486,,GEDI_rh98_m(pending),0,Landsat_C2_L2,regimeC_v0_CLCD+NDVI
afforestation,SAIH_AFF_r08c42,stable_restoration,0.8143,0.02184,,GEDI_rh98_m(pending),0,Landsat_C2_L2,regimeC_v0_CLCD+NDVI
afforestation,SAIH_AFF_r08c43,stable_restoration,0.8572,0.02737,,GEDI_rh98_m(pending),0,Landsat_C2_L2,regimeC_v0_CLCD+NDVI
afforestation,SAIH_AFF_r08c44,stable_restoration,1.006,0.00758,,GEDI_rh98_m(pending),0,Landsat_C2_L2,regimeC_v0_CLCD+NDVI
afforestation,SAIH_AFF_r08c45,stable_restoration,0.9684,0.00018,,GEDI_rh98_m(pending),0,Landsat_C2_L2,regimeC_v0_CLCD+NDVI
afforestation,SAIH_AFF_r08c46,stable_restoration,1.006,-1e-05,,GEDI_rh98_m(pending),0,Landsat_C2_L2,regimeC_v0_CLCD+NDVI
afforestation,SAIH_AFF_r08c47,stable_restoration,0.7856,0.00412,,GEDI_rh98_m(pending),0,Landsat_C2_L2,regimeC_v0_CLCD+NDVI
afforestation,SAIH_AFF_r08c48,stable_restoration,0.792,0.00517,,GEDI_rh98_m(pending),0,Landsat_C2_L2,regimeC_v0_CLCD+NDVI
afforestation,SAIH_AFF_r08c49,stable_restoration,0.8532,0.01675,,GEDI_rh98_m(pending),0,Landsat_C2_L2,regimeC_v0_CLCD+NDVI
afforestation,SAIH_AFF_r08c50,stable_restoration,0.9085,0.00707,,GEDI_rh98_m(pending),0,Landsat_C2_L2,regimeC_v0_CLCD+NDVI
afforestation,SAIH_AFF_r08c51,stable_restoration,0.7467,0.00516,,GEDI_rh98_m(pending),0,Landsat_C2_L2,regimeC_v0_CLCD+NDVI
afforestation,SAIH_AFF_r08c52,early_restoration,0.5648,0.00416,,GEDI_rh98_m(pending),0,Landsat_C2_L2,regimeC_v0_CLCD+NDVI
afforestation,SAIH_AFF_r08c53,early_restoration,0.5465,0.00406,,GEDI_rh98_m(pending),0,Landsat_C2_L2,regimeC_v0_CLCD+NDVI
afforestation,SAIH_AFF_r08c54,early_restoration,0.4383,0.00737,,GEDI_rh98_m(pending),0,Landsat_C2_L2,regimeC_v0_CLCD+NDVI
afforestation,SAIH_AFF_r08c55,stable_restoration,0.7127,0.00511,,GEDI_rh98_m(pending),0,Landsat_C2_L2,regimeC_v0_CLCD+NDVI
afforestation,SAIH_AFF_r08c56,degraded,0.2975,0.00311,,GEDI_rh98_m(pending),0,Landsat_C2_L2,regimeC_v0_CLCD+NDVI
afforestation,SAIH_AFF_r08c59,degraded,0.0744,0.00341,,GEDI_rh98_m(pending),0,Landsat_C2_L2,regimeC_v0_CLCD+NDVI
afforestation,SAIH_AFF_r08c60,degraded,0.1156,0.00439,,GEDI_rh98_m(pending),0,Landsat_C2_L2,regimeC_v0_CLCD+NDVI
afforestation,SAIH_AFF_r08c61,degraded,0.103,0.00456,,GEDI_rh98_m(pending),0,Landsat_C2_L2,regimeC_v0_CLCD+NDVI
afforestation,SAIH_AFF_r09c18,early_restoration,0.348,0.0047,,GEDI_rh98_m(pending),0,Landsat_C2_L2,regimeC_v0_CLCD+NDVI
afforestation,SAIH_AFF_r09c19,early_restoration,0.3542,0.0049,,GEDI_rh98_m(pending),0,Landsat_C2_L2,regimeC_v0_CLCD+NDVI
afforestation,SAIH_AFF_r09c26,degraded,0.2804,0.00674,,GEDI_rh98_m(pending),0,Landsat_C2_L2,regimeC_v0_CLCD+NDVI
afforestation,SAIH_AFF_r09c32,early_restoration,0.4635,0.00337,,GEDI_rh98_m(pending),0,Landsat_C2_L2,regimeC_v0_CLCD+NDVI
afforestation,SAIH_AFF_r09c33,stable_restoration,0.7393,0.00478,,GEDI_rh98_m(pending),0,Landsat_C2_L2,regimeC_v0_CLCD+NDVI
afforestation,SAIH_AFF_r09c34,stable_restoration,0.721,0.01137,,GEDI_rh98_m(pending),0,Landsat_C2_L2,regimeC_v0_CLCD+NDVI
afforestation,SAIH_AFF_r09c35,early_restoration,0.4464,0.01029,,GEDI_rh98_m(pending),0,Landsat_C2_L2,regimeC_v0_CLCD+NDVI
afforestation,SAIH_AFF_r09c39,early_restoration,0.6112,0.00515,,GEDI_rh98_m(pending),0,Landsat_C2_L2,regimeC_v0_CLCD+NDVI
afforestation,SAIH_AFF_r09c40,stable_restoration,0.7621,0.00363,,GEDI_rh98_m(pending),0,Landsat_C2_L2,regimeC_v0_CLCD+NDVI
afforestation,SAIH_AFF_r09c41,early_restoration,0.5099,0.00334,,GEDI_rh98_m(pending),0,Landsat_C2_L2,regimeC_v0_CLCD+NDVI
afforestation,SAIH_AFF_r09c42,early_restoration,0.6403,0.00852,,GEDI_rh98_m(pending),0,Landsat_C2_L2,regimeC_v0_CLCD+NDVI
afforestation,SAIH_AFF_r09c43,stable_restoration,0.9424,0.00622,,GEDI_rh98_m(pending),0,Landsat_C2_L2,regimeC_v0_CLCD+NDVI
afforestation,SAIH_AFF_r09c44,stable_restoration,0.9728,0.00954,,GEDI_rh98_m(pending),0,Landsat_C2_L2,regimeC_v0_CLCD+NDVI
afforestation,SAIH_AFF_r09c45,stable_restoration,0.9864,0.00217,,GEDI_rh98_m(pending),0,Landsat_C2_L2,regimeC_v0_CLCD+NDVI
afforestation,SAIH_AFF_r09c46,stable_restoration,0.9533,0.00173,,GEDI_rh98_m(pending),0,Landsat_C2_L2,regimeC_v0_CLCD+NDVI
afforestation,SAIH_AFF_r09c47,stable_restoration,0.9328,0.00153,,GEDI_rh98_m(pending),0,Landsat_C2_L2,regimeC_v0_CLCD+NDVI
afforestation,SAIH_AFF_r09c48,stable_restoration,0.8332,0.00992,,GEDI_rh98_m(pending),0,Landsat_C2_L2,regimeC_v0_CLCD+NDVI
afforestation,SAIH_AFF_r09c49,stable_restoration,0.8252,0.0123,,GEDI_rh98_m(pending),0,Landsat_C2_L2,regimeC_v0_CLCD+NDVI
afforestation,SAIH_AFF_r09c50,stable_restoration,0.9264,0.00343,,GEDI_rh98_m(pending),0,Landsat_C2_L2,regimeC_v0_CLCD+NDVI
afforestation,SAIH_AFF_r09c51,stable_restoration,0.7685,0.00227,,GEDI_rh98_m(pending),0,Landsat_C2_L2,regimeC_v0_CLCD+NDVI
afforestation,SAIH_AFF_r09c52,early_restoration,0.5619,0.00256,,GEDI_rh98_m(pending),0,Landsat_C2_L2,regimeC_v0_CLCD+NDVI
afforestation,SAIH_AFF_r09c53,early_restoration,0.4704,0.00685,,GEDI_rh98_m(pending),0,Landsat_C2_L2,regimeC_v0_CLCD+NDVI
afforestation,SAIH_AFF_r09c54,stable_restoration,0.9551,0.0027,,GEDI_rh98_m(pending),0,Landsat_C2_L2,regimeC_v0_CLCD+NDVI
afforestation,SAIH_AFF_r09c55,early_restoration,0.5916,0.00607,,GEDI_rh98_m(pending),0,Landsat_C2_L2,regimeC_v0_CLCD+NDVI
afforestation,SAIH_AFF_r09c56,early_restoration,0.5299,0.00495,,GEDI_rh98_m(pending),0,Landsat_C2_L2,regimeC_v0_CLCD+NDVI
afforestation,SAIH_AFF_r09c57,degraded,0.2593,0.00761,,GEDI_rh98_m(pending),0,Landsat_C2_L2,regimeC_v0_CLCD+NDVI
afforestation,SAIH_AFF_r09c59,degraded,0.1144,0.00452,,GEDI_rh98_m(pending),0,Landsat_C2_L2,regimeC_v0_CLCD+NDVI
afforestation,SAIH_AFF_r09c60,degraded,0.1604,0.00745,,GEDI_rh98_m(pending),0,Landsat_C2_L2,regimeC_v0_CLCD+NDVI
afforestation,SAIH_AFF_r09c61,degraded,0.1688,0.00358,,GEDI_rh98_m(pending),0,Landsat_C2_L2,regimeC_v0_CLCD+NDVI
afforestation,SAIH_AFF_r09c63,degraded,0.1379,0.00438,,GEDI_rh98_m(pending),0,Landsat_C2_L2,regimeC_v0_CLCD+NDVI
afforestation,SAIH_AFF_r09c64,degraded,0.217,0.00144,,GEDI_rh98_m(pending),0,Landsat_C2_L2,regimeC_v0_CLCD+NDVI
afforestation,SAIH_AFF_r10c18,early_restoration,0.3364,0.00506,,GEDI_rh98_m(pending),0,Landsat_C2_L2,regimeC_v0_CLCD+NDVI
afforestation,SAIH_AFF_r10c25,degraded,0.2804,0.00688,,GEDI_rh98_m(pending),0,Landsat_C2_L2,regimeC_v0_CLCD+NDVI
afforestation,SAIH_AFF_r10c33,early_restoration,0.5579,0.00655,,GEDI_rh98_m(pending),0,Landsat_C2_L2,regimeC_v0_CLCD+NDVI
afforestation,SAIH_AFF_r10c34,early_restoration,0.3371,0.00739,,GEDI_rh98_m(pending),0,Landsat_C2_L2,regimeC_v0_CLCD+NDVI
afforestation,SAIH_AFF_r10c35,degraded,0.2618,0.00361,,GEDI_rh98_m(pending),0,Landsat_C2_L2,regimeC_v0_CLCD+NDVI
afforestation,SAIH_AFF_r10c37,early_restoration,0.345,0.00353,,GEDI_rh98_m(pending),0,Landsat_C2_L2,regimeC_v0_CLCD+NDVI
afforestation,SAIH_AFF_r10c38,early_restoration,0.6317,0.00279,,GEDI_rh98_m(pending),0,Landsat_C2_L2,regimeC_v0_CLCD+NDVI
afforestation,SAIH_AFF_r10c39,early_restoration,0.4092,0.00179,,GEDI_rh98_m(pending),0,Landsat_C2_L2,regimeC_v0_CLCD+NDVI
afforestation,SAIH_AFF_r10c41,early_restoration,0.4938,0.00622,,GEDI_rh98_m(pending),0,Landsat_C2_L2,regimeC_v0_CLCD+NDVI
afforestation,SAIH_AFF_r10c42,stable_restoration,0.8263,0.00998,,GEDI_rh98_m(pending),0,Landsat_C2_L2,regimeC_v0_CLCD+NDVI
afforestation,SAIH_AFF_r10c43,stable_restoration,0.713,0.00921,,GEDI_rh98_m(pending),0,Landsat_C2_L2,regimeC_v0_CLCD+NDVI
afforestation,SAIH_AFF_r10c44,stable_restoration,0.9567,0.0049,,GEDI_rh98_m(pending),0,Landsat_C2_L2,regimeC_v0_CLCD+NDVI
afforestation,SAIH_AFF_r10c45,stable_restoration,0.9859,0.00496,,GEDI_rh98_m(pending),0,Landsat_C2_L2,regimeC_v0_CLCD+NDVI
afforestation,SAIH_AFF_r10c46,stable_restoration,0.971,0.00374,,GEDI_rh98_m(pending),0,Landsat_C2_L2,regimeC_v0_CLCD+NDVI
afforestation,SAIH_AFF_r10c47,stable_restoration,0.9241,0.01652,,GEDI_rh98_m(pending),0,Landsat_C2_L2,regimeC_v0_CLCD+NDVI
afforestation,SAIH_AFF_r10c48,stable_restoration,0.939,0.0181,,GEDI_rh98_m(pending),0,Landsat_C2_L2,regimeC_v0_CLCD+NDVI
afforestation,SAIH_AFF_r10c49,stable_restoration,0.9024,0.00268,,GEDI_rh98_m(pending),0,Landsat_C2_L2,regimeC_v0_CLCD+NDVI
afforestation,SAIH_AFF_r10c50,stable_restoration,1.0094,0.0007,,GEDI_rh98_m(pending),0,Landsat_C2_L2,regimeC_v0_CLCD+NDVI
afforestation,SAIH_AFF_r10c51,stable_restoration,0.7604,0.00277,,GEDI_rh98_m(pending),0,Landsat_C2_L2,regimeC_v0_CLCD+NDVI
afforestation,SAIH_AFF_r10c52,early_restoration,0.6134,0.00421,,GEDI_rh98_m(pending),0,Landsat_C2_L2,regimeC_v0_CLCD+NDVI
afforestation,SAIH_AFF_r10c53,stable_restoration,0.9127,0.00474,,GEDI_rh98_m(pending),0,Landsat_C2_L2,regimeC_v0_CLCD+NDVI
afforestation,SAIH_AFF_r10c54,stable_restoration,0.7954,0.00429,,GEDI_rh98_m(pending),0,Landsat_C2_L2,regimeC_v0_CLCD+NDVI
afforestation,SAIH_AFF_r10c55,early_restoration,0.3639,0.01181,,GEDI_rh98_m(pending),0,Landsat_C2_L2,regimeC_v0_CLCD+NDVI
afforestation,SAIH_AFF_r10c56,early_restoration,0.5488,0.00448,,GEDI_rh98_m(pending),0,Landsat_C2_L2,regimeC_v0_CLCD+NDVI
afforestation,SAIH_AFF_r10c57,early_restoration,0.6335,0.00556,,GEDI_rh98_m(pending),0,Landsat_C2_L2,regimeC_v0_CLCD+NDVI
afforestation,SAIH_AFF_r10c58,stable_restoration,0.7038,0.00288,,GEDI_rh98_m(pending),0,Landsat_C2_L2,regimeC_v0_CLCD+NDVI
afforestation,SAIH_AFF_r10c59,early_restoration,0.424,0.00278,,GEDI_rh98_m(pending),0,Landsat_C2_L2,regimeC_v0_CLCD+NDVI
afforestation,SAIH_AFF_r10c60,degraded,0.0331,0.00153,,GEDI_rh98_m(pending),0,Landsat_C2_L2,regimeC_v0_CLCD+NDVI
afforestation,SAIH_AFF_r10c61,degraded,0.2129,0.00852,,GEDI_rh98_m(pending),0,Landsat_C2_L2,regimeC_v0_CLCD+NDVI
afforestation,SAIH_AFF_r10c62,degraded,0.2695,0.00155,,GEDI_rh98_m(pending),0,Landsat_C2_L2,regimeC_v0_CLCD+NDVI
afforestation,SAIH_AFF_r10c63,early_restoration,0.6169,0.00791,,GEDI_rh98_m(pending),0,Landsat_C2_L2,regimeC_v0_CLCD+NDVI
afforestation,SAIH_AFF_r10c64,early_restoration,0.3975,0.0044,,GEDI_rh98_m(pending),0,Landsat_C2_L2,regimeC_v0_CLCD+NDVI
afforestation,SAIH_AFF_r11c15,degraded,0.2994,0.00135,,GEDI_rh98_m(pending),0,Landsat_C2_L2,regimeC_v0_CLCD+NDVI
afforestation,SAIH_AFF_r11c16,early_restoration,0.4972,0.00263,,GEDI_rh98_m(pending),0,Landsat_C2_L2,regimeC_v0_CLCD+NDVI
afforestation,SAIH_AFF_r11c19,degraded,0.2461,0.01121,,GEDI_rh98_m(pending),0,Landsat_C2_L2,regimeC_v0_CLCD+NDVI
afforestation,SAIH_AFF_r11c37,early_restoration,0.3753,0.00683,,GEDI_rh98_m(pending),0,Landsat_C2_L2,regimeC_v0_CLCD+NDVI
afforestation,SAIH_AFF_r11c40,early_restoration,0.4711,0.00256,,GEDI_rh98_m(pending),0,Landsat_C2_L2,regimeC_v0_CLCD+NDVI
afforestation,SAIH_AFF_r11c41,stable_restoration,0.7536,0.00568,,GEDI_rh98_m(pending),0,Landsat_C2_L2,regimeC_v0_CLCD+NDVI
afforestation,SAIH_AFF_r11c42,stable_restoration,0.7868,0.00934,,GEDI_rh98_m(pending),0,Landsat_C2_L2,regimeC_v0_CLCD+NDVI
afforestation,SAIH_AFF_r11c43,early_restoration,0.4886,0.01041,,GEDI_rh98_m(pending),0,Landsat_C2_L2,regimeC_v0_CLCD+NDVI
afforestation,SAIH_AFF_r11c44,stable_restoration,0.7164,0.00301,,GEDI_rh98_m(pending),0,Landsat_C2_L2,regimeC_v0_CLCD+NDVI
afforestation,SAIH_AFF_r11c45,stable_restoration,0.7481,0.00293,,GEDI_rh98_m(pending),0,Landsat_C2_L2,regimeC_v0_CLCD+NDVI
afforestation,SAIH_AFF_r11c46,stable_restoration,0.959,0.00289,,GEDI_rh98_m(pending),0,Landsat_C2_L2,regimeC_v0_CLCD+NDVI
afforestation,SAIH_AFF_r11c47,stable_restoration,0.9247,0.0026,,GEDI_rh98_m(pending),0,Landsat_C2_L2,regimeC_v0_CLCD+NDVI
afforestation,SAIH_AFF_r11c48,stable_restoration,0.9917,0.00101,,GEDI_rh98_m(pending),0,Landsat_C2_L2,regimeC_v0_CLCD+NDVI
afforestation,SAIH_AFF_r11c49,stable_restoration,0.935,0.00198,,GEDI_rh98_m(pending),0,Landsat_C2_L2,regimeC_v0_CLCD+NDVI
afforestation,SAIH_AFF_r11c50,stable_restoration,0.8176,0.00432,,GEDI_rh98_m(pending),0,Landsat_C2_L2,regimeC_v0_CLCD+NDVI
afforestation,SAIH_AFF_r11c51,early_restoration,0.6575,0.01366,,GEDI_rh98_m(pending),0,Landsat_C2_L2,regimeC_v0_CLCD+NDVI
afforestation,SAIH_AFF_r11c52,stable_restoration,0.9316,0.00207,,GEDI_rh98_m(pending),0,Landsat_C2_L2,regimeC_v0_CLCD+NDVI
afforestation,SAIH_AFF_r11c53,stable_restoration,0.994,0.00161,,GEDI_rh98_m(pending),0,Landsat_C2_L2,regimeC_v0_CLCD+NDVI
afforestation,SAIH_AFF_r11c54,early_restoration,0.5384,0.00276,,GEDI_rh98_m(pending),0,Landsat_C2_L2,regimeC_v0_CLCD+NDVI
afforestation,SAIH_AFF_r11c55,early_restoration,0.5507,0.00572,,GEDI_rh98_m(pending),0,Landsat_C2_L2,regimeC_v0_CLCD+NDVI
afforestation,SAIH_AFF_r11c56,early_restoration,0.4492,0.01142,,GEDI_rh98_m(pending),0,Landsat_C2_L2,regimeC_v0_CLCD+NDVI
afforestation,SAIH_AFF_r11c60,degraded,0.2602,0.00544,,GEDI_rh98_m(pending),0,Landsat_C2_L2,regimeC_v0_CLCD+NDVI
afforestation,SAIH_AFF_r11c64,degraded,0.2737,0.00856,,GEDI_rh98_m(pending),0,Landsat_C2_L2,regimeC_v0_CLCD+NDVI
afforestation,SAIH_AFF_r12c16,early_restoration,0.4758,0.00399,,GEDI_rh98_m(pending),0,Landsat_C2_L2,regimeC_v0_CLCD+NDVI
afforestation,SAIH_AFF_r12c33,early_restoration,0.3755,0.00246,,GEDI_rh98_m(pending),0,Landsat_C2_L2,regimeC_v0_CLCD+NDVI
afforestation,SAIH_AFF_r12c39,early_restoration,0.5449,0.00256,,GEDI_rh98_m(pending),0,Landsat_C2_L2,regimeC_v0_CLCD+NDVI
afforestation,SAIH_AFF_r12c40,stable_restoration,0.6695,0.00183,,GEDI_rh98_m(pending),0,Landsat_C2_L2,regimeC_v0_CLCD+NDVI
afforestation,SAIH_AFF_r12c41,early_restoration,0.5939,0.00914,,GEDI_rh98_m(pending),0,Landsat_C2_L2,regimeC_v0_CLCD+NDVI
afforestation,SAIH_AFF_r12c42,stable_restoration,0.8157,0.01172,,GEDI_rh98_m(pending),0,Landsat_C2_L2,regimeC_v0_CLCD+NDVI
afforestation,SAIH_AFF_r12c43,early_restoration,0.4034,0.00594,,GEDI_rh98_m(pending),0,Landsat_C2_L2,regimeC_v0_CLCD+NDVI
afforestation,SAIH_AFF_r12c45,stable_restoration,1.0167,0.00293,,GEDI_rh98_m(pending),0,Landsat_C2_L2,regimeC_v0_CLCD+NDVI
afforestation,SAIH_AFF_r12c46,stable_restoration,1.0274,0.00372,,GEDI_rh98_m(pending),0,Landsat_C2_L2,regimeC_v0_CLCD+NDVI
afforestation,SAIH_AFF_r12c47,stable_restoration,0.9533,0.0076,,GEDI_rh98_m(pending),0,Landsat_C2_L2,regimeC_v0_CLCD+NDVI
afforestation,SAIH_AFF_r12c48,stable_restoration,0.9589,0.00232,,GEDI_rh98_m(pending),0,Landsat_C2_L2,regimeC_v0_CLCD+NDVI
afforestation,SAIH_AFF_r12c49,stable_restoration,1.0001,0.00191,,GEDI_rh98_m(pending),0,Landsat_C2_L2,regimeC_v0_CLCD+NDVI
afforestation,SAIH_AFF_r12c50,stable_restoration,0.9074,0.003,,GEDI_rh98_m(pending),0,Landsat_C2_L2,regimeC_v0_CLCD+NDVI
afforestation,SAIH_AFF_r12c51,stable_restoration,0.989,0.0037,,GEDI_rh98_m(pending),0,Landsat_C2_L2,regimeC_v0_CLCD+NDVI
afforestation,SAIH_AFF_r12c52,stable_restoration,1.0363,0.00012,,GEDI_rh98_m(pending),0,Landsat_C2_L2,regimeC_v0_CLCD+NDVI
afforestation,SAIH_AFF_r12c53,stable_restoration,1.0191,0.00157,,GEDI_rh98_m(pending),0,Landsat_C2_L2,regimeC_v0_CLCD+NDVI
afforestation,SAIH_AFF_r12c54,stable_restoration,0.9544,0.00871,,GEDI_rh98_m(pending),0,Landsat_C2_L2,regimeC_v0_CLCD+NDVI
afforestation,SAIH_AFF_r12c55,stable_restoration,0.6836,0.01424,,GEDI_rh98_m(pending),0,Landsat_C2_L2,regimeC_v0_CLCD+NDVI
afforestation,SAIH_AFF_r12c56,early_restoration,0.6452,0.00285,,GEDI_rh98_m(pending),0,Landsat_C2_L2,regimeC_v0_CLCD+NDVI
afforestation,SAIH_AFF_r12c57,stable_restoration,0.6691,0.02033,,GEDI_rh98_m(pending),0,Landsat_C2_L2,regimeC_v0_CLCD+NDVI
afforestation,SAIH_AFF_r12c58,early_restoration,0.6073,0.01977,,GEDI_rh98_m(pending),0,Landsat_C2_L2,regimeC_v0_CLCD+NDVI
afforestation,SAIH_AFF_r12c59,stable_restoration,0.7131,0.01583,,GEDI_rh98_m(pending),0,Landsat_C2_L2,regimeC_v0_CLCD+NDVI
afforestation,SAIH_AFF_r12c60,stable_restoration,0.6973,0.00677,,GEDI_rh98_m(pending),0,Landsat_C2_L2,regimeC_v0_CLCD+NDVI
afforestation,SAIH_AFF_r12c64,stable_restoration,0.7421,0.02131,,GEDI_rh98_m(pending),0,Landsat_C2_L2,regimeC_v0_CLCD+NDVI
afforestation,SAIH_AFF_r13c18,early_restoration,0.3782,0.0093,,GEDI_rh98_m(pending),0,Landsat_C2_L2,regimeC_v0_CLCD+NDVI
afforestation,SAIH_AFF_r13c21,degraded,0.2632,0.00803,,GEDI_rh98_m(pending),0,Landsat_C2_L2,regimeC_v0_CLCD+NDVI
afforestation,SAIH_AFF_r13c30,degraded,0.235,0.0099,,GEDI_rh98_m(pending),0,Landsat_C2_L2,regimeC_v0_CLCD+NDVI
afforestation,SAIH_AFF_r13c31,early_restoration,0.424,0.01862,,GEDI_rh98_m(pending),0,Landsat_C2_L2,regimeC_v0_CLCD+NDVI
afforestation,SAIH_AFF_r13c32,degraded,0.2409,0.00985,,GEDI_rh98_m(pending),0,Landsat_C2_L2,regimeC_v0_CLCD+NDVI
afforestation,SAIH_AFF_r13c33,early_restoration,0.4189,0.01557,,GEDI_rh98_m(pending),0,Landsat_C2_L2,regimeC_v0_CLCD+NDVI
afforestation,SAIH_AFF_r13c39,early_restoration,0.4401,0.00309,,GEDI_rh98_m(pending),0,Landsat_C2_L2,regimeC_v0_CLCD+NDVI
afforestation,SAIH_AFF_r13c40,early_restoration,0.5108,0.00615,,GEDI_rh98_m(pending),0,Landsat_C2_L2,regimeC_v0_CLCD+NDVI
afforestation,SAIH_AFF_r13c41,early_restoration,0.4961,0.01348,,GEDI_rh98_m(pending),0,Landsat_C2_L2,regimeC_v0_CLCD+NDVI
afforestation,SAIH_AFF_r13c42,stable_restoration,0.6919,0.01126,,GEDI_rh98_m(pending),0,Landsat_C2_L2,regimeC_v0_CLCD+NDVI
afforestation,SAIH_AFF_r13c43,early_restoration,0.4035,0.00907,,GEDI_rh98_m(pending),0,Landsat_C2_L2,regimeC_v0_CLCD+NDVI
afforestation,SAIH_AFF_r13c44,early_restoration,0.4933,0.00682,,GEDI_rh98_m(pending),0,Landsat_C2_L2,regimeC_v0_CLCD+NDVI
afforestation,SAIH_AFF_r13c45,stable_restoration,0.863,0.00728,,GEDI_rh98_m(pending),0,Landsat_C2_L2,regimeC_v0_CLCD+NDVI
afforestation,SAIH_AFF_r13c46,stable_restoration,0.9024,0.00523,,GEDI_rh98_m(pending),0,Landsat_C2_L2,regimeC_v0_CLCD+NDVI
afforestation,SAIH_AFF_r13c47,stable_restoration,0.9883,0.00669,,GEDI_rh98_m(pending),0,Landsat_C2_L2,regimeC_v0_CLCD+NDVI
afforestation,SAIH_AFF_r13c48,stable_restoration,0.935,0.00369,,GEDI_rh98_m(pending),0,Landsat_C2_L2,regimeC_v0_CLCD+NDVI
afforestation,SAIH_AFF_r13c49,stable_restoration,1.0345,0.0001,,GEDI_rh98_m(pending),0,Landsat_C2_L2,regimeC_v0_CLCD+NDVI
afforestation,SAIH_AFF_r13c50,stable_restoration,1.0106,0.00163,,GEDI_rh98_m(pending),0,Landsat_C2_L2,regimeC_v0_CLCD+NDVI
afforestation,SAIH_AFF_r13c51,stable_restoration,1.0094,0.00095,,GEDI_rh98_m(pending),0,Landsat_C2_L2,regimeC_v0_CLCD+NDVI
afforestation,SAIH_AFF_r13c52,stable_restoration,1.0134,0.00049,,GEDI_rh98_m(pending),0,Landsat_C2_L2,regimeC_v0_CLCD+NDVI
afforestation,SAIH_AFF_r13c53,stable_restoration,0.9928,0.00286,,GEDI_rh98_m(pending),0,Landsat_C2_L2,regimeC_v0_CLCD+NDVI
afforestation,SAIH_AFF_r13c54,stable_restoration,0.7863,0.00311,,GEDI_rh98_m(pending),0,Landsat_C2_L2,regimeC_v0_CLCD+NDVI
afforestation,SAIH_AFF_r13c55,early_restoration,0.609,0.00781,,GEDI_rh98_m(pending),0,Landsat_C2_L2,regimeC_v0_CLCD+NDVI
afforestation,SAIH_AFF_r13c56,stable_restoration,0.8732,0.00902,,GEDI_rh98_m(pending),0,Landsat_C2_L2,regimeC_v0_CLCD+NDVI
afforestation,SAIH_AFF_r13c57,stable_restoration,0.7038,0.01084,,GEDI_rh98_m(pending),0,Landsat_C2_L2,regimeC_v0_CLCD+NDVI
afforestation,SAIH_AFF_r13c58,stable_restoration,0.8257,0.01734,,GEDI_rh98_m(pending),0,Landsat_C2_L2,regimeC_v0_CLCD+NDVI
afforestation,SAIH_AFF_r13c59,stable_restoration,0.7342,0.01778,,GEDI_rh98_m(pending),0,Landsat_C2_L2,regimeC_v0_CLCD+NDVI
afforestation,SAIH_AFF_r13c60,early_restoration,0.4525,0.00799,,GEDI_rh98_m(pending),0,Landsat_C2_L2,regimeC_v0_CLCD+NDVI
afforestation,SAIH_AFF_r13c61,degraded,0.2809,0.00532,,GEDI_rh98_m(pending),0,Landsat_C2_L2,regimeC_v0_CLCD+NDVI
afforestation,SAIH_AFF_r14c18,early_restoration,0.5591,0.01195,,GEDI_rh98_m(pending),0,Landsat_C2_L2,regimeC_v0_CLCD+NDVI
afforestation,SAIH_AFF_r14c19,early_restoration,0.4933,0.0119,,GEDI_rh98_m(pending),0,Landsat_C2_L2,regimeC_v0_CLCD+NDVI
afforestation,SAIH_AFF_r14c20,early_restoration,0.5591,0.01157,,GEDI_rh98_m(pending),0,Landsat_C2_L2,regimeC_v0_CLCD+NDVI
afforestation,SAIH_AFF_r14c21,early_restoration,0.5179,0.01183,,GEDI_rh98_m(pending),0,Landsat_C2_L2,regimeC_v0_CLCD+NDVI
afforestation,SAIH_AFF_r14c22,early_restoration,0.4692,0.0116,,GEDI_rh98_m(pending),0,Landsat_C2_L2,regimeC_v0_CLCD+NDVI
afforestation,SAIH_AFF_r14c29,early_restoration,0.4606,0.02069,,GEDI_rh98_m(pending),0,Landsat_C2_L2,regimeC_v0_CLCD+NDVI
afforestation,SAIH_AFF_r14c30,stable_restoration,0.6712,0.02925,,GEDI_rh98_m(pending),0,Landsat_C2_L2,regimeC_v0_CLCD+NDVI
afforestation,SAIH_AFF_r14c31,early_restoration,0.5837,0.02383,,GEDI_rh98_m(pending),0,Landsat_C2_L2,regimeC_v0_CLCD+NDVI
afforestation,SAIH_AFF_r14c32,stable_restoration,0.7474,0.02708,,GEDI_rh98_m(pending),0,Landsat_C2_L2,regimeC_v0_CLCD+NDVI
afforestation,SAIH_AFF_r14c33,stable_restoration,0.9487,0.01293,,GEDI_rh98_m(pending),0,Landsat_C2_L2,regimeC_v0_CLCD+NDVI
afforestation,SAIH_AFF_r14c34,stable_restoration,0.9911,0.00965,,GEDI_rh98_m(pending),0,Landsat_C2_L2,regimeC_v0_CLCD+NDVI
afforestation,SAIH_AFF_r14c35,stable_restoration,0.6668,0.00497,,GEDI_rh98_m(pending),0,Landsat_C2_L2,regimeC_v0_CLCD+NDVI
afforestation,SAIH_AFF_r14c40,early_restoration,0.3555,0.00419,,GEDI_rh98_m(pending),0,Landsat_C2_L2,regimeC_v0_CLCD+NDVI
afforestation,SAIH_AFF_r14c41,early_restoration,0.412,0.00743,,GEDI_rh98_m(pending),0,Landsat_C2_L2,regimeC_v0_CLCD+NDVI
afforestation,SAIH_AFF_r14c42,early_restoration,0.4675,0.00697,,GEDI_rh98_m(pending),0,Landsat_C2_L2,regimeC_v0_CLCD+NDVI
afforestation,SAIH_AFF_r14c43,early_restoration,0.3805,0.00689,,GEDI_rh98_m(pending),0,Landsat_C2_L2,regimeC_v0_CLCD+NDVI
afforestation,SAIH_AFF_r14c44,early_restoration,0.4686,0.00599,,GEDI_rh98_m(pending),0,Landsat_C2_L2,regimeC_v0_CLCD+NDVI
afforestation,SAIH_AFF_r14c45,stable_restoration,0.7733,0.00386,,GEDI_rh98_m(pending),0,Landsat_C2_L2,regimeC_v0_CLCD+NDVI
afforestation,SAIH_AFF_r14c46,stable_restoration,0.8818,0.00525,,GEDI_rh98_m(pending),0,Landsat_C2_L2,regimeC_v0_CLCD+NDVI
afforestation,SAIH_AFF_r14c47,stable_restoration,0.9888,0.00257,,GEDI_rh98_m(pending),0,Landsat_C2_L2,regimeC_v0_CLCD+NDVI
afforestation,SAIH_AFF_r14c48,stable_restoration,0.9144,0.00344,,GEDI_rh98_m(pending),0,Landsat_C2_L2,regimeC_v0_CLCD+NDVI
afforestation,SAIH_AFF_r14c49,stable_restoration,0.9464,9e-05,,GEDI_rh98_m(pending),0,Landsat_C2_L2,regimeC_v0_CLCD+NDVI
afforestation,SAIH_AFF_r14c50,stable_restoration,0.978,0.00082,,GEDI_rh98_m(pending),0,Landsat_C2_L2,regimeC_v0_CLCD+NDVI
afforestation,SAIH_AFF_r14c51,stable_restoration,1.0179,0.00195,,GEDI_rh98_m(pending),0,Landsat_C2_L2,regimeC_v0_CLCD+NDVI
afforestation,SAIH_AFF_r14c52,stable_restoration,0.8206,0.00232,,GEDI_rh98_m(pending),0,Landsat_C2_L2,regimeC_v0_CLCD+NDVI
afforestation,SAIH_AFF_r14c53,stable_restoration,0.9293,0.0079,,GEDI_rh98_m(pending),0,Landsat_C2_L2,regimeC_v0_CLCD+NDVI
afforestation,SAIH_AFF_r14c54,early_restoration,0.6592,0.00149,,GEDI_rh98_m(pending),0,Landsat_C2_L2,regimeC_v0_CLCD+NDVI
afforestation,SAIH_AFF_r14c55,stable_restoration,1.0038,0.00121,,GEDI_rh98_m(pending),0,Landsat_C2_L2,regimeC_v0_CLCD+NDVI
afforestation,SAIH_AFF_r14c56,stable_restoration,0.8732,0.0073,,GEDI_rh98_m(pending),0,Landsat_C2_L2,regimeC_v0_CLCD+NDVI
afforestation,SAIH_AFF_r14c57,stable_restoration,0.8623,0.0049,,GEDI_rh98_m(pending),0,Landsat_C2_L2,regimeC_v0_CLCD+NDVI
afforestation,SAIH_AFF_r14c58,stable_restoration,0.9458,0.02746,,GEDI_rh98_m(pending),0,Landsat_C2_L2,regimeC_v0_CLCD+NDVI
afforestation,SAIH_AFF_r14c59,stable_restoration,0.749,0.03567,,GEDI_rh98_m(pending),0,Landsat_C2_L2,regimeC_v0_CLCD+NDVI
afforestation,SAIH_AFF_r14c60,early_restoration,0.456,0.00693,,GEDI_rh98_m(pending),0,Landsat_C2_L2,regimeC_v0_CLCD+NDVI
afforestation,SAIH_AFF_r14c61,early_restoration,0.6117,0.00897,,GEDI_rh98_m(pending),0,Landsat_C2_L2,regimeC_v0_CLCD+NDVI
afforestation,SAIH_AFF_r14c62,degraded,0.2666,0.00777,,GEDI_rh98_m(pending),0,Landsat_C2_L2,regimeC_v0_CLCD+NDVI
afforestation,SAIH_AFF_r15c16,degraded,0.2975,0.0076,,GEDI_rh98_m(pending),0,Landsat_C2_L2,regimeC_v0_CLCD+NDVI
afforestation,SAIH_AFF_r15c17,early_restoration,0.6506,0.00758,,GEDI_rh98_m(pending),0,Landsat_C2_L2,regimeC_v0_CLCD+NDVI
afforestation,SAIH_AFF_r15c18,early_restoration,0.602,0.0096,,GEDI_rh98_m(pending),0,Landsat_C2_L2,regimeC_v0_CLCD+NDVI
afforestation,SAIH_AFF_r15c19,early_restoration,0.5825,0.01491,,GEDI_rh98_m(pending),0,Landsat_C2_L2,regimeC_v0_CLCD+NDVI
afforestation,SAIH_AFF_r15c20,stable_restoration,0.7823,0.01568,,GEDI_rh98_m(pending),0,Landsat_C2_L2,regimeC_v0_CLCD+NDVI
afforestation,SAIH_AFF_r15c21,stable_restoration,0.8903,0.01021,,GEDI_rh98_m(pending),0,Landsat_C2_L2,regimeC_v0_CLCD+NDVI
afforestation,SAIH_AFF_r15c22,stable_restoration,0.8509,0.00624,,GEDI_rh98_m(pending),0,Landsat_C2_L2,regimeC_v0_CLCD+NDVI
afforestation,SAIH_AFF_r15c23,stable_restoration,0.7215,0.00683,,GEDI_rh98_m(pending),0,Landsat_C2_L2,regimeC_v0_CLCD+NDVI
afforestation,SAIH_AFF_r15c24,stable_restoration,0.7713,0.00877,,GEDI_rh98_m(pending),0,Landsat_C2_L2,regimeC_v0_CLCD+NDVI
afforestation,SAIH_AFF_r15c25,stable_restoration,0.7229,0.00506,,GEDI_rh98_m(pending),0,Landsat_C2_L2,regimeC_v0_CLCD+NDVI
afforestation,SAIH_AFF_r15c28,early_restoration,0.6009,0.01783,,GEDI_rh98_m(pending),0,Landsat_C2_L2,regimeC_v0_CLCD+NDVI
afforestation,SAIH_AFF_r15c29,stable_restoration,0.8188,0.02019,,GEDI_rh98_m(pending),0,Landsat_C2_L2,regimeC_v0_CLCD+NDVI
afforestation,SAIH_AFF_r15c30,stable_restoration,0.9656,0.00375,,GEDI_rh98_m(pending),0,Landsat_C2_L2,regimeC_v0_CLCD+NDVI
afforestation,SAIH_AFF_r15c31,stable_restoration,1.0272,0.00496,,GEDI_rh98_m(pending),0,Landsat_C2_L2,regimeC_v0_CLCD+NDVI
afforestation,SAIH_AFF_r15c32,stable_restoration,0.9871,0.0158,,GEDI_rh98_m(pending),0,Landsat_C2_L2,regimeC_v0_CLCD+NDVI
afforestation,SAIH_AFF_r15c33,stable_restoration,0.9596,0.00884,,GEDI_rh98_m(pending),0,Landsat_C2_L2,regimeC_v0_CLCD+NDVI
afforestation,SAIH_AFF_r15c34,stable_restoration,1.0208,0.00542,,GEDI_rh98_m(pending),0,Landsat_C2_L2,regimeC_v0_CLCD+NDVI
afforestation,SAIH_AFF_r15c35,stable_restoration,0.9887,0.00156,,GEDI_rh98_m(pending),0,Landsat_C2_L2,regimeC_v0_CLCD+NDVI
afforestation,SAIH_AFF_r15c36,stable_restoration,0.9482,0.00977,,GEDI_rh98_m(pending),0,Landsat_C2_L2,regimeC_v0_CLCD+NDVI
afforestation,SAIH_AFF_r15c37,stable_restoration,0.7559,0.00424,,GEDI_rh98_m(pending),0,Landsat_C2_L2,regimeC_v0_CLCD+NDVI
afforestation,SAIH_AFF_r15c38,degraded,0.3032,0.00175,,GEDI_rh98_m(pending),0,Landsat_C2_L2,regimeC_v0_CLCD+NDVI
afforestation,SAIH_AFF_r15c42,early_restoration,0.4497,0.0047,,GEDI_rh98_m(pending),0,Landsat_C2_L2,regimeC_v0_CLCD+NDVI
afforestation,SAIH_AFF_r15c43,stable_restoration,0.8418,0.003,,GEDI_rh98_m(pending),0,Landsat_C2_L2,regimeC_v0_CLCD+NDVI
afforestation,SAIH_AFF_r15c44,stable_restoration,0.8383,0.00165,,GEDI_rh98_m(pending),0,Landsat_C2_L2,regimeC_v0_CLCD+NDVI
afforestation,SAIH_AFF_r15c45,stable_restoration,0.9455,0.00466,,GEDI_rh98_m(pending),0,Landsat_C2_L2,regimeC_v0_CLCD+NDVI
afforestation,SAIH_AFF_r15c46,stable_restoration,1.0156,0.00485,,GEDI_rh98_m(pending),0,Landsat_C2_L2,regimeC_v0_CLCD+NDVI
afforestation,SAIH_AFF_r15c47,stable_restoration,0.9636,0.00345,,GEDI_rh98_m(pending),0,Landsat_C2_L2,regimeC_v0_CLCD+NDVI
afforestation,SAIH_AFF_r15c48,stable_restoration,0.9253,0.00422,,GEDI_rh98_m(pending),0,Landsat_C2_L2,regimeC_v0_CLCD+NDVI
afforestation,SAIH_AFF_r15c49,stable_restoration,0.9075,0.01697,,GEDI_rh98_m(pending),0,Landsat_C2_L2,regimeC_v0_CLCD+NDVI
afforestation,SAIH_AFF_r15c50,stable_restoration,0.9522,0.00498,,GEDI_rh98_m(pending),0,Landsat_C2_L2,regimeC_v0_CLCD+NDVI
afforestation,SAIH_AFF_r15c51,stable_restoration,0.9573,-0.00133,,GEDI_rh98_m(pending),0,Landsat_C2_L2,regimeC_v0_CLCD+NDVI
afforestation,SAIH_AFF_r15c52,stable_restoration,0.7879,-0.00136,,GEDI_rh98_m(pending),0,Landsat_C2_L2,regimeC_v0_CLCD+NDVI
afforestation,SAIH_AFF_r15c53,stable_restoration,0.9619,0.00397,,GEDI_rh98_m(pending),0,Landsat_C2_L2,regimeC_v0_CLCD+NDVI
afforestation,SAIH_AFF_r15c54,stable_restoration,0.8818,0.00197,,GEDI_rh98_m(pending),0,Landsat_C2_L2,regimeC_v0_CLCD+NDVI
afforestation,SAIH_AFF_r15c55,stable_restoration,0.9796,0.00241,,GEDI_rh98_m(pending),0,Landsat_C2_L2,regimeC_v0_CLCD+NDVI
afforestation,SAIH_AFF_r15c56,stable_restoration,0.8245,0.00093,,GEDI_rh98_m(pending),0,Landsat_C2_L2,regimeC_v0_CLCD+NDVI
afforestation,SAIH_AFF_r15c57,stable_restoration,0.9458,-0.0008,,GEDI_rh98_m(pending),0,Landsat_C2_L2,regimeC_v0_CLCD+NDVI
afforestation,SAIH_AFF_r15c58,stable_restoration,0.9435,0.00629,,GEDI_rh98_m(pending),0,Landsat_C2_L2,regimeC_v0_CLCD+NDVI
afforestation,SAIH_AFF_r15c59,stable_restoration,0.9396,0.01089,,GEDI_rh98_m(pending),0,Landsat_C2_L2,regimeC_v0_CLCD+NDVI
afforestation,SAIH_AFF_r15c60,stable_restoration,0.6673,0.02685,,GEDI_rh98_m(pending),0,Landsat_C2_L2,regimeC_v0_CLCD+NDVI
afforestation,SAIH_AFF_r15c61,early_restoration,0.6209,0.01209,,GEDI_rh98_m(pending),0,Landsat_C2_L2,regimeC_v0_CLCD+NDVI
afforestation,SAIH_AFF_r15c62,early_restoration,0.4474,0.01495,,GEDI_rh98_m(pending),0,Landsat_C2_L2,regimeC_v0_CLCD+NDVI
afforestation,SAIH_AFF_r16c11,early_restoration,0.452,0.00956,,GEDI_rh98_m(pending),0,Landsat_C2_L2,regimeC_v0_CLCD+NDVI
afforestation,SAIH_AFF_r16c12,stable_restoration,0.9075,0.0135,,GEDI_rh98_m(pending),0,Landsat_C2_L2,regimeC_v0_CLCD+NDVI
afforestation,SAIH_AFF_r16c13,stable_restoration,0.9499,0.01715,,GEDI_rh98_m(pending),0,Landsat_C2_L2,regimeC_v0_CLCD+NDVI
afforestation,SAIH_AFF_r16c14,early_restoration,0.6506,0.01584,,GEDI_rh98_m(pending),0,Landsat_C2_L2,regimeC_v0_CLCD+NDVI
afforestation,SAIH_AFF_r16c15,stable_restoration,0.8625,0.00835,,GEDI_rh98_m(pending),0,Landsat_C2_L2,regimeC_v0_CLCD+NDVI
afforestation,SAIH_AFF_r16c16,stable_restoration,0.9956,0.00522,,GEDI_rh98_m(pending),0,Landsat_C2_L2,regimeC_v0_CLCD+NDVI
afforestation,SAIH_AFF_r16c17,stable_restoration,0.9682,0.00261,,GEDI_rh98_m(pending),0,Landsat_C2_L2,regimeC_v0_CLCD+NDVI
afforestation,SAIH_AFF_r16c18,stable_restoration,0.8446,0.01034,,GEDI_rh98_m(pending),0,Landsat_C2_L2,regimeC_v0_CLCD+NDVI
afforestation,SAIH_AFF_r16c19,stable_restoration,0.8102,0.01346,,GEDI_rh98_m(pending),0,Landsat_C2_L2,regimeC_v0_CLCD+NDVI
afforestation,SAIH_AFF_r16c20,early_restoration,0.4604,0.01305,,GEDI_rh98_m(pending),0,Landsat_C2_L2,regimeC_v0_CLCD+NDVI
afforestation,SAIH_AFF_r16c21,stable_restoration,0.7845,0.0127,,GEDI_rh98_m(pending),0,Landsat_C2_L2,regimeC_v0_CLCD+NDVI
afforestation,SAIH_AFF_r16c22,stable_restoration,0.9001,0.00834,,GEDI_rh98_m(pending),0,Landsat_C2_L2,regimeC_v0_CLCD+NDVI
afforestation,SAIH_AFF_r16c23,stable_restoration,0.9865,0.01069,,GEDI_rh98_m(pending),0,Landsat_C2_L2,regimeC_v0_CLCD+NDVI
afforestation,SAIH_AFF_r16c24,stable_restoration,0.8406,0.01178,,GEDI_rh98_m(pending),0,Landsat_C2_L2,regimeC_v0_CLCD+NDVI
afforestation,SAIH_AFF_r16c25,stable_restoration,0.9185,0.01744,,GEDI_rh98_m(pending),0,Landsat_C2_L2,regimeC_v0_CLCD+NDVI
afforestation,SAIH_AFF_r16c26,stable_restoration,0.8275,0.00742,,GEDI_rh98_m(pending),0,Landsat_C2_L2,regimeC_v0_CLCD+NDVI
afforestation,SAIH_AFF_r16c27,stable_restoration,0.8732,0.01305,,GEDI_rh98_m(pending),0,Landsat_C2_L2,regimeC_v0_CLCD+NDVI
afforestation,SAIH_AFF_r16c28,stable_restoration,0.9676,0.00756,,GEDI_rh98_m(pending),0,Landsat_C2_L2,regimeC_v0_CLCD+NDVI
afforestation,SAIH_AFF_r16c29,stable_restoration,0.9842,0.00835,,GEDI_rh98_m(pending),0,Landsat_C2_L2,regimeC_v0_CLCD+NDVI
afforestation,SAIH_AFF_r16c30,stable_restoration,0.9337,0.0132,,GEDI_rh98_m(pending),0,Landsat_C2_L2,regimeC_v0_CLCD+NDVI
afforestation,SAIH_AFF_r16c31,stable_restoration,0.994,0.00565,,GEDI_rh98_m(pending),0,Landsat_C2_L2,regimeC_v0_CLCD+NDVI
afforestation,SAIH_AFF_r16c32,stable_restoration,0.9933,0.00071,,GEDI_rh98_m(pending),0,Landsat_C2_L2,regimeC_v0_CLCD+NDVI
afforestation,SAIH_AFF_r16c33,stable_restoration,0.9144,0.00589,,GEDI_rh98_m(pending),0,Landsat_C2_L2,regimeC_v0_CLCD+NDVI
afforestation,SAIH_AFF_r16c34,stable_restoration,0.9962,0.00191,,GEDI_rh98_m(pending),0,Landsat_C2_L2,regimeC_v0_CLCD+NDVI
afforestation,SAIH_AFF_r16c35,stable_restoration,0.9432,0.0022,,GEDI_rh98_m(pending),0,Landsat_C2_L2,regimeC_v0_CLCD+NDVI
afforestation,SAIH_AFF_r16c36,stable_restoration,1.0071,0.00087,,GEDI_rh98_m(pending),0,Landsat_C2_L2,regimeC_v0_CLCD+NDVI
afforestation,SAIH_AFF_r16c37,stable_restoration,0.9917,0.0051,,GEDI_rh98_m(pending),0,Landsat_C2_L2,regimeC_v0_CLCD+NDVI
afforestation,SAIH_AFF_r16c38,stable_restoration,0.9848,0.01311,,GEDI_rh98_m(pending),0,Landsat_C2_L2,regimeC_v0_CLCD+NDVI
afforestation,SAIH_AFF_r16c39,stable_restoration,0.8223,0.01043,,GEDI_rh98_m(pending),0,Landsat_C2_L2,regimeC_v0_CLCD+NDVI
afforestation,SAIH_AFF_r16c40,stable_restoration,0.78,0.00854,,GEDI_rh98_m(pending),0,Landsat_C2_L2,regimeC_v0_CLCD+NDVI
afforestation,SAIH_AFF_r16c41,stable_restoration,0.9596,-0.00145,,GEDI_rh98_m(pending),0,Landsat_C2_L2,regimeC_v0_CLCD+NDVI
afforestation,SAIH_AFF_r16c42,stable_restoration,0.9539,0.00359,,GEDI_rh98_m(pending),0,Landsat_C2_L2,regimeC_v0_CLCD+NDVI
afforestation,SAIH_AFF_r16c43,stable_restoration,0.8491,0.00643,,GEDI_rh98_m(pending),0,Landsat_C2_L2,regimeC_v0_CLCD+NDVI
afforestation,SAIH_AFF_r16c44,stable_restoration,0.9212,0.00328,,GEDI_rh98_m(pending),0,Landsat_C2_L2,regimeC_v0_CLCD+NDVI
afforestation,SAIH_AFF_r16c45,stable_restoration,0.9236,0.00654,,GEDI_rh98_m(pending),0,Landsat_C2_L2,regimeC_v0_CLCD+NDVI
afforestation,SAIH_AFF_r16c46,stable_restoration,0.951,0.00658,,GEDI_rh98_m(pending),0,Landsat_C2_L2,regimeC_v0_CLCD+NDVI
afforestation,SAIH_AFF_r16c47,stable_restoration,0.804,0.00455,,GEDI_rh98_m(pending),0,Landsat_C2_L2,regimeC_v0_CLCD+NDVI
afforestation,SAIH_AFF_r16c48,stable_restoration,0.875,0.00662,,GEDI_rh98_m(pending),0,Landsat_C2_L2,regimeC_v0_CLCD+NDVI
afforestation,SAIH_AFF_r16c49,stable_restoration,0.8034,0.00812,,GEDI_rh98_m(pending),0,Landsat_C2_L2,regimeC_v0_CLCD+NDVI
afforestation,SAIH_AFF_r16c50,stable_restoration,0.7285,0.00464,,GEDI_rh98_m(pending),0,Landsat_C2_L2,regimeC_v0_CLCD+NDVI
afforestation,SAIH_AFF_r16c51,stable_restoration,0.9075,0.00234,,GEDI_rh98_m(pending),0,Landsat_C2_L2,regimeC_v0_CLCD+NDVI
afforestation,SAIH_AFF_r16c52,stable_restoration,0.9533,-0.0012,,GEDI_rh98_m(pending),0,Landsat_C2_L2,regimeC_v0_CLCD+NDVI
afforestation,SAIH_AFF_r16c53,stable_restoration,0.9837,0.00021,,GEDI_rh98_m(pending),0,Landsat_C2_L2,regimeC_v0_CLCD+NDVI
afforestation,SAIH_AFF_r16c54,stable_restoration,0.8869,0.00534,,GEDI_rh98_m(pending),0,Landsat_C2_L2,regimeC_v0_CLCD+NDVI
afforestation,SAIH_AFF_r16c55,stable_restoration,0.9691,0.00756,,GEDI_rh98_m(pending),0,Landsat_C2_L2,regimeC_v0_CLCD+NDVI
afforestation,SAIH_AFF_r16c56,stable_restoration,0.8973,0.00148,,GEDI_rh98_m(pending),0,Landsat_C2_L2,regimeC_v0_CLCD+NDVI
afforestation,SAIH_AFF_r16c57,stable_restoration,0.6655,0.00443,,GEDI_rh98_m(pending),0,Landsat_C2_L2,regimeC_v0_CLCD+NDVI
afforestation,SAIH_AFF_r16c58,stable_restoration,0.9269,0.00895,,GEDI_rh98_m(pending),0,Landsat_C2_L2,regimeC_v0_CLCD+NDVI
afforestation,SAIH_AFF_r16c59,stable_restoration,1.0042,0.00749,,GEDI_rh98_m(pending),0,Landsat_C2_L2,regimeC_v0_CLCD+NDVI
afforestation,SAIH_AFF_r16c60,stable_restoration,0.8092,0.01823,,GEDI_rh98_m(pending),0,Landsat_C2_L2,regimeC_v0_CLCD+NDVI
afforestation,SAIH_AFF_r16c61,early_restoration,0.61,0.01762,,GEDI_rh98_m(pending),0,Landsat_C2_L2,regimeC_v0_CLCD+NDVI
afforestation,SAIH_AFF_r16c62,degraded,0.285,0.00621,,GEDI_rh98_m(pending),0,Landsat_C2_L2,regimeC_v0_CLCD+NDVI
afforestation,SAIH_AFF_r17c11,stable_restoration,0.6895,0.01637,,GEDI_rh98_m(pending),0,Landsat_C2_L2,regimeC_v0_CLCD+NDVI
afforestation,SAIH_AFF_r17c12,stable_restoration,1.0185,0.01983,,GEDI_rh98_m(pending),0,Landsat_C2_L2,regimeC_v0_CLCD+NDVI
afforestation,SAIH_AFF_r17c13,stable_restoration,1.0294,0.00899,,GEDI_rh98_m(pending),0,Landsat_C2_L2,regimeC_v0_CLCD+NDVI
afforestation,SAIH_AFF_r17c14,stable_restoration,1.0237,0.01076,,GEDI_rh98_m(pending),0,Landsat_C2_L2,regimeC_v0_CLCD+NDVI
afforestation,SAIH_AFF_r17c15,stable_restoration,1.0004,0.00387,,GEDI_rh98_m(pending),0,Landsat_C2_L2,regimeC_v0_CLCD+NDVI
afforestation,SAIH_AFF_r17c16,stable_restoration,0.9653,0.00676,,GEDI_rh98_m(pending),0,Landsat_C2_L2,regimeC_v0_CLCD+NDVI
afforestation,SAIH_AFF_r17c17,stable_restoration,0.9356,0.0079,,GEDI_rh98_m(pending),0,Landsat_C2_L2,regimeC_v0_CLCD+NDVI
afforestation,SAIH_AFF_r17c18,stable_restoration,0.979,0.00924,,GEDI_rh98_m(pending),0,Landsat_C2_L2,regimeC_v0_CLCD+NDVI
afforestation,SAIH_AFF_r17c19,stable_restoration,0.8475,0.01378,,GEDI_rh98_m(pending),0,Landsat_C2_L2,regimeC_v0_CLCD+NDVI
afforestation,SAIH_AFF_r17c20,stable_restoration,0.9236,0.02081,,GEDI_rh98_m(pending),0,Landsat_C2_L2,regimeC_v0_CLCD+NDVI
afforestation,SAIH_AFF_r17c21,stable_restoration,0.9075,0.02047,,GEDI_rh98_m(pending),0,Landsat_C2_L2,regimeC_v0_CLCD+NDVI
afforestation,SAIH_AFF_r17c22,stable_restoration,0.8927,0.00829,,GEDI_rh98_m(pending),0,Landsat_C2_L2,regimeC_v0_CLCD+NDVI
afforestation,SAIH_AFF_r17c23,stable_restoration,0.8257,0.02109,,GEDI_rh98_m(pending),0,Landsat_C2_L2,regimeC_v0_CLCD+NDVI
afforestation,SAIH_AFF_r17c24,stable_restoration,0.8503,0.02027,,GEDI_rh98_m(pending),0,Landsat_C2_L2,regimeC_v0_CLCD+NDVI
afforestation,SAIH_AFF_r17c25,stable_restoration,0.7901,0.01763,,GEDI_rh98_m(pending),0,Landsat_C2_L2,regimeC_v0_CLCD+NDVI
afforestation,SAIH_AFF_r17c26,stable_restoration,0.7713,0.01429,,GEDI_rh98_m(pending),0,Landsat_C2_L2,regimeC_v0_CLCD+NDVI
afforestation,SAIH_AFF_r17c27,stable_restoration,0.8944,0.01694,,GEDI_rh98_m(pending),0,Landsat_C2_L2,regimeC_v0_CLCD+NDVI
afforestation,SAIH_AFF_r17c28,stable_restoration,0.9287,0.00589,,GEDI_rh98_m(pending),0,Landsat_C2_L2,regimeC_v0_CLCD+NDVI
afforestation,SAIH_AFF_r17c29,stable_restoration,1.0156,0.00313,,GEDI_rh98_m(pending),0,Landsat_C2_L2,regimeC_v0_CLCD+NDVI
afforestation,SAIH_AFF_r17c30,stable_restoration,1.0172,0.00732,,GEDI_rh98_m(pending),0,Landsat_C2_L2,regimeC_v0_CLCD+NDVI
afforestation,SAIH_AFF_r17c31,stable_restoration,0.7627,0.00951,,GEDI_rh98_m(pending),0,Landsat_C2_L2,regimeC_v0_CLCD+NDVI
afforestation,SAIH_AFF_r17c32,stable_restoration,0.9922,0.01329,,GEDI_rh98_m(pending),0,Landsat_C2_L2,regimeC_v0_CLCD+NDVI
afforestation,SAIH_AFF_r17c33,stable_restoration,0.7084,0.01292,,GEDI_rh98_m(pending),0,Landsat_C2_L2,regimeC_v0_CLCD+NDVI
afforestation,SAIH_AFF_r17c34,stable_restoration,0.8086,0.00311,,GEDI_rh98_m(pending),0,Landsat_C2_L2,regimeC_v0_CLCD+NDVI
afforestation,SAIH_AFF_r17c35,stable_restoration,0.872,0.00365,,GEDI_rh98_m(pending),0,Landsat_C2_L2,regimeC_v0_CLCD+NDVI
afforestation,SAIH_AFF_r17c36,stable_restoration,0.9974,0.01279,,GEDI_rh98_m(pending),0,Landsat_C2_L2,regimeC_v0_CLCD+NDVI
afforestation,SAIH_AFF_r17c37,stable_restoration,1.0185,0.02239,,GEDI_rh98_m(pending),0,Landsat_C2_L2,regimeC_v0_CLCD+NDVI
afforestation,SAIH_AFF_r17c38,stable_restoration,1.0049,0.01303,,GEDI_rh98_m(pending),0,Landsat_C2_L2,regimeC_v0_CLCD+NDVI
afforestation,SAIH_AFF_r17c39,stable_restoration,1.0031,0.00852,,GEDI_rh98_m(pending),0,Landsat_C2_L2,regimeC_v0_CLCD+NDVI
afforestation,SAIH_AFF_r17c40,stable_restoration,0.8187,0.00478,,GEDI_rh98_m(pending),0,Landsat_C2_L2,regimeC_v0_CLCD+NDVI
afforestation,SAIH_AFF_r17c41,stable_restoration,0.8807,0.00682,,GEDI_rh98_m(pending),0,Landsat_C2_L2,regimeC_v0_CLCD+NDVI
afforestation,SAIH_AFF_r17c42,stable_restoration,0.8595,0.0036,,GEDI_rh98_m(pending),0,Landsat_C2_L2,regimeC_v0_CLCD+NDVI
afforestation,SAIH_AFF_r17c43,stable_restoration,0.9001,0.00296,,GEDI_rh98_m(pending),0,Landsat_C2_L2,regimeC_v0_CLCD+NDVI
afforestation,SAIH_AFF_r17c44,stable_restoration,0.9041,0.00789,,GEDI_rh98_m(pending),0,Landsat_C2_L2,regimeC_v0_CLCD+NDVI
afforestation,SAIH_AFF_r17c45,stable_restoration,0.9729,0.00695,,GEDI_rh98_m(pending),0,Landsat_C2_L2,regimeC_v0_CLCD+NDVI
afforestation,SAIH_AFF_r17c46,stable_restoration,1.0265,0.00438,,GEDI_rh98_m(pending),0,Landsat_C2_L2,regimeC_v0_CLCD+NDVI
afforestation,SAIH_AFF_r17c47,stable_restoration,0.9235,0.01107,,GEDI_rh98_m(pending),0,Landsat_C2_L2,regimeC_v0_CLCD+NDVI
afforestation,SAIH_AFF_r17c48,early_restoration,0.606,0.00402,,GEDI_rh98_m(pending),0,Landsat_C2_L2,regimeC_v0_CLCD+NDVI
afforestation,SAIH_AFF_r17c49,stable_restoration,0.7416,0.00502,,GEDI_rh98_m(pending),0,Landsat_C2_L2,regimeC_v0_CLCD+NDVI
afforestation,SAIH_AFF_r17c50,early_restoration,0.4385,0.00714,,GEDI_rh98_m(pending),0,Landsat_C2_L2,regimeC_v0_CLCD+NDVI
afforestation,SAIH_AFF_r17c51,stable_restoration,0.7565,0.00778,,GEDI_rh98_m(pending),0,Landsat_C2_L2,regimeC_v0_CLCD+NDVI
afforestation,SAIH_AFF_r17c52,stable_restoration,0.9494,0.00259,,GEDI_rh98_m(pending),0,Landsat_C2_L2,regimeC_v0_CLCD+NDVI
afforestation,SAIH_AFF_r17c53,stable_restoration,1.0054,0.00017,,GEDI_rh98_m(pending),0,Landsat_C2_L2,regimeC_v0_CLCD+NDVI
afforestation,SAIH_AFF_r17c54,stable_restoration,0.8944,0.00346,,GEDI_rh98_m(pending),0,Landsat_C2_L2,regimeC_v0_CLCD+NDVI
afforestation,SAIH_AFF_r17c55,early_restoration,0.6225,0.00979,,GEDI_rh98_m(pending),0,Landsat_C2_L2,regimeC_v0_CLCD+NDVI
afforestation,SAIH_AFF_r17c56,early_restoration,0.5677,0.00785,,GEDI_rh98_m(pending),0,Landsat_C2_L2,regimeC_v0_CLCD+NDVI
afforestation,SAIH_AFF_r17c57,stable_restoration,0.7765,0.01551,,GEDI_rh98_m(pending),0,Landsat_C2_L2,regimeC_v0_CLCD+NDVI
afforestation,SAIH_AFF_r17c58,stable_restoration,0.6701,0.00396,,GEDI_rh98_m(pending),0,Landsat_C2_L2,regimeC_v0_CLCD+NDVI
afforestation,SAIH_AFF_r17c59,stable_restoration,0.9116,0.00515,,GEDI_rh98_m(pending),0,Landsat_C2_L2,regimeC_v0_CLCD+NDVI
afforestation,SAIH_AFF_r17c60,stable_restoration,0.6936,0.0075,,GEDI_rh98_m(pending),0,Landsat_C2_L2,regimeC_v0_CLCD+NDVI
afforestation,SAIH_AFF_r17c61,early_restoration,0.5596,0.01049,,GEDI_rh98_m(pending),0,Landsat_C2_L2,regimeC_v0_CLCD+NDVI
afforestation,SAIH_AFF_r18c11,stable_restoration,0.7611,0.02027,,GEDI_rh98_m(pending),0,Landsat_C2_L2,regimeC_v0_CLCD+NDVI
afforestation,SAIH_AFF_r18c12,stable_restoration,1.0077,0.02815,,GEDI_rh98_m(pending),0,Landsat_C2_L2,regimeC_v0_CLCD+NDVI
afforestation,SAIH_AFF_r18c13,stable_restoration,0.8984,0.0168,,GEDI_rh98_m(pending),0,Landsat_C2_L2,regimeC_v0_CLCD+NDVI
afforestation,SAIH_AFF_r18c14,stable_restoration,0.8584,0.02186,,GEDI_rh98_m(pending),0,Landsat_C2_L2,regimeC_v0_CLCD+NDVI
afforestation,SAIH_AFF_r18c15,stable_restoration,0.987,0.00877,,GEDI_rh98_m(pending),0,Landsat_C2_L2,regimeC_v0_CLCD+NDVI
afforestation,SAIH_AFF_r18c16,stable_restoration,0.9985,0.01387,,GEDI_rh98_m(pending),0,Landsat_C2_L2,regimeC_v0_CLCD+NDVI
afforestation,SAIH_AFF_r18c17,stable_restoration,1.0265,0.00639,,GEDI_rh98_m(pending),0,Landsat_C2_L2,regimeC_v0_CLCD+NDVI
afforestation,SAIH_AFF_r18c18,stable_restoration,1.0128,0.00973,,GEDI_rh98_m(pending),0,Landsat_C2_L2,regimeC_v0_CLCD+NDVI
afforestation,SAIH_AFF_r18c19,stable_restoration,1.0174,0.00988,,GEDI_rh98_m(pending),0,Landsat_C2_L2,regimeC_v0_CLCD+NDVI
afforestation,SAIH_AFF_r18c20,stable_restoration,0.9314,0.01628,,GEDI_rh98_m(pending),0,Landsat_C2_L2,regimeC_v0_CLCD+NDVI
afforestation,SAIH_AFF_r18c21,stable_restoration,0.8457,0.02318,,GEDI_rh98_m(pending),0,Landsat_C2_L2,regimeC_v0_CLCD+NDVI
afforestation,SAIH_AFF_r18c22,stable_restoration,0.8612,0.01372,,GEDI_rh98_m(pending),0,Landsat_C2_L2,regimeC_v0_CLCD+NDVI
afforestation,SAIH_AFF_r18c23,stable_restoration,0.8812,0.01591,,GEDI_rh98_m(pending),0,Landsat_C2_L2,regimeC_v0_CLCD+NDVI
afforestation,SAIH_AFF_r18c24,stable_restoration,0.8721,0.01446,,GEDI_rh98_m(pending),0,Landsat_C2_L2,regimeC_v0_CLCD+NDVI
afforestation,SAIH_AFF_r18c25,stable_restoration,0.9381,0.01301,,GEDI_rh98_m(pending),0,Landsat_C2_L2,regimeC_v0_CLCD+NDVI
afforestation,SAIH_AFF_r18c26,stable_restoration,0.8595,0.00421,,GEDI_rh98_m(pending),0,Landsat_C2_L2,regimeC_v0_CLCD+NDVI
afforestation,SAIH_AFF_r18c27,stable_restoration,0.9717,0.00313,,GEDI_rh98_m(pending),0,Landsat_C2_L2,regimeC_v0_CLCD+NDVI
afforestation,SAIH_AFF_r18c28,stable_restoration,0.919,0.00706,,GEDI_rh98_m(pending),0,Landsat_C2_L2,regimeC_v0_CLCD+NDVI
afforestation,SAIH_AFF_r18c29,stable_restoration,0.9922,0.00329,,GEDI_rh98_m(pending),0,Landsat_C2_L2,regimeC_v0_CLCD+NDVI
afforestation,SAIH_AFF_r18c30,stable_restoration,0.8899,0.00686,,GEDI_rh98_m(pending),0,Landsat_C2_L2,regimeC_v0_CLCD+NDVI
afforestation,SAIH_AFF_r18c31,early_restoration,0.4331,0.00642,,GEDI_rh98_m(pending),0,Landsat_C2_L2,regimeC_v0_CLCD+NDVI
afforestation,SAIH_AFF_r18c32,stable_restoration,0.7279,0.00962,,GEDI_rh98_m(pending),0,Landsat_C2_L2,regimeC_v0_CLCD+NDVI
afforestation,SAIH_AFF_r18c33,stable_restoration,1.0237,0.00488,,GEDI_rh98_m(pending),0,Landsat_C2_L2,regimeC_v0_CLCD+NDVI
afforestation,SAIH_AFF_r18c34,stable_restoration,1.0151,0.00458,,GEDI_rh98_m(pending),0,Landsat_C2_L2,regimeC_v0_CLCD+NDVI
afforestation,SAIH_AFF_r18c35,stable_restoration,1.0318,0.00242,,GEDI_rh98_m(pending),0,Landsat_C2_L2,regimeC_v0_CLCD+NDVI
afforestation,SAIH_AFF_r18c36,stable_restoration,0.9636,0.01318,,GEDI_rh98_m(pending),0,Landsat_C2_L2,regimeC_v0_CLCD+NDVI
afforestation,SAIH_AFF_r18c37,stable_restoration,0.8051,0.02367,,GEDI_rh98_m(pending),0,Landsat_C2_L2,regimeC_v0_CLCD+NDVI
afforestation,SAIH_AFF_r18c38,stable_restoration,0.7531,0.01219,,GEDI_rh98_m(pending),0,Landsat_C2_L2,regimeC_v0_CLCD+NDVI
afforestation,SAIH_AFF_r18c39,stable_restoration,0.986,0.00469,,GEDI_rh98_m(pending),0,Landsat_C2_L2,regimeC_v0_CLCD+NDVI
afforestation,SAIH_AFF_r18c40,stable_restoration,1.0251,0.00476,,GEDI_rh98_m(pending),0,Landsat_C2_L2,regimeC_v0_CLCD+NDVI
afforestation,SAIH_AFF_r18c41,stable_restoration,0.8572,0.0057,,GEDI_rh98_m(pending),0,Landsat_C2_L2,regimeC_v0_CLCD+NDVI
afforestation,SAIH_AFF_r18c42,stable_restoration,0.7604,0.00654,,GEDI_rh98_m(pending),0,Landsat_C2_L2,regimeC_v0_CLCD+NDVI
afforestation,SAIH_AFF_r18c43,stable_restoration,0.9905,0.00478,,GEDI_rh98_m(pending),0,Landsat_C2_L2,regimeC_v0_CLCD+NDVI
afforestation,SAIH_AFF_r18c44,stable_restoration,0.9837,0.00374,,GEDI_rh98_m(pending),0,Landsat_C2_L2,regimeC_v0_CLCD+NDVI
afforestation,SAIH_AFF_r18c45,stable_restoration,0.9651,0.00331,,GEDI_rh98_m(pending),0,Landsat_C2_L2,regimeC_v0_CLCD+NDVI
afforestation,SAIH_AFF_r18c46,stable_restoration,0.963,0.00521,,GEDI_rh98_m(pending),0,Landsat_C2_L2,regimeC_v0_CLCD+NDVI
afforestation,SAIH_AFF_r18c47,stable_restoration,0.9155,0.00898,,GEDI_rh98_m(pending),0,Landsat_C2_L2,regimeC_v0_CLCD+NDVI
afforestation,SAIH_AFF_r18c48,stable_restoration,0.7347,0.00748,,GEDI_rh98_m(pending),0,Landsat_C2_L2,regimeC_v0_CLCD+NDVI
afforestation,SAIH_AFF_r18c49,early_restoration,0.4806,0.00821,,GEDI_rh98_m(pending),0,Landsat_C2_L2,regimeC_v0_CLCD+NDVI
afforestation,SAIH_AFF_r18c50,early_restoration,0.6348,0.00805,,GEDI_rh98_m(pending),0,Landsat_C2_L2,regimeC_v0_CLCD+NDVI
afforestation,SAIH_AFF_r18c51,stable_restoration,0.7897,0.00109,,GEDI_rh98_m(pending),0,Landsat_C2_L2,regimeC_v0_CLCD+NDVI
afforestation,SAIH_AFF_r18c52,stable_restoration,0.8561,0.00147,,GEDI_rh98_m(pending),0,Landsat_C2_L2,regimeC_v0_CLCD+NDVI
afforestation,SAIH_AFF_r18c53,stable_restoration,0.9035,0.01039,,GEDI_rh98_m(pending),0,Landsat_C2_L2,regimeC_v0_CLCD+NDVI
afforestation,SAIH_AFF_r18c54,stable_restoration,1.0083,0.02258,,GEDI_rh98_m(pending),0,Landsat_C2_L2,regimeC_v0_CLCD+NDVI
afforestation,SAIH_AFF_r18c55,stable_restoration,0.854,0.01863,,GEDI_rh98_m(pending),0,Landsat_C2_L2,regimeC_v0_CLCD+NDVI
afforestation,SAIH_AFF_r18c56,early_restoration,0.5957,0.01352,,GEDI_rh98_m(pending),0,Landsat_C2_L2,regimeC_v0_CLCD+NDVI
afforestation,SAIH_AFF_r18c57,stable_restoration,0.6632,0.02357,,GEDI_rh98_m(pending),0,Landsat_C2_L2,regimeC_v0_CLCD+NDVI
afforestation,SAIH_AFF_r18c58,degraded,0.1133,0.00531,,GEDI_rh98_m(pending),0,Landsat_C2_L2,regimeC_v0_CLCD+NDVI
afforestation,SAIH_AFF_r18c59,early_restoration,0.6105,0.00946,,GEDI_rh98_m(pending),0,Landsat_C2_L2,regimeC_v0_CLCD+NDVI
afforestation,SAIH_AFF_r18c60,degraded,0.3107,0.00311,,GEDI_rh98_m(pending),0,Landsat_C2_L2,regimeC_v0_CLCD+NDVI
afforestation,SAIH_AFF_r18c61,early_restoration,0.5379,0.02134,,GEDI_rh98_m(pending),0,Landsat_C2_L2,regimeC_v0_CLCD+NDVI
afforestation,SAIH_AFF_r18c63,early_restoration,0.4515,0.02163,,GEDI_rh98_m(pending),0,Landsat_C2_L2,regimeC_v0_CLCD+NDVI
afforestation,SAIH_AFF_r19c08,early_restoration,0.6268,0.01881,,GEDI_rh98_m(pending),0,Landsat_C2_L2,regimeC_v0_CLCD+NDVI
afforestation,SAIH_AFF_r19c09,early_restoration,0.4926,0.01655,,GEDI_rh98_m(pending),0,Landsat_C2_L2,regimeC_v0_CLCD+NDVI
afforestation,SAIH_AFF_r19c10,early_restoration,0.5395,0.01924,,GEDI_rh98_m(pending),0,Landsat_C2_L2,regimeC_v0_CLCD+NDVI
afforestation,SAIH_AFF_r19c11,stable_restoration,0.8803,0.02523,,GEDI_rh98_m(pending),0,Landsat_C2_L2,regimeC_v0_CLCD+NDVI
afforestation,SAIH_AFF_r19c12,stable_restoration,1.0007,0.03522,,GEDI_rh98_m(pending),0,Landsat_C2_L2,regimeC_v0_CLCD+NDVI
afforestation,SAIH_AFF_r19c13,stable_restoration,0.9316,0.02283,,GEDI_rh98_m(pending),0,Landsat_C2_L2,regimeC_v0_CLCD+NDVI
afforestation,SAIH_AFF_r19c14,stable_restoration,0.7237,0.01552,,GEDI_rh98_m(pending),0,Landsat_C2_L2,regimeC_v0_CLCD+NDVI
afforestation,SAIH_AFF_r19c15,stable_restoration,0.8157,0.01846,,GEDI_rh98_m(pending),0,Landsat_C2_L2,regimeC_v0_CLCD+NDVI
afforestation,SAIH_AFF_r19c16,stable_restoration,0.7711,0.0196,,GEDI_rh98_m(pending),0,Landsat_C2_L2,regimeC_v0_CLCD+NDVI
afforestation,SAIH_AFF_r19c17,stable_restoration,0.8558,0.01095,,GEDI_rh98_m(pending),0,Landsat_C2_L2,regimeC_v0_CLCD+NDVI
afforestation,SAIH_AFF_r19c18,stable_restoration,0.9672,0.01869,,GEDI_rh98_m(pending),0,Landsat_C2_L2,regimeC_v0_CLCD+NDVI
afforestation,SAIH_AFF_r19c19,stable_restoration,0.9154,0.01339,,GEDI_rh98_m(pending),0,Landsat_C2_L2,regimeC_v0_CLCD+NDVI
afforestation,SAIH_AFF_r19c20,stable_restoration,0.8813,0.0131,,GEDI_rh98_m(pending),0,Landsat_C2_L2,regimeC_v0_CLCD+NDVI
afforestation,SAIH_AFF_r19c21,stable_restoration,0.9449,0.01699,,GEDI_rh98_m(pending),0,Landsat_C2_L2,regimeC_v0_CLCD+NDVI
afforestation,SAIH_AFF_r19c22,stable_restoration,0.8123,0.01391,,GEDI_rh98_m(pending),0,Landsat_C2_L2,regimeC_v0_CLCD+NDVI
afforestation,SAIH_AFF_r19c23,stable_restoration,0.9015,0.01582,,GEDI_rh98_m(pending),0,Landsat_C2_L2,regimeC_v0_CLCD+NDVI
afforestation,SAIH_AFF_r19c24,stable_restoration,0.833,0.02404,,GEDI_rh98_m(pending),0,Landsat_C2_L2,regimeC_v0_CLCD+NDVI
afforestation,SAIH_AFF_r19c25,stable_restoration,0.9156,0.02366,,GEDI_rh98_m(pending),0,Landsat_C2_L2,regimeC_v0_CLCD+NDVI
afforestation,SAIH_AFF_r19c26,stable_restoration,0.8781,0.02437,,GEDI_rh98_m(pending),0,Landsat_C2_L2,regimeC_v0_CLCD+NDVI
afforestation,SAIH_AFF_r19c27,stable_restoration,0.833,0.01722,,GEDI_rh98_m(pending),0,Landsat_C2_L2,regimeC_v0_CLCD+NDVI
afforestation,SAIH_AFF_r19c28,stable_restoration,0.9098,0.01454,,GEDI_rh98_m(pending),0,Landsat_C2_L2,regimeC_v0_CLCD+NDVI
afforestation,SAIH_AFF_r19c29,stable_restoration,0.9867,0.00686,,GEDI_rh98_m(pending),0,Landsat_C2_L2,regimeC_v0_CLCD+NDVI
afforestation,SAIH_AFF_r19c30,stable_restoration,1.0298,0.0027,,GEDI_rh98_m(pending),0,Landsat_C2_L2,regimeC_v0_CLCD+NDVI
afforestation,SAIH_AFF_r19c31,stable_restoration,0.7131,0.00805,,GEDI_rh98_m(pending),0,Landsat_C2_L2,regimeC_v0_CLCD+NDVI
afforestation,SAIH_AFF_r19c32,stable_restoration,0.7004,0.00476,,GEDI_rh98_m(pending),0,Landsat_C2_L2,regimeC_v0_CLCD+NDVI
afforestation,SAIH_AFF_r19c33,stable_restoration,1.0157,0.00144,,GEDI_rh98_m(pending),0,Landsat_C2_L2,regimeC_v0_CLCD+NDVI
afforestation,SAIH_AFF_r19c34,stable_restoration,1.0191,0.00356,,GEDI_rh98_m(pending),0,Landsat_C2_L2,regimeC_v0_CLCD+NDVI
afforestation,SAIH_AFF_r19c35,stable_restoration,1.0118,0.00465,,GEDI_rh98_m(pending),0,Landsat_C2_L2,regimeC_v0_CLCD+NDVI
afforestation,SAIH_AFF_r19c36,stable_restoration,0.9644,0.01061,,GEDI_rh98_m(pending),0,Landsat_C2_L2,regimeC_v0_CLCD+NDVI
afforestation,SAIH_AFF_r19c37,stable_restoration,0.8106,0.00861,,GEDI_rh98_m(pending),0,Landsat_C2_L2,regimeC_v0_CLCD+NDVI
afforestation,SAIH_AFF_r19c38,stable_restoration,0.9076,0.00248,,GEDI_rh98_m(pending),0,Landsat_C2_L2,regimeC_v0_CLCD+NDVI
afforestation,SAIH_AFF_r19c39,stable_restoration,0.9817,0.00209,,GEDI_rh98_m(pending),0,Landsat_C2_L2,regimeC_v0_CLCD+NDVI
afforestation,SAIH_AFF_r19c40,stable_restoration,0.9506,0.0084,,GEDI_rh98_m(pending),0,Landsat_C2_L2,regimeC_v0_CLCD+NDVI
afforestation,SAIH_AFF_r19c41,stable_restoration,0.9667,0.00436,,GEDI_rh98_m(pending),0,Landsat_C2_L2,regimeC_v0_CLCD+NDVI
afforestation,SAIH_AFF_r19c42,stable_restoration,0.9477,0.0016,,GEDI_rh98_m(pending),0,Landsat_C2_L2,regimeC_v0_CLCD+NDVI
afforestation,SAIH_AFF_r19c43,stable_restoration,0.8574,0.00408,,GEDI_rh98_m(pending),0,Landsat_C2_L2,regimeC_v0_CLCD+NDVI
afforestation,SAIH_AFF_r19c44,stable_restoration,0.9711,0.00601,,GEDI_rh98_m(pending),0,Landsat_C2_L2,regimeC_v0_CLCD+NDVI
afforestation,SAIH_AFF_r19c45,stable_restoration,1.0292,0.00481,,GEDI_rh98_m(pending),0,Landsat_C2_L2,regimeC_v0_CLCD+NDVI
afforestation,SAIH_AFF_r19c46,stable_restoration,0.9756,0.00549,,GEDI_rh98_m(pending),0,Landsat_C2_L2,regimeC_v0_CLCD+NDVI
afforestation,SAIH_AFF_r19c47,stable_restoration,0.8458,0.00636,,GEDI_rh98_m(pending),0,Landsat_C2_L2,regimeC_v0_CLCD+NDVI
afforestation,SAIH_AFF_r19c48,stable_restoration,0.8574,0.00571,,GEDI_rh98_m(pending),0,Landsat_C2_L2,regimeC_v0_CLCD+NDVI
afforestation,SAIH_AFF_r19c49,stable_restoration,0.9249,0.00933,,GEDI_rh98_m(pending),0,Landsat_C2_L2,regimeC_v0_CLCD+NDVI
afforestation,SAIH_AFF_r19c50,early_restoration,0.6039,0.00657,,GEDI_rh98_m(pending),0,Landsat_C2_L2,regimeC_v0_CLCD+NDVI
afforestation,SAIH_AFF_r19c51,early_restoration,0.6118,0.0023,,GEDI_rh98_m(pending),0,Landsat_C2_L2,regimeC_v0_CLCD+NDVI
afforestation,SAIH_AFF_r19c52,early_restoration,0.6313,0.00575,,GEDI_rh98_m(pending),0,Landsat_C2_L2,regimeC_v0_CLCD+NDVI
afforestation,SAIH_AFF_r19c53,early_restoration,0.5343,0.00985,,GEDI_rh98_m(pending),0,Landsat_C2_L2,regimeC_v0_CLCD+NDVI
afforestation,SAIH_AFF_r19c54,early_restoration,0.4625,0.0064,,GEDI_rh98_m(pending),0,Landsat_C2_L2,regimeC_v0_CLCD+NDVI
afforestation,SAIH_AFF_r19c55,stable_restoration,0.7977,0.0119,,GEDI_rh98_m(pending),0,Landsat_C2_L2,regimeC_v0_CLCD+NDVI
afforestation,SAIH_AFF_r19c56,stable_restoration,0.8602,0.00618,,GEDI_rh98_m(pending),0,Landsat_C2_L2,regimeC_v0_CLCD+NDVI
afforestation,SAIH_AFF_r19c57,early_restoration,0.5861,0.00307,,GEDI_rh98_m(pending),0,Landsat_C2_L2,regimeC_v0_CLCD+NDVI
afforestation,SAIH_AFF_r19c58,early_restoration,0.5471,0.00442,,GEDI_rh98_m(pending),0,Landsat_C2_L2,regimeC_v0_CLCD+NDVI
afforestation,SAIH_AFF_r19c59,degraded,0.3276,0.00567,,GEDI_rh98_m(pending),0,Landsat_C2_L2,regimeC_v0_CLCD+NDVI
afforestation,SAIH_AFF_r19c61,early_restoration,0.4931,0.01729,,GEDI_rh98_m(pending),0,Landsat_C2_L2,regimeC_v0_CLCD+NDVI
afforestation,SAIH_AFF_r19c62,early_restoration,0.6162,0.03234,,GEDI_rh98_m(pending),0,Landsat_C2_L2,regimeC_v0_CLCD+NDVI
afforestation,SAIH_AFF_r19c63,early_restoration,0.6407,0.02442,,GEDI_rh98_m(pending),0,Landsat_C2_L2,regimeC_v0_CLCD+NDVI
afforestation,SAIH_AFF_r19c64,stable_restoration,0.789,0.02553,,GEDI_rh98_m(pending),0,Landsat_C2_L2,regimeC_v0_CLCD+NDVI
afforestation,SAIH_AFF_r20c06,early_restoration,0.4212,0.01451,,GEDI_rh98_m(pending),0,Landsat_C2_L2,regimeC_v0_CLCD+NDVI
afforestation,SAIH_AFF_r20c07,stable_restoration,0.903,0.03214,,GEDI_rh98_m(pending),0,Landsat_C2_L2,regimeC_v0_CLCD+NDVI
afforestation,SAIH_AFF_r20c08,stable_restoration,1.0002,0.02491,,GEDI_rh98_m(pending),0,Landsat_C2_L2,regimeC_v0_CLCD+NDVI
afforestation,SAIH_AFF_r20c09,stable_restoration,0.9979,0.02582,,GEDI_rh98_m(pending),0,Landsat_C2_L2,regimeC_v0_CLCD+NDVI
afforestation,SAIH_AFF_r20c10,stable_restoration,0.8327,0.02331,,GEDI_rh98_m(pending),0,Landsat_C2_L2,regimeC_v0_CLCD+NDVI
afforestation,SAIH_AFF_r20c11,stable_restoration,1.0002,0.03012,,GEDI_rh98_m(pending),0,Landsat_C2_L2,regimeC_v0_CLCD+NDVI
afforestation,SAIH_AFF_r20c12,stable_restoration,0.9636,0.03095,,GEDI_rh98_m(pending),0,Landsat_C2_L2,regimeC_v0_CLCD+NDVI
afforestation,SAIH_AFF_r20c13,stable_restoration,0.9184,0.02771,,GEDI_rh98_m(pending),0,Landsat_C2_L2,regimeC_v0_CLCD+NDVI
afforestation,SAIH_AFF_r20c14,stable_restoration,0.8909,0.01613,,GEDI_rh98_m(pending),0,Landsat_C2_L2,regimeC_v0_CLCD+NDVI
afforestation,SAIH_AFF_r20c15,early_restoration,0.5994,0.01759,,GEDI_rh98_m(pending),0,Landsat_C2_L2,regimeC_v0_CLCD+NDVI
afforestation,SAIH_AFF_r20c16,early_restoration,0.5282,0.01446,,GEDI_rh98_m(pending),0,Landsat_C2_L2,regimeC_v0_CLCD+NDVI
afforestation,SAIH_AFF_r20c17,degraded,0.1979,0.00538,,GEDI_rh98_m(pending),0,Landsat_C2_L2,regimeC_v0_CLCD+NDVI
afforestation,SAIH_AFF_r20c18,degraded,0.2621,0.00849,,GEDI_rh98_m(pending),0,Landsat_C2_L2,regimeC_v0_CLCD+NDVI
afforestation,SAIH_AFF_r20c19,stable_restoration,0.6935,0.01989,,GEDI_rh98_m(pending),0,Landsat_C2_L2,regimeC_v0_CLCD+NDVI
afforestation,SAIH_AFF_r20c20,early_restoration,0.5635,0.0248,,GEDI_rh98_m(pending),0,Landsat_C2_L2,regimeC_v0_CLCD+NDVI
afforestation,SAIH_AFF_r20c21,stable_restoration,0.7153,0.03086,,GEDI_rh98_m(pending),0,Landsat_C2_L2,regimeC_v0_CLCD+NDVI
afforestation,SAIH_AFF_r20c22,early_restoration,0.4847,0.01775,,GEDI_rh98_m(pending),0,Landsat_C2_L2,regimeC_v0_CLCD+NDVI
afforestation,SAIH_AFF_r20c24,degraded,0.1465,0.005,,GEDI_rh98_m(pending),0,Landsat_C2_L2,regimeC_v0_CLCD+NDVI
afforestation,SAIH_AFF_r20c25,early_restoration,0.4201,0.0172,,GEDI_rh98_m(pending),0,Landsat_C2_L2,regimeC_v0_CLCD+NDVI
afforestation,SAIH_AFF_r20c26,early_restoration,0.4967,0.01789,,GEDI_rh98_m(pending),0,Landsat_C2_L2,regimeC_v0_CLCD+NDVI
afforestation,SAIH_AFF_r20c27,early_restoration,0.4481,0.0217,,GEDI_rh98_m(pending),0,Landsat_C2_L2,regimeC_v0_CLCD+NDVI
afforestation,SAIH_AFF_r20c28,stable_restoration,0.7342,0.02728,,GEDI_rh98_m(pending),0,Landsat_C2_L2,regimeC_v0_CLCD+NDVI
afforestation,SAIH_AFF_r20c29,stable_restoration,0.935,0.01123,,GEDI_rh98_m(pending),0,Landsat_C2_L2,regimeC_v0_CLCD+NDVI
afforestation,SAIH_AFF_r20c30,stable_restoration,0.8355,0.00839,,GEDI_rh98_m(pending),0,Landsat_C2_L2,regimeC_v0_CLCD+NDVI
afforestation,SAIH_AFF_r20c31,early_restoration,0.61,0.0073,,GEDI_rh98_m(pending),0,Landsat_C2_L2,regimeC_v0_CLCD+NDVI
afforestation,SAIH_AFF_r20c32,early_restoration,0.4898,0.00808,,GEDI_rh98_m(pending),0,Landsat_C2_L2,regimeC_v0_CLCD+NDVI
afforestation,SAIH_AFF_r20c33,stable_restoration,0.812,0.00363,,GEDI_rh98_m(pending),0,Landsat_C2_L2,regimeC_v0_CLCD+NDVI
afforestation,SAIH_AFF_r20c34,stable_restoration,0.9001,0.00909,,GEDI_rh98_m(pending),0,Landsat_C2_L2,regimeC_v0_CLCD+NDVI
afforestation,SAIH_AFF_r20c35,stable_restoration,0.9505,0.00446,,GEDI_rh98_m(pending),0,Landsat_C2_L2,regimeC_v0_CLCD+NDVI
afforestation,SAIH_AFF_r20c36,stable_restoration,0.7902,0.00539,,GEDI_rh98_m(pending),0,Landsat_C2_L2,regimeC_v0_CLCD+NDVI
afforestation,SAIH_AFF_r20c37,stable_restoration,1.0111,0.00138,,GEDI_rh98_m(pending),0,Landsat_C2_L2,regimeC_v0_CLCD+NDVI
afforestation,SAIH_AFF_r20c38,stable_restoration,0.9544,0.00099,,GEDI_rh98_m(pending),0,Landsat_C2_L2,regimeC_v0_CLCD+NDVI
afforestation,SAIH_AFF_r20c39,stable_restoration,0.9636,0.00142,,GEDI_rh98_m(pending),0,Landsat_C2_L2,regimeC_v0_CLCD+NDVI
afforestation,SAIH_AFF_r20c40,stable_restoration,1.0178,0.00317,,GEDI_rh98_m(pending),0,Landsat_C2_L2,regimeC_v0_CLCD+NDVI
afforestation,SAIH_AFF_r20c41,stable_restoration,0.9053,0.00774,,GEDI_rh98_m(pending),0,Landsat_C2_L2,regimeC_v0_CLCD+NDVI
afforestation,SAIH_AFF_r20c42,stable_restoration,0.959,0.00721,,GEDI_rh98_m(pending),0,Landsat_C2_L2,regimeC_v0_CLCD+NDVI
afforestation,SAIH_AFF_r20c43,stable_restoration,0.9464,0.0043,,GEDI_rh98_m(pending),0,Landsat_C2_L2,regimeC_v0_CLCD+NDVI
afforestation,SAIH_AFF_r20c44,stable_restoration,0.8263,0.00882,,GEDI_rh98_m(pending),0,Landsat_C2_L2,regimeC_v0_CLCD+NDVI
afforestation,SAIH_AFF_r20c45,stable_restoration,0.7974,0.00611,,GEDI_rh98_m(pending),0,Landsat_C2_L2,regimeC_v0_CLCD+NDVI
afforestation,SAIH_AFF_r20c46,stable_restoration,0.9464,0.00509,,GEDI_rh98_m(pending),0,Landsat_C2_L2,regimeC_v0_CLCD+NDVI
afforestation,SAIH_AFF_r20c47,stable_restoration,0.9905,0.00279,,GEDI_rh98_m(pending),0,Landsat_C2_L2,regimeC_v0_CLCD+NDVI
afforestation,SAIH_AFF_r20c48,stable_restoration,1.0026,0.00602,,GEDI_rh98_m(pending),0,Landsat_C2_L2,regimeC_v0_CLCD+NDVI
afforestation,SAIH_AFF_r20c49,stable_restoration,0.9573,0.00592,,GEDI_rh98_m(pending),0,Landsat_C2_L2,regimeC_v0_CLCD+NDVI
afforestation,SAIH_AFF_r20c50,stable_restoration,0.6931,0.00532,,GEDI_rh98_m(pending),0,Landsat_C2_L2,regimeC_v0_CLCD+NDVI
afforestation,SAIH_AFF_r20c51,stable_restoration,0.7856,0.0016,,GEDI_rh98_m(pending),0,Landsat_C2_L2,regimeC_v0_CLCD+NDVI
afforestation,SAIH_AFF_r20c52,stable_restoration,0.8589,0.00169,,GEDI_rh98_m(pending),0,Landsat_C2_L2,regimeC_v0_CLCD+NDVI
afforestation,SAIH_AFF_r20c53,stable_restoration,0.7828,0.00237,,GEDI_rh98_m(pending),0,Landsat_C2_L2,regimeC_v0_CLCD+NDVI
afforestation,SAIH_AFF_r20c54,early_restoration,0.5241,0.00525,,GEDI_rh98_m(pending),0,Landsat_C2_L2,regimeC_v0_CLCD+NDVI
afforestation,SAIH_AFF_r20c55,early_restoration,0.4553,0.01159,,GEDI_rh98_m(pending),0,Landsat_C2_L2,regimeC_v0_CLCD+NDVI
afforestation,SAIH_AFF_r20c56,stable_restoration,0.963,0.02881,,GEDI_rh98_m(pending),0,Landsat_C2_L2,regimeC_v0_CLCD+NDVI
afforestation,SAIH_AFF_r20c57,stable_restoration,0.986,0.02229,,GEDI_rh98_m(pending),0,Landsat_C2_L2,regimeC_v0_CLCD+NDVI
afforestation,SAIH_AFF_r20c58,stable_restoration,0.9567,0.03323,,GEDI_rh98_m(pending),0,Landsat_C2_L2,regimeC_v0_CLCD+NDVI
afforestation,SAIH_AFF_r20c59,early_restoration,0.4006,0.00456,,GEDI_rh98_m(pending),0,Landsat_C2_L2,regimeC_v0_CLCD+NDVI
afforestation,SAIH_AFF_r20c60,degraded,0.2344,0.00278,,GEDI_rh98_m(pending),0,Landsat_C2_L2,regimeC_v0_CLCD+NDVI
afforestation,SAIH_AFF_r20c62,early_restoration,0.3937,0.01849,,GEDI_rh98_m(pending),0,Landsat_C2_L2,regimeC_v0_CLCD+NDVI
afforestation,SAIH_AFF_r20c63,stable_restoration,0.7748,0.03307,,GEDI_rh98_m(pending),0,Landsat_C2_L2,regimeC_v0_CLCD+NDVI
afforestation,SAIH_AFF_r20c64,early_restoration,0.4626,0.0079,,GEDI_rh98_m(pending),0,Landsat_C2_L2,regimeC_v0_CLCD+NDVI
afforestation,SAIH_AFF_r21c02,degraded,0.2449,0.00908,,GEDI_rh98_m(pending),0,Landsat_C2_L2,regimeC_v0_CLCD+NDVI
afforestation,SAIH_AFF_r21c05,stable_restoration,0.7991,0.02994,,GEDI_rh98_m(pending),0,Landsat_C2_L2,regimeC_v0_CLCD+NDVI
afforestation,SAIH_AFF_r21c06,stable_restoration,0.9339,0.0349,,GEDI_rh98_m(pending),0,Landsat_C2_L2,regimeC_v0_CLCD+NDVI
afforestation,SAIH_AFF_r21c07,stable_restoration,0.8927,0.03449,,GEDI_rh98_m(pending),0,Landsat_C2_L2,regimeC_v0_CLCD+NDVI
afforestation,SAIH_AFF_r21c08,stable_restoration,0.8869,0.03645,,GEDI_rh98_m(pending),0,Landsat_C2_L2,regimeC_v0_CLCD+NDVI
afforestation,SAIH_AFF_r21c09,stable_restoration,1.0128,0.04614,,GEDI_rh98_m(pending),0,Landsat_C2_L2,regimeC_v0_CLCD+NDVI
afforestation,SAIH_AFF_r21c10,stable_restoration,0.9409,0.0383,,GEDI_rh98_m(pending),0,Landsat_C2_L2,regimeC_v0_CLCD+NDVI
afforestation,SAIH_AFF_r21c11,stable_restoration,0.9098,0.03664,,GEDI_rh98_m(pending),0,Landsat_C2_L2,regimeC_v0_CLCD+NDVI
afforestation,SAIH_AFF_r21c12,stable_restoration,1.0049,0.03915,,GEDI_rh98_m(pending),0,Landsat_C2_L2,regimeC_v0_CLCD+NDVI
afforestation,SAIH_AFF_r21c13,stable_restoration,0.9378,0.03498,,GEDI_rh98_m(pending),0,Landsat_C2_L2,regimeC_v0_CLCD+NDVI
afforestation,SAIH_AFF_r21c14,stable_restoration,0.9207,0.03231,,GEDI_rh98_m(pending),0,Landsat_C2_L2,regimeC_v0_CLCD+NDVI
afforestation,SAIH_AFF_r21c15,early_restoration,0.4812,0.01878,,GEDI_rh98_m(pending),0,Landsat_C2_L2,regimeC_v0_CLCD+NDVI
afforestation,SAIH_AFF_r21c16,early_restoration,0.5311,0.01421,,GEDI_rh98_m(pending),0,Landsat_C2_L2,regimeC_v0_CLCD+NDVI
afforestation,SAIH_AFF_r21c17,degraded,0.2941,0.01027,,GEDI_rh98_m(pending),0,Landsat_C2_L2,regimeC_v0_CLCD+NDVI
afforestation,SAIH_AFF_r21c18,degraded,0.2936,0.01035,,GEDI_rh98_m(pending),0,Landsat_C2_L2,regimeC_v0_CLCD+NDVI
afforestation,SAIH_AFF_r21c19,degraded,0.3067,0.00988,,GEDI_rh98_m(pending),0,Landsat_C2_L2,regimeC_v0_CLCD+NDVI
afforestation,SAIH_AFF_r21c20,early_restoration,0.4683,0.01031,,GEDI_rh98_m(pending),0,Landsat_C2_L2,regimeC_v0_CLCD+NDVI
afforestation,SAIH_AFF_r21c21,stable_restoration,0.7147,0.01997,,GEDI_rh98_m(pending),0,Landsat_C2_L2,regimeC_v0_CLCD+NDVI
afforestation,SAIH_AFF_r21c22,early_restoration,0.3988,0.01658,,GEDI_rh98_m(pending),0,Landsat_C2_L2,regimeC_v0_CLCD+NDVI
afforestation,SAIH_AFF_r21c25,degraded,0.2798,0.01146,,GEDI_rh98_m(pending),0,Landsat_C2_L2,regimeC_v0_CLCD+NDVI
afforestation,SAIH_AFF_r21c26,stable_restoration,0.725,0.02759,,GEDI_rh98_m(pending),0,Landsat_C2_L2,regimeC_v0_CLCD+NDVI
afforestation,SAIH_AFF_r21c27,early_restoration,0.4126,0.01474,,GEDI_rh98_m(pending),0,Landsat_C2_L2,regimeC_v0_CLCD+NDVI
afforestation,SAIH_AFF_r21c28,early_restoration,0.4337,0.01393,,GEDI_rh98_m(pending),0,Landsat_C2_L2,regimeC_v0_CLCD+NDVI
afforestation,SAIH_AFF_r21c29,early_restoration,0.5316,0.00744,,GEDI_rh98_m(pending),0,Landsat_C2_L2,regimeC_v0_CLCD+NDVI
afforestation,SAIH_AFF_r21c30,early_restoration,0.5653,0.0073,,GEDI_rh98_m(pending),0,Landsat_C2_L2,regimeC_v0_CLCD+NDVI
afforestation,SAIH_AFF_r21c31,early_restoration,0.3771,0.00985,,GEDI_rh98_m(pending),0,Landsat_C2_L2,regimeC_v0_CLCD+NDVI
afforestation,SAIH_AFF_r21c32,early_restoration,0.4258,0.00257,,GEDI_rh98_m(pending),0,Landsat_C2_L2,regimeC_v0_CLCD+NDVI
afforestation,SAIH_AFF_r21c33,stable_restoration,0.8114,0.01263,,GEDI_rh98_m(pending),0,Landsat_C2_L2,regimeC_v0_CLCD+NDVI
afforestation,SAIH_AFF_r21c34,stable_restoration,0.9739,0.00602,,GEDI_rh98_m(pending),0,Landsat_C2_L2,regimeC_v0_CLCD+NDVI
afforestation,SAIH_AFF_r21c35,stable_restoration,0.881,0.00432,,GEDI_rh98_m(pending),0,Landsat_C2_L2,regimeC_v0_CLCD+NDVI
afforestation,SAIH_AFF_r21c36,stable_restoration,0.8068,0.00858,,GEDI_rh98_m(pending),0,Landsat_C2_L2,regimeC_v0_CLCD+NDVI
afforestation,SAIH_AFF_r21c37,stable_restoration,0.9155,0.00151,,GEDI_rh98_m(pending),0,Landsat_C2_L2,regimeC_v0_CLCD+NDVI
afforestation,SAIH_AFF_r21c38,stable_restoration,0.9722,0.00328,,GEDI_rh98_m(pending),0,Landsat_C2_L2,regimeC_v0_CLCD+NDVI
afforestation,SAIH_AFF_r21c39,stable_restoration,1.0054,0.00302,,GEDI_rh98_m(pending),0,Landsat_C2_L2,regimeC_v0_CLCD+NDVI
afforestation,SAIH_AFF_r21c40,stable_restoration,0.9668,0.00304,,GEDI_rh98_m(pending),0,Landsat_C2_L2,regimeC_v0_CLCD+NDVI
afforestation,SAIH_AFF_r21c41,stable_restoration,0.9247,0.00297,,GEDI_rh98_m(pending),0,Landsat_C2_L2,regimeC_v0_CLCD+NDVI
afforestation,SAIH_AFF_r21c42,stable_restoration,0.8932,0.00416,,GEDI_rh98_m(pending),0,Landsat_C2_L2,regimeC_v0_CLCD+NDVI
afforestation,SAIH_AFF_r21c43,stable_restoration,0.9762,0.00186,,GEDI_rh98_m(pending),0,Landsat_C2_L2,regimeC_v0_CLCD+NDVI
afforestation,SAIH_AFF_r21c44,stable_restoration,1.0317,0.00222,,GEDI_rh98_m(pending),0,Landsat_C2_L2,regimeC_v0_CLCD+NDVI
afforestation,SAIH_AFF_r21c45,stable_restoration,1.0155,0.00255,,GEDI_rh98_m(pending),0,Landsat_C2_L2,regimeC_v0_CLCD+NDVI
afforestation,SAIH_AFF_r21c46,stable_restoration,0.7531,0.00351,,GEDI_rh98_m(pending),0,Landsat_C2_L2,regimeC_v0_CLCD+NDVI
afforestation,SAIH_AFF_r21c47,stable_restoration,0.9471,0.00205,,GEDI_rh98_m(pending),0,Landsat_C2_L2,regimeC_v0_CLCD+NDVI
afforestation,SAIH_AFF_r21c48,stable_restoration,0.9876,0.00204,,GEDI_rh98_m(pending),0,Landsat_C2_L2,regimeC_v0_CLCD+NDVI
afforestation,SAIH_AFF_r21c49,stable_restoration,0.769,0.00295,,GEDI_rh98_m(pending),0,Landsat_C2_L2,regimeC_v0_CLCD+NDVI
afforestation,SAIH_AFF_r21c50,stable_restoration,0.8232,0.00358,,GEDI_rh98_m(pending),0,Landsat_C2_L2,regimeC_v0_CLCD+NDVI
afforestation,SAIH_AFF_r21c51,early_restoration,0.3828,0.00325,,GEDI_rh98_m(pending),0,Landsat_C2_L2,regimeC_v0_CLCD+NDVI
afforestation,SAIH_AFF_r21c52,stable_restoration,0.7863,0.00186,,GEDI_rh98_m(pending),0,Landsat_C2_L2,regimeC_v0_CLCD+NDVI
afforestation,SAIH_AFF_r21c53,stable_restoration,0.6781,0.00938,,GEDI_rh98_m(pending),0,Landsat_C2_L2,regimeC_v0_CLCD+NDVI
afforestation,SAIH_AFF_r21c54,stable_restoration,0.6855,0.00472,,GEDI_rh98_m(pending),0,Landsat_C2_L2,regimeC_v0_CLCD+NDVI
afforestation,SAIH_AFF_r21c55,degraded,0.2164,0.00521,,GEDI_rh98_m(pending),0,Landsat_C2_L2,regimeC_v0_CLCD+NDVI
afforestation,SAIH_AFF_r21c56,degraded,0.3216,0.01227,,GEDI_rh98_m(pending),0,Landsat_C2_L2,regimeC_v0_CLCD+NDVI
afforestation,SAIH_AFF_r21c57,early_restoration,0.3719,0.01395,,GEDI_rh98_m(pending),0,Landsat_C2_L2,regimeC_v0_CLCD+NDVI
afforestation,SAIH_AFF_r21c58,stable_restoration,0.7565,0.02251,,GEDI_rh98_m(pending),0,Landsat_C2_L2,regimeC_v0_CLCD+NDVI
afforestation,SAIH_AFF_r21c59,early_restoration,0.5693,0.00456,,GEDI_rh98_m(pending),0,Landsat_C2_L2,regimeC_v0_CLCD+NDVI
afforestation,SAIH_AFF_r21c60,stable_restoration,0.7257,0.00968,,GEDI_rh98_m(pending),0,Landsat_C2_L2,regimeC_v0_CLCD+NDVI
afforestation,SAIH_AFF_r21c61,early_restoration,0.6323,0.01122,,GEDI_rh98_m(pending),0,Landsat_C2_L2,regimeC_v0_CLCD+NDVI
afforestation,SAIH_AFF_r21c62,degraded,0.2427,0.00487,,GEDI_rh98_m(pending),0,Landsat_C2_L2,regimeC_v0_CLCD+NDVI
afforestation,SAIH_AFF_r21c63,degraded,0.2907,0.01167,,GEDI_rh98_m(pending),0,Landsat_C2_L2,regimeC_v0_CLCD+NDVI
afforestation,SAIH_AFF_r21c64,degraded,0.2215,0.00879,,GEDI_rh98_m(pending),0,Landsat_C2_L2,regimeC_v0_CLCD+NDVI
afforestation,SAIH_AFF_r22c03,early_restoration,0.4372,0.01863,,GEDI_rh98_m(pending),0,Landsat_C2_L2,regimeC_v0_CLCD+NDVI
afforestation,SAIH_AFF_r22c04,stable_restoration,0.7622,0.03789,,GEDI_rh98_m(pending),0,Landsat_C2_L2,regimeC_v0_CLCD+NDVI
afforestation,SAIH_AFF_r22c05,stable_restoration,0.9887,0.04987,,GEDI_rh98_m(pending),0,Landsat_C2_L2,regimeC_v0_CLCD+NDVI
afforestation,SAIH_AFF_r22c06,stable_restoration,0.9762,0.04064,,GEDI_rh98_m(pending),0,Landsat_C2_L2,regimeC_v0_CLCD+NDVI
afforestation,SAIH_AFF_r22c07,stable_restoration,0.9785,0.03687,,GEDI_rh98_m(pending),0,Landsat_C2_L2,regimeC_v0_CLCD+NDVI
afforestation,SAIH_AFF_r22c08,stable_restoration,0.8773,0.03079,,GEDI_rh98_m(pending),0,Landsat_C2_L2,regimeC_v0_CLCD+NDVI
afforestation,SAIH_AFF_r22c09,stable_restoration,0.7702,0.03055,,GEDI_rh98_m(pending),0,Landsat_C2_L2,regimeC_v0_CLCD+NDVI
afforestation,SAIH_AFF_r22c10,stable_restoration,0.8686,0.04194,,GEDI_rh98_m(pending),0,Landsat_C2_L2,regimeC_v0_CLCD+NDVI
afforestation,SAIH_AFF_r22c11,stable_restoration,0.971,0.02866,,GEDI_rh98_m(pending),0,Landsat_C2_L2,regimeC_v0_CLCD+NDVI
afforestation,SAIH_AFF_r22c12,stable_restoration,0.8778,0.0313,,GEDI_rh98_m(pending),0,Landsat_C2_L2,regimeC_v0_CLCD+NDVI
afforestation,SAIH_AFF_r22c13,stable_restoration,0.9922,0.04116,,GEDI_rh98_m(pending),0,Landsat_C2_L2,regimeC_v0_CLCD+NDVI
afforestation,SAIH_AFF_r22c14,early_restoration,0.5871,0.0242,,GEDI_rh98_m(pending),0,Landsat_C2_L2,regimeC_v0_CLCD+NDVI
afforestation,SAIH_AFF_r22c15,degraded,0.3028,0.01,,GEDI_rh98_m(pending),0,Landsat_C2_L2,regimeC_v0_CLCD+NDVI
afforestation,SAIH_AFF_r22c16,degraded,0.1413,0.00499,,GEDI_rh98_m(pending),0,Landsat_C2_L2,regimeC_v0_CLCD+NDVI
afforestation,SAIH_AFF_r22c17,degraded,0.202,0.00757,,GEDI_rh98_m(pending),0,Landsat_C2_L2,regimeC_v0_CLCD+NDVI
afforestation,SAIH_AFF_r22c18,early_restoration,0.4612,0.01371,,GEDI_rh98_m(pending),0,Landsat_C2_L2,regimeC_v0_CLCD+NDVI
afforestation,SAIH_AFF_r22c19,early_restoration,0.519,0.01297,,GEDI_rh98_m(pending),0,Landsat_C2_L2,regimeC_v0_CLCD+NDVI
afforestation,SAIH_AFF_r22c21,degraded,0.1294,0.00458,,GEDI_rh98_m(pending),0,Landsat_C2_L2,regimeC_v0_CLCD+NDVI
afforestation,SAIH_AFF_r22c26,degraded,0.3227,0.01349,,GEDI_rh98_m(pending),0,Landsat_C2_L2,regimeC_v0_CLCD+NDVI
afforestation,SAIH_AFF_r22c27,early_restoration,0.3942,0.02007,,GEDI_rh98_m(pending),0,Landsat_C2_L2,regimeC_v0_CLCD+NDVI
afforestation,SAIH_AFF_r22c30,degraded,0.3163,0.01106,,GEDI_rh98_m(pending),0,Landsat_C2_L2,regimeC_v0_CLCD+NDVI
afforestation,SAIH_AFF_r22c31,stable_restoration,0.7713,0.00423,,GEDI_rh98_m(pending),0,Landsat_C2_L2,regimeC_v0_CLCD+NDVI
afforestation,SAIH_AFF_r22c32,stable_restoration,0.9671,0.00163,,GEDI_rh98_m(pending),0,Landsat_C2_L2,regimeC_v0_CLCD+NDVI
afforestation,SAIH_AFF_r22c33,stable_restoration,0.9911,0.00382,,GEDI_rh98_m(pending),0,Landsat_C2_L2,regimeC_v0_CLCD+NDVI
afforestation,SAIH_AFF_r22c34,stable_restoration,1.0094,0.00334,,GEDI_rh98_m(pending),0,Landsat_C2_L2,regimeC_v0_CLCD+NDVI
afforestation,SAIH_AFF_r22c35,stable_restoration,0.96,0.00508,,GEDI_rh98_m(pending),0,Landsat_C2_L2,regimeC_v0_CLCD+NDVI
afforestation,SAIH_AFF_r22c36,stable_restoration,1.0002,0.00181,,GEDI_rh98_m(pending),0,Landsat_C2_L2,regimeC_v0_CLCD+NDVI
afforestation,SAIH_AFF_r22c37,stable_restoration,1.0054,0.00547,,GEDI_rh98_m(pending),0,Landsat_C2_L2,regimeC_v0_CLCD+NDVI
afforestation,SAIH_AFF_r22c38,stable_restoration,0.9705,0.00237,,GEDI_rh98_m(pending),0,Landsat_C2_L2,regimeC_v0_CLCD+NDVI
afforestation,SAIH_AFF_r22c39,stable_restoration,0.9705,0.00562,,GEDI_rh98_m(pending),0,Landsat_C2_L2,regimeC_v0_CLCD+NDVI
afforestation,SAIH_AFF_r22c40,stable_restoration,0.9768,0.00163,,GEDI_rh98_m(pending),0,Landsat_C2_L2,regimeC_v0_CLCD+NDVI
afforestation,SAIH_AFF_r22c41,stable_restoration,0.951,0.00488,,GEDI_rh98_m(pending),0,Landsat_C2_L2,regimeC_v0_CLCD+NDVI
afforestation,SAIH_AFF_r22c42,stable_restoration,0.9733,0.0047,,GEDI_rh98_m(pending),0,Landsat_C2_L2,regimeC_v0_CLCD+NDVI
afforestation,SAIH_AFF_r22c43,stable_restoration,0.8389,0.00537,,GEDI_rh98_m(pending),0,Landsat_C2_L2,regimeC_v0_CLCD+NDVI
afforestation,SAIH_AFF_r22c44,stable_restoration,0.7519,0.00674,,GEDI_rh98_m(pending),0,Landsat_C2_L2,regimeC_v0_CLCD+NDVI
afforestation,SAIH_AFF_r22c45,stable_restoration,0.697,0.00586,,GEDI_rh98_m(pending),0,Landsat_C2_L2,regimeC_v0_CLCD+NDVI
afforestation,SAIH_AFF_r22c46,stable_restoration,0.7301,0.00376,,GEDI_rh98_m(pending),0,Landsat_C2_L2,regimeC_v0_CLCD+NDVI
afforestation,SAIH_AFF_r22c47,stable_restoration,0.7536,0.00812,,GEDI_rh98_m(pending),0,Landsat_C2_L2,regimeC_v0_CLCD+NDVI
afforestation,SAIH_AFF_r22c48,stable_restoration,0.8543,0.00362,,GEDI_rh98_m(pending),0,Landsat_C2_L2,regimeC_v0_CLCD+NDVI
afforestation,SAIH_AFF_r22c49,early_restoration,0.6398,0.00166,,GEDI_rh98_m(pending),0,Landsat_C2_L2,regimeC_v0_CLCD+NDVI
afforestation,SAIH_AFF_r22c50,stable_restoration,0.6864,0.00457,,GEDI_rh98_m(pending),0,Landsat_C2_L2,regimeC_v0_CLCD+NDVI
afforestation,SAIH_AFF_r22c51,early_restoration,0.6032,0.00218,,GEDI_rh98_m(pending),0,Landsat_C2_L2,regimeC_v0_CLCD+NDVI
afforestation,SAIH_AFF_r22c52,early_restoration,0.348,0.00188,,GEDI_rh98_m(pending),0,Landsat_C2_L2,regimeC_v0_CLCD+NDVI
afforestation,SAIH_AFF_r22c53,early_restoration,0.6575,0.00448,,GEDI_rh98_m(pending),0,Landsat_C2_L2,regimeC_v0_CLCD+NDVI
afforestation,SAIH_AFF_r22c54,early_restoration,0.5459,0.01544,,GEDI_rh98_m(pending),0,Landsat_C2_L2,regimeC_v0_CLCD+NDVI
afforestation,SAIH_AFF_r22c55,degraded,0.2147,0.00495,,GEDI_rh98_m(pending),0,Landsat_C2_L2,regimeC_v0_CLCD+NDVI
afforestation,SAIH_AFF_r22c56,degraded,0.2953,0.0059,,GEDI_rh98_m(pending),0,Landsat_C2_L2,regimeC_v0_CLCD+NDVI
afforestation,SAIH_AFF_r22c57,degraded,0.1179,0.00361,,GEDI_rh98_m(pending),0,Landsat_C2_L2,regimeC_v0_CLCD+NDVI
afforestation,SAIH_AFF_r22c58,degraded,0.1774,0.00264,,GEDI_rh98_m(pending),0,Landsat_C2_L2,regimeC_v0_CLCD+NDVI
afforestation,SAIH_AFF_r22c59,early_restoration,0.4012,0.00882,,GEDI_rh98_m(pending),0,Landsat_C2_L2,regimeC_v0_CLCD+NDVI
afforestation,SAIH_AFF_r22c60,early_restoration,0.3387,0.0103,,GEDI_rh98_m(pending),0,Landsat_C2_L2,regimeC_v0_CLCD+NDVI
afforestation,SAIH_AFF_r22c61,early_restoration,0.5156,0.00504,,GEDI_rh98_m(pending),0,Landsat_C2_L2,regimeC_v0_CLCD+NDVI
afforestation,SAIH_AFF_r22c62,early_restoration,0.6546,0.01355,,GEDI_rh98_m(pending),0,Landsat_C2_L2,regimeC_v0_CLCD+NDVI
afforestation,SAIH_AFF_r22c63,degraded,0.2015,0.00789,,GEDI_rh98_m(pending),0,Landsat_C2_L2,regimeC_v0_CLCD+NDVI
afforestation,SAIH_AFF_r22c64,early_restoration,0.4593,0.00873,,GEDI_rh98_m(pending),0,Landsat_C2_L2,regimeC_v0_CLCD+NDVI
afforestation,SAIH_AFF_r23c02,early_restoration,0.4424,0.01994,,GEDI_rh98_m(pending),0,Landsat_C2_L2,regimeC_v0_CLCD+NDVI
afforestation,SAIH_AFF_r23c03,stable_restoration,0.8005,0.03865,,GEDI_rh98_m(pending),0,Landsat_C2_L2,regimeC_v0_CLCD+NDVI
afforestation,SAIH_AFF_r23c04,stable_restoration,1.0042,0.04613,,GEDI_rh98_m(pending),0,Landsat_C2_L2,regimeC_v0_CLCD+NDVI
afforestation,SAIH_AFF_r23c05,stable_restoration,0.9887,0.04223,,GEDI_rh98_m(pending),0,Landsat_C2_L2,regimeC_v0_CLCD+NDVI
afforestation,SAIH_AFF_r23c06,stable_restoration,0.9328,0.03895,,GEDI_rh98_m(pending),0,Landsat_C2_L2,regimeC_v0_CLCD+NDVI
afforestation,SAIH_AFF_r23c07,stable_restoration,0.8675,0.02964,,GEDI_rh98_m(pending),0,Landsat_C2_L2,regimeC_v0_CLCD+NDVI
afforestation,SAIH_AFF_r23c08,stable_restoration,0.7078,0.03102,,GEDI_rh98_m(pending),0,Landsat_C2_L2,regimeC_v0_CLCD+NDVI
afforestation,SAIH_AFF_r23c09,early_restoration,0.622,0.02776,,GEDI_rh98_m(pending),0,Landsat_C2_L2,regimeC_v0_CLCD+NDVI
afforestation,SAIH_AFF_r23c10,early_restoration,0.4789,0.02094,,GEDI_rh98_m(pending),0,Landsat_C2_L2,regimeC_v0_CLCD+NDVI
afforestation,SAIH_AFF_r23c11,stable_restoration,0.6792,0.03051,,GEDI_rh98_m(pending),0,Landsat_C2_L2,regimeC_v0_CLCD+NDVI
afforestation,SAIH_AFF_r23c12,stable_restoration,0.9116,0.02989,,GEDI_rh98_m(pending),0,Landsat_C2_L2,regimeC_v0_CLCD+NDVI
afforestation,SAIH_AFF_r23c13,early_restoration,0.658,0.01883,,GEDI_rh98_m(pending),0,Landsat_C2_L2,regimeC_v0_CLCD+NDVI
afforestation,SAIH_AFF_r23c15,degraded,0.2327,0.01015,,GEDI_rh98_m(pending),0,Landsat_C2_L2,regimeC_v0_CLCD+NDVI
afforestation,SAIH_AFF_r23c16,degraded,0.2404,0.00863,,GEDI_rh98_m(pending),0,Landsat_C2_L2,regimeC_v0_CLCD+NDVI
afforestation,SAIH_AFF_r23c17,early_restoration,0.4126,0.01948,,GEDI_rh98_m(pending),0,Landsat_C2_L2,regimeC_v0_CLCD+NDVI
afforestation,SAIH_AFF_r23c18,early_restoration,0.5179,0.02132,,GEDI_rh98_m(pending),0,Landsat_C2_L2,regimeC_v0_CLCD+NDVI
afforestation,SAIH_AFF_r23c19,early_restoration,0.6575,0.03033,,GEDI_rh98_m(pending),0,Landsat_C2_L2,regimeC_v0_CLCD+NDVI
afforestation,SAIH_AFF_r23c20,degraded,0.2562,0.01083,,GEDI_rh98_m(pending),0,Landsat_C2_L2,regimeC_v0_CLCD+NDVI
afforestation,SAIH_AFF_r23c21,degraded,0.2106,0.00443,,GEDI_rh98_m(pending),0,Landsat_C2_L2,regimeC_v0_CLCD+NDVI
afforestation,SAIH_AFF_r23c22,early_restoration,0.3548,0.01248,,GEDI_rh98_m(pending),0,Landsat_C2_L2,regimeC_v0_CLCD+NDVI
afforestation,SAIH_AFF_r23c23,degraded,0.2666,0.01078,,GEDI_rh98_m(pending),0,Landsat_C2_L2,regimeC_v0_CLCD+NDVI
afforestation,SAIH_AFF_r23c24,early_restoration,0.4417,0.00872,,GEDI_rh98_m(pending),0,Landsat_C2_L2,regimeC_v0_CLCD+NDVI
afforestation,SAIH_AFF_r23c25,degraded,0.3096,0.00723,,GEDI_rh98_m(pending),0,Landsat_C2_L2,regimeC_v0_CLCD+NDVI
afforestation,SAIH_AFF_r23c26,degraded,0.2506,0.00891,,GEDI_rh98_m(pending),0,Landsat_C2_L2,regimeC_v0_CLCD+NDVI
afforestation,SAIH_AFF_r23c27,early_restoration,0.5133,0.02481,,GEDI_rh98_m(pending),0,Landsat_C2_L2,regimeC_v0_CLCD+NDVI
afforestation,SAIH_AFF_r23c28,degraded,0.257,0.01215,,GEDI_rh98_m(pending),0,Landsat_C2_L2,regimeC_v0_CLCD+NDVI
afforestation,SAIH_AFF_r23c30,degraded,0.2467,0.01125,,GEDI_rh98_m(pending),0,Landsat_C2_L2,regimeC_v0_CLCD+NDVI
afforestation,SAIH_AFF_r23c31,early_restoration,0.4509,0.01598,,GEDI_rh98_m(pending),0,Landsat_C2_L2,regimeC_v0_CLCD+NDVI
afforestation,SAIH_AFF_r23c32,stable_restoration,0.7668,0.00686,,GEDI_rh98_m(pending),0,Landsat_C2_L2,regimeC_v0_CLCD+NDVI
afforestation,SAIH_AFF_r23c33,stable_restoration,0.9997,0.00144,,GEDI_rh98_m(pending),0,Landsat_C2_L2,regimeC_v0_CLCD+NDVI
afforestation,SAIH_AFF_r23c34,stable_restoration,0.9951,0.00171,,GEDI_rh98_m(pending),0,Landsat_C2_L2,regimeC_v0_CLCD+NDVI
afforestation,SAIH_AFF_r23c35,stable_restoration,0.9791,0.00218,,GEDI_rh98_m(pending),0,Landsat_C2_L2,regimeC_v0_CLCD+NDVI
afforestation,SAIH_AFF_r23c36,stable_restoration,1.0156,0.00137,,GEDI_rh98_m(pending),0,Landsat_C2_L2,regimeC_v0_CLCD+NDVI
afforestation,SAIH_AFF_r23c37,stable_restoration,0.9997,0.00269,,GEDI_rh98_m(pending),0,Landsat_C2_L2,regimeC_v0_CLCD+NDVI
afforestation,SAIH_AFF_r23c38,stable_restoration,0.9922,0.00304,,GEDI_rh98_m(pending),0,Landsat_C2_L2,regimeC_v0_CLCD+NDVI
afforestation,SAIH_AFF_r23c39,stable_restoration,1.0374,0.00038,,GEDI_rh98_m(pending),0,Landsat_C2_L2,regimeC_v0_CLCD+NDVI
afforestation,SAIH_AFF_r23c40,stable_restoration,1.0318,0.00205,,GEDI_rh98_m(pending),0,Landsat_C2_L2,regimeC_v0_CLCD+NDVI
afforestation,SAIH_AFF_r23c41,stable_restoration,1.0306,-0.00037,,GEDI_rh98_m(pending),0,Landsat_C2_L2,regimeC_v0_CLCD+NDVI
afforestation,SAIH_AFF_r23c42,stable_restoration,0.9962,0.00098,,GEDI_rh98_m(pending),0,Landsat_C2_L2,regimeC_v0_CLCD+NDVI
afforestation,SAIH_AFF_r23c43,stable_restoration,0.9665,8e-05,,GEDI_rh98_m(pending),0,Landsat_C2_L2,regimeC_v0_CLCD+NDVI
afforestation,SAIH_AFF_r23c44,stable_restoration,0.757,0.00432,,GEDI_rh98_m(pending),0,Landsat_C2_L2,regimeC_v0_CLCD+NDVI
afforestation,SAIH_AFF_r23c45,stable_restoration,0.7598,0.00465,,GEDI_rh98_m(pending),0,Landsat_C2_L2,regimeC_v0_CLCD+NDVI
afforestation,SAIH_AFF_r23c46,stable_restoration,0.8548,0.00298,,GEDI_rh98_m(pending),0,Landsat_C2_L2,regimeC_v0_CLCD+NDVI
afforestation,SAIH_AFF_r23c47,stable_restoration,0.6861,0.00336,,GEDI_rh98_m(pending),0,Landsat_C2_L2,regimeC_v0_CLCD+NDVI
afforestation,SAIH_AFF_r23c48,stable_restoration,0.7611,0.00975,,GEDI_rh98_m(pending),0,Landsat_C2_L2,regimeC_v0_CLCD+NDVI
afforestation,SAIH_AFF_r23c49,stable_restoration,0.8234,0.00372,,GEDI_rh98_m(pending),0,Landsat_C2_L2,regimeC_v0_CLCD+NDVI
afforestation,SAIH_AFF_r23c50,stable_restoration,0.7257,0.00187,,GEDI_rh98_m(pending),0,Landsat_C2_L2,regimeC_v0_CLCD+NDVI
afforestation,SAIH_AFF_r23c51,early_restoration,0.5962,0.00307,,GEDI_rh98_m(pending),0,Landsat_C2_L2,regimeC_v0_CLCD+NDVI
afforestation,SAIH_AFF_r23c52,stable_restoration,0.7301,0.00592,,GEDI_rh98_m(pending),0,Landsat_C2_L2,regimeC_v0_CLCD+NDVI
afforestation,SAIH_AFF_r23c53,degraded,0.2152,0.00485,,GEDI_rh98_m(pending),0,Landsat_C2_L2,regimeC_v0_CLCD+NDVI
afforestation,SAIH_AFF_r23c54,degraded,0.1763,0.00398,,GEDI_rh98_m(pending),0,Landsat_C2_L2,regimeC_v0_CLCD+NDVI
afforestation,SAIH_AFF_r23c59,early_restoration,0.4326,0.00466,,GEDI_rh98_m(pending),0,Landsat_C2_L2,regimeC_v0_CLCD+NDVI
afforestation,SAIH_AFF_r23c60,degraded,0.3068,0.00471,,GEDI_rh98_m(pending),0,Landsat_C2_L2,regimeC_v0_CLCD+NDVI
afforestation,SAIH_AFF_r23c61,degraded,0.2964,0.00872,,GEDI_rh98_m(pending),0,Landsat_C2_L2,regimeC_v0_CLCD+NDVI
afforestation,SAIH_AFF_r23c62,early_restoration,0.4549,0.00728,,GEDI_rh98_m(pending),0,Landsat_C2_L2,regimeC_v0_CLCD+NDVI
afforestation,SAIH_AFF_r23c63,degraded,0.2947,0.01129,,GEDI_rh98_m(pending),0,Landsat_C2_L2,regimeC_v0_CLCD+NDVI
afforestation,SAIH_AFF_r23c64,early_restoration,0.3628,0.01497,,GEDI_rh98_m(pending),0,Landsat_C2_L2,regimeC_v0_CLCD+NDVI
afforestation,SAIH_AFF_r24c02,early_restoration,0.5648,0.02312,,GEDI_rh98_m(pending),0,Landsat_C2_L2,regimeC_v0_CLCD+NDVI
afforestation,SAIH_AFF_r24c03,stable_restoration,0.9012,0.04313,,GEDI_rh98_m(pending),0,Landsat_C2_L2,regimeC_v0_CLCD+NDVI
afforestation,SAIH_AFF_r24c04,stable_restoration,0.8526,0.03749,,GEDI_rh98_m(pending),0,Landsat_C2_L2,regimeC_v0_CLCD+NDVI
afforestation,SAIH_AFF_r24c05,stable_restoration,0.8574,0.03874,,GEDI_rh98_m(pending),0,Landsat_C2_L2,regimeC_v0_CLCD+NDVI
afforestation,SAIH_AFF_r24c06,stable_restoration,0.6935,0.0327,,GEDI_rh98_m(pending),0,Landsat_C2_L2,regimeC_v0_CLCD+NDVI
afforestation,SAIH_AFF_r24c07,stable_restoration,0.7365,0.03534,,GEDI_rh98_m(pending),0,Landsat_C2_L2,regimeC_v0_CLCD+NDVI
afforestation,SAIH_AFF_r24c08,early_restoration,0.5711,0.02447,,GEDI_rh98_m(pending),0,Landsat_C2_L2,regimeC_v0_CLCD+NDVI
afforestation,SAIH_AFF_r24c09,early_restoration,0.3376,0.01363,,GEDI_rh98_m(pending),0,Landsat_C2_L2,regimeC_v0_CLCD+NDVI
afforestation,SAIH_AFF_r24c11,degraded,0.2311,0.01039,,GEDI_rh98_m(pending),0,Landsat_C2_L2,regimeC_v0_CLCD+NDVI
afforestation,SAIH_AFF_r24c12,early_restoration,0.4509,0.01878,,GEDI_rh98_m(pending),0,Landsat_C2_L2,regimeC_v0_CLCD+NDVI
afforestation,SAIH_AFF_r24c13,early_restoration,0.4538,0.01494,,GEDI_rh98_m(pending),0,Landsat_C2_L2,regimeC_v0_CLCD+NDVI
afforestation,SAIH_AFF_r24c14,early_restoration,0.3491,0.00844,,GEDI_rh98_m(pending),0,Landsat_C2_L2,regimeC_v0_CLCD+NDVI
afforestation,SAIH_AFF_r24c16,early_restoration,0.4629,0.01832,,GEDI_rh98_m(pending),0,Landsat_C2_L2,regimeC_v0_CLCD+NDVI
afforestation,SAIH_AFF_r24c17,early_restoration,0.5636,0.02867,,GEDI_rh98_m(pending),0,Landsat_C2_L2,regimeC_v0_CLCD+NDVI
afforestation,SAIH_AFF_r24c18,early_restoration,0.3971,0.01508,,GEDI_rh98_m(pending),0,Landsat_C2_L2,regimeC_v0_CLCD+NDVI
afforestation,SAIH_AFF_r24c19,degraded,0.1694,0.00722,,GEDI_rh98_m(pending),0,Landsat_C2_L2,regimeC_v0_CLCD+NDVI
afforestation,SAIH_AFF_r24c20,degraded,0.1951,0.00462,,GEDI_rh98_m(pending),0,Landsat_C2_L2,regimeC_v0_CLCD+NDVI
afforestation,SAIH_AFF_r24c21,degraded,0.1808,0.00464,,GEDI_rh98_m(pending),0,Landsat_C2_L2,regimeC_v0_CLCD+NDVI
afforestation,SAIH_AFF_r24c22,early_restoration,0.5384,0.01201,,GEDI_rh98_m(pending),0,Landsat_C2_L2,regimeC_v0_CLCD+NDVI
afforestation,SAIH_AFF_r24c23,early_restoration,0.436,0.01755,,GEDI_rh98_m(pending),0,Landsat_C2_L2,regimeC_v0_CLCD+NDVI
afforestation,SAIH_AFF_r24c24,early_restoration,0.3399,0.01454,,GEDI_rh98_m(pending),0,Landsat_C2_L2,regimeC_v0_CLCD+NDVI
afforestation,SAIH_AFF_r24c25,degraded,0.0482,0.00224,,GEDI_rh98_m(pending),0,Landsat_C2_L2,regimeC_v0_CLCD+NDVI
afforestation,SAIH_AFF_r24c27,early_restoration,0.3805,0.01231,,GEDI_rh98_m(pending),0,Landsat_C2_L2,regimeC_v0_CLCD+NDVI
afforestation,SAIH_AFF_r24c28,early_restoration,0.4749,0.0223,,GEDI_rh98_m(pending),0,Landsat_C2_L2,regimeC_v0_CLCD+NDVI
afforestation,SAIH_AFF_r24c29,degraded,0.1419,0.00587,,GEDI_rh98_m(pending),0,Landsat_C2_L2,regimeC_v0_CLCD+NDVI
afforestation,SAIH_AFF_r24c30,degraded,0.2928,0.01481,,GEDI_rh98_m(pending),0,Landsat_C2_L2,regimeC_v0_CLCD+NDVI
afforestation,SAIH_AFF_r24c31,early_restoration,0.4172,0.02264,,GEDI_rh98_m(pending),0,Landsat_C2_L2,regimeC_v0_CLCD+NDVI
afforestation,SAIH_AFF_r24c32,early_restoration,0.3668,0.01617,,GEDI_rh98_m(pending),0,Landsat_C2_L2,regimeC_v0_CLCD+NDVI
afforestation,SAIH_AFF_r24c33,stable_restoration,0.8698,0.02997,,GEDI_rh98_m(pending),0,Landsat_C2_L2,regimeC_v0_CLCD+NDVI
afforestation,SAIH_AFF_r24c34,stable_restoration,0.8354,0.00345,,GEDI_rh98_m(pending),0,Landsat_C2_L2,regimeC_v0_CLCD+NDVI
afforestation,SAIH_AFF_r24c35,stable_restoration,0.7313,0.00373,,GEDI_rh98_m(pending),0,Landsat_C2_L2,regimeC_v0_CLCD+NDVI
afforestation,SAIH_AFF_r24c36,stable_restoration,0.784,0.00646,,GEDI_rh98_m(pending),0,Landsat_C2_L2,regimeC_v0_CLCD+NDVI
afforestation,SAIH_AFF_r24c37,stable_restoration,0.772,0.00605,,GEDI_rh98_m(pending),0,Landsat_C2_L2,regimeC_v0_CLCD+NDVI
afforestation,SAIH_AFF_r24c38,stable_restoration,0.745,0.0033,,GEDI_rh98_m(pending),0,Landsat_C2_L2,regimeC_v0_CLCD+NDVI
afforestation,SAIH_AFF_r24c39,stable_restoration,0.9562,0.00212,,GEDI_rh98_m(pending),0,Landsat_C2_L2,regimeC_v0_CLCD+NDVI
afforestation,SAIH_AFF_r24c40,stable_restoration,0.895,0.00267,,GEDI_rh98_m(pending),0,Landsat_C2_L2,regimeC_v0_CLCD+NDVI
afforestation,SAIH_AFF_r24c41,stable_restoration,0.7508,0.00444,,GEDI_rh98_m(pending),0,Landsat_C2_L2,regimeC_v0_CLCD+NDVI
afforestation,SAIH_AFF_r24c42,stable_restoration,0.9601,0.00034,,GEDI_rh98_m(pending),0,Landsat_C2_L2,regimeC_v0_CLCD+NDVI
afforestation,SAIH_AFF_r24c43,stable_restoration,0.9894,0.00144,,GEDI_rh98_m(pending),0,Landsat_C2_L2,regimeC_v0_CLCD+NDVI
afforestation,SAIH_AFF_r24c44,stable_restoration,1.0111,0.00096,,GEDI_rh98_m(pending),0,Landsat_C2_L2,regimeC_v0_CLCD+NDVI
afforestation,SAIH_AFF_r24c45,stable_restoration,0.9152,0.00449,,GEDI_rh98_m(pending),0,Landsat_C2_L2,regimeC_v0_CLCD+NDVI
afforestation,SAIH_AFF_r24c46,stable_restoration,0.8589,0.00384,,GEDI_rh98_m(pending),0,Landsat_C2_L2,regimeC_v0_CLCD+NDVI
afforestation,SAIH_AFF_r24c47,early_restoration,0.5591,0.00262,,GEDI_rh98_m(pending),0,Landsat_C2_L2,regimeC_v0_CLCD+NDVI
afforestation,SAIH_AFF_r24c48,early_restoration,0.3765,0.00314,,GEDI_rh98_m(pending),0,Landsat_C2_L2,regimeC_v0_CLCD+NDVI
afforestation,SAIH_AFF_r24c49,early_restoration,0.5539,0.00665,,GEDI_rh98_m(pending),0,Landsat_C2_L2,regimeC_v0_CLCD+NDVI
afforestation,SAIH_AFF_r24c50,stable_restoration,0.7526,0.00651,,GEDI_rh98_m(pending),0,Landsat_C2_L2,regimeC_v0_CLCD+NDVI
afforestation,SAIH_AFF_r24c51,stable_restoration,0.7616,0.00196,,GEDI_rh98_m(pending),0,Landsat_C2_L2,regimeC_v0_CLCD+NDVI
afforestation,SAIH_AFF_r24c52,early_restoration,0.3919,0.00838,,GEDI_rh98_m(pending),0,Landsat_C2_L2,regimeC_v0_CLCD+NDVI
afforestation,SAIH_AFF_r24c53,degraded,0.2638,0.00411,,GEDI_rh98_m(pending),0,Landsat_C2_L2,regimeC_v0_CLCD+NDVI
afforestation,SAIH_AFF_r24c54,stable_restoration,0.6901,0.00262,,GEDI_rh98_m(pending),0,Landsat_C2_L2,regimeC_v0_CLCD+NDVI
afforestation,SAIH_AFF_r24c55,stable_restoration,0.706,0.00744,,GEDI_rh98_m(pending),0,Landsat_C2_L2,regimeC_v0_CLCD+NDVI
afforestation,SAIH_AFF_r24c56,stable_restoration,0.7215,0.00219,,GEDI_rh98_m(pending),0,Landsat_C2_L2,regimeC_v0_CLCD+NDVI
afforestation,SAIH_AFF_r24c57,stable_restoration,0.9069,0.00661,,GEDI_rh98_m(pending),0,Landsat_C2_L2,regimeC_v0_CLCD+NDVI
afforestation,SAIH_AFF_r24c58,early_restoration,0.5968,0.00331,,GEDI_rh98_m(pending),0,Landsat_C2_L2,regimeC_v0_CLCD+NDVI
afforestation,SAIH_AFF_r24c59,degraded,0.1894,0.00509,,GEDI_rh98_m(pending),0,Landsat_C2_L2,regimeC_v0_CLCD+NDVI
afforestation,SAIH_AFF_r24c60,degraded,0.3117,0.00287,,GEDI_rh98_m(pending),0,Landsat_C2_L2,regimeC_v0_CLCD+NDVI
afforestation,SAIH_AFF_r24c61,early_restoration,0.3696,0.00558,,GEDI_rh98_m(pending),0,Landsat_C2_L2,regimeC_v0_CLCD+NDVI
afforestation,SAIH_AFF_r24c62,early_restoration,0.5705,0.00994,,GEDI_rh98_m(pending),0,Landsat_C2_L2,regimeC_v0_CLCD+NDVI
afforestation,SAIH_AFF_r24c63,stable_restoration,0.6924,0.01552,,GEDI_rh98_m(pending),0,Landsat_C2_L2,regimeC_v0_CLCD+NDVI
afforestation,SAIH_AFF_r24c64,degraded,0.2316,0.00746,,GEDI_rh98_m(pending),0,Landsat_C2_L2,regimeC_v0_CLCD+NDVI
afforestation,SAIH_AFF_r25c02,early_restoration,0.3483,0.00861,,GEDI_rh98_m(pending),0,Landsat_C2_L2,regimeC_v0_CLCD+NDVI
afforestation,SAIH_AFF_r25c03,early_restoration,0.3906,0.01534,,GEDI_rh98_m(pending),0,Landsat_C2_L2,regimeC_v0_CLCD+NDVI
afforestation,SAIH_AFF_r25c04,early_restoration,0.3979,0.01904,,GEDI_rh98_m(pending),0,Landsat_C2_L2,regimeC_v0_CLCD+NDVI
afforestation,SAIH_AFF_r25c05,degraded,0.1501,0.00556,,GEDI_rh98_m(pending),0,Landsat_C2_L2,regimeC_v0_CLCD+NDVI
afforestation,SAIH_AFF_r25c06,degraded,0.181,0.00685,,GEDI_rh98_m(pending),0,Landsat_C2_L2,regimeC_v0_CLCD+NDVI
afforestation,SAIH_AFF_r25c07,degraded,0.2446,0.00779,,GEDI_rh98_m(pending),0,Landsat_C2_L2,regimeC_v0_CLCD+NDVI
afforestation,SAIH_AFF_r25c08,degraded,0.2123,0.00704,,GEDI_rh98_m(pending),0,Landsat_C2_L2,regimeC_v0_CLCD+NDVI
afforestation,SAIH_AFF_r25c11,degraded,0.2898,0.01146,,GEDI_rh98_m(pending),0,Landsat_C2_L2,regimeC_v0_CLCD+NDVI
afforestation,SAIH_AFF_r25c12,degraded,0.1633,0.00656,,GEDI_rh98_m(pending),0,Landsat_C2_L2,regimeC_v0_CLCD+NDVI
afforestation,SAIH_AFF_r25c13,degraded,0.2802,0.01186,,GEDI_rh98_m(pending),0,Landsat_C2_L2,regimeC_v0_CLCD+NDVI
afforestation,SAIH_AFF_r25c14,degraded,0.1978,0.00703,,GEDI_rh98_m(pending),0,Landsat_C2_L2,regimeC_v0_CLCD+NDVI
afforestation,SAIH_AFF_r25c15,degraded,0.172,0.00495,,GEDI_rh98_m(pending),0,Landsat_C2_L2,regimeC_v0_CLCD+NDVI
afforestation,SAIH_AFF_r25c16,degraded,0.1922,0.00559,,GEDI_rh98_m(pending),0,Landsat_C2_L2,regimeC_v0_CLCD+NDVI
afforestation,SAIH_AFF_r25c17,degraded,0.2207,0.0055,,GEDI_rh98_m(pending),0,Landsat_C2_L2,regimeC_v0_CLCD+NDVI
afforestation,SAIH_AFF_r25c18,degraded,0.1164,0.00391,,GEDI_rh98_m(pending),0,Landsat_C2_L2,regimeC_v0_CLCD+NDVI
afforestation,SAIH_AFF_r25c20,degraded,0.2004,0.00278,,GEDI_rh98_m(pending),0,Landsat_C2_L2,regimeC_v0_CLCD+NDVI
afforestation,SAIH_AFF_r25c21,degraded,0.2881,0.004,,GEDI_rh98_m(pending),0,Landsat_C2_L2,regimeC_v0_CLCD+NDVI
afforestation,SAIH_AFF_r25c23,degraded,0.1359,0.00368,,GEDI_rh98_m(pending),0,Landsat_C2_L2,regimeC_v0_CLCD+NDVI
afforestation,SAIH_AFF_r25c24,early_restoration,0.4078,0.01365,,GEDI_rh98_m(pending),0,Landsat_C2_L2,regimeC_v0_CLCD+NDVI
afforestation,SAIH_AFF_r25c25,degraded,0.1643,0.00638,,GEDI_rh98_m(pending),0,Landsat_C2_L2,regimeC_v0_CLCD+NDVI
afforestation,SAIH_AFF_r25c30,early_restoration,0.3778,0.02021,,GEDI_rh98_m(pending),0,Landsat_C2_L2,regimeC_v0_CLCD+NDVI
afforestation,SAIH_AFF_r25c31,stable_restoration,0.7193,0.03951,,GEDI_rh98_m(pending),0,Landsat_C2_L2,regimeC_v0_CLCD+NDVI
afforestation,SAIH_AFF_r25c32,stable_restoration,0.8396,0.03632,,GEDI_rh98_m(pending),0,Landsat_C2_L2,regimeC_v0_CLCD+NDVI
afforestation,SAIH_AFF_r25c33,stable_restoration,0.7382,0.02086,,GEDI_rh98_m(pending),0,Landsat_C2_L2,regimeC_v0_CLCD+NDVI
afforestation,SAIH_AFF_r25c34,early_restoration,0.5505,0.00445,,GEDI_rh98_m(pending),0,Landsat_C2_L2,regimeC_v0_CLCD+NDVI
afforestation,SAIH_AFF_r25c35,early_restoration,0.6159,0.01003,,GEDI_rh98_m(pending),0,Landsat_C2_L2,regimeC_v0_CLCD+NDVI
afforestation,SAIH_AFF_r25c36,stable_restoration,0.6769,0.02474,,GEDI_rh98_m(pending),0,Landsat_C2_L2,regimeC_v0_CLCD+NDVI
afforestation,SAIH_AFF_r25c37,early_restoration,0.5833,0.01768,,GEDI_rh98_m(pending),0,Landsat_C2_L2,regimeC_v0_CLCD+NDVI
afforestation,SAIH_AFF_r25c38,stable_restoration,0.7911,0.01921,,GEDI_rh98_m(pending),0,Landsat_C2_L2,regimeC_v0_CLCD+NDVI
afforestation,SAIH_AFF_r25c39,early_restoration,0.5572,0.00866,,GEDI_rh98_m(pending),0,Landsat_C2_L2,regimeC_v0_CLCD+NDVI
afforestation,SAIH_AFF_r25c40,early_restoration,0.599,0.0091,,GEDI_rh98_m(pending),0,Landsat_C2_L2,regimeC_v0_CLCD+NDVI
afforestation,SAIH_AFF_r25c41,early_restoration,0.4123,0.00732,,GEDI_rh98_m(pending),0,Landsat_C2_L2,regimeC_v0_CLCD+NDVI
afforestation,SAIH_AFF_r25c42,stable_restoration,0.9622,0.00347,,GEDI_rh98_m(pending),0,Landsat_C2_L2,regimeC_v0_CLCD+NDVI
afforestation,SAIH_AFF_r25c43,stable_restoration,1.0274,0.00194,,GEDI_rh98_m(pending),0,Landsat_C2_L2,regimeC_v0_CLCD+NDVI
afforestation,SAIH_AFF_r25c44,stable_restoration,1.0174,0.00163,,GEDI_rh98_m(pending),0,Landsat_C2_L2,regimeC_v0_CLCD+NDVI
afforestation,SAIH_AFF_r25c45,stable_restoration,0.9578,0.00293,,GEDI_rh98_m(pending),0,Landsat_C2_L2,regimeC_v0_CLCD+NDVI
afforestation,SAIH_AFF_r25c46,stable_restoration,1.009,0.00208,,GEDI_rh98_m(pending),0,Landsat_C2_L2,regimeC_v0_CLCD+NDVI
afforestation,SAIH_AFF_r25c47,stable_restoration,0.9455,0.00307,,GEDI_rh98_m(pending),0,Landsat_C2_L2,regimeC_v0_CLCD+NDVI
afforestation,SAIH_AFF_r25c48,early_restoration,0.5271,0.00251,,GEDI_rh98_m(pending),0,Landsat_C2_L2,regimeC_v0_CLCD+NDVI
afforestation,SAIH_AFF_r25c49,early_restoration,0.3939,0.00071,,GEDI_rh98_m(pending),0,Landsat_C2_L2,regimeC_v0_CLCD+NDVI
afforestation,SAIH_AFF_r25c50,early_restoration,0.362,0.01005,,GEDI_rh98_m(pending),0,Landsat_C2_L2,regimeC_v0_CLCD+NDVI
afforestation,SAIH_AFF_r25c51,early_restoration,0.4023,0.00253,,GEDI_rh98_m(pending),0,Landsat_C2_L2,regimeC_v0_CLCD+NDVI
afforestation,SAIH_AFF_r25c52,early_restoration,0.3711,0.00023,,GEDI_rh98_m(pending),0,Landsat_C2_L2,regimeC_v0_CLCD+NDVI
afforestation,SAIH_AFF_r25c53,stable_restoration,0.955,-0.00101,,GEDI_rh98_m(pending),0,Landsat_C2_L2,regimeC_v0_CLCD+NDVI
afforestation,SAIH_AFF_r25c54,stable_restoration,0.9672,-0.00022,,GEDI_rh98_m(pending),0,Landsat_C2_L2,regimeC_v0_CLCD+NDVI
afforestation,SAIH_AFF_r25c55,stable_restoration,0.9255,0.00714,,GEDI_rh98_m(pending),0,Landsat_C2_L2,regimeC_v0_CLCD+NDVI
afforestation,SAIH_AFF_r25c56,stable_restoration,0.9265,0.00865,,GEDI_rh98_m(pending),0,Landsat_C2_L2,regimeC_v0_CLCD+NDVI
afforestation,SAIH_AFF_r25c57,stable_restoration,0.6602,0.00708,,GEDI_rh98_m(pending),0,Landsat_C2_L2,regimeC_v0_CLCD+NDVI
afforestation,SAIH_AFF_r25c58,stable_restoration,0.7739,0.01059,,GEDI_rh98_m(pending),0,Landsat_C2_L2,regimeC_v0_CLCD+NDVI
afforestation,SAIH_AFF_r25c61,degraded,0.1053,0.00394,,GEDI_rh98_m(pending),0,Landsat_C2_L2,regimeC_v0_CLCD+NDVI
afforestation,SAIH_AFF_r25c62,degraded,0.2184,0.00744,,GEDI_rh98_m(pending),0,Landsat_C2_L2,regimeC_v0_CLCD+NDVI
afforestation,SAIH_AFF_r25c63,degraded,0.2585,0.01266,,GEDI_rh98_m(pending),0,Landsat_C2_L2,regimeC_v0_CLCD+NDVI
afforestation,SAIH_AFF_r25c64,degraded,0.2031,0.00805,,GEDI_rh98_m(pending),0,Landsat_C2_L2,regimeC_v0_CLCD+NDVI
afforestation,SAIH_AFF_r26c02,early_restoration,0.4709,0.01142,,GEDI_rh98_m(pending),0,Landsat_C2_L2,regimeC_v0_CLCD+NDVI
afforestation,SAIH_AFF_r26c03,early_restoration,0.3926,0.00935,,GEDI_rh98_m(pending),0,Landsat_C2_L2,regimeC_v0_CLCD+NDVI
afforestation,SAIH_AFF_r26c08,early_restoration,0.5218,0.02275,,GEDI_rh98_m(pending),0,Landsat_C2_L2,regimeC_v0_CLCD+NDVI
afforestation,SAIH_AFF_r26c09,early_restoration,0.535,0.02275,,GEDI_rh98_m(pending),0,Landsat_C2_L2,regimeC_v0_CLCD+NDVI
afforestation,SAIH_AFF_r26c10,early_restoration,0.4581,0.01635,,GEDI_rh98_m(pending),0,Landsat_C2_L2,regimeC_v0_CLCD+NDVI
afforestation,SAIH_AFF_r26c11,early_restoration,0.3714,0.01446,,GEDI_rh98_m(pending),0,Landsat_C2_L2,regimeC_v0_CLCD+NDVI
afforestation,SAIH_AFF_r26c16,degraded,0.2787,0.00841,,GEDI_rh98_m(pending),0,Landsat_C2_L2,regimeC_v0_CLCD+NDVI
afforestation,SAIH_AFF_r26c17,degraded,0.3216,0.01008,,GEDI_rh98_m(pending),0,Landsat_C2_L2,regimeC_v0_CLCD+NDVI
afforestation,SAIH_AFF_r26c18,degraded,0.1751,0.00405,,GEDI_rh98_m(pending),0,Landsat_C2_L2,regimeC_v0_CLCD+NDVI
afforestation,SAIH_AFF_r26c21,early_restoration,0.333,0.00618,,GEDI_rh98_m(pending),0,Landsat_C2_L2,regimeC_v0_CLCD+NDVI
afforestation,SAIH_AFF_r26c23,degraded,0.2552,0.00417,,GEDI_rh98_m(pending),0,Landsat_C2_L2,regimeC_v0_CLCD+NDVI
afforestation,SAIH_AFF_r26c24,stable_restoration,0.6964,0.00448,,GEDI_rh98_m(pending),0,Landsat_C2_L2,regimeC_v0_CLCD+NDVI
afforestation,SAIH_AFF_r26c25,degraded,0.304,0.00711,,GEDI_rh98_m(pending),0,Landsat_C2_L2,regimeC_v0_CLCD+NDVI
afforestation,SAIH_AFF_r26c26,degraded,0.2197,0.00421,,GEDI_rh98_m(pending),0,Landsat_C2_L2,regimeC_v0_CLCD+NDVI
afforestation,SAIH_AFF_r26c30,degraded,0.1385,0.00797,,GEDI_rh98_m(pending),0,Landsat_C2_L2,regimeC_v0_CLCD+NDVI
afforestation,SAIH_AFF_r26c31,early_restoration,0.3782,0.02018,,GEDI_rh98_m(pending),0,Landsat_C2_L2,regimeC_v0_CLCD+NDVI
afforestation,SAIH_AFF_r26c32,stable_restoration,0.8091,0.04189,,GEDI_rh98_m(pending),0,Landsat_C2_L2,regimeC_v0_CLCD+NDVI
afforestation,SAIH_AFF_r26c33,early_restoration,0.4858,0.019,,GEDI_rh98_m(pending),0,Landsat_C2_L2,regimeC_v0_CLCD+NDVI
afforestation,SAIH_AFF_r26c34,early_restoration,0.361,0.00785,,GEDI_rh98_m(pending),0,Landsat_C2_L2,regimeC_v0_CLCD+NDVI
afforestation,SAIH_AFF_r26c35,stable_restoration,0.6701,0.02059,,GEDI_rh98_m(pending),0,Landsat_C2_L2,regimeC_v0_CLCD+NDVI
afforestation,SAIH_AFF_r26c36,stable_restoration,0.7868,0.01765,,GEDI_rh98_m(pending),0,Landsat_C2_L2,regimeC_v0_CLCD+NDVI
afforestation,SAIH_AFF_r26c37,stable_restoration,0.8944,0.0196,,GEDI_rh98_m(pending),0,Landsat_C2_L2,regimeC_v0_CLCD+NDVI
afforestation,SAIH_AFF_r26c38,early_restoration,0.5843,0.01353,,GEDI_rh98_m(pending),0,Landsat_C2_L2,regimeC_v0_CLCD+NDVI
afforestation,SAIH_AFF_r26c39,early_restoration,0.535,0.00392,,GEDI_rh98_m(pending),0,Landsat_C2_L2,regimeC_v0_CLCD+NDVI
afforestation,SAIH_AFF_r26c40,early_restoration,0.6174,0.01253,,GEDI_rh98_m(pending),0,Landsat_C2_L2,regimeC_v0_CLCD+NDVI
afforestation,SAIH_AFF_r26c41,early_restoration,0.4961,0.01203,,GEDI_rh98_m(pending),0,Landsat_C2_L2,regimeC_v0_CLCD+NDVI
afforestation,SAIH_AFF_r26c42,stable_restoration,0.7639,0.02019,,GEDI_rh98_m(pending),0,Landsat_C2_L2,regimeC_v0_CLCD+NDVI
afforestation,SAIH_AFF_r26c43,stable_restoration,0.9682,0.00232,,GEDI_rh98_m(pending),0,Landsat_C2_L2,regimeC_v0_CLCD+NDVI
afforestation,SAIH_AFF_r26c44,stable_restoration,0.9401,0.00411,,GEDI_rh98_m(pending),0,Landsat_C2_L2,regimeC_v0_CLCD+NDVI
afforestation,SAIH_AFF_r26c45,stable_restoration,0.8889,0.00289,,GEDI_rh98_m(pending),0,Landsat_C2_L2,regimeC_v0_CLCD+NDVI
afforestation,SAIH_AFF_r26c46,stable_restoration,0.8366,0.00214,,GEDI_rh98_m(pending),0,Landsat_C2_L2,regimeC_v0_CLCD+NDVI
afforestation,SAIH_AFF_r26c47,stable_restoration,0.8418,0.00549,,GEDI_rh98_m(pending),0,Landsat_C2_L2,regimeC_v0_CLCD+NDVI
afforestation,SAIH_AFF_r26c48,stable_restoration,0.903,0.00367,,GEDI_rh98_m(pending),0,Landsat_C2_L2,regimeC_v0_CLCD+NDVI
afforestation,SAIH_AFF_r26c49,early_restoration,0.6232,0.00072,,GEDI_rh98_m(pending),0,Landsat_C2_L2,regimeC_v0_CLCD+NDVI
afforestation,SAIH_AFF_r26c50,stable_restoration,0.7621,0.00196,,GEDI_rh98_m(pending),0,Landsat_C2_L2,regimeC_v0_CLCD+NDVI
afforestation,SAIH_AFF_r26c51,early_restoration,0.5808,0.0008,,GEDI_rh98_m(pending),0,Landsat_C2_L2,regimeC_v0_CLCD+NDVI
afforestation,SAIH_AFF_r26c52,early_restoration,0.6203,0.00517,,GEDI_rh98_m(pending),0,Landsat_C2_L2,regimeC_v0_CLCD+NDVI
afforestation,SAIH_AFF_r26c53,stable_restoration,0.8801,0.00143,,GEDI_rh98_m(pending),0,Landsat_C2_L2,regimeC_v0_CLCD+NDVI
afforestation,SAIH_AFF_r26c54,stable_restoration,0.9413,-0.00292,,GEDI_rh98_m(pending),0,Landsat_C2_L2,regimeC_v0_CLCD+NDVI
afforestation,SAIH_AFF_r26c55,stable_restoration,0.9757,0.0006,,GEDI_rh98_m(pending),0,Landsat_C2_L2,regimeC_v0_CLCD+NDVI
afforestation,SAIH_AFF_r26c56,stable_restoration,0.784,0.01046,,GEDI_rh98_m(pending),0,Landsat_C2_L2,regimeC_v0_CLCD+NDVI
afforestation,SAIH_AFF_r26c57,stable_restoration,0.812,-0.00076,,GEDI_rh98_m(pending),0,Landsat_C2_L2,regimeC_v0_CLCD+NDVI
afforestation,SAIH_AFF_r26c58,stable_restoration,0.8984,0.00552,,GEDI_rh98_m(pending),0,Landsat_C2_L2,regimeC_v0_CLCD+NDVI
afforestation,SAIH_AFF_r26c59,stable_restoration,0.8297,0.00874,,GEDI_rh98_m(pending),0,Landsat_C2_L2,regimeC_v0_CLCD+NDVI
afforestation,SAIH_AFF_r26c60,stable_restoration,0.7862,0.01739,,GEDI_rh98_m(pending),0,Landsat_C2_L2,regimeC_v0_CLCD+NDVI
afforestation,SAIH_AFF_r26c61,stable_restoration,0.7422,0.01291,,GEDI_rh98_m(pending),0,Landsat_C2_L2,regimeC_v0_CLCD+NDVI
afforestation,SAIH_AFF_r26c62,degraded,0.2031,0.00593,,GEDI_rh98_m(pending),0,Landsat_C2_L2,regimeC_v0_CLCD+NDVI
afforestation,SAIH_AFF_r26c64,degraded,0.1592,0.00618,,GEDI_rh98_m(pending),0,Landsat_C2_L2,regimeC_v0_CLCD+NDVI
afforestation,SAIH_AFF_r27c02,degraded,0.2038,0.00661,,GEDI_rh98_m(pending),0,Landsat_C2_L2,regimeC_v0_CLCD+NDVI
afforestation,SAIH_AFF_r27c07,degraded,0.2003,0.00829,,GEDI_rh98_m(pending),0,Landsat_C2_L2,regimeC_v0_CLCD+NDVI
afforestation,SAIH_AFF_r27c08,early_restoration,0.4761,0.02273,,GEDI_rh98_m(pending),0,Landsat_C2_L2,regimeC_v0_CLCD+NDVI
afforestation,SAIH_AFF_r27c09,early_restoration,0.6455,0.02652,,GEDI_rh98_m(pending),0,Landsat_C2_L2,regimeC_v0_CLCD+NDVI
afforestation,SAIH_AFF_r27c10,early_restoration,0.521,0.01964,,GEDI_rh98_m(pending),0,Landsat_C2_L2,regimeC_v0_CLCD+NDVI
afforestation,SAIH_AFF_r27c11,early_restoration,0.6392,0.02773,,GEDI_rh98_m(pending),0,Landsat_C2_L2,regimeC_v0_CLCD+NDVI
afforestation,SAIH_AFF_r27c12,degraded,0.2586,0.00931,,GEDI_rh98_m(pending),0,Landsat_C2_L2,regimeC_v0_CLCD+NDVI
afforestation,SAIH_AFF_r27c15,degraded,0.3287,0.0101,,GEDI_rh98_m(pending),0,Landsat_C2_L2,regimeC_v0_CLCD+NDVI
afforestation,SAIH_AFF_r27c16,early_restoration,0.3462,0.01056,,GEDI_rh98_m(pending),0,Landsat_C2_L2,regimeC_v0_CLCD+NDVI
afforestation,SAIH_AFF_r27c17,degraded,0.2781,0.01024,,GEDI_rh98_m(pending),0,Landsat_C2_L2,regimeC_v0_CLCD+NDVI
afforestation,SAIH_AFF_r27c18,early_restoration,0.4697,0.01248,,GEDI_rh98_m(pending),0,Landsat_C2_L2,regimeC_v0_CLCD+NDVI
afforestation,SAIH_AFF_r27c19,degraded,0.2152,0.0064,,GEDI_rh98_m(pending),0,Landsat_C2_L2,regimeC_v0_CLCD+NDVI
afforestation,SAIH_AFF_r27c23,early_restoration,0.5275,0.00532,,GEDI_rh98_m(pending),0,Landsat_C2_L2,regimeC_v0_CLCD+NDVI
afforestation,SAIH_AFF_r27c24,stable_restoration,0.7559,0.01738,,GEDI_rh98_m(pending),0,Landsat_C2_L2,regimeC_v0_CLCD+NDVI
afforestation,SAIH_AFF_r27c25,early_restoration,0.4957,0.00689,,GEDI_rh98_m(pending),0,Landsat_C2_L2,regimeC_v0_CLCD+NDVI
afforestation,SAIH_AFF_r27c26,degraded,0.3078,0.00778,,GEDI_rh98_m(pending),0,Landsat_C2_L2,regimeC_v0_CLCD+NDVI
afforestation,SAIH_AFF_r27c27,early_restoration,0.4131,0.01662,,GEDI_rh98_m(pending),0,Landsat_C2_L2,regimeC_v0_CLCD+NDVI
afforestation,SAIH_AFF_r27c28,degraded,0.3285,0.01153,,GEDI_rh98_m(pending),0,Landsat_C2_L2,regimeC_v0_CLCD+NDVI
afforestation,SAIH_AFF_r27c29,degraded,0.2987,0.00977,,GEDI_rh98_m(pending),0,Landsat_C2_L2,regimeC_v0_CLCD+NDVI
afforestation,SAIH_AFF_r27c30,degraded,0.1744,0.00507,,GEDI_rh98_m(pending),0,Landsat_C2_L2,regimeC_v0_CLCD+NDVI
afforestation,SAIH_AFF_r27c31,degraded,0.2152,0.0096,,GEDI_rh98_m(pending),0,Landsat_C2_L2,regimeC_v0_CLCD+NDVI
afforestation,SAIH_AFF_r27c32,early_restoration,0.3537,0.01816,,GEDI_rh98_m(pending),0,Landsat_C2_L2,regimeC_v0_CLCD+NDVI
afforestation,SAIH_AFF_r27c33,early_restoration,0.4761,0.01958,,GEDI_rh98_m(pending),0,Landsat_C2_L2,regimeC_v0_CLCD+NDVI
afforestation,SAIH_AFF_r27c34,early_restoration,0.4463,0.01267,,GEDI_rh98_m(pending),0,Landsat_C2_L2,regimeC_v0_CLCD+NDVI
afforestation,SAIH_AFF_r27c35,early_restoration,0.6022,0.01595,,GEDI_rh98_m(pending),0,Landsat_C2_L2,regimeC_v0_CLCD+NDVI
afforestation,SAIH_AFF_r27c36,early_restoration,0.4624,0.00815,,GEDI_rh98_m(pending),0,Landsat_C2_L2,regimeC_v0_CLCD+NDVI
afforestation,SAIH_AFF_r27c37,early_restoration,0.4635,0.00857,,GEDI_rh98_m(pending),0,Landsat_C2_L2,regimeC_v0_CLCD+NDVI
afforestation,SAIH_AFF_r27c38,early_restoration,0.606,0.0186,,GEDI_rh98_m(pending),0,Landsat_C2_L2,regimeC_v0_CLCD+NDVI
afforestation,SAIH_AFF_r27c39,early_restoration,0.376,0.01158,,GEDI_rh98_m(pending),0,Landsat_C2_L2,regimeC_v0_CLCD+NDVI
afforestation,SAIH_AFF_r27c40,early_restoration,0.5507,0.02627,,GEDI_rh98_m(pending),0,Landsat_C2_L2,regimeC_v0_CLCD+NDVI
afforestation,SAIH_AFF_r27c41,stable_restoration,0.8,0.03554,,GEDI_rh98_m(pending),0,Landsat_C2_L2,regimeC_v0_CLCD+NDVI
afforestation,SAIH_AFF_r27c42,early_restoration,0.6478,0.02343,,GEDI_rh98_m(pending),0,Landsat_C2_L2,regimeC_v0_CLCD+NDVI
afforestation,SAIH_AFF_r27c43,stable_restoration,0.6803,0.0023,,GEDI_rh98_m(pending),0,Landsat_C2_L2,regimeC_v0_CLCD+NDVI
afforestation,SAIH_AFF_r27c44,stable_restoration,0.9871,0.00786,,GEDI_rh98_m(pending),0,Landsat_C2_L2,regimeC_v0_CLCD+NDVI
afforestation,SAIH_AFF_r27c45,stable_restoration,1.0099,0.00223,,GEDI_rh98_m(pending),0,Landsat_C2_L2,regimeC_v0_CLCD+NDVI
afforestation,SAIH_AFF_r27c46,stable_restoration,0.9808,0.00383,,GEDI_rh98_m(pending),0,Landsat_C2_L2,regimeC_v0_CLCD+NDVI
afforestation,SAIH_AFF_r27c47,stable_restoration,0.9058,0.00239,,GEDI_rh98_m(pending),0,Landsat_C2_L2,regimeC_v0_CLCD+NDVI
afforestation,SAIH_AFF_r27c48,stable_restoration,0.9219,0.00099,,GEDI_rh98_m(pending),0,Landsat_C2_L2,regimeC_v0_CLCD+NDVI
afforestation,SAIH_AFF_r27c49,stable_restoration,0.8939,0.00353,,GEDI_rh98_m(pending),0,Landsat_C2_L2,regimeC_v0_CLCD+NDVI
afforestation,SAIH_AFF_r27c50,stable_restoration,0.9073,0.00126,,GEDI_rh98_m(pending),0,Landsat_C2_L2,regimeC_v0_CLCD+NDVI
afforestation,SAIH_AFF_r27c51,stable_restoration,0.8109,0.00814,,GEDI_rh98_m(pending),0,Landsat_C2_L2,regimeC_v0_CLCD+NDVI
afforestation,SAIH_AFF_r27c52,stable_restoration,0.7353,0.00351,,GEDI_rh98_m(pending),0,Landsat_C2_L2,regimeC_v0_CLCD+NDVI
afforestation,SAIH_AFF_r27c53,stable_restoration,0.8823,0.00305,,GEDI_rh98_m(pending),0,Landsat_C2_L2,regimeC_v0_CLCD+NDVI
afforestation,SAIH_AFF_r27c54,stable_restoration,1.0122,0.00304,,GEDI_rh98_m(pending),0,Landsat_C2_L2,regimeC_v0_CLCD+NDVI
afforestation,SAIH_AFF_r27c55,stable_restoration,0.8636,0.0051,,GEDI_rh98_m(pending),0,Landsat_C2_L2,regimeC_v0_CLCD+NDVI
afforestation,SAIH_AFF_r27c56,stable_restoration,0.7782,0.00398,,GEDI_rh98_m(pending),0,Landsat_C2_L2,regimeC_v0_CLCD+NDVI
afforestation,SAIH_AFF_r27c57,stable_restoration,0.8618,0.00074,,GEDI_rh98_m(pending),0,Landsat_C2_L2,regimeC_v0_CLCD+NDVI
afforestation,SAIH_AFF_r27c58,early_restoration,0.3399,0.00279,,GEDI_rh98_m(pending),0,Landsat_C2_L2,regimeC_v0_CLCD+NDVI
afforestation,SAIH_AFF_r27c59,early_restoration,0.5361,0.00843,,GEDI_rh98_m(pending),0,Landsat_C2_L2,regimeC_v0_CLCD+NDVI
afforestation,SAIH_AFF_r27c60,stable_restoration,0.904,0.01617,,GEDI_rh98_m(pending),0,Landsat_C2_L2,regimeC_v0_CLCD+NDVI
afforestation,SAIH_AFF_r27c61,stable_restoration,0.7777,0.01448,,GEDI_rh98_m(pending),0,Landsat_C2_L2,regimeC_v0_CLCD+NDVI
afforestation,SAIH_AFF_r27c62,stable_restoration,0.6953,0.02367,,GEDI_rh98_m(pending),0,Landsat_C2_L2,regimeC_v0_CLCD+NDVI
afforestation,SAIH_AFF_r27c64,early_restoration,0.3835,0.01288,,GEDI_rh98_m(pending),0,Landsat_C2_L2,regimeC_v0_CLCD+NDVI
afforestation,SAIH_AFF_r28c02,degraded,0.2129,0.00809,,GEDI_rh98_m(pending),0,Landsat_C2_L2,regimeC_v0_CLCD+NDVI
afforestation,SAIH_AFF_r28c04,degraded,0.2816,0.01388,,GEDI_rh98_m(pending),0,Landsat_C2_L2,regimeC_v0_CLCD+NDVI
afforestation,SAIH_AFF_r28c07,degraded,0.2145,0.00639,,GEDI_rh98_m(pending),0,Landsat_C2_L2,regimeC_v0_CLCD+NDVI
afforestation,SAIH_AFF_r28c08,early_restoration,0.4097,0.01698,,GEDI_rh98_m(pending),0,Landsat_C2_L2,regimeC_v0_CLCD+NDVI
afforestation,SAIH_AFF_r28c09,early_restoration,0.5677,0.02399,,GEDI_rh98_m(pending),0,Landsat_C2_L2,regimeC_v0_CLCD+NDVI
afforestation,SAIH_AFF_r28c11,degraded,0.2781,0.01332,,GEDI_rh98_m(pending),0,Landsat_C2_L2,regimeC_v0_CLCD+NDVI
afforestation,SAIH_AFF_r28c14,early_restoration,0.4893,0.01738,,GEDI_rh98_m(pending),0,Landsat_C2_L2,regimeC_v0_CLCD+NDVI
afforestation,SAIH_AFF_r28c15,early_restoration,0.498,0.01655,,GEDI_rh98_m(pending),0,Landsat_C2_L2,regimeC_v0_CLCD+NDVI
afforestation,SAIH_AFF_r28c16,early_restoration,0.3885,0.01428,,GEDI_rh98_m(pending),0,Landsat_C2_L2,regimeC_v0_CLCD+NDVI
afforestation,SAIH_AFF_r28c17,degraded,0.1951,0.00585,,GEDI_rh98_m(pending),0,Landsat_C2_L2,regimeC_v0_CLCD+NDVI
afforestation,SAIH_AFF_r28c18,early_restoration,0.3674,0.00754,,GEDI_rh98_m(pending),0,Landsat_C2_L2,regimeC_v0_CLCD+NDVI
afforestation,SAIH_AFF_r28c19,degraded,0.2289,0.00579,,GEDI_rh98_m(pending),0,Landsat_C2_L2,regimeC_v0_CLCD+NDVI
afforestation,SAIH_AFF_r28c23,early_restoration,0.5607,0.00539,,GEDI_rh98_m(pending),0,Landsat_C2_L2,regimeC_v0_CLCD+NDVI
afforestation,SAIH_AFF_r28c24,early_restoration,0.5545,0.0247,,GEDI_rh98_m(pending),0,Landsat_C2_L2,regimeC_v0_CLCD+NDVI
afforestation,SAIH_AFF_r28c25,early_restoration,0.6437,0.02911,,GEDI_rh98_m(pending),0,Landsat_C2_L2,regimeC_v0_CLCD+NDVI
afforestation,SAIH_AFF_r28c26,stable_restoration,0.6689,0.01629,,GEDI_rh98_m(pending),0,Landsat_C2_L2,regimeC_v0_CLCD+NDVI
afforestation,SAIH_AFF_r28c27,early_restoration,0.3559,0.01357,,GEDI_rh98_m(pending),0,Landsat_C2_L2,regimeC_v0_CLCD+NDVI
afforestation,SAIH_AFF_r28c28,early_restoration,0.519,0.02287,,GEDI_rh98_m(pending),0,Landsat_C2_L2,regimeC_v0_CLCD+NDVI
afforestation,SAIH_AFF_r28c29,early_restoration,0.6071,0.0333,,GEDI_rh98_m(pending),0,Landsat_C2_L2,regimeC_v0_CLCD+NDVI
afforestation,SAIH_AFF_r28c30,early_restoration,0.3616,0.01841,,GEDI_rh98_m(pending),0,Landsat_C2_L2,regimeC_v0_CLCD+NDVI
afforestation,SAIH_AFF_r28c31,early_restoration,0.4452,0.02117,,GEDI_rh98_m(pending),0,Landsat_C2_L2,regimeC_v0_CLCD+NDVI
afforestation,SAIH_AFF_r28c32,degraded,0.1963,0.00625,,GEDI_rh98_m(pending),0,Landsat_C2_L2,regimeC_v0_CLCD+NDVI
afforestation,SAIH_AFF_r28c33,degraded,0.028,0.00062,,GEDI_rh98_m(pending),0,Landsat_C2_L2,regimeC_v0_CLCD+NDVI
afforestation,SAIH_AFF_r28c34,degraded,0.1734,0.00927,,GEDI_rh98_m(pending),0,Landsat_C2_L2,regimeC_v0_CLCD+NDVI
afforestation,SAIH_AFF_r28c35,early_restoration,0.3432,0.01775,,GEDI_rh98_m(pending),0,Landsat_C2_L2,regimeC_v0_CLCD+NDVI
afforestation,SAIH_AFF_r28c36,stable_restoration,0.6717,0.03312,,GEDI_rh98_m(pending),0,Landsat_C2_L2,regimeC_v0_CLCD+NDVI
afforestation,SAIH_AFF_r28c37,early_restoration,0.4567,0.01285,,GEDI_rh98_m(pending),0,Landsat_C2_L2,regimeC_v0_CLCD+NDVI
afforestation,SAIH_AFF_r28c38,early_restoration,0.5195,0.0267,,GEDI_rh98_m(pending),0,Landsat_C2_L2,regimeC_v0_CLCD+NDVI
afforestation,SAIH_AFF_r28c39,early_restoration,0.4474,0.01653,,GEDI_rh98_m(pending),0,Landsat_C2_L2,regimeC_v0_CLCD+NDVI
afforestation,SAIH_AFF_r28c40,degraded,0.3145,0.01115,,GEDI_rh98_m(pending),0,Landsat_C2_L2,regimeC_v0_CLCD+NDVI
afforestation,SAIH_AFF_r28c41,early_restoration,0.5911,0.01153,,GEDI_rh98_m(pending),0,Landsat_C2_L2,regimeC_v0_CLCD+NDVI
afforestation,SAIH_AFF_r28c42,early_restoration,0.5968,0.02418,,GEDI_rh98_m(pending),0,Landsat_C2_L2,regimeC_v0_CLCD+NDVI
afforestation,SAIH_AFF_r28c43,stable_restoration,0.8109,0.02412,,GEDI_rh98_m(pending),0,Landsat_C2_L2,regimeC_v0_CLCD+NDVI
afforestation,SAIH_AFF_r28c44,stable_restoration,0.6803,0.00504,,GEDI_rh98_m(pending),0,Landsat_C2_L2,regimeC_v0_CLCD+NDVI
afforestation,SAIH_AFF_r28c45,stable_restoration,0.9875,0.00027,,GEDI_rh98_m(pending),0,Landsat_C2_L2,regimeC_v0_CLCD+NDVI
afforestation,SAIH_AFF_r28c46,stable_restoration,0.9945,0.0023,,GEDI_rh98_m(pending),0,Landsat_C2_L2,regimeC_v0_CLCD+NDVI
afforestation,SAIH_AFF_r28c47,stable_restoration,0.9276,0.00213,,GEDI_rh98_m(pending),0,Landsat_C2_L2,regimeC_v0_CLCD+NDVI
afforestation,SAIH_AFF_r28c48,stable_restoration,0.9745,0.00368,,GEDI_rh98_m(pending),0,Landsat_C2_L2,regimeC_v0_CLCD+NDVI
afforestation,SAIH_AFF_r28c49,stable_restoration,1.0203,0.00166,,GEDI_rh98_m(pending),0,Landsat_C2_L2,regimeC_v0_CLCD+NDVI
afforestation,SAIH_AFF_r28c50,stable_restoration,0.9337,0.00102,,GEDI_rh98_m(pending),0,Landsat_C2_L2,regimeC_v0_CLCD+NDVI
afforestation,SAIH_AFF_r28c51,stable_restoration,0.9722,0.0033,,GEDI_rh98_m(pending),0,Landsat_C2_L2,regimeC_v0_CLCD+NDVI
afforestation,SAIH_AFF_r28c52,stable_restoration,0.9046,0.00441,,GEDI_rh98_m(pending),0,Landsat_C2_L2,regimeC_v0_CLCD+NDVI
afforestation,SAIH_AFF_r28c53,stable_restoration,0.8801,0.00219,,GEDI_rh98_m(pending),0,Landsat_C2_L2,regimeC_v0_CLCD+NDVI
afforestation,SAIH_AFF_r28c54,stable_restoration,0.9613,0.00368,,GEDI_rh98_m(pending),0,Landsat_C2_L2,regimeC_v0_CLCD+NDVI
afforestation,SAIH_AFF_r28c55,stable_restoration,0.9202,0.00582,,GEDI_rh98_m(pending),0,Landsat_C2_L2,regimeC_v0_CLCD+NDVI
afforestation,SAIH_AFF_r28c56,stable_restoration,0.9556,-0.00395,,GEDI_rh98_m(pending),0,Landsat_C2_L2,regimeC_v0_CLCD+NDVI
afforestation,SAIH_AFF_r28c57,stable_restoration,0.6724,0.00725,,GEDI_rh98_m(pending),0,Landsat_C2_L2,regimeC_v0_CLCD+NDVI
afforestation,SAIH_AFF_r28c58,stable_restoration,0.8114,0.00357,,GEDI_rh98_m(pending),0,Landsat_C2_L2,regimeC_v0_CLCD+NDVI
afforestation,SAIH_AFF_r28c59,early_restoration,0.5173,0.00282,,GEDI_rh98_m(pending),0,Landsat_C2_L2,regimeC_v0_CLCD+NDVI
afforestation,SAIH_AFF_r28c60,stable_restoration,0.8989,0.00576,,GEDI_rh98_m(pending),0,Landsat_C2_L2,regimeC_v0_CLCD+NDVI
afforestation,SAIH_AFF_r28c61,early_restoration,0.5728,0.01871,,GEDI_rh98_m(pending),0,Landsat_C2_L2,regimeC_v0_CLCD+NDVI
afforestation,SAIH_AFF_r28c62,early_restoration,0.6082,0.03006,,GEDI_rh98_m(pending),0,Landsat_C2_L2,regimeC_v0_CLCD+NDVI
afforestation,SAIH_AFF_r28c63,degraded,0.1934,0.00476,,GEDI_rh98_m(pending),0,Landsat_C2_L2,regimeC_v0_CLCD+NDVI
afforestation,SAIH_AFF_r28c64,stable_restoration,0.7049,0.01489,,GEDI_rh98_m(pending),0,Landsat_C2_L2,regimeC_v0_CLCD+NDVI
afforestation,SAIH_AFF_r29c02,degraded,0.1608,0.00717,,GEDI_rh98_m(pending),0,Landsat_C2_L2,regimeC_v0_CLCD+NDVI
afforestation,SAIH_AFF_r29c04,degraded,0.2238,0.0102,,GEDI_rh98_m(pending),0,Landsat_C2_L2,regimeC_v0_CLCD+NDVI
afforestation,SAIH_AFF_r29c06,degraded,0.2209,0.00915,,GEDI_rh98_m(pending),0,Landsat_C2_L2,regimeC_v0_CLCD+NDVI
afforestation,SAIH_AFF_r29c10,degraded,0.2361,0.01105,,GEDI_rh98_m(pending),0,Landsat_C2_L2,regimeC_v0_CLCD+NDVI
afforestation,SAIH_AFF_r29c11,early_restoration,0.3748,0.012,,GEDI_rh98_m(pending),0,Landsat_C2_L2,regimeC_v0_CLCD+NDVI
afforestation,SAIH_AFF_r29c12,early_restoration,0.4194,0.00947,,GEDI_rh98_m(pending),0,Landsat_C2_L2,regimeC_v0_CLCD+NDVI
afforestation,SAIH_AFF_r29c15,degraded,0.3297,0.00705,,GEDI_rh98_m(pending),0,Landsat_C2_L2,regimeC_v0_CLCD+NDVI
afforestation,SAIH_AFF_r29c22,degraded,0.2901,0.00376,,GEDI_rh98_m(pending),0,Landsat_C2_L2,regimeC_v0_CLCD+NDVI
afforestation,SAIH_AFF_r29c23,degraded,0.2449,0.00475,,GEDI_rh98_m(pending),0,Landsat_C2_L2,regimeC_v0_CLCD+NDVI
afforestation,SAIH_AFF_r29c24,early_restoration,0.3537,0.01632,,GEDI_rh98_m(pending),0,Landsat_C2_L2,regimeC_v0_CLCD+NDVI
afforestation,SAIH_AFF_r29c25,early_restoration,0.655,0.02817,,GEDI_rh98_m(pending),0,Landsat_C2_L2,regimeC_v0_CLCD+NDVI
afforestation,SAIH_AFF_r29c26,early_restoration,0.3657,0.01376,,GEDI_rh98_m(pending),0,Landsat_C2_L2,regimeC_v0_CLCD+NDVI
afforestation,SAIH_AFF_r29c27,early_restoration,0.4733,0.0138,,GEDI_rh98_m(pending),0,Landsat_C2_L2,regimeC_v0_CLCD+NDVI
afforestation,SAIH_AFF_r29c28,early_restoration,0.5859,0.01949,,GEDI_rh98_m(pending),0,Landsat_C2_L2,regimeC_v0_CLCD+NDVI
afforestation,SAIH_AFF_r29c29,stable_restoration,0.7078,0.02502,,GEDI_rh98_m(pending),0,Landsat_C2_L2,regimeC_v0_CLCD+NDVI
afforestation,SAIH_AFF_r29c30,stable_restoration,0.7279,0.0332,,GEDI_rh98_m(pending),0,Landsat_C2_L2,regimeC_v0_CLCD+NDVI
afforestation,SAIH_AFF_r29c31,early_restoration,0.5202,0.02752,,GEDI_rh98_m(pending),0,Landsat_C2_L2,regimeC_v0_CLCD+NDVI
afforestation,SAIH_AFF_r29c32,early_restoration,0.5728,0.03086,,GEDI_rh98_m(pending),0,Landsat_C2_L2,regimeC_v0_CLCD+NDVI
afforestation,SAIH_AFF_r29c33,early_restoration,0.3565,0.01777,,GEDI_rh98_m(pending),0,Landsat_C2_L2,regimeC_v0_CLCD+NDVI
afforestation,SAIH_AFF_r29c34,early_restoration,0.4126,0.02217,,GEDI_rh98_m(pending),0,Landsat_C2_L2,regimeC_v0_CLCD+NDVI
afforestation,SAIH_AFF_r29c36,early_restoration,0.3605,0.01002,,GEDI_rh98_m(pending),0,Landsat_C2_L2,regimeC_v0_CLCD+NDVI
afforestation,SAIH_AFF_r29c38,degraded,0.3233,0.01459,,GEDI_rh98_m(pending),0,Landsat_C2_L2,regimeC_v0_CLCD+NDVI
afforestation,SAIH_AFF_r29c40,stable_restoration,0.6931,0.0312,,GEDI_rh98_m(pending),0,Landsat_C2_L2,regimeC_v0_CLCD+NDVI
afforestation,SAIH_AFF_r29c41,early_restoration,0.6375,0.0282,,GEDI_rh98_m(pending),0,Landsat_C2_L2,regimeC_v0_CLCD+NDVI
afforestation,SAIH_AFF_r29c42,stable_restoration,0.7479,0.03183,,GEDI_rh98_m(pending),0,Landsat_C2_L2,regimeC_v0_CLCD+NDVI
afforestation,SAIH_AFF_r29c43,early_restoration,0.6243,0.02599,,GEDI_rh98_m(pending),0,Landsat_C2_L2,regimeC_v0_CLCD+NDVI
afforestation,SAIH_AFF_r29c44,early_restoration,0.3622,0.00889,,GEDI_rh98_m(pending),0,Landsat_C2_L2,regimeC_v0_CLCD+NDVI
afforestation,SAIH_AFF_r29c45,stable_restoration,0.854,0.00325,,GEDI_rh98_m(pending),0,Landsat_C2_L2,regimeC_v0_CLCD+NDVI
afforestation,SAIH_AFF_r29c46,stable_restoration,1.0111,0.00331,,GEDI_rh98_m(pending),0,Landsat_C2_L2,regimeC_v0_CLCD+NDVI
afforestation,SAIH_AFF_r29c47,stable_restoration,1.0272,0.00166,,GEDI_rh98_m(pending),0,Landsat_C2_L2,regimeC_v0_CLCD+NDVI
afforestation,SAIH_AFF_r29c48,stable_restoration,1.0168,0.00116,,GEDI_rh98_m(pending),0,Landsat_C2_L2,regimeC_v0_CLCD+NDVI
afforestation,SAIH_AFF_r29c49,stable_restoration,1.0329,0.00115,,GEDI_rh98_m(pending),0,Landsat_C2_L2,regimeC_v0_CLCD+NDVI
afforestation,SAIH_AFF_r29c50,stable_restoration,1.0178,0.00079,,GEDI_rh98_m(pending),0,Landsat_C2_L2,regimeC_v0_CLCD+NDVI
afforestation,SAIH_AFF_r29c51,stable_restoration,0.8618,0.00405,,GEDI_rh98_m(pending),0,Landsat_C2_L2,regimeC_v0_CLCD+NDVI
afforestation,SAIH_AFF_r29c52,stable_restoration,0.8486,0.00415,,GEDI_rh98_m(pending),0,Landsat_C2_L2,regimeC_v0_CLCD+NDVI
afforestation,SAIH_AFF_r29c53,stable_restoration,0.9476,0.00398,,GEDI_rh98_m(pending),0,Landsat_C2_L2,regimeC_v0_CLCD+NDVI
afforestation,SAIH_AFF_r29c54,stable_restoration,0.8607,-0.00082,,GEDI_rh98_m(pending),0,Landsat_C2_L2,regimeC_v0_CLCD+NDVI
afforestation,SAIH_AFF_r29c55,stable_restoration,0.7912,0.00748,,GEDI_rh98_m(pending),0,Landsat_C2_L2,regimeC_v0_CLCD+NDVI
afforestation,SAIH_AFF_r29c56,early_restoration,0.6048,0.00742,,GEDI_rh98_m(pending),0,Landsat_C2_L2,regimeC_v0_CLCD+NDVI
afforestation,SAIH_AFF_r29c57,early_restoration,0.4635,0.00125,,GEDI_rh98_m(pending),0,Landsat_C2_L2,regimeC_v0_CLCD+NDVI
afforestation,SAIH_AFF_r29c58,stable_restoration,0.7199,0.01672,,GEDI_rh98_m(pending),0,Landsat_C2_L2,regimeC_v0_CLCD+NDVI
afforestation,SAIH_AFF_r29c59,stable_restoration,0.7376,0.01112,,GEDI_rh98_m(pending),0,Landsat_C2_L2,regimeC_v0_CLCD+NDVI
afforestation,SAIH_AFF_r29c60,early_restoration,0.4756,0.00605,,GEDI_rh98_m(pending),0,Landsat_C2_L2,regimeC_v0_CLCD+NDVI
afforestation,SAIH_AFF_r29c61,stable_restoration,0.666,0.01455,,GEDI_rh98_m(pending),0,Landsat_C2_L2,regimeC_v0_CLCD+NDVI
afforestation,SAIH_AFF_r29c62,degraded,0.2666,0.01466,,GEDI_rh98_m(pending),0,Landsat_C2_L2,regimeC_v0_CLCD+NDVI
afforestation,SAIH_AFF_r29c63,degraded,0.3159,0.00651,,GEDI_rh98_m(pending),0,Landsat_C2_L2,regimeC_v0_CLCD+NDVI
afforestation,SAIH_AFF_r29c64,early_restoration,0.5961,0.0087,,GEDI_rh98_m(pending),0,Landsat_C2_L2,regimeC_v0_CLCD+NDVI
afforestation,SAIH_AFF_r30c02,degraded,0.1007,0.00388,,GEDI_rh98_m(pending),0,Landsat_C2_L2,regimeC_v0_CLCD+NDVI
afforestation,SAIH_AFF_r30c03,degraded,0.1105,0.00368,,GEDI_rh98_m(pending),0,Landsat_C2_L2,regimeC_v0_CLCD+NDVI
afforestation,SAIH_AFF_r30c09,early_restoration,0.4349,0.02025,,GEDI_rh98_m(pending),0,Landsat_C2_L2,regimeC_v0_CLCD+NDVI
afforestation,SAIH_AFF_r30c10,early_restoration,0.4761,0.02432,,GEDI_rh98_m(pending),0,Landsat_C2_L2,regimeC_v0_CLCD+NDVI
afforestation,SAIH_AFF_r30c12,stable_restoration,0.8875,0.00559,,GEDI_rh98_m(pending),0,Landsat_C2_L2,regimeC_v0_CLCD+NDVI
afforestation,SAIH_AFF_r30c13,degraded,0.3136,0.00736,,GEDI_rh98_m(pending),0,Landsat_C2_L2,regimeC_v0_CLCD+NDVI
afforestation,SAIH_AFF_r30c19,degraded,0.2243,0.00432,,GEDI_rh98_m(pending),0,Landsat_C2_L2,regimeC_v0_CLCD+NDVI
afforestation,SAIH_AFF_r30c20,early_restoration,0.429,0.00418,,GEDI_rh98_m(pending),0,Landsat_C2_L2,regimeC_v0_CLCD+NDVI
afforestation,SAIH_AFF_r30c21,early_restoration,0.5648,0.0052,,GEDI_rh98_m(pending),0,Landsat_C2_L2,regimeC_v0_CLCD+NDVI
afforestation,SAIH_AFF_r30c22,degraded,0.3021,0.00879,,GEDI_rh98_m(pending),0,Landsat_C2_L2,regimeC_v0_CLCD+NDVI
afforestation,SAIH_AFF_r30c23,early_restoration,0.3788,0.01107,,GEDI_rh98_m(pending),0,Landsat_C2_L2,regimeC_v0_CLCD+NDVI
afforestation,SAIH_AFF_r30c24,degraded,0.1419,0.00508,,GEDI_rh98_m(pending),0,Landsat_C2_L2,regimeC_v0_CLCD+NDVI
afforestation,SAIH_AFF_r30c26,degraded,0.2873,0.01501,,GEDI_rh98_m(pending),0,Landsat_C2_L2,regimeC_v0_CLCD+NDVI
afforestation,SAIH_AFF_r30c27,degraded,0.2111,0.00474,,GEDI_rh98_m(pending),0,Landsat_C2_L2,regimeC_v0_CLCD+NDVI
afforestation,SAIH_AFF_r30c28,early_restoration,0.4995,0.02205,,GEDI_rh98_m(pending),0,Landsat_C2_L2,regimeC_v0_CLCD+NDVI
afforestation,SAIH_AFF_r30c29,early_restoration,0.5029,0.01725,,GEDI_rh98_m(pending),0,Landsat_C2_L2,regimeC_v0_CLCD+NDVI
afforestation,SAIH_AFF_r30c30,degraded,0.2844,0.01019,,GEDI_rh98_m(pending),0,Landsat_C2_L2,regimeC_v0_CLCD+NDVI
afforestation,SAIH_AFF_r30c31,early_restoration,0.3999,0.01594,,GEDI_rh98_m(pending),0,Landsat_C2_L2,regimeC_v0_CLCD+NDVI
afforestation,SAIH_AFF_r30c32,early_restoration,0.3382,0.01569,,GEDI_rh98_m(pending),0,Landsat_C2_L2,regimeC_v0_CLCD+NDVI
afforestation,SAIH_AFF_r30c34,degraded,0.257,0.01328,,GEDI_rh98_m(pending),0,Landsat_C2_L2,regimeC_v0_CLCD+NDVI
afforestation,SAIH_AFF_r30c35,early_restoration,0.4795,0.01962,,GEDI_rh98_m(pending),0,Landsat_C2_L2,regimeC_v0_CLCD+NDVI
afforestation,SAIH_AFF_r30c36,degraded,0.2752,0.00918,,GEDI_rh98_m(pending),0,Landsat_C2_L2,regimeC_v0_CLCD+NDVI
afforestation,SAIH_AFF_r30c38,degraded,0.2975,0.00505,,GEDI_rh98_m(pending),0,Landsat_C2_L2,regimeC_v0_CLCD+NDVI
afforestation,SAIH_AFF_r30c39,degraded,0.2129,0.00824,,GEDI_rh98_m(pending),0,Landsat_C2_L2,regimeC_v0_CLCD+NDVI
afforestation,SAIH_AFF_r30c40,early_restoration,0.4907,0.01507,,GEDI_rh98_m(pending),0,Landsat_C2_L2,regimeC_v0_CLCD+NDVI
afforestation,SAIH_AFF_r30c41,early_restoration,0.6312,0.01209,,GEDI_rh98_m(pending),0,Landsat_C2_L2,regimeC_v0_CLCD+NDVI
afforestation,SAIH_AFF_r30c42,stable_restoration,0.7805,0.03714,,GEDI_rh98_m(pending),0,Landsat_C2_L2,regimeC_v0_CLCD+NDVI
afforestation,SAIH_AFF_r30c43,early_restoration,0.5059,0.02315,,GEDI_rh98_m(pending),0,Landsat_C2_L2,regimeC_v0_CLCD+NDVI
afforestation,SAIH_AFF_r30c44,degraded,0.2449,0.01243,,GEDI_rh98_m(pending),0,Landsat_C2_L2,regimeC_v0_CLCD+NDVI
afforestation,SAIH_AFF_r30c45,early_restoration,0.5311,0.00682,,GEDI_rh98_m(pending),0,Landsat_C2_L2,regimeC_v0_CLCD+NDVI
afforestation,SAIH_AFF_r30c46,stable_restoration,0.883,0.00665,,GEDI_rh98_m(pending),0,Landsat_C2_L2,regimeC_v0_CLCD+NDVI
afforestation,SAIH_AFF_r30c47,stable_restoration,0.9636,0.00203,,GEDI_rh98_m(pending),0,Landsat_C2_L2,regimeC_v0_CLCD+NDVI
afforestation,SAIH_AFF_r30c48,stable_restoration,1.0088,0.00014,,GEDI_rh98_m(pending),0,Landsat_C2_L2,regimeC_v0_CLCD+NDVI
afforestation,SAIH_AFF_r30c49,stable_restoration,1.0128,0.00433,,GEDI_rh98_m(pending),0,Landsat_C2_L2,regimeC_v0_CLCD+NDVI
afforestation,SAIH_AFF_r30c50,stable_restoration,0.9567,0.00437,,GEDI_rh98_m(pending),0,Landsat_C2_L2,regimeC_v0_CLCD+NDVI
afforestation,SAIH_AFF_r30c51,stable_restoration,0.9624,0.00481,,GEDI_rh98_m(pending),0,Landsat_C2_L2,regimeC_v0_CLCD+NDVI
afforestation,SAIH_AFF_r30c52,stable_restoration,0.8726,0.00386,,GEDI_rh98_m(pending),0,Landsat_C2_L2,regimeC_v0_CLCD+NDVI
afforestation,SAIH_AFF_r30c53,stable_restoration,0.9247,0.00709,,GEDI_rh98_m(pending),0,Landsat_C2_L2,regimeC_v0_CLCD+NDVI
afforestation,SAIH_AFF_r30c54,stable_restoration,0.888,-0.00171,,GEDI_rh98_m(pending),0,Landsat_C2_L2,regimeC_v0_CLCD+NDVI
afforestation,SAIH_AFF_r30c55,stable_restoration,0.8552,0.0052,,GEDI_rh98_m(pending),0,Landsat_C2_L2,regimeC_v0_CLCD+NDVI
afforestation,SAIH_AFF_r30c56,early_restoration,0.6294,0.00275,,GEDI_rh98_m(pending),0,Landsat_C2_L2,regimeC_v0_CLCD+NDVI
afforestation,SAIH_AFF_r30c57,early_restoration,0.5138,0.00132,,GEDI_rh98_m(pending),0,Landsat_C2_L2,regimeC_v0_CLCD+NDVI
afforestation,SAIH_AFF_r30c58,early_restoration,0.4212,0.00571,,GEDI_rh98_m(pending),0,Landsat_C2_L2,regimeC_v0_CLCD+NDVI
afforestation,SAIH_AFF_r30c59,stable_restoration,0.7256,0.00941,,GEDI_rh98_m(pending),0,Landsat_C2_L2,regimeC_v0_CLCD+NDVI
afforestation,SAIH_AFF_r30c60,early_restoration,0.5726,0.01117,,GEDI_rh98_m(pending),0,Landsat_C2_L2,regimeC_v0_CLCD+NDVI
afforestation,SAIH_AFF_r30c61,degraded,0.2993,0.00782,,GEDI_rh98_m(pending),0,Landsat_C2_L2,regimeC_v0_CLCD+NDVI
afforestation,SAIH_AFF_r30c62,early_restoration,0.4555,0.01695,,GEDI_rh98_m(pending),0,Landsat_C2_L2,regimeC_v0_CLCD+NDVI
afforestation,SAIH_AFF_r31c02,degraded,0.325,0.01335,,GEDI_rh98_m(pending),0,Landsat_C2_L2,regimeC_v0_CLCD+NDVI
afforestation,SAIH_AFF_r31c03,early_restoration,0.4818,0.01932,,GEDI_rh98_m(pending),0,Landsat_C2_L2,regimeC_v0_CLCD+NDVI
afforestation,SAIH_AFF_r31c04,degraded,0.2209,0.01028,,GEDI_rh98_m(pending),0,Landsat_C2_L2,regimeC_v0_CLCD+NDVI
afforestation,SAIH_AFF_r31c06,degraded,0.2249,0.00919,,GEDI_rh98_m(pending),0,Landsat_C2_L2,regimeC_v0_CLCD+NDVI
afforestation,SAIH_AFF_r31c10,early_restoration,0.3835,0.01782,,GEDI_rh98_m(pending),0,Landsat_C2_L2,regimeC_v0_CLCD+NDVI
afforestation,SAIH_AFF_r31c12,early_restoration,0.3965,0.00418,,GEDI_rh98_m(pending),0,Landsat_C2_L2,regimeC_v0_CLCD+NDVI
afforestation,SAIH_AFF_r31c20,early_restoration,0.5513,0.00658,,GEDI_rh98_m(pending),0,Landsat_C2_L2,regimeC_v0_CLCD+NDVI
afforestation,SAIH_AFF_r31c21,degraded,0.2707,0.00461,,GEDI_rh98_m(pending),0,Landsat_C2_L2,regimeC_v0_CLCD+NDVI
afforestation,SAIH_AFF_r31c25,degraded,0.1783,0.00301,,GEDI_rh98_m(pending),0,Landsat_C2_L2,regimeC_v0_CLCD+NDVI
afforestation,SAIH_AFF_r31c28,early_restoration,0.5213,0.01999,,GEDI_rh98_m(pending),0,Landsat_C2_L2,regimeC_v0_CLCD+NDVI
afforestation,SAIH_AFF_r31c29,degraded,0.2295,0.01055,,GEDI_rh98_m(pending),0,Landsat_C2_L2,regimeC_v0_CLCD+NDVI
afforestation,SAIH_AFF_r31c30,early_restoration,0.6567,0.0315,,GEDI_rh98_m(pending),0,Landsat_C2_L2,regimeC_v0_CLCD+NDVI
afforestation,SAIH_AFF_r31c31,early_restoration,0.5911,0.03129,,GEDI_rh98_m(pending),0,Landsat_C2_L2,regimeC_v0_CLCD+NDVI
afforestation,SAIH_AFF_r31c32,early_restoration,0.4458,0.02381,,GEDI_rh98_m(pending),0,Landsat_C2_L2,regimeC_v0_CLCD+NDVI
afforestation,SAIH_AFF_r31c34,degraded,0.1379,0.00562,,GEDI_rh98_m(pending),0,Landsat_C2_L2,regimeC_v0_CLCD+NDVI
afforestation,SAIH_AFF_r31c35,early_restoration,0.5002,0.02133,,GEDI_rh98_m(pending),0,Landsat_C2_L2,regimeC_v0_CLCD+NDVI
afforestation,SAIH_AFF_r31c36,early_restoration,0.4531,0.02126,,GEDI_rh98_m(pending),0,Landsat_C2_L2,regimeC_v0_CLCD+NDVI
afforestation,SAIH_AFF_r31c37,early_restoration,0.3582,0.00737,,GEDI_rh98_m(pending),0,Landsat_C2_L2,regimeC_v0_CLCD+NDVI
afforestation,SAIH_AFF_r31c38,early_restoration,0.6054,0.0157,,GEDI_rh98_m(pending),0,Landsat_C2_L2,regimeC_v0_CLCD+NDVI
afforestation,SAIH_AFF_r31c39,degraded,0.2918,0.01301,,GEDI_rh98_m(pending),0,Landsat_C2_L2,regimeC_v0_CLCD+NDVI
afforestation,SAIH_AFF_r31c40,stable_restoration,0.7604,0.02842,,GEDI_rh98_m(pending),0,Landsat_C2_L2,regimeC_v0_CLCD+NDVI
afforestation,SAIH_AFF_r31c41,early_restoration,0.6009,0.03003,,GEDI_rh98_m(pending),0,Landsat_C2_L2,regimeC_v0_CLCD+NDVI
afforestation,SAIH_AFF_r31c42,early_restoration,0.5545,0.02636,,GEDI_rh98_m(pending),0,Landsat_C2_L2,regimeC_v0_CLCD+NDVI
afforestation,SAIH_AFF_r31c43,degraded,0.2008,0.01042,,GEDI_rh98_m(pending),0,Landsat_C2_L2,regimeC_v0_CLCD+NDVI
afforestation,SAIH_AFF_r31c44,degraded,0.2484,0.00932,,GEDI_rh98_m(pending),0,Landsat_C2_L2,regimeC_v0_CLCD+NDVI
afforestation,SAIH_AFF_r31c45,stable_restoration,0.7761,0.00208,,GEDI_rh98_m(pending),0,Landsat_C2_L2,regimeC_v0_CLCD+NDVI
afforestation,SAIH_AFF_r31c46,stable_restoration,0.8589,0.00032,,GEDI_rh98_m(pending),0,Landsat_C2_L2,regimeC_v0_CLCD+NDVI
afforestation,SAIH_AFF_r31c47,stable_restoration,0.9767,0.00275,,GEDI_rh98_m(pending),0,Landsat_C2_L2,regimeC_v0_CLCD+NDVI
afforestation,SAIH_AFF_r31c48,stable_restoration,0.9785,0.00119,,GEDI_rh98_m(pending),0,Landsat_C2_L2,regimeC_v0_CLCD+NDVI
afforestation,SAIH_AFF_r31c49,stable_restoration,1.0026,0.00017,,GEDI_rh98_m(pending),0,Landsat_C2_L2,regimeC_v0_CLCD+NDVI
afforestation,SAIH_AFF_r31c50,stable_restoration,0.9719,0.00347,,GEDI_rh98_m(pending),0,Landsat_C2_L2,regimeC_v0_CLCD+NDVI
afforestation,SAIH_AFF_r31c51,stable_restoration,0.7679,0.00881,,GEDI_rh98_m(pending),0,Landsat_C2_L2,regimeC_v0_CLCD+NDVI
afforestation,SAIH_AFF_r31c52,stable_restoration,0.6632,0.00768,,GEDI_rh98_m(pending),0,Landsat_C2_L2,regimeC_v0_CLCD+NDVI
afforestation,SAIH_AFF_r31c53,stable_restoration,0.7708,0.0021,,GEDI_rh98_m(pending),0,Landsat_C2_L2,regimeC_v0_CLCD+NDVI
afforestation,SAIH_AFF_r31c54,stable_restoration,0.6849,0.00169,,GEDI_rh98_m(pending),0,Landsat_C2_L2,regimeC_v0_CLCD+NDVI
afforestation,SAIH_AFF_r31c55,stable_restoration,0.9673,0.00984,,GEDI_rh98_m(pending),0,Landsat_C2_L2,regimeC_v0_CLCD+NDVI
afforestation,SAIH_AFF_r31c56,stable_restoration,0.9997,0.00322,,GEDI_rh98_m(pending),0,Landsat_C2_L2,regimeC_v0_CLCD+NDVI
afforestation,SAIH_AFF_r31c57,stable_restoration,0.717,0.00499,,GEDI_rh98_m(pending),0,Landsat_C2_L2,regimeC_v0_CLCD+NDVI
afforestation,SAIH_AFF_r31c58,early_restoration,0.6494,0.00484,,GEDI_rh98_m(pending),0,Landsat_C2_L2,regimeC_v0_CLCD+NDVI
afforestation,SAIH_AFF_r31c59,early_restoration,0.5099,0.00398,,GEDI_rh98_m(pending),0,Landsat_C2_L2,regimeC_v0_CLCD+NDVI
afforestation,SAIH_AFF_r31c60,degraded,0.2282,0.00131,,GEDI_rh98_m(pending),0,Landsat_C2_L2,regimeC_v0_CLCD+NDVI
afforestation,SAIH_AFF_r32c05,degraded,0.2512,0.01261,,GEDI_rh98_m(pending),0,Landsat_C2_L2,regimeC_v0_CLCD+NDVI
afforestation,SAIH_AFF_r32c06,degraded,0.1154,0.00498,,GEDI_rh98_m(pending),0,Landsat_C2_L2,regimeC_v0_CLCD+NDVI
afforestation,SAIH_AFF_r32c15,degraded,0.2948,0.00529,,GEDI_rh98_m(pending),0,Landsat_C2_L2,regimeC_v0_CLCD+NDVI
afforestation,SAIH_AFF_r32c16,early_restoration,0.3838,0.00501,,GEDI_rh98_m(pending),0,Landsat_C2_L2,regimeC_v0_CLCD+NDVI
afforestation,SAIH_AFF_r32c20,degraded,0.3069,0.00638,,GEDI_rh98_m(pending),0,Landsat_C2_L2,regimeC_v0_CLCD+NDVI
afforestation,SAIH_AFF_r32c24,early_restoration,0.4775,0.02394,,GEDI_rh98_m(pending),0,Landsat_C2_L2,regimeC_v0_CLCD+NDVI
afforestation,SAIH_AFF_r32c25,early_restoration,0.5619,0.02417,,GEDI_rh98_m(pending),0,Landsat_C2_L2,regimeC_v0_CLCD+NDVI
afforestation,SAIH_AFF_r32c26,stable_restoration,0.6614,0.02086,,GEDI_rh98_m(pending),0,Landsat_C2_L2,regimeC_v0_CLCD+NDVI
afforestation,SAIH_AFF_r32c27,degraded,0.326,0.01448,,GEDI_rh98_m(pending),0,Landsat_C2_L2,regimeC_v0_CLCD+NDVI
afforestation,SAIH_AFF_r32c28,early_restoration,0.5483,0.02509,,GEDI_rh98_m(pending),0,Landsat_C2_L2,regimeC_v0_CLCD+NDVI
afforestation,SAIH_AFF_r32c29,early_restoration,0.4251,0.02066,,GEDI_rh98_m(pending),0,Landsat_C2_L2,regimeC_v0_CLCD+NDVI
afforestation,SAIH_AFF_r32c30,early_restoration,0.5214,0.02555,,GEDI_rh98_m(pending),0,Landsat_C2_L2,regimeC_v0_CLCD+NDVI
afforestation,SAIH_AFF_r32c31,early_restoration,0.5316,0.0262,,GEDI_rh98_m(pending),0,Landsat_C2_L2,regimeC_v0_CLCD+NDVI
afforestation,SAIH_AFF_r32c32,degraded,0.2686,0.00942,,GEDI_rh98_m(pending),0,Landsat_C2_L2,regimeC_v0_CLCD+NDVI
afforestation,SAIH_AFF_r32c33,early_restoration,0.4207,0.01709,,GEDI_rh98_m(pending),0,Landsat_C2_L2,regimeC_v0_CLCD+NDVI
afforestation,SAIH_AFF_r32c34,degraded,0.263,0.00927,,GEDI_rh98_m(pending),0,Landsat_C2_L2,regimeC_v0_CLCD+NDVI
afforestation,SAIH_AFF_r32c35,early_restoration,0.5952,0.024,,GEDI_rh98_m(pending),0,Landsat_C2_L2,regimeC_v0_CLCD+NDVI
afforestation,SAIH_AFF_r32c36,stable_restoration,0.7817,0.02139,,GEDI_rh98_m(pending),0,Landsat_C2_L2,regimeC_v0_CLCD+NDVI
afforestation,SAIH_AFF_r32c37,stable_restoration,0.7143,0.02579,,GEDI_rh98_m(pending),0,Landsat_C2_L2,regimeC_v0_CLCD+NDVI
afforestation,SAIH_AFF_r32c38,early_restoration,0.6151,0.00692,,GEDI_rh98_m(pending),0,Landsat_C2_L2,regimeC_v0_CLCD+NDVI
afforestation,SAIH_AFF_r32c39,early_restoration,0.6078,0.02828,,GEDI_rh98_m(pending),0,Landsat_C2_L2,regimeC_v0_CLCD+NDVI
afforestation,SAIH_AFF_r32c40,early_restoration,0.6476,0.03276,,GEDI_rh98_m(pending),0,Landsat_C2_L2,regimeC_v0_CLCD+NDVI
afforestation,SAIH_AFF_r32c41,early_restoration,0.3972,0.02076,,GEDI_rh98_m(pending),0,Landsat_C2_L2,regimeC_v0_CLCD+NDVI
afforestation,SAIH_AFF_r32c42,early_restoration,0.4663,0.01961,,GEDI_rh98_m(pending),0,Landsat_C2_L2,regimeC_v0_CLCD+NDVI
afforestation,SAIH_AFF_r32c44,early_restoration,0.6491,0.01686,,GEDI_rh98_m(pending),0,Landsat_C2_L2,regimeC_v0_CLCD+NDVI
afforestation,SAIH_AFF_r32c45,stable_restoration,0.7737,0.00865,,GEDI_rh98_m(pending),0,Landsat_C2_L2,regimeC_v0_CLCD+NDVI
afforestation,SAIH_AFF_r32c46,stable_restoration,0.9745,0.00672,,GEDI_rh98_m(pending),0,Landsat_C2_L2,regimeC_v0_CLCD+NDVI
afforestation,SAIH_AFF_r32c47,stable_restoration,0.8853,0.0047,,GEDI_rh98_m(pending),0,Landsat_C2_L2,regimeC_v0_CLCD+NDVI
afforestation,SAIH_AFF_r32c48,stable_restoration,0.872,0.00244,,GEDI_rh98_m(pending),0,Landsat_C2_L2,regimeC_v0_CLCD+NDVI
afforestation,SAIH_AFF_r32c49,stable_restoration,0.9538,0.00188,,GEDI_rh98_m(pending),0,Landsat_C2_L2,regimeC_v0_CLCD+NDVI
afforestation,SAIH_AFF_r32c50,stable_restoration,0.8496,0.00429,,GEDI_rh98_m(pending),0,Landsat_C2_L2,regimeC_v0_CLCD+NDVI
afforestation,SAIH_AFF_r32c51,stable_restoration,1.0045,0.00125,,GEDI_rh98_m(pending),0,Landsat_C2_L2,regimeC_v0_CLCD+NDVI
afforestation,SAIH_AFF_r32c52,stable_restoration,0.9054,0.00166,,GEDI_rh98_m(pending),0,Landsat_C2_L2,regimeC_v0_CLCD+NDVI
afforestation,SAIH_AFF_r32c53,early_restoration,0.5761,0.00755,,GEDI_rh98_m(pending),0,Landsat_C2_L2,regimeC_v0_CLCD+NDVI
afforestation,SAIH_AFF_r32c54,stable_restoration,0.9494,0.00354,,GEDI_rh98_m(pending),0,Landsat_C2_L2,regimeC_v0_CLCD+NDVI
afforestation,SAIH_AFF_r32c55,stable_restoration,0.8584,0.00666,,GEDI_rh98_m(pending),0,Landsat_C2_L2,regimeC_v0_CLCD+NDVI
afforestation,SAIH_AFF_r32c56,stable_restoration,0.9589,0.01175,,GEDI_rh98_m(pending),0,Landsat_C2_L2,regimeC_v0_CLCD+NDVI
afforestation,SAIH_AFF_r32c57,stable_restoration,0.8057,0.00486,,GEDI_rh98_m(pending),0,Landsat_C2_L2,regimeC_v0_CLCD+NDVI
afforestation,SAIH_AFF_r32c58,stable_restoration,0.8441,0.00386,,GEDI_rh98_m(pending),0,Landsat_C2_L2,regimeC_v0_CLCD+NDVI
afforestation,SAIH_AFF_r32c59,stable_restoration,0.7416,0.0079,,GEDI_rh98_m(pending),0,Landsat_C2_L2,regimeC_v0_CLCD+NDVI
afforestation,SAIH_AFF_r32c60,stable_restoration,0.8982,0.00726,,GEDI_rh98_m(pending),0,Landsat_C2_L2,regimeC_v0_CLCD+NDVI
afforestation,SAIH_AFF_r32c61,stable_restoration,0.6964,0.00611,,GEDI_rh98_m(pending),0,Landsat_C2_L2,regimeC_v0_CLCD+NDVI
afforestation,SAIH_AFF_r32c62,degraded,0.2463,0.004,,GEDI_rh98_m(pending),0,Landsat_C2_L2,regimeC_v0_CLCD+NDVI
afforestation,SAIH_AFF_r32c63,stable_restoration,0.8391,0.00544,,GEDI_rh98_m(pending),0,Landsat_C2_L2,regimeC_v0_CLCD+NDVI
afforestation,SAIH_AFF_r32c64,stable_restoration,0.7819,0.01386,,GEDI_rh98_m(pending),0,Landsat_C2_L2,regimeC_v0_CLCD+NDVI
afforestation,SAIH_AFF_r33c09,early_restoration,0.4909,0.02227,,GEDI_rh98_m(pending),0,Landsat_C2_L2,regimeC_v0_CLCD+NDVI
afforestation,SAIH_AFF_r33c15,early_restoration,0.3667,0.0063,,GEDI_rh98_m(pending),0,Landsat_C2_L2,regimeC_v0_CLCD+NDVI
afforestation,SAIH_AFF_r33c16,early_restoration,0.3387,0.00752,,GEDI_rh98_m(pending),0,Landsat_C2_L2,regimeC_v0_CLCD+NDVI
afforestation,SAIH_AFF_r33c23,degraded,0.3113,0.00869,,GEDI_rh98_m(pending),0,Landsat_C2_L2,regimeC_v0_CLCD+NDVI
afforestation,SAIH_AFF_r33c24,early_restoration,0.4154,0.01829,,GEDI_rh98_m(pending),0,Landsat_C2_L2,regimeC_v0_CLCD+NDVI
afforestation,SAIH_AFF_r33c25,stable_restoration,0.7565,0.04026,,GEDI_rh98_m(pending),0,Landsat_C2_L2,regimeC_v0_CLCD+NDVI
afforestation,SAIH_AFF_r33c26,early_restoration,0.606,0.00551,,GEDI_rh98_m(pending),0,Landsat_C2_L2,regimeC_v0_CLCD+NDVI
afforestation,SAIH_AFF_r33c27,early_restoration,0.5636,0.0254,,GEDI_rh98_m(pending),0,Landsat_C2_L2,regimeC_v0_CLCD+NDVI
afforestation,SAIH_AFF_r33c28,early_restoration,0.4303,0.02057,,GEDI_rh98_m(pending),0,Landsat_C2_L2,regimeC_v0_CLCD+NDVI
afforestation,SAIH_AFF_r33c29,degraded,0.2593,0.01147,,GEDI_rh98_m(pending),0,Landsat_C2_L2,regimeC_v0_CLCD+NDVI
afforestation,SAIH_AFF_r33c30,degraded,0.2058,0.00901,,GEDI_rh98_m(pending),0,Landsat_C2_L2,regimeC_v0_CLCD+NDVI
afforestation,SAIH_AFF_r33c31,degraded,0.3055,0.01079,,GEDI_rh98_m(pending),0,Landsat_C2_L2,regimeC_v0_CLCD+NDVI
afforestation,SAIH_AFF_r33c32,degraded,0.2563,0.00855,,GEDI_rh98_m(pending),0,Landsat_C2_L2,regimeC_v0_CLCD+NDVI
afforestation,SAIH_AFF_r33c33,early_restoration,0.5356,0.01218,,GEDI_rh98_m(pending),0,Landsat_C2_L2,regimeC_v0_CLCD+NDVI
afforestation,SAIH_AFF_r33c34,stable_restoration,0.7301,0.02904,,GEDI_rh98_m(pending),0,Landsat_C2_L2,regimeC_v0_CLCD+NDVI
afforestation,SAIH_AFF_r33c35,stable_restoration,0.7257,0.03416,,GEDI_rh98_m(pending),0,Landsat_C2_L2,regimeC_v0_CLCD+NDVI
afforestation,SAIH_AFF_r33c36,stable_restoration,0.8011,0.02584,,GEDI_rh98_m(pending),0,Landsat_C2_L2,regimeC_v0_CLCD+NDVI
afforestation,SAIH_AFF_r33c37,early_restoration,0.5642,0.02042,,GEDI_rh98_m(pending),0,Landsat_C2_L2,regimeC_v0_CLCD+NDVI
afforestation,SAIH_AFF_r33c38,early_restoration,0.452,0.01365,,GEDI_rh98_m(pending),0,Landsat_C2_L2,regimeC_v0_CLCD+NDVI
afforestation,SAIH_AFF_r33c40,early_restoration,0.3959,0.01853,,GEDI_rh98_m(pending),0,Landsat_C2_L2,regimeC_v0_CLCD+NDVI
afforestation,SAIH_AFF_r33c41,early_restoration,0.3502,0.01578,,GEDI_rh98_m(pending),0,Landsat_C2_L2,regimeC_v0_CLCD+NDVI
afforestation,SAIH_AFF_r33c42,early_restoration,0.602,0.02559,,GEDI_rh98_m(pending),0,Landsat_C2_L2,regimeC_v0_CLCD+NDVI
afforestation,SAIH_AFF_r33c43,early_restoration,0.5448,0.01074,,GEDI_rh98_m(pending),0,Landsat_C2_L2,regimeC_v0_CLCD+NDVI
afforestation,SAIH_AFF_r33c44,stable_restoration,0.9756,0.00724,,GEDI_rh98_m(pending),0,Landsat_C2_L2,regimeC_v0_CLCD+NDVI
afforestation,SAIH_AFF_r33c45,stable_restoration,0.8322,0.01591,,GEDI_rh98_m(pending),0,Landsat_C2_L2,regimeC_v0_CLCD+NDVI
afforestation,SAIH_AFF_r33c46,stable_restoration,0.9007,0.02049,,GEDI_rh98_m(pending),0,Landsat_C2_L2,regimeC_v0_CLCD+NDVI
afforestation,SAIH_AFF_r33c47,stable_restoration,0.8841,0.00478,,GEDI_rh98_m(pending),0,Landsat_C2_L2,regimeC_v0_CLCD+NDVI
afforestation,SAIH_AFF_r33c48,stable_restoration,0.7422,0.00122,,GEDI_rh98_m(pending),0,Landsat_C2_L2,regimeC_v0_CLCD+NDVI
afforestation,SAIH_AFF_r33c49,early_restoration,0.606,0.00046,,GEDI_rh98_m(pending),0,Landsat_C2_L2,regimeC_v0_CLCD+NDVI
afforestation,SAIH_AFF_r33c50,stable_restoration,0.955,0.00463,,GEDI_rh98_m(pending),0,Landsat_C2_L2,regimeC_v0_CLCD+NDVI
afforestation,SAIH_AFF_r33c51,stable_restoration,0.9046,0.01306,,GEDI_rh98_m(pending),0,Landsat_C2_L2,regimeC_v0_CLCD+NDVI
afforestation,SAIH_AFF_r33c52,stable_restoration,0.86,0.00625,,GEDI_rh98_m(pending),0,Landsat_C2_L2,regimeC_v0_CLCD+NDVI
afforestation,SAIH_AFF_r33c53,early_restoration,0.452,0.00362,,GEDI_rh98_m(pending),0,Landsat_C2_L2,regimeC_v0_CLCD+NDVI
afforestation,SAIH_AFF_r33c54,stable_restoration,0.7049,0.01021,,GEDI_rh98_m(pending),0,Landsat_C2_L2,regimeC_v0_CLCD+NDVI
afforestation,SAIH_AFF_r33c55,stable_restoration,0.7576,0.00953,,GEDI_rh98_m(pending),0,Landsat_C2_L2,regimeC_v0_CLCD+NDVI
afforestation,SAIH_AFF_r33c56,stable_restoration,0.8406,0.01194,,GEDI_rh98_m(pending),0,Landsat_C2_L2,regimeC_v0_CLCD+NDVI
afforestation,SAIH_AFF_r33c57,stable_restoration,0.7593,0.00886,,GEDI_rh98_m(pending),0,Landsat_C2_L2,regimeC_v0_CLCD+NDVI
afforestation,SAIH_AFF_r33c58,early_restoration,0.578,0.00976,,GEDI_rh98_m(pending),0,Landsat_C2_L2,regimeC_v0_CLCD+NDVI
afforestation,SAIH_AFF_r33c59,stable_restoration,0.8778,0.01498,,GEDI_rh98_m(pending),0,Landsat_C2_L2,regimeC_v0_CLCD+NDVI
afforestation,SAIH_AFF_r33c60,stable_restoration,0.6696,0.01108,,GEDI_rh98_m(pending),0,Landsat_C2_L2,regimeC_v0_CLCD+NDVI
afforestation,SAIH_AFF_r33c61,early_restoration,0.4835,0.00686,,GEDI_rh98_m(pending),0,Landsat_C2_L2,regimeC_v0_CLCD+NDVI
afforestation,SAIH_AFF_r33c62,stable_restoration,0.8869,0.00356,,GEDI_rh98_m(pending),0,Landsat_C2_L2,regimeC_v0_CLCD+NDVI
afforestation,SAIH_AFF_r33c63,stable_restoration,0.9854,0.00728,,GEDI_rh98_m(pending),0,Landsat_C2_L2,regimeC_v0_CLCD+NDVI
afforestation,SAIH_AFF_r33c64,stable_restoration,0.6875,0.00622,,GEDI_rh98_m(pending),0,Landsat_C2_L2,regimeC_v0_CLCD+NDVI
afforestation,SAIH_AFF_r34c12,degraded,0.2043,0.00789,,GEDI_rh98_m(pending),0,Landsat_C2_L2,regimeC_v0_CLCD+NDVI
afforestation,SAIH_AFF_r34c13,degraded,0.2254,0.00937,,GEDI_rh98_m(pending),0,Landsat_C2_L2,regimeC_v0_CLCD+NDVI
afforestation,SAIH_AFF_r34c22,early_restoration,0.519,0.02098,,GEDI_rh98_m(pending),0,Landsat_C2_L2,regimeC_v0_CLCD+NDVI
afforestation,SAIH_AFF_r34c23,early_restoration,0.4406,0.01187,,GEDI_rh98_m(pending),0,Landsat_C2_L2,regimeC_v0_CLCD+NDVI
afforestation,SAIH_AFF_r34c24,early_restoration,0.3359,0.01216,,GEDI_rh98_m(pending),0,Landsat_C2_L2,regimeC_v0_CLCD+NDVI
afforestation,SAIH_AFF_r34c27,degraded,0.2484,0.01127,,GEDI_rh98_m(pending),0,Landsat_C2_L2,regimeC_v0_CLCD+NDVI
afforestation,SAIH_AFF_r34c28,early_restoration,0.4922,0.02534,,GEDI_rh98_m(pending),0,Landsat_C2_L2,regimeC_v0_CLCD+NDVI
afforestation,SAIH_AFF_r34c29,degraded,0.2844,0.01415,,GEDI_rh98_m(pending),0,Landsat_C2_L2,regimeC_v0_CLCD+NDVI
afforestation,SAIH_AFF_r34c30,early_restoration,0.3891,0.0195,,GEDI_rh98_m(pending),0,Landsat_C2_L2,regimeC_v0_CLCD+NDVI
afforestation,SAIH_AFF_r34c31,degraded,0.2038,0.00333,,GEDI_rh98_m(pending),0,Landsat_C2_L2,regimeC_v0_CLCD+NDVI
afforestation,SAIH_AFF_r34c32,early_restoration,0.416,0.02064,,GEDI_rh98_m(pending),0,Landsat_C2_L2,regimeC_v0_CLCD+NDVI
afforestation,SAIH_AFF_r34c33,degraded,0.2306,0.00986,,GEDI_rh98_m(pending),0,Landsat_C2_L2,regimeC_v0_CLCD+NDVI
afforestation,SAIH_AFF_r34c34,stable_restoration,0.7187,0.02548,,GEDI_rh98_m(pending),0,Landsat_C2_L2,regimeC_v0_CLCD+NDVI
afforestation,SAIH_AFF_r34c35,stable_restoration,0.9511,0.03043,,GEDI_rh98_m(pending),0,Landsat_C2_L2,regimeC_v0_CLCD+NDVI
afforestation,SAIH_AFF_r34c36,stable_restoration,0.7662,0.03371,,GEDI_rh98_m(pending),0,Landsat_C2_L2,regimeC_v0_CLCD+NDVI
afforestation,SAIH_AFF_r34c38,degraded,0.2484,0.01233,,GEDI_rh98_m(pending),0,Landsat_C2_L2,regimeC_v0_CLCD+NDVI
afforestation,SAIH_AFF_r34c39,degraded,0.2736,0.01144,,GEDI_rh98_m(pending),0,Landsat_C2_L2,regimeC_v0_CLCD+NDVI
afforestation,SAIH_AFF_r34c42,early_restoration,0.3519,0.0081,,GEDI_rh98_m(pending),0,Landsat_C2_L2,regimeC_v0_CLCD+NDVI
afforestation,SAIH_AFF_r34c43,stable_restoration,0.9974,0.00398,,GEDI_rh98_m(pending),0,Landsat_C2_L2,regimeC_v0_CLCD+NDVI
afforestation,SAIH_AFF_r34c44,stable_restoration,0.9888,0.00793,,GEDI_rh98_m(pending),0,Landsat_C2_L2,regimeC_v0_CLCD+NDVI
afforestation,SAIH_AFF_r34c45,stable_restoration,0.8798,0.00446,,GEDI_rh98_m(pending),0,Landsat_C2_L2,regimeC_v0_CLCD+NDVI
afforestation,SAIH_AFF_r34c46,stable_restoration,0.7736,0.00637,,GEDI_rh98_m(pending),0,Landsat_C2_L2,regimeC_v0_CLCD+NDVI
afforestation,SAIH_AFF_r34c47,stable_restoration,0.792,0.00853,,GEDI_rh98_m(pending),0,Landsat_C2_L2,regimeC_v0_CLCD+NDVI
afforestation,SAIH_AFF_r34c48,early_restoration,0.4863,0.00455,,GEDI_rh98_m(pending),0,Landsat_C2_L2,regimeC_v0_CLCD+NDVI
afforestation,SAIH_AFF_r34c49,stable_restoration,0.7319,0.00321,,GEDI_rh98_m(pending),0,Landsat_C2_L2,regimeC_v0_CLCD+NDVI
afforestation,SAIH_AFF_r34c50,early_restoration,0.5972,0.00997,,GEDI_rh98_m(pending),0,Landsat_C2_L2,regimeC_v0_CLCD+NDVI
afforestation,SAIH_AFF_r34c51,stable_restoration,0.6826,0.01578,,GEDI_rh98_m(pending),0,Landsat_C2_L2,regimeC_v0_CLCD+NDVI
afforestation,SAIH_AFF_r34c52,stable_restoration,0.7582,0.01857,,GEDI_rh98_m(pending),0,Landsat_C2_L2,regimeC_v0_CLCD+NDVI
afforestation,SAIH_AFF_r34c53,early_restoration,0.5677,0.01355,,GEDI_rh98_m(pending),0,Landsat_C2_L2,regimeC_v0_CLCD+NDVI
afforestation,SAIH_AFF_r34c54,early_restoration,0.6071,0.0025,,GEDI_rh98_m(pending),0,Landsat_C2_L2,regimeC_v0_CLCD+NDVI
afforestation,SAIH_AFF_r34c55,stable_restoration,0.8686,0.01078,,GEDI_rh98_m(pending),0,Landsat_C2_L2,regimeC_v0_CLCD+NDVI
afforestation,SAIH_AFF_r34c56,stable_restoration,0.8268,0.0069,,GEDI_rh98_m(pending),0,Landsat_C2_L2,regimeC_v0_CLCD+NDVI
afforestation,SAIH_AFF_r34c57,stable_restoration,0.8045,0.00241,,GEDI_rh98_m(pending),0,Landsat_C2_L2,regimeC_v0_CLCD+NDVI
afforestation,SAIH_AFF_r34c58,early_restoration,0.5368,0.00711,,GEDI_rh98_m(pending),0,Landsat_C2_L2,regimeC_v0_CLCD+NDVI
afforestation,SAIH_AFF_r34c59,early_restoration,0.4841,0.01417,,GEDI_rh98_m(pending),0,Landsat_C2_L2,regimeC_v0_CLCD+NDVI
afforestation,SAIH_AFF_r34c60,early_restoration,0.4486,0.00957,,GEDI_rh98_m(pending),0,Landsat_C2_L2,regimeC_v0_CLCD+NDVI
afforestation,SAIH_AFF_r34c61,stable_restoration,0.7668,0.00281,,GEDI_rh98_m(pending),0,Landsat_C2_L2,regimeC_v0_CLCD+NDVI
afforestation,SAIH_AFF_r34c62,stable_restoration,0.8434,0.00116,,GEDI_rh98_m(pending),0,Landsat_C2_L2,regimeC_v0_CLCD+NDVI
afforestation,SAIH_AFF_r34c63,early_restoration,0.3971,0.0069,,GEDI_rh98_m(pending),0,Landsat_C2_L2,regimeC_v0_CLCD+NDVI
afforestation,SAIH_AFF_r34c64,degraded,0.1884,0.00228,,GEDI_rh98_m(pending),0,Landsat_C2_L2,regimeC_v0_CLCD+NDVI
afforestation,SAIH_AFF_r35c12,degraded,0.2466,0.00697,,GEDI_rh98_m(pending),0,Landsat_C2_L2,regimeC_v0_CLCD+NDVI
afforestation,SAIH_AFF_r35c13,degraded,0.2095,0.00759,,GEDI_rh98_m(pending),0,Landsat_C2_L2,regimeC_v0_CLCD+NDVI
afforestation,SAIH_AFF_r35c14,degraded,0.1064,0.00371,,GEDI_rh98_m(pending),0,Landsat_C2_L2,regimeC_v0_CLCD+NDVI
afforestation,SAIH_AFF_r35c21,degraded,0.321,0.00914,,GEDI_rh98_m(pending),0,Landsat_C2_L2,regimeC_v0_CLCD+NDVI
afforestation,SAIH_AFF_r35c24,degraded,0.1849,0.00864,,GEDI_rh98_m(pending),0,Landsat_C2_L2,regimeC_v0_CLCD+NDVI
afforestation,SAIH_AFF_r35c29,early_restoration,0.3393,0.0149,,GEDI_rh98_m(pending),0,Landsat_C2_L2,regimeC_v0_CLCD+NDVI
afforestation,SAIH_AFF_r35c30,degraded,0.3202,0.01174,,GEDI_rh98_m(pending),0,Landsat_C2_L2,regimeC_v0_CLCD+NDVI
afforestation,SAIH_AFF_r35c34,early_restoration,0.5894,0.02579,,GEDI_rh98_m(pending),0,Landsat_C2_L2,regimeC_v0_CLCD+NDVI
afforestation,SAIH_AFF_r35c35,stable_restoration,0.8484,0.01805,,GEDI_rh98_m(pending),0,Landsat_C2_L2,regimeC_v0_CLCD+NDVI
afforestation,SAIH_AFF_r35c36,early_restoration,0.3737,0.00938,,GEDI_rh98_m(pending),0,Landsat_C2_L2,regimeC_v0_CLCD+NDVI
afforestation,SAIH_AFF_r35c42,early_restoration,0.5288,0.00483,,GEDI_rh98_m(pending),0,Landsat_C2_L2,regimeC_v0_CLCD+NDVI
afforestation,SAIH_AFF_r35c43,stable_restoration,1.014,0.00236,,GEDI_rh98_m(pending),0,Landsat_C2_L2,regimeC_v0_CLCD+NDVI
afforestation,SAIH_AFF_r35c44,stable_restoration,1.022,0.00102,,GEDI_rh98_m(pending),0,Landsat_C2_L2,regimeC_v0_CLCD+NDVI
afforestation,SAIH_AFF_r35c45,stable_restoration,0.9757,0.00562,,GEDI_rh98_m(pending),0,Landsat_C2_L2,regimeC_v0_CLCD+NDVI
afforestation,SAIH_AFF_r35c46,stable_restoration,1.0014,0.00275,,GEDI_rh98_m(pending),0,Landsat_C2_L2,regimeC_v0_CLCD+NDVI
afforestation,SAIH_AFF_r35c47,stable_restoration,0.9579,0.00239,,GEDI_rh98_m(pending),0,Landsat_C2_L2,regimeC_v0_CLCD+NDVI
afforestation,SAIH_AFF_r35c48,stable_restoration,0.9767,0.00254,,GEDI_rh98_m(pending),0,Landsat_C2_L2,regimeC_v0_CLCD+NDVI
afforestation,SAIH_AFF_r35c49,early_restoration,0.5916,0.00351,,GEDI_rh98_m(pending),0,Landsat_C2_L2,regimeC_v0_CLCD+NDVI
afforestation,SAIH_AFF_r35c50,stable_restoration,0.8658,0.01326,,GEDI_rh98_m(pending),0,Landsat_C2_L2,regimeC_v0_CLCD+NDVI
afforestation,SAIH_AFF_r35c51,early_restoration,0.5441,0.00921,,GEDI_rh98_m(pending),0,Landsat_C2_L2,regimeC_v0_CLCD+NDVI
afforestation,SAIH_AFF_r35c52,early_restoration,0.5568,0.01323,,GEDI_rh98_m(pending),0,Landsat_C2_L2,regimeC_v0_CLCD+NDVI
afforestation,SAIH_AFF_r35c53,early_restoration,0.5911,0.02019,,GEDI_rh98_m(pending),0,Landsat_C2_L2,regimeC_v0_CLCD+NDVI
afforestation,SAIH_AFF_r35c54,stable_restoration,0.9694,0.00687,,GEDI_rh98_m(pending),0,Landsat_C2_L2,regimeC_v0_CLCD+NDVI
afforestation,SAIH_AFF_r35c55,stable_restoration,0.8568,0.00986,,GEDI_rh98_m(pending),0,Landsat_C2_L2,regimeC_v0_CLCD+NDVI
afforestation,SAIH_AFF_r35c56,stable_restoration,0.8892,0.00644,,GEDI_rh98_m(pending),0,Landsat_C2_L2,regimeC_v0_CLCD+NDVI
afforestation,SAIH_AFF_r35c57,stable_restoration,0.8102,0.01171,,GEDI_rh98_m(pending),0,Landsat_C2_L2,regimeC_v0_CLCD+NDVI
afforestation,SAIH_AFF_r35c58,stable_restoration,0.8846,0.00727,,GEDI_rh98_m(pending),0,Landsat_C2_L2,regimeC_v0_CLCD+NDVI
afforestation,SAIH_AFF_r35c59,stable_restoration,0.8389,0.00268,,GEDI_rh98_m(pending),0,Landsat_C2_L2,regimeC_v0_CLCD+NDVI
afforestation,SAIH_AFF_r35c60,stable_restoration,0.9589,0.00497,,GEDI_rh98_m(pending),0,Landsat_C2_L2,regimeC_v0_CLCD+NDVI
afforestation,SAIH_AFF_r35c61,stable_restoration,1.0111,0.00887,,GEDI_rh98_m(pending),0,Landsat_C2_L2,regimeC_v0_CLCD+NDVI
afforestation,SAIH_AFF_r35c62,stable_restoration,0.6603,0.00973,,GEDI_rh98_m(pending),0,Landsat_C2_L2,regimeC_v0_CLCD+NDVI
afforestation,SAIH_AFF_r35c63,early_restoration,0.5179,0.00377,,GEDI_rh98_m(pending),0,Landsat_C2_L2,regimeC_v0_CLCD+NDVI
afforestation,SAIH_AFF_r35c64,stable_restoration,0.9539,0.00791,,GEDI_rh98_m(pending),0,Landsat_C2_L2,regimeC_v0_CLCD+NDVI
afforestation,SAIH_AFF_r36c08,degraded,0.2506,0.01257,,GEDI_rh98_m(pending),0,Landsat_C2_L2,regimeC_v0_CLCD+NDVI
afforestation,SAIH_AFF_r36c09,degraded,0.2718,0.01138,,GEDI_rh98_m(pending),0,Landsat_C2_L2,regimeC_v0_CLCD+NDVI
afforestation,SAIH_AFF_r36c12,degraded,0.1676,0.00547,,GEDI_rh98_m(pending),0,Landsat_C2_L2,regimeC_v0_CLCD+NDVI
afforestation,SAIH_AFF_r36c13,early_restoration,0.4904,0.01294,,GEDI_rh98_m(pending),0,Landsat_C2_L2,regimeC_v0_CLCD+NDVI
afforestation,SAIH_AFF_r36c14,degraded,0.1265,0.00357,,GEDI_rh98_m(pending),0,Landsat_C2_L2,regimeC_v0_CLCD+NDVI
afforestation,SAIH_AFF_r36c30,early_restoration,0.3611,0.00989,,GEDI_rh98_m(pending),0,Landsat_C2_L2,regimeC_v0_CLCD+NDVI
afforestation,SAIH_AFF_r36c32,early_restoration,0.412,0.01394,,GEDI_rh98_m(pending),0,Landsat_C2_L2,regimeC_v0_CLCD+NDVI
afforestation,SAIH_AFF_r36c33,early_restoration,0.4555,0.01332,,GEDI_rh98_m(pending),0,Landsat_C2_L2,regimeC_v0_CLCD+NDVI
afforestation,SAIH_AFF_r36c34,early_restoration,0.4756,0.01001,,GEDI_rh98_m(pending),0,Landsat_C2_L2,regimeC_v0_CLCD+NDVI
afforestation,SAIH_AFF_r36c35,early_restoration,0.3712,0.00486,,GEDI_rh98_m(pending),0,Landsat_C2_L2,regimeC_v0_CLCD+NDVI
afforestation,SAIH_AFF_r36c36,degraded,0.2455,0.00396,,GEDI_rh98_m(pending),0,Landsat_C2_L2,regimeC_v0_CLCD+NDVI
afforestation,SAIH_AFF_r36c42,early_restoration,0.6232,0.00279,,GEDI_rh98_m(pending),0,Landsat_C2_L2,regimeC_v0_CLCD+NDVI
afforestation,SAIH_AFF_r36c43,stable_restoration,1.0317,0.00152,,GEDI_rh98_m(pending),0,Landsat_C2_L2,regimeC_v0_CLCD+NDVI
afforestation,SAIH_AFF_r36c44,stable_restoration,1.0111,0.00155,,GEDI_rh98_m(pending),0,Landsat_C2_L2,regimeC_v0_CLCD+NDVI
afforestation,SAIH_AFF_r36c45,stable_restoration,0.974,0.00218,,GEDI_rh98_m(pending),0,Landsat_C2_L2,regimeC_v0_CLCD+NDVI
afforestation,SAIH_AFF_r36c46,stable_restoration,1.022,0.00176,,GEDI_rh98_m(pending),0,Landsat_C2_L2,regimeC_v0_CLCD+NDVI
afforestation,SAIH_AFF_r36c47,stable_restoration,0.979,0.00438,,GEDI_rh98_m(pending),0,Landsat_C2_L2,regimeC_v0_CLCD+NDVI
afforestation,SAIH_AFF_r36c48,stable_restoration,0.9745,0.00518,,GEDI_rh98_m(pending),0,Landsat_C2_L2,regimeC_v0_CLCD+NDVI
afforestation,SAIH_AFF_r36c49,early_restoration,0.5591,0.00515,,GEDI_rh98_m(pending),0,Landsat_C2_L2,regimeC_v0_CLCD+NDVI
afforestation,SAIH_AFF_r36c50,stable_restoration,0.7133,0.02251,,GEDI_rh98_m(pending),0,Landsat_C2_L2,regimeC_v0_CLCD+NDVI
afforestation,SAIH_AFF_r36c51,early_restoration,0.4875,0.01759,,GEDI_rh98_m(pending),0,Landsat_C2_L2,regimeC_v0_CLCD+NDVI
afforestation,SAIH_AFF_r36c52,stable_restoration,0.7697,0.00465,,GEDI_rh98_m(pending),0,Landsat_C2_L2,regimeC_v0_CLCD+NDVI
afforestation,SAIH_AFF_r36c53,stable_restoration,1.0208,0.00195,,GEDI_rh98_m(pending),0,Landsat_C2_L2,regimeC_v0_CLCD+NDVI
afforestation,SAIH_AFF_r36c54,stable_restoration,1.0288,0.00296,,GEDI_rh98_m(pending),0,Landsat_C2_L2,regimeC_v0_CLCD+NDVI
afforestation,SAIH_AFF_r36c55,stable_restoration,0.8243,0.01457,,GEDI_rh98_m(pending),0,Landsat_C2_L2,regimeC_v0_CLCD+NDVI
afforestation,SAIH_AFF_r36c56,stable_restoration,0.9012,0.00485,,GEDI_rh98_m(pending),0,Landsat_C2_L2,regimeC_v0_CLCD+NDVI
afforestation,SAIH_AFF_r36c57,stable_restoration,0.9235,0.00618,,GEDI_rh98_m(pending),0,Landsat_C2_L2,regimeC_v0_CLCD+NDVI
afforestation,SAIH_AFF_r36c58,stable_restoration,0.8669,0.0046,,GEDI_rh98_m(pending),0,Landsat_C2_L2,regimeC_v0_CLCD+NDVI
afforestation,SAIH_AFF_r36c59,stable_restoration,0.9407,0.00427,,GEDI_rh98_m(pending),0,Landsat_C2_L2,regimeC_v0_CLCD+NDVI
afforestation,SAIH_AFF_r36c60,stable_restoration,0.9831,0.01142,,GEDI_rh98_m(pending),0,Landsat_C2_L2,regimeC_v0_CLCD+NDVI
afforestation,SAIH_AFF_r36c61,stable_restoration,0.8778,0.03189,,GEDI_rh98_m(pending),0,Landsat_C2_L2,regimeC_v0_CLCD+NDVI
afforestation,SAIH_AFF_r36c62,stable_restoration,0.9276,0.00705,,GEDI_rh98_m(pending),0,Landsat_C2_L2,regimeC_v0_CLCD+NDVI
afforestation,SAIH_AFF_r36c63,stable_restoration,0.951,0.00021,,GEDI_rh98_m(pending),0,Landsat_C2_L2,regimeC_v0_CLCD+NDVI
afforestation,SAIH_AFF_r36c64,stable_restoration,0.9466,0.01533,,GEDI_rh98_m(pending),0,Landsat_C2_L2,regimeC_v0_CLCD+NDVI
afforestation,SAIH_AFF_r37c08,degraded,0.242,0.01235,,GEDI_rh98_m(pending),0,Landsat_C2_L2,regimeC_v0_CLCD+NDVI
afforestation,SAIH_AFF_r37c09,degraded,0.1413,0.00532,,GEDI_rh98_m(pending),0,Landsat_C2_L2,regimeC_v0_CLCD+NDVI
afforestation,SAIH_AFF_r37c12,degraded,0.1219,0.00418,,GEDI_rh98_m(pending),0,Landsat_C2_L2,regimeC_v0_CLCD+NDVI
afforestation,SAIH_AFF_r37c13,degraded,0.2741,0.00698,,GEDI_rh98_m(pending),0,Landsat_C2_L2,regimeC_v0_CLCD+NDVI
afforestation,SAIH_AFF_r37c33,early_restoration,0.5441,0.00558,,GEDI_rh98_m(pending),0,Landsat_C2_L2,regimeC_v0_CLCD+NDVI
afforestation,SAIH_AFF_r37c34,early_restoration,0.4354,0.004,,GEDI_rh98_m(pending),0,Landsat_C2_L2,regimeC_v0_CLCD+NDVI
afforestation,SAIH_AFF_r37c35,degraded,0.1688,0.0015,,GEDI_rh98_m(pending),0,Landsat_C2_L2,regimeC_v0_CLCD+NDVI
afforestation,SAIH_AFF_r37c36,degraded,0.1597,0.00306,,GEDI_rh98_m(pending),0,Landsat_C2_L2,regimeC_v0_CLCD+NDVI
afforestation,SAIH_AFF_r37c38,early_restoration,0.3302,0.00665,,GEDI_rh98_m(pending),0,Landsat_C2_L2,regimeC_v0_CLCD+NDVI
afforestation,SAIH_AFF_r37c39,early_restoration,0.5099,0.00922,,GEDI_rh98_m(pending),0,Landsat_C2_L2,regimeC_v0_CLCD+NDVI
afforestation,SAIH_AFF_r37c41,early_restoration,0.4308,0.00678,,GEDI_rh98_m(pending),0,Landsat_C2_L2,regimeC_v0_CLCD+NDVI
afforestation,SAIH_AFF_r37c42,stable_restoration,0.9808,0.00079,,GEDI_rh98_m(pending),0,Landsat_C2_L2,regimeC_v0_CLCD+NDVI
afforestation,SAIH_AFF_r37c43,stable_restoration,0.9876,0.0026,,GEDI_rh98_m(pending),0,Landsat_C2_L2,regimeC_v0_CLCD+NDVI
afforestation,SAIH_AFF_r37c44,stable_restoration,0.9917,0.00029,,GEDI_rh98_m(pending),0,Landsat_C2_L2,regimeC_v0_CLCD+NDVI
afforestation,SAIH_AFF_r37c45,stable_restoration,1.0004,0.00259,,GEDI_rh98_m(pending),0,Landsat_C2_L2,regimeC_v0_CLCD+NDVI
afforestation,SAIH_AFF_r37c46,stable_restoration,1.0134,0.0024,,GEDI_rh98_m(pending),0,Landsat_C2_L2,regimeC_v0_CLCD+NDVI
afforestation,SAIH_AFF_r37c47,stable_restoration,1.0237,0.00251,,GEDI_rh98_m(pending),0,Landsat_C2_L2,regimeC_v0_CLCD+NDVI
afforestation,SAIH_AFF_r37c48,stable_restoration,0.9968,0.00356,,GEDI_rh98_m(pending),0,Landsat_C2_L2,regimeC_v0_CLCD+NDVI
afforestation,SAIH_AFF_r37c49,stable_restoration,0.979,0.00115,,GEDI_rh98_m(pending),0,Landsat_C2_L2,regimeC_v0_CLCD+NDVI
afforestation,SAIH_AFF_r37c50,early_restoration,0.4268,0.00506,,GEDI_rh98_m(pending),0,Landsat_C2_L2,regimeC_v0_CLCD+NDVI
afforestation,SAIH_AFF_r37c51,degraded,0.2953,0.0029,,GEDI_rh98_m(pending),0,Landsat_C2_L2,regimeC_v0_CLCD+NDVI
afforestation,SAIH_AFF_r37c52,stable_restoration,0.9007,0.00195,,GEDI_rh98_m(pending),0,Landsat_C2_L2,regimeC_v0_CLCD+NDVI
afforestation,SAIH_AFF_r37c53,stable_restoration,0.9155,0.00651,,GEDI_rh98_m(pending),0,Landsat_C2_L2,regimeC_v0_CLCD+NDVI
afforestation,SAIH_AFF_r37c54,stable_restoration,0.9956,0.01914,,GEDI_rh98_m(pending),0,Landsat_C2_L2,regimeC_v0_CLCD+NDVI
afforestation,SAIH_AFF_r37c55,stable_restoration,0.775,0.00553,,GEDI_rh98_m(pending),0,Landsat_C2_L2,regimeC_v0_CLCD+NDVI
afforestation,SAIH_AFF_r37c56,stable_restoration,0.8498,0.005,,GEDI_rh98_m(pending),0,Landsat_C2_L2,regimeC_v0_CLCD+NDVI
afforestation,SAIH_AFF_r37c57,early_restoration,0.5916,0.00371,,GEDI_rh98_m(pending),0,Landsat_C2_L2,regimeC_v0_CLCD+NDVI
afforestation,SAIH_AFF_r37c58,stable_restoration,0.9717,0.00075,,GEDI_rh98_m(pending),0,Landsat_C2_L2,regimeC_v0_CLCD+NDVI
afforestation,SAIH_AFF_r37c59,stable_restoration,0.9871,0.00116,,GEDI_rh98_m(pending),0,Landsat_C2_L2,regimeC_v0_CLCD+NDVI
afforestation,SAIH_AFF_r37c60,stable_restoration,0.9606,0.00606,,GEDI_rh98_m(pending),0,Landsat_C2_L2,regimeC_v0_CLCD+NDVI
afforestation,SAIH_AFF_r37c61,stable_restoration,0.8206,0.0044,,GEDI_rh98_m(pending),0,Landsat_C2_L2,regimeC_v0_CLCD+NDVI
afforestation,SAIH_AFF_r37c62,stable_restoration,0.9012,0.0061,,GEDI_rh98_m(pending),0,Landsat_C2_L2,regimeC_v0_CLCD+NDVI
afforestation,SAIH_AFF_r37c63,stable_restoration,0.9905,0.00817,,GEDI_rh98_m(pending),0,Landsat_C2_L2,regimeC_v0_CLCD+NDVI
afforestation,SAIH_AFF_r37c64,stable_restoration,1.0127,0.02593,,GEDI_rh98_m(pending),0,Landsat_C2_L2,regimeC_v0_CLCD+NDVI
afforestation,SAIH_AFF_r38c08,degraded,0.2764,0.01284,,GEDI_rh98_m(pending),0,Landsat_C2_L2,regimeC_v0_CLCD+NDVI
afforestation,SAIH_AFF_r38c37,early_restoration,0.4134,0.00428,,GEDI_rh98_m(pending),0,Landsat_C2_L2,regimeC_v0_CLCD+NDVI
afforestation,SAIH_AFF_r38c38,early_restoration,0.4385,0.00866,,GEDI_rh98_m(pending),0,Landsat_C2_L2,regimeC_v0_CLCD+NDVI
afforestation,SAIH_AFF_r38c39,stable_restoration,0.8463,0.00725,,GEDI_rh98_m(pending),0,Landsat_C2_L2,regimeC_v0_CLCD+NDVI
afforestation,SAIH_AFF_r38c40,stable_restoration,0.8709,0.00162,,GEDI_rh98_m(pending),0,Landsat_C2_L2,regimeC_v0_CLCD+NDVI
afforestation,SAIH_AFF_r38c41,stable_restoration,0.9968,-5e-05,,GEDI_rh98_m(pending),0,Landsat_C2_L2,regimeC_v0_CLCD+NDVI
afforestation,SAIH_AFF_r38c42,stable_restoration,0.9979,0.00134,,GEDI_rh98_m(pending),0,Landsat_C2_L2,regimeC_v0_CLCD+NDVI
afforestation,SAIH_AFF_r38c43,stable_restoration,1.0184,0.00273,,GEDI_rh98_m(pending),0,Landsat_C2_L2,regimeC_v0_CLCD+NDVI
afforestation,SAIH_AFF_r38c44,stable_restoration,1.0207,0.00271,,GEDI_rh98_m(pending),0,Landsat_C2_L2,regimeC_v0_CLCD+NDVI
afforestation,SAIH_AFF_r38c45,stable_restoration,0.9348,0.00335,,GEDI_rh98_m(pending),0,Landsat_C2_L2,regimeC_v0_CLCD+NDVI
afforestation,SAIH_AFF_r38c46,stable_restoration,0.9918,0.00356,,GEDI_rh98_m(pending),0,Landsat_C2_L2,regimeC_v0_CLCD+NDVI
afforestation,SAIH_AFF_r38c47,stable_restoration,0.975,0.00457,,GEDI_rh98_m(pending),0,Landsat_C2_L2,regimeC_v0_CLCD+NDVI
afforestation,SAIH_AFF_r38c48,stable_restoration,0.7906,0.00565,,GEDI_rh98_m(pending),0,Landsat_C2_L2,regimeC_v0_CLCD+NDVI
afforestation,SAIH_AFF_r38c49,stable_restoration,0.9199,0.00304,,GEDI_rh98_m(pending),0,Landsat_C2_L2,regimeC_v0_CLCD+NDVI
afforestation,SAIH_AFF_r38c50,stable_restoration,0.8502,0.00762,,GEDI_rh98_m(pending),0,Landsat_C2_L2,regimeC_v0_CLCD+NDVI
afforestation,SAIH_AFF_r38c51,degraded,0.3159,0.00975,,GEDI_rh98_m(pending),0,Landsat_C2_L2,regimeC_v0_CLCD+NDVI
afforestation,SAIH_AFF_r38c52,stable_restoration,0.7817,0.01094,,GEDI_rh98_m(pending),0,Landsat_C2_L2,regimeC_v0_CLCD+NDVI
afforestation,SAIH_AFF_r38c53,early_restoration,0.5878,0.00835,,GEDI_rh98_m(pending),0,Landsat_C2_L2,regimeC_v0_CLCD+NDVI
afforestation,SAIH_AFF_r38c54,stable_restoration,0.7934,0.01492,,GEDI_rh98_m(pending),0,Landsat_C2_L2,regimeC_v0_CLCD+NDVI
afforestation,SAIH_AFF_r38c55,stable_restoration,0.9233,0.00896,,GEDI_rh98_m(pending),0,Landsat_C2_L2,regimeC_v0_CLCD+NDVI
afforestation,SAIH_AFF_r38c56,stable_restoration,0.7594,0.00852,,GEDI_rh98_m(pending),0,Landsat_C2_L2,regimeC_v0_CLCD+NDVI
afforestation,SAIH_AFF_r38c57,early_restoration,0.5918,0.00271,,GEDI_rh98_m(pending),0,Landsat_C2_L2,regimeC_v0_CLCD+NDVI
afforestation,SAIH_AFF_r38c58,stable_restoration,0.9333,0.00189,,GEDI_rh98_m(pending),0,Landsat_C2_L2,regimeC_v0_CLCD+NDVI
afforestation,SAIH_AFF_r38c59,stable_restoration,0.8435,0.00246,,GEDI_rh98_m(pending),0,Landsat_C2_L2,regimeC_v0_CLCD+NDVI
afforestation,SAIH_AFF_r38c60,stable_restoration,0.9757,0.00537,,GEDI_rh98_m(pending),0,Landsat_C2_L2,regimeC_v0_CLCD+NDVI
afforestation,SAIH_AFF_r38c61,stable_restoration,1.0029,0.00572,,GEDI_rh98_m(pending),0,Landsat_C2_L2,regimeC_v0_CLCD+NDVI
afforestation,SAIH_AFF_r38c62,stable_restoration,1.0308,0.00786,,GEDI_rh98_m(pending),0,Landsat_C2_L2,regimeC_v0_CLCD+NDVI
afforestation,SAIH_AFF_r38c63,stable_restoration,1.0079,0.00062,,GEDI_rh98_m(pending),0,Landsat_C2_L2,regimeC_v0_CLCD+NDVI
afforestation,SAIH_AFF_r38c64,stable_restoration,0.9337,0.00687,,GEDI_rh98_m(pending),0,Landsat_C2_L2,regimeC_v0_CLCD+NDVI
afforestation,SAIH_AFF_r39c05,degraded,0.2692,0.01111,,GEDI_rh98_m(pending),0,Landsat_C2_L2,regimeC_v0_CLCD+NDVI
afforestation,SAIH_AFF_r39c07,early_restoration,0.4126,0.01836,,GEDI_rh98_m(pending),0,Landsat_C2_L2,regimeC_v0_CLCD+NDVI
afforestation,SAIH_AFF_r39c08,degraded,0.2593,0.01301,,GEDI_rh98_m(pending),0,Landsat_C2_L2,regimeC_v0_CLCD+NDVI
afforestation,SAIH_AFF_r39c36,early_restoration,0.3965,0.00378,,GEDI_rh98_m(pending),0,Landsat_C2_L2,regimeC_v0_CLCD+NDVI
afforestation,SAIH_AFF_r39c38,degraded,0.2563,0.00256,,GEDI_rh98_m(pending),0,Landsat_C2_L2,regimeC_v0_CLCD+NDVI
afforestation,SAIH_AFF_r39c39,stable_restoration,0.7388,0.00643,,GEDI_rh98_m(pending),0,Landsat_C2_L2,regimeC_v0_CLCD+NDVI
afforestation,SAIH_AFF_r39c40,stable_restoration,0.9831,0.00268,,GEDI_rh98_m(pending),0,Landsat_C2_L2,regimeC_v0_CLCD+NDVI
afforestation,SAIH_AFF_r39c41,stable_restoration,1.0088,0.00187,,GEDI_rh98_m(pending),0,Landsat_C2_L2,regimeC_v0_CLCD+NDVI
afforestation,SAIH_AFF_r39c42,stable_restoration,1.0179,0.00053,,GEDI_rh98_m(pending),0,Landsat_C2_L2,regimeC_v0_CLCD+NDVI
afforestation,SAIH_AFF_r39c43,stable_restoration,0.999,0.00263,,GEDI_rh98_m(pending),0,Landsat_C2_L2,regimeC_v0_CLCD+NDVI
afforestation,SAIH_AFF_r39c44,stable_restoration,0.9819,0.0024,,GEDI_rh98_m(pending),0,Landsat_C2_L2,regimeC_v0_CLCD+NDVI
afforestation,SAIH_AFF_r39c45,stable_restoration,0.978,0.01292,,GEDI_rh98_m(pending),0,Landsat_C2_L2,regimeC_v0_CLCD+NDVI
afforestation,SAIH_AFF_r39c46,stable_restoration,0.903,0.0033,,GEDI_rh98_m(pending),0,Landsat_C2_L2,regimeC_v0_CLCD+NDVI
afforestation,SAIH_AFF_r39c47,stable_restoration,0.959,0.00474,,GEDI_rh98_m(pending),0,Landsat_C2_L2,regimeC_v0_CLCD+NDVI
afforestation,SAIH_AFF_r39c48,stable_restoration,0.7604,0.00885,,GEDI_rh98_m(pending),0,Landsat_C2_L2,regimeC_v0_CLCD+NDVI
afforestation,SAIH_AFF_r39c49,early_restoration,0.4337,0.00258,,GEDI_rh98_m(pending),0,Landsat_C2_L2,regimeC_v0_CLCD+NDVI
afforestation,SAIH_AFF_r39c50,stable_restoration,0.909,0.00622,,GEDI_rh98_m(pending),0,Landsat_C2_L2,regimeC_v0_CLCD+NDVI
afforestation,SAIH_AFF_r39c51,stable_restoration,0.8229,0.0137,,GEDI_rh98_m(pending),0,Landsat_C2_L2,regimeC_v0_CLCD+NDVI
afforestation,SAIH_AFF_r39c52,early_restoration,0.4618,0.01357,,GEDI_rh98_m(pending),0,Landsat_C2_L2,regimeC_v0_CLCD+NDVI
afforestation,SAIH_AFF_r39c53,stable_restoration,0.6838,0.02551,,GEDI_rh98_m(pending),0,Landsat_C2_L2,regimeC_v0_CLCD+NDVI
afforestation,SAIH_AFF_r39c54,stable_restoration,0.7674,0.01073,,GEDI_rh98_m(pending),0,Landsat_C2_L2,regimeC_v0_CLCD+NDVI
afforestation,SAIH_AFF_r39c55,stable_restoration,0.8826,0.00545,,GEDI_rh98_m(pending),0,Landsat_C2_L2,regimeC_v0_CLCD+NDVI
afforestation,SAIH_AFF_r39c56,stable_restoration,0.84,0.00565,,GEDI_rh98_m(pending),0,Landsat_C2_L2,regimeC_v0_CLCD+NDVI
afforestation,SAIH_AFF_r39c57,early_restoration,0.6094,0.00443,,GEDI_rh98_m(pending),0,Landsat_C2_L2,regimeC_v0_CLCD+NDVI
afforestation,SAIH_AFF_r39c58,stable_restoration,0.9133,0.00211,,GEDI_rh98_m(pending),0,Landsat_C2_L2,regimeC_v0_CLCD+NDVI
afforestation,SAIH_AFF_r39c59,stable_restoration,0.7565,0.00208,,GEDI_rh98_m(pending),0,Landsat_C2_L2,regimeC_v0_CLCD+NDVI
afforestation,SAIH_AFF_r39c60,stable_restoration,0.9029,0.00263,,GEDI_rh98_m(pending),0,Landsat_C2_L2,regimeC_v0_CLCD+NDVI
afforestation,SAIH_AFF_r39c61,stable_restoration,0.9435,0.00482,,GEDI_rh98_m(pending),0,Landsat_C2_L2,regimeC_v0_CLCD+NDVI
afforestation,SAIH_AFF_r39c62,stable_restoration,0.9516,0.01164,,GEDI_rh98_m(pending),0,Landsat_C2_L2,regimeC_v0_CLCD+NDVI
afforestation,SAIH_AFF_r39c63,stable_restoration,0.9928,0.00025,,GEDI_rh98_m(pending),0,Landsat_C2_L2,regimeC_v0_CLCD+NDVI
afforestation,SAIH_AFF_r39c64,stable_restoration,0.7021,0.00257,,GEDI_rh98_m(pending),0,Landsat_C2_L2,regimeC_v0_CLCD+NDVI
afforestation,SAIH_AFF_r40c05,early_restoration,0.6219,0.02654,,GEDI_rh98_m(pending),0,Landsat_C2_L2,regimeC_v0_CLCD+NDVI
afforestation,SAIH_AFF_r40c09,degraded,0.1872,0.00966,,GEDI_rh98_m(pending),0,Landsat_C2_L2,regimeC_v0_CLCD+NDVI
afforestation,SAIH_AFF_r40c26,degraded,0.1883,0.0066,,GEDI_rh98_m(pending),0,Landsat_C2_L2,regimeC_v0_CLCD+NDVI
afforestation,SAIH_AFF_r40c35,degraded,0.2893,0.0037,,GEDI_rh98_m(pending),0,Landsat_C2_L2,regimeC_v0_CLCD+NDVI
afforestation,SAIH_AFF_r40c36,degraded,0.3244,0.00416,,GEDI_rh98_m(pending),0,Landsat_C2_L2,regimeC_v0_CLCD+NDVI
afforestation,SAIH_AFF_r40c38,stable_restoration,0.8034,0.00434,,GEDI_rh98_m(pending),0,Landsat_C2_L2,regimeC_v0_CLCD+NDVI
afforestation,SAIH_AFF_r40c39,stable_restoration,0.903,0.00424,,GEDI_rh98_m(pending),0,Landsat_C2_L2,regimeC_v0_CLCD+NDVI
afforestation,SAIH_AFF_r40c40,stable_restoration,0.9472,0.00102,,GEDI_rh98_m(pending),0,Landsat_C2_L2,regimeC_v0_CLCD+NDVI
afforestation,SAIH_AFF_r40c41,stable_restoration,0.9665,0.00342,,GEDI_rh98_m(pending),0,Landsat_C2_L2,regimeC_v0_CLCD+NDVI
afforestation,SAIH_AFF_r40c42,stable_restoration,1.0179,0.00201,,GEDI_rh98_m(pending),0,Landsat_C2_L2,regimeC_v0_CLCD+NDVI
afforestation,SAIH_AFF_r40c43,stable_restoration,1.0265,0.00109,,GEDI_rh98_m(pending),0,Landsat_C2_L2,regimeC_v0_CLCD+NDVI
afforestation,SAIH_AFF_r40c44,stable_restoration,1.0054,0.00011,,GEDI_rh98_m(pending),0,Landsat_C2_L2,regimeC_v0_CLCD+NDVI
afforestation,SAIH_AFF_r40c45,stable_restoration,0.9712,0.00685,,GEDI_rh98_m(pending),0,Landsat_C2_L2,regimeC_v0_CLCD+NDVI
afforestation,SAIH_AFF_r40c46,stable_restoration,0.911,0.00503,,GEDI_rh98_m(pending),0,Landsat_C2_L2,regimeC_v0_CLCD+NDVI
afforestation,SAIH_AFF_r40c47,stable_restoration,1.0283,0.00142,,GEDI_rh98_m(pending),0,Landsat_C2_L2,regimeC_v0_CLCD+NDVI
afforestation,SAIH_AFF_r40c48,stable_restoration,0.935,0.00948,,GEDI_rh98_m(pending),0,Landsat_C2_L2,regimeC_v0_CLCD+NDVI
afforestation,SAIH_AFF_r40c49,stable_restoration,0.8452,0.01371,,GEDI_rh98_m(pending),0,Landsat_C2_L2,regimeC_v0_CLCD+NDVI
afforestation,SAIH_AFF_r40c50,early_restoration,0.4436,0.00566,,GEDI_rh98_m(pending),0,Landsat_C2_L2,regimeC_v0_CLCD+NDVI
afforestation,SAIH_AFF_r40c51,stable_restoration,0.7925,0.00528,,GEDI_rh98_m(pending),0,Landsat_C2_L2,regimeC_v0_CLCD+NDVI
afforestation,SAIH_AFF_r40c52,early_restoration,0.6351,0.01041,,GEDI_rh98_m(pending),0,Landsat_C2_L2,regimeC_v0_CLCD+NDVI
afforestation,SAIH_AFF_r40c53,degraded,0.2615,0.00634,,GEDI_rh98_m(pending),0,Landsat_C2_L2,regimeC_v0_CLCD+NDVI
afforestation,SAIH_AFF_r40c54,stable_restoration,0.7342,0.00516,,GEDI_rh98_m(pending),0,Landsat_C2_L2,regimeC_v0_CLCD+NDVI
afforestation,SAIH_AFF_r40c55,stable_restoration,0.7251,0.00193,,GEDI_rh98_m(pending),0,Landsat_C2_L2,regimeC_v0_CLCD+NDVI
afforestation,SAIH_AFF_r40c56,stable_restoration,0.689,0.00175,,GEDI_rh98_m(pending),0,Landsat_C2_L2,regimeC_v0_CLCD+NDVI
afforestation,SAIH_AFF_r40c57,stable_restoration,0.6964,0.00151,,GEDI_rh98_m(pending),0,Landsat_C2_L2,regimeC_v0_CLCD+NDVI
afforestation,SAIH_AFF_r40c58,early_restoration,0.6375,0.00317,,GEDI_rh98_m(pending),0,Landsat_C2_L2,regimeC_v0_CLCD+NDVI
afforestation,SAIH_AFF_r40c59,stable_restoration,0.8383,0.00164,,GEDI_rh98_m(pending),0,Landsat_C2_L2,regimeC_v0_CLCD+NDVI
afforestation,SAIH_AFF_r40c60,stable_restoration,1.0318,0.00229,,GEDI_rh98_m(pending),0,Landsat_C2_L2,regimeC_v0_CLCD+NDVI
afforestation,SAIH_AFF_r40c61,stable_restoration,0.749,0.00686,,GEDI_rh98_m(pending),0,Landsat_C2_L2,regimeC_v0_CLCD+NDVI
afforestation,SAIH_AFF_r40c62,stable_restoration,0.8543,0.01285,,GEDI_rh98_m(pending),0,Landsat_C2_L2,regimeC_v0_CLCD+NDVI
afforestation,SAIH_AFF_r40c63,stable_restoration,0.8143,0.00594,,GEDI_rh98_m(pending),0,Landsat_C2_L2,regimeC_v0_CLCD+NDVI
afforestation,SAIH_AFF_r40c64,early_restoration,0.6174,0.00513,,GEDI_rh98_m(pending),0,Landsat_C2_L2,regimeC_v0_CLCD+NDVI
afforestation,SAIH_AFF_r41c04,degraded,0.2443,0.00783,,GEDI_rh98_m(pending),0,Landsat_C2_L2,regimeC_v0_CLCD+NDVI
afforestation,SAIH_AFF_r41c07,degraded,0.2352,0.01005,,GEDI_rh98_m(pending),0,Landsat_C2_L2,regimeC_v0_CLCD+NDVI
afforestation,SAIH_AFF_r41c08,degraded,0.2449,0.00898,,GEDI_rh98_m(pending),0,Landsat_C2_L2,regimeC_v0_CLCD+NDVI
afforestation,SAIH_AFF_r41c09,degraded,0.2386,0.0113,,GEDI_rh98_m(pending),0,Landsat_C2_L2,regimeC_v0_CLCD+NDVI
afforestation,SAIH_AFF_r41c29,degraded,0.3233,0.01354,,GEDI_rh98_m(pending),0,Landsat_C2_L2,regimeC_v0_CLCD+NDVI
afforestation,SAIH_AFF_r41c35,early_restoration,0.522,0.00424,,GEDI_rh98_m(pending),0,Landsat_C2_L2,regimeC_v0_CLCD+NDVI
afforestation,SAIH_AFF_r41c36,early_restoration,0.6455,0.00614,,GEDI_rh98_m(pending),0,Landsat_C2_L2,regimeC_v0_CLCD+NDVI
afforestation,SAIH_AFF_r41c37,stable_restoration,0.9533,0.00193,,GEDI_rh98_m(pending),0,Landsat_C2_L2,regimeC_v0_CLCD+NDVI
afforestation,SAIH_AFF_r41c38,stable_restoration,0.9269,0.00083,,GEDI_rh98_m(pending),0,Landsat_C2_L2,regimeC_v0_CLCD+NDVI
afforestation,SAIH_AFF_r41c39,stable_restoration,0.9854,0.0014,,GEDI_rh98_m(pending),0,Landsat_C2_L2,regimeC_v0_CLCD+NDVI
afforestation,SAIH_AFF_r41c40,stable_restoration,0.9511,0.00542,,GEDI_rh98_m(pending),0,Landsat_C2_L2,regimeC_v0_CLCD+NDVI
afforestation,SAIH_AFF_r41c41,stable_restoration,0.9316,0.00589,,GEDI_rh98_m(pending),0,Landsat_C2_L2,regimeC_v0_CLCD+NDVI
afforestation,SAIH_AFF_r41c42,stable_restoration,0.9401,0.00215,,GEDI_rh98_m(pending),0,Landsat_C2_L2,regimeC_v0_CLCD+NDVI
afforestation,SAIH_AFF_r41c43,stable_restoration,1.0117,0.00169,,GEDI_rh98_m(pending),0,Landsat_C2_L2,regimeC_v0_CLCD+NDVI
afforestation,SAIH_AFF_r41c44,stable_restoration,0.9699,0.0014,,GEDI_rh98_m(pending),0,Landsat_C2_L2,regimeC_v0_CLCD+NDVI
afforestation,SAIH_AFF_r41c45,stable_restoration,1.0374,0.00038,,GEDI_rh98_m(pending),0,Landsat_C2_L2,regimeC_v0_CLCD+NDVI
afforestation,SAIH_AFF_r41c46,stable_restoration,1.0363,0.00057,,GEDI_rh98_m(pending),0,Landsat_C2_L2,regimeC_v0_CLCD+NDVI
afforestation,SAIH_AFF_r41c47,stable_restoration,0.9883,0.00062,,GEDI_rh98_m(pending),0,Landsat_C2_L2,regimeC_v0_CLCD+NDVI
afforestation,SAIH_AFF_r41c48,stable_restoration,1.0179,0.0025,,GEDI_rh98_m(pending),0,Landsat_C2_L2,regimeC_v0_CLCD+NDVI
afforestation,SAIH_AFF_r41c49,stable_restoration,0.9184,0.00349,,GEDI_rh98_m(pending),0,Landsat_C2_L2,regimeC_v0_CLCD+NDVI
afforestation,SAIH_AFF_r41c50,stable_restoration,0.9656,0.00759,,GEDI_rh98_m(pending),0,Landsat_C2_L2,regimeC_v0_CLCD+NDVI
afforestation,SAIH_AFF_r41c51,early_restoration,0.6128,0.01769,,GEDI_rh98_m(pending),0,Landsat_C2_L2,regimeC_v0_CLCD+NDVI
afforestation,SAIH_AFF_r41c52,stable_restoration,0.6764,0.01308,,GEDI_rh98_m(pending),0,Landsat_C2_L2,regimeC_v0_CLCD+NDVI
afforestation,SAIH_AFF_r41c53,degraded,0.2495,0.01006,,GEDI_rh98_m(pending),0,Landsat_C2_L2,regimeC_v0_CLCD+NDVI
afforestation,SAIH_AFF_r41c54,stable_restoration,0.8229,0.01416,,GEDI_rh98_m(pending),0,Landsat_C2_L2,regimeC_v0_CLCD+NDVI
afforestation,SAIH_AFF_r41c55,stable_restoration,0.8025,0.00542,,GEDI_rh98_m(pending),0,Landsat_C2_L2,regimeC_v0_CLCD+NDVI
afforestation,SAIH_AFF_r41c56,stable_restoration,0.7056,0.0064,,GEDI_rh98_m(pending),0,Landsat_C2_L2,regimeC_v0_CLCD+NDVI
afforestation,SAIH_AFF_r41c57,early_restoration,0.5253,0.00515,,GEDI_rh98_m(pending),0,Landsat_C2_L2,regimeC_v0_CLCD+NDVI
afforestation,SAIH_AFF_r41c58,early_restoration,0.3954,0.00767,,GEDI_rh98_m(pending),0,Landsat_C2_L2,regimeC_v0_CLCD+NDVI
afforestation,SAIH_AFF_r41c59,stable_restoration,0.7599,0.0032,,GEDI_rh98_m(pending),0,Landsat_C2_L2,regimeC_v0_CLCD+NDVI
afforestation,SAIH_AFF_r41c60,stable_restoration,0.895,0.02866,,GEDI_rh98_m(pending),0,Landsat_C2_L2,regimeC_v0_CLCD+NDVI
afforestation,SAIH_AFF_r41c61,stable_restoration,0.7936,0.01696,,GEDI_rh98_m(pending),0,Landsat_C2_L2,regimeC_v0_CLCD+NDVI
afforestation,SAIH_AFF_r41c62,early_restoration,0.5241,0.00428,,GEDI_rh98_m(pending),0,Landsat_C2_L2,regimeC_v0_CLCD+NDVI
afforestation,SAIH_AFF_r41c63,stable_restoration,0.9378,0.01085,,GEDI_rh98_m(pending),0,Landsat_C2_L2,regimeC_v0_CLCD+NDVI
afforestation,SAIH_AFF_r41c64,stable_restoration,0.6898,0.00516,,GEDI_rh98_m(pending),0,Landsat_C2_L2,regimeC_v0_CLCD+NDVI
afforestation,SAIH_AFF_r42c04,degraded,0.3182,0.00943,,GEDI_rh98_m(pending),0,Landsat_C2_L2,regimeC_v0_CLCD+NDVI
afforestation,SAIH_AFF_r42c26,degraded,0.2913,0.01207,,GEDI_rh98_m(pending),0,Landsat_C2_L2,regimeC_v0_CLCD+NDVI
afforestation,SAIH_AFF_r42c27,early_restoration,0.4652,0.01855,,GEDI_rh98_m(pending),0,Landsat_C2_L2,regimeC_v0_CLCD+NDVI
afforestation,SAIH_AFF_r42c28,early_restoration,0.4383,0.01399,,GEDI_rh98_m(pending),0,Landsat_C2_L2,regimeC_v0_CLCD+NDVI
afforestation,SAIH_AFF_r42c29,degraded,0.2232,0.00783,,GEDI_rh98_m(pending),0,Landsat_C2_L2,regimeC_v0_CLCD+NDVI
afforestation,SAIH_AFF_r42c32,early_restoration,0.4035,0.00578,,GEDI_rh98_m(pending),0,Landsat_C2_L2,regimeC_v0_CLCD+NDVI
afforestation,SAIH_AFF_r42c33,early_restoration,0.6437,0.01229,,GEDI_rh98_m(pending),0,Landsat_C2_L2,regimeC_v0_CLCD+NDVI
afforestation,SAIH_AFF_r42c34,stable_restoration,0.8457,0.00538,,GEDI_rh98_m(pending),0,Landsat_C2_L2,regimeC_v0_CLCD+NDVI
afforestation,SAIH_AFF_r42c35,stable_restoration,0.8586,0.00393,,GEDI_rh98_m(pending),0,Landsat_C2_L2,regimeC_v0_CLCD+NDVI
afforestation,SAIH_AFF_r42c36,stable_restoration,0.8978,0.00349,,GEDI_rh98_m(pending),0,Landsat_C2_L2,regimeC_v0_CLCD+NDVI
afforestation,SAIH_AFF_r42c37,stable_restoration,1.0334,-9e-05,,GEDI_rh98_m(pending),0,Landsat_C2_L2,regimeC_v0_CLCD+NDVI
afforestation,SAIH_AFF_r42c38,stable_restoration,1.0215,0.00027,,GEDI_rh98_m(pending),0,Landsat_C2_L2,regimeC_v0_CLCD+NDVI
afforestation,SAIH_AFF_r42c39,stable_restoration,1.034,0.00019,,GEDI_rh98_m(pending),0,Landsat_C2_L2,regimeC_v0_CLCD+NDVI
afforestation,SAIH_AFF_r42c40,stable_restoration,0.9696,0.0049,,GEDI_rh98_m(pending),0,Landsat_C2_L2,regimeC_v0_CLCD+NDVI
afforestation,SAIH_AFF_r42c41,stable_restoration,0.7599,0.01457,,GEDI_rh98_m(pending),0,Landsat_C2_L2,regimeC_v0_CLCD+NDVI
afforestation,SAIH_AFF_r42c42,stable_restoration,0.8801,0.0035,,GEDI_rh98_m(pending),0,Landsat_C2_L2,regimeC_v0_CLCD+NDVI
afforestation,SAIH_AFF_r42c43,stable_restoration,0.9945,0.00175,,GEDI_rh98_m(pending),0,Landsat_C2_L2,regimeC_v0_CLCD+NDVI
afforestation,SAIH_AFF_r42c44,stable_restoration,1.0031,-0.00119,,GEDI_rh98_m(pending),0,Landsat_C2_L2,regimeC_v0_CLCD+NDVI
afforestation,SAIH_AFF_r42c45,stable_restoration,1.0267,0.00084,,GEDI_rh98_m(pending),0,Landsat_C2_L2,regimeC_v0_CLCD+NDVI
afforestation,SAIH_AFF_r42c46,stable_restoration,1.0054,-9e-05,,GEDI_rh98_m(pending),0,Landsat_C2_L2,regimeC_v0_CLCD+NDVI
afforestation,SAIH_AFF_r42c47,stable_restoration,1.0374,0.00014,,GEDI_rh98_m(pending),0,Landsat_C2_L2,regimeC_v0_CLCD+NDVI
afforestation,SAIH_AFF_r42c48,stable_restoration,0.8629,0.00873,,GEDI_rh98_m(pending),0,Landsat_C2_L2,regimeC_v0_CLCD+NDVI
afforestation,SAIH_AFF_r42c49,stable_restoration,0.769,0.0083,,GEDI_rh98_m(pending),0,Landsat_C2_L2,regimeC_v0_CLCD+NDVI
afforestation,SAIH_AFF_r42c50,stable_restoration,0.7784,0.02305,,GEDI_rh98_m(pending),0,Landsat_C2_L2,regimeC_v0_CLCD+NDVI
afforestation,SAIH_AFF_r42c51,early_restoration,0.5888,0.02288,,GEDI_rh98_m(pending),0,Landsat_C2_L2,regimeC_v0_CLCD+NDVI
afforestation,SAIH_AFF_r42c52,early_restoration,0.4435,0.01782,,GEDI_rh98_m(pending),0,Landsat_C2_L2,regimeC_v0_CLCD+NDVI
afforestation,SAIH_AFF_r42c53,early_restoration,0.4555,0.02347,,GEDI_rh98_m(pending),0,Landsat_C2_L2,regimeC_v0_CLCD+NDVI
afforestation,SAIH_AFF_r42c54,early_restoration,0.5396,0.00923,,GEDI_rh98_m(pending),0,Landsat_C2_L2,regimeC_v0_CLCD+NDVI
afforestation,SAIH_AFF_r42c55,stable_restoration,0.7038,0.00356,,GEDI_rh98_m(pending),0,Landsat_C2_L2,regimeC_v0_CLCD+NDVI
afforestation,SAIH_AFF_r42c56,early_restoration,0.6335,0.00327,,GEDI_rh98_m(pending),0,Landsat_C2_L2,regimeC_v0_CLCD+NDVI
afforestation,SAIH_AFF_r42c57,degraded,0.3032,0.00243,,GEDI_rh98_m(pending),0,Landsat_C2_L2,regimeC_v0_CLCD+NDVI
afforestation,SAIH_AFF_r42c58,early_restoration,0.654,0.00601,,GEDI_rh98_m(pending),0,Landsat_C2_L2,regimeC_v0_CLCD+NDVI
afforestation,SAIH_AFF_r42c59,stable_restoration,0.8961,0.01063,,GEDI_rh98_m(pending),0,Landsat_C2_L2,regimeC_v0_CLCD+NDVI
afforestation,SAIH_AFF_r42c60,stable_restoration,0.8591,0.02549,,GEDI_rh98_m(pending),0,Landsat_C2_L2,regimeC_v0_CLCD+NDVI
afforestation,SAIH_AFF_r42c61,early_restoration,0.6346,0.01582,,GEDI_rh98_m(pending),0,Landsat_C2_L2,regimeC_v0_CLCD+NDVI
afforestation,SAIH_AFF_r42c62,early_restoration,0.6529,0.00144,,GEDI_rh98_m(pending),0,Landsat_C2_L2,regimeC_v0_CLCD+NDVI
afforestation,SAIH_AFF_r42c63,stable_restoration,0.8766,0.0123,,GEDI_rh98_m(pending),0,Landsat_C2_L2,regimeC_v0_CLCD+NDVI
afforestation,SAIH_AFF_r42c64,early_restoration,0.553,0.00944,,GEDI_rh98_m(pending),0,Landsat_C2_L2,regimeC_v0_CLCD+NDVI
afforestation,SAIH_AFF_r43c28,early_restoration,0.3988,0.0154,,GEDI_rh98_m(pending),0,Landsat_C2_L2,regimeC_v0_CLCD+NDVI
afforestation,SAIH_AFF_r43c29,early_restoration,0.4292,0.01482,,GEDI_rh98_m(pending),0,Landsat_C2_L2,regimeC_v0_CLCD+NDVI
afforestation,SAIH_AFF_r43c31,stable_restoration,0.6758,0.00606,,GEDI_rh98_m(pending),0,Landsat_C2_L2,regimeC_v0_CLCD+NDVI
afforestation,SAIH_AFF_r43c32,early_restoration,0.4692,0.00908,,GEDI_rh98_m(pending),0,Landsat_C2_L2,regimeC_v0_CLCD+NDVI
afforestation,SAIH_AFF_r43c33,stable_restoration,0.9642,0.00973,,GEDI_rh98_m(pending),0,Landsat_C2_L2,regimeC_v0_CLCD+NDVI
afforestation,SAIH_AFF_r43c34,stable_restoration,0.9012,0.0022,,GEDI_rh98_m(pending),0,Landsat_C2_L2,regimeC_v0_CLCD+NDVI
afforestation,SAIH_AFF_r43c35,stable_restoration,0.9892,0.00573,,GEDI_rh98_m(pending),0,Landsat_C2_L2,regimeC_v0_CLCD+NDVI
afforestation,SAIH_AFF_r43c36,stable_restoration,1.0054,0.00561,,GEDI_rh98_m(pending),0,Landsat_C2_L2,regimeC_v0_CLCD+NDVI
afforestation,SAIH_AFF_r43c37,stable_restoration,0.9997,0.00089,,GEDI_rh98_m(pending),0,Landsat_C2_L2,regimeC_v0_CLCD+NDVI
afforestation,SAIH_AFF_r43c38,stable_restoration,1.0002,0.00218,,GEDI_rh98_m(pending),0,Landsat_C2_L2,regimeC_v0_CLCD+NDVI
afforestation,SAIH_AFF_r43c39,stable_restoration,0.9401,0.00232,,GEDI_rh98_m(pending),0,Landsat_C2_L2,regimeC_v0_CLCD+NDVI
afforestation,SAIH_AFF_r43c40,stable_restoration,0.8782,0.00537,,GEDI_rh98_m(pending),0,Landsat_C2_L2,regimeC_v0_CLCD+NDVI
afforestation,SAIH_AFF_r43c41,early_restoration,0.5866,0.00602,,GEDI_rh98_m(pending),0,Landsat_C2_L2,regimeC_v0_CLCD+NDVI
afforestation,SAIH_AFF_r43c42,early_restoration,0.5888,0.00382,,GEDI_rh98_m(pending),0,Landsat_C2_L2,regimeC_v0_CLCD+NDVI
afforestation,SAIH_AFF_r43c43,stable_restoration,1.0094,0.00222,,GEDI_rh98_m(pending),0,Landsat_C2_L2,regimeC_v0_CLCD+NDVI
afforestation,SAIH_AFF_r43c44,stable_restoration,0.9962,0.00072,,GEDI_rh98_m(pending),0,Landsat_C2_L2,regimeC_v0_CLCD+NDVI
afforestation,SAIH_AFF_r43c45,stable_restoration,1.0122,-0.00032,,GEDI_rh98_m(pending),0,Landsat_C2_L2,regimeC_v0_CLCD+NDVI
afforestation,SAIH_AFF_r43c46,stable_restoration,1.026,0.00086,,GEDI_rh98_m(pending),0,Landsat_C2_L2,regimeC_v0_CLCD+NDVI
afforestation,SAIH_AFF_r43c47,stable_restoration,1.0351,0.00025,,GEDI_rh98_m(pending),0,Landsat_C2_L2,regimeC_v0_CLCD+NDVI
afforestation,SAIH_AFF_r43c48,stable_restoration,1.0083,-1e-05,,GEDI_rh98_m(pending),0,Landsat_C2_L2,regimeC_v0_CLCD+NDVI
afforestation,SAIH_AFF_r43c49,stable_restoration,0.9321,0.00186,,GEDI_rh98_m(pending),0,Landsat_C2_L2,regimeC_v0_CLCD+NDVI
afforestation,SAIH_AFF_r43c50,stable_restoration,0.8995,0.01147,,GEDI_rh98_m(pending),0,Landsat_C2_L2,regimeC_v0_CLCD+NDVI
afforestation,SAIH_AFF_r43c51,stable_restoration,0.9287,0.01607,,GEDI_rh98_m(pending),0,Landsat_C2_L2,regimeC_v0_CLCD+NDVI
afforestation,SAIH_AFF_r43c52,stable_restoration,1.0122,0.00851,,GEDI_rh98_m(pending),0,Landsat_C2_L2,regimeC_v0_CLCD+NDVI
afforestation,SAIH_AFF_r43c53,stable_restoration,0.9046,0.01166,,GEDI_rh98_m(pending),0,Landsat_C2_L2,regimeC_v0_CLCD+NDVI
afforestation,SAIH_AFF_r43c54,early_restoration,0.6169,0.01586,,GEDI_rh98_m(pending),0,Landsat_C2_L2,regimeC_v0_CLCD+NDVI
afforestation,SAIH_AFF_r43c55,degraded,0.3061,0.00541,,GEDI_rh98_m(pending),0,Landsat_C2_L2,regimeC_v0_CLCD+NDVI
afforestation,SAIH_AFF_r43c56,early_restoration,0.618,0.00765,,GEDI_rh98_m(pending),0,Landsat_C2_L2,regimeC_v0_CLCD+NDVI
afforestation,SAIH_AFF_r43c57,early_restoration,0.6346,0.00059,,GEDI_rh98_m(pending),0,Landsat_C2_L2,regimeC_v0_CLCD+NDVI
afforestation,SAIH_AFF_r43c58,stable_restoration,0.7582,0.00336,,GEDI_rh98_m(pending),0,Landsat_C2_L2,regimeC_v0_CLCD+NDVI
afforestation,SAIH_AFF_r43c59,early_restoration,0.57,0.00881,,GEDI_rh98_m(pending),0,Landsat_C2_L2,regimeC_v0_CLCD+NDVI
afforestation,SAIH_AFF_r43c60,early_restoration,0.655,0.00499,,GEDI_rh98_m(pending),0,Landsat_C2_L2,regimeC_v0_CLCD+NDVI
afforestation,SAIH_AFF_r43c61,early_restoration,0.3576,0.00648,,GEDI_rh98_m(pending),0,Landsat_C2_L2,regimeC_v0_CLCD+NDVI
afforestation,SAIH_AFF_r43c62,early_restoration,0.6501,0.00365,,GEDI_rh98_m(pending),0,Landsat_C2_L2,regimeC_v0_CLCD+NDVI
afforestation,SAIH_AFF_r43c63,stable_restoration,0.7445,0.00673,,GEDI_rh98_m(pending),0,Landsat_C2_L2,regimeC_v0_CLCD+NDVI
afforestation,SAIH_AFF_r43c64,stable_restoration,0.8227,0.01079,,GEDI_rh98_m(pending),0,Landsat_C2_L2,regimeC_v0_CLCD+NDVI
afforestation,SAIH_AFF_r44c26,early_restoration,0.6174,0.00701,,GEDI_rh98_m(pending),0,Landsat_C2_L2,regimeC_v0_CLCD+NDVI
afforestation,SAIH_AFF_r44c29,early_restoration,0.5449,0.01551,,GEDI_rh98_m(pending),0,Landsat_C2_L2,regimeC_v0_CLCD+NDVI
afforestation,SAIH_AFF_r44c30,early_restoration,0.4816,0.01882,,GEDI_rh98_m(pending),0,Landsat_C2_L2,regimeC_v0_CLCD+NDVI
afforestation,SAIH_AFF_r44c31,stable_restoration,0.8414,0.0048,,GEDI_rh98_m(pending),0,Landsat_C2_L2,regimeC_v0_CLCD+NDVI
afforestation,SAIH_AFF_r44c32,stable_restoration,1.0052,0.0031,,GEDI_rh98_m(pending),0,Landsat_C2_L2,regimeC_v0_CLCD+NDVI
afforestation,SAIH_AFF_r44c33,stable_restoration,1.0224,0.00393,,GEDI_rh98_m(pending),0,Landsat_C2_L2,regimeC_v0_CLCD+NDVI
afforestation,SAIH_AFF_r44c34,stable_restoration,1.0062,0.00556,,GEDI_rh98_m(pending),0,Landsat_C2_L2,regimeC_v0_CLCD+NDVI
afforestation,SAIH_AFF_r44c35,stable_restoration,1.0276,0.00474,,GEDI_rh98_m(pending),0,Landsat_C2_L2,regimeC_v0_CLCD+NDVI
afforestation,SAIH_AFF_r44c36,stable_restoration,1.014,0.00612,,GEDI_rh98_m(pending),0,Landsat_C2_L2,regimeC_v0_CLCD+NDVI
afforestation,SAIH_AFF_r44c37,stable_restoration,0.9667,0.00127,,GEDI_rh98_m(pending),0,Landsat_C2_L2,regimeC_v0_CLCD+NDVI
afforestation,SAIH_AFF_r44c38,stable_restoration,0.9695,-0.00041,,GEDI_rh98_m(pending),0,Landsat_C2_L2,regimeC_v0_CLCD+NDVI
afforestation,SAIH_AFF_r44c39,stable_restoration,0.8971,0.0036,,GEDI_rh98_m(pending),0,Landsat_C2_L2,regimeC_v0_CLCD+NDVI
afforestation,SAIH_AFF_r44c40,stable_restoration,0.9894,0.00891,,GEDI_rh98_m(pending),0,Landsat_C2_L2,regimeC_v0_CLCD+NDVI
afforestation,SAIH_AFF_r44c41,stable_restoration,0.8163,0.00454,,GEDI_rh98_m(pending),0,Landsat_C2_L2,regimeC_v0_CLCD+NDVI
afforestation,SAIH_AFF_r44c42,stable_restoration,0.7789,0.00576,,GEDI_rh98_m(pending),0,Landsat_C2_L2,regimeC_v0_CLCD+NDVI
afforestation,SAIH_AFF_r44c43,stable_restoration,0.8943,0.00047,,GEDI_rh98_m(pending),0,Landsat_C2_L2,regimeC_v0_CLCD+NDVI
afforestation,SAIH_AFF_r44c44,stable_restoration,1.0202,0.00167,,GEDI_rh98_m(pending),0,Landsat_C2_L2,regimeC_v0_CLCD+NDVI
afforestation,SAIH_AFF_r44c45,stable_restoration,1.0304,0.00074,,GEDI_rh98_m(pending),0,Landsat_C2_L2,regimeC_v0_CLCD+NDVI
afforestation,SAIH_AFF_r44c46,stable_restoration,1.0157,0.00275,,GEDI_rh98_m(pending),0,Landsat_C2_L2,regimeC_v0_CLCD+NDVI
afforestation,SAIH_AFF_r44c47,stable_restoration,1.0369,0.00223,,GEDI_rh98_m(pending),0,Landsat_C2_L2,regimeC_v0_CLCD+NDVI
afforestation,SAIH_AFF_r44c48,stable_restoration,1.0146,0.00065,,GEDI_rh98_m(pending),0,Landsat_C2_L2,regimeC_v0_CLCD+NDVI
afforestation,SAIH_AFF_r44c49,stable_restoration,1.0313,0.00097,,GEDI_rh98_m(pending),0,Landsat_C2_L2,regimeC_v0_CLCD+NDVI
afforestation,SAIH_AFF_r44c50,stable_restoration,1.0074,0.00124,,GEDI_rh98_m(pending),0,Landsat_C2_L2,regimeC_v0_CLCD+NDVI
afforestation,SAIH_AFF_r44c51,stable_restoration,1.0335,0.00186,,GEDI_rh98_m(pending),0,Landsat_C2_L2,regimeC_v0_CLCD+NDVI
afforestation,SAIH_AFF_r44c52,stable_restoration,1.0118,0.01458,,GEDI_rh98_m(pending),0,Landsat_C2_L2,regimeC_v0_CLCD+NDVI
afforestation,SAIH_AFF_r44c53,stable_restoration,0.9131,0.0145,,GEDI_rh98_m(pending),0,Landsat_C2_L2,regimeC_v0_CLCD+NDVI
afforestation,SAIH_AFF_r44c54,stable_restoration,0.7449,0.02071,,GEDI_rh98_m(pending),0,Landsat_C2_L2,regimeC_v0_CLCD+NDVI
afforestation,SAIH_AFF_r44c55,early_restoration,0.4909,0.02711,,GEDI_rh98_m(pending),0,Landsat_C2_L2,regimeC_v0_CLCD+NDVI
afforestation,SAIH_AFF_r44c56,early_restoration,0.3716,0.00788,,GEDI_rh98_m(pending),0,Landsat_C2_L2,regimeC_v0_CLCD+NDVI
afforestation,SAIH_AFF_r44c57,early_restoration,0.5594,0.00785,,GEDI_rh98_m(pending),0,Landsat_C2_L2,regimeC_v0_CLCD+NDVI
afforestation,SAIH_AFF_r44c58,early_restoration,0.3934,0.00617,,GEDI_rh98_m(pending),0,Landsat_C2_L2,regimeC_v0_CLCD+NDVI
afforestation,SAIH_AFF_r44c59,stable_restoration,0.8085,0.00569,,GEDI_rh98_m(pending),0,Landsat_C2_L2,regimeC_v0_CLCD+NDVI
afforestation,SAIH_AFF_r44c60,early_restoration,0.6579,0.01312,,GEDI_rh98_m(pending),0,Landsat_C2_L2,regimeC_v0_CLCD+NDVI
afforestation,SAIH_AFF_r44c61,early_restoration,0.3789,0.00156,,GEDI_rh98_m(pending),0,Landsat_C2_L2,regimeC_v0_CLCD+NDVI
afforestation,SAIH_AFF_r44c62,degraded,0.2513,0.00501,,GEDI_rh98_m(pending),0,Landsat_C2_L2,regimeC_v0_CLCD+NDVI
afforestation,SAIH_AFF_r44c63,stable_restoration,0.6926,0.00905,,GEDI_rh98_m(pending),0,Landsat_C2_L2,regimeC_v0_CLCD+NDVI
afforestation,SAIH_AFF_r44c64,stable_restoration,0.9255,0.00876,,GEDI_rh98_m(pending),0,Landsat_C2_L2,regimeC_v0_CLCD+NDVI
afforestation,SAIH_AFF_r45c03,degraded,0.154,0.00573,,GEDI_rh98_m(pending),0,Landsat_C2_L2,regimeC_v0_CLCD+NDVI
afforestation,SAIH_AFF_r45c26,early_restoration,0.5264,0.00388,,GEDI_rh98_m(pending),0,Landsat_C2_L2,regimeC_v0_CLCD+NDVI
afforestation,SAIH_AFF_r45c27,stable_restoration,0.7267,0.01108,,GEDI_rh98_m(pending),0,Landsat_C2_L2,regimeC_v0_CLCD+NDVI
afforestation,SAIH_AFF_r45c28,early_restoration,0.6392,0.01245,,GEDI_rh98_m(pending),0,Landsat_C2_L2,regimeC_v0_CLCD+NDVI
afforestation,SAIH_AFF_r45c29,stable_restoration,0.994,0.0078,,GEDI_rh98_m(pending),0,Landsat_C2_L2,regimeC_v0_CLCD+NDVI
afforestation,SAIH_AFF_r45c30,stable_restoration,0.8266,0.01449,,GEDI_rh98_m(pending),0,Landsat_C2_L2,regimeC_v0_CLCD+NDVI
afforestation,SAIH_AFF_r45c31,stable_restoration,0.9567,0.00664,,GEDI_rh98_m(pending),0,Landsat_C2_L2,regimeC_v0_CLCD+NDVI
afforestation,SAIH_AFF_r45c32,stable_restoration,0.9671,0.00819,,GEDI_rh98_m(pending),0,Landsat_C2_L2,regimeC_v0_CLCD+NDVI
afforestation,SAIH_AFF_r45c33,stable_restoration,1.0106,0.00419,,GEDI_rh98_m(pending),0,Landsat_C2_L2,regimeC_v0_CLCD+NDVI
afforestation,SAIH_AFF_r45c34,stable_restoration,0.9619,0.01005,,GEDI_rh98_m(pending),0,Landsat_C2_L2,regimeC_v0_CLCD+NDVI
afforestation,SAIH_AFF_r45c35,stable_restoration,1.0083,0.00249,,GEDI_rh98_m(pending),0,Landsat_C2_L2,regimeC_v0_CLCD+NDVI
afforestation,SAIH_AFF_r45c36,stable_restoration,1.0203,0.00501,,GEDI_rh98_m(pending),0,Landsat_C2_L2,regimeC_v0_CLCD+NDVI
afforestation,SAIH_AFF_r45c37,stable_restoration,0.9362,-1e-05,,GEDI_rh98_m(pending),0,Landsat_C2_L2,regimeC_v0_CLCD+NDVI
afforestation,SAIH_AFF_r45c38,stable_restoration,1.0094,0.00036,,GEDI_rh98_m(pending),0,Landsat_C2_L2,regimeC_v0_CLCD+NDVI
afforestation,SAIH_AFF_r45c39,stable_restoration,0.9933,0.00226,,GEDI_rh98_m(pending),0,Landsat_C2_L2,regimeC_v0_CLCD+NDVI
afforestation,SAIH_AFF_r45c40,stable_restoration,0.8838,0.01191,,GEDI_rh98_m(pending),0,Landsat_C2_L2,regimeC_v0_CLCD+NDVI
afforestation,SAIH_AFF_r45c41,stable_restoration,0.7656,0.01507,,GEDI_rh98_m(pending),0,Landsat_C2_L2,regimeC_v0_CLCD+NDVI
afforestation,SAIH_AFF_r45c42,stable_restoration,0.86,0.01867,,GEDI_rh98_m(pending),0,Landsat_C2_L2,regimeC_v0_CLCD+NDVI
afforestation,SAIH_AFF_r45c43,stable_restoration,0.9287,0.00119,,GEDI_rh98_m(pending),0,Landsat_C2_L2,regimeC_v0_CLCD+NDVI
afforestation,SAIH_AFF_r45c44,stable_restoration,1.0322,0.00065,,GEDI_rh98_m(pending),0,Landsat_C2_L2,regimeC_v0_CLCD+NDVI
afforestation,SAIH_AFF_r45c45,stable_restoration,1.0239,0.00084,,GEDI_rh98_m(pending),0,Landsat_C2_L2,regimeC_v0_CLCD+NDVI
afforestation,SAIH_AFF_r45c46,stable_restoration,0.994,0.00696,,GEDI_rh98_m(pending),0,Landsat_C2_L2,regimeC_v0_CLCD+NDVI
afforestation,SAIH_AFF_r45c47,stable_restoration,1.0008,0.00824,,GEDI_rh98_m(pending),0,Landsat_C2_L2,regimeC_v0_CLCD+NDVI
afforestation,SAIH_AFF_r45c48,stable_restoration,1.0083,0.00153,,GEDI_rh98_m(pending),0,Landsat_C2_L2,regimeC_v0_CLCD+NDVI
afforestation,SAIH_AFF_r45c49,stable_restoration,1.0272,0.00041,,GEDI_rh98_m(pending),0,Landsat_C2_L2,regimeC_v0_CLCD+NDVI
afforestation,SAIH_AFF_r45c50,stable_restoration,0.9623,0.00154,,GEDI_rh98_m(pending),0,Landsat_C2_L2,regimeC_v0_CLCD+NDVI
afforestation,SAIH_AFF_r45c51,stable_restoration,0.9018,0.00894,,GEDI_rh98_m(pending),0,Landsat_C2_L2,regimeC_v0_CLCD+NDVI
afforestation,SAIH_AFF_r45c52,stable_restoration,1.0077,0.00978,,GEDI_rh98_m(pending),0,Landsat_C2_L2,regimeC_v0_CLCD+NDVI
afforestation,SAIH_AFF_r45c53,stable_restoration,0.8486,0.03295,,GEDI_rh98_m(pending),0,Landsat_C2_L2,regimeC_v0_CLCD+NDVI
afforestation,SAIH_AFF_r45c54,early_restoration,0.6512,0.02026,,GEDI_rh98_m(pending),0,Landsat_C2_L2,regimeC_v0_CLCD+NDVI
afforestation,SAIH_AFF_r45c55,early_restoration,0.4952,0.02483,,GEDI_rh98_m(pending),0,Landsat_C2_L2,regimeC_v0_CLCD+NDVI
afforestation,SAIH_AFF_r45c58,degraded,0.3267,0.00561,,GEDI_rh98_m(pending),0,Landsat_C2_L2,regimeC_v0_CLCD+NDVI
afforestation,SAIH_AFF_r45c59,early_restoration,0.6506,0.00386,,GEDI_rh98_m(pending),0,Landsat_C2_L2,regimeC_v0_CLCD+NDVI
afforestation,SAIH_AFF_r45c60,early_restoration,0.3858,0.00927,,GEDI_rh98_m(pending),0,Landsat_C2_L2,regimeC_v0_CLCD+NDVI
afforestation,SAIH_AFF_r45c61,early_restoration,0.6564,0.00512,,GEDI_rh98_m(pending),0,Landsat_C2_L2,regimeC_v0_CLCD+NDVI
afforestation,SAIH_AFF_r45c62,stable_restoration,0.8595,0.00669,,GEDI_rh98_m(pending),0,Landsat_C2_L2,regimeC_v0_CLCD+NDVI
afforestation,SAIH_AFF_r45c63,stable_restoration,1.0329,0.00527,,GEDI_rh98_m(pending),0,Landsat_C2_L2,regimeC_v0_CLCD+NDVI
afforestation,SAIH_AFF_r45c64,stable_restoration,0.8418,0.00698,,GEDI_rh98_m(pending),0,Landsat_C2_L2,regimeC_v0_CLCD+NDVI
afforestation,SAIH_AFF_r46c04,degraded,0.2873,0.01301,,GEDI_rh98_m(pending),0,Landsat_C2_L2,regimeC_v0_CLCD+NDVI
afforestation,SAIH_AFF_r46c22,degraded,0.1551,0.00739,,GEDI_rh98_m(pending),0,Landsat_C2_L2,regimeC_v0_CLCD+NDVI
afforestation,SAIH_AFF_r46c25,degraded,0.2361,0.00635,,GEDI_rh98_m(pending),0,Landsat_C2_L2,regimeC_v0_CLCD+NDVI
afforestation,SAIH_AFF_r46c26,early_restoration,0.4372,0.00422,,GEDI_rh98_m(pending),0,Landsat_C2_L2,regimeC_v0_CLCD+NDVI
afforestation,SAIH_AFF_r46c27,stable_restoration,0.8137,0.0061,,GEDI_rh98_m(pending),0,Landsat_C2_L2,regimeC_v0_CLCD+NDVI
afforestation,SAIH_AFF_r46c28,stable_restoration,1.0317,0.00174,,GEDI_rh98_m(pending),0,Landsat_C2_L2,regimeC_v0_CLCD+NDVI
afforestation,SAIH_AFF_r46c29,stable_restoration,0.9653,0.00559,,GEDI_rh98_m(pending),0,Landsat_C2_L2,regimeC_v0_CLCD+NDVI
afforestation,SAIH_AFF_r46c30,stable_restoration,0.9847,0.0093,,GEDI_rh98_m(pending),0,Landsat_C2_L2,regimeC_v0_CLCD+NDVI
afforestation,SAIH_AFF_r46c31,stable_restoration,0.9567,0.01056,,GEDI_rh98_m(pending),0,Landsat_C2_L2,regimeC_v0_CLCD+NDVI
afforestation,SAIH_AFF_r46c32,stable_restoration,0.9075,0.01216,,GEDI_rh98_m(pending),0,Landsat_C2_L2,regimeC_v0_CLCD+NDVI
afforestation,SAIH_AFF_r46c33,stable_restoration,0.8423,0.01101,,GEDI_rh98_m(pending),0,Landsat_C2_L2,regimeC_v0_CLCD+NDVI
afforestation,SAIH_AFF_r46c34,stable_restoration,0.9064,0.00899,,GEDI_rh98_m(pending),0,Landsat_C2_L2,regimeC_v0_CLCD+NDVI
afforestation,SAIH_AFF_r46c35,stable_restoration,0.9898,0.00659,,GEDI_rh98_m(pending),0,Landsat_C2_L2,regimeC_v0_CLCD+NDVI
afforestation,SAIH_AFF_r46c36,stable_restoration,0.9733,0.00814,,GEDI_rh98_m(pending),0,Landsat_C2_L2,regimeC_v0_CLCD+NDVI
afforestation,SAIH_AFF_r46c37,stable_restoration,0.9241,-0.00065,,GEDI_rh98_m(pending),0,Landsat_C2_L2,regimeC_v0_CLCD+NDVI
afforestation,SAIH_AFF_r46c38,stable_restoration,1.0363,0.00083,,GEDI_rh98_m(pending),0,Landsat_C2_L2,regimeC_v0_CLCD+NDVI
afforestation,SAIH_AFF_r46c39,stable_restoration,1.0208,0.00149,,GEDI_rh98_m(pending),0,Landsat_C2_L2,regimeC_v0_CLCD+NDVI
afforestation,SAIH_AFF_r46c40,stable_restoration,0.9948,0.0037,,GEDI_rh98_m(pending),0,Landsat_C2_L2,regimeC_v0_CLCD+NDVI
afforestation,SAIH_AFF_r46c41,stable_restoration,0.9751,0.00285,,GEDI_rh98_m(pending),0,Landsat_C2_L2,regimeC_v0_CLCD+NDVI
afforestation,SAIH_AFF_r46c42,stable_restoration,0.681,0.00626,,GEDI_rh98_m(pending),0,Landsat_C2_L2,regimeC_v0_CLCD+NDVI
afforestation,SAIH_AFF_r46c43,stable_restoration,0.8406,0.00422,,GEDI_rh98_m(pending),0,Landsat_C2_L2,regimeC_v0_CLCD+NDVI
afforestation,SAIH_AFF_r46c44,stable_restoration,0.9435,0.00258,,GEDI_rh98_m(pending),0,Landsat_C2_L2,regimeC_v0_CLCD+NDVI
afforestation,SAIH_AFF_r46c45,stable_restoration,0.9819,0.00042,,GEDI_rh98_m(pending),0,Landsat_C2_L2,regimeC_v0_CLCD+NDVI
afforestation,SAIH_AFF_r46c46,stable_restoration,0.9201,0.00855,,GEDI_rh98_m(pending),0,Landsat_C2_L2,regimeC_v0_CLCD+NDVI
afforestation,SAIH_AFF_r46c47,stable_restoration,1.0111,0.00175,,GEDI_rh98_m(pending),0,Landsat_C2_L2,regimeC_v0_CLCD+NDVI
afforestation,SAIH_AFF_r46c48,stable_restoration,0.986,0.00105,,GEDI_rh98_m(pending),0,Landsat_C2_L2,regimeC_v0_CLCD+NDVI
afforestation,SAIH_AFF_r46c49,stable_restoration,1.0031,0.00091,,GEDI_rh98_m(pending),0,Landsat_C2_L2,regimeC_v0_CLCD+NDVI
afforestation,SAIH_AFF_r46c50,stable_restoration,0.9813,0.00303,,GEDI_rh98_m(pending),0,Landsat_C2_L2,regimeC_v0_CLCD+NDVI
afforestation,SAIH_AFF_r46c51,early_restoration,0.6592,0.00593,,GEDI_rh98_m(pending),0,Landsat_C2_L2,regimeC_v0_CLCD+NDVI
afforestation,SAIH_AFF_r46c52,stable_restoration,0.9401,0.00495,,GEDI_rh98_m(pending),0,Landsat_C2_L2,regimeC_v0_CLCD+NDVI
afforestation,SAIH_AFF_r46c53,stable_restoration,0.8446,0.01972,,GEDI_rh98_m(pending),0,Landsat_C2_L2,regimeC_v0_CLCD+NDVI
afforestation,SAIH_AFF_r46c54,early_restoration,0.6071,0.0136,,GEDI_rh98_m(pending),0,Landsat_C2_L2,regimeC_v0_CLCD+NDVI
afforestation,SAIH_AFF_r46c55,stable_restoration,0.7744,0.02206,,GEDI_rh98_m(pending),0,Landsat_C2_L2,regimeC_v0_CLCD+NDVI
afforestation,SAIH_AFF_r46c56,early_restoration,0.3319,0.00987,,GEDI_rh98_m(pending),0,Landsat_C2_L2,regimeC_v0_CLCD+NDVI
afforestation,SAIH_AFF_r46c58,early_restoration,0.6546,0.01476,,GEDI_rh98_m(pending),0,Landsat_C2_L2,regimeC_v0_CLCD+NDVI
afforestation,SAIH_AFF_r46c59,early_restoration,0.4829,0.0126,,GEDI_rh98_m(pending),0,Landsat_C2_L2,regimeC_v0_CLCD+NDVI
afforestation,SAIH_AFF_r46c60,stable_restoration,0.8019,0.00322,,GEDI_rh98_m(pending),0,Landsat_C2_L2,regimeC_v0_CLCD+NDVI
afforestation,SAIH_AFF_r46c61,stable_restoration,0.9871,0.00109,,GEDI_rh98_m(pending),0,Landsat_C2_L2,regimeC_v0_CLCD+NDVI
afforestation,SAIH_AFF_r46c62,stable_restoration,1.0054,0.00485,,GEDI_rh98_m(pending),0,Landsat_C2_L2,regimeC_v0_CLCD+NDVI
afforestation,SAIH_AFF_r46c63,early_restoration,0.6169,0.00834,,GEDI_rh98_m(pending),0,Landsat_C2_L2,regimeC_v0_CLCD+NDVI
afforestation,SAIH_AFF_r46c64,stable_restoration,0.6786,0.01014,,GEDI_rh98_m(pending),0,Landsat_C2_L2,regimeC_v0_CLCD+NDVI
afforestation,SAIH_AFF_r47c25,early_restoration,0.6045,0.01012,,GEDI_rh98_m(pending),0,Landsat_C2_L2,regimeC_v0_CLCD+NDVI
afforestation,SAIH_AFF_r47c26,stable_restoration,0.7021,0.00536,,GEDI_rh98_m(pending),0,Landsat_C2_L2,regimeC_v0_CLCD+NDVI
afforestation,SAIH_AFF_r47c27,stable_restoration,0.9705,0.00221,,GEDI_rh98_m(pending),0,Landsat_C2_L2,regimeC_v0_CLCD+NDVI
afforestation,SAIH_AFF_r47c28,stable_restoration,1.0329,0.00058,,GEDI_rh98_m(pending),0,Landsat_C2_L2,regimeC_v0_CLCD+NDVI
afforestation,SAIH_AFF_r47c29,stable_restoration,1.0374,0.00085,,GEDI_rh98_m(pending),0,Landsat_C2_L2,regimeC_v0_CLCD+NDVI
afforestation,SAIH_AFF_r47c30,stable_restoration,0.9993,0.00405,,GEDI_rh98_m(pending),0,Landsat_C2_L2,regimeC_v0_CLCD+NDVI
afforestation,SAIH_AFF_r47c31,stable_restoration,1.0014,0.00148,,GEDI_rh98_m(pending),0,Landsat_C2_L2,regimeC_v0_CLCD+NDVI
afforestation,SAIH_AFF_r47c32,stable_restoration,0.8206,0.01933,,GEDI_rh98_m(pending),0,Landsat_C2_L2,regimeC_v0_CLCD+NDVI
afforestation,SAIH_AFF_r47c33,stable_restoration,0.749,0.00439,,GEDI_rh98_m(pending),0,Landsat_C2_L2,regimeC_v0_CLCD+NDVI
afforestation,SAIH_AFF_r47c34,stable_restoration,0.9499,0.01201,,GEDI_rh98_m(pending),0,Landsat_C2_L2,regimeC_v0_CLCD+NDVI
afforestation,SAIH_AFF_r47c35,stable_restoration,0.8148,0.02219,,GEDI_rh98_m(pending),0,Landsat_C2_L2,regimeC_v0_CLCD+NDVI
afforestation,SAIH_AFF_r47c36,stable_restoration,0.8875,0.01695,,GEDI_rh98_m(pending),0,Landsat_C2_L2,regimeC_v0_CLCD+NDVI
afforestation,SAIH_AFF_r47c37,stable_restoration,1.0088,0.00748,,GEDI_rh98_m(pending),0,Landsat_C2_L2,regimeC_v0_CLCD+NDVI
afforestation,SAIH_AFF_r47c38,stable_restoration,0.9344,0.00103,,GEDI_rh98_m(pending),0,Landsat_C2_L2,regimeC_v0_CLCD+NDVI
afforestation,SAIH_AFF_r47c39,stable_restoration,1.0345,0.00069,,GEDI_rh98_m(pending),0,Landsat_C2_L2,regimeC_v0_CLCD+NDVI
afforestation,SAIH_AFF_r47c40,stable_restoration,1.0078,-0.00011,,GEDI_rh98_m(pending),0,Landsat_C2_L2,regimeC_v0_CLCD+NDVI
afforestation,SAIH_AFF_r47c41,stable_restoration,0.9974,0.00114,,GEDI_rh98_m(pending),0,Landsat_C2_L2,regimeC_v0_CLCD+NDVI
afforestation,SAIH_AFF_r47c42,stable_restoration,0.7485,0.00238,,GEDI_rh98_m(pending),0,Landsat_C2_L2,regimeC_v0_CLCD+NDVI
afforestation,SAIH_AFF_r47c43,early_restoration,0.4863,0.00783,,GEDI_rh98_m(pending),0,Landsat_C2_L2,regimeC_v0_CLCD+NDVI
afforestation,SAIH_AFF_r47c44,early_restoration,0.6421,0.01005,,GEDI_rh98_m(pending),0,Landsat_C2_L2,regimeC_v0_CLCD+NDVI
afforestation,SAIH_AFF_r47c45,stable_restoration,1.0155,0.0016,,GEDI_rh98_m(pending),0,Landsat_C2_L2,regimeC_v0_CLCD+NDVI
afforestation,SAIH_AFF_r47c46,stable_restoration,0.9373,0.01165,,GEDI_rh98_m(pending),0,Landsat_C2_L2,regimeC_v0_CLCD+NDVI
afforestation,SAIH_AFF_r47c47,stable_restoration,1.0231,0.00618,,GEDI_rh98_m(pending),0,Landsat_C2_L2,regimeC_v0_CLCD+NDVI
afforestation,SAIH_AFF_r47c48,stable_restoration,0.9624,0.00444,,GEDI_rh98_m(pending),0,Landsat_C2_L2,regimeC_v0_CLCD+NDVI
afforestation,SAIH_AFF_r47c49,stable_restoration,0.9699,0.0013,,GEDI_rh98_m(pending),0,Landsat_C2_L2,regimeC_v0_CLCD+NDVI
afforestation,SAIH_AFF_r47c50,stable_restoration,0.9673,0.00312,,GEDI_rh98_m(pending),0,Landsat_C2_L2,regimeC_v0_CLCD+NDVI
afforestation,SAIH_AFF_r47c51,stable_restoration,0.7565,0.0097,,GEDI_rh98_m(pending),0,Landsat_C2_L2,regimeC_v0_CLCD+NDVI
afforestation,SAIH_AFF_r47c52,stable_restoration,0.9178,0.00119,,GEDI_rh98_m(pending),0,Landsat_C2_L2,regimeC_v0_CLCD+NDVI
afforestation,SAIH_AFF_r47c53,stable_restoration,0.8548,0.01219,,GEDI_rh98_m(pending),0,Landsat_C2_L2,regimeC_v0_CLCD+NDVI
afforestation,SAIH_AFF_r47c54,stable_restoration,0.717,0.01572,,GEDI_rh98_m(pending),0,Landsat_C2_L2,regimeC_v0_CLCD+NDVI
afforestation,SAIH_AFF_r47c55,early_restoration,0.4912,0.01108,,GEDI_rh98_m(pending),0,Landsat_C2_L2,regimeC_v0_CLCD+NDVI
afforestation,SAIH_AFF_r47c56,stable_restoration,0.6712,0.02066,,GEDI_rh98_m(pending),0,Landsat_C2_L2,regimeC_v0_CLCD+NDVI
afforestation,SAIH_AFF_r47c57,degraded,0.1374,0.0107,,GEDI_rh98_m(pending),0,Landsat_C2_L2,regimeC_v0_CLCD+NDVI
afforestation,SAIH_AFF_r47c58,early_restoration,0.4326,0.01157,,GEDI_rh98_m(pending),0,Landsat_C2_L2,regimeC_v0_CLCD+NDVI
afforestation,SAIH_AFF_r47c59,stable_restoration,0.6844,0.00498,,GEDI_rh98_m(pending),0,Landsat_C2_L2,regimeC_v0_CLCD+NDVI
afforestation,SAIH_AFF_r47c60,stable_restoration,0.8092,0.00212,,GEDI_rh98_m(pending),0,Landsat_C2_L2,regimeC_v0_CLCD+NDVI
afforestation,SAIH_AFF_r47c61,stable_restoration,0.8452,0.00193,,GEDI_rh98_m(pending),0,Landsat_C2_L2,regimeC_v0_CLCD+NDVI
afforestation,SAIH_AFF_r47c62,stable_restoration,0.7261,0.00532,,GEDI_rh98_m(pending),0,Landsat_C2_L2,regimeC_v0_CLCD+NDVI
afforestation,SAIH_AFF_r47c63,early_restoration,0.3817,0.00852,,GEDI_rh98_m(pending),0,Landsat_C2_L2,regimeC_v0_CLCD+NDVI
afforestation,SAIH_AFF_r47c64,early_restoration,0.4475,0.00139,,GEDI_rh98_m(pending),0,Landsat_C2_L2,regimeC_v0_CLCD+NDVI
afforestation,SAIH_AFF_r48c25,early_restoration,0.4413,0.00526,,GEDI_rh98_m(pending),0,Landsat_C2_L2,regimeC_v0_CLCD+NDVI
afforestation,SAIH_AFF_r48c26,stable_restoration,0.7038,0.00396,,GEDI_rh98_m(pending),0,Landsat_C2_L2,regimeC_v0_CLCD+NDVI
afforestation,SAIH_AFF_r48c27,stable_restoration,0.9997,0.00202,,GEDI_rh98_m(pending),0,Landsat_C2_L2,regimeC_v0_CLCD+NDVI
afforestation,SAIH_AFF_r48c28,stable_restoration,1.0083,0.00189,,GEDI_rh98_m(pending),0,Landsat_C2_L2,regimeC_v0_CLCD+NDVI
afforestation,SAIH_AFF_r48c29,stable_restoration,1.0254,0.00286,,GEDI_rh98_m(pending),0,Landsat_C2_L2,regimeC_v0_CLCD+NDVI
afforestation,SAIH_AFF_r48c30,stable_restoration,1.0323,0.00178,,GEDI_rh98_m(pending),0,Landsat_C2_L2,regimeC_v0_CLCD+NDVI
afforestation,SAIH_AFF_r48c31,stable_restoration,0.9053,0.00587,,GEDI_rh98_m(pending),0,Landsat_C2_L2,regimeC_v0_CLCD+NDVI
afforestation,SAIH_AFF_r48c32,stable_restoration,0.9264,0.01817,,GEDI_rh98_m(pending),0,Landsat_C2_L2,regimeC_v0_CLCD+NDVI
afforestation,SAIH_AFF_r48c33,stable_restoration,0.7433,0.00975,,GEDI_rh98_m(pending),0,Landsat_C2_L2,regimeC_v0_CLCD+NDVI
afforestation,SAIH_AFF_r48c34,stable_restoration,0.9682,0.00399,,GEDI_rh98_m(pending),0,Landsat_C2_L2,regimeC_v0_CLCD+NDVI
afforestation,SAIH_AFF_r48c35,stable_restoration,0.78,0.0171,,GEDI_rh98_m(pending),0,Landsat_C2_L2,regimeC_v0_CLCD+NDVI
afforestation,SAIH_AFF_r48c36,stable_restoration,0.9293,0.01181,,GEDI_rh98_m(pending),0,Landsat_C2_L2,regimeC_v0_CLCD+NDVI
afforestation,SAIH_AFF_r48c37,stable_restoration,1.0042,0.0169,,GEDI_rh98_m(pending),0,Landsat_C2_L2,regimeC_v0_CLCD+NDVI
afforestation,SAIH_AFF_r48c38,stable_restoration,0.9653,0.00428,,GEDI_rh98_m(pending),0,Landsat_C2_L2,regimeC_v0_CLCD+NDVI
afforestation,SAIH_AFF_r48c39,stable_restoration,1.0111,0.00041,,GEDI_rh98_m(pending),0,Landsat_C2_L2,regimeC_v0_CLCD+NDVI
afforestation,SAIH_AFF_r48c40,stable_restoration,1.0274,0.00054,,GEDI_rh98_m(pending),0,Landsat_C2_L2,regimeC_v0_CLCD+NDVI
afforestation,SAIH_AFF_r48c41,stable_restoration,1.0243,0.00013,,GEDI_rh98_m(pending),0,Landsat_C2_L2,regimeC_v0_CLCD+NDVI
afforestation,SAIH_AFF_r48c42,stable_restoration,0.9688,0.00063,,GEDI_rh98_m(pending),0,Landsat_C2_L2,regimeC_v0_CLCD+NDVI
afforestation,SAIH_AFF_r48c43,stable_restoration,0.895,0.00314,,GEDI_rh98_m(pending),0,Landsat_C2_L2,regimeC_v0_CLCD+NDVI
afforestation,SAIH_AFF_r48c44,early_restoration,0.6237,0.01238,,GEDI_rh98_m(pending),0,Landsat_C2_L2,regimeC_v0_CLCD+NDVI
afforestation,SAIH_AFF_r48c45,stable_restoration,0.8125,0.00686,,GEDI_rh98_m(pending),0,Landsat_C2_L2,regimeC_v0_CLCD+NDVI
afforestation,SAIH_AFF_r48c46,stable_restoration,0.8097,0.01363,,GEDI_rh98_m(pending),0,Landsat_C2_L2,regimeC_v0_CLCD+NDVI
afforestation,SAIH_AFF_r48c47,stable_restoration,1.006,0.0025,,GEDI_rh98_m(pending),0,Landsat_C2_L2,regimeC_v0_CLCD+NDVI
afforestation,SAIH_AFF_r48c48,stable_restoration,0.9579,0.00585,,GEDI_rh98_m(pending),0,Landsat_C2_L2,regimeC_v0_CLCD+NDVI
afforestation,SAIH_AFF_r48c49,stable_restoration,0.9585,0.00917,,GEDI_rh98_m(pending),0,Landsat_C2_L2,regimeC_v0_CLCD+NDVI
afforestation,SAIH_AFF_r48c50,stable_restoration,0.9578,0.00316,,GEDI_rh98_m(pending),0,Landsat_C2_L2,regimeC_v0_CLCD+NDVI
afforestation,SAIH_AFF_r48c51,stable_restoration,0.6632,0.00865,,GEDI_rh98_m(pending),0,Landsat_C2_L2,regimeC_v0_CLCD+NDVI
afforestation,SAIH_AFF_r48c52,stable_restoration,0.8801,0.00862,,GEDI_rh98_m(pending),0,Landsat_C2_L2,regimeC_v0_CLCD+NDVI
afforestation,SAIH_AFF_r48c53,stable_restoration,0.9316,0.00647,,GEDI_rh98_m(pending),0,Landsat_C2_L2,regimeC_v0_CLCD+NDVI
afforestation,SAIH_AFF_r48c54,stable_restoration,0.8337,0.00472,,GEDI_rh98_m(pending),0,Landsat_C2_L2,regimeC_v0_CLCD+NDVI
afforestation,SAIH_AFF_r48c55,stable_restoration,0.7049,0.00422,,GEDI_rh98_m(pending),0,Landsat_C2_L2,regimeC_v0_CLCD+NDVI
afforestation,SAIH_AFF_r48c56,stable_restoration,0.7301,0.01089,,GEDI_rh98_m(pending),0,Landsat_C2_L2,regimeC_v0_CLCD+NDVI
afforestation,SAIH_AFF_r48c57,degraded,0.2895,0.01267,,GEDI_rh98_m(pending),0,Landsat_C2_L2,regimeC_v0_CLCD+NDVI
afforestation,SAIH_AFF_r48c59,stable_restoration,0.7342,0.00955,,GEDI_rh98_m(pending),0,Landsat_C2_L2,regimeC_v0_CLCD+NDVI
afforestation,SAIH_AFF_r48c60,early_restoration,0.429,0.0079,,GEDI_rh98_m(pending),0,Landsat_C2_L2,regimeC_v0_CLCD+NDVI
afforestation,SAIH_AFF_r48c61,early_restoration,0.5425,0.00234,,GEDI_rh98_m(pending),0,Landsat_C2_L2,regimeC_v0_CLCD+NDVI
afforestation,SAIH_AFF_r48c62,stable_restoration,0.8469,0.01185,,GEDI_rh98_m(pending),0,Landsat_C2_L2,regimeC_v0_CLCD+NDVI
afforestation,SAIH_AFF_r48c63,stable_restoration,0.6672,0.00937,,GEDI_rh98_m(pending),0,Landsat_C2_L2,regimeC_v0_CLCD+NDVI
afforestation,SAIH_AFF_r48c64,early_restoration,0.4082,0.00443,,GEDI_rh98_m(pending),0,Landsat_C2_L2,regimeC_v0_CLCD+NDVI
afforestation,SAIH_AFF_r49c20,degraded,0.3252,0.01629,,GEDI_rh98_m(pending),0,Landsat_C2_L2,regimeC_v0_CLCD+NDVI
afforestation,SAIH_AFF_r49c22,degraded,0.2363,0.00521,,GEDI_rh98_m(pending),0,Landsat_C2_L2,regimeC_v0_CLCD+NDVI
afforestation,SAIH_AFF_r49c23,degraded,0.2901,0.00771,,GEDI_rh98_m(pending),0,Landsat_C2_L2,regimeC_v0_CLCD+NDVI
afforestation,SAIH_AFF_r49c24,early_restoration,0.4286,0.00968,,GEDI_rh98_m(pending),0,Landsat_C2_L2,regimeC_v0_CLCD+NDVI
afforestation,SAIH_AFF_r49c25,stable_restoration,0.7621,0.01621,,GEDI_rh98_m(pending),0,Landsat_C2_L2,regimeC_v0_CLCD+NDVI
afforestation,SAIH_AFF_r49c26,stable_restoration,0.9917,0.00701,,GEDI_rh98_m(pending),0,Landsat_C2_L2,regimeC_v0_CLCD+NDVI
afforestation,SAIH_AFF_r49c27,stable_restoration,1.0243,0.00105,,GEDI_rh98_m(pending),0,Landsat_C2_L2,regimeC_v0_CLCD+NDVI
afforestation,SAIH_AFF_r49c28,stable_restoration,1.0185,0.00193,,GEDI_rh98_m(pending),0,Landsat_C2_L2,regimeC_v0_CLCD+NDVI
afforestation,SAIH_AFF_r49c29,stable_restoration,0.9539,0.00617,,GEDI_rh98_m(pending),0,Landsat_C2_L2,regimeC_v0_CLCD+NDVI
afforestation,SAIH_AFF_r49c30,stable_restoration,0.9483,0.0084,,GEDI_rh98_m(pending),0,Landsat_C2_L2,regimeC_v0_CLCD+NDVI
afforestation,SAIH_AFF_r49c31,stable_restoration,1.0231,0.00161,,GEDI_rh98_m(pending),0,Landsat_C2_L2,regimeC_v0_CLCD+NDVI
afforestation,SAIH_AFF_r49c32,stable_restoration,0.9933,0.00719,,GEDI_rh98_m(pending),0,Landsat_C2_L2,regimeC_v0_CLCD+NDVI
afforestation,SAIH_AFF_r49c33,early_restoration,0.5288,0.01232,,GEDI_rh98_m(pending),0,Landsat_C2_L2,regimeC_v0_CLCD+NDVI
afforestation,SAIH_AFF_r49c34,stable_restoration,0.8996,0.01031,,GEDI_rh98_m(pending),0,Landsat_C2_L2,regimeC_v0_CLCD+NDVI
afforestation,SAIH_AFF_r49c35,stable_restoration,0.8372,0.01682,,GEDI_rh98_m(pending),0,Landsat_C2_L2,regimeC_v0_CLCD+NDVI
afforestation,SAIH_AFF_r49c36,stable_restoration,0.8996,0.00563,,GEDI_rh98_m(pending),0,Landsat_C2_L2,regimeC_v0_CLCD+NDVI
afforestation,SAIH_AFF_r49c37,stable_restoration,0.9196,0.00664,,GEDI_rh98_m(pending),0,Landsat_C2_L2,regimeC_v0_CLCD+NDVI
afforestation,SAIH_AFF_r49c38,stable_restoration,0.963,0.00476,,GEDI_rh98_m(pending),0,Landsat_C2_L2,regimeC_v0_CLCD+NDVI
afforestation,SAIH_AFF_r49c39,stable_restoration,1.0099,0.00193,,GEDI_rh98_m(pending),0,Landsat_C2_L2,regimeC_v0_CLCD+NDVI
afforestation,SAIH_AFF_r49c40,stable_restoration,0.9908,0.00199,,GEDI_rh98_m(pending),0,Landsat_C2_L2,regimeC_v0_CLCD+NDVI
afforestation,SAIH_AFF_r49c41,stable_restoration,1.0283,0.00094,,GEDI_rh98_m(pending),0,Landsat_C2_L2,regimeC_v0_CLCD+NDVI
afforestation,SAIH_AFF_r49c42,stable_restoration,1.0351,0.00018,,GEDI_rh98_m(pending),0,Landsat_C2_L2,regimeC_v0_CLCD+NDVI
afforestation,SAIH_AFF_r49c43,stable_restoration,1.0243,0.00232,,GEDI_rh98_m(pending),0,Landsat_C2_L2,regimeC_v0_CLCD+NDVI
afforestation,SAIH_AFF_r49c44,stable_restoration,0.903,0.00356,,GEDI_rh98_m(pending),0,Landsat_C2_L2,regimeC_v0_CLCD+NDVI
afforestation,SAIH_AFF_r49c45,stable_restoration,0.7901,0.00724,,GEDI_rh98_m(pending),0,Landsat_C2_L2,regimeC_v0_CLCD+NDVI
afforestation,SAIH_AFF_r49c46,early_restoration,0.404,0.00564,,GEDI_rh98_m(pending),0,Landsat_C2_L2,regimeC_v0_CLCD+NDVI
afforestation,SAIH_AFF_r49c47,early_restoration,0.5511,0.0075,,GEDI_rh98_m(pending),0,Landsat_C2_L2,regimeC_v0_CLCD+NDVI
afforestation,SAIH_AFF_r49c48,stable_restoration,0.8446,0.00619,,GEDI_rh98_m(pending),0,Landsat_C2_L2,regimeC_v0_CLCD+NDVI
afforestation,SAIH_AFF_r49c49,stable_restoration,0.7388,0.00651,,GEDI_rh98_m(pending),0,Landsat_C2_L2,regimeC_v0_CLCD+NDVI
afforestation,SAIH_AFF_r49c50,stable_restoration,0.9668,0.0013,,GEDI_rh98_m(pending),0,Landsat_C2_L2,regimeC_v0_CLCD+NDVI
afforestation,SAIH_AFF_r49c51,stable_restoration,0.8703,0.00984,,GEDI_rh98_m(pending),0,Landsat_C2_L2,regimeC_v0_CLCD+NDVI
afforestation,SAIH_AFF_r49c52,stable_restoration,0.9951,0.00336,,GEDI_rh98_m(pending),0,Landsat_C2_L2,regimeC_v0_CLCD+NDVI
afforestation,SAIH_AFF_r49c53,early_restoration,0.5894,0.0039,,GEDI_rh98_m(pending),0,Landsat_C2_L2,regimeC_v0_CLCD+NDVI
afforestation,SAIH_AFF_r49c54,early_restoration,0.6255,0.00468,,GEDI_rh98_m(pending),0,Landsat_C2_L2,regimeC_v0_CLCD+NDVI
afforestation,SAIH_AFF_r49c55,early_restoration,0.4767,0.00732,,GEDI_rh98_m(pending),0,Landsat_C2_L2,regimeC_v0_CLCD+NDVI
afforestation,SAIH_AFF_r49c56,early_restoration,0.5224,0.00843,,GEDI_rh98_m(pending),0,Landsat_C2_L2,regimeC_v0_CLCD+NDVI
afforestation,SAIH_AFF_r49c57,early_restoration,0.3416,0.01454,,GEDI_rh98_m(pending),0,Landsat_C2_L2,regimeC_v0_CLCD+NDVI
afforestation,SAIH_AFF_r49c59,early_restoration,0.3639,0.00781,,GEDI_rh98_m(pending),0,Landsat_C2_L2,regimeC_v0_CLCD+NDVI
afforestation,SAIH_AFF_r49c60,early_restoration,0.6348,0.00852,,GEDI_rh98_m(pending),0,Landsat_C2_L2,regimeC_v0_CLCD+NDVI
afforestation,SAIH_AFF_r49c61,early_restoration,0.4767,0.00696,,GEDI_rh98_m(pending),0,Landsat_C2_L2,regimeC_v0_CLCD+NDVI
afforestation,SAIH_AFF_r49c62,early_restoration,0.5001,0.00429,,GEDI_rh98_m(pending),0,Landsat_C2_L2,regimeC_v0_CLCD+NDVI
afforestation,SAIH_AFF_r49c63,stable_restoration,0.9774,0.00346,,GEDI_rh98_m(pending),0,Landsat_C2_L2,regimeC_v0_CLCD+NDVI
afforestation,SAIH_AFF_r49c64,stable_restoration,0.9297,0.00833,,GEDI_rh98_m(pending),0,Landsat_C2_L2,regimeC_v0_CLCD+NDVI
afforestation,SAIH_AFF_r50c23,degraded,0.2506,0.00879,,GEDI_rh98_m(pending),0,Landsat_C2_L2,regimeC_v0_CLCD+NDVI
afforestation,SAIH_AFF_r50c24,early_restoration,0.5923,0.01804,,GEDI_rh98_m(pending),0,Landsat_C2_L2,regimeC_v0_CLCD+NDVI
afforestation,SAIH_AFF_r50c25,stable_restoration,1.0027,0.00547,,GEDI_rh98_m(pending),0,Landsat_C2_L2,regimeC_v0_CLCD+NDVI
afforestation,SAIH_AFF_r50c26,stable_restoration,0.986,0.00234,,GEDI_rh98_m(pending),0,Landsat_C2_L2,regimeC_v0_CLCD+NDVI
afforestation,SAIH_AFF_r50c27,stable_restoration,0.9785,0.00365,,GEDI_rh98_m(pending),0,Landsat_C2_L2,regimeC_v0_CLCD+NDVI
afforestation,SAIH_AFF_r50c28,stable_restoration,1.0351,0.00026,,GEDI_rh98_m(pending),0,Landsat_C2_L2,regimeC_v0_CLCD+NDVI
afforestation,SAIH_AFF_r50c29,stable_restoration,1.0345,0.0033,,GEDI_rh98_m(pending),0,Landsat_C2_L2,regimeC_v0_CLCD+NDVI
afforestation,SAIH_AFF_r50c30,stable_restoration,0.9831,0.01418,,GEDI_rh98_m(pending),0,Landsat_C2_L2,regimeC_v0_CLCD+NDVI
afforestation,SAIH_AFF_r50c31,stable_restoration,1.0163,0.00482,,GEDI_rh98_m(pending),0,Landsat_C2_L2,regimeC_v0_CLCD+NDVI
afforestation,SAIH_AFF_r50c32,stable_restoration,0.9167,0.00824,,GEDI_rh98_m(pending),0,Landsat_C2_L2,regimeC_v0_CLCD+NDVI
afforestation,SAIH_AFF_r50c33,stable_restoration,0.7599,0.00254,,GEDI_rh98_m(pending),0,Landsat_C2_L2,regimeC_v0_CLCD+NDVI
afforestation,SAIH_AFF_r50c34,early_restoration,0.5739,0.00728,,GEDI_rh98_m(pending),0,Landsat_C2_L2,regimeC_v0_CLCD+NDVI
afforestation,SAIH_AFF_r50c35,early_restoration,0.4301,0.00821,,GEDI_rh98_m(pending),0,Landsat_C2_L2,regimeC_v0_CLCD+NDVI
afforestation,SAIH_AFF_r50c36,stable_restoration,0.7067,0.00435,,GEDI_rh98_m(pending),0,Landsat_C2_L2,regimeC_v0_CLCD+NDVI
afforestation,SAIH_AFF_r50c37,stable_restoration,0.9494,0.0054,,GEDI_rh98_m(pending),0,Landsat_C2_L2,regimeC_v0_CLCD+NDVI
afforestation,SAIH_AFF_r50c38,stable_restoration,1.0134,0.0096,,GEDI_rh98_m(pending),0,Landsat_C2_L2,regimeC_v0_CLCD+NDVI
afforestation,SAIH_AFF_r50c39,stable_restoration,1.034,0.00431,,GEDI_rh98_m(pending),0,Landsat_C2_L2,regimeC_v0_CLCD+NDVI
afforestation,SAIH_AFF_r50c40,stable_restoration,1.0218,-0.00085,,GEDI_rh98_m(pending),0,Landsat_C2_L2,regimeC_v0_CLCD+NDVI
afforestation,SAIH_AFF_r50c41,stable_restoration,1.0317,0.00021,,GEDI_rh98_m(pending),0,Landsat_C2_L2,regimeC_v0_CLCD+NDVI
afforestation,SAIH_AFF_r50c42,stable_restoration,0.9871,0.00076,,GEDI_rh98_m(pending),0,Landsat_C2_L2,regimeC_v0_CLCD+NDVI
afforestation,SAIH_AFF_r50c43,stable_restoration,1.0042,0.00052,,GEDI_rh98_m(pending),0,Landsat_C2_L2,regimeC_v0_CLCD+NDVI
afforestation,SAIH_AFF_r50c44,stable_restoration,1.026,0.00288,,GEDI_rh98_m(pending),0,Landsat_C2_L2,regimeC_v0_CLCD+NDVI
afforestation,SAIH_AFF_r50c45,stable_restoration,0.8092,0.0051,,GEDI_rh98_m(pending),0,Landsat_C2_L2,regimeC_v0_CLCD+NDVI
afforestation,SAIH_AFF_r50c46,stable_restoration,0.7811,0.0102,,GEDI_rh98_m(pending),0,Landsat_C2_L2,regimeC_v0_CLCD+NDVI
afforestation,SAIH_AFF_r50c47,stable_restoration,0.7027,0.01763,,GEDI_rh98_m(pending),0,Landsat_C2_L2,regimeC_v0_CLCD+NDVI
afforestation,SAIH_AFF_r50c48,early_restoration,0.6255,0.01732,,GEDI_rh98_m(pending),0,Landsat_C2_L2,regimeC_v0_CLCD+NDVI
afforestation,SAIH_AFF_r50c49,stable_restoration,0.6803,0.0114,,GEDI_rh98_m(pending),0,Landsat_C2_L2,regimeC_v0_CLCD+NDVI
afforestation,SAIH_AFF_r50c50,stable_restoration,1.0172,0.00268,,GEDI_rh98_m(pending),0,Landsat_C2_L2,regimeC_v0_CLCD+NDVI
afforestation,SAIH_AFF_r50c51,stable_restoration,0.8291,0.00789,,GEDI_rh98_m(pending),0,Landsat_C2_L2,regimeC_v0_CLCD+NDVI
afforestation,SAIH_AFF_r50c52,stable_restoration,0.9608,0.00428,,GEDI_rh98_m(pending),0,Landsat_C2_L2,regimeC_v0_CLCD+NDVI
afforestation,SAIH_AFF_r50c53,stable_restoration,0.6981,0.00424,,GEDI_rh98_m(pending),0,Landsat_C2_L2,regimeC_v0_CLCD+NDVI
afforestation,SAIH_AFF_r50c54,early_restoration,0.3657,0.00312,,GEDI_rh98_m(pending),0,Landsat_C2_L2,regimeC_v0_CLCD+NDVI
afforestation,SAIH_AFF_r50c55,early_restoration,0.3516,0.00759,,GEDI_rh98_m(pending),0,Landsat_C2_L2,regimeC_v0_CLCD+NDVI
afforestation,SAIH_AFF_r50c56,early_restoration,0.4492,0.00807,,GEDI_rh98_m(pending),0,Landsat_C2_L2,regimeC_v0_CLCD+NDVI
afforestation,SAIH_AFF_r50c57,degraded,0.2793,0.00923,,GEDI_rh98_m(pending),0,Landsat_C2_L2,regimeC_v0_CLCD+NDVI
afforestation,SAIH_AFF_r50c60,early_restoration,0.6465,0.01199,,GEDI_rh98_m(pending),0,Landsat_C2_L2,regimeC_v0_CLCD+NDVI
afforestation,SAIH_AFF_r50c61,stable_restoration,0.7347,0.01777,,GEDI_rh98_m(pending),0,Landsat_C2_L2,regimeC_v0_CLCD+NDVI
afforestation,SAIH_AFF_r50c62,stable_restoration,0.7301,0.00975,,GEDI_rh98_m(pending),0,Landsat_C2_L2,regimeC_v0_CLCD+NDVI
afforestation,SAIH_AFF_r50c63,stable_restoration,0.8182,0.00393,,GEDI_rh98_m(pending),0,Landsat_C2_L2,regimeC_v0_CLCD+NDVI
afforestation,SAIH_AFF_r50c64,early_restoration,0.4525,0.00896,,GEDI_rh98_m(pending),0,Landsat_C2_L2,regimeC_v0_CLCD+NDVI
afforestation,SAIH_AFF_r51c11,degraded,0.1805,0.00669,,GEDI_rh98_m(pending),0,Landsat_C2_L2,regimeC_v0_CLCD+NDVI
afforestation,SAIH_AFF_r51c20,degraded,0.2872,0.00994,,GEDI_rh98_m(pending),0,Landsat_C2_L2,regimeC_v0_CLCD+NDVI
afforestation,SAIH_AFF_r51c21,early_restoration,0.5143,0.01395,,GEDI_rh98_m(pending),0,Landsat_C2_L2,regimeC_v0_CLCD+NDVI
afforestation,SAIH_AFF_r51c22,early_restoration,0.4875,0.00577,,GEDI_rh98_m(pending),0,Landsat_C2_L2,regimeC_v0_CLCD+NDVI
afforestation,SAIH_AFF_r51c23,early_restoration,0.4491,0.00765,,GEDI_rh98_m(pending),0,Landsat_C2_L2,regimeC_v0_CLCD+NDVI
afforestation,SAIH_AFF_r51c24,stable_restoration,0.9082,0.00713,,GEDI_rh98_m(pending),0,Landsat_C2_L2,regimeC_v0_CLCD+NDVI
afforestation,SAIH_AFF_r51c25,stable_restoration,0.9817,0.00248,,GEDI_rh98_m(pending),0,Landsat_C2_L2,regimeC_v0_CLCD+NDVI
afforestation,SAIH_AFF_r51c26,stable_restoration,0.9956,0.00255,,GEDI_rh98_m(pending),0,Landsat_C2_L2,regimeC_v0_CLCD+NDVI
afforestation,SAIH_AFF_r51c27,stable_restoration,0.9979,0.00141,,GEDI_rh98_m(pending),0,Landsat_C2_L2,regimeC_v0_CLCD+NDVI
afforestation,SAIH_AFF_r51c28,stable_restoration,1.0107,0.00102,,GEDI_rh98_m(pending),0,Landsat_C2_L2,regimeC_v0_CLCD+NDVI
afforestation,SAIH_AFF_r51c29,stable_restoration,1.0374,0.00042,,GEDI_rh98_m(pending),0,Landsat_C2_L2,regimeC_v0_CLCD+NDVI
afforestation,SAIH_AFF_r51c30,stable_restoration,1.0074,0.00809,,GEDI_rh98_m(pending),0,Landsat_C2_L2,regimeC_v0_CLCD+NDVI
afforestation,SAIH_AFF_r51c31,stable_restoration,0.8235,0.01063,,GEDI_rh98_m(pending),0,Landsat_C2_L2,regimeC_v0_CLCD+NDVI
afforestation,SAIH_AFF_r51c32,stable_restoration,1.004,0.00243,,GEDI_rh98_m(pending),0,Landsat_C2_L2,regimeC_v0_CLCD+NDVI
afforestation,SAIH_AFF_r51c33,stable_restoration,1.0274,0.00195,,GEDI_rh98_m(pending),0,Landsat_C2_L2,regimeC_v0_CLCD+NDVI
afforestation,SAIH_AFF_r51c34,stable_restoration,1.0219,0.00418,,GEDI_rh98_m(pending),0,Landsat_C2_L2,regimeC_v0_CLCD+NDVI
afforestation,SAIH_AFF_r51c35,early_restoration,0.4063,0.00249,,GEDI_rh98_m(pending),0,Landsat_C2_L2,regimeC_v0_CLCD+NDVI
afforestation,SAIH_AFF_r51c36,early_restoration,0.5554,0.01029,,GEDI_rh98_m(pending),0,Landsat_C2_L2,regimeC_v0_CLCD+NDVI
afforestation,SAIH_AFF_r51c37,stable_restoration,0.9895,0.00518,,GEDI_rh98_m(pending),0,Landsat_C2_L2,regimeC_v0_CLCD+NDVI
afforestation,SAIH_AFF_r51c38,stable_restoration,1.0358,0.00092,,GEDI_rh98_m(pending),0,Landsat_C2_L2,regimeC_v0_CLCD+NDVI
afforestation,SAIH_AFF_r51c39,stable_restoration,1.0163,0.00189,,GEDI_rh98_m(pending),0,Landsat_C2_L2,regimeC_v0_CLCD+NDVI
afforestation,SAIH_AFF_r51c40,stable_restoration,1.0374,0.00046,,GEDI_rh98_m(pending),0,Landsat_C2_L2,regimeC_v0_CLCD+NDVI
afforestation,SAIH_AFF_r51c41,stable_restoration,1.0168,0.00039,,GEDI_rh98_m(pending),0,Landsat_C2_L2,regimeC_v0_CLCD+NDVI
afforestation,SAIH_AFF_r51c42,stable_restoration,1.0341,0.00016,,GEDI_rh98_m(pending),0,Landsat_C2_L2,regimeC_v0_CLCD+NDVI
afforestation,SAIH_AFF_r51c43,stable_restoration,1.0168,0.00077,,GEDI_rh98_m(pending),0,Landsat_C2_L2,regimeC_v0_CLCD+NDVI
afforestation,SAIH_AFF_r51c44,stable_restoration,1.0268,0.00452,,GEDI_rh98_m(pending),0,Landsat_C2_L2,regimeC_v0_CLCD+NDVI
afforestation,SAIH_AFF_r51c45,stable_restoration,0.9353,0.0155,,GEDI_rh98_m(pending),0,Landsat_C2_L2,regimeC_v0_CLCD+NDVI
afforestation,SAIH_AFF_r51c46,stable_restoration,0.848,0.01346,,GEDI_rh98_m(pending),0,Landsat_C2_L2,regimeC_v0_CLCD+NDVI
afforestation,SAIH_AFF_r51c47,stable_restoration,0.9082,0.01265,,GEDI_rh98_m(pending),0,Landsat_C2_L2,regimeC_v0_CLCD+NDVI
afforestation,SAIH_AFF_r51c48,stable_restoration,0.7834,0.00624,,GEDI_rh98_m(pending),0,Landsat_C2_L2,regimeC_v0_CLCD+NDVI
afforestation,SAIH_AFF_r51c49,early_restoration,0.3538,0.0026,,GEDI_rh98_m(pending),0,Landsat_C2_L2,regimeC_v0_CLCD+NDVI
afforestation,SAIH_AFF_r51c50,stable_restoration,0.7655,0.00132,,GEDI_rh98_m(pending),0,Landsat_C2_L2,regimeC_v0_CLCD+NDVI
afforestation,SAIH_AFF_r51c51,stable_restoration,0.6981,0.00314,,GEDI_rh98_m(pending),0,Landsat_C2_L2,regimeC_v0_CLCD+NDVI
afforestation,SAIH_AFF_r51c52,stable_restoration,0.9968,0.00267,,GEDI_rh98_m(pending),0,Landsat_C2_L2,regimeC_v0_CLCD+NDVI
afforestation,SAIH_AFF_r51c53,stable_restoration,0.8837,0.0047,,GEDI_rh98_m(pending),0,Landsat_C2_L2,regimeC_v0_CLCD+NDVI
afforestation,SAIH_AFF_r51c54,stable_restoration,0.7583,0.00298,,GEDI_rh98_m(pending),0,Landsat_C2_L2,regimeC_v0_CLCD+NDVI
afforestation,SAIH_AFF_r51c55,stable_restoration,0.7327,0.00372,,GEDI_rh98_m(pending),0,Landsat_C2_L2,regimeC_v0_CLCD+NDVI
afforestation,SAIH_AFF_r51c56,stable_restoration,0.6931,0.00712,,GEDI_rh98_m(pending),0,Landsat_C2_L2,regimeC_v0_CLCD+NDVI
afforestation,SAIH_AFF_r51c57,stable_restoration,0.7918,0.01858,,GEDI_rh98_m(pending),0,Landsat_C2_L2,regimeC_v0_CLCD+NDVI
afforestation,SAIH_AFF_r51c58,early_restoration,0.4379,0.01905,,GEDI_rh98_m(pending),0,Landsat_C2_L2,regimeC_v0_CLCD+NDVI
afforestation,SAIH_AFF_r51c59,degraded,0.0401,0.00274,,GEDI_rh98_m(pending),0,Landsat_C2_L2,regimeC_v0_CLCD+NDVI
afforestation,SAIH_AFF_r51c60,early_restoration,0.422,0.01683,,GEDI_rh98_m(pending),0,Landsat_C2_L2,regimeC_v0_CLCD+NDVI
afforestation,SAIH_AFF_r51c61,early_restoration,0.5121,0.01209,,GEDI_rh98_m(pending),0,Landsat_C2_L2,regimeC_v0_CLCD+NDVI
afforestation,SAIH_AFF_r51c62,early_restoration,0.4508,0.00229,,GEDI_rh98_m(pending),0,Landsat_C2_L2,regimeC_v0_CLCD+NDVI
afforestation,SAIH_AFF_r51c63,early_restoration,0.366,0.00356,,GEDI_rh98_m(pending),0,Landsat_C2_L2,regimeC_v0_CLCD+NDVI
afforestation,SAIH_AFF_r51c64,early_restoration,0.4707,0.00887,,GEDI_rh98_m(pending),0,Landsat_C2_L2,regimeC_v0_CLCD+NDVI
afforestation,SAIH_AFF_r52c14,degraded,0.1888,0.00854,,GEDI_rh98_m(pending),0,Landsat_C2_L2,regimeC_v0_CLCD+NDVI
afforestation,SAIH_AFF_r52c21,early_restoration,0.3748,0.00108,,GEDI_rh98_m(pending),0,Landsat_C2_L2,regimeC_v0_CLCD+NDVI
afforestation,SAIH_AFF_r52c22,stable_restoration,0.9442,0.00167,,GEDI_rh98_m(pending),0,Landsat_C2_L2,regimeC_v0_CLCD+NDVI
afforestation,SAIH_AFF_r52c23,stable_restoration,0.9413,0.00343,,GEDI_rh98_m(pending),0,Landsat_C2_L2,regimeC_v0_CLCD+NDVI
afforestation,SAIH_AFF_r52c24,stable_restoration,0.8389,0.00479,,GEDI_rh98_m(pending),0,Landsat_C2_L2,regimeC_v0_CLCD+NDVI
afforestation,SAIH_AFF_r52c25,stable_restoration,0.8227,0.00471,,GEDI_rh98_m(pending),0,Landsat_C2_L2,regimeC_v0_CLCD+NDVI
afforestation,SAIH_AFF_r52c26,stable_restoration,0.9653,0.00185,,GEDI_rh98_m(pending),0,Landsat_C2_L2,regimeC_v0_CLCD+NDVI
afforestation,SAIH_AFF_r52c27,stable_restoration,1.0128,0.00172,,GEDI_rh98_m(pending),0,Landsat_C2_L2,regimeC_v0_CLCD+NDVI
afforestation,SAIH_AFF_r52c28,stable_restoration,0.9567,0.003,,GEDI_rh98_m(pending),0,Landsat_C2_L2,regimeC_v0_CLCD+NDVI
afforestation,SAIH_AFF_r52c29,stable_restoration,1.0374,0.0004,,GEDI_rh98_m(pending),0,Landsat_C2_L2,regimeC_v0_CLCD+NDVI
afforestation,SAIH_AFF_r52c30,stable_restoration,1.0346,0.00084,,GEDI_rh98_m(pending),0,Landsat_C2_L2,regimeC_v0_CLCD+NDVI
afforestation,SAIH_AFF_r52c31,stable_restoration,1.0374,0.00067,,GEDI_rh98_m(pending),0,Landsat_C2_L2,regimeC_v0_CLCD+NDVI
afforestation,SAIH_AFF_r52c32,stable_restoration,1.0374,0.00124,,GEDI_rh98_m(pending),0,Landsat_C2_L2,regimeC_v0_CLCD+NDVI
afforestation,SAIH_AFF_r52c33,stable_restoration,0.9556,0.00319,,GEDI_rh98_m(pending),0,Landsat_C2_L2,regimeC_v0_CLCD+NDVI
afforestation,SAIH_AFF_r52c34,stable_restoration,0.8514,0.00456,,GEDI_rh98_m(pending),0,Landsat_C2_L2,regimeC_v0_CLCD+NDVI
afforestation,SAIH_AFF_r52c35,stable_restoration,0.688,0.00888,,GEDI_rh98_m(pending),0,Landsat_C2_L2,regimeC_v0_CLCD+NDVI
afforestation,SAIH_AFF_r52c37,stable_restoration,0.8045,0.00499,,GEDI_rh98_m(pending),0,Landsat_C2_L2,regimeC_v0_CLCD+NDVI
afforestation,SAIH_AFF_r52c38,stable_restoration,0.9671,0.00235,,GEDI_rh98_m(pending),0,Landsat_C2_L2,regimeC_v0_CLCD+NDVI
afforestation,SAIH_AFF_r52c39,stable_restoration,1.0351,0.00123,,GEDI_rh98_m(pending),0,Landsat_C2_L2,regimeC_v0_CLCD+NDVI
afforestation,SAIH_AFF_r52c40,stable_restoration,1.0206,0.0027,,GEDI_rh98_m(pending),0,Landsat_C2_L2,regimeC_v0_CLCD+NDVI
afforestation,SAIH_AFF_r52c41,stable_restoration,1.014,0.00065,,GEDI_rh98_m(pending),0,Landsat_C2_L2,regimeC_v0_CLCD+NDVI
afforestation,SAIH_AFF_r52c42,stable_restoration,1.0357,3e-05,,GEDI_rh98_m(pending),0,Landsat_C2_L2,regimeC_v0_CLCD+NDVI
afforestation,SAIH_AFF_r52c43,stable_restoration,1.0311,0.00025,,GEDI_rh98_m(pending),0,Landsat_C2_L2,regimeC_v0_CLCD+NDVI
afforestation,SAIH_AFF_r52c44,stable_restoration,1.0317,0.00234,,GEDI_rh98_m(pending),0,Landsat_C2_L2,regimeC_v0_CLCD+NDVI
afforestation,SAIH_AFF_r52c45,stable_restoration,0.9679,0.01519,,GEDI_rh98_m(pending),0,Landsat_C2_L2,regimeC_v0_CLCD+NDVI
afforestation,SAIH_AFF_r52c46,stable_restoration,0.9894,0.00927,,GEDI_rh98_m(pending),0,Landsat_C2_L2,regimeC_v0_CLCD+NDVI
afforestation,SAIH_AFF_r52c47,stable_restoration,1.0088,0.0046,,GEDI_rh98_m(pending),0,Landsat_C2_L2,regimeC_v0_CLCD+NDVI
afforestation,SAIH_AFF_r52c48,stable_restoration,0.8572,0.02157,,GEDI_rh98_m(pending),0,Landsat_C2_L2,regimeC_v0_CLCD+NDVI
afforestation,SAIH_AFF_r52c49,early_restoration,0.5379,0.0153,,GEDI_rh98_m(pending),0,Landsat_C2_L2,regimeC_v0_CLCD+NDVI
afforestation,SAIH_AFF_r52c50,early_restoration,0.5333,0.00532,,GEDI_rh98_m(pending),0,Landsat_C2_L2,regimeC_v0_CLCD+NDVI
afforestation,SAIH_AFF_r52c51,stable_restoration,0.9922,0.00055,,GEDI_rh98_m(pending),0,Landsat_C2_L2,regimeC_v0_CLCD+NDVI
afforestation,SAIH_AFF_r52c52,stable_restoration,1.03,0.0006,,GEDI_rh98_m(pending),0,Landsat_C2_L2,regimeC_v0_CLCD+NDVI
afforestation,SAIH_AFF_r52c53,stable_restoration,0.9883,0.00369,,GEDI_rh98_m(pending),0,Landsat_C2_L2,regimeC_v0_CLCD+NDVI
afforestation,SAIH_AFF_r52c54,stable_restoration,0.8057,0.01027,,GEDI_rh98_m(pending),0,Landsat_C2_L2,regimeC_v0_CLCD+NDVI
afforestation,SAIH_AFF_r52c55,stable_restoration,0.872,0.00346,,GEDI_rh98_m(pending),0,Landsat_C2_L2,regimeC_v0_CLCD+NDVI
afforestation,SAIH_AFF_r52c56,stable_restoration,0.8303,0.0065,,GEDI_rh98_m(pending),0,Landsat_C2_L2,regimeC_v0_CLCD+NDVI
afforestation,SAIH_AFF_r52c57,stable_restoration,0.7301,0.01943,,GEDI_rh98_m(pending),0,Landsat_C2_L2,regimeC_v0_CLCD+NDVI
afforestation,SAIH_AFF_r52c58,early_restoration,0.5396,0.01758,,GEDI_rh98_m(pending),0,Landsat_C2_L2,regimeC_v0_CLCD+NDVI
afforestation,SAIH_AFF_r52c59,degraded,0.2975,0.01289,,GEDI_rh98_m(pending),0,Landsat_C2_L2,regimeC_v0_CLCD+NDVI
afforestation,SAIH_AFF_r52c62,degraded,0.2729,0.00471,,GEDI_rh98_m(pending),0,Landsat_C2_L2,regimeC_v0_CLCD+NDVI
afforestation,SAIH_AFF_r52c63,degraded,0.2095,0.00604,,GEDI_rh98_m(pending),0,Landsat_C2_L2,regimeC_v0_CLCD+NDVI
afforestation,SAIH_AFF_r52c64,early_restoration,0.4178,0.00951,,GEDI_rh98_m(pending),0,Landsat_C2_L2,regimeC_v0_CLCD+NDVI
afforestation,SAIH_AFF_r53c01,early_restoration,0.3703,0.00905,,GEDI_rh98_m(pending),0,Landsat_C2_L2,regimeC_v0_CLCD+NDVI
afforestation,SAIH_AFF_r53c16,degraded,0.2575,0.01112,,GEDI_rh98_m(pending),0,Landsat_C2_L2,regimeC_v0_CLCD+NDVI
afforestation,SAIH_AFF_r53c17,degraded,0.3216,0.01314,,GEDI_rh98_m(pending),0,Landsat_C2_L2,regimeC_v0_CLCD+NDVI
afforestation,SAIH_AFF_r53c18,early_restoration,0.3342,0.00828,,GEDI_rh98_m(pending),0,Landsat_C2_L2,regimeC_v0_CLCD+NDVI
afforestation,SAIH_AFF_r53c19,early_restoration,0.4595,0.00281,,GEDI_rh98_m(pending),0,Landsat_C2_L2,regimeC_v0_CLCD+NDVI
afforestation,SAIH_AFF_r53c20,stable_restoration,0.7267,0.00675,,GEDI_rh98_m(pending),0,Landsat_C2_L2,regimeC_v0_CLCD+NDVI
afforestation,SAIH_AFF_r53c21,stable_restoration,0.8709,0.00353,,GEDI_rh98_m(pending),0,Landsat_C2_L2,regimeC_v0_CLCD+NDVI
afforestation,SAIH_AFF_r53c22,stable_restoration,0.9785,0.00344,,GEDI_rh98_m(pending),0,Landsat_C2_L2,regimeC_v0_CLCD+NDVI
afforestation,SAIH_AFF_r53c23,stable_restoration,0.9676,0.00353,,GEDI_rh98_m(pending),0,Landsat_C2_L2,regimeC_v0_CLCD+NDVI
afforestation,SAIH_AFF_r53c24,stable_restoration,0.9424,0.0015,,GEDI_rh98_m(pending),0,Landsat_C2_L2,regimeC_v0_CLCD+NDVI
afforestation,SAIH_AFF_r53c25,stable_restoration,1.0071,0.00117,,GEDI_rh98_m(pending),0,Landsat_C2_L2,regimeC_v0_CLCD+NDVI
afforestation,SAIH_AFF_r53c26,stable_restoration,0.9848,0.00238,,GEDI_rh98_m(pending),0,Landsat_C2_L2,regimeC_v0_CLCD+NDVI
afforestation,SAIH_AFF_r53c27,stable_restoration,0.9888,0.0034,,GEDI_rh98_m(pending),0,Landsat_C2_L2,regimeC_v0_CLCD+NDVI
afforestation,SAIH_AFF_r53c28,stable_restoration,0.9733,0.0018,,GEDI_rh98_m(pending),0,Landsat_C2_L2,regimeC_v0_CLCD+NDVI
afforestation,SAIH_AFF_r53c29,stable_restoration,0.8807,0.00497,,GEDI_rh98_m(pending),0,Landsat_C2_L2,regimeC_v0_CLCD+NDVI
afforestation,SAIH_AFF_r53c30,stable_restoration,0.9813,0.00258,,GEDI_rh98_m(pending),0,Landsat_C2_L2,regimeC_v0_CLCD+NDVI
afforestation,SAIH_AFF_r53c31,stable_restoration,1.0374,0.00036,,GEDI_rh98_m(pending),0,Landsat_C2_L2,regimeC_v0_CLCD+NDVI
afforestation,SAIH_AFF_r53c32,stable_restoration,0.8332,0.00648,,GEDI_rh98_m(pending),0,Landsat_C2_L2,regimeC_v0_CLCD+NDVI
afforestation,SAIH_AFF_r53c33,stable_restoration,0.8469,0.00441,,GEDI_rh98_m(pending),0,Landsat_C2_L2,regimeC_v0_CLCD+NDVI
afforestation,SAIH_AFF_r53c34,stable_restoration,0.9613,0.00276,,GEDI_rh98_m(pending),0,Landsat_C2_L2,regimeC_v0_CLCD+NDVI
afforestation,SAIH_AFF_r53c35,stable_restoration,0.9824,0.00355,,GEDI_rh98_m(pending),0,Landsat_C2_L2,regimeC_v0_CLCD+NDVI
afforestation,SAIH_AFF_r53c36,early_restoration,0.5122,0.00556,,GEDI_rh98_m(pending),0,Landsat_C2_L2,regimeC_v0_CLCD+NDVI
afforestation,SAIH_AFF_r53c37,stable_restoration,0.6798,0.00699,,GEDI_rh98_m(pending),0,Landsat_C2_L2,regimeC_v0_CLCD+NDVI
afforestation,SAIH_AFF_r53c38,stable_restoration,0.8011,0.00764,,GEDI_rh98_m(pending),0,Landsat_C2_L2,regimeC_v0_CLCD+NDVI
afforestation,SAIH_AFF_r53c39,stable_restoration,0.9207,0.00278,,GEDI_rh98_m(pending),0,Landsat_C2_L2,regimeC_v0_CLCD+NDVI
afforestation,SAIH_AFF_r53c40,stable_restoration,1.0267,0.00282,,GEDI_rh98_m(pending),0,Landsat_C2_L2,regimeC_v0_CLCD+NDVI
afforestation,SAIH_AFF_r53c41,stable_restoration,1.0322,0.00475,,GEDI_rh98_m(pending),0,Landsat_C2_L2,regimeC_v0_CLCD+NDVI
afforestation,SAIH_AFF_r53c42,stable_restoration,1.0374,0.00027,,GEDI_rh98_m(pending),0,Landsat_C2_L2,regimeC_v0_CLCD+NDVI
afforestation,SAIH_AFF_r53c43,stable_restoration,1.022,0.0011,,GEDI_rh98_m(pending),0,Landsat_C2_L2,regimeC_v0_CLCD+NDVI
afforestation,SAIH_AFF_r53c44,stable_restoration,0.9184,0.00563,,GEDI_rh98_m(pending),0,Landsat_C2_L2,regimeC_v0_CLCD+NDVI
afforestation,SAIH_AFF_r53c45,stable_restoration,0.9342,0.00547,,GEDI_rh98_m(pending),0,Landsat_C2_L2,regimeC_v0_CLCD+NDVI
afforestation,SAIH_AFF_r53c46,stable_restoration,0.8955,0.00525,,GEDI_rh98_m(pending),0,Landsat_C2_L2,regimeC_v0_CLCD+NDVI
afforestation,SAIH_AFF_r53c47,stable_restoration,0.9837,0.00783,,GEDI_rh98_m(pending),0,Landsat_C2_L2,regimeC_v0_CLCD+NDVI
afforestation,SAIH_AFF_r53c48,stable_restoration,0.9665,0.01017,,GEDI_rh98_m(pending),0,Landsat_C2_L2,regimeC_v0_CLCD+NDVI
afforestation,SAIH_AFF_r53c49,early_restoration,0.507,0.01475,,GEDI_rh98_m(pending),0,Landsat_C2_L2,regimeC_v0_CLCD+NDVI
afforestation,SAIH_AFF_r53c50,stable_restoration,0.812,0.00923,,GEDI_rh98_m(pending),0,Landsat_C2_L2,regimeC_v0_CLCD+NDVI
afforestation,SAIH_AFF_r53c51,stable_restoration,0.9298,0.00312,,GEDI_rh98_m(pending),0,Landsat_C2_L2,regimeC_v0_CLCD+NDVI
afforestation,SAIH_AFF_r53c52,stable_restoration,0.9494,0.00112,,GEDI_rh98_m(pending),0,Landsat_C2_L2,regimeC_v0_CLCD+NDVI
afforestation,SAIH_AFF_r53c53,stable_restoration,0.8709,0.00327,,GEDI_rh98_m(pending),0,Landsat_C2_L2,regimeC_v0_CLCD+NDVI
afforestation,SAIH_AFF_r53c54,stable_restoration,0.8491,0.00646,,GEDI_rh98_m(pending),0,Landsat_C2_L2,regimeC_v0_CLCD+NDVI
afforestation,SAIH_AFF_r53c55,stable_restoration,0.7027,0.00806,,GEDI_rh98_m(pending),0,Landsat_C2_L2,regimeC_v0_CLCD+NDVI
afforestation,SAIH_AFF_r53c56,stable_restoration,0.6678,0.01076,,GEDI_rh98_m(pending),0,Landsat_C2_L2,regimeC_v0_CLCD+NDVI
afforestation,SAIH_AFF_r53c57,early_restoration,0.5527,0.00791,,GEDI_rh98_m(pending),0,Landsat_C2_L2,regimeC_v0_CLCD+NDVI
afforestation,SAIH_AFF_r53c58,stable_restoration,0.919,0.00955,,GEDI_rh98_m(pending),0,Landsat_C2_L2,regimeC_v0_CLCD+NDVI
afforestation,SAIH_AFF_r53c59,stable_restoration,0.9619,0.02218,,GEDI_rh98_m(pending),0,Landsat_C2_L2,regimeC_v0_CLCD+NDVI
afforestation,SAIH_AFF_r53c60,stable_restoration,0.9729,0.01662,,GEDI_rh98_m(pending),0,Landsat_C2_L2,regimeC_v0_CLCD+NDVI
afforestation,SAIH_AFF_r53c61,early_restoration,0.5905,0.01232,,GEDI_rh98_m(pending),0,Landsat_C2_L2,regimeC_v0_CLCD+NDVI
afforestation,SAIH_AFF_r53c64,degraded,0.3213,0.01119,,GEDI_rh98_m(pending),0,Landsat_C2_L2,regimeC_v0_CLCD+NDVI
afforestation,SAIH_AFF_r54c01,stable_restoration,0.9419,0.01079,,GEDI_rh98_m(pending),0,Landsat_C2_L2,regimeC_v0_CLCD+NDVI
afforestation,SAIH_AFF_r54c02,early_restoration,0.4778,0.00866,,GEDI_rh98_m(pending),0,Landsat_C2_L2,regimeC_v0_CLCD+NDVI
afforestation,SAIH_AFF_r54c10,degraded,0.1592,0.00879,,GEDI_rh98_m(pending),0,Landsat_C2_L2,regimeC_v0_CLCD+NDVI
afforestation,SAIH_AFF_r54c17,early_restoration,0.5573,0.02371,,GEDI_rh98_m(pending),0,Landsat_C2_L2,regimeC_v0_CLCD+NDVI
afforestation,SAIH_AFF_r54c18,stable_restoration,0.9505,0.01614,,GEDI_rh98_m(pending),0,Landsat_C2_L2,regimeC_v0_CLCD+NDVI
afforestation,SAIH_AFF_r54c19,stable_restoration,0.9802,0.03294,,GEDI_rh98_m(pending),0,Landsat_C2_L2,regimeC_v0_CLCD+NDVI
afforestation,SAIH_AFF_r54c20,stable_restoration,0.7778,0.01243,,GEDI_rh98_m(pending),0,Landsat_C2_L2,regimeC_v0_CLCD+NDVI
afforestation,SAIH_AFF_r54c21,stable_restoration,0.9007,0.00593,,GEDI_rh98_m(pending),0,Landsat_C2_L2,regimeC_v0_CLCD+NDVI
afforestation,SAIH_AFF_r54c22,stable_restoration,1.0243,0.00382,,GEDI_rh98_m(pending),0,Landsat_C2_L2,regimeC_v0_CLCD+NDVI
afforestation,SAIH_AFF_r54c23,stable_restoration,0.979,0.00184,,GEDI_rh98_m(pending),0,Landsat_C2_L2,regimeC_v0_CLCD+NDVI
afforestation,SAIH_AFF_r54c24,stable_restoration,0.9933,0.00293,,GEDI_rh98_m(pending),0,Landsat_C2_L2,regimeC_v0_CLCD+NDVI
afforestation,SAIH_AFF_r54c25,stable_restoration,1.0358,0.00075,,GEDI_rh98_m(pending),0,Landsat_C2_L2,regimeC_v0_CLCD+NDVI
afforestation,SAIH_AFF_r54c26,stable_restoration,1.0374,0.00057,,GEDI_rh98_m(pending),0,Landsat_C2_L2,regimeC_v0_CLCD+NDVI
afforestation,SAIH_AFF_r54c27,stable_restoration,0.8584,0.00417,,GEDI_rh98_m(pending),0,Landsat_C2_L2,regimeC_v0_CLCD+NDVI
afforestation,SAIH_AFF_r54c28,stable_restoration,1.0156,0.00372,,GEDI_rh98_m(pending),0,Landsat_C2_L2,regimeC_v0_CLCD+NDVI
afforestation,SAIH_AFF_r54c29,stable_restoration,1.0249,0.00025,,GEDI_rh98_m(pending),0,Landsat_C2_L2,regimeC_v0_CLCD+NDVI
afforestation,SAIH_AFF_r54c30,stable_restoration,0.9045,0.00466,,GEDI_rh98_m(pending),0,Landsat_C2_L2,regimeC_v0_CLCD+NDVI
afforestation,SAIH_AFF_r54c31,stable_restoration,0.9865,0.00132,,GEDI_rh98_m(pending),0,Landsat_C2_L2,regimeC_v0_CLCD+NDVI
afforestation,SAIH_AFF_r54c32,stable_restoration,1.0226,0.00519,,GEDI_rh98_m(pending),0,Landsat_C2_L2,regimeC_v0_CLCD+NDVI
afforestation,SAIH_AFF_r54c33,stable_restoration,0.8572,0.00203,,GEDI_rh98_m(pending),0,Landsat_C2_L2,regimeC_v0_CLCD+NDVI
afforestation,SAIH_AFF_r54c34,stable_restoration,0.729,0.00259,,GEDI_rh98_m(pending),0,Landsat_C2_L2,regimeC_v0_CLCD+NDVI
afforestation,SAIH_AFF_r54c35,stable_restoration,0.7346,0.00376,,GEDI_rh98_m(pending),0,Landsat_C2_L2,regimeC_v0_CLCD+NDVI
afforestation,SAIH_AFF_r54c36,stable_restoration,0.6741,0.00614,,GEDI_rh98_m(pending),0,Landsat_C2_L2,regimeC_v0_CLCD+NDVI
afforestation,SAIH_AFF_r54c38,early_restoration,0.507,0.00591,,GEDI_rh98_m(pending),0,Landsat_C2_L2,regimeC_v0_CLCD+NDVI
afforestation,SAIH_AFF_r54c39,stable_restoration,0.9442,0.00185,,GEDI_rh98_m(pending),0,Landsat_C2_L2,regimeC_v0_CLCD+NDVI
afforestation,SAIH_AFF_r54c40,stable_restoration,1.0155,0.00155,,GEDI_rh98_m(pending),0,Landsat_C2_L2,regimeC_v0_CLCD+NDVI
afforestation,SAIH_AFF_r54c41,stable_restoration,1.034,0.00073,,GEDI_rh98_m(pending),0,Landsat_C2_L2,regimeC_v0_CLCD+NDVI
afforestation,SAIH_AFF_r54c42,stable_restoration,1.0237,0.00391,,GEDI_rh98_m(pending),0,Landsat_C2_L2,regimeC_v0_CLCD+NDVI
afforestation,SAIH_AFF_r54c43,stable_restoration,1.0272,0.00052,,GEDI_rh98_m(pending),0,Landsat_C2_L2,regimeC_v0_CLCD+NDVI
afforestation,SAIH_AFF_r54c44,stable_restoration,0.9665,0.00655,,GEDI_rh98_m(pending),0,Landsat_C2_L2,regimeC_v0_CLCD+NDVI
afforestation,SAIH_AFF_r54c45,early_restoration,0.6493,0.01422,,GEDI_rh98_m(pending),0,Landsat_C2_L2,regimeC_v0_CLCD+NDVI
afforestation,SAIH_AFF_r54c46,early_restoration,0.6248,0.00835,,GEDI_rh98_m(pending),0,Landsat_C2_L2,regimeC_v0_CLCD+NDVI
afforestation,SAIH_AFF_r54c47,early_restoration,0.5407,0.01405,,GEDI_rh98_m(pending),0,Landsat_C2_L2,regimeC_v0_CLCD+NDVI
afforestation,SAIH_AFF_r54c48,stable_restoration,0.8029,0.00972,,GEDI_rh98_m(pending),0,Landsat_C2_L2,regimeC_v0_CLCD+NDVI
afforestation,SAIH_AFF_r54c49,stable_restoration,0.6987,0.01736,,GEDI_rh98_m(pending),0,Landsat_C2_L2,regimeC_v0_CLCD+NDVI
afforestation,SAIH_AFF_r54c50,stable_restoration,0.7122,0.02171,,GEDI_rh98_m(pending),0,Landsat_C2_L2,regimeC_v0_CLCD+NDVI
afforestation,SAIH_AFF_r54c51,stable_restoration,0.8664,0.00402,,GEDI_rh98_m(pending),0,Landsat_C2_L2,regimeC_v0_CLCD+NDVI
afforestation,SAIH_AFF_r54c52,stable_restoration,0.8714,0.00403,,GEDI_rh98_m(pending),0,Landsat_C2_L2,regimeC_v0_CLCD+NDVI
afforestation,SAIH_AFF_r54c53,stable_restoration,0.8789,0.00412,,GEDI_rh98_m(pending),0,Landsat_C2_L2,regimeC_v0_CLCD+NDVI
afforestation,SAIH_AFF_r54c54,early_restoration,0.6443,0.00328,,GEDI_rh98_m(pending),0,Landsat_C2_L2,regimeC_v0_CLCD+NDVI
afforestation,SAIH_AFF_r54c55,early_restoration,0.6376,0.00654,,GEDI_rh98_m(pending),0,Landsat_C2_L2,regimeC_v0_CLCD+NDVI
afforestation,SAIH_AFF_r54c56,stable_restoration,0.7559,0.00754,,GEDI_rh98_m(pending),0,Landsat_C2_L2,regimeC_v0_CLCD+NDVI
afforestation,SAIH_AFF_r54c57,early_restoration,0.4933,0.00923,,GEDI_rh98_m(pending),0,Landsat_C2_L2,regimeC_v0_CLCD+NDVI
afforestation,SAIH_AFF_r54c58,early_restoration,0.4898,0.00274,,GEDI_rh98_m(pending),0,Landsat_C2_L2,regimeC_v0_CLCD+NDVI
afforestation,SAIH_AFF_r54c59,stable_restoration,0.7353,0.00692,,GEDI_rh98_m(pending),0,Landsat_C2_L2,regimeC_v0_CLCD+NDVI
afforestation,SAIH_AFF_r54c60,stable_restoration,0.7458,0.02152,,GEDI_rh98_m(pending),0,Landsat_C2_L2,regimeC_v0_CLCD+NDVI
afforestation,SAIH_AFF_r54c61,stable_restoration,0.9813,0.00822,,GEDI_rh98_m(pending),0,Landsat_C2_L2,regimeC_v0_CLCD+NDVI
afforestation,SAIH_AFF_r54c62,stable_restoration,0.717,0.01647,,GEDI_rh98_m(pending),0,Landsat_C2_L2,regimeC_v0_CLCD+NDVI
afforestation,SAIH_AFF_r54c63,degraded,0.2049,0.00328,,GEDI_rh98_m(pending),0,Landsat_C2_L2,regimeC_v0_CLCD+NDVI
afforestation,SAIH_AFF_r55c00,early_restoration,0.6135,0.00977,,GEDI_rh98_m(pending),0,Landsat_C2_L2,regimeC_v0_CLCD+NDVI
afforestation,SAIH_AFF_r55c01,stable_restoration,0.8612,0.00942,,GEDI_rh98_m(pending),0,Landsat_C2_L2,regimeC_v0_CLCD+NDVI
afforestation,SAIH_AFF_r55c02,degraded,0.285,0.00518,,GEDI_rh98_m(pending),0,Landsat_C2_L2,regimeC_v0_CLCD+NDVI
afforestation,SAIH_AFF_r55c14,degraded,0.2054,0.00525,,GEDI_rh98_m(pending),0,Landsat_C2_L2,regimeC_v0_CLCD+NDVI
afforestation,SAIH_AFF_r55c15,early_restoration,0.373,0.00438,,GEDI_rh98_m(pending),0,Landsat_C2_L2,regimeC_v0_CLCD+NDVI
afforestation,SAIH_AFF_r55c17,stable_restoration,0.777,0.01311,,GEDI_rh98_m(pending),0,Landsat_C2_L2,regimeC_v0_CLCD+NDVI
afforestation,SAIH_AFF_r55c18,stable_restoration,0.808,0.03722,,GEDI_rh98_m(pending),0,Landsat_C2_L2,regimeC_v0_CLCD+NDVI
afforestation,SAIH_AFF_r55c19,stable_restoration,0.986,0.04527,,GEDI_rh98_m(pending),0,Landsat_C2_L2,regimeC_v0_CLCD+NDVI
afforestation,SAIH_AFF_r55c20,stable_restoration,0.849,0.0134,,GEDI_rh98_m(pending),0,Landsat_C2_L2,regimeC_v0_CLCD+NDVI
afforestation,SAIH_AFF_r55c21,stable_restoration,0.8623,0.00756,,GEDI_rh98_m(pending),0,Landsat_C2_L2,regimeC_v0_CLCD+NDVI
afforestation,SAIH_AFF_r55c22,stable_restoration,1.0288,0.00179,,GEDI_rh98_m(pending),0,Landsat_C2_L2,regimeC_v0_CLCD+NDVI
afforestation,SAIH_AFF_r55c23,stable_restoration,0.9298,0.004,,GEDI_rh98_m(pending),0,Landsat_C2_L2,regimeC_v0_CLCD+NDVI
afforestation,SAIH_AFF_r55c24,stable_restoration,0.9328,0.00172,,GEDI_rh98_m(pending),0,Landsat_C2_L2,regimeC_v0_CLCD+NDVI
afforestation,SAIH_AFF_r55c25,stable_restoration,1.0363,0.00069,,GEDI_rh98_m(pending),0,Landsat_C2_L2,regimeC_v0_CLCD+NDVI
afforestation,SAIH_AFF_r55c26,stable_restoration,1.0317,0.00382,,GEDI_rh98_m(pending),0,Landsat_C2_L2,regimeC_v0_CLCD+NDVI
afforestation,SAIH_AFF_r55c27,stable_restoration,0.9544,0.0056,,GEDI_rh98_m(pending),0,Landsat_C2_L2,regimeC_v0_CLCD+NDVI
afforestation,SAIH_AFF_r55c28,stable_restoration,0.7467,0.00609,,GEDI_rh98_m(pending),0,Landsat_C2_L2,regimeC_v0_CLCD+NDVI
afforestation,SAIH_AFF_r55c29,stable_restoration,0.9796,0.00209,,GEDI_rh98_m(pending),0,Landsat_C2_L2,regimeC_v0_CLCD+NDVI
afforestation,SAIH_AFF_r55c30,stable_restoration,0.9309,0.00139,,GEDI_rh98_m(pending),0,Landsat_C2_L2,regimeC_v0_CLCD+NDVI
afforestation,SAIH_AFF_r55c31,stable_restoration,0.9813,0.00057,,GEDI_rh98_m(pending),0,Landsat_C2_L2,regimeC_v0_CLCD+NDVI
afforestation,SAIH_AFF_r55c32,stable_restoration,1.0099,0.00076,,GEDI_rh98_m(pending),0,Landsat_C2_L2,regimeC_v0_CLCD+NDVI
afforestation,SAIH_AFF_r55c33,stable_restoration,0.9962,0.00133,,GEDI_rh98_m(pending),0,Landsat_C2_L2,regimeC_v0_CLCD+NDVI
afforestation,SAIH_AFF_r55c34,stable_restoration,0.8309,0.00133,,GEDI_rh98_m(pending),0,Landsat_C2_L2,regimeC_v0_CLCD+NDVI
afforestation,SAIH_AFF_r55c35,stable_restoration,0.6701,0.00162,,GEDI_rh98_m(pending),0,Landsat_C2_L2,regimeC_v0_CLCD+NDVI
afforestation,SAIH_AFF_r55c36,stable_restoration,0.6953,0.00151,,GEDI_rh98_m(pending),0,Landsat_C2_L2,regimeC_v0_CLCD+NDVI
afforestation,SAIH_AFF_r55c37,early_restoration,0.3668,0.00426,,GEDI_rh98_m(pending),0,Landsat_C2_L2,regimeC_v0_CLCD+NDVI
afforestation,SAIH_AFF_r55c38,early_restoration,0.5127,0.00429,,GEDI_rh98_m(pending),0,Landsat_C2_L2,regimeC_v0_CLCD+NDVI
afforestation,SAIH_AFF_r55c39,stable_restoration,0.9018,0.00287,,GEDI_rh98_m(pending),0,Landsat_C2_L2,regimeC_v0_CLCD+NDVI
afforestation,SAIH_AFF_r55c40,stable_restoration,0.9225,0.00433,,GEDI_rh98_m(pending),0,Landsat_C2_L2,regimeC_v0_CLCD+NDVI
afforestation,SAIH_AFF_r55c41,stable_restoration,1.0288,0.00019,,GEDI_rh98_m(pending),0,Landsat_C2_L2,regimeC_v0_CLCD+NDVI
afforestation,SAIH_AFF_r55c42,stable_restoration,1.0334,0.00054,,GEDI_rh98_m(pending),0,Landsat_C2_L2,regimeC_v0_CLCD+NDVI
afforestation,SAIH_AFF_r55c43,stable_restoration,1.0317,0.00425,,GEDI_rh98_m(pending),0,Landsat_C2_L2,regimeC_v0_CLCD+NDVI
afforestation,SAIH_AFF_r55c44,stable_restoration,1.0208,0.00405,,GEDI_rh98_m(pending),0,Landsat_C2_L2,regimeC_v0_CLCD+NDVI
afforestation,SAIH_AFF_r55c45,stable_restoration,0.9908,0.00107,,GEDI_rh98_m(pending),0,Landsat_C2_L2,regimeC_v0_CLCD+NDVI
afforestation,SAIH_AFF_r55c46,stable_restoration,1.0054,0.00063,,GEDI_rh98_m(pending),0,Landsat_C2_L2,regimeC_v0_CLCD+NDVI
afforestation,SAIH_AFF_r55c47,stable_restoration,0.8034,0.00624,,GEDI_rh98_m(pending),0,Landsat_C2_L2,regimeC_v0_CLCD+NDVI
afforestation,SAIH_AFF_r55c48,early_restoration,0.5156,0.00751,,GEDI_rh98_m(pending),0,Landsat_C2_L2,regimeC_v0_CLCD+NDVI
afforestation,SAIH_AFF_r55c49,stable_restoration,0.8131,0.01692,,GEDI_rh98_m(pending),0,Landsat_C2_L2,regimeC_v0_CLCD+NDVI
afforestation,SAIH_AFF_r55c50,early_restoration,0.5288,0.01042,,GEDI_rh98_m(pending),0,Landsat_C2_L2,regimeC_v0_CLCD+NDVI
afforestation,SAIH_AFF_r55c51,stable_restoration,0.9116,0.0062,,GEDI_rh98_m(pending),0,Landsat_C2_L2,regimeC_v0_CLCD+NDVI
afforestation,SAIH_AFF_r55c52,stable_restoration,0.784,0.00487,,GEDI_rh98_m(pending),0,Landsat_C2_L2,regimeC_v0_CLCD+NDVI
afforestation,SAIH_AFF_r55c53,stable_restoration,0.8623,0.00502,,GEDI_rh98_m(pending),0,Landsat_C2_L2,regimeC_v0_CLCD+NDVI
afforestation,SAIH_AFF_r55c54,early_restoration,0.6398,0.00739,,GEDI_rh98_m(pending),0,Landsat_C2_L2,regimeC_v0_CLCD+NDVI
afforestation,SAIH_AFF_r55c55,early_restoration,0.4823,0.0036,,GEDI_rh98_m(pending),0,Landsat_C2_L2,regimeC_v0_CLCD+NDVI
afforestation,SAIH_AFF_r55c56,stable_restoration,0.7519,0.00414,,GEDI_rh98_m(pending),0,Landsat_C2_L2,regimeC_v0_CLCD+NDVI
afforestation,SAIH_AFF_r55c57,stable_restoration,0.689,0.00612,,GEDI_rh98_m(pending),0,Landsat_C2_L2,regimeC_v0_CLCD+NDVI
afforestation,SAIH_AFF_r55c58,early_restoration,0.381,0.00947,,GEDI_rh98_m(pending),0,Landsat_C2_L2,regimeC_v0_CLCD+NDVI
afforestation,SAIH_AFF_r55c59,early_restoration,0.4154,0.00933,,GEDI_rh98_m(pending),0,Landsat_C2_L2,regimeC_v0_CLCD+NDVI
afforestation,SAIH_AFF_r55c60,early_restoration,0.572,0.02375,,GEDI_rh98_m(pending),0,Landsat_C2_L2,regimeC_v0_CLCD+NDVI
afforestation,SAIH_AFF_r55c61,stable_restoration,0.9922,0.01949,,GEDI_rh98_m(pending),0,Landsat_C2_L2,regimeC_v0_CLCD+NDVI
afforestation,SAIH_AFF_r55c62,stable_restoration,1.0014,0.01303,,GEDI_rh98_m(pending),0,Landsat_C2_L2,regimeC_v0_CLCD+NDVI
afforestation,SAIH_AFF_r55c63,stable_restoration,0.9139,0.01579,,GEDI_rh98_m(pending),0,Landsat_C2_L2,regimeC_v0_CLCD+NDVI
afforestation,SAIH_AFF_r55c64,early_restoration,0.342,0.01116,,GEDI_rh98_m(pending),0,Landsat_C2_L2,regimeC_v0_CLCD+NDVI
afforestation,SAIH_AFF_r56c00,early_restoration,0.3847,0.002,,GEDI_rh98_m(pending),0,Landsat_C2_L2,regimeC_v0_CLCD+NDVI
afforestation,SAIH_AFF_r56c01,stable_restoration,0.7456,0.01528,,GEDI_rh98_m(pending),0,Landsat_C2_L2,regimeC_v0_CLCD+NDVI
afforestation,SAIH_AFF_r56c02,early_restoration,0.602,0.008,,GEDI_rh98_m(pending),0,Landsat_C2_L2,regimeC_v0_CLCD+NDVI
afforestation,SAIH_AFF_r56c10,degraded,0.1851,0.00641,,GEDI_rh98_m(pending),0,Landsat_C2_L2,regimeC_v0_CLCD+NDVI
afforestation,SAIH_AFF_r56c14,early_restoration,0.3685,0.0184,,GEDI_rh98_m(pending),0,Landsat_C2_L2,regimeC_v0_CLCD+NDVI
afforestation,SAIH_AFF_r56c15,stable_restoration,0.697,0.00121,,GEDI_rh98_m(pending),0,Landsat_C2_L2,regimeC_v0_CLCD+NDVI
afforestation,SAIH_AFF_r56c16,stable_restoration,0.8309,0.00189,,GEDI_rh98_m(pending),0,Landsat_C2_L2,regimeC_v0_CLCD+NDVI
afforestation,SAIH_AFF_r56c17,stable_restoration,0.9121,0.00092,,GEDI_rh98_m(pending),0,Landsat_C2_L2,regimeC_v0_CLCD+NDVI
afforestation,SAIH_AFF_r56c18,stable_restoration,0.9001,0.01458,,GEDI_rh98_m(pending),0,Landsat_C2_L2,regimeC_v0_CLCD+NDVI
afforestation,SAIH_AFF_r56c19,stable_restoration,0.9544,0.02726,,GEDI_rh98_m(pending),0,Landsat_C2_L2,regimeC_v0_CLCD+NDVI
afforestation,SAIH_AFF_r56c20,stable_restoration,0.8731,0.01242,,GEDI_rh98_m(pending),0,Landsat_C2_L2,regimeC_v0_CLCD+NDVI
afforestation,SAIH_AFF_r56c21,stable_restoration,1.0128,0.00291,,GEDI_rh98_m(pending),0,Landsat_C2_L2,regimeC_v0_CLCD+NDVI
afforestation,SAIH_AFF_r56c22,stable_restoration,0.9751,0.00386,,GEDI_rh98_m(pending),0,Landsat_C2_L2,regimeC_v0_CLCD+NDVI
afforestation,SAIH_AFF_r56c23,stable_restoration,0.7742,0.00364,,GEDI_rh98_m(pending),0,Landsat_C2_L2,regimeC_v0_CLCD+NDVI
afforestation,SAIH_AFF_r56c24,stable_restoration,0.9551,0.00657,,GEDI_rh98_m(pending),0,Landsat_C2_L2,regimeC_v0_CLCD+NDVI
afforestation,SAIH_AFF_r56c25,stable_restoration,1.0369,0.00153,,GEDI_rh98_m(pending),0,Landsat_C2_L2,regimeC_v0_CLCD+NDVI
afforestation,SAIH_AFF_r56c26,stable_restoration,0.9951,0.00539,,GEDI_rh98_m(pending),0,Landsat_C2_L2,regimeC_v0_CLCD+NDVI
afforestation,SAIH_AFF_r56c27,stable_restoration,0.9705,0.00517,,GEDI_rh98_m(pending),0,Landsat_C2_L2,regimeC_v0_CLCD+NDVI
afforestation,SAIH_AFF_r56c28,stable_restoration,0.7353,0.00848,,GEDI_rh98_m(pending),0,Landsat_C2_L2,regimeC_v0_CLCD+NDVI
afforestation,SAIH_AFF_r56c29,stable_restoration,0.7948,0.00671,,GEDI_rh98_m(pending),0,Landsat_C2_L2,regimeC_v0_CLCD+NDVI
afforestation,SAIH_AFF_r56c30,stable_restoration,0.9915,0.00115,,GEDI_rh98_m(pending),0,Landsat_C2_L2,regimeC_v0_CLCD+NDVI
afforestation,SAIH_AFF_r56c31,stable_restoration,0.7336,0.00233,,GEDI_rh98_m(pending),0,Landsat_C2_L2,regimeC_v0_CLCD+NDVI
afforestation,SAIH_AFF_r56c32,stable_restoration,0.9321,0.00092,,GEDI_rh98_m(pending),0,Landsat_C2_L2,regimeC_v0_CLCD+NDVI
afforestation,SAIH_AFF_r56c33,stable_restoration,0.9385,0.00216,,GEDI_rh98_m(pending),0,Landsat_C2_L2,regimeC_v0_CLCD+NDVI
afforestation,SAIH_AFF_r56c34,stable_restoration,0.7524,0.00473,,GEDI_rh98_m(pending),0,Landsat_C2_L2,regimeC_v0_CLCD+NDVI
afforestation,SAIH_AFF_r56c35,stable_restoration,0.7812,0.00146,,GEDI_rh98_m(pending),0,Landsat_C2_L2,regimeC_v0_CLCD+NDVI
afforestation,SAIH_AFF_r56c36,early_restoration,0.598,0.0039,,GEDI_rh98_m(pending),0,Landsat_C2_L2,regimeC_v0_CLCD+NDVI
afforestation,SAIH_AFF_r56c37,early_restoration,0.5791,0.01184,,GEDI_rh98_m(pending),0,Landsat_C2_L2,regimeC_v0_CLCD+NDVI
afforestation,SAIH_AFF_r56c38,early_restoration,0.3674,0.00513,,GEDI_rh98_m(pending),0,Landsat_C2_L2,regimeC_v0_CLCD+NDVI
afforestation,SAIH_AFF_r56c39,stable_restoration,0.7697,0.00784,,GEDI_rh98_m(pending),0,Landsat_C2_L2,regimeC_v0_CLCD+NDVI
afforestation,SAIH_AFF_r56c40,stable_restoration,0.9511,0.00329,,GEDI_rh98_m(pending),0,Landsat_C2_L2,regimeC_v0_CLCD+NDVI
afforestation,SAIH_AFF_r56c41,stable_restoration,0.9613,0.00156,,GEDI_rh98_m(pending),0,Landsat_C2_L2,regimeC_v0_CLCD+NDVI
afforestation,SAIH_AFF_r56c42,stable_restoration,0.9717,0.00144,,GEDI_rh98_m(pending),0,Landsat_C2_L2,regimeC_v0_CLCD+NDVI
afforestation,SAIH_AFF_r56c43,stable_restoration,1.002,0.00111,,GEDI_rh98_m(pending),0,Landsat_C2_L2,regimeC_v0_CLCD+NDVI
afforestation,SAIH_AFF_r56c44,stable_restoration,0.9813,0.00541,,GEDI_rh98_m(pending),0,Landsat_C2_L2,regimeC_v0_CLCD+NDVI
afforestation,SAIH_AFF_r56c45,early_restoration,0.623,0.00786,,GEDI_rh98_m(pending),0,Landsat_C2_L2,regimeC_v0_CLCD+NDVI
afforestation,SAIH_AFF_r56c46,stable_restoration,0.8664,0.00167,,GEDI_rh98_m(pending),0,Landsat_C2_L2,regimeC_v0_CLCD+NDVI
afforestation,SAIH_AFF_r56c47,stable_restoration,0.8211,0.00441,,GEDI_rh98_m(pending),0,Landsat_C2_L2,regimeC_v0_CLCD+NDVI
afforestation,SAIH_AFF_r56c48,early_restoration,0.5951,0.00684,,GEDI_rh98_m(pending),0,Landsat_C2_L2,regimeC_v0_CLCD+NDVI
afforestation,SAIH_AFF_r56c49,stable_restoration,0.7805,0.00889,,GEDI_rh98_m(pending),0,Landsat_C2_L2,regimeC_v0_CLCD+NDVI
afforestation,SAIH_AFF_r56c50,early_restoration,0.6,0.00987,,GEDI_rh98_m(pending),0,Landsat_C2_L2,regimeC_v0_CLCD+NDVI
afforestation,SAIH_AFF_r56c51,early_restoration,0.5539,0.01109,,GEDI_rh98_m(pending),0,Landsat_C2_L2,regimeC_v0_CLCD+NDVI
afforestation,SAIH_AFF_r56c52,stable_restoration,0.9064,0.00664,,GEDI_rh98_m(pending),0,Landsat_C2_L2,regimeC_v0_CLCD+NDVI
afforestation,SAIH_AFF_r56c53,early_restoration,0.5722,0.01185,,GEDI_rh98_m(pending),0,Landsat_C2_L2,regimeC_v0_CLCD+NDVI
afforestation,SAIH_AFF_r56c54,early_restoration,0.4526,0.00822,,GEDI_rh98_m(pending),0,Landsat_C2_L2,regimeC_v0_CLCD+NDVI
afforestation,SAIH_AFF_r56c55,stable_restoration,0.7027,0.01096,,GEDI_rh98_m(pending),0,Landsat_C2_L2,regimeC_v0_CLCD+NDVI
afforestation,SAIH_AFF_r56c56,stable_restoration,0.9046,0.00692,,GEDI_rh98_m(pending),0,Landsat_C2_L2,regimeC_v0_CLCD+NDVI
afforestation,SAIH_AFF_r56c57,stable_restoration,0.7616,0.00826,,GEDI_rh98_m(pending),0,Landsat_C2_L2,regimeC_v0_CLCD+NDVI
afforestation,SAIH_AFF_r56c58,early_restoration,0.4778,0.00658,,GEDI_rh98_m(pending),0,Landsat_C2_L2,regimeC_v0_CLCD+NDVI
afforestation,SAIH_AFF_r56c59,degraded,0.2026,0.00917,,GEDI_rh98_m(pending),0,Landsat_C2_L2,regimeC_v0_CLCD+NDVI
afforestation,SAIH_AFF_r56c60,stable_restoration,0.6942,0.01903,,GEDI_rh98_m(pending),0,Landsat_C2_L2,regimeC_v0_CLCD+NDVI
afforestation,SAIH_AFF_r56c61,stable_restoration,0.808,0.02303,,GEDI_rh98_m(pending),0,Landsat_C2_L2,regimeC_v0_CLCD+NDVI
afforestation,SAIH_AFF_r56c62,stable_restoration,0.7296,0.01925,,GEDI_rh98_m(pending),0,Landsat_C2_L2,regimeC_v0_CLCD+NDVI
afforestation,SAIH_AFF_r56c63,early_restoration,0.6077,0.01739,,GEDI_rh98_m(pending),0,Landsat_C2_L2,regimeC_v0_CLCD+NDVI
afforestation,SAIH_AFF_r56c64,early_restoration,0.5316,0.01465,,GEDI_rh98_m(pending),0,Landsat_C2_L2,regimeC_v0_CLCD+NDVI
afforestation,SAIH_AFF_r57c01,stable_restoration,0.7778,0.01611,,GEDI_rh98_m(pending),0,Landsat_C2_L2,regimeC_v0_CLCD+NDVI
afforestation,SAIH_AFF_r57c02,stable_restoration,0.7672,0.0097,,GEDI_rh98_m(pending),0,Landsat_C2_L2,regimeC_v0_CLCD+NDVI
afforestation,SAIH_AFF_r57c03,early_restoration,0.644,0.00863,,GEDI_rh98_m(pending),0,Landsat_C2_L2,regimeC_v0_CLCD+NDVI
afforestation,SAIH_AFF_r57c04,early_restoration,0.3582,0.00248,,GEDI_rh98_m(pending),0,Landsat_C2_L2,regimeC_v0_CLCD+NDVI
afforestation,SAIH_AFF_r57c13,degraded,0.2713,0.0132,,GEDI_rh98_m(pending),0,Landsat_C2_L2,regimeC_v0_CLCD+NDVI
afforestation,SAIH_AFF_r57c15,stable_restoration,0.9156,0.00157,,GEDI_rh98_m(pending),0,Landsat_C2_L2,regimeC_v0_CLCD+NDVI
afforestation,SAIH_AFF_r57c16,stable_restoration,0.8736,0.00268,,GEDI_rh98_m(pending),0,Landsat_C2_L2,regimeC_v0_CLCD+NDVI
afforestation,SAIH_AFF_r57c17,stable_restoration,0.7004,0.00373,,GEDI_rh98_m(pending),0,Landsat_C2_L2,regimeC_v0_CLCD+NDVI
afforestation,SAIH_AFF_r57c18,stable_restoration,1.0184,0.0088,,GEDI_rh98_m(pending),0,Landsat_C2_L2,regimeC_v0_CLCD+NDVI
afforestation,SAIH_AFF_r57c19,stable_restoration,0.9739,0.00894,,GEDI_rh98_m(pending),0,Landsat_C2_L2,regimeC_v0_CLCD+NDVI
afforestation,SAIH_AFF_r57c20,stable_restoration,0.9277,0.01343,,GEDI_rh98_m(pending),0,Landsat_C2_L2,regimeC_v0_CLCD+NDVI
afforestation,SAIH_AFF_r57c21,stable_restoration,0.9789,0.0074,,GEDI_rh98_m(pending),0,Landsat_C2_L2,regimeC_v0_CLCD+NDVI
afforestation,SAIH_AFF_r57c22,stable_restoration,0.9895,0.00581,,GEDI_rh98_m(pending),0,Landsat_C2_L2,regimeC_v0_CLCD+NDVI
afforestation,SAIH_AFF_r57c23,stable_restoration,0.6959,0.00386,,GEDI_rh98_m(pending),0,Landsat_C2_L2,regimeC_v0_CLCD+NDVI
afforestation,SAIH_AFF_r57c24,stable_restoration,0.9817,0.00137,,GEDI_rh98_m(pending),0,Landsat_C2_L2,regimeC_v0_CLCD+NDVI
afforestation,SAIH_AFF_r57c25,stable_restoration,1.0123,0.00301,,GEDI_rh98_m(pending),0,Landsat_C2_L2,regimeC_v0_CLCD+NDVI
afforestation,SAIH_AFF_r57c26,stable_restoration,1.0085,0.00613,,GEDI_rh98_m(pending),0,Landsat_C2_L2,regimeC_v0_CLCD+NDVI
afforestation,SAIH_AFF_r57c27,stable_restoration,0.9037,0.0047,,GEDI_rh98_m(pending),0,Landsat_C2_L2,regimeC_v0_CLCD+NDVI
afforestation,SAIH_AFF_r57c28,stable_restoration,0.8714,0.00362,,GEDI_rh98_m(pending),0,Landsat_C2_L2,regimeC_v0_CLCD+NDVI
afforestation,SAIH_AFF_r57c29,stable_restoration,0.8837,0.00358,,GEDI_rh98_m(pending),0,Landsat_C2_L2,regimeC_v0_CLCD+NDVI
afforestation,SAIH_AFF_r57c30,stable_restoration,0.6847,0.00223,,GEDI_rh98_m(pending),0,Landsat_C2_L2,regimeC_v0_CLCD+NDVI
afforestation,SAIH_AFF_r57c31,stable_restoration,0.667,0.00126,,GEDI_rh98_m(pending),0,Landsat_C2_L2,regimeC_v0_CLCD+NDVI
afforestation,SAIH_AFF_r57c32,stable_restoration,0.7004,0.00194,,GEDI_rh98_m(pending),0,Landsat_C2_L2,regimeC_v0_CLCD+NDVI
afforestation,SAIH_AFF_r57c33,stable_restoration,0.9277,0.00191,,GEDI_rh98_m(pending),0,Landsat_C2_L2,regimeC_v0_CLCD+NDVI
afforestation,SAIH_AFF_r57c34,early_restoration,0.6341,0.00399,,GEDI_rh98_m(pending),0,Landsat_C2_L2,regimeC_v0_CLCD+NDVI
afforestation,SAIH_AFF_r57c35,early_restoration,0.5853,0.0027,,GEDI_rh98_m(pending),0,Landsat_C2_L2,regimeC_v0_CLCD+NDVI
afforestation,SAIH_AFF_r57c36,early_restoration,0.5878,0.0055,,GEDI_rh98_m(pending),0,Landsat_C2_L2,regimeC_v0_CLCD+NDVI
afforestation,SAIH_AFF_r57c37,early_restoration,0.4424,0.00481,,GEDI_rh98_m(pending),0,Landsat_C2_L2,regimeC_v0_CLCD+NDVI
afforestation,SAIH_AFF_r57c39,early_restoration,0.4842,0.00571,,GEDI_rh98_m(pending),0,Landsat_C2_L2,regimeC_v0_CLCD+NDVI
afforestation,SAIH_AFF_r57c40,stable_restoration,0.9419,0.00382,,GEDI_rh98_m(pending),0,Landsat_C2_L2,regimeC_v0_CLCD+NDVI
afforestation,SAIH_AFF_r57c41,stable_restoration,0.9416,0.00113,,GEDI_rh98_m(pending),0,Landsat_C2_L2,regimeC_v0_CLCD+NDVI
afforestation,SAIH_AFF_r57c42,stable_restoration,0.8001,0.00166,,GEDI_rh98_m(pending),0,Landsat_C2_L2,regimeC_v0_CLCD+NDVI
afforestation,SAIH_AFF_r57c43,stable_restoration,0.9154,0.00099,,GEDI_rh98_m(pending),0,Landsat_C2_L2,regimeC_v0_CLCD+NDVI
afforestation,SAIH_AFF_r57c44,stable_restoration,0.8954,0.00465,,GEDI_rh98_m(pending),0,Landsat_C2_L2,regimeC_v0_CLCD+NDVI
afforestation,SAIH_AFF_r57c45,stable_restoration,0.7769,0.00461,,GEDI_rh98_m(pending),0,Landsat_C2_L2,regimeC_v0_CLCD+NDVI
afforestation,SAIH_AFF_r57c46,early_restoration,0.4552,0.00276,,GEDI_rh98_m(pending),0,Landsat_C2_L2,regimeC_v0_CLCD+NDVI
afforestation,SAIH_AFF_r57c47,stable_restoration,0.9566,0.00294,,GEDI_rh98_m(pending),0,Landsat_C2_L2,regimeC_v0_CLCD+NDVI
afforestation,SAIH_AFF_r57c48,stable_restoration,1.0118,0.00123,,GEDI_rh98_m(pending),0,Landsat_C2_L2,regimeC_v0_CLCD+NDVI
afforestation,SAIH_AFF_r57c49,stable_restoration,0.9845,0.0005,,GEDI_rh98_m(pending),0,Landsat_C2_L2,regimeC_v0_CLCD+NDVI
afforestation,SAIH_AFF_r57c50,stable_restoration,0.9222,0.0071,,GEDI_rh98_m(pending),0,Landsat_C2_L2,regimeC_v0_CLCD+NDVI
afforestation,SAIH_AFF_r57c51,degraded,0.2084,0.00652,,GEDI_rh98_m(pending),0,Landsat_C2_L2,regimeC_v0_CLCD+NDVI
afforestation,SAIH_AFF_r57c52,stable_restoration,0.6658,0.01719,,GEDI_rh98_m(pending),0,Landsat_C2_L2,regimeC_v0_CLCD+NDVI
afforestation,SAIH_AFF_r57c53,stable_restoration,0.8497,0.0176,,GEDI_rh98_m(pending),0,Landsat_C2_L2,regimeC_v0_CLCD+NDVI
afforestation,SAIH_AFF_r57c54,early_restoration,0.4953,0.01125,,GEDI_rh98_m(pending),0,Landsat_C2_L2,regimeC_v0_CLCD+NDVI
afforestation,SAIH_AFF_r57c55,stable_restoration,0.9932,0.01065,,GEDI_rh98_m(pending),0,Landsat_C2_L2,regimeC_v0_CLCD+NDVI
afforestation,SAIH_AFF_r57c56,stable_restoration,0.9138,0.01759,,GEDI_rh98_m(pending),0,Landsat_C2_L2,regimeC_v0_CLCD+NDVI
afforestation,SAIH_AFF_r57c57,stable_restoration,0.7388,0.01733,,GEDI_rh98_m(pending),0,Landsat_C2_L2,regimeC_v0_CLCD+NDVI
afforestation,SAIH_AFF_r57c58,early_restoration,0.6156,0.01171,,GEDI_rh98_m(pending),0,Landsat_C2_L2,regimeC_v0_CLCD+NDVI
afforestation,SAIH_AFF_r57c59,stable_restoration,0.7661,0.01848,,GEDI_rh98_m(pending),0,Landsat_C2_L2,regimeC_v0_CLCD+NDVI
afforestation,SAIH_AFF_r57c60,early_restoration,0.4035,0.01644,,GEDI_rh98_m(pending),0,Landsat_C2_L2,regimeC_v0_CLCD+NDVI
afforestation,SAIH_AFF_r57c61,early_restoration,0.3549,0.01394,,GEDI_rh98_m(pending),0,Landsat_C2_L2,regimeC_v0_CLCD+NDVI
afforestation,SAIH_AFF_r57c62,stable_restoration,0.7688,0.02195,,GEDI_rh98_m(pending),0,Landsat_C2_L2,regimeC_v0_CLCD+NDVI
afforestation,SAIH_AFF_r57c63,early_restoration,0.6273,0.01763,,GEDI_rh98_m(pending),0,Landsat_C2_L2,regimeC_v0_CLCD+NDVI
afforestation,SAIH_AFF_r57c64,stable_restoration,0.7792,0.02661,,GEDI_rh98_m(pending),0,Landsat_C2_L2,regimeC_v0_CLCD+NDVI
afforestation,SAIH_AFF_r58c00,stable_restoration,0.7772,0.01557,,GEDI_rh98_m(pending),0,Landsat_C2_L2,regimeC_v0_CLCD+NDVI
afforestation,SAIH_AFF_r58c01,stable_restoration,0.7164,0.01336,,GEDI_rh98_m(pending),0,Landsat_C2_L2,regimeC_v0_CLCD+NDVI
afforestation,SAIH_AFF_r58c02,stable_restoration,0.7181,0.01183,,GEDI_rh98_m(pending),0,Landsat_C2_L2,regimeC_v0_CLCD+NDVI
afforestation,SAIH_AFF_r58c03,early_restoration,0.3903,0.0036,,GEDI_rh98_m(pending),0,Landsat_C2_L2,regimeC_v0_CLCD+NDVI
afforestation,SAIH_AFF_r58c10,degraded,0.2372,0.01158,,GEDI_rh98_m(pending),0,Landsat_C2_L2,regimeC_v0_CLCD+NDVI
afforestation,SAIH_AFF_r58c14,degraded,0.3233,0.0001,,GEDI_rh98_m(pending),0,Landsat_C2_L2,regimeC_v0_CLCD+NDVI
afforestation,SAIH_AFF_r58c15,early_restoration,0.5961,0.00102,,GEDI_rh98_m(pending),0,Landsat_C2_L2,regimeC_v0_CLCD+NDVI
afforestation,SAIH_AFF_r58c16,stable_restoration,0.8206,0.00136,,GEDI_rh98_m(pending),0,Landsat_C2_L2,regimeC_v0_CLCD+NDVI
afforestation,SAIH_AFF_r58c17,stable_restoration,0.7954,0.00259,,GEDI_rh98_m(pending),0,Landsat_C2_L2,regimeC_v0_CLCD+NDVI
afforestation,SAIH_AFF_r58c18,stable_restoration,0.9471,0.00814,,GEDI_rh98_m(pending),0,Landsat_C2_L2,regimeC_v0_CLCD+NDVI
afforestation,SAIH_AFF_r58c19,stable_restoration,1.0237,0.00336,,GEDI_rh98_m(pending),0,Landsat_C2_L2,regimeC_v0_CLCD+NDVI
afforestation,SAIH_AFF_r58c20,stable_restoration,0.9903,0.01241,,GEDI_rh98_m(pending),0,Landsat_C2_L2,regimeC_v0_CLCD+NDVI
afforestation,SAIH_AFF_r58c21,stable_restoration,0.8726,0.02109,,GEDI_rh98_m(pending),0,Landsat_C2_L2,regimeC_v0_CLCD+NDVI
afforestation,SAIH_AFF_r58c22,stable_restoration,0.9196,0.01066,,GEDI_rh98_m(pending),0,Landsat_C2_L2,regimeC_v0_CLCD+NDVI
afforestation,SAIH_AFF_r58c23,early_restoration,0.6455,0.00805,,GEDI_rh98_m(pending),0,Landsat_C2_L2,regimeC_v0_CLCD+NDVI
afforestation,SAIH_AFF_r58c24,stable_restoration,0.9046,0.01143,,GEDI_rh98_m(pending),0,Landsat_C2_L2,regimeC_v0_CLCD+NDVI
afforestation,SAIH_AFF_r58c25,stable_restoration,1.006,0.01697,,GEDI_rh98_m(pending),0,Landsat_C2_L2,regimeC_v0_CLCD+NDVI
afforestation,SAIH_AFF_r58c26,stable_restoration,1.0334,0.00371,,GEDI_rh98_m(pending),0,Landsat_C2_L2,regimeC_v0_CLCD+NDVI
afforestation,SAIH_AFF_r58c27,stable_restoration,1.0197,0.00869,,GEDI_rh98_m(pending),0,Landsat_C2_L2,regimeC_v0_CLCD+NDVI
afforestation,SAIH_AFF_r58c28,stable_restoration,0.986,0.01528,,GEDI_rh98_m(pending),0,Landsat_C2_L2,regimeC_v0_CLCD+NDVI
afforestation,SAIH_AFF_r58c29,stable_restoration,0.812,0.00911,,GEDI_rh98_m(pending),0,Landsat_C2_L2,regimeC_v0_CLCD+NDVI
afforestation,SAIH_AFF_r58c30,stable_restoration,0.7694,0.00189,,GEDI_rh98_m(pending),0,Landsat_C2_L2,regimeC_v0_CLCD+NDVI
afforestation,SAIH_AFF_r58c31,stable_restoration,0.9911,0.00117,,GEDI_rh98_m(pending),0,Landsat_C2_L2,regimeC_v0_CLCD+NDVI
afforestation,SAIH_AFF_r58c32,stable_restoration,0.6649,0.00222,,GEDI_rh98_m(pending),0,Landsat_C2_L2,regimeC_v0_CLCD+NDVI
afforestation,SAIH_AFF_r58c33,early_restoration,0.3485,2e-05,,GEDI_rh98_m(pending),0,Landsat_C2_L2,regimeC_v0_CLCD+NDVI
afforestation,SAIH_AFF_r58c34,stable_restoration,0.7199,0.00086,,GEDI_rh98_m(pending),0,Landsat_C2_L2,regimeC_v0_CLCD+NDVI
afforestation,SAIH_AFF_r58c35,stable_restoration,0.7279,0.00403,,GEDI_rh98_m(pending),0,Landsat_C2_L2,regimeC_v0_CLCD+NDVI
afforestation,SAIH_AFF_r58c36,degraded,0.3267,0.00727,,GEDI_rh98_m(pending),0,Landsat_C2_L2,regimeC_v0_CLCD+NDVI
afforestation,SAIH_AFF_r58c37,degraded,0.25,0.00229,,GEDI_rh98_m(pending),0,Landsat_C2_L2,regimeC_v0_CLCD+NDVI
afforestation,SAIH_AFF_r58c39,degraded,0.277,0.00133,,GEDI_rh98_m(pending),0,Landsat_C2_L2,regimeC_v0_CLCD+NDVI
afforestation,SAIH_AFF_r58c40,stable_restoration,0.7744,0.00707,,GEDI_rh98_m(pending),0,Landsat_C2_L2,regimeC_v0_CLCD+NDVI
afforestation,SAIH_AFF_r58c41,stable_restoration,0.9235,0.00239,,GEDI_rh98_m(pending),0,Landsat_C2_L2,regimeC_v0_CLCD+NDVI
afforestation,SAIH_AFF_r58c42,stable_restoration,0.8526,0.00257,,GEDI_rh98_m(pending),0,Landsat_C2_L2,regimeC_v0_CLCD+NDVI
afforestation,SAIH_AFF_r58c43,stable_restoration,0.7404,0.00339,,GEDI_rh98_m(pending),0,Landsat_C2_L2,regimeC_v0_CLCD+NDVI
afforestation,SAIH_AFF_r58c44,stable_restoration,0.9751,0.00121,,GEDI_rh98_m(pending),0,Landsat_C2_L2,regimeC_v0_CLCD+NDVI
afforestation,SAIH_AFF_r58c45,stable_restoration,0.955,0.00155,,GEDI_rh98_m(pending),0,Landsat_C2_L2,regimeC_v0_CLCD+NDVI
afforestation,SAIH_AFF_r58c46,early_restoration,0.6351,0.00442,,GEDI_rh98_m(pending),0,Landsat_C2_L2,regimeC_v0_CLCD+NDVI
afforestation,SAIH_AFF_r58c47,stable_restoration,0.6787,0.00424,,GEDI_rh98_m(pending),0,Landsat_C2_L2,regimeC_v0_CLCD+NDVI
afforestation,SAIH_AFF_r58c48,stable_restoration,0.725,0.00499,,GEDI_rh98_m(pending),0,Landsat_C2_L2,regimeC_v0_CLCD+NDVI
afforestation,SAIH_AFF_r58c49,stable_restoration,0.8463,0.0023,,GEDI_rh98_m(pending),0,Landsat_C2_L2,regimeC_v0_CLCD+NDVI
afforestation,SAIH_AFF_r58c50,stable_restoration,0.9062,0.00564,,GEDI_rh98_m(pending),0,Landsat_C2_L2,regimeC_v0_CLCD+NDVI
afforestation,SAIH_AFF_r58c51,stable_restoration,0.8566,0.01385,,GEDI_rh98_m(pending),0,Landsat_C2_L2,regimeC_v0_CLCD+NDVI
afforestation,SAIH_AFF_r58c52,degraded,0.2838,0.00563,,GEDI_rh98_m(pending),0,Landsat_C2_L2,regimeC_v0_CLCD+NDVI
afforestation,SAIH_AFF_r58c53,degraded,0.2541,0.00931,,GEDI_rh98_m(pending),0,Landsat_C2_L2,regimeC_v0_CLCD+NDVI
afforestation,SAIH_AFF_r58c54,early_restoration,0.6048,0.01398,,GEDI_rh98_m(pending),0,Landsat_C2_L2,regimeC_v0_CLCD+NDVI
afforestation,SAIH_AFF_r58c55,early_restoration,0.5871,0.01827,,GEDI_rh98_m(pending),0,Landsat_C2_L2,regimeC_v0_CLCD+NDVI
afforestation,SAIH_AFF_r58c56,stable_restoration,0.8652,0.01519,,GEDI_rh98_m(pending),0,Landsat_C2_L2,regimeC_v0_CLCD+NDVI
afforestation,SAIH_AFF_r58c57,early_restoration,0.6317,0.01953,,GEDI_rh98_m(pending),0,Landsat_C2_L2,regimeC_v0_CLCD+NDVI
afforestation,SAIH_AFF_r58c58,stable_restoration,0.8154,0.00904,,GEDI_rh98_m(pending),0,Landsat_C2_L2,regimeC_v0_CLCD+NDVI
afforestation,SAIH_AFF_r58c59,early_restoration,0.6546,0.0134,,GEDI_rh98_m(pending),0,Landsat_C2_L2,regimeC_v0_CLCD+NDVI
afforestation,SAIH_AFF_r58c60,stable_restoration,0.6796,0.01291,,GEDI_rh98_m(pending),0,Landsat_C2_L2,regimeC_v0_CLCD+NDVI
afforestation,SAIH_AFF_r58c61,degraded,0.2884,0.00978,,GEDI_rh98_m(pending),0,Landsat_C2_L2,regimeC_v0_CLCD+NDVI
afforestation,SAIH_AFF_r58c62,stable_restoration,0.7301,0.01699,,GEDI_rh98_m(pending),0,Landsat_C2_L2,regimeC_v0_CLCD+NDVI
afforestation,SAIH_AFF_r58c63,stable_restoration,0.784,0.02346,,GEDI_rh98_m(pending),0,Landsat_C2_L2,regimeC_v0_CLCD+NDVI
afforestation,SAIH_AFF_r58c64,early_restoration,0.3886,0.01466,,GEDI_rh98_m(pending),0,Landsat_C2_L2,regimeC_v0_CLCD+NDVI
