unit_id,row,col,lon_ctr,lat_ctr,clcd_ff_1985,clcd_ff_2000,clcd_ff_2010,clcd_ff_2025,clcd_ff_base,clcd_ff_final,clcd_forest_gain,clcd_slope_per_yr,clcd_establish_year,clcd_onset_year,clcd_pre1985_forest,clcd_transition,clcd_source,label_role
SAIH_AFF_r00c35,0,35,117.294502,42.595481,0.0447,0.2437,0.2989,0.3679,0.0559,0.3674,0.3114,0.00992,0,2013,0,partial_forest,CLCD_v01_Yang_Huang_zenodo.18180184,RS_derived
SAIH_AFF_r00c36,0,36,117.306553,42.595481,0.0403,0.2723,0.3641,0.5032,0.0806,0.5013,0.4207,0.01356,2022,2003,0,afforested,CLCD_v01_Yang_Huang_zenodo.18180184,RS_derived
SAIH_AFF_r00c37,0,37,117.318604,42.595481,0.1649,0.4447,0.6837,0.8571,0.2033,0.8428,0.6395,0.02167,2003,1998,0,afforested,CLCD_v01_Yang_Huang_zenodo.18180184,RS_derived
SAIH_AFF_r00c38,0,38,117.330655,42.595481,0.5977,0.6917,0.7352,0.7626,0.6033,0.7574,0.1541,0.00562,1985,1985,1,stable_forest,CLCD_v01_Yang_Huang_zenodo.18180184,RS_derived
SAIH_AFF_r00c39,0,39,117.342705,42.595481,0.7621,0.7809,0.8104,0.913,0.7621,0.8999,0.1378,0.00416,1985,1985,1,stable_forest,CLCD_v01_Yang_Huang_zenodo.18180184,RS_derived
SAIH_AFF_r00c40,0,40,117.354756,42.595481,0.5705,0.7874,0.9005,0.9532,0.6112,0.9411,0.3298,0.01079,1985,1985,1,stable_forest,CLCD_v01_Yang_Huang_zenodo.18180184,RS_derived
SAIH_AFF_r00c41,0,41,117.366807,42.595481,0.5435,0.6165,0.7137,0.8448,0.5611,0.8112,0.2501,0.00821,1985,1985,1,stable_forest,CLCD_v01_Yang_Huang_zenodo.18180184,RS_derived
SAIH_AFF_r00c42,0,42,117.378858,42.595481,0.8727,0.9092,0.9151,0.9533,0.8858,0.933,0.0472,0.00143,1985,1985,1,stable_forest,CLCD_v01_Yang_Huang_zenodo.18180184,RS_derived
SAIH_AFF_r00c43,0,43,117.390908,42.595481,0.8018,0.8824,0.9372,0.9694,0.8222,0.9592,0.1369,0.00457,1985,1985,1,stable_forest,CLCD_v01_Yang_Huang_zenodo.18180184,RS_derived
SAIH_AFF_r00c44,0,44,117.402959,42.595481,0.7132,0.8276,0.8974,0.9946,0.7749,0.9561,0.1812,0.00612,1985,1985,1,stable_forest,CLCD_v01_Yang_Huang_zenodo.18180184,RS_derived
SAIH_AFF_r00c45,0,45,117.41501,42.595481,0.1121,0.4642,0.6226,0.7184,0.1731,0.6818,0.5087,0.01637,2003,1998,0,afforested,CLCD_v01_Yang_Huang_zenodo.18180184,RS_derived
SAIH_AFF_r00c46,0,46,117.427061,42.595481,0.0016,0.0048,0.0682,0.4919,0.0016,0.2888,0.2872,0.00827,0,2023,0,non_forest,CLCD_v01_Yang_Huang_zenodo.18180184,RS_derived
SAIH_AFF_r00c47,0,47,117.439112,42.595481,0.0,0.0,0.7229,0.9613,0.0,0.9238,0.9238,0.03461,2008,2007,0,afforested,CLCD_v01_Yang_Huang_zenodo.18180184,RS_derived
SAIH_AFF_r00c48,0,48,117.451162,42.595481,0.0064,0.1214,0.7487,0.928,0.0078,0.895,0.8872,0.03277,2008,2006,0,afforested,CLCD_v01_Yang_Huang_zenodo.18180184,RS_derived
SAIH_AFF_r00c49,0,49,117.463213,42.595481,0.2309,0.4699,0.7562,0.9221,0.2829,0.9117,0.6288,0.02218,2003,1995,0,afforested,CLCD_v01_Yang_Huang_zenodo.18180184,RS_derived
SAIH_AFF_r00c50,0,50,117.475264,42.595481,0.5626,0.7379,0.8374,0.8995,0.6409,0.8903,0.2494,0.00895,1985,1985,1,stable_forest,CLCD_v01_Yang_Huang_zenodo.18180184,RS_derived
SAIH_AFF_r00c51,0,51,117.487315,42.595481,0.1987,0.4141,0.7556,0.8561,0.2543,0.8308,0.5765,0.02034,2004,1998,0,afforested,CLCD_v01_Yang_Huang_zenodo.18180184,RS_derived
SAIH_AFF_r00c52,0,52,117.499365,42.595481,0.2991,0.6665,0.8969,0.9495,0.3901,0.9484,0.5582,0.01895,1998,1990,0,partial_forest,CLCD_v01_Yang_Huang_zenodo.18180184,RS_derived
SAIH_AFF_r00c53,0,53,117.511416,42.595481,0.1858,0.2669,0.3598,0.5236,0.1946,0.4973,0.3027,0.01026,2023,2006,0,partial_forest,CLCD_v01_Yang_Huang_zenodo.18180184,RS_derived
SAIH_AFF_r00c54,0,54,117.523467,42.595481,0.0988,0.4791,0.558,0.8808,0.1128,0.8707,0.758,0.02417,2004,1998,0,afforested,CLCD_v01_Yang_Huang_zenodo.18180184,RS_derived
SAIH_AFF_r00c55,0,55,117.535518,42.595481,0.6989,0.8258,0.8674,0.98,0.772,0.9591,0.1871,0.00632,1985,1985,1,stable_forest,CLCD_v01_Yang_Huang_zenodo.18180184,RS_derived
SAIH_AFF_r00c56,0,56,117.547568,42.595481,0.652,0.884,0.9361,0.9742,0.7745,0.9733,0.1988,0.00693,1985,1985,1,stable_forest,CLCD_v01_Yang_Huang_zenodo.18180184,RS_derived
SAIH_AFF_r00c61,0,61,117.607822,42.595481,0.0,0.0,0.0,0.544,0.0,0.4609,0.4609,0.01238,2024,2018,0,partial_forest,CLCD_v01_Yang_Huang_zenodo.18180184,RS_derived
SAIH_AFF_r00c62,0,62,117.619873,42.595481,0.0,0.0,0.0,0.3657,0.0,0.1726,0.1726,0.0043,0,2025,0,non_forest,CLCD_v01_Yang_Huang_zenodo.18180184,RS_derived
SAIH_AFF_r00c63,0,63,117.631924,42.595481,0.0,0.0,0.0,0.2084,0.0,0.1281,0.1281,0.00312,0,0,0,non_forest,CLCD_v01_Yang_Huang_zenodo.18180184,RS_derived
SAIH_AFF_r00c64,0,64,117.643975,42.595481,0.0,0.0,0.0,0.4053,0.0,0.1975,0.1975,0.00473,0,2024,0,non_forest,CLCD_v01_Yang_Huang_zenodo.18180184,RS_derived
SAIH_AFF_r01c18,1,18,117.089639,42.586442,0.3447,0.374,0.4275,0.5041,0.3488,0.499,0.1502,0.00473,2022,1985,0,partial_forest,CLCD_v01_Yang_Huang_zenodo.18180184,RS_derived
SAIH_AFF_r01c34,1,34,117.282452,42.586442,0.0524,0.0579,0.0761,0.1837,0.0524,0.1697,0.1173,0.00357,0,0,0,non_forest,CLCD_v01_Yang_Huang_zenodo.18180184,RS_derived
SAIH_AFF_r01c35,1,35,117.294502,42.586442,0.0551,0.2022,0.3697,0.6314,0.0561,0.6089,0.5529,0.01814,2015,2005,0,afforested,CLCD_v01_Yang_Huang_zenodo.18180184,RS_derived
SAIH_AFF_r01c36,1,36,117.306553,42.586442,0.0563,0.31,0.4672,0.6685,0.0563,0.6546,0.5984,0.01954,2015,1999,0,afforested,CLCD_v01_Yang_Huang_zenodo.18180184,RS_derived
SAIH_AFF_r01c37,1,37,117.318604,42.586442,0.3381,0.4909,0.5295,0.7292,0.3449,0.706,0.3611,0.01067,2003,1985,0,partial_forest,CLCD_v01_Yang_Huang_zenodo.18180184,RS_derived
SAIH_AFF_r01c38,1,38,117.330655,42.586442,0.3889,0.4093,0.4468,0.6288,0.3919,0.6204,0.2286,0.00739,2015,1985,0,partial_forest,CLCD_v01_Yang_Huang_zenodo.18180184,RS_derived
SAIH_AFF_r01c39,1,39,117.342705,42.586442,0.2063,0.2427,0.3023,0.4346,0.2077,0.4285,0.2208,0.00729,0,2010,0,partial_forest,CLCD_v01_Yang_Huang_zenodo.18180184,RS_derived
SAIH_AFF_r01c40,1,40,117.354756,42.586442,0.3811,0.6638,0.7405,0.7714,0.4639,0.7628,0.2989,0.00925,1994,1985,0,partial_forest,CLCD_v01_Yang_Huang_zenodo.18180184,RS_derived
SAIH_AFF_r01c41,1,41,117.366807,42.586442,0.84,0.8924,0.9134,0.9912,0.8527,0.9753,0.1226,0.00372,1985,1985,1,stable_forest,CLCD_v01_Yang_Huang_zenodo.18180184,RS_derived
SAIH_AFF_r01c42,1,42,117.378858,42.586442,0.9823,0.9978,1.0,1.0,0.9852,1.0,0.0148,0.00044,1985,1985,1,stable_forest,CLCD_v01_Yang_Huang_zenodo.18180184,RS_derived
SAIH_AFF_r01c43,1,43,117.390908,42.586442,0.6944,0.8103,0.9404,0.9901,0.7222,0.9837,0.2616,0.0091,1985,1985,1,stable_forest,CLCD_v01_Yang_Huang_zenodo.18180184,RS_derived
SAIH_AFF_r01c44,1,44,117.402959,42.586442,0.8621,0.9051,0.9542,0.995,0.8761,0.9858,0.1097,0.00386,1985,1985,1,stable_forest,CLCD_v01_Yang_Huang_zenodo.18180184,RS_derived
SAIH_AFF_r01c45,1,45,117.41501,42.586442,0.1832,0.6573,0.8519,0.9114,0.2178,0.9192,0.7014,0.02251,1998,1996,0,afforested,CLCD_v01_Yang_Huang_zenodo.18180184,RS_derived
SAIH_AFF_r01c46,1,46,117.427061,42.586442,0.0177,0.1539,0.2736,0.5212,0.0177,0.4395,0.4219,0.01381,2025,2015,0,partial_forest,CLCD_v01_Yang_Huang_zenodo.18180184,RS_derived
SAIH_AFF_r01c47,1,47,117.439112,42.586442,0.0,0.0,0.524,0.8522,0.0,0.8014,0.8014,0.02837,2008,2006,0,afforested,CLCD_v01_Yang_Huang_zenodo.18180184,RS_derived
SAIH_AFF_r01c48,1,48,117.451162,42.586442,0.198,0.2824,0.4479,0.888,0.2492,0.8581,0.6089,0.02015,2014,2003,0,afforested,CLCD_v01_Yang_Huang_zenodo.18180184,RS_derived
SAIH_AFF_r01c49,1,49,117.463213,42.586442,0.6078,0.7143,0.8423,0.9807,0.6639,0.978,0.3141,0.01097,1985,1985,1,stable_forest,CLCD_v01_Yang_Huang_zenodo.18180184,RS_derived
SAIH_AFF_r01c50,1,50,117.475264,42.586442,0.5378,0.8238,0.9281,0.9822,0.6933,0.9609,0.2676,0.00922,1985,1985,1,stable_forest,CLCD_v01_Yang_Huang_zenodo.18180184,RS_derived
SAIH_AFF_r01c51,1,51,117.487315,42.586442,0.6327,0.8031,0.8704,0.872,0.7464,0.9158,0.1694,0.00613,1985,1985,1,stable_forest,CLCD_v01_Yang_Huang_zenodo.18180184,RS_derived
SAIH_AFF_r01c52,1,52,117.499365,42.586442,0.7375,0.8654,0.9151,0.9377,0.8274,0.9566,0.1292,0.0046,1985,1985,1,stable_forest,CLCD_v01_Yang_Huang_zenodo.18180184,RS_derived
SAIH_AFF_r01c53,1,53,117.511416,42.586442,0.4749,0.6156,0.7143,0.7496,0.5305,0.7431,0.2126,0.00737,1990,1985,0,stable_forest,CLCD_v01_Yang_Huang_zenodo.18180184,RS_derived
SAIH_AFF_r01c54,1,54,117.523467,42.586442,0.2945,0.4926,0.5571,0.7678,0.3545,0.6926,0.3381,0.0105,2003,1990,0,partial_forest,CLCD_v01_Yang_Huang_zenodo.18180184,RS_derived
SAIH_AFF_r01c56,1,56,117.547568,42.586442,0.7286,0.8312,0.8505,0.8279,0.7699,0.769,-0.0009,0.00061,1985,1985,1,stable_forest,CLCD_v01_Yang_Huang_zenodo.18180184,RS_derived
SAIH_AFF_r01c57,1,57,117.559619,42.586442,0.2598,0.3607,0.3867,0.4247,0.3164,0.4216,0.1052,0.00361,0,1990,0,partial_forest,CLCD_v01_Yang_Huang_zenodo.18180184,RS_derived
SAIH_AFF_r02c19,2,19,117.10169,42.577403,0.2813,0.2835,0.3138,0.3867,0.2813,0.3764,0.0951,0.00302,0,2008,0,partial_forest,CLCD_v01_Yang_Huang_zenodo.18180184,RS_derived
SAIH_AFF_r02c34,2,34,117.282452,42.577403,0.0734,0.0883,0.1054,0.2703,0.0805,0.213,0.1325,0.00367,0,0,0,non_forest,CLCD_v01_Yang_Huang_zenodo.18180184,RS_derived
SAIH_AFF_r02c35,2,35,117.294502,42.577403,0.0459,0.0714,0.1103,0.2065,0.0497,0.1919,0.1422,0.00451,0,0,0,non_forest,CLCD_v01_Yang_Huang_zenodo.18180184,RS_derived
SAIH_AFF_r02c36,2,36,117.306553,42.577403,0.0221,0.043,0.107,0.1875,0.0225,0.1783,0.1558,0.00516,0,0,0,non_forest,CLCD_v01_Yang_Huang_zenodo.18180184,RS_derived
SAIH_AFF_r02c37,2,37,117.318604,42.577403,0.0232,0.0574,0.1092,0.294,0.0236,0.2565,0.2328,0.0071,0,0,0,non_forest,CLCD_v01_Yang_Huang_zenodo.18180184,RS_derived
SAIH_AFF_r02c38,2,38,117.330655,42.577403,0.1395,0.3464,0.4986,0.6746,0.141,0.637,0.496,0.01583,2011,1998,0,afforested,CLCD_v01_Yang_Huang_zenodo.18180184,RS_derived
SAIH_AFF_r02c39,2,39,117.342705,42.577403,0.4584,0.6669,0.7479,0.8516,0.511,0.8313,0.3203,0.00977,1990,1985,0,stable_forest,CLCD_v01_Yang_Huang_zenodo.18180184,RS_derived
SAIH_AFF_r02c40,2,40,117.354756,42.577403,0.2503,0.3859,0.4935,0.5173,0.2628,0.5084,0.2456,0.00786,2016,1996,0,afforested,CLCD_v01_Yang_Huang_zenodo.18180184,RS_derived
SAIH_AFF_r02c41,2,41,117.366807,42.577403,0.4357,0.5742,0.6751,0.8064,0.4385,0.7825,0.344,0.01134,1998,1985,0,partial_forest,CLCD_v01_Yang_Huang_zenodo.18180184,RS_derived
SAIH_AFF_r02c42,2,42,117.378858,42.577403,0.6437,0.8257,0.963,1.0,0.6475,1.0,0.3525,0.01163,1985,1985,1,stable_forest,CLCD_v01_Yang_Huang_zenodo.18180184,RS_derived
SAIH_AFF_r02c43,2,43,117.390908,42.577403,0.8014,0.9288,0.9823,1.0,0.8081,0.9937,0.1855,0.00596,1985,1985,1,stable_forest,CLCD_v01_Yang_Huang_zenodo.18180184,RS_derived
SAIH_AFF_r02c44,2,44,117.402959,42.577403,0.7038,0.9101,0.9801,0.9928,0.7162,0.9891,0.2729,0.00887,1985,1985,1,stable_forest,CLCD_v01_Yang_Huang_zenodo.18180184,RS_derived
SAIH_AFF_r02c45,2,45,117.41501,42.577403,0.3881,0.7032,0.9508,0.9995,0.4087,0.9957,0.5869,0.01963,1998,1985,0,partial_forest,CLCD_v01_Yang_Huang_zenodo.18180184,RS_derived
SAIH_AFF_r02c46,2,46,117.427061,42.577403,0.0039,0.2234,0.4512,0.6999,0.0062,0.6338,0.6276,0.02108,2015,2005,0,afforested,CLCD_v01_Yang_Huang_zenodo.18180184,RS_derived
SAIH_AFF_r02c47,2,47,117.439112,42.577403,0.0199,0.0998,0.1219,0.3971,0.0767,0.3203,0.2436,0.00725,0,2023,0,partial_forest,CLCD_v01_Yang_Huang_zenodo.18180184,RS_derived
SAIH_AFF_r02c48,2,48,117.451162,42.577403,0.3999,0.7943,0.8753,0.9355,0.552,0.8868,0.3349,0.01096,1990,1985,0,stable_forest,CLCD_v01_Yang_Huang_zenodo.18180184,RS_derived
SAIH_AFF_r02c49,2,49,117.463213,42.577403,0.5863,0.8345,0.8958,0.8902,0.7456,0.8481,0.1026,0.00431,1985,1985,1,stable_forest,CLCD_v01_Yang_Huang_zenodo.18180184,RS_derived
SAIH_AFF_r02c50,2,50,117.475264,42.577403,0.4973,0.8378,0.9016,0.8827,0.6901,0.8918,0.2017,0.00705,1990,1985,0,stable_forest,CLCD_v01_Yang_Huang_zenodo.18180184,RS_derived
SAIH_AFF_r02c51,2,51,117.487315,42.577403,0.7667,0.9134,0.9393,0.9437,0.872,0.9399,0.0678,0.00252,1985,1985,1,stable_forest,CLCD_v01_Yang_Huang_zenodo.18180184,RS_derived
SAIH_AFF_r02c52,2,52,117.499365,42.577403,0.4275,0.5852,0.6393,0.7424,0.5438,0.7403,0.1965,0.00687,1990,1985,0,stable_forest,CLCD_v01_Yang_Huang_zenodo.18180184,RS_derived
SAIH_AFF_r02c53,2,53,117.511416,42.577403,0.4142,0.4473,0.4931,0.8125,0.4264,0.806,0.3796,0.01302,2011,1985,0,partial_forest,CLCD_v01_Yang_Huang_zenodo.18180184,RS_derived
SAIH_AFF_r02c54,2,54,117.523467,42.577403,0.2041,0.2322,0.2372,0.2747,0.2135,0.2666,0.0531,0.0018,0,0,0,non_forest,CLCD_v01_Yang_Huang_zenodo.18180184,RS_derived
SAIH_AFF_r02c55,2,55,117.535518,42.577403,0.3773,0.4254,0.4384,0.5043,0.3961,0.4995,0.1033,0.00358,2017,1985,0,partial_forest,CLCD_v01_Yang_Huang_zenodo.18180184,RS_derived
SAIH_AFF_r02c56,2,56,117.547568,42.577403,0.4264,0.4573,0.4573,0.5394,0.4348,0.5261,0.0913,0.00276,2017,1985,0,partial_forest,CLCD_v01_Yang_Huang_zenodo.18180184,RS_derived
SAIH_AFF_r02c57,2,57,117.559619,42.577403,0.8158,0.8671,0.8803,0.8158,0.8431,0.7589,-0.0842,-0.00095,1985,1985,1,stable_forest,CLCD_v01_Yang_Huang_zenodo.18180184,RS_derived
SAIH_AFF_r02c58,2,58,117.57167,42.577403,0.5146,0.5632,0.5714,0.5052,0.5374,0.4493,-0.0881,-0.00122,1985,1985,1,partial_forest,CLCD_v01_Yang_Huang_zenodo.18180184,RS_derived
SAIH_AFF_r02c63,2,63,117.631924,42.577403,0.005,0.0805,0.4291,0.6387,0.005,0.6293,0.6243,0.0224,2013,2004,0,afforested,CLCD_v01_Yang_Huang_zenodo.18180184,RS_derived
SAIH_AFF_r02c64,2,64,117.643975,42.577403,0.0005,0.0005,0.0892,0.2881,0.0005,0.2793,0.2787,0.00959,0,0,0,non_forest,CLCD_v01_Yang_Huang_zenodo.18180184,RS_derived
SAIH_AFF_r03c20,3,20,117.113741,42.568364,0.1924,0.1935,0.1995,0.2411,0.1924,0.2364,0.044,0.00131,0,0,0,non_forest,CLCD_v01_Yang_Huang_zenodo.18180184,RS_derived
SAIH_AFF_r03c35,3,35,117.294502,42.568364,0.1843,0.187,0.2011,0.2541,0.1853,0.2481,0.0629,0.00198,0,0,0,non_forest,CLCD_v01_Yang_Huang_zenodo.18180184,RS_derived
SAIH_AFF_r03c36,3,36,117.306553,42.568364,0.0496,0.0728,0.1953,0.2769,0.0546,0.2598,0.2052,0.00707,0,0,0,non_forest,CLCD_v01_Yang_Huang_zenodo.18180184,RS_derived
SAIH_AFF_r03c37,3,37,117.318604,42.568364,0.0347,0.0706,0.182,0.2438,0.0376,0.2083,0.1707,0.00601,0,0,0,non_forest,CLCD_v01_Yang_Huang_zenodo.18180184,RS_derived
SAIH_AFF_r03c38,3,38,117.330655,42.568364,0.0634,0.1787,0.4142,0.5896,0.0712,0.5254,0.4542,0.01535,2023,2004,0,afforested,CLCD_v01_Yang_Huang_zenodo.18180184,RS_derived
SAIH_AFF_r03c39,3,39,117.342705,42.568364,0.1859,0.4865,0.6779,0.7965,0.1961,0.7763,0.5802,0.01845,2002,1997,0,afforested,CLCD_v01_Yang_Huang_zenodo.18180184,RS_derived
SAIH_AFF_r03c40,3,40,117.354756,42.568364,0.4714,0.6319,0.7076,0.8686,0.4956,0.7891,0.2935,0.00889,1993,1985,0,partial_forest,CLCD_v01_Yang_Huang_zenodo.18180184,RS_derived
SAIH_AFF_r03c41,3,41,117.366807,42.568364,0.6233,0.738,0.8252,0.8842,0.6281,0.8781,0.25,0.00818,1985,1985,1,stable_forest,CLCD_v01_Yang_Huang_zenodo.18180184,RS_derived
SAIH_AFF_r03c42,3,42,117.378858,42.568364,0.1897,0.503,0.9228,0.9972,0.1998,0.9953,0.7955,0.02774,2000,1998,0,afforested,CLCD_v01_Yang_Huang_zenodo.18180184,RS_derived
SAIH_AFF_r03c43,3,43,117.390908,42.568364,0.3354,0.9266,0.9956,1.0,0.3385,0.9986,0.6601,0.0202,1998,1985,0,partial_forest,CLCD_v01_Yang_Huang_zenodo.18180184,RS_derived
SAIH_AFF_r03c44,3,44,117.402959,42.568364,0.3067,0.6453,0.9426,0.9983,0.3381,0.9972,0.6591,0.02222,1998,1985,0,partial_forest,CLCD_v01_Yang_Huang_zenodo.18180184,RS_derived
SAIH_AFF_r03c45,3,45,117.41501,42.568364,0.1303,0.5141,0.7551,0.8935,0.1392,0.8647,0.7255,0.02297,2000,1998,0,afforested,CLCD_v01_Yang_Huang_zenodo.18180184,RS_derived
SAIH_AFF_r03c46,3,46,117.427061,42.568364,0.043,0.3293,0.4892,0.6029,0.0706,0.5534,0.4828,0.01563,2015,1999,0,afforested,CLCD_v01_Yang_Huang_zenodo.18180184,RS_derived
SAIH_AFF_r03c47,3,47,117.439112,42.568364,0.1478,0.3425,0.3756,0.4462,0.2534,0.4187,0.1653,0.00514,0,1998,0,partial_forest,CLCD_v01_Yang_Huang_zenodo.18180184,RS_derived
SAIH_AFF_r03c48,3,48,117.451162,42.568364,0.0386,0.1555,0.1743,0.278,0.0746,0.2317,0.157,0.00484,0,0,0,non_forest,CLCD_v01_Yang_Huang_zenodo.18180184,RS_derived
SAIH_AFF_r03c49,3,49,117.463213,42.568364,0.2614,0.5488,0.6795,0.8163,0.3876,0.7646,0.377,0.01242,1998,1990,0,partial_forest,CLCD_v01_Yang_Huang_zenodo.18180184,RS_derived
SAIH_AFF_r03c50,3,50,117.475264,42.568364,0.7184,0.8941,0.9076,0.8914,0.8422,0.9078,0.0657,0.00234,1985,1985,1,stable_forest,CLCD_v01_Yang_Huang_zenodo.18180184,RS_derived
SAIH_AFF_r03c51,3,51,117.487315,42.568364,0.4286,0.7573,0.7921,0.8946,0.6477,0.8688,0.2211,0.00742,1990,1985,0,stable_forest,CLCD_v01_Yang_Huang_zenodo.18180184,RS_derived
SAIH_AFF_r03c52,3,52,117.499365,42.568364,0.1522,0.1925,0.2278,0.5317,0.1797,0.4777,0.298,0.00907,2025,2016,0,partial_forest,CLCD_v01_Yang_Huang_zenodo.18180184,RS_derived
SAIH_AFF_r03c53,3,53,117.511416,42.568364,0.0254,0.0386,0.0667,0.5069,0.0268,0.5003,0.4735,0.01586,2023,2015,0,afforested,CLCD_v01_Yang_Huang_zenodo.18180184,RS_derived
SAIH_AFF_r03c54,3,54,117.523467,42.568364,0.257,0.2747,0.2868,0.3392,0.267,0.3312,0.0643,0.00209,0,2015,0,partial_forest,CLCD_v01_Yang_Huang_zenodo.18180184,RS_derived
SAIH_AFF_r03c55,3,55,117.535518,42.568364,0.4286,0.4438,0.4616,0.5227,0.4384,0.5082,0.0698,0.00225,2022,1985,0,partial_forest,CLCD_v01_Yang_Huang_zenodo.18180184,RS_derived
SAIH_AFF_r03c56,3,56,117.547568,42.568364,0.235,0.2559,0.2592,0.5036,0.2487,0.4867,0.238,0.00687,2025,2016,0,partial_forest,CLCD_v01_Yang_Huang_zenodo.18180184,RS_derived
SAIH_AFF_r03c57,3,57,117.559619,42.568364,0.2703,0.294,0.2978,0.5554,0.287,0.5035,0.2165,0.00644,2024,2013,0,afforested,CLCD_v01_Yang_Huang_zenodo.18180184,RS_derived
SAIH_AFF_r03c58,3,58,117.57167,42.568364,0.1991,0.2372,0.2449,0.4683,0.2085,0.4019,0.1934,0.00578,0,2017,0,partial_forest,CLCD_v01_Yang_Huang_zenodo.18180184,RS_derived
SAIH_AFF_r03c63,3,63,117.631924,42.568364,0.0,0.0,0.0143,0.1826,0.0,0.1745,0.1745,0.0059,0,0,0,non_forest,CLCD_v01_Yang_Huang_zenodo.18180184,RS_derived
SAIH_AFF_r04c20,4,20,117.113741,42.559325,0.4027,0.4092,0.4103,0.4427,0.4036,0.4353,0.0317,0.0008,0,1985,0,partial_forest,CLCD_v01_Yang_Huang_zenodo.18180184,RS_derived
SAIH_AFF_r04c21,4,21,117.125792,42.559325,0.3971,0.4038,0.4164,0.4457,0.3989,0.4443,0.0453,0.00144,0,1985,0,partial_forest,CLCD_v01_Yang_Huang_zenodo.18180184,RS_derived
SAIH_AFF_r04c32,4,32,117.25835,42.559325,0.1577,0.1721,0.2521,0.3199,0.1579,0.3161,0.1582,0.00552,0,2016,0,partial_forest,CLCD_v01_Yang_Huang_zenodo.18180184,RS_derived
SAIH_AFF_r04c35,4,35,117.294502,42.559325,0.0054,0.0054,0.04,0.3151,0.0054,0.2476,0.2422,0.00778,0,2025,0,non_forest,CLCD_v01_Yang_Huang_zenodo.18180184,RS_derived
SAIH_AFF_r04c36,4,36,117.306553,42.559325,0.2068,0.2118,0.3949,0.6293,0.2076,0.5999,0.3923,0.01359,2016,2007,0,afforested,CLCD_v01_Yang_Huang_zenodo.18180184,RS_derived
SAIH_AFF_r04c37,4,37,117.318604,42.559325,0.364,0.4054,0.5692,0.631,0.3673,0.6206,0.2533,0.00902,2006,1985,0,partial_forest,CLCD_v01_Yang_Huang_zenodo.18180184,RS_derived
SAIH_AFF_r04c38,4,38,117.330655,42.559325,0.1031,0.2206,0.3855,0.5229,0.1061,0.4668,0.3608,0.01186,2023,2006,0,partial_forest,CLCD_v01_Yang_Huang_zenodo.18180184,RS_derived
SAIH_AFF_r04c39,4,39,117.342705,42.559325,0.1544,0.2179,0.5301,0.7943,0.1648,0.6685,0.5037,0.01742,2009,2004,0,afforested,CLCD_v01_Yang_Huang_zenodo.18180184,RS_derived
SAIH_AFF_r04c40,4,40,117.354756,42.559325,0.2238,0.4816,0.6443,0.7222,0.2321,0.7023,0.4701,0.01484,2004,1996,0,afforested,CLCD_v01_Yang_Huang_zenodo.18180184,RS_derived
SAIH_AFF_r04c41,4,41,117.366807,42.559325,0.2581,0.2863,0.3977,0.54,0.2629,0.483,0.2201,0.00749,2025,2004,0,partial_forest,CLCD_v01_Yang_Huang_zenodo.18180184,RS_derived
SAIH_AFF_r04c42,4,42,117.378858,42.559325,0.7584,0.8571,0.9432,0.9719,0.7911,0.9648,0.1737,0.00601,1985,1985,1,stable_forest,CLCD_v01_Yang_Huang_zenodo.18180184,RS_derived
SAIH_AFF_r04c43,4,43,117.390908,42.559325,0.5085,0.5841,0.9283,0.9928,0.518,0.9902,0.4722,0.01709,1985,1985,1,stable_forest,CLCD_v01_Yang_Huang_zenodo.18180184,RS_derived
SAIH_AFF_r04c44,4,44,117.402959,42.559325,0.2912,0.3232,0.6547,0.9173,0.3056,0.8605,0.5549,0.01947,2006,1990,0,partial_forest,CLCD_v01_Yang_Huang_zenodo.18180184,RS_derived
SAIH_AFF_r04c45,4,45,117.41501,42.559325,0.1849,0.3903,0.5649,0.72,0.2037,0.6784,0.4747,0.01545,2006,1998,0,afforested,CLCD_v01_Yang_Huang_zenodo.18180184,RS_derived
SAIH_AFF_r04c46,4,46,117.427061,42.559325,0.1704,0.2697,0.3061,0.5168,0.2326,0.4217,0.1891,0.00561,2025,2007,0,partial_forest,CLCD_v01_Yang_Huang_zenodo.18180184,RS_derived
SAIH_AFF_r04c47,4,47,117.439112,42.559325,0.6133,0.8787,0.9084,0.9426,0.7583,0.9303,0.172,0.00541,1985,1985,1,stable_forest,CLCD_v01_Yang_Huang_zenodo.18180184,RS_derived
SAIH_AFF_r04c48,4,48,117.451162,42.559325,0.3067,0.5764,0.5858,0.6178,0.4523,0.6172,0.1649,0.00489,1996,1985,0,partial_forest,CLCD_v01_Yang_Huang_zenodo.18180184,RS_derived
SAIH_AFF_r04c49,4,49,117.463213,42.559325,0.2427,0.4606,0.5587,0.6702,0.3283,0.6598,0.3315,0.0106,2004,1990,0,partial_forest,CLCD_v01_Yang_Huang_zenodo.18180184,RS_derived
SAIH_AFF_r04c50,4,50,117.475264,42.559325,0.5681,0.7276,0.7946,0.8362,0.6378,0.8303,0.1924,0.00642,1985,1985,1,stable_forest,CLCD_v01_Yang_Huang_zenodo.18180184,RS_derived
SAIH_AFF_r04c51,4,51,117.487315,42.559325,0.3045,0.4534,0.5378,0.5913,0.3485,0.5973,0.2487,0.00825,2004,1985,0,partial_forest,CLCD_v01_Yang_Huang_zenodo.18180184,RS_derived
SAIH_AFF_r04c52,4,52,117.499365,42.559325,0.187,0.203,0.2261,0.2598,0.1979,0.2565,0.0586,0.00193,0,0,0,non_forest,CLCD_v01_Yang_Huang_zenodo.18180184,RS_derived
SAIH_AFF_r04c53,4,53,117.511416,42.559325,0.1842,0.2096,0.2284,0.2923,0.1925,0.2806,0.0881,0.00288,0,0,0,non_forest,CLCD_v01_Yang_Huang_zenodo.18180184,RS_derived
SAIH_AFF_r04c55,4,55,117.535518,42.559325,0.1643,0.1941,0.2081,0.32,0.1751,0.3047,0.1296,0.00398,0,2022,0,partial_forest,CLCD_v01_Yang_Huang_zenodo.18180184,RS_derived
SAIH_AFF_r04c56,4,56,117.547568,42.559325,0.0822,0.091,0.0949,0.2206,0.0879,0.2061,0.1182,0.00327,0,0,0,non_forest,CLCD_v01_Yang_Huang_zenodo.18180184,RS_derived
SAIH_AFF_r04c57,4,57,117.559619,42.559325,0.2135,0.2306,0.2333,0.4451,0.2248,0.4392,0.2144,0.00615,0,2017,0,partial_forest,CLCD_v01_Yang_Huang_zenodo.18180184,RS_derived
SAIH_AFF_r04c58,4,58,117.57167,42.559325,0.0,0.0,0.0,0.4021,0.0,0.349,0.349,0.00937,0,2019,0,partial_forest,CLCD_v01_Yang_Huang_zenodo.18180184,RS_derived
SAIH_AFF_r04c63,4,63,117.631924,42.559325,0.0,0.0,0.0827,0.1384,0.0,0.1372,0.1372,0.00504,0,0,0,non_forest,CLCD_v01_Yang_Huang_zenodo.18180184,RS_derived
SAIH_AFF_r04c64,4,64,117.643975,42.559325,0.0016,0.0016,0.0016,0.2227,0.0016,0.2086,0.207,0.00645,0,0,0,non_forest,CLCD_v01_Yang_Huang_zenodo.18180184,RS_derived
SAIH_AFF_r05c15,5,15,117.053487,42.550286,0.2022,0.2065,0.2205,0.2422,0.2045,0.2378,0.0334,0.00107,0,0,0,non_forest,CLCD_v01_Yang_Huang_zenodo.18180184,RS_derived
SAIH_AFF_r05c19,5,19,117.10169,42.550286,0.2471,0.2559,0.2576,0.2758,0.2477,0.2745,0.0268,0.00078,0,0,0,non_forest,CLCD_v01_Yang_Huang_zenodo.18180184,RS_derived
SAIH_AFF_r05c20,5,20,117.113741,42.550286,0.3611,0.3741,0.3811,0.4335,0.3635,0.4277,0.0642,0.00189,0,1985,0,partial_forest,CLCD_v01_Yang_Huang_zenodo.18180184,RS_derived
SAIH_AFF_r05c21,5,21,117.125792,42.550286,0.3541,0.3552,0.3707,0.422,0.3541,0.4163,0.0621,0.00197,0,1985,0,partial_forest,CLCD_v01_Yang_Huang_zenodo.18180184,RS_derived
SAIH_AFF_r05c33,5,33,117.270401,42.550286,0.4203,0.4457,0.519,0.6475,0.4249,0.6192,0.1944,0.00646,2006,1985,0,partial_forest,CLCD_v01_Yang_Huang_zenodo.18180184,RS_derived
SAIH_AFF_r05c36,5,36,117.306553,42.550286,0.0739,0.1004,0.1864,0.3227,0.0744,0.3106,0.2362,0.00807,0,2017,0,partial_forest,CLCD_v01_Yang_Huang_zenodo.18180184,RS_derived
SAIH_AFF_r05c37,5,37,117.318604,42.550286,0.3491,0.4054,0.6189,0.7154,0.3529,0.7006,0.3477,0.01225,2004,1985,0,partial_forest,CLCD_v01_Yang_Huang_zenodo.18180184,RS_derived
SAIH_AFF_r05c38,5,38,117.330655,42.550286,0.369,0.4727,0.6696,0.7297,0.3728,0.7231,0.3503,0.01227,2003,1985,0,partial_forest,CLCD_v01_Yang_Huang_zenodo.18180184,RS_derived
SAIH_AFF_r05c39,5,39,117.342705,42.550286,0.0971,0.1269,0.3287,0.4964,0.0971,0.4562,0.3591,0.01262,0,2010,0,partial_forest,CLCD_v01_Yang_Huang_zenodo.18180184,RS_derived
SAIH_AFF_r05c40,5,40,117.354756,42.550286,0.3081,0.4222,0.6649,0.7924,0.3259,0.7606,0.4348,0.0153,2006,1985,0,partial_forest,CLCD_v01_Yang_Huang_zenodo.18180184,RS_derived
SAIH_AFF_r05c41,5,41,117.366807,42.550286,0.4716,0.4948,0.5962,0.7391,0.4804,0.6725,0.192,0.00643,2003,1985,0,partial_forest,CLCD_v01_Yang_Huang_zenodo.18180184,RS_derived
SAIH_AFF_r05c42,5,42,117.378858,42.550286,0.3756,0.4175,0.6983,0.8263,0.3909,0.7977,0.4068,0.01478,2006,1985,0,partial_forest,CLCD_v01_Yang_Huang_zenodo.18180184,RS_derived
SAIH_AFF_r05c43,5,43,117.390908,42.550286,0.4639,0.4959,0.9112,0.9846,0.4814,0.9757,0.4943,0.01841,2002,1985,0,partial_forest,CLCD_v01_Yang_Huang_zenodo.18180184,RS_derived
SAIH_AFF_r05c44,5,44,117.402959,42.550286,0.3012,0.3409,0.6873,0.8958,0.3305,0.8277,0.4972,0.01775,2006,1985,0,partial_forest,CLCD_v01_Yang_Huang_zenodo.18180184,RS_derived
SAIH_AFF_r05c46,5,46,117.427061,42.550286,0.3337,0.4677,0.4903,0.5659,0.423,0.5188,0.0959,0.00302,2015,1985,0,partial_forest,CLCD_v01_Yang_Huang_zenodo.18180184,RS_derived
SAIH_AFF_r05c47,5,47,117.439112,42.550286,0.7358,0.8991,0.9156,0.9206,0.828,0.897,0.0691,0.0025,1985,1985,1,stable_forest,CLCD_v01_Yang_Huang_zenodo.18180184,RS_derived
SAIH_AFF_r05c48,5,48,117.451162,42.550286,0.3525,0.6586,0.7148,0.733,0.4941,0.7294,0.2352,0.00747,1991,1985,0,partial_forest,CLCD_v01_Yang_Huang_zenodo.18180184,RS_derived
SAIH_AFF_r05c49,5,49,117.463213,42.550286,0.3194,0.6133,0.7386,0.8395,0.432,0.8546,0.4226,0.01353,1996,1985,0,partial_forest,CLCD_v01_Yang_Huang_zenodo.18180184,RS_derived
SAIH_AFF_r05c50,5,50,117.475264,42.550286,0.5995,0.6784,0.7292,0.7616,0.6225,0.7684,0.1458,0.00496,1985,1985,1,stable_forest,CLCD_v01_Yang_Huang_zenodo.18180184,RS_derived
SAIH_AFF_r05c51,5,51,117.487315,42.550286,0.6431,0.6955,0.7137,0.7347,0.6598,0.7327,0.0729,0.00223,1985,1985,1,stable_forest,CLCD_v01_Yang_Huang_zenodo.18180184,RS_derived
SAIH_AFF_r05c52,5,52,117.499365,42.550286,0.4435,0.4826,0.492,0.5648,0.4688,0.5655,0.0967,0.00304,2014,1985,0,partial_forest,CLCD_v01_Yang_Huang_zenodo.18180184,RS_derived
SAIH_AFF_r05c53,5,53,117.511416,42.550286,0.214,0.2614,0.2863,0.3657,0.2397,0.3639,0.1242,0.00394,0,2015,0,partial_forest,CLCD_v01_Yang_Huang_zenodo.18180184,RS_derived
SAIH_AFF_r05c55,5,55,117.535518,42.550286,0.04,0.0443,0.0584,0.1622,0.0437,0.1486,0.1049,0.00339,0,0,0,non_forest,CLCD_v01_Yang_Huang_zenodo.18180184,RS_derived
SAIH_AFF_r05c57,5,57,117.559619,42.550286,0.396,0.4192,0.4319,0.5295,0.405,0.5249,0.1199,0.00356,2018,1985,0,partial_forest,CLCD_v01_Yang_Huang_zenodo.18180184,RS_derived
SAIH_AFF_r05c61,5,61,117.607822,42.550286,0.0485,0.0662,0.0673,0.2896,0.0637,0.2841,0.2204,0.00691,0,0,0,non_forest,CLCD_v01_Yang_Huang_zenodo.18180184,RS_derived
SAIH_AFF_r05c62,5,62,117.619873,42.550286,0.0,0.0,0.1732,0.3607,0.0,0.353,0.353,0.01246,0,2016,0,partial_forest,CLCD_v01_Yang_Huang_zenodo.18180184,RS_derived
SAIH_AFF_r05c63,5,63,117.631924,42.550286,0.0,0.0,0.7408,0.8759,0.0,0.8741,0.8741,0.03344,2007,2006,0,afforested,CLCD_v01_Yang_Huang_zenodo.18180184,RS_derived
SAIH_AFF_r05c64,5,64,117.643975,42.550286,0.0249,0.047,0.0492,0.1924,0.027,0.1821,0.155,0.00472,0,0,0,non_forest,CLCD_v01_Yang_Huang_zenodo.18180184,RS_derived
SAIH_AFF_r06c07,6,7,116.957081,42.541247,0.1525,0.1702,0.1778,0.2073,0.1576,0.2038,0.0462,0.00151,0,0,0,non_forest,CLCD_v01_Yang_Huang_zenodo.18180184,RS_derived
SAIH_AFF_r06c19,6,19,117.10169,42.541247,0.326,0.3287,0.334,0.4071,0.326,0.4026,0.0766,0.00232,0,1985,0,partial_forest,CLCD_v01_Yang_Huang_zenodo.18180184,RS_derived
SAIH_AFF_r06c20,6,20,117.113741,42.541247,0.2137,0.2195,0.2442,0.3489,0.2143,0.3446,0.1304,0.00415,0,2017,0,partial_forest,CLCD_v01_Yang_Huang_zenodo.18180184,RS_derived
SAIH_AFF_r06c21,6,21,117.125792,42.541247,0.1638,0.1692,0.2062,0.2782,0.1652,0.2762,0.111,0.00371,0,0,0,non_forest,CLCD_v01_Yang_Huang_zenodo.18180184,RS_derived
SAIH_AFF_r06c22,6,22,117.137842,42.541247,0.3324,0.3426,0.4409,0.5032,0.3335,0.4892,0.1557,0.00555,2025,1985,0,partial_forest,CLCD_v01_Yang_Huang_zenodo.18180184,RS_derived
SAIH_AFF_r06c33,6,33,117.270401,42.541247,0.1214,0.1241,0.1412,0.2003,0.1228,0.1957,0.0729,0.00249,0,0,0,non_forest,CLCD_v01_Yang_Huang_zenodo.18180184,RS_derived
SAIH_AFF_r06c34,6,34,117.282452,42.541247,0.2573,0.2626,0.305,0.384,0.2582,0.3561,0.0979,0.00319,0,2010,0,partial_forest,CLCD_v01_Yang_Huang_zenodo.18180184,RS_derived
SAIH_AFF_r06c35,6,35,117.294502,42.541247,0.0158,0.0668,0.2989,0.3053,0.0257,0.3146,0.2888,0.01079,0,2011,0,partial_forest,CLCD_v01_Yang_Huang_zenodo.18180184,RS_derived
SAIH_AFF_r06c36,6,36,117.306553,42.541247,0.1686,0.2809,0.4882,0.6257,0.1728,0.5855,0.4127,0.01417,2015,2002,0,afforested,CLCD_v01_Yang_Huang_zenodo.18180184,RS_derived
SAIH_AFF_r06c37,6,37,117.318604,42.541247,0.13,0.1756,0.3061,0.4662,0.1304,0.4091,0.2786,0.00901,0,2010,0,partial_forest,CLCD_v01_Yang_Huang_zenodo.18180184,RS_derived
SAIH_AFF_r06c38,6,38,117.330655,42.541247,0.4603,0.5376,0.6584,0.7095,0.4706,0.6998,0.2292,0.00775,1998,1985,0,partial_forest,CLCD_v01_Yang_Huang_zenodo.18180184,RS_derived
SAIH_AFF_r06c39,6,39,117.342705,42.541247,0.7218,0.7589,0.8292,0.8802,0.7241,0.8574,0.1333,0.00463,1985,1985,1,stable_forest,CLCD_v01_Yang_Huang_zenodo.18180184,RS_derived
SAIH_AFF_r06c40,6,40,117.354756,42.541247,0.5337,0.5574,0.7579,0.8516,0.5341,0.8249,0.2908,0.01053,1985,1985,1,stable_forest,CLCD_v01_Yang_Huang_zenodo.18180184,RS_derived
SAIH_AFF_r06c41,6,41,117.366807,42.541247,0.5381,0.5827,0.7363,0.8432,0.5526,0.7928,0.2402,0.00834,1985,1985,1,stable_forest,CLCD_v01_Yang_Huang_zenodo.18180184,RS_derived
SAIH_AFF_r06c42,6,42,117.378858,42.541247,0.3459,0.3808,0.6735,0.8786,0.3677,0.825,0.4574,0.01618,2005,1985,0,partial_forest,CLCD_v01_Yang_Huang_zenodo.18180184,RS_derived
SAIH_AFF_r06c43,6,43,117.390908,42.541247,0.1515,0.2159,0.5569,0.8212,0.1854,0.7632,0.5779,0.02017,2008,2004,0,afforested,CLCD_v01_Yang_Huang_zenodo.18180184,RS_derived
SAIH_AFF_r06c44,6,44,117.402959,42.541247,0.2266,0.2803,0.3604,0.6348,0.2536,0.5796,0.3259,0.00979,2021,2006,0,afforested,CLCD_v01_Yang_Huang_zenodo.18180184,RS_derived
SAIH_AFF_r06c45,6,45,117.41501,42.541247,0.5905,0.6263,0.6826,0.8395,0.6131,0.7897,0.1767,0.00542,1985,1985,1,stable_forest,CLCD_v01_Yang_Huang_zenodo.18180184,RS_derived
SAIH_AFF_r06c46,6,46,117.427061,42.541247,0.4882,0.5618,0.609,0.7658,0.5223,0.7038,0.1815,0.00541,1990,1985,0,stable_forest,CLCD_v01_Yang_Huang_zenodo.18180184,RS_derived
SAIH_AFF_r06c47,6,47,117.439112,42.541247,0.8292,0.9425,0.9447,0.9388,0.9146,0.9134,-0.0013,0.00013,1985,1985,1,stable_forest,CLCD_v01_Yang_Huang_zenodo.18180184,RS_derived
SAIH_AFF_r06c48,6,48,117.451162,42.541247,0.3265,0.5322,0.5811,0.6144,0.4425,0.6114,0.169,0.00546,1998,1985,0,partial_forest,CLCD_v01_Yang_Huang_zenodo.18180184,RS_derived
SAIH_AFF_r06c49,6,49,117.463213,42.541247,0.3835,0.5816,0.6767,0.8496,0.4353,0.839,0.4036,0.01263,1997,1985,0,partial_forest,CLCD_v01_Yang_Huang_zenodo.18180184,RS_derived
SAIH_AFF_r06c50,6,50,117.475264,42.541247,0.7779,0.9305,0.9489,0.9742,0.8703,0.9701,0.0998,0.00317,1985,1985,1,stable_forest,CLCD_v01_Yang_Huang_zenodo.18180184,RS_derived
SAIH_AFF_r06c51,6,51,117.487315,42.541247,0.7508,0.8963,0.9586,0.9731,0.8477,0.9731,0.1254,0.0044,1985,1985,1,stable_forest,CLCD_v01_Yang_Huang_zenodo.18180184,RS_derived
SAIH_AFF_r06c52,6,52,117.499365,42.541247,0.7025,0.7863,0.834,0.8759,0.7516,0.878,0.1264,0.00422,1985,1985,1,stable_forest,CLCD_v01_Yang_Huang_zenodo.18180184,RS_derived
SAIH_AFF_r06c53,6,53,117.511416,42.541247,0.8668,0.9178,0.9544,0.971,0.9032,0.9694,0.0662,0.0023,1985,1985,1,stable_forest,CLCD_v01_Yang_Huang_zenodo.18180184,RS_derived
SAIH_AFF_r06c54,6,54,117.523467,42.541247,0.5542,0.5859,0.6262,0.7669,0.5773,0.7533,0.1761,0.00573,1985,1985,1,stable_forest,CLCD_v01_Yang_Huang_zenodo.18180184,RS_derived
SAIH_AFF_r06c57,6,57,117.559619,42.541247,0.2884,0.334,0.3561,0.3759,0.3122,0.3753,0.0631,0.0021,0,1990,0,partial_forest,CLCD_v01_Yang_Huang_zenodo.18180184,RS_derived
SAIH_AFF_r06c58,6,58,117.57167,42.541247,0.3104,0.3448,0.3459,0.3512,0.3319,0.3464,0.0145,0.00043,0,1985,0,partial_forest,CLCD_v01_Yang_Huang_zenodo.18180184,RS_derived
SAIH_AFF_r06c63,6,63,117.631924,42.541247,0.0081,0.0081,0.0752,0.7487,0.0081,0.7446,0.7366,0.02499,2015,2014,0,afforested,CLCD_v01_Yang_Huang_zenodo.18180184,RS_derived
SAIH_AFF_r07c08,7,8,116.969132,42.532208,0.1622,0.1886,0.2471,0.3271,0.1626,0.3177,0.1551,0.0052,0,2018,0,partial_forest,CLCD_v01_Yang_Huang_zenodo.18180184,RS_derived
SAIH_AFF_r07c18,7,18,117.089639,42.532208,0.2758,0.278,0.2896,0.3243,0.2766,0.3217,0.0451,0.00148,0,2015,0,partial_forest,CLCD_v01_Yang_Huang_zenodo.18180184,RS_derived
SAIH_AFF_r07c19,7,19,117.10169,42.532208,0.4137,0.4181,0.4473,0.5306,0.4137,0.5238,0.1101,0.00358,2017,1985,0,partial_forest,CLCD_v01_Yang_Huang_zenodo.18180184,RS_derived
SAIH_AFF_r07c20,7,20,117.113741,42.532208,0.1162,0.1189,0.1546,0.2286,0.1167,0.2167,0.1,0.00326,0,0,0,non_forest,CLCD_v01_Yang_Huang_zenodo.18180184,RS_derived
SAIH_AFF_r07c32,7,32,117.25835,42.532208,0.1666,0.1754,0.2234,0.2592,0.1675,0.248,0.0805,0.00278,0,0,0,non_forest,CLCD_v01_Yang_Huang_zenodo.18180184,RS_derived
SAIH_AFF_r07c34,7,34,117.282452,42.532208,0.3017,0.3089,0.3651,0.4253,0.3036,0.4189,0.1153,0.00399,0,1985,0,partial_forest,CLCD_v01_Yang_Huang_zenodo.18180184,RS_derived
SAIH_AFF_r07c35,7,35,117.294502,42.532208,0.1573,0.2022,0.3411,0.4065,0.1615,0.3827,0.2212,0.00794,0,2007,0,partial_forest,CLCD_v01_Yang_Huang_zenodo.18180184,RS_derived
SAIH_AFF_r07c36,7,36,117.306553,42.532208,0.1809,0.2868,0.4082,0.4826,0.1823,0.4591,0.2768,0.00951,0,2003,0,partial_forest,CLCD_v01_Yang_Huang_zenodo.18180184,RS_derived
SAIH_AFF_r07c37,7,37,117.318604,42.532208,0.6007,0.6834,0.7683,0.8571,0.6099,0.8419,0.232,0.00753,1985,1985,1,stable_forest,CLCD_v01_Yang_Huang_zenodo.18180184,RS_derived
SAIH_AFF_r07c38,7,38,117.330655,42.532208,0.5758,0.6834,0.8864,0.9084,0.5773,0.9011,0.3238,0.01154,1985,1985,1,stable_forest,CLCD_v01_Yang_Huang_zenodo.18180184,RS_derived
SAIH_AFF_r07c39,7,39,117.342705,42.532208,0.3414,0.3795,0.4231,0.4512,0.348,0.4466,0.0986,0.0033,0,1985,0,partial_forest,CLCD_v01_Yang_Huang_zenodo.18180184,RS_derived
SAIH_AFF_r07c40,7,40,117.354756,42.532208,0.4611,0.4816,0.4984,0.5638,0.4642,0.5343,0.0701,0.00221,2014,1985,0,partial_forest,CLCD_v01_Yang_Huang_zenodo.18180184,RS_derived
SAIH_AFF_r07c41,7,41,117.366807,42.532208,0.5152,0.5538,0.6034,0.7485,0.5277,0.6752,0.1475,0.00471,1985,1985,1,stable_forest,CLCD_v01_Yang_Huang_zenodo.18180184,RS_derived
SAIH_AFF_r07c42,7,42,117.378858,42.532208,0.1682,0.1864,0.5621,0.8047,0.1742,0.756,0.5818,0.02059,2010,2004,0,afforested,CLCD_v01_Yang_Huang_zenodo.18180184,RS_derived
SAIH_AFF_r07c43,7,43,117.390908,42.532208,0.0717,0.112,0.1296,0.3922,0.0829,0.2988,0.2159,0.00629,0,2023,0,non_forest,CLCD_v01_Yang_Huang_zenodo.18180184,RS_derived
SAIH_AFF_r07c44,7,44,117.402959,42.532208,0.481,0.5615,0.6349,0.9167,0.5308,0.8673,0.3365,0.01052,1990,1985,0,stable_forest,CLCD_v01_Yang_Huang_zenodo.18180184,RS_derived
SAIH_AFF_r07c45,7,45,117.41501,42.532208,0.7238,0.9535,0.9795,0.9822,0.8886,0.9822,0.0935,0.00327,1985,1985,1,stable_forest,CLCD_v01_Yang_Huang_zenodo.18180184,RS_derived
SAIH_AFF_r07c46,7,46,117.427061,42.532208,0.8511,0.9426,0.9774,0.9575,0.911,0.9483,0.0374,0.00146,1985,1985,1,stable_forest,CLCD_v01_Yang_Huang_zenodo.18180184,RS_derived
SAIH_AFF_r07c47,7,47,117.439112,42.532208,0.5891,0.7799,0.7981,0.7154,0.6984,0.7642,0.0658,0.00236,1985,1985,1,stable_forest,CLCD_v01_Yang_Huang_zenodo.18180184,RS_derived
SAIH_AFF_r07c48,7,48,117.451162,42.532208,0.4881,0.5648,0.5874,0.6227,0.5258,0.6133,0.0875,0.00281,1990,1985,0,stable_forest,CLCD_v01_Yang_Huang_zenodo.18180184,RS_derived
SAIH_AFF_r07c49,7,49,117.463213,42.532208,0.6917,0.8544,0.9421,0.9498,0.7971,0.9505,0.1534,0.00544,1985,1985,1,stable_forest,CLCD_v01_Yang_Huang_zenodo.18180184,RS_derived
SAIH_AFF_r07c50,7,50,117.475264,42.532208,0.5254,0.6508,0.7378,0.7832,0.5988,0.7776,0.1788,0.00615,1985,1985,1,stable_forest,CLCD_v01_Yang_Huang_zenodo.18180184,RS_derived
SAIH_AFF_r07c51,7,51,117.487315,42.532208,0.5924,0.7634,0.9035,0.9459,0.676,0.9436,0.2677,0.00933,1985,1985,1,stable_forest,CLCD_v01_Yang_Huang_zenodo.18180184,RS_derived
SAIH_AFF_r07c52,7,52,117.499365,42.532208,0.6442,0.7325,0.8092,0.8886,0.703,0.8853,0.1823,0.00619,1985,1985,1,stable_forest,CLCD_v01_Yang_Huang_zenodo.18180184,RS_derived
SAIH_AFF_r07c53,7,53,117.511416,42.532208,0.2841,0.3927,0.5047,0.6222,0.335,0.6167,0.2817,0.00952,2010,1990,0,partial_forest,CLCD_v01_Yang_Huang_zenodo.18180184,RS_derived
SAIH_AFF_r07c54,7,54,117.523467,42.532208,0.2278,0.262,0.2824,0.3889,0.2507,0.383,0.1323,0.00423,0,2014,0,partial_forest,CLCD_v01_Yang_Huang_zenodo.18180184,RS_derived
SAIH_AFF_r07c55,7,55,117.535518,42.532208,0.0524,0.0551,0.0724,0.2303,0.0524,0.2115,0.1591,0.00487,0,0,0,non_forest,CLCD_v01_Yang_Huang_zenodo.18180184,RS_derived
SAIH_AFF_r07c57,7,57,117.559619,42.532208,0.3149,0.3685,0.3927,0.4186,0.3507,0.4139,0.0631,0.0022,0,1985,0,partial_forest,CLCD_v01_Yang_Huang_zenodo.18180184,RS_derived
SAIH_AFF_r07c62,7,62,117.619873,42.532208,0.091,0.1368,0.1511,0.2515,0.1053,0.2417,0.1364,0.00431,0,0,0,non_forest,CLCD_v01_Yang_Huang_zenodo.18180184,RS_derived
SAIH_AFF_r07c63,7,63,117.631924,42.532208,0.1114,0.1125,0.1131,0.4595,0.1124,0.4551,0.3428,0.01097,0,2015,0,partial_forest,CLCD_v01_Yang_Huang_zenodo.18180184,RS_derived
SAIH_AFF_r07c64,7,64,117.643975,42.532208,0.1378,0.1454,0.1605,0.2411,0.1394,0.2344,0.095,0.00296,0,0,0,non_forest,CLCD_v01_Yang_Huang_zenodo.18180184,RS_derived
SAIH_AFF_r08c29,8,29,117.222198,42.523169,0.0039,0.1076,0.1373,0.1782,0.0138,0.1732,0.1594,0.00517,0,0,0,non_forest,CLCD_v01_Yang_Huang_zenodo.18180184,RS_derived
SAIH_AFF_r08c30,8,30,117.234248,42.523169,0.0032,0.1341,0.1578,0.1762,0.0144,0.1736,0.1592,0.00482,0,0,0,non_forest,CLCD_v01_Yang_Huang_zenodo.18180184,RS_derived
SAIH_AFF_r08c32,8,32,117.25835,42.523169,0.5345,0.5488,0.6084,0.6817,0.5364,0.668,0.1316,0.00461,1985,1985,1,stable_forest,CLCD_v01_Yang_Huang_zenodo.18180184,RS_derived
SAIH_AFF_r08c33,8,33,117.270401,42.523169,0.6244,0.6525,0.7485,0.8108,0.6281,0.7768,0.1487,0.00524,1985,1985,1,stable_forest,CLCD_v01_Yang_Huang_zenodo.18180184,RS_derived
SAIH_AFF_r08c34,8,34,117.282452,42.523169,0.4782,0.5014,0.5709,0.6795,0.4814,0.6521,0.1706,0.00565,1998,1985,0,partial_forest,CLCD_v01_Yang_Huang_zenodo.18180184,RS_derived
SAIH_AFF_r08c35,8,35,117.294502,42.523169,0.2492,0.3335,0.513,0.6032,0.2497,0.578,0.3284,0.01138,2010,1998,0,afforested,CLCD_v01_Yang_Huang_zenodo.18180184,RS_derived
SAIH_AFF_r08c36,8,36,117.306553,42.523169,0.2736,0.3491,0.4595,0.487,0.2736,0.4831,0.2095,0.00735,0,1998,0,partial_forest,CLCD_v01_Yang_Huang_zenodo.18180184,RS_derived
SAIH_AFF_r08c37,8,37,117.318604,42.523169,0.2328,0.2438,0.2774,0.2879,0.2342,0.2871,0.0529,0.00186,0,0,0,non_forest,CLCD_v01_Yang_Huang_zenodo.18180184,RS_derived
SAIH_AFF_r08c38,8,38,117.330655,42.523169,0.3276,0.3431,0.3712,0.4363,0.3291,0.4181,0.089,0.00294,0,1985,0,partial_forest,CLCD_v01_Yang_Huang_zenodo.18180184,RS_derived
SAIH_AFF_r08c39,8,39,117.342705,42.523169,0.4716,0.4975,0.5345,0.6222,0.4809,0.5963,0.1154,0.00381,2004,1985,0,partial_forest,CLCD_v01_Yang_Huang_zenodo.18180184,RS_derived
SAIH_AFF_r08c41,8,41,117.366807,42.523169,0.5058,0.5284,0.5742,0.6437,0.5151,0.624,0.1089,0.00356,1985,1985,1,stable_forest,CLCD_v01_Yang_Huang_zenodo.18180184,RS_derived
SAIH_AFF_r08c42,8,42,117.378858,42.523169,0.2951,0.3111,0.6293,0.7849,0.303,0.77,0.467,0.01677,2008,1990,0,partial_forest,CLCD_v01_Yang_Huang_zenodo.18180184,RS_derived
SAIH_AFF_r08c43,8,43,117.390908,42.523169,0.2642,0.2802,0.4402,0.8263,0.2723,0.7887,0.5163,0.01702,2015,2006,0,afforested,CLCD_v01_Yang_Huang_zenodo.18180184,RS_derived
SAIH_AFF_r08c44,8,44,117.402959,42.523169,0.706,0.8141,0.882,0.9697,0.7513,0.9637,0.2124,0.00705,1985,1985,1,stable_forest,CLCD_v01_Yang_Huang_zenodo.18180184,RS_derived
SAIH_AFF_r08c45,8,45,117.41501,42.523169,0.7022,0.8903,0.9335,0.9335,0.8064,0.9065,0.1001,0.00357,1985,1985,1,stable_forest,CLCD_v01_Yang_Huang_zenodo.18180184,RS_derived
SAIH_AFF_r08c46,8,46,117.427061,42.523169,0.7965,0.9625,0.9862,0.9697,0.8816,0.9667,0.0851,0.00281,1985,1985,1,stable_forest,CLCD_v01_Yang_Huang_zenodo.18180184,RS_derived
SAIH_AFF_r08c47,8,47,117.439112,42.523169,0.6371,0.727,0.8097,0.7573,0.676,0.8151,0.1391,0.00515,1985,1985,1,stable_forest,CLCD_v01_Yang_Huang_zenodo.18180184,RS_derived
SAIH_AFF_r08c48,8,48,117.451162,42.523169,0.5753,0.647,0.7038,0.7634,0.6037,0.7563,0.1526,0.00501,1985,1985,1,stable_forest,CLCD_v01_Yang_Huang_zenodo.18180184,RS_derived
SAIH_AFF_r08c49,8,49,117.463213,42.523169,0.2802,0.4308,0.6227,0.8224,0.3389,0.7883,0.4494,0.01513,2005,1990,0,partial_forest,CLCD_v01_Yang_Huang_zenodo.18180184,RS_derived
SAIH_AFF_r08c50,8,50,117.475264,42.523169,0.4714,0.7,0.8227,0.8757,0.5877,0.8679,0.2802,0.00963,1990,1985,0,stable_forest,CLCD_v01_Yang_Huang_zenodo.18180184,RS_derived
SAIH_AFF_r08c51,8,51,117.487315,42.523169,0.4942,0.583,0.6806,0.7198,0.5306,0.715,0.1844,0.00634,1990,1985,0,stable_forest,CLCD_v01_Yang_Huang_zenodo.18180184,RS_derived
SAIH_AFF_r08c52,8,52,117.499365,42.523169,0.3585,0.4363,0.4909,0.5444,0.4073,0.5374,0.1301,0.00425,2015,1985,0,partial_forest,CLCD_v01_Yang_Huang_zenodo.18180184,RS_derived
SAIH_AFF_r08c53,8,53,117.511416,42.523169,0.4004,0.4446,0.487,0.5268,0.426,0.534,0.108,0.00366,2015,1985,0,partial_forest,CLCD_v01_Yang_Huang_zenodo.18180184,RS_derived
SAIH_AFF_r08c54,8,54,117.523467,42.523169,0.2124,0.2427,0.2813,0.4225,0.2328,0.3984,0.1657,0.00505,0,2015,0,partial_forest,CLCD_v01_Yang_Huang_zenodo.18180184,RS_derived
SAIH_AFF_r08c55,8,55,117.535518,42.523169,0.587,0.5946,0.613,0.687,0.5907,0.6937,0.103,0.00328,1985,1985,1,stable_forest,CLCD_v01_Yang_Huang_zenodo.18180184,RS_derived
SAIH_AFF_r08c56,8,56,117.547568,42.523169,0.1958,0.2002,0.2239,0.2868,0.196,0.2731,0.0772,0.00226,0,0,0,non_forest,CLCD_v01_Yang_Huang_zenodo.18180184,RS_derived
SAIH_AFF_r08c59,8,59,117.583721,42.523169,0.0,0.0,0.0,0.0717,0.0,0.066,0.066,0.00183,0,0,0,non_forest,CLCD_v01_Yang_Huang_zenodo.18180184,RS_derived
SAIH_AFF_r08c60,8,60,117.595772,42.523169,0.0032,0.0049,0.0395,0.1114,0.0032,0.104,0.1007,0.00305,0,0,0,non_forest,CLCD_v01_Yang_Huang_zenodo.18180184,RS_derived
SAIH_AFF_r08c61,8,61,117.607822,42.523169,0.0,0.0,0.0336,0.0993,0.0,0.0943,0.0943,0.00299,0,0,0,non_forest,CLCD_v01_Yang_Huang_zenodo.18180184,RS_derived
SAIH_AFF_r09c18,9,18,117.089639,42.51413,0.2383,0.2416,0.2614,0.3354,0.2383,0.3311,0.0928,0.00298,0,2016,0,partial_forest,CLCD_v01_Yang_Huang_zenodo.18180184,RS_derived
SAIH_AFF_r09c19,9,19,117.10169,42.51413,0.2184,0.2256,0.2708,0.3414,0.2196,0.3292,0.1096,0.00354,0,2017,0,partial_forest,CLCD_v01_Yang_Huang_zenodo.18180184,RS_derived
SAIH_AFF_r09c26,9,26,117.186045,42.51413,0.1103,0.1291,0.2113,0.2703,0.1113,0.2652,0.154,0.00541,0,0,0,non_forest,CLCD_v01_Yang_Huang_zenodo.18180184,RS_derived
SAIH_AFF_r09c32,9,32,117.25835,42.51413,0.3756,0.3828,0.3905,0.4468,0.3785,0.4453,0.0668,0.00217,0,1985,0,partial_forest,CLCD_v01_Yang_Huang_zenodo.18180184,RS_derived
SAIH_AFF_r09c33,9,33,117.270401,42.51413,0.5709,0.5907,0.6448,0.7126,0.5736,0.6896,0.116,0.00398,1985,1985,1,stable_forest,CLCD_v01_Yang_Huang_zenodo.18180184,RS_derived
SAIH_AFF_r09c34,9,34,117.282452,42.51413,0.3844,0.4302,0.5681,0.695,0.389,0.6602,0.2712,0.00947,2006,1985,0,partial_forest,CLCD_v01_Yang_Huang_zenodo.18180184,RS_derived
SAIH_AFF_r09c35,9,35,117.294502,42.51413,0.1746,0.1941,0.3638,0.4303,0.176,0.4036,0.2276,0.0085,0,2008,0,partial_forest,CLCD_v01_Yang_Huang_zenodo.18180184,RS_derived
SAIH_AFF_r09c39,9,39,117.342705,42.51413,0.3778,0.4049,0.4341,0.5891,0.3856,0.5062,0.1205,0.00358,2023,1985,0,partial_forest,CLCD_v01_Yang_Huang_zenodo.18180184,RS_derived
SAIH_AFF_r09c40,9,40,117.354756,42.51413,0.6184,0.6443,0.6757,0.7346,0.6254,0.7151,0.0897,0.0029,1985,1985,1,stable_forest,CLCD_v01_Yang_Huang_zenodo.18180184,RS_derived
SAIH_AFF_r09c41,9,41,117.366807,42.51413,0.396,0.4098,0.428,0.4915,0.4055,0.4748,0.0693,0.00219,0,1985,0,partial_forest,CLCD_v01_Yang_Huang_zenodo.18180184,RS_derived
SAIH_AFF_r09c42,9,42,117.378858,42.51413,0.3894,0.4203,0.4948,0.6172,0.4045,0.5945,0.19,0.00624,2015,1985,0,partial_forest,CLCD_v01_Yang_Huang_zenodo.18180184,RS_derived
SAIH_AFF_r09c43,9,43,117.390908,42.51413,0.4402,0.7264,0.8378,0.9084,0.5842,0.8753,0.2911,0.00941,1990,1985,0,stable_forest,CLCD_v01_Yang_Huang_zenodo.18180184,RS_derived
SAIH_AFF_r09c44,9,44,117.402959,42.51413,0.4788,0.7104,0.8671,0.9377,0.5671,0.9291,0.362,0.0123,1990,1985,0,stable_forest,CLCD_v01_Yang_Huang_zenodo.18180184,RS_derived
SAIH_AFF_r09c45,9,45,117.41501,42.51413,0.6259,0.8957,0.9573,0.9508,0.7733,0.9516,0.1783,0.00606,1985,1985,1,stable_forest,CLCD_v01_Yang_Huang_zenodo.18180184,RS_derived
SAIH_AFF_r09c46,9,46,117.427061,42.51413,0.7066,0.8423,0.8935,0.9189,0.786,0.8854,0.0994,0.00352,1985,1985,1,stable_forest,CLCD_v01_Yang_Huang_zenodo.18180184,RS_derived
SAIH_AFF_r09c47,9,47,117.439112,42.51413,0.7253,0.8318,0.8858,0.8991,0.7716,0.8701,0.0985,0.00361,1985,1985,1,stable_forest,CLCD_v01_Yang_Huang_zenodo.18180184,RS_derived
SAIH_AFF_r09c48,9,48,117.451162,42.51413,0.471,0.5626,0.7435,0.8031,0.5138,0.7913,0.2775,0.00984,1990,1985,0,stable_forest,CLCD_v01_Yang_Huang_zenodo.18180184,RS_derived
SAIH_AFF_r09c49,9,49,117.463213,42.51413,0.4065,0.5119,0.6282,0.7954,0.4466,0.7727,0.326,0.01071,2000,1985,0,partial_forest,CLCD_v01_Yang_Huang_zenodo.18180184,RS_derived
SAIH_AFF_r09c50,9,50,117.475264,42.51413,0.7616,0.8141,0.8524,0.893,0.7929,0.8897,0.0968,0.00326,1985,1985,1,stable_forest,CLCD_v01_Yang_Huang_zenodo.18180184,RS_derived
SAIH_AFF_r09c51,9,51,117.487315,42.51413,0.6216,0.6817,0.7165,0.7408,0.6587,0.7376,0.079,0.00266,1985,1985,1,stable_forest,CLCD_v01_Yang_Huang_zenodo.18180184,RS_derived
SAIH_AFF_r09c52,9,52,117.499365,42.51413,0.4413,0.4821,0.5014,0.5416,0.4697,0.5379,0.0682,0.00219,2006,1985,0,partial_forest,CLCD_v01_Yang_Huang_zenodo.18180184,RS_derived
SAIH_AFF_r09c53,9,53,117.511416,42.51413,0.2339,0.299,0.3238,0.4534,0.2725,0.4389,0.1664,0.00495,0,2001,0,partial_forest,CLCD_v01_Yang_Huang_zenodo.18180184,RS_derived
SAIH_AFF_r09c54,9,54,117.523467,42.51413,0.7683,0.8549,0.8627,0.9206,0.8326,0.9108,0.0783,0.00229,1985,1985,1,stable_forest,CLCD_v01_Yang_Huang_zenodo.18180184,RS_derived
SAIH_AFF_r09c55,9,55,117.535518,42.51413,0.4389,0.4454,0.5108,0.5703,0.4415,0.5644,0.1229,0.00427,2010,1985,0,partial_forest,CLCD_v01_Yang_Huang_zenodo.18180184,RS_derived
SAIH_AFF_r09c56,9,56,117.547568,42.51413,0.3651,0.3911,0.4451,0.5108,0.3723,0.5006,0.1282,0.00418,2022,1985,0,partial_forest,CLCD_v01_Yang_Huang_zenodo.18180184,RS_derived
SAIH_AFF_r09c57,9,57,117.559619,42.51413,0.0883,0.096,0.1384,0.2499,0.0903,0.2426,0.1523,0.00505,0,0,0,non_forest,CLCD_v01_Yang_Huang_zenodo.18180184,RS_derived
SAIH_AFF_r09c59,9,59,117.583721,42.51413,0.0,0.0,0.0,0.1103,0.0,0.0899,0.0899,0.00238,0,0,0,non_forest,CLCD_v01_Yang_Huang_zenodo.18180184,RS_derived
SAIH_AFF_r09c60,9,60,117.595772,42.51413,0.0,0.0,0.0103,0.1546,0.0,0.1462,0.1462,0.00427,0,0,0,non_forest,CLCD_v01_Yang_Huang_zenodo.18180184,RS_derived
SAIH_AFF_r09c61,9,61,117.607822,42.51413,0.0347,0.0905,0.0883,0.1627,0.061,0.1584,0.0974,0.0027,0,0,0,non_forest,CLCD_v01_Yang_Huang_zenodo.18180184,RS_derived
SAIH_AFF_r09c63,9,63,117.631924,42.51413,0.0154,0.021,0.0254,0.1329,0.0177,0.1093,0.0917,0.00244,0,0,0,non_forest,CLCD_v01_Yang_Huang_zenodo.18180184,RS_derived
SAIH_AFF_r09c64,9,64,117.643975,42.51413,0.1692,0.1843,0.1849,0.2092,0.1823,0.2094,0.0271,0.00086,0,0,0,non_forest,CLCD_v01_Yang_Huang_zenodo.18180184,RS_derived
SAIH_AFF_r10c18,10,18,117.089639,42.505091,0.209,0.2206,0.2609,0.3243,0.2142,0.3206,0.1064,0.00359,0,2015,0,partial_forest,CLCD_v01_Yang_Huang_zenodo.18180184,RS_derived
SAIH_AFF_r10c25,10,25,117.173995,42.505091,0.1038,0.1157,0.1989,0.2703,0.1038,0.2611,0.1573,0.00542,0,0,0,non_forest,CLCD_v01_Yang_Huang_zenodo.18180184,RS_derived
SAIH_AFF_r10c33,10,33,117.270401,42.505091,0.3679,0.3911,0.4716,0.5378,0.3774,0.5295,0.1522,0.00537,2015,1985,0,partial_forest,CLCD_v01_Yang_Huang_zenodo.18180184,RS_derived
SAIH_AFF_r10c34,10,34,117.282452,42.505091,0.166,0.1787,0.2559,0.3249,0.166,0.3227,0.1566,0.00547,0,2016,0,partial_forest,CLCD_v01_Yang_Huang_zenodo.18180184,RS_derived
SAIH_AFF_r10c35,10,35,117.294502,42.505091,0.167,0.1773,0.2168,0.2524,0.168,0.2477,0.0797,0.00279,0,0,0,non_forest,CLCD_v01_Yang_Huang_zenodo.18180184,RS_derived
SAIH_AFF_r10c37,10,37,117.318604,42.505091,0.2399,0.2515,0.2967,0.3326,0.2437,0.3195,0.0758,0.0026,0,2016,0,partial_forest,CLCD_v01_Yang_Huang_zenodo.18180184,RS_derived
SAIH_AFF_r10c38,10,38,117.330655,42.505091,0.5041,0.5317,0.5576,0.6089,0.5106,0.5842,0.0736,0.00242,1985,1985,1,stable_forest,CLCD_v01_Yang_Huang_zenodo.18180184,RS_derived
SAIH_AFF_r10c39,10,39,117.342705,42.505091,0.3343,0.3431,0.3585,0.3944,0.3363,0.3786,0.0423,0.0014,0,1985,0,partial_forest,CLCD_v01_Yang_Huang_zenodo.18180184,RS_derived
SAIH_AFF_r10c41,10,41,117.366807,42.505091,0.3116,0.3365,0.38,0.476,0.3181,0.4576,0.1395,0.00453,0,1985,0,partial_forest,CLCD_v01_Yang_Huang_zenodo.18180184,RS_derived
SAIH_AFF_r10c42,10,42,117.378858,42.505091,0.5422,0.5565,0.6442,0.7965,0.5491,0.7517,0.2027,0.0068,1985,1985,1,stable_forest,CLCD_v01_Yang_Huang_zenodo.18180184,RS_derived
SAIH_AFF_r10c43,10,43,117.390908,42.505091,0.3447,0.4076,0.5196,0.6873,0.3666,0.6088,0.2422,0.00793,2007,1985,0,partial_forest,CLCD_v01_Yang_Huang_zenodo.18180184,RS_derived
SAIH_AFF_r10c44,10,44,117.402959,42.505091,0.572,0.8136,0.8781,0.9222,0.673,0.917,0.244,0.0081,1985,1985,1,stable_forest,CLCD_v01_Yang_Huang_zenodo.18180184,RS_derived
SAIH_AFF_r10c45,10,45,117.41501,42.505091,0.6368,0.8373,0.9086,0.9503,0.697,0.9477,0.2507,0.00822,1985,1985,1,stable_forest,CLCD_v01_Yang_Huang_zenodo.18180184,RS_derived
SAIH_AFF_r10c46,10,46,117.427061,42.505091,0.7104,0.8191,0.9073,0.936,0.7566,0.9101,0.1535,0.00538,1985,1985,1,stable_forest,CLCD_v01_Yang_Huang_zenodo.18180184,RS_derived
SAIH_AFF_r10c47,10,47,117.439112,42.505091,0.3861,0.4948,0.8285,0.8908,0.4368,0.8723,0.4355,0.0159,2002,1985,0,partial_forest,CLCD_v01_Yang_Huang_zenodo.18180184,RS_derived
SAIH_AFF_r10c48,10,48,117.451162,42.505091,0.433,0.4964,0.7507,0.9051,0.463,0.8818,0.4188,0.0151,2002,1985,0,partial_forest,CLCD_v01_Yang_Huang_zenodo.18180184,RS_derived
SAIH_AFF_r10c49,10,49,117.463213,42.505091,0.7739,0.8103,0.8522,0.8698,0.7933,0.869,0.0757,0.00264,1985,1985,1,stable_forest,CLCD_v01_Yang_Huang_zenodo.18180184,RS_derived
SAIH_AFF_r10c50,10,50,117.475264,42.505091,0.9076,0.9589,0.9649,0.973,0.9516,0.9734,0.0218,0.00074,1985,1985,1,stable_forest,CLCD_v01_Yang_Huang_zenodo.18180184,RS_derived
SAIH_AFF_r10c51,10,51,117.487315,42.505091,0.6045,0.663,0.706,0.733,0.6351,0.7355,0.1004,0.00335,1985,1985,1,stable_forest,CLCD_v01_Yang_Huang_zenodo.18180184,RS_derived
SAIH_AFF_r10c52,10,52,117.499365,42.505091,0.4253,0.5014,0.5229,0.5913,0.4788,0.5854,0.1066,0.00341,2000,1985,0,partial_forest,CLCD_v01_Yang_Huang_zenodo.18180184,RS_derived
SAIH_AFF_r10c53,10,53,117.511416,42.505091,0.6382,0.7661,0.8196,0.8798,0.7372,0.8658,0.1286,0.00437,1985,1985,1,stable_forest,CLCD_v01_Yang_Huang_zenodo.18180184,RS_derived
SAIH_AFF_r10c54,10,54,117.523467,42.505091,0.5946,0.6674,0.6939,0.7667,0.653,0.7546,0.1016,0.00323,1985,1985,1,stable_forest,CLCD_v01_Yang_Huang_zenodo.18180184,RS_derived
SAIH_AFF_r10c55,10,55,117.535518,42.505091,0.0838,0.1081,0.2005,0.3508,0.0958,0.3409,0.2451,0.00829,0,2016,0,partial_forest,CLCD_v01_Yang_Huang_zenodo.18180184,RS_derived
SAIH_AFF_r10c56,10,56,117.547568,42.505091,0.3685,0.4324,0.4699,0.529,0.418,0.5232,0.1052,0.00352,2015,1985,0,partial_forest,CLCD_v01_Yang_Huang_zenodo.18180184,RS_derived
SAIH_AFF_r10c57,10,57,117.559619,42.505091,0.4324,0.4837,0.5554,0.6106,0.4729,0.606,0.1331,0.00467,2004,1985,0,partial_forest,CLCD_v01_Yang_Huang_zenodo.18180184,RS_derived
SAIH_AFF_r10c58,10,58,117.57167,42.505091,0.5731,0.6139,0.6459,0.6784,0.5964,0.6751,0.0787,0.00266,1985,1985,1,stable_forest,CLCD_v01_Yang_Huang_zenodo.18180184,RS_derived
SAIH_AFF_r10c59,10,59,117.583721,42.505091,0.3221,0.3348,0.3596,0.4087,0.3261,0.3991,0.0729,0.00231,0,1985,0,partial_forest,CLCD_v01_Yang_Huang_zenodo.18180184,RS_derived
SAIH_AFF_r10c60,10,60,117.595772,42.505091,0.0,0.0016,0.0059,0.0319,0.0014,0.0304,0.029,0.00089,0,0,0,non_forest,CLCD_v01_Yang_Huang_zenodo.18180184,RS_derived
SAIH_AFF_r10c61,10,61,117.607822,42.505091,0.0116,0.0364,0.0507,0.2052,0.0252,0.1972,0.172,0.00529,0,0,0,non_forest,CLCD_v01_Yang_Huang_zenodo.18180184,RS_derived
SAIH_AFF_r10c62,10,62,117.619873,42.505091,0.1793,0.2206,0.2372,0.2598,0.2063,0.2591,0.0528,0.00161,0,0,0,non_forest,CLCD_v01_Yang_Huang_zenodo.18180184,RS_derived
SAIH_AFF_r10c63,10,63,117.631924,42.505091,0.3685,0.4506,0.4622,0.5946,0.4219,0.5919,0.1701,0.00542,2014,1985,0,partial_forest,CLCD_v01_Yang_Huang_zenodo.18180184,RS_derived
SAIH_AFF_r10c64,10,64,117.643975,42.505091,0.2395,0.2832,0.3011,0.3832,0.272,0.3732,0.1012,0.0031,0,2005,0,partial_forest,CLCD_v01_Yang_Huang_zenodo.18180184,RS_derived
SAIH_AFF_r11c15,11,15,117.053487,42.496052,0.2184,0.2627,0.2676,0.2886,0.248,0.2883,0.0403,0.00119,0,0,0,non_forest,CLCD_v01_Yang_Huang_zenodo.18180184,RS_derived
SAIH_AFF_r11c16,11,16,117.065538,42.496052,0.3988,0.4186,0.4335,0.4793,0.4077,0.4744,0.0668,0.00201,0,1985,0,partial_forest,CLCD_v01_Yang_Huang_zenodo.18180184,RS_derived
SAIH_AFF_r11c19,11,19,117.10169,42.496052,0.0011,0.0011,0.0579,0.2372,0.0011,0.1999,0.1987,0.00673,0,0,0,non_forest,CLCD_v01_Yang_Huang_zenodo.18180184,RS_derived
SAIH_AFF_r11c37,11,37,117.318604,42.496052,0.1583,0.1897,0.2449,0.3618,0.1655,0.3203,0.1548,0.00502,0,2017,0,partial_forest,CLCD_v01_Yang_Huang_zenodo.18180184,RS_derived
SAIH_AFF_r11c40,11,40,117.354756,42.496052,0.3827,0.4027,0.4211,0.4541,0.3933,0.4514,0.0582,0.00194,0,1985,0,partial_forest,CLCD_v01_Yang_Huang_zenodo.18180184,RS_derived
SAIH_AFF_r11c41,11,41,117.366807,42.496052,0.5637,0.6056,0.6713,0.7264,0.5773,0.72,0.1427,0.00489,1985,1985,1,stable_forest,CLCD_v01_Yang_Huang_zenodo.18180184,RS_derived
SAIH_AFF_r11c42,11,42,117.378858,42.496052,0.5097,0.5295,0.62,0.7584,0.5145,0.7104,0.1959,0.00672,1985,1985,1,stable_forest,CLCD_v01_Yang_Huang_zenodo.18180184,RS_derived
SAIH_AFF_r11c43,11,43,117.390908,42.496052,0.2124,0.2206,0.305,0.471,0.2178,0.4237,0.2059,0.00675,0,2010,0,partial_forest,CLCD_v01_Yang_Huang_zenodo.18180184,RS_derived
SAIH_AFF_r11c44,11,44,117.402959,42.496052,0.4346,0.6189,0.6569,0.6906,0.5104,0.6801,0.1696,0.00547,1990,1985,0,stable_forest,CLCD_v01_Yang_Huang_zenodo.18180184,RS_derived
SAIH_AFF_r11c45,11,45,117.41501,42.496052,0.3432,0.6351,0.6735,0.7211,0.469,0.6959,0.2269,0.00721,1996,1985,0,partial_forest,CLCD_v01_Yang_Huang_zenodo.18180184,RS_derived
SAIH_AFF_r11c46,11,46,117.427061,42.496052,0.572,0.8522,0.9129,0.9244,0.7252,0.9212,0.196,0.00636,1985,1985,1,stable_forest,CLCD_v01_Yang_Huang_zenodo.18180184,RS_derived
SAIH_AFF_r11c47,11,47,117.439112,42.496052,0.6988,0.8257,0.8963,0.8913,0.7591,0.887,0.1279,0.0045,1985,1985,1,stable_forest,CLCD_v01_Yang_Huang_zenodo.18180184,RS_derived
SAIH_AFF_r11c48,11,48,117.451162,42.496052,0.8544,0.9112,0.957,0.9559,0.8905,0.9379,0.0474,0.00196,1985,1985,1,stable_forest,CLCD_v01_Yang_Huang_zenodo.18180184,RS_derived
SAIH_AFF_r11c49,11,49,117.463213,42.496052,0.8086,0.8516,0.8897,0.9013,0.834,0.8995,0.0655,0.0023,1985,1985,1,stable_forest,CLCD_v01_Yang_Huang_zenodo.18180184,RS_derived
SAIH_AFF_r11c50,11,50,117.475264,42.496052,0.4962,0.6681,0.7276,0.7881,0.5693,0.7691,0.1998,0.00657,1990,1985,0,stable_forest,CLCD_v01_Yang_Huang_zenodo.18180184,RS_derived
SAIH_AFF_r11c51,11,51,117.487315,42.496052,0.2565,0.332,0.449,0.6338,0.2958,0.6087,0.3129,0.01033,2015,1991,0,afforested,CLCD_v01_Yang_Huang_zenodo.18180184,RS_derived
SAIH_AFF_r11c52,11,52,117.499365,42.496052,0.7838,0.8362,0.8731,0.898,0.8161,0.891,0.0749,0.00249,1985,1985,1,stable_forest,CLCD_v01_Yang_Huang_zenodo.18180184,RS_derived
SAIH_AFF_r11c53,11,53,117.511416,42.496052,0.9106,0.9217,0.9393,0.9581,0.9178,0.9524,0.0346,0.00119,1985,1985,1,stable_forest,CLCD_v01_Yang_Huang_zenodo.18180184,RS_derived
SAIH_AFF_r11c54,11,54,117.523467,42.496052,0.4159,0.4484,0.4755,0.519,0.4384,0.5097,0.0713,0.00227,2022,1985,0,partial_forest,CLCD_v01_Yang_Huang_zenodo.18180184,RS_derived
SAIH_AFF_r11c55,11,55,117.535518,42.496052,0.3784,0.4049,0.44,0.5308,0.3972,0.5165,0.1193,0.00389,2017,1985,0,partial_forest,CLCD_v01_Yang_Huang_zenodo.18180184,RS_derived
SAIH_AFF_r11c56,11,56,117.547568,42.496052,0.1748,0.2096,0.3271,0.433,0.1951,0.4291,0.234,0.0084,0,2010,0,partial_forest,CLCD_v01_Yang_Huang_zenodo.18180184,RS_derived
SAIH_AFF_r11c60,11,60,117.595772,42.496052,0.0795,0.1314,0.14,0.2508,0.1159,0.2342,0.1183,0.00357,0,0,0,non_forest,CLCD_v01_Yang_Huang_zenodo.18180184,RS_derived
SAIH_AFF_r11c64,11,64,117.643975,42.496052,0.0708,0.1005,0.1173,0.2638,0.0897,0.2652,0.1756,0.00533,0,0,0,non_forest,CLCD_v01_Yang_Huang_zenodo.18180184,RS_derived
SAIH_AFF_r12c16,12,16,117.065538,42.487013,0.3394,0.3598,0.4103,0.4586,0.3482,0.4549,0.1067,0.0035,0,1985,0,partial_forest,CLCD_v01_Yang_Huang_zenodo.18180184,RS_derived
SAIH_AFF_r12c33,12,33,117.270401,42.487013,0.0161,0.3088,0.3276,0.362,0.0288,0.3579,0.3291,0.00993,0,1998,0,partial_forest,CLCD_v01_Yang_Huang_zenodo.18180184,RS_derived
SAIH_AFF_r12c39,12,39,117.342705,42.487013,0.4409,0.4769,0.4914,0.5252,0.4676,0.5242,0.0565,0.00187,2015,1985,0,partial_forest,CLCD_v01_Yang_Huang_zenodo.18180184,RS_derived
SAIH_AFF_r12c40,12,40,117.354756,42.487013,0.5705,0.6047,0.6189,0.6453,0.5966,0.6392,0.0426,0.00142,1985,1985,1,stable_forest,CLCD_v01_Yang_Huang_zenodo.18180184,RS_derived
SAIH_AFF_r12c41,12,41,117.366807,42.487013,0.3571,0.3781,0.4323,0.5725,0.3674,0.5463,0.1789,0.00594,2016,1985,0,partial_forest,CLCD_v01_Yang_Huang_zenodo.18180184,RS_derived
SAIH_AFF_r12c42,12,42,117.378858,42.487013,0.4758,0.4909,0.5569,0.7863,0.4823,0.7069,0.2246,0.0074,2005,1985,0,partial_forest,CLCD_v01_Yang_Huang_zenodo.18180184,RS_derived
SAIH_AFF_r12c43,12,43,117.390908,42.487013,0.2331,0.2573,0.297,0.3888,0.2423,0.366,0.1237,0.00404,0,2014,0,partial_forest,CLCD_v01_Yang_Huang_zenodo.18180184,RS_derived
SAIH_AFF_r12c45,12,45,117.41501,42.487013,0.6395,0.8768,0.9105,0.98,0.7478,0.938,0.1902,0.00598,1985,1985,1,stable_forest,CLCD_v01_Yang_Huang_zenodo.18180184,RS_derived
SAIH_AFF_r12c46,12,46,117.427061,42.487013,0.6192,0.8818,0.9801,0.9903,0.6933,0.9894,0.2962,0.00969,1985,1985,1,stable_forest,CLCD_v01_Yang_Huang_zenodo.18180184,RS_derived
SAIH_AFF_r12c47,12,47,117.439112,42.487013,0.4656,0.6976,0.8953,0.9189,0.5288,0.9185,0.3897,0.01341,1990,1985,0,stable_forest,CLCD_v01_Yang_Huang_zenodo.18180184,RS_derived
SAIH_AFF_r12c48,12,48,117.451162,42.487013,0.7965,0.8679,0.913,0.9243,0.8329,0.9218,0.0889,0.00289,1985,1985,1,stable_forest,CLCD_v01_Yang_Huang_zenodo.18180184,RS_derived
SAIH_AFF_r12c49,12,49,117.463213,42.487013,0.8555,0.9178,0.9501,0.964,0.8854,0.9623,0.0769,0.00263,1985,1985,1,stable_forest,CLCD_v01_Yang_Huang_zenodo.18180184,RS_derived
SAIH_AFF_r12c50,12,50,117.475264,42.487013,0.7495,0.7953,0.8189,0.8747,0.7721,0.8582,0.0861,0.00273,1985,1985,1,stable_forest,CLCD_v01_Yang_Huang_zenodo.18180184,RS_derived
SAIH_AFF_r12c51,12,51,117.487315,42.487013,0.8179,0.8738,0.9114,0.9533,0.8357,0.9503,0.1147,0.00379,1985,1985,1,stable_forest,CLCD_v01_Yang_Huang_zenodo.18180184,RS_derived
SAIH_AFF_r12c52,12,52,117.499365,42.487013,0.927,0.9962,0.9984,0.9989,0.9781,0.9989,0.0209,0.00068,1985,1985,1,stable_forest,CLCD_v01_Yang_Huang_zenodo.18180184,RS_derived
SAIH_AFF_r12c53,12,53,117.511416,42.487013,0.8206,0.9452,0.9635,0.9823,0.9006,0.9798,0.0792,0.00247,1985,1985,1,stable_forest,CLCD_v01_Yang_Huang_zenodo.18180184,RS_derived
SAIH_AFF_r12c54,12,54,117.523467,42.487013,0.71,0.7331,0.7857,0.92,0.7242,0.9094,0.1852,0.00594,1985,1985,1,stable_forest,CLCD_v01_Yang_Huang_zenodo.18180184,RS_derived
SAIH_AFF_r12c55,12,55,117.535518,42.487013,0.3537,0.3837,0.4611,0.6589,0.3707,0.6511,0.2804,0.00953,2014,1985,0,partial_forest,CLCD_v01_Yang_Huang_zenodo.18180184,RS_derived
SAIH_AFF_r12c56,12,56,117.547568,42.487013,0.4866,0.5634,0.5816,0.6219,0.5447,0.6184,0.0738,0.00246,1990,1985,0,stable_forest,CLCD_v01_Yang_Huang_zenodo.18180184,RS_derived
SAIH_AFF_r12c57,12,57,117.559619,42.487013,0.1643,0.1976,0.4667,0.645,0.1719,0.6298,0.4579,0.01623,2014,2006,0,afforested,CLCD_v01_Yang_Huang_zenodo.18180184,RS_derived
SAIH_AFF_r12c58,12,58,117.57167,42.487013,0.0934,0.1815,0.399,0.5854,0.1393,0.5755,0.4363,0.01526,2015,2008,0,afforested,CLCD_v01_Yang_Huang_zenodo.18180184,RS_derived
SAIH_AFF_r12c59,12,59,117.583721,42.487013,0.1638,0.3459,0.5526,0.6874,0.1924,0.6786,0.4862,0.01688,2008,1998,0,afforested,CLCD_v01_Yang_Huang_zenodo.18180184,RS_derived
SAIH_AFF_r12c60,12,60,117.595772,42.487013,0.3889,0.5047,0.56,0.6721,0.4329,0.6532,0.2203,0.00681,2000,1985,0,partial_forest,CLCD_v01_Yang_Huang_zenodo.18180184,RS_derived
SAIH_AFF_r12c64,12,64,117.643975,42.487013,0.2305,0.3037,0.4726,0.7153,0.2705,0.7234,0.4529,0.01593,2012,1997,0,afforested,CLCD_v01_Yang_Huang_zenodo.18180184,RS_derived
SAIH_AFF_r13c18,13,18,117.089639,42.477974,0.0971,0.1125,0.1484,0.3646,0.0999,0.3089,0.209,0.00612,0,2022,0,partial_forest,CLCD_v01_Yang_Huang_zenodo.18180184,RS_derived
SAIH_AFF_r13c21,13,21,117.125792,42.477974,0.0083,0.0083,0.0094,0.2537,0.0083,0.1674,0.1591,0.00408,0,0,0,non_forest,CLCD_v01_Yang_Huang_zenodo.18180184,RS_derived
SAIH_AFF_r13c30,13,30,117.234248,42.477974,0.0,0.0,0.0,0.2265,0.0,0.1829,0.1829,0.00524,0,0,0,non_forest,CLCD_v01_Yang_Huang_zenodo.18180184,RS_derived
SAIH_AFF_r13c31,13,31,117.246299,42.477974,0.0,0.0,0.0,0.4087,0.0,0.3368,0.3368,0.01007,0,2022,0,partial_forest,CLCD_v01_Yang_Huang_zenodo.18180184,RS_derived
SAIH_AFF_r13c32,13,32,117.25835,42.477974,0.0,0.0,0.0083,0.2322,0.0,0.1805,0.1805,0.00537,0,0,0,non_forest,CLCD_v01_Yang_Huang_zenodo.18180184,RS_derived
SAIH_AFF_r13c33,13,33,117.270401,42.477974,0.0276,0.0552,0.1991,0.4038,0.0323,0.3657,0.3334,0.01139,0,2016,0,partial_forest,CLCD_v01_Yang_Huang_zenodo.18180184,RS_derived
SAIH_AFF_r13c39,13,39,117.342705,42.477974,0.3536,0.364,0.3822,0.4242,0.3575,0.4216,0.0641,0.00208,0,1985,0,partial_forest,CLCD_v01_Yang_Huang_zenodo.18180184,RS_derived
SAIH_AFF_r13c40,13,40,117.354756,42.477974,0.3486,0.3708,0.4238,0.4924,0.3618,0.4848,0.123,0.00425,0,1985,0,partial_forest,CLCD_v01_Yang_Huang_zenodo.18180184,RS_derived
SAIH_AFF_r13c41,13,41,117.366807,42.477974,0.2074,0.2096,0.2808,0.4782,0.2083,0.4559,0.2475,0.00816,0,2015,0,partial_forest,CLCD_v01_Yang_Huang_zenodo.18180184,RS_derived
SAIH_AFF_r13c42,13,42,117.378858,42.477974,0.3878,0.4004,0.4975,0.6669,0.3911,0.6122,0.2212,0.00747,2014,1985,0,partial_forest,CLCD_v01_Yang_Huang_zenodo.18180184,RS_derived
SAIH_AFF_r13c43,13,43,117.390908,42.477974,0.1875,0.2019,0.2443,0.3889,0.1971,0.3682,0.1711,0.00555,0,2016,0,partial_forest,CLCD_v01_Yang_Huang_zenodo.18180184,RS_derived
SAIH_AFF_r13c44,13,44,117.402959,42.477974,0.2499,0.2681,0.3304,0.4755,0.2566,0.4038,0.1472,0.00479,0,2008,0,partial_forest,CLCD_v01_Yang_Huang_zenodo.18180184,RS_derived
SAIH_AFF_r13c45,13,45,117.41501,42.477974,0.3459,0.5676,0.667,0.8319,0.4371,0.732,0.2949,0.00969,1998,1985,0,partial_forest,CLCD_v01_Yang_Huang_zenodo.18180184,RS_derived
SAIH_AFF_r13c46,13,46,117.427061,42.477974,0.3883,0.7303,0.8301,0.8698,0.5164,0.863,0.3466,0.01114,1990,1985,0,stable_forest,CLCD_v01_Yang_Huang_zenodo.18180184,RS_derived
SAIH_AFF_r13c47,13,47,117.439112,42.477974,0.6051,0.7827,0.925,0.9526,0.6746,0.9518,0.2773,0.00968,1985,1985,1,stable_forest,CLCD_v01_Yang_Huang_zenodo.18180184,RS_derived
SAIH_AFF_r13c48,13,48,117.451162,42.477974,0.7055,0.8235,0.8847,0.9013,0.7493,0.906,0.1567,0.00519,1985,1985,1,stable_forest,CLCD_v01_Yang_Huang_zenodo.18180184,RS_derived
SAIH_AFF_r13c49,13,49,117.463213,42.477974,0.9807,0.9956,0.9967,0.9972,0.9868,0.9978,0.011,0.00035,1985,1985,1,stable_forest,CLCD_v01_Yang_Huang_zenodo.18180184,RS_derived
SAIH_AFF_r13c50,13,50,117.475264,42.477974,0.8859,0.9411,0.96,0.9741,0.9095,0.9733,0.0638,0.00208,1985,1985,1,stable_forest,CLCD_v01_Yang_Huang_zenodo.18180184,RS_derived
SAIH_AFF_r13c51,13,51,117.487315,42.477974,0.9305,0.9553,0.9636,0.973,0.9429,0.973,0.0301,0.00101,1985,1985,1,stable_forest,CLCD_v01_Yang_Huang_zenodo.18180184,RS_derived
SAIH_AFF_r13c52,13,52,117.499365,42.477974,0.9013,0.9641,0.9708,0.9768,0.9381,0.9748,0.0367,0.00124,1985,1985,1,stable_forest,CLCD_v01_Yang_Huang_zenodo.18180184,RS_derived
SAIH_AFF_r13c53,13,53,117.511416,42.477974,0.7275,0.8726,0.8941,0.957,0.8051,0.9356,0.1305,0.00409,1985,1985,1,stable_forest,CLCD_v01_Yang_Huang_zenodo.18180184,RS_derived
SAIH_AFF_r13c54,13,54,117.523467,42.477974,0.6117,0.6878,0.7066,0.7579,0.6731,0.7487,0.0756,0.00251,1985,1985,1,stable_forest,CLCD_v01_Yang_Huang_zenodo.18180184,RS_derived
SAIH_AFF_r13c55,13,55,117.535518,42.477974,0.4184,0.4405,0.5195,0.587,0.4365,0.5832,0.1467,0.0053,2010,1985,0,partial_forest,CLCD_v01_Yang_Huang_zenodo.18180184,RS_derived
SAIH_AFF_r13c56,13,56,117.547568,42.477974,0.6084,0.6657,0.6834,0.8417,0.6523,0.832,0.1797,0.0056,1985,1985,1,stable_forest,CLCD_v01_Yang_Huang_zenodo.18180184,RS_derived
SAIH_AFF_r13c57,13,57,117.559619,42.477974,0.4391,0.4716,0.5521,0.6784,0.46,0.676,0.2159,0.00752,2006,1985,0,partial_forest,CLCD_v01_Yang_Huang_zenodo.18180184,RS_derived
SAIH_AFF_r13c58,13,58,117.57167,42.477974,0.3607,0.4694,0.5229,0.7959,0.4373,0.7843,0.347,0.01144,2008,1985,0,partial_forest,CLCD_v01_Yang_Huang_zenodo.18180184,RS_derived
SAIH_AFF_r13c59,13,59,117.583721,42.477974,0.2912,0.3497,0.5063,0.7077,0.3058,0.6992,0.3934,0.01364,2010,1990,0,partial_forest,CLCD_v01_Yang_Huang_zenodo.18180184,RS_derived
SAIH_AFF_r13c60,13,60,117.595772,42.477974,0.2405,0.2557,0.3189,0.4362,0.2475,0.4203,0.1728,0.00567,0,2006,0,partial_forest,CLCD_v01_Yang_Huang_zenodo.18180184,RS_derived
SAIH_AFF_r13c61,13,61,117.607822,42.477974,0.102,0.1318,0.1627,0.2708,0.1058,0.246,0.1402,0.00429,0,0,0,non_forest,CLCD_v01_Yang_Huang_zenodo.18180184,RS_derived
SAIH_AFF_r14c18,14,18,117.089639,42.468935,0.1208,0.1677,0.273,0.5389,0.1244,0.4483,0.3239,0.0098,2023,2015,0,partial_forest,CLCD_v01_Yang_Huang_zenodo.18180184,RS_derived
SAIH_AFF_r14c19,14,19,117.10169,42.468935,0.1407,0.1704,0.2874,0.4755,0.1473,0.4451,0.2978,0.00954,0,2013,0,partial_forest,CLCD_v01_Yang_Huang_zenodo.18180184,RS_derived
SAIH_AFF_r14c20,14,20,117.113741,42.468935,0.0914,0.2557,0.407,0.5389,0.0941,0.5121,0.418,0.01391,2022,2004,0,afforested,CLCD_v01_Yang_Huang_zenodo.18180184,RS_derived
SAIH_AFF_r14c21,14,21,117.125792,42.468935,0.0579,0.1804,0.3453,0.4992,0.0655,0.4554,0.3899,0.01275,0,2006,0,partial_forest,CLCD_v01_Yang_Huang_zenodo.18180184,RS_derived
SAIH_AFF_r14c22,14,22,117.137842,42.468935,0.0888,0.1473,0.235,0.4523,0.102,0.3823,0.2803,0.00871,0,2017,0,partial_forest,CLCD_v01_Yang_Huang_zenodo.18180184,RS_derived
SAIH_AFF_r14c29,14,29,117.222198,42.468935,0.0028,0.0083,0.2063,0.444,0.0028,0.4104,0.4076,0.01431,0,2015,0,partial_forest,CLCD_v01_Yang_Huang_zenodo.18180184,RS_derived
SAIH_AFF_r14c30,14,30,117.234248,42.468935,0.0314,0.0497,0.1951,0.647,0.0355,0.587,0.5515,0.01875,2017,2013,0,afforested,CLCD_v01_Yang_Huang_zenodo.18180184,RS_derived
SAIH_AFF_r14c31,14,31,117.246299,42.468935,0.0199,0.0568,0.3045,0.5626,0.0298,0.5129,0.4831,0.01756,2023,2010,0,afforested,CLCD_v01_Yang_Huang_zenodo.18180184,RS_derived
SAIH_AFF_r14c32,14,32,117.25835,42.468935,0.0,0.0574,0.2686,0.7204,0.0038,0.5813,0.5775,0.02001,2017,2013,0,afforested,CLCD_v01_Yang_Huang_zenodo.18180184,RS_derived
SAIH_AFF_r14c33,14,33,117.270401,42.468935,0.2559,0.5918,0.7386,0.9145,0.2854,0.8762,0.5908,0.01901,1999,1996,0,afforested,CLCD_v01_Yang_Huang_zenodo.18180184,RS_derived
SAIH_AFF_r14c34,14,34,117.282452,42.468935,0.6332,0.7264,0.8086,0.9553,0.6781,0.9219,0.2437,0.00818,1985,1985,1,stable_forest,CLCD_v01_Yang_Huang_zenodo.18180184,RS_derived
SAIH_AFF_r14c35,14,35,117.294502,42.468935,0.3838,0.4859,0.5341,0.6427,0.3986,0.5849,0.1863,0.00575,2007,1985,0,partial_forest,CLCD_v01_Yang_Huang_zenodo.18180184,RS_derived
SAIH_AFF_r14c40,14,40,117.354756,42.468935,0.2535,0.2654,0.2919,0.3427,0.2612,0.342,0.0808,0.00273,0,2015,0,partial_forest,CLCD_v01_Yang_Huang_zenodo.18180184,RS_derived
SAIH_AFF_r14c41,14,41,117.366807,42.468935,0.2504,0.2526,0.2857,0.3971,0.2523,0.3901,0.1378,0.00444,0,2015,0,partial_forest,CLCD_v01_Yang_Huang_zenodo.18180184,RS_derived
SAIH_AFF_r14c42,14,42,117.378858,42.468935,0.3083,0.3144,0.3624,0.4506,0.3101,0.4431,0.133,0.00447,0,1985,0,partial_forest,CLCD_v01_Yang_Huang_zenodo.18180184,RS_derived
SAIH_AFF_r14c43,14,43,117.390908,42.468935,0.1815,0.2107,0.2912,0.3668,0.1976,0.3458,0.1482,0.00507,0,2016,0,partial_forest,CLCD_v01_Yang_Huang_zenodo.18180184,RS_derived
SAIH_AFF_r14c44,14,44,117.402959,42.468935,0.1991,0.3133,0.4153,0.4517,0.2444,0.4426,0.1982,0.0068,0,1998,0,partial_forest,CLCD_v01_Yang_Huang_zenodo.18180184,RS_derived
SAIH_AFF_r14c45,14,45,117.41501,42.468935,0.5476,0.6622,0.727,0.7454,0.6008,0.7495,0.1487,0.00499,1985,1985,1,stable_forest,CLCD_v01_Yang_Huang_zenodo.18180184,RS_derived
SAIH_AFF_r14c46,14,46,117.427061,42.468935,0.6211,0.7181,0.8086,0.85,0.6546,0.8422,0.1876,0.00637,1985,1985,1,stable_forest,CLCD_v01_Yang_Huang_zenodo.18180184,RS_derived
SAIH_AFF_r14c47,14,47,117.439112,42.468935,0.7739,0.8974,0.9228,0.9531,0.8194,0.9506,0.1312,0.00422,1985,1985,1,stable_forest,CLCD_v01_Yang_Huang_zenodo.18180184,RS_derived
SAIH_AFF_r14c48,14,48,117.451162,42.468935,0.695,0.8136,0.8709,0.8814,0.7691,0.8916,0.1225,0.00419,1985,1985,1,stable_forest,CLCD_v01_Yang_Huang_zenodo.18180184,RS_derived
SAIH_AFF_r14c49,14,49,117.463213,42.468935,0.8362,0.9035,0.9244,0.9123,0.8671,0.9143,0.0472,0.00131,1985,1985,1,stable_forest,CLCD_v01_Yang_Huang_zenodo.18180184,RS_derived
SAIH_AFF_r14c50,14,50,117.475264,42.468935,0.8551,0.92,0.927,0.9427,0.8864,0.938,0.0516,0.00154,1985,1985,1,stable_forest,CLCD_v01_Yang_Huang_zenodo.18180184,RS_derived
SAIH_AFF_r14c51,14,51,117.487315,42.468935,0.8897,0.9355,0.9713,0.9812,0.9043,0.9789,0.0746,0.00257,1985,1985,1,stable_forest,CLCD_v01_Yang_Huang_zenodo.18180184,RS_derived
SAIH_AFF_r14c52,14,52,117.499365,42.468935,0.5907,0.7325,0.7805,0.791,0.6695,0.7864,0.1169,0.00399,1985,1985,1,stable_forest,CLCD_v01_Yang_Huang_zenodo.18180184,RS_derived
SAIH_AFF_r14c53,14,53,117.511416,42.468935,0.5962,0.7077,0.7402,0.8958,0.6519,0.8673,0.2155,0.00642,1985,1985,1,stable_forest,CLCD_v01_Yang_Huang_zenodo.18180184,RS_derived
SAIH_AFF_r14c54,14,54,117.523467,42.468935,0.5119,0.6012,0.6205,0.6354,0.5653,0.6335,0.0682,0.00225,1985,1985,1,stable_forest,CLCD_v01_Yang_Huang_zenodo.18180184,RS_derived
SAIH_AFF_r14c55,14,55,117.535518,42.468935,0.8741,0.9259,0.9465,0.9676,0.9092,0.9493,0.0401,0.00158,1985,1985,1,stable_forest,CLCD_v01_Yang_Huang_zenodo.18180184,RS_derived
SAIH_AFF_r14c56,14,56,117.547568,42.468935,0.5549,0.7204,0.7689,0.8417,0.6839,0.8502,0.1662,0.00612,1985,1985,1,stable_forest,CLCD_v01_Yang_Huang_zenodo.18180184,RS_derived
SAIH_AFF_r14c57,14,57,117.559619,42.468935,0.4644,0.7341,0.8125,0.8312,0.6566,0.8409,0.1843,0.00677,1990,1985,0,stable_forest,CLCD_v01_Yang_Huang_zenodo.18180184,RS_derived
SAIH_AFF_r14c58,14,58,117.57167,42.468935,0.0127,0.3525,0.6558,0.9117,0.1997,0.9068,0.707,0.02498,2006,1998,0,afforested,CLCD_v01_Yang_Huang_zenodo.18180184,RS_derived
SAIH_AFF_r14c59,14,59,117.583721,42.468935,0.0,0.0204,0.433,0.722,0.0044,0.7192,0.7147,0.0263,2013,2008,0,afforested,CLCD_v01_Yang_Huang_zenodo.18180184,RS_derived
SAIH_AFF_r14c60,14,60,117.595772,42.468935,0.26,0.2735,0.3778,0.4395,0.2633,0.4354,0.1721,0.00607,0,2004,0,partial_forest,CLCD_v01_Yang_Huang_zenodo.18180184,RS_derived
SAIH_AFF_r14c61,14,61,117.607822,42.468935,0.262,0.3646,0.4777,0.5896,0.2958,0.5797,0.2839,0.00914,2016,1993,0,afforested,CLCD_v01_Yang_Huang_zenodo.18180184,RS_derived
SAIH_AFF_r14c62,14,62,117.619873,42.468935,0.0667,0.0871,0.1153,0.257,0.0738,0.2465,0.1727,0.00512,0,0,0,non_forest,CLCD_v01_Yang_Huang_zenodo.18180184,RS_derived
SAIH_AFF_r15c16,15,16,117.065538,42.459896,0.064,0.1042,0.1958,0.2868,0.0723,0.2672,0.1949,0.00663,0,0,0,non_forest,CLCD_v01_Yang_Huang_zenodo.18180184,RS_derived
SAIH_AFF_r15c17,15,17,117.077588,42.459896,0.2554,0.4115,0.5019,0.6271,0.2903,0.5905,0.3003,0.00924,2009,1993,0,afforested,CLCD_v01_Yang_Huang_zenodo.18180184,RS_derived
SAIH_AFF_r15c18,15,18,117.089639,42.459896,0.091,0.2796,0.3762,0.5803,0.0925,0.5021,0.4096,0.01225,2023,2002,0,afforested,CLCD_v01_Yang_Huang_zenodo.18180184,RS_derived
SAIH_AFF_r15c19,15,19,117.10169,42.459896,0.0634,0.1401,0.246,0.5615,0.067,0.4665,0.3996,0.01241,2024,2015,0,partial_forest,CLCD_v01_Yang_Huang_zenodo.18180184,RS_derived
SAIH_AFF_r15c20,15,20,117.113741,42.459896,0.1578,0.3108,0.4892,0.7541,0.1608,0.6743,0.5135,0.01641,2012,2000,0,afforested,CLCD_v01_Yang_Huang_zenodo.18180184,RS_derived
SAIH_AFF_r15c21,15,21,117.125792,42.459896,0.2377,0.5786,0.7761,0.8582,0.2499,0.8482,0.5983,0.01919,1999,1996,0,afforested,CLCD_v01_Yang_Huang_zenodo.18180184,RS_derived
SAIH_AFF_r15c22,15,22,117.137842,42.459896,0.086,0.6453,0.781,0.8202,0.0985,0.8207,0.7222,0.02173,1998,1997,0,afforested,CLCD_v01_Yang_Huang_zenodo.18180184,RS_derived
SAIH_AFF_r15c23,15,23,117.149893,42.459896,0.0734,0.4992,0.6464,0.6955,0.0899,0.6904,0.6005,0.0184,2001,1998,0,afforested,CLCD_v01_Yang_Huang_zenodo.18180184,RS_derived
SAIH_AFF_r15c24,15,24,117.161944,42.459896,0.096,0.5085,0.69,0.7435,0.1017,0.7386,0.6368,0.01991,2000,1997,0,afforested,CLCD_v01_Yang_Huang_zenodo.18180184,RS_derived
SAIH_AFF_r15c25,15,25,117.173995,42.459896,0.0103,0.5686,0.6519,0.6968,0.0303,0.6905,0.6601,0.01897,1998,1997,0,afforested,CLCD_v01_Yang_Huang_zenodo.18180184,RS_derived
SAIH_AFF_r15c28,15,28,117.210147,42.459896,0.139,0.1919,0.4087,0.5792,0.1431,0.5703,0.4272,0.01522,2015,2005,0,afforested,CLCD_v01_Yang_Huang_zenodo.18180184,RS_derived
SAIH_AFF_r15c29,15,29,117.222198,42.459896,0.1748,0.3403,0.6078,0.7893,0.1871,0.7742,0.5871,0.02032,2006,1998,0,afforested,CLCD_v01_Yang_Huang_zenodo.18180184,RS_derived
SAIH_AFF_r15c30,15,30,117.234248,42.459896,0.5205,0.8373,0.9049,0.9308,0.5502,0.9271,0.3769,0.0118,1985,1985,1,stable_forest,CLCD_v01_Yang_Huang_zenodo.18180184,RS_derived
SAIH_AFF_r15c31,15,31,117.246299,42.459896,0.6018,0.8582,0.9432,0.9901,0.6417,0.9856,0.3439,0.0108,1985,1985,1,stable_forest,CLCD_v01_Yang_Huang_zenodo.18180184,RS_derived
SAIH_AFF_r15c32,15,32,117.25835,42.459896,0.38,0.5742,0.8274,0.9515,0.401,0.9277,0.5268,0.01812,1998,1985,0,partial_forest,CLCD_v01_Yang_Huang_zenodo.18180184,RS_derived
SAIH_AFF_r15c33,15,33,117.270401,42.459896,0.417,0.7192,0.8207,0.925,0.4496,0.9095,0.4599,0.01464,1997,1985,0,partial_forest,CLCD_v01_Yang_Huang_zenodo.18180184,RS_derived
SAIH_AFF_r15c34,15,34,117.282452,42.459896,0.674,0.8378,0.9211,0.984,0.7563,0.969,0.2127,0.00701,1985,1985,1,stable_forest,CLCD_v01_Yang_Huang_zenodo.18180184,RS_derived
SAIH_AFF_r15c35,15,35,117.294502,42.459896,0.8568,0.9216,0.9508,0.953,0.8924,0.9595,0.0671,0.00232,1985,1985,1,stable_forest,CLCD_v01_Yang_Huang_zenodo.18180184,RS_derived
SAIH_AFF_r15c36,15,36,117.306553,42.459896,0.4335,0.6404,0.8588,0.914,0.4395,0.8894,0.4499,0.01561,1998,1985,0,partial_forest,CLCD_v01_Yang_Huang_zenodo.18180184,RS_derived
SAIH_AFF_r15c37,15,37,117.318604,42.459896,0.4672,0.6056,0.6459,0.7286,0.5312,0.6981,0.1669,0.00519,1990,1985,0,stable_forest,CLCD_v01_Yang_Huang_zenodo.18180184,RS_derived
SAIH_AFF_r15c38,15,38,117.330655,42.459896,0.1594,0.2543,0.2774,0.2923,0.1917,0.2911,0.0994,0.00321,0,0,0,non_forest,CLCD_v01_Yang_Huang_zenodo.18180184,RS_derived
SAIH_AFF_r15c42,15,42,117.378858,42.459896,0.2951,0.3221,0.3729,0.4335,0.3059,0.4113,0.1054,0.00367,0,1990,0,partial_forest,CLCD_v01_Yang_Huang_zenodo.18180184,RS_derived
SAIH_AFF_r15c43,15,43,117.390908,42.459896,0.6371,0.717,0.7937,0.8114,0.665,0.7873,0.1223,0.00434,1985,1985,1,stable_forest,CLCD_v01_Yang_Huang_zenodo.18180184,RS_derived
SAIH_AFF_r15c44,15,44,117.402959,42.459896,0.5769,0.7843,0.8549,0.8081,0.6887,0.8215,0.1328,0.00496,1985,1985,1,stable_forest,CLCD_v01_Yang_Huang_zenodo.18180184,RS_derived
SAIH_AFF_r15c45,15,45,117.41501,42.459896,0.7465,0.8227,0.84,0.9114,0.8041,0.9084,0.1043,0.00339,1985,1985,1,stable_forest,CLCD_v01_Yang_Huang_zenodo.18180184,RS_derived
SAIH_AFF_r15c46,15,46,117.427061,42.459896,0.7954,0.8621,0.9349,0.979,0.8313,0.9752,0.1439,0.00495,1985,1985,1,stable_forest,CLCD_v01_Yang_Huang_zenodo.18180184,RS_derived
SAIH_AFF_r15c47,15,47,117.439112,42.459896,0.7325,0.8395,0.8974,0.9288,0.7653,0.9186,0.1532,0.00495,1985,1985,1,stable_forest,CLCD_v01_Yang_Huang_zenodo.18180184,RS_derived
SAIH_AFF_r15c48,15,48,117.451162,42.459896,0.7044,0.7876,0.8632,0.8919,0.7356,0.8829,0.1472,0.005,1985,1985,1,stable_forest,CLCD_v01_Yang_Huang_zenodo.18180184,RS_derived
SAIH_AFF_r15c49,15,49,117.463213,42.459896,0.3745,0.4644,0.6685,0.8748,0.3974,0.82,0.4226,0.01432,2004,1985,0,partial_forest,CLCD_v01_Yang_Huang_zenodo.18180184,RS_derived
SAIH_AFF_r15c50,15,50,117.475264,42.459896,0.6162,0.7638,0.8286,0.9178,0.6704,0.8717,0.2013,0.00635,1985,1985,1,stable_forest,CLCD_v01_Yang_Huang_zenodo.18180184,RS_derived
SAIH_AFF_r15c51,15,51,117.487315,42.459896,0.6983,0.8792,0.9167,0.9228,0.8077,0.8629,0.0553,0.00198,1985,1985,1,stable_forest,CLCD_v01_Yang_Huang_zenodo.18180184,RS_derived
SAIH_AFF_r15c52,15,52,117.499365,42.459896,0.6001,0.77,0.8042,0.7595,0.7099,0.7495,0.0396,0.00162,1985,1985,1,stable_forest,CLCD_v01_Yang_Huang_zenodo.18180184,RS_derived
SAIH_AFF_r15c53,15,53,117.511416,42.459896,0.5725,0.7683,0.7987,0.9272,0.6747,0.8474,0.1727,0.00525,1985,1985,1,stable_forest,CLCD_v01_Yang_Huang_zenodo.18180184,RS_derived
SAIH_AFF_r15c54,15,54,117.523467,42.459896,0.7231,0.8136,0.8445,0.85,0.7651,0.8565,0.0914,0.00304,1985,1985,1,stable_forest,CLCD_v01_Yang_Huang_zenodo.18180184,RS_derived
SAIH_AFF_r15c55,15,55,117.535518,42.459896,0.6568,0.8865,0.913,0.9443,0.8488,0.9047,0.0559,0.00243,1985,1985,1,stable_forest,CLCD_v01_Yang_Huang_zenodo.18180184,RS_derived
SAIH_AFF_r15c56,15,56,117.547568,42.459896,0.6387,0.8218,0.8792,0.7948,0.7708,0.8472,0.0764,0.00378,1985,1985,1,stable_forest,CLCD_v01_Yang_Huang_zenodo.18180184,RS_derived
SAIH_AFF_r15c57,15,57,117.559619,42.459896,0.4942,0.7363,0.8522,0.9117,0.6115,0.7392,0.1277,0.00665,1990,1985,0,stable_forest,CLCD_v01_Yang_Huang_zenodo.18180184,RS_derived
SAIH_AFF_r15c58,15,58,117.57167,42.459896,0.3872,0.8119,0.9117,0.9095,0.6255,0.9548,0.3293,0.01217,1990,1985,0,stable_forest,CLCD_v01_Yang_Huang_zenodo.18180184,RS_derived
SAIH_AFF_r15c59,15,59,117.583721,42.459896,0.3254,0.7347,0.8356,0.9057,0.657,0.9298,0.2728,0.00992,1990,1985,0,stable_forest,CLCD_v01_Yang_Huang_zenodo.18180184,RS_derived
SAIH_AFF_r15c60,15,60,117.595772,42.459896,0.0854,0.1324,0.3168,0.6432,0.1183,0.6431,0.5248,0.01833,2015,2010,0,afforested,CLCD_v01_Yang_Huang_zenodo.18180184,RS_derived
SAIH_AFF_r15c61,15,61,117.607822,42.459896,0.3149,0.3282,0.4771,0.5985,0.3171,0.5942,0.2772,0.00978,2014,1985,0,partial_forest,CLCD_v01_Yang_Huang_zenodo.18180184,RS_derived
SAIH_AFF_r15c62,15,62,117.619873,42.459896,0.0662,0.1197,0.1804,0.4313,0.0927,0.4042,0.3115,0.01001,0,2016,0,partial_forest,CLCD_v01_Yang_Huang_zenodo.18180184,RS_derived
SAIH_AFF_r16c11,16,11,117.005284,42.450857,0.1164,0.1886,0.2609,0.4357,0.1277,0.3962,0.2685,0.00826,0,2015,0,partial_forest,CLCD_v01_Yang_Huang_zenodo.18180184,RS_derived
SAIH_AFF_r16c12,16,12,117.017335,42.450857,0.4275,0.5378,0.6933,0.8748,0.4533,0.8457,0.3923,0.0128,1997,1985,0,partial_forest,CLCD_v01_Yang_Huang_zenodo.18180184,RS_derived
SAIH_AFF_r16c13,16,13,117.029385,42.450857,0.3177,0.4992,0.6404,0.9156,0.405,0.8691,0.4641,0.01458,2002,1985,0,partial_forest,CLCD_v01_Yang_Huang_zenodo.18180184,RS_derived
SAIH_AFF_r16c14,16,14,117.041436,42.450857,0.2212,0.289,0.3922,0.6271,0.2265,0.6084,0.3819,0.01233,2015,2002,0,afforested,CLCD_v01_Yang_Huang_zenodo.18180184,RS_derived
SAIH_AFF_r16c15,16,15,117.053487,42.450857,0.3584,0.5286,0.6995,0.8314,0.3717,0.7766,0.4049,0.01259,1997,1985,0,partial_forest,CLCD_v01_Yang_Huang_zenodo.18180184,RS_derived
SAIH_AFF_r16c16,16,16,117.065538,42.450857,0.2537,0.7474,0.9338,0.9597,0.3773,0.9492,0.5719,0.01736,1995,1990,0,partial_forest,CLCD_v01_Yang_Huang_zenodo.18180184,RS_derived
SAIH_AFF_r16c17,16,17,117.077588,42.450857,0.4341,0.8549,0.8902,0.9333,0.6007,0.9228,0.322,0.00906,1990,1985,0,stable_forest,CLCD_v01_Yang_Huang_zenodo.18180184,RS_derived
SAIH_AFF_r16c18,16,18,117.089639,42.450857,0.1566,0.5273,0.6724,0.8141,0.2086,0.7866,0.5781,0.01733,1998,1995,0,afforested,CLCD_v01_Yang_Huang_zenodo.18180184,RS_derived
SAIH_AFF_r16c19,16,19,117.10169,42.450857,0.1362,0.3966,0.5268,0.781,0.15,0.713,0.563,0.01685,2005,1998,0,afforested,CLCD_v01_Yang_Huang_zenodo.18180184,RS_derived
SAIH_AFF_r16c20,16,20,117.113741,42.450857,0.0146,0.0654,0.1286,0.4438,0.0146,0.342,0.3274,0.00957,0,2022,0,partial_forest,CLCD_v01_Yang_Huang_zenodo.18180184,RS_derived
SAIH_AFF_r16c21,16,21,117.125792,42.450857,0.1401,0.4054,0.6001,0.7562,0.1484,0.7134,0.565,0.01844,2004,1998,0,afforested,CLCD_v01_Yang_Huang_zenodo.18180184,RS_derived
SAIH_AFF_r16c22,16,22,117.137842,42.450857,0.1931,0.6365,0.8158,0.8676,0.2078,0.8605,0.6528,0.02068,1998,1997,0,afforested,CLCD_v01_Yang_Huang_zenodo.18180184,RS_derived
SAIH_AFF_r16c23,16,23,117.149893,42.450857,0.128,0.6503,0.8787,0.9509,0.1381,0.9419,0.8039,0.0255,1998,1997,0,afforested,CLCD_v01_Yang_Huang_zenodo.18180184,RS_derived
SAIH_AFF_r16c24,16,24,117.161944,42.450857,0.0789,0.4677,0.7143,0.8103,0.0796,0.7967,0.7171,0.02311,2002,1998,0,afforested,CLCD_v01_Yang_Huang_zenodo.18180184,RS_derived
SAIH_AFF_r16c25,16,25,117.173995,42.450857,0.0492,0.3735,0.7157,0.8854,0.0501,0.8525,0.8024,0.02623,2003,1998,0,afforested,CLCD_v01_Yang_Huang_zenodo.18180184,RS_derived
SAIH_AFF_r16c26,16,26,117.186045,42.450857,0.1605,0.5775,0.7568,0.7976,0.1696,0.7927,0.6231,0.01933,1998,1997,0,afforested,CLCD_v01_Yang_Huang_zenodo.18180184,RS_derived
SAIH_AFF_r16c27,16,27,117.198096,42.450857,0.1274,0.5383,0.6757,0.8417,0.1365,0.8242,0.6878,0.02142,2000,1997,0,afforested,CLCD_v01_Yang_Huang_zenodo.18180184,RS_derived
SAIH_AFF_r16c28,16,28,117.210147,42.450857,0.4374,0.7397,0.8902,0.9327,0.4645,0.9312,0.4667,0.01502,1996,1985,0,partial_forest,CLCD_v01_Yang_Huang_zenodo.18180184,RS_derived
SAIH_AFF_r16c29,16,29,117.222198,42.450857,0.4368,0.7452,0.8748,0.9487,0.4766,0.9439,0.4674,0.01479,1996,1985,0,partial_forest,CLCD_v01_Yang_Huang_zenodo.18180184,RS_derived
SAIH_AFF_r16c30,16,30,117.234248,42.450857,0.1638,0.5557,0.8162,0.9,0.1782,0.8896,0.7114,0.0237,2000,1998,0,afforested,CLCD_v01_Yang_Huang_zenodo.18180184,RS_derived
SAIH_AFF_r16c31,16,31,117.246299,42.450857,0.235,0.7965,0.941,0.9581,0.284,0.9567,0.6727,0.02081,1997,1995,0,afforested,CLCD_v01_Yang_Huang_zenodo.18180184,RS_derived
SAIH_AFF_r16c32,16,32,117.25835,42.450857,0.6409,0.9327,0.9675,0.9575,0.7141,0.9545,0.2404,0.00731,1985,1985,1,stable_forest,CLCD_v01_Yang_Huang_zenodo.18180184,RS_derived
SAIH_AFF_r16c33,16,33,117.270401,42.450857,0.3971,0.7132,0.8003,0.8814,0.4423,0.8427,0.4004,0.01273,1997,1985,0,partial_forest,CLCD_v01_Yang_Huang_zenodo.18180184,RS_derived
SAIH_AFF_r16c34,16,34,117.282452,42.450857,0.7937,0.9327,0.9669,0.9603,0.8653,0.9805,0.1152,0.00377,1985,1985,1,stable_forest,CLCD_v01_Yang_Huang_zenodo.18180184,RS_derived
SAIH_AFF_r16c35,16,35,117.294502,42.450857,0.6751,0.9059,0.98,0.9092,0.7654,0.968,0.2026,0.00695,1985,1985,1,stable_forest,CLCD_v01_Yang_Huang_zenodo.18180184,RS_derived
SAIH_AFF_r16c36,16,36,117.306553,42.450857,0.856,0.9487,0.9542,0.9708,0.9054,0.9613,0.0559,0.00181,1985,1985,1,stable_forest,CLCD_v01_Yang_Huang_zenodo.18180184,RS_derived
SAIH_AFF_r16c37,16,37,117.318604,42.450857,0.6277,0.829,0.9338,0.9559,0.6804,0.9544,0.274,0.00937,1985,1985,1,stable_forest,CLCD_v01_Yang_Huang_zenodo.18180184,RS_derived
SAIH_AFF_r16c38,16,38,117.330655,42.450857,0.4909,0.6282,0.8709,0.9493,0.5089,0.9218,0.4128,0.01454,1990,1985,0,stable_forest,CLCD_v01_Yang_Huang_zenodo.18180184,RS_derived
SAIH_AFF_r16c39,16,39,117.342705,42.450857,0.3072,0.5014,0.7104,0.7926,0.3545,0.7429,0.3884,0.01333,2000,1985,0,partial_forest,CLCD_v01_Yang_Huang_zenodo.18180184,RS_derived
SAIH_AFF_r16c40,16,40,117.354756,42.450857,0.4005,0.5438,0.6346,0.7519,0.4516,0.7233,0.2718,0.00895,1997,1985,0,partial_forest,CLCD_v01_Yang_Huang_zenodo.18180184,RS_derived
SAIH_AFF_r16c41,16,41,117.366807,42.450857,0.8103,0.9222,0.9393,0.925,0.853,0.8925,0.0395,0.00142,1985,1985,1,stable_forest,CLCD_v01_Yang_Huang_zenodo.18180184,RS_derived
SAIH_AFF_r16c42,16,42,117.378858,42.450857,0.7181,0.8169,0.8566,0.9195,0.7483,0.8889,0.1405,0.0046,1985,1985,1,stable_forest,CLCD_v01_Yang_Huang_zenodo.18180184,RS_derived
SAIH_AFF_r16c43,16,43,117.390908,42.450857,0.5676,0.6702,0.7165,0.8185,0.6394,0.7991,0.1598,0.0051,1985,1985,1,stable_forest,CLCD_v01_Yang_Huang_zenodo.18180184,RS_derived
SAIH_AFF_r16c44,16,44,117.402959,42.450857,0.7634,0.7926,0.8075,0.888,0.7769,0.8582,0.0813,0.00237,1985,1985,1,stable_forest,CLCD_v01_Yang_Huang_zenodo.18180184,RS_derived
SAIH_AFF_r16c45,16,45,117.41501,42.450857,0.6584,0.7476,0.8059,0.8903,0.7097,0.8793,0.1696,0.00563,1985,1985,1,stable_forest,CLCD_v01_Yang_Huang_zenodo.18180184,RS_derived
SAIH_AFF_r16c46,16,46,117.427061,42.450857,0.6746,0.7612,0.8693,0.9167,0.7301,0.9087,0.1786,0.00638,1985,1985,1,stable_forest,CLCD_v01_Yang_Huang_zenodo.18180184,RS_derived
SAIH_AFF_r16c47,16,47,117.439112,42.450857,0.5902,0.6757,0.7209,0.775,0.6174,0.7717,0.1544,0.00523,1985,1985,1,stable_forest,CLCD_v01_Yang_Huang_zenodo.18180184,RS_derived
SAIH_AFF_r16c48,16,48,117.451162,42.450857,0.615,0.711,0.7694,0.8434,0.6631,0.8434,0.1802,0.00606,1985,1985,1,stable_forest,CLCD_v01_Yang_Huang_zenodo.18180184,RS_derived
SAIH_AFF_r16c49,16,49,117.463213,42.450857,0.5472,0.6056,0.6437,0.7744,0.5787,0.7549,0.1762,0.00589,1985,1985,1,stable_forest,CLCD_v01_Yang_Huang_zenodo.18180184,RS_derived
SAIH_AFF_r16c50,16,50,117.475264,42.450857,0.5076,0.5811,0.5989,0.7022,0.5425,0.671,0.1284,0.00404,1985,1985,1,stable_forest,CLCD_v01_Yang_Huang_zenodo.18180184,RS_derived
SAIH_AFF_r16c51,16,51,117.487315,42.450857,0.663,0.8031,0.8434,0.8748,0.7316,0.8571,0.1254,0.00422,1985,1985,1,stable_forest,CLCD_v01_Yang_Huang_zenodo.18180184,RS_derived
SAIH_AFF_r16c52,16,52,117.499365,42.450857,0.7849,0.914,0.9206,0.9189,0.8475,0.8912,0.0436,0.00138,1985,1985,1,stable_forest,CLCD_v01_Yang_Huang_zenodo.18180184,RS_derived
SAIH_AFF_r16c53,16,53,117.511416,42.450857,0.7887,0.9151,0.9476,0.9482,0.8415,0.9236,0.0821,0.00264,1985,1985,1,stable_forest,CLCD_v01_Yang_Huang_zenodo.18180184,RS_derived
SAIH_AFF_r16c54,16,54,117.523467,42.450857,0.5753,0.6873,0.7115,0.8549,0.6492,0.795,0.1458,0.00446,1985,1985,1,stable_forest,CLCD_v01_Yang_Huang_zenodo.18180184,RS_derived
SAIH_AFF_r16c55,16,55,117.535518,42.450857,0.5319,0.74,0.9016,0.9341,0.6132,0.925,0.3118,0.01153,1985,1985,1,stable_forest,CLCD_v01_Yang_Huang_zenodo.18180184,RS_derived
SAIH_AFF_r16c56,16,56,117.547568,42.450857,0.6795,0.8549,0.8698,0.8649,0.7985,0.8837,0.0852,0.00324,1985,1985,1,stable_forest,CLCD_v01_Yang_Huang_zenodo.18180184,RS_derived
SAIH_AFF_r16c57,16,57,117.559619,42.450857,0.2703,0.5902,0.6553,0.6415,0.4851,0.6816,0.1964,0.00762,1990,1990,0,partial_forest,CLCD_v01_Yang_Huang_zenodo.18180184,RS_derived
SAIH_AFF_r16c58,16,58,117.57167,42.450857,0.3916,0.7143,0.8207,0.8935,0.591,0.9043,0.3133,0.01186,1990,1985,0,stable_forest,CLCD_v01_Yang_Huang_zenodo.18180184,RS_derived
SAIH_AFF_r16c59,16,59,117.583721,42.450857,0.5306,0.8158,0.8605,0.968,0.7212,0.9552,0.234,0.00866,1985,1985,1,stable_forest,CLCD_v01_Yang_Huang_zenodo.18180184,RS_derived
SAIH_AFF_r16c60,16,60,117.595772,42.450857,0.1135,0.3416,0.6335,0.78,0.2101,0.7677,0.5576,0.01979,2005,1999,0,afforested,CLCD_v01_Yang_Huang_zenodo.18180184,RS_derived
SAIH_AFF_r16c61,16,61,117.607822,42.450857,0.1307,0.1771,0.4567,0.588,0.1326,0.5913,0.4587,0.01653,2015,2004,0,afforested,CLCD_v01_Yang_Huang_zenodo.18180184,RS_derived
SAIH_AFF_r16c62,16,62,117.619873,42.450857,0.1202,0.1401,0.203,0.2747,0.1258,0.2716,0.1458,0.00489,0,0,0,non_forest,CLCD_v01_Yang_Huang_zenodo.18180184,RS_derived
SAIH_AFF_r17c11,17,11,117.005284,42.441818,0.0221,0.2399,0.4628,0.6646,0.0282,0.6348,0.6066,0.01984,2014,2003,0,afforested,CLCD_v01_Yang_Huang_zenodo.18180184,RS_derived
SAIH_AFF_r17c12,17,12,117.017335,42.441818,0.2852,0.492,0.7821,0.9818,0.3292,0.967,0.6378,0.02169,2002,1990,0,partial_forest,CLCD_v01_Yang_Huang_zenodo.18180184,RS_derived
SAIH_AFF_r17c13,17,13,117.029385,42.441818,0.3949,0.6635,0.9195,0.9923,0.4569,0.9672,0.5103,0.01674,1996,1985,0,partial_forest,CLCD_v01_Yang_Huang_zenodo.18180184,RS_derived
SAIH_AFF_r17c14,17,14,117.041436,42.441818,0.2443,0.6646,0.9084,0.9868,0.3273,0.9783,0.651,0.0206,1996,1991,0,partial_forest,CLCD_v01_Yang_Huang_zenodo.18180184,RS_derived
SAIH_AFF_r17c15,17,15,117.053487,42.441818,0.3892,0.8303,0.9351,0.9643,0.55,0.958,0.408,0.01212,1991,1985,0,stable_forest,CLCD_v01_Yang_Huang_zenodo.18180184,RS_derived
SAIH_AFF_r17c16,17,16,117.065538,42.441818,0.2013,0.6895,0.8935,0.9305,0.3029,0.9204,0.6175,0.01914,1996,1992,0,partial_forest,CLCD_v01_Yang_Huang_zenodo.18180184,RS_derived
SAIH_AFF_r17c17,17,17,117.077588,42.441818,0.0866,0.6569,0.8103,0.9018,0.184,0.8739,0.6899,0.02039,1996,1995,0,afforested,CLCD_v01_Yang_Huang_zenodo.18180184,RS_derived
SAIH_AFF_r17c18,17,18,117.089639,42.441818,0.2896,0.6696,0.8665,0.9437,0.3531,0.9288,0.5757,0.01781,1996,1990,0,partial_forest,CLCD_v01_Yang_Huang_zenodo.18180184,RS_derived
SAIH_AFF_r17c19,17,19,117.10169,42.441818,0.1699,0.4755,0.6111,0.8169,0.2161,0.7801,0.564,0.01731,2003,1996,0,afforested,CLCD_v01_Yang_Huang_zenodo.18180184,RS_derived
SAIH_AFF_r17c20,17,20,117.113741,42.441818,0.3497,0.4081,0.5546,0.8903,0.3562,0.8158,0.4595,0.01544,2008,1985,0,partial_forest,CLCD_v01_Yang_Huang_zenodo.18180184,RS_derived
SAIH_AFF_r17c21,17,21,117.125792,42.441818,0.1947,0.4004,0.6393,0.8748,0.2161,0.8411,0.6249,0.02079,2005,1997,0,afforested,CLCD_v01_Yang_Huang_zenodo.18180184,RS_derived
SAIH_AFF_r17c22,17,22,117.137842,42.441818,0.3398,0.6531,0.8081,0.8605,0.3783,0.8635,0.4852,0.01577,1997,1985,0,partial_forest,CLCD_v01_Yang_Huang_zenodo.18180184,RS_derived
SAIH_AFF_r17c23,17,23,117.149893,42.441818,0.1511,0.2951,0.6023,0.7959,0.1548,0.7813,0.6265,0.02185,2005,2002,0,afforested,CLCD_v01_Yang_Huang_zenodo.18180184,RS_derived
SAIH_AFF_r17c24,17,24,117.161944,42.441818,0.1224,0.3309,0.6222,0.8196,0.1276,0.8122,0.6845,0.02347,2004,2000,0,afforested,CLCD_v01_Yang_Huang_zenodo.18180184,RS_derived
SAIH_AFF_r17c25,17,25,117.173995,42.441818,0.1822,0.3011,0.5708,0.7616,0.1871,0.7424,0.5553,0.019,2005,2000,0,afforested,CLCD_v01_Yang_Huang_zenodo.18180184,RS_derived
SAIH_AFF_r17c26,17,26,117.186045,42.441818,0.1605,0.4115,0.5797,0.7435,0.1682,0.7251,0.5569,0.01803,2005,1998,0,afforested,CLCD_v01_Yang_Huang_zenodo.18180184,RS_derived
SAIH_AFF_r17c27,17,27,117.198096,42.441818,0.1793,0.4688,0.6718,0.8621,0.1797,0.8437,0.664,0.02193,2003,1998,0,afforested,CLCD_v01_Yang_Huang_zenodo.18180184,RS_derived
SAIH_AFF_r17c28,17,28,117.210147,42.441818,0.4043,0.7347,0.8549,0.8952,0.4566,0.8927,0.4361,0.01364,1996,1985,0,partial_forest,CLCD_v01_Yang_Huang_zenodo.18180184,RS_derived
SAIH_AFF_r17c29,17,29,117.222198,42.441818,0.4413,0.8902,0.9625,0.979,0.4855,0.9771,0.4916,0.01462,1994,1985,0,partial_forest,CLCD_v01_Yang_Huang_zenodo.18180184,RS_derived
SAIH_AFF_r17c30,17,30,117.234248,42.441818,0.1708,0.7524,0.9476,0.9805,0.1804,0.977,0.7966,0.02479,1998,1997,0,afforested,CLCD_v01_Yang_Huang_zenodo.18180184,RS_derived
SAIH_AFF_r17c31,17,31,117.246299,42.441818,0.0535,0.4584,0.6249,0.7352,0.064,0.6967,0.6327,0.01977,2004,1998,0,afforested,CLCD_v01_Yang_Huang_zenodo.18180184,RS_derived
SAIH_AFF_r17c32,17,32,117.25835,42.441818,0.2162,0.6145,0.8147,0.9564,0.2645,0.9229,0.6584,0.02102,1998,1996,0,afforested,CLCD_v01_Yang_Huang_zenodo.18180184,RS_derived
SAIH_AFF_r17c33,17,33,117.270401,42.441818,0.182,0.3563,0.5576,0.6828,0.199,0.6436,0.4446,0.01526,2006,1998,0,afforested,CLCD_v01_Yang_Huang_zenodo.18180184,RS_derived
SAIH_AFF_r17c34,17,34,117.282452,42.441818,0.5709,0.6922,0.7534,0.7794,0.6222,0.7715,0.1493,0.00489,1985,1985,1,stable_forest,CLCD_v01_Yang_Huang_zenodo.18180184,RS_derived
SAIH_AFF_r17c35,17,35,117.294502,42.441818,0.6276,0.7384,0.8162,0.8405,0.6606,0.8309,0.1703,0.00579,1985,1985,1,stable_forest,CLCD_v01_Yang_Huang_zenodo.18180184,RS_derived
SAIH_AFF_r17c36,17,36,117.306553,42.441818,0.6183,0.6503,0.8836,0.9614,0.6293,0.956,0.3267,0.01197,1985,1985,1,stable_forest,CLCD_v01_Yang_Huang_zenodo.18180184,RS_derived
SAIH_AFF_r17c37,17,37,117.318604,42.441818,0.2135,0.4661,0.8676,0.9818,0.2389,0.976,0.7371,0.02595,2004,1997,0,afforested,CLCD_v01_Yang_Huang_zenodo.18180184,RS_derived
SAIH_AFF_r17c38,17,38,117.330655,42.441818,0.326,0.6431,0.9095,0.9686,0.337,0.9617,0.6247,0.0216,1999,1985,0,partial_forest,CLCD_v01_Yang_Huang_zenodo.18180184,RS_derived
SAIH_AFF_r17c39,17,39,117.342705,42.441818,0.535,0.7402,0.9162,0.9669,0.5594,0.9606,0.4012,0.01351,1985,1985,1,stable_forest,CLCD_v01_Yang_Huang_zenodo.18180184,RS_derived
SAIH_AFF_r17c40,17,40,117.354756,42.441818,0.5714,0.667,0.7389,0.7892,0.6266,0.7776,0.151,0.00518,1985,1985,1,stable_forest,CLCD_v01_Yang_Huang_zenodo.18180184,RS_derived
SAIH_AFF_r17c41,17,41,117.366807,42.441818,0.5582,0.6564,0.6834,0.8489,0.6215,0.7956,0.1741,0.00507,1985,1985,1,stable_forest,CLCD_v01_Yang_Huang_zenodo.18180184,RS_derived
SAIH_AFF_r17c42,17,42,117.378858,42.441818,0.6641,0.7286,0.7694,0.8285,0.7049,0.8087,0.1038,0.0034,1985,1985,1,stable_forest,CLCD_v01_Yang_Huang_zenodo.18180184,RS_derived
SAIH_AFF_r17c43,17,43,117.390908,42.441818,0.7341,0.7887,0.8218,0.8676,0.7644,0.8492,0.0848,0.00285,1985,1985,1,stable_forest,CLCD_v01_Yang_Huang_zenodo.18180184,RS_derived
SAIH_AFF_r17c44,17,44,117.402959,42.441818,0.5455,0.6707,0.7308,0.8715,0.6081,0.8314,0.2233,0.00695,1985,1985,1,stable_forest,CLCD_v01_Yang_Huang_zenodo.18180184,RS_derived
SAIH_AFF_r17c45,17,45,117.41501,42.441818,0.6232,0.7962,0.8659,0.9378,0.6991,0.9337,0.2346,0.00769,1985,1985,1,stable_forest,CLCD_v01_Yang_Huang_zenodo.18180184,RS_derived
SAIH_AFF_r17c46,17,46,117.427061,42.441818,0.6983,0.8886,0.9675,0.9895,0.7873,0.9879,0.2005,0.00685,1985,1985,1,stable_forest,CLCD_v01_Yang_Huang_zenodo.18180184,RS_derived
SAIH_AFF_r17c47,17,47,117.439112,42.441818,0.5725,0.6558,0.7716,0.8902,0.5942,0.8808,0.2866,0.00988,1985,1985,1,stable_forest,CLCD_v01_Yang_Huang_zenodo.18180184,RS_derived
SAIH_AFF_r17c48,17,48,117.451162,42.441818,0.4391,0.4992,0.5394,0.5841,0.4735,0.5816,0.1081,0.0037,2002,1985,0,partial_forest,CLCD_v01_Yang_Huang_zenodo.18180184,RS_derived
SAIH_AFF_r17c49,17,49,117.463213,42.441818,0.5775,0.6106,0.6387,0.7148,0.5945,0.7106,0.1161,0.00373,1985,1985,1,stable_forest,CLCD_v01_Yang_Huang_zenodo.18180184,RS_derived
SAIH_AFF_r17c50,17,50,117.475264,42.441818,0.2427,0.28,0.3232,0.4227,0.2631,0.4192,0.1561,0.00521,0,2006,0,partial_forest,CLCD_v01_Yang_Huang_zenodo.18180184,RS_derived
SAIH_AFF_r17c51,17,51,117.487315,42.441818,0.5234,0.5775,0.615,0.7292,0.5594,0.7249,0.1656,0.00554,1985,1985,1,stable_forest,CLCD_v01_Yang_Huang_zenodo.18180184,RS_derived
SAIH_AFF_r17c52,17,52,117.499365,42.441818,0.7639,0.8632,0.8748,0.9151,0.8144,0.9114,0.097,0.00312,1985,1985,1,stable_forest,CLCD_v01_Yang_Huang_zenodo.18180184,RS_derived
SAIH_AFF_r17c53,17,53,117.511416,42.441818,0.9013,0.9641,0.9686,0.9691,0.9404,0.969,0.0287,0.00088,1985,1985,1,stable_forest,CLCD_v01_Yang_Huang_zenodo.18180184,RS_derived
SAIH_AFF_r17c54,17,54,117.523467,42.441818,0.6498,0.7755,0.8263,0.8621,0.6971,0.8589,0.1618,0.00547,1985,1985,1,stable_forest,CLCD_v01_Yang_Huang_zenodo.18180184,RS_derived
SAIH_AFF_r17c55,17,55,117.535518,42.441818,0.2876,0.387,0.5351,0.6,0.3083,0.6,0.2917,0.01043,2009,1990,0,partial_forest,CLCD_v01_Yang_Huang_zenodo.18180184,RS_derived
SAIH_AFF_r17c56,17,56,117.547568,42.441818,0.16,0.3872,0.5047,0.5472,0.3339,0.5472,0.2133,0.00814,2010,1990,0,partial_forest,CLCD_v01_Yang_Huang_zenodo.18180184,RS_derived
SAIH_AFF_r17c57,17,57,117.559619,42.441818,0.1837,0.4556,0.636,0.7485,0.3698,0.7485,0.3787,0.01412,2008,1990,0,partial_forest,CLCD_v01_Yang_Huang_zenodo.18180184,RS_derived
SAIH_AFF_r17c58,17,58,117.57167,42.441818,0.38,0.6062,0.6233,0.6459,0.5308,0.6747,0.1439,0.00561,1990,1985,0,stable_forest,CLCD_v01_Yang_Huang_zenodo.18180184,RS_derived
SAIH_AFF_r17c59,17,59,117.583721,42.441818,0.2912,0.7534,0.8698,0.8787,0.5408,0.8814,0.3406,0.01243,1990,1990,0,stable_forest,CLCD_v01_Yang_Huang_zenodo.18180184,RS_derived
SAIH_AFF_r17c60,17,60,117.595772,42.441818,0.1962,0.4854,0.6016,0.6686,0.3634,0.6644,0.301,0.01098,2003,1990,0,partial_forest,CLCD_v01_Yang_Huang_zenodo.18180184,RS_derived
SAIH_AFF_r17c61,17,61,117.607822,42.441818,0.0,0.2146,0.4832,0.5394,0.0347,0.5359,0.5012,0.01736,2015,2002,0,afforested,CLCD_v01_Yang_Huang_zenodo.18180184,RS_derived
SAIH_AFF_r18c11,18,11,117.005284,42.432779,0.0132,0.1953,0.4341,0.7336,0.0281,0.6554,0.6273,0.02027,2015,2004,0,afforested,CLCD_v01_Yang_Huang_zenodo.18180184,RS_derived
SAIH_AFF_r18c12,18,12,117.017335,42.432779,0.0932,0.3127,0.7341,0.9713,0.1195,0.9611,0.8417,0.02951,2004,2000,0,afforested,CLCD_v01_Yang_Huang_zenodo.18180184,RS_derived
SAIH_AFF_r18c13,18,13,117.029385,42.432779,0.0899,0.3778,0.7397,0.866,0.1241,0.8486,0.7245,0.02422,2003,1998,0,afforested,CLCD_v01_Yang_Huang_zenodo.18180184,RS_derived
SAIH_AFF_r18c14,18,14,117.041436,42.432779,0.1258,0.1511,0.5389,0.8274,0.1306,0.7074,0.5768,0.02049,2010,2003,0,afforested,CLCD_v01_Yang_Huang_zenodo.18180184,RS_derived
SAIH_AFF_r18c15,18,15,117.053487,42.432779,0.5238,0.68,0.8438,0.9514,0.5697,0.9239,0.3541,0.01187,1985,1985,1,stable_forest,CLCD_v01_Yang_Huang_zenodo.18180184,RS_derived
SAIH_AFF_r18c16,18,16,117.065538,42.432779,0.2256,0.5422,0.8395,0.9625,0.3015,0.935,0.6335,0.02098,1999,1992,0,partial_forest,CLCD_v01_Yang_Huang_zenodo.18180184,RS_derived
SAIH_AFF_r18c17,18,17,117.077588,42.432779,0.1213,0.7777,0.9459,0.9895,0.2827,0.9803,0.6976,0.02073,1996,1993,0,afforested,CLCD_v01_Yang_Huang_zenodo.18180184,RS_derived
SAIH_AFF_r18c18,18,18,117.089639,42.432779,0.0634,0.7022,0.872,0.9763,0.1878,0.9609,0.7731,0.02268,1996,1995,0,afforested,CLCD_v01_Yang_Huang_zenodo.18180184,RS_derived
SAIH_AFF_r18c19,18,19,117.10169,42.432779,0.3536,0.6845,0.8792,0.9807,0.3888,0.9429,0.5541,0.01746,1996,1985,0,partial_forest,CLCD_v01_Yang_Huang_zenodo.18180184,RS_derived
SAIH_AFF_r18c20,18,20,117.113741,42.432779,0.3195,0.5216,0.7216,0.8978,0.3564,0.8776,0.5212,0.0174,2000,1985,0,partial_forest,CLCD_v01_Yang_Huang_zenodo.18180184,RS_derived
SAIH_AFF_r18c21,18,21,117.125792,42.432779,0.1351,0.2846,0.5141,0.8152,0.1433,0.7791,0.6358,0.02132,2008,2002,0,afforested,CLCD_v01_Yang_Huang_zenodo.18180184,RS_derived
SAIH_AFF_r18c22,18,22,117.137842,42.432779,0.2383,0.5014,0.7292,0.8301,0.2625,0.8251,0.5625,0.01885,2000,1996,0,afforested,CLCD_v01_Yang_Huang_zenodo.18180184,RS_derived
SAIH_AFF_r18c23,18,23,117.149893,42.432779,0.1947,0.4523,0.7341,0.8494,0.2232,0.8399,0.6166,0.02122,2002,1998,0,afforested,CLCD_v01_Yang_Huang_zenodo.18180184,RS_derived
SAIH_AFF_r18c24,18,24,117.161944,42.432779,0.3293,0.4523,0.7546,0.8406,0.3409,0.833,0.4921,0.01776,2002,1985,0,partial_forest,CLCD_v01_Yang_Huang_zenodo.18180184,RS_derived
SAIH_AFF_r18c25,18,25,117.173995,42.432779,0.3216,0.5719,0.7984,0.9043,0.3429,0.8986,0.5557,0.0187,1998,1985,0,partial_forest,CLCD_v01_Yang_Huang_zenodo.18180184,RS_derived
SAIH_AFF_r18c26,18,26,117.186045,42.432779,0.6161,0.7325,0.7899,0.8285,0.6345,0.8266,0.1921,0.00638,1985,1985,1,stable_forest,CLCD_v01_Yang_Huang_zenodo.18180184,RS_derived
SAIH_AFF_r18c27,18,27,117.198096,42.432779,0.7347,0.8549,0.9338,0.9366,0.7553,0.936,0.1808,0.00619,1985,1985,1,stable_forest,CLCD_v01_Yang_Huang_zenodo.18180184,RS_derived
SAIH_AFF_r18c28,18,28,117.210147,42.432779,0.4755,0.6994,0.8456,0.8858,0.5109,0.8779,0.367,0.01204,1990,1985,0,stable_forest,CLCD_v01_Yang_Huang_zenodo.18180184,RS_derived
SAIH_AFF_r18c29,18,29,117.222198,42.432779,0.5505,0.8555,0.9399,0.9564,0.6242,0.9537,0.3294,0.01025,1985,1985,1,stable_forest,CLCD_v01_Yang_Huang_zenodo.18180184,RS_derived
SAIH_AFF_r18c30,18,30,117.234248,42.432779,0.3297,0.6649,0.8108,0.8578,0.3604,0.8564,0.496,0.01548,1997,1985,0,partial_forest,CLCD_v01_Yang_Huang_zenodo.18180184,RS_derived
SAIH_AFF_r18c31,18,31,117.246299,42.432779,0.139,0.2432,0.342,0.4175,0.1551,0.3953,0.2402,0.00787,0,2005,0,partial_forest,CLCD_v01_Yang_Huang_zenodo.18180184,RS_derived
SAIH_AFF_r18c32,18,32,117.25835,42.432779,0.1853,0.4231,0.6073,0.7016,0.2204,0.6631,0.4427,0.01449,2004,1997,0,afforested,CLCD_v01_Yang_Huang_zenodo.18180184,RS_derived
SAIH_AFF_r18c33,18,33,117.270401,42.432779,0.2289,0.8329,0.9526,0.9868,0.2685,0.9795,0.711,0.02058,1996,1995,0,afforested,CLCD_v01_Yang_Huang_zenodo.18180184,RS_derived
SAIH_AFF_r18c34,18,34,117.282452,42.432779,0.3392,0.8522,0.9658,0.9785,0.39,0.9771,0.5871,0.01715,1996,1985,0,partial_forest,CLCD_v01_Yang_Huang_zenodo.18180184,RS_derived
SAIH_AFF_r18c35,18,35,117.294502,42.432779,0.5189,0.9232,0.9832,0.9946,0.5593,0.9953,0.436,0.01268,1985,1985,1,stable_forest,CLCD_v01_Yang_Huang_zenodo.18180184,RS_derived
SAIH_AFF_r18c36,18,36,117.306553,42.432779,0.4291,0.6012,0.8191,0.9288,0.4674,0.9233,0.4559,0.0157,1998,1985,0,partial_forest,CLCD_v01_Yang_Huang_zenodo.18180184,RS_derived
SAIH_AFF_r18c37,18,37,117.318604,42.432779,0.0916,0.1644,0.4346,0.7761,0.1142,0.6953,0.5811,0.0189,2017,2005,0,afforested,CLCD_v01_Yang_Huang_zenodo.18180184,RS_derived
SAIH_AFF_r18c38,18,38,117.330655,42.432779,0.3409,0.4771,0.647,0.7259,0.3942,0.7346,0.3404,0.01232,2003,1985,0,partial_forest,CLCD_v01_Yang_Huang_zenodo.18180184,RS_derived
SAIH_AFF_r18c39,18,39,117.342705,42.432779,0.7452,0.85,0.893,0.9504,0.8197,0.9465,0.1268,0.00426,1985,1985,1,stable_forest,CLCD_v01_Yang_Huang_zenodo.18180184,RS_derived
SAIH_AFF_r18c40,18,40,117.354756,42.432779,0.8492,0.8778,0.9422,0.9881,0.8718,0.9732,0.1013,0.00359,1985,1985,1,stable_forest,CLCD_v01_Yang_Huang_zenodo.18180184,RS_derived
SAIH_AFF_r18c41,18,41,117.366807,42.432779,0.6426,0.6851,0.7667,0.8263,0.6638,0.8132,0.1494,0.0051,1985,1985,1,stable_forest,CLCD_v01_Yang_Huang_zenodo.18180184,RS_derived
SAIH_AFF_r18c42,18,42,117.378858,42.432779,0.4644,0.5543,0.6531,0.733,0.5079,0.7023,0.1944,0.00655,1990,1985,0,stable_forest,CLCD_v01_Yang_Huang_zenodo.18180184,RS_derived
SAIH_AFF_r18c43,18,43,117.390908,42.432779,0.7992,0.856,0.8831,0.9548,0.823,0.9487,0.1257,0.00399,1985,1985,1,stable_forest,CLCD_v01_Yang_Huang_zenodo.18180184,RS_derived
SAIH_AFF_r18c44,18,44,117.402959,42.432779,0.8003,0.872,0.9344,0.9482,0.8229,0.9499,0.127,0.00436,1985,1985,1,stable_forest,CLCD_v01_Yang_Huang_zenodo.18180184,RS_derived
SAIH_AFF_r18c45,18,45,117.41501,42.432779,0.7611,0.86,0.9065,0.9303,0.8189,0.9269,0.108,0.00377,1985,1985,1,stable_forest,CLCD_v01_Yang_Huang_zenodo.18180184,RS_derived
SAIH_AFF_r18c46,18,46,117.427061,42.432779,0.6089,0.7865,0.8963,0.9283,0.7232,0.9161,0.1929,0.00678,1985,1985,1,stable_forest,CLCD_v01_Yang_Huang_zenodo.18180184,RS_derived
SAIH_AFF_r18c47,18,47,117.439112,42.432779,0.5626,0.6729,0.7865,0.8825,0.6171,0.8751,0.2579,0.00869,1985,1985,1,stable_forest,CLCD_v01_Yang_Huang_zenodo.18180184,RS_derived
SAIH_AFF_r18c48,18,48,117.451162,42.432779,0.5052,0.567,0.631,0.7082,0.5422,0.7073,0.1651,0.00573,1985,1985,1,stable_forest,CLCD_v01_Yang_Huang_zenodo.18180184,RS_derived
SAIH_AFF_r18c49,18,49,117.463213,42.432779,0.2477,0.294,0.3591,0.4633,0.2774,0.457,0.1795,0.00581,0,2005,0,partial_forest,CLCD_v01_Yang_Huang_zenodo.18180184,RS_derived
SAIH_AFF_r18c50,18,50,117.475264,42.432779,0.3951,0.4551,0.5157,0.6119,0.4214,0.6092,0.1878,0.00625,2009,1985,0,partial_forest,CLCD_v01_Yang_Huang_zenodo.18180184,RS_derived
SAIH_AFF_r18c51,18,51,117.487315,42.432779,0.663,0.7391,0.7441,0.7612,0.7268,0.7599,0.0331,0.00108,1985,1985,1,stable_forest,CLCD_v01_Yang_Huang_zenodo.18180184,RS_derived
SAIH_AFF_r18c52,18,52,117.499365,42.432779,0.722,0.7783,0.7959,0.8252,0.7617,0.8097,0.048,0.00164,1985,1985,1,stable_forest,CLCD_v01_Yang_Huang_zenodo.18180184,RS_derived
SAIH_AFF_r18c53,18,53,117.511416,42.432779,0.4407,0.6415,0.7248,0.8709,0.5325,0.8561,0.3236,0.01045,1990,1985,0,stable_forest,CLCD_v01_Yang_Huang_zenodo.18180184,RS_derived
SAIH_AFF_r18c54,18,54,117.523467,42.432779,0.4462,0.5461,0.5907,0.9719,0.5049,0.9611,0.4562,0.01452,1990,1985,0,stable_forest,CLCD_v01_Yang_Huang_zenodo.18180184,RS_derived
SAIH_AFF_r18c55,18,55,117.535518,42.432779,0.4249,0.4697,0.5351,0.8232,0.45,0.8142,0.3643,0.01196,2008,1985,0,partial_forest,CLCD_v01_Yang_Huang_zenodo.18180184,RS_derived
SAIH_AFF_r18c56,18,56,117.547568,42.432779,0.2752,0.3177,0.3613,0.5742,0.3097,0.5694,0.2597,0.00843,2017,1990,0,partial_forest,CLCD_v01_Yang_Huang_zenodo.18180184,RS_derived
SAIH_AFF_r18c57,18,57,117.559619,42.432779,0.0463,0.1837,0.3232,0.6393,0.1451,0.6361,0.4909,0.01662,2016,2009,0,afforested,CLCD_v01_Yang_Huang_zenodo.18180184,RS_derived
SAIH_AFF_r18c58,18,58,117.57167,42.432779,0.0088,0.011,0.0535,0.1092,0.0104,0.1065,0.0961,0.0034,0,0,0,non_forest,CLCD_v01_Yang_Huang_zenodo.18180184,RS_derived
SAIH_AFF_r18c59,18,59,117.583721,42.432779,0.048,0.4032,0.4545,0.5885,0.2839,0.5879,0.304,0.01057,2015,1990,0,afforested,CLCD_v01_Yang_Huang_zenodo.18180184,RS_derived
SAIH_AFF_r18c60,18,60,117.595772,42.432779,0.0638,0.2173,0.2551,0.2995,0.15,0.2946,0.1446,0.00488,0,0,0,non_forest,CLCD_v01_Yang_Huang_zenodo.18180184,RS_derived
SAIH_AFF_r18c61,18,61,117.607822,42.432779,0.037,0.0656,0.1914,0.5185,0.0519,0.498,0.4461,0.01464,2022,2015,0,partial_forest,CLCD_v01_Yang_Huang_zenodo.18180184,RS_derived
SAIH_AFF_r18c63,18,63,117.631924,42.432779,0.0485,0.0485,0.1048,0.4352,0.0485,0.4342,0.3856,0.0128,0,2016,0,partial_forest,CLCD_v01_Yang_Huang_zenodo.18180184,RS_derived
SAIH_AFF_r19c08,19,8,116.969132,42.42374,0.0274,0.0661,0.1896,0.6042,0.0376,0.4603,0.4228,0.01307,2024,2017,0,partial_forest,CLCD_v01_Yang_Huang_zenodo.18180184,RS_derived
SAIH_AFF_r19c09,19,9,116.981182,42.42374,0.0075,0.0263,0.1122,0.4748,0.011,0.3545,0.3434,0.01037,0,2022,0,partial_forest,CLCD_v01_Yang_Huang_zenodo.18180184,RS_derived
SAIH_AFF_r19c10,19,10,116.993233,42.42374,0.0058,0.0126,0.1663,0.52,0.0058,0.3962,0.3904,0.01286,2025,2019,0,partial_forest,CLCD_v01_Yang_Huang_zenodo.18180184,RS_derived
SAIH_AFF_r19c11,19,11,117.005284,42.42374,0.0285,0.1504,0.5569,0.8485,0.0334,0.7453,0.712,0.02445,2009,2004,0,afforested,CLCD_v01_Yang_Huang_zenodo.18180184,RS_derived
SAIH_AFF_r19c12,19,12,117.017335,42.42374,0.0403,0.1348,0.6284,0.9646,0.0525,0.9341,0.8816,0.0311,2007,2004,0,afforested,CLCD_v01_Yang_Huang_zenodo.18180184,RS_derived
SAIH_AFF_r19c13,19,13,117.029385,42.42374,0.195,0.3346,0.7599,0.898,0.2312,0.8912,0.66,0.02349,2004,1999,0,afforested,CLCD_v01_Yang_Huang_zenodo.18180184,RS_derived
SAIH_AFF_r19c14,19,14,117.041436,42.42374,0.1799,0.2691,0.5655,0.6976,0.1907,0.6823,0.4917,0.01716,2005,2002,0,afforested,CLCD_v01_Yang_Huang_zenodo.18180184,RS_derived
SAIH_AFF_r19c15,19,15,117.053487,42.42374,0.1816,0.2995,0.5947,0.7863,0.1989,0.7604,0.5615,0.01931,2005,2001,0,afforested,CLCD_v01_Yang_Huang_zenodo.18180184,RS_derived
SAIH_AFF_r19c16,19,16,117.065538,42.42374,0.0682,0.2256,0.4608,0.7433,0.098,0.6749,0.5769,0.01904,2014,2003,0,afforested,CLCD_v01_Yang_Huang_zenodo.18180184,RS_derived
SAIH_AFF_r19c17,19,17,117.077588,42.42374,0.0747,0.4748,0.7105,0.8249,0.1456,0.7942,0.6486,0.02066,2002,1996,0,afforested,CLCD_v01_Yang_Huang_zenodo.18180184,RS_derived
SAIH_AFF_r19c18,19,18,117.089639,42.42374,0.0945,0.3781,0.71,0.9323,0.1144,0.8772,0.7628,0.02515,2003,1999,0,afforested,CLCD_v01_Yang_Huang_zenodo.18180184,RS_derived
SAIH_AFF_r19c19,19,19,117.10169,42.42374,0.1611,0.5113,0.7524,0.8824,0.194,0.8578,0.6638,0.02152,2000,1997,0,afforested,CLCD_v01_Yang_Huang_zenodo.18180184,RS_derived
SAIH_AFF_r19c20,19,20,117.113741,42.42374,0.2368,0.5132,0.6832,0.8495,0.2856,0.8146,0.5291,0.01684,2000,1994,0,afforested,CLCD_v01_Yang_Huang_zenodo.18180184,RS_derived
SAIH_AFF_r19c21,19,21,117.125792,42.42374,0.3614,0.4356,0.689,0.9108,0.3944,0.8584,0.464,0.0158,2002,1985,0,partial_forest,CLCD_v01_Yang_Huang_zenodo.18180184,RS_derived
SAIH_AFF_r19c22,19,22,117.137842,42.42374,0.2084,0.4291,0.6477,0.783,0.2842,0.7694,0.4852,0.01659,2003,1991,0,afforested,CLCD_v01_Yang_Huang_zenodo.18180184,RS_derived
SAIH_AFF_r19c23,19,23,117.149893,42.42374,0.3179,0.4517,0.7009,0.869,0.3514,0.8184,0.467,0.0163,2004,1985,0,partial_forest,CLCD_v01_Yang_Huang_zenodo.18180184,RS_derived
SAIH_AFF_r19c24,19,24,117.161944,42.42374,0.1955,0.2814,0.5591,0.8029,0.2167,0.7841,0.5674,0.02017,2007,2003,0,afforested,CLCD_v01_Yang_Huang_zenodo.18180184,RS_derived
SAIH_AFF_r19c25,19,25,117.173995,42.42374,0.2679,0.3532,0.6179,0.8826,0.282,0.8607,0.5787,0.02003,2005,1997,0,afforested,CLCD_v01_Yang_Huang_zenodo.18180184,RS_derived
SAIH_AFF_r19c26,19,26,117.186045,42.42374,0.1182,0.2658,0.6122,0.8464,0.1401,0.82,0.6799,0.02369,2005,2003,0,afforested,CLCD_v01_Yang_Huang_zenodo.18180184,RS_derived
SAIH_AFF_r19c27,19,27,117.198096,42.42374,0.246,0.4382,0.601,0.8029,0.2782,0.7851,0.5069,0.01739,2005,1998,0,afforested,CLCD_v01_Yang_Huang_zenodo.18180184,RS_derived
SAIH_AFF_r19c28,19,28,117.210147,42.42374,0.2664,0.5639,0.7089,0.877,0.3135,0.8665,0.553,0.01806,1998,1990,0,partial_forest,CLCD_v01_Yang_Huang_zenodo.18180184,RS_derived
SAIH_AFF_r19c29,19,29,117.222198,42.42374,0.4275,0.7599,0.8781,0.9511,0.548,0.9356,0.3875,0.01229,1990,1985,0,stable_forest,CLCD_v01_Yang_Huang_zenodo.18180184,RS_derived
SAIH_AFF_r19c30,19,30,117.234248,42.42374,0.4405,0.9047,0.9789,0.9926,0.5594,0.9921,0.4327,0.01275,1990,1985,0,stable_forest,CLCD_v01_Yang_Huang_zenodo.18180184,RS_derived
SAIH_AFF_r19c31,19,31,117.246299,42.42374,0.0773,0.4726,0.6198,0.6874,0.1024,0.6793,0.5769,0.01755,2003,1997,0,afforested,CLCD_v01_Yang_Huang_zenodo.18180184,RS_derived
SAIH_AFF_r19c32,19,32,117.25835,42.42374,0.1391,0.5236,0.6407,0.6751,0.2073,0.6611,0.4538,0.01411,2000,1996,0,afforested,CLCD_v01_Yang_Huang_zenodo.18180184,RS_derived
SAIH_AFF_r19c33,19,33,117.270401,42.42374,0.6923,0.9323,0.9721,0.9791,0.7826,0.9775,0.1949,0.00587,1985,1985,1,stable_forest,CLCD_v01_Yang_Huang_zenodo.18180184,RS_derived
SAIH_AFF_r19c34,19,34,117.282452,42.42374,0.6627,0.8577,0.9694,0.9823,0.6993,0.9823,0.283,0.00921,1985,1985,1,stable_forest,CLCD_v01_Yang_Huang_zenodo.18180184,RS_derived
SAIH_AFF_r19c35,19,35,117.294502,42.42374,0.51,0.8211,0.9595,0.9753,0.5582,0.9726,0.4144,0.01309,1985,1985,1,stable_forest,CLCD_v01_Yang_Huang_zenodo.18180184,RS_derived
SAIH_AFF_r19c36,19,36,117.306553,42.42374,0.3706,0.6439,0.8684,0.9296,0.4135,0.9265,0.5131,0.01715,1998,1985,0,partial_forest,CLCD_v01_Yang_Huang_zenodo.18180184,RS_derived
SAIH_AFF_r19c37,19,37,117.318604,42.42374,0.4189,0.5671,0.6907,0.7814,0.4462,0.7745,0.3283,0.01088,1998,1985,0,partial_forest,CLCD_v01_Yang_Huang_zenodo.18180184,RS_derived
SAIH_AFF_r19c38,19,38,117.330655,42.42374,0.7648,0.8201,0.8443,0.8749,0.8007,0.868,0.0673,0.00231,1985,1985,1,stable_forest,CLCD_v01_Yang_Huang_zenodo.18180184,RS_derived
SAIH_AFF_r19c39,19,39,117.342705,42.42374,0.8179,0.8888,0.9216,0.9463,0.8658,0.9356,0.0697,0.00239,1985,1985,1,stable_forest,CLCD_v01_Yang_Huang_zenodo.18180184,RS_derived
SAIH_AFF_r19c40,19,40,117.354756,42.42374,0.5953,0.6679,0.7,0.9163,0.6282,0.8459,0.2177,0.00601,1985,1985,1,stable_forest,CLCD_v01_Yang_Huang_zenodo.18180184,RS_derived
SAIH_AFF_r19c41,19,41,117.366807,42.42374,0.7336,0.8174,0.8647,0.9318,0.7616,0.9168,0.1552,0.00466,1985,1985,1,stable_forest,CLCD_v01_Yang_Huang_zenodo.18180184,RS_derived
SAIH_AFF_r19c42,19,42,117.378858,42.42374,0.8539,0.8759,0.9092,0.9135,0.8609,0.9083,0.0474,0.00176,1985,1985,1,stable_forest,CLCD_v01_Yang_Huang_zenodo.18180184,RS_derived
SAIH_AFF_r19c43,19,43,117.390908,42.42374,0.6654,0.7626,0.84,0.8265,0.7146,0.8493,0.1347,0.00481,1985,1985,1,stable_forest,CLCD_v01_Yang_Huang_zenodo.18180184,RS_derived
SAIH_AFF_r19c44,19,44,117.402959,42.42374,0.7014,0.8072,0.8878,0.9361,0.7656,0.9271,0.1615,0.00561,1985,1985,1,stable_forest,CLCD_v01_Yang_Huang_zenodo.18180184,RS_derived
SAIH_AFF_r19c45,19,45,117.41501,42.42374,0.6811,0.87,0.9637,0.9921,0.7966,0.9862,0.1896,0.00657,1985,1985,1,stable_forest,CLCD_v01_Yang_Huang_zenodo.18180184,RS_derived
SAIH_AFF_r19c46,19,46,117.427061,42.42374,0.7245,0.8453,0.9458,0.9404,0.7925,0.9704,0.1778,0.00627,1985,1985,1,stable_forest,CLCD_v01_Yang_Huang_zenodo.18180184,RS_derived
SAIH_AFF_r19c47,19,47,117.439112,42.42374,0.6396,0.6772,0.7395,0.8153,0.6633,0.8144,0.151,0.00515,1985,1985,1,stable_forest,CLCD_v01_Yang_Huang_zenodo.18180184,RS_derived
SAIH_AFF_r19c48,19,48,117.451162,42.42374,0.6729,0.7143,0.746,0.8265,0.6959,0.8256,0.1297,0.00425,1985,1985,1,stable_forest,CLCD_v01_Yang_Huang_zenodo.18180184,RS_derived
SAIH_AFF_r19c49,19,49,117.463213,42.42374,0.7111,0.7256,0.7728,0.8915,0.7207,0.8924,0.1717,0.00584,1985,1985,1,stable_forest,CLCD_v01_Yang_Huang_zenodo.18180184,RS_derived
SAIH_AFF_r19c50,19,50,117.475264,42.42374,0.4058,0.4621,0.5305,0.5821,0.4469,0.5903,0.1433,0.00507,2008,1985,0,partial_forest,CLCD_v01_Yang_Huang_zenodo.18180184,RS_derived
SAIH_AFF_r19c51,19,51,117.487315,42.42374,0.4726,0.543,0.565,0.5897,0.5298,0.5894,0.0597,0.002,1990,1985,0,stable_forest,CLCD_v01_Yang_Huang_zenodo.18180184,RS_derived
SAIH_AFF_r19c52,19,52,117.499365,42.42374,0.3958,0.4748,0.536,0.6085,0.4443,0.6016,0.1573,0.00528,2004,1985,0,partial_forest,CLCD_v01_Yang_Huang_zenodo.18180184,RS_derived
SAIH_AFF_r19c53,19,53,117.511416,42.42374,0.1976,0.2669,0.3851,0.515,0.2243,0.4808,0.2564,0.00877,2025,2004,0,partial_forest,CLCD_v01_Yang_Huang_zenodo.18180184,RS_derived
SAIH_AFF_r19c54,19,54,117.523467,42.42374,0.2009,0.3083,0.3512,0.4458,0.2656,0.4345,0.1689,0.00571,0,2000,0,partial_forest,CLCD_v01_Yang_Huang_zenodo.18180184,RS_derived
SAIH_AFF_r19c55,19,55,117.535518,42.42374,0.4311,0.5163,0.6295,0.7689,0.45,0.7598,0.3098,0.01067,2000,1985,0,partial_forest,CLCD_v01_Yang_Huang_zenodo.18180184,RS_derived
SAIH_AFF_r19c56,19,56,117.547568,42.42374,0.6853,0.7084,0.7304,0.8292,0.7018,0.8255,0.1238,0.00403,1985,1985,1,stable_forest,CLCD_v01_Yang_Huang_zenodo.18180184,RS_derived
SAIH_AFF_r19c57,19,57,117.559619,42.42374,0.486,0.5064,0.522,0.565,0.5009,0.564,0.0631,0.00215,1990,1985,0,stable_forest,CLCD_v01_Yang_Huang_zenodo.18180184,RS_derived
SAIH_AFF_r19c58,19,58,117.57167,42.42374,0.42,0.4377,0.4791,0.5274,0.4318,0.5236,0.0918,0.00322,2015,1985,0,partial_forest,CLCD_v01_Yang_Huang_zenodo.18180184,RS_derived
SAIH_AFF_r19c59,19,59,117.583721,42.42374,0.1498,0.1917,0.2336,0.3158,0.1767,0.311,0.1344,0.00432,0,2021,0,partial_forest,CLCD_v01_Yang_Huang_zenodo.18180184,RS_derived
SAIH_AFF_r19c61,19,61,117.607822,42.42374,0.058,0.094,0.094,0.4753,0.0846,0.4312,0.3465,0.0093,0,2018,0,partial_forest,CLCD_v01_Yang_Huang_zenodo.18180184,RS_derived
SAIH_AFF_r19c62,19,62,117.619873,42.42374,0.0,0.0,0.0295,0.594,0.0,0.5823,0.5823,0.01801,2017,2016,0,afforested,CLCD_v01_Yang_Huang_zenodo.18180184,RS_derived
SAIH_AFF_r19c63,19,63,117.631924,42.42374,0.145,0.1466,0.3625,0.6176,0.1459,0.6085,0.4626,0.01641,2015,2009,0,afforested,CLCD_v01_Yang_Huang_zenodo.18180184,RS_derived
SAIH_AFF_r19c64,19,64,117.643975,42.42374,0.2163,0.2374,0.4047,0.7605,0.2274,0.746,0.5185,0.01724,2015,2004,0,afforested,CLCD_v01_Yang_Huang_zenodo.18180184,RS_derived
SAIH_AFF_r20c06,20,6,116.94503,42.414701,0.0188,0.0662,0.2791,0.406,0.0196,0.3899,0.3702,0.01297,0,2013,0,partial_forest,CLCD_v01_Yang_Huang_zenodo.18180184,RS_derived
SAIH_AFF_r20c07,20,7,116.957081,42.414701,0.0783,0.2019,0.572,0.8704,0.085,0.8606,0.7756,0.02714,2009,2004,0,afforested,CLCD_v01_Yang_Huang_zenodo.18180184,RS_derived
SAIH_AFF_r20c08,20,8,116.969132,42.414701,0.1782,0.3271,0.8505,0.9641,0.2045,0.9596,0.7551,0.02729,2003,2000,0,afforested,CLCD_v01_Yang_Huang_zenodo.18180184,RS_derived
SAIH_AFF_r20c09,20,9,116.981182,42.414701,0.1368,0.2835,0.8125,0.9619,0.1627,0.9392,0.7765,0.0276,2003,2002,0,afforested,CLCD_v01_Yang_Huang_zenodo.18180184,RS_derived
SAIH_AFF_r20c10,20,10,116.993233,42.414701,0.047,0.1908,0.6168,0.8027,0.0646,0.7783,0.7137,0.025,2007,2003,0,afforested,CLCD_v01_Yang_Huang_zenodo.18180184,RS_derived
SAIH_AFF_r20c11,20,11,117.005284,42.414701,0.0248,0.1715,0.7965,0.9641,0.0404,0.9491,0.9086,0.03256,2004,2003,0,afforested,CLCD_v01_Yang_Huang_zenodo.18180184,RS_derived
SAIH_AFF_r20c12,20,12,117.017335,42.414701,0.08,0.1919,0.6608,0.9288,0.1079,0.9,0.7921,0.02821,2008,2003,0,afforested,CLCD_v01_Yang_Huang_zenodo.18180184,RS_derived
SAIH_AFF_r20c13,20,13,117.029385,42.414701,0.1346,0.2135,0.6514,0.8853,0.1507,0.8561,0.7055,0.02532,2007,2003,0,afforested,CLCD_v01_Yang_Huang_zenodo.18180184,RS_derived
SAIH_AFF_r20c14,20,14,117.041436,42.414701,0.3569,0.4506,0.7033,0.8588,0.3653,0.8422,0.4769,0.01614,2002,1985,0,partial_forest,CLCD_v01_Yang_Huang_zenodo.18180184,RS_derived
SAIH_AFF_r20c15,20,15,117.053487,42.414701,0.0941,0.1427,0.4097,0.5778,0.0987,0.5461,0.4474,0.01566,2015,2005,0,afforested,CLCD_v01_Yang_Huang_zenodo.18180184,RS_derived
SAIH_AFF_r20c16,20,16,117.065538,42.414701,0.1451,0.166,0.3905,0.5091,0.1493,0.4922,0.3429,0.01243,2023,2007,0,partial_forest,CLCD_v01_Yang_Huang_zenodo.18180184,RS_derived
SAIH_AFF_r20c17,20,17,117.077588,42.414701,0.0518,0.0629,0.1429,0.1908,0.0549,0.1794,0.1244,0.00441,0,0,0,non_forest,CLCD_v01_Yang_Huang_zenodo.18180184,RS_derived
SAIH_AFF_r20c18,20,18,117.089639,42.414701,0.0149,0.0458,0.1291,0.2526,0.0165,0.23,0.2135,0.00716,0,0,0,non_forest,CLCD_v01_Yang_Huang_zenodo.18180184,RS_derived
SAIH_AFF_r20c19,20,19,117.10169,42.414701,0.0673,0.1633,0.4953,0.6685,0.0687,0.6355,0.5668,0.02076,2012,2004,0,afforested,CLCD_v01_Yang_Huang_zenodo.18180184,RS_derived
SAIH_AFF_r20c20,20,20,117.113741,42.414701,0.0005,0.0211,0.2708,0.5432,0.0005,0.5068,0.5063,0.01828,2022,2012,0,afforested,CLCD_v01_Yang_Huang_zenodo.18180184,RS_derived
SAIH_AFF_r20c21,20,21,117.125792,42.414701,0.0132,0.0359,0.267,0.6895,0.0185,0.6388,0.6203,0.02134,2016,2013,0,afforested,CLCD_v01_Yang_Huang_zenodo.18180184,RS_derived
SAIH_AFF_r20c22,20,22,117.137842,42.414701,0.0182,0.0678,0.1975,0.4672,0.0446,0.4211,0.3765,0.01249,0,2015,0,partial_forest,CLCD_v01_Yang_Huang_zenodo.18180184,RS_derived
SAIH_AFF_r20c24,20,24,117.161944,42.414701,0.0083,0.0281,0.0414,0.1412,0.0182,0.1198,0.1016,0.00329,0,0,0,non_forest,CLCD_v01_Yang_Huang_zenodo.18180184,RS_derived
SAIH_AFF_r20c25,20,25,117.173995,42.414701,0.0065,0.0076,0.1519,0.4049,0.0074,0.3629,0.3555,0.01191,0,2022,0,partial_forest,CLCD_v01_Yang_Huang_zenodo.18180184,RS_derived
SAIH_AFF_r20c26,20,26,117.186045,42.414701,0.0651,0.0844,0.3177,0.4788,0.0689,0.4612,0.3923,0.01438,0,2008,0,partial_forest,CLCD_v01_Yang_Huang_zenodo.18180184,RS_derived
SAIH_AFF_r20c27,20,27,117.198096,42.414701,0.0083,0.0083,0.1544,0.4319,0.0083,0.4232,0.415,0.01452,0,2015,0,partial_forest,CLCD_v01_Yang_Huang_zenodo.18180184,RS_derived
SAIH_AFF_r20c28,20,28,117.210147,42.414701,0.064,0.1566,0.3365,0.7077,0.0706,0.6852,0.6146,0.02063,2015,2008,0,afforested,CLCD_v01_Yang_Huang_zenodo.18180184,RS_derived
SAIH_AFF_r20c29,20,29,117.222198,42.414701,0.2785,0.6161,0.7992,0.9013,0.3302,0.8938,0.5636,0.01809,1998,1990,0,partial_forest,CLCD_v01_Yang_Huang_zenodo.18180184,RS_derived
SAIH_AFF_r20c30,20,30,117.234248,42.414701,0.1124,0.5708,0.7373,0.8054,0.1761,0.7945,0.6184,0.01901,1998,1996,0,afforested,CLCD_v01_Yang_Huang_zenodo.18180184,RS_derived
SAIH_AFF_r20c31,20,31,117.246299,42.414701,0.1324,0.4197,0.508,0.588,0.2406,0.5857,0.345,0.01085,2007,1996,0,afforested,CLCD_v01_Yang_Huang_zenodo.18180184,RS_derived
SAIH_AFF_r20c32,20,32,117.25835,42.414701,0.1528,0.2824,0.3872,0.4721,0.1859,0.4602,0.2743,0.00898,0,2003,0,partial_forest,CLCD_v01_Yang_Huang_zenodo.18180184,RS_derived
SAIH_AFF_r20c33,20,33,117.270401,42.414701,0.3767,0.6702,0.7573,0.7827,0.4889,0.777,0.2881,0.00914,1992,1985,0,partial_forest,CLCD_v01_Yang_Huang_zenodo.18180184,RS_derived
SAIH_AFF_r20c34,20,34,117.282452,42.414701,0.2725,0.5709,0.7943,0.8676,0.3003,0.859,0.5587,0.01802,1998,1991,0,partial_forest,CLCD_v01_Yang_Huang_zenodo.18180184,RS_derived
SAIH_AFF_r20c35,20,35,117.294502,42.414701,0.4919,0.7459,0.8919,0.9162,0.5229,0.8886,0.3657,0.01189,1990,1985,0,stable_forest,CLCD_v01_Yang_Huang_zenodo.18180184,RS_derived
SAIH_AFF_r20c36,20,36,117.306553,42.414701,0.2796,0.6067,0.7099,0.7617,0.3134,0.7456,0.4323,0.01337,1998,1990,0,partial_forest,CLCD_v01_Yang_Huang_zenodo.18180184,RS_derived
SAIH_AFF_r20c37,20,37,117.318604,42.414701,0.7402,0.9283,0.9746,0.9746,0.7971,0.9727,0.1756,0.00552,1985,1985,1,stable_forest,CLCD_v01_Yang_Huang_zenodo.18180184,RS_derived
SAIH_AFF_r20c38,20,38,117.330655,42.414701,0.6387,0.8919,0.9382,0.92,0.7121,0.9228,0.2107,0.00646,1985,1985,1,stable_forest,CLCD_v01_Yang_Huang_zenodo.18180184,RS_derived
SAIH_AFF_r20c39,20,39,117.342705,42.414701,0.8202,0.8875,0.914,0.9288,0.8623,0.9244,0.0622,0.00198,1985,1985,1,stable_forest,CLCD_v01_Yang_Huang_zenodo.18180184,RS_derived
SAIH_AFF_r20c40,20,40,117.354756,42.414701,0.8486,0.9016,0.9276,0.9811,0.8775,0.9723,0.0948,0.0029,1985,1985,1,stable_forest,CLCD_v01_Yang_Huang_zenodo.18180184,RS_derived
SAIH_AFF_r20c41,20,41,117.366807,42.414701,0.5604,0.6619,0.743,0.8726,0.5881,0.8312,0.2431,0.00752,1985,1985,1,stable_forest,CLCD_v01_Yang_Huang_zenodo.18180184,RS_derived
SAIH_AFF_r20c42,20,42,117.378858,42.414701,0.7226,0.754,0.8191,0.9244,0.7308,0.9041,0.1734,0.00556,1985,1985,1,stable_forest,CLCD_v01_Yang_Huang_zenodo.18180184,RS_derived
SAIH_AFF_r20c43,20,43,117.390908,42.414701,0.7943,0.8263,0.8941,0.9123,0.8041,0.9144,0.1103,0.00394,1985,1985,1,stable_forest,CLCD_v01_Yang_Huang_zenodo.18180184,RS_derived
SAIH_AFF_r20c44,20,44,117.402959,42.414701,0.5317,0.6133,0.7871,0.7965,0.5639,0.7992,0.2354,0.00866,1985,1985,1,stable_forest,CLCD_v01_Yang_Huang_zenodo.18180184,RS_derived
SAIH_AFF_r20c45,20,45,117.41501,42.414701,0.5016,0.6562,0.8211,0.7686,0.5888,0.7942,0.2054,0.00783,1985,1985,1,stable_forest,CLCD_v01_Yang_Huang_zenodo.18180184,RS_derived
SAIH_AFF_r20c46,20,46,117.427061,42.414701,0.7198,0.8108,0.8627,0.9123,0.762,0.9115,0.1495,0.0051,1985,1985,1,stable_forest,CLCD_v01_Yang_Huang_zenodo.18180184,RS_derived
SAIH_AFF_r20c47,20,47,117.439112,42.414701,0.8356,0.8974,0.9288,0.9548,0.8672,0.9546,0.0874,0.00301,1985,1985,1,stable_forest,CLCD_v01_Yang_Huang_zenodo.18180184,RS_derived
SAIH_AFF_r20c48,20,48,117.451162,42.414701,0.7402,0.8263,0.9178,0.9664,0.772,0.9656,0.1937,0.00667,1985,1985,1,stable_forest,CLCD_v01_Yang_Huang_zenodo.18180184,RS_derived
SAIH_AFF_r20c49,20,49,117.463213,42.414701,0.7363,0.7921,0.8527,0.9228,0.7602,0.9217,0.1615,0.00541,1985,1985,1,stable_forest,CLCD_v01_Yang_Huang_zenodo.18180184,RS_derived
SAIH_AFF_r20c50,20,50,117.475264,42.414701,0.5449,0.5724,0.6076,0.6681,0.5613,0.6701,0.1088,0.00377,1985,1985,1,stable_forest,CLCD_v01_Yang_Huang_zenodo.18180184,RS_derived
SAIH_AFF_r20c51,20,51,117.487315,42.414701,0.6183,0.7132,0.7132,0.7573,0.6977,0.7394,0.0416,0.00126,1985,1985,1,stable_forest,CLCD_v01_Yang_Huang_zenodo.18180184,RS_derived
SAIH_AFF_r20c52,20,52,117.499365,42.414701,0.7055,0.7915,0.8058,0.8279,0.7687,0.8258,0.0571,0.0019,1985,1985,1,stable_forest,CLCD_v01_Yang_Huang_zenodo.18180184,RS_derived
SAIH_AFF_r20c53,20,53,117.511416,42.414701,0.642,0.706,0.7292,0.7546,0.6895,0.7533,0.0637,0.00217,1985,1985,1,stable_forest,CLCD_v01_Yang_Huang_zenodo.18180184,RS_derived
SAIH_AFF_r20c54,20,54,117.523467,42.414701,0.3254,0.3867,0.4424,0.5052,0.354,0.5011,0.1471,0.00504,2022,1985,0,partial_forest,CLCD_v01_Yang_Huang_zenodo.18180184,RS_derived
SAIH_AFF_r20c55,20,55,117.535518,42.414701,0.0984,0.1708,0.2351,0.4389,0.1281,0.4109,0.2828,0.00889,0,2017,0,partial_forest,CLCD_v01_Yang_Huang_zenodo.18180184,RS_derived
SAIH_AFF_r20c56,20,56,117.547568,42.414701,0.0607,0.3172,0.4628,0.9283,0.0635,0.8614,0.7979,0.02552,2016,2000,0,afforested,CLCD_v01_Yang_Huang_zenodo.18180184,RS_derived
SAIH_AFF_r20c57,20,57,117.559619,42.414701,0.2664,0.4859,0.7198,0.9504,0.2692,0.9254,0.6562,0.02223,2002,2000,0,afforested,CLCD_v01_Yang_Huang_zenodo.18180184,RS_derived
SAIH_AFF_r20c58,20,58,117.57167,42.414701,0.1622,0.2201,0.4694,0.9222,0.1636,0.8873,0.7237,0.02365,2015,2005,0,afforested,CLCD_v01_Yang_Huang_zenodo.18180184,RS_derived
SAIH_AFF_r20c59,20,59,117.583721,42.414701,0.2868,0.2929,0.3061,0.3861,0.2916,0.3793,0.0877,0.00268,0,2009,0,partial_forest,CLCD_v01_Yang_Huang_zenodo.18180184,RS_derived
SAIH_AFF_r20c60,20,60,117.595772,42.414701,0.1243,0.1714,0.1822,0.2259,0.157,0.2248,0.0678,0.00223,0,0,0,non_forest,CLCD_v01_Yang_Huang_zenodo.18180184,RS_derived
SAIH_AFF_r20c62,20,62,117.619873,42.414701,0.0,0.0022,0.0028,0.3795,0.0006,0.3491,0.3485,0.00989,0,2019,0,partial_forest,CLCD_v01_Yang_Huang_zenodo.18180184,RS_derived
SAIH_AFF_r20c63,20,63,117.631924,42.414701,0.1423,0.1423,0.1544,0.7468,0.1423,0.7313,0.589,0.01856,2016,2015,0,afforested,CLCD_v01_Yang_Huang_zenodo.18180184,RS_derived
SAIH_AFF_r20c64,20,64,117.643975,42.414701,0.2924,0.2984,0.3092,0.4459,0.2964,0.4457,0.1492,0.00455,0,2002,0,partial_forest,CLCD_v01_Yang_Huang_zenodo.18180184,RS_derived
SAIH_AFF_r21c02,21,2,116.896827,42.405662,0.0138,0.0171,0.0193,0.2361,0.0143,0.2097,0.1954,0.00474,0,0,0,non_forest,CLCD_v01_Yang_Huang_zenodo.18180184,RS_derived
SAIH_AFF_r21c05,21,5,116.932979,42.405662,0.0092,0.0989,0.4584,0.7703,0.0131,0.747,0.734,0.02505,2012,2006,0,afforested,CLCD_v01_Yang_Huang_zenodo.18180184,RS_derived
SAIH_AFF_r21c06,21,6,116.94503,42.405662,0.0458,0.1191,0.6133,0.9002,0.046,0.8852,0.8392,0.03007,2009,2004,0,afforested,CLCD_v01_Yang_Huang_zenodo.18180184,RS_derived
SAIH_AFF_r21c07,21,7,116.957081,42.405662,0.0403,0.1302,0.5063,0.8605,0.0429,0.847,0.8041,0.02762,2010,2005,0,afforested,CLCD_v01_Yang_Huang_zenodo.18180184,RS_derived
SAIH_AFF_r21c08,21,8,116.969132,42.405662,0.0309,0.0905,0.4457,0.8549,0.0326,0.8339,0.8013,0.0278,2012,2008,0,afforested,CLCD_v01_Yang_Huang_zenodo.18180184,RS_derived
SAIH_AFF_r21c09,21,9,116.981182,42.405662,0.0017,0.0099,0.658,0.9763,0.0017,0.9627,0.961,0.03532,2009,2007,0,afforested,CLCD_v01_Yang_Huang_zenodo.18180184,RS_derived
SAIH_AFF_r21c10,21,10,116.993233,42.405662,0.0049,0.0589,0.5622,0.907,0.0091,0.8835,0.8744,0.03108,2010,2006,0,afforested,CLCD_v01_Yang_Huang_zenodo.18180184,RS_derived
SAIH_AFF_r21c11,21,11,117.005284,42.405662,0.0061,0.0507,0.4755,0.877,0.0129,0.8183,0.8053,0.02812,2013,2008,0,afforested,CLCD_v01_Yang_Huang_zenodo.18180184,RS_derived
SAIH_AFF_r21c12,21,12,117.017335,42.405662,0.1131,0.1495,0.6972,0.9686,0.1251,0.9559,0.8307,0.0304,2008,2004,0,afforested,CLCD_v01_Yang_Huang_zenodo.18180184,RS_derived
SAIH_AFF_r21c13,21,13,117.029385,42.405662,0.0706,0.1191,0.5416,0.904,0.0854,0.8642,0.7788,0.0278,2010,2004,0,afforested,CLCD_v01_Yang_Huang_zenodo.18180184,RS_derived
SAIH_AFF_r21c14,21,14,117.041436,42.405662,0.0827,0.15,0.6062,0.8875,0.1053,0.8637,0.7584,0.0274,2009,2003,0,afforested,CLCD_v01_Yang_Huang_zenodo.18180184,RS_derived
SAIH_AFF_r21c15,21,15,117.053487,42.405662,0.0135,0.0205,0.1016,0.4638,0.0161,0.3895,0.3733,0.01166,0,2022,0,partial_forest,CLCD_v01_Yang_Huang_zenodo.18180184,RS_derived
SAIH_AFF_r21c16,21,16,117.065538,42.405662,0.1434,0.1908,0.2852,0.5119,0.1523,0.4692,0.3169,0.01043,2023,2012,0,partial_forest,CLCD_v01_Yang_Huang_zenodo.18180184,RS_derived
SAIH_AFF_r21c17,21,17,117.077588,42.405662,0.0601,0.0745,0.1362,0.2835,0.0623,0.2779,0.2156,0.00724,0,0,0,non_forest,CLCD_v01_Yang_Huang_zenodo.18180184,RS_derived
SAIH_AFF_r21c18,21,18,117.089639,42.405662,0.0353,0.043,0.1307,0.283,0.0353,0.2501,0.2148,0.00724,0,0,0,non_forest,CLCD_v01_Yang_Huang_zenodo.18180184,RS_derived
SAIH_AFF_r21c19,21,19,117.10169,42.405662,0.0756,0.0844,0.1373,0.2956,0.0797,0.275,0.1953,0.00644,0,0,0,non_forest,CLCD_v01_Yang_Huang_zenodo.18180184,RS_derived
SAIH_AFF_r21c20,21,20,117.113741,42.405662,0.1789,0.2243,0.3616,0.4514,0.1942,0.4412,0.247,0.0089,0,2006,0,partial_forest,CLCD_v01_Yang_Huang_zenodo.18180184,RS_derived
SAIH_AFF_r21c21,21,21,117.125792,42.405662,0.2703,0.294,0.4981,0.6889,0.2764,0.6784,0.402,0.01452,2012,2004,0,afforested,CLCD_v01_Yang_Huang_zenodo.18180184,RS_derived
SAIH_AFF_r21c22,21,22,117.137842,42.405662,0.0656,0.0756,0.1842,0.3844,0.0656,0.3784,0.3127,0.01096,0,2015,0,partial_forest,CLCD_v01_Yang_Huang_zenodo.18180184,RS_derived
SAIH_AFF_r21c25,21,25,117.173995,42.405662,0.0,0.0211,0.1751,0.2697,0.0,0.2679,0.2679,0.00972,0,0,0,non_forest,CLCD_v01_Yang_Huang_zenodo.18180184,RS_derived
SAIH_AFF_r21c26,21,26,117.186045,42.405662,0.059,0.128,0.4953,0.6988,0.059,0.7119,0.6529,0.02385,2012,2006,0,afforested,CLCD_v01_Yang_Huang_zenodo.18180184,RS_derived
SAIH_AFF_r21c27,21,27,117.198096,42.405662,0.016,0.0954,0.1489,0.3977,0.0184,0.3719,0.3536,0.01135,0,2016,0,partial_forest,CLCD_v01_Yang_Huang_zenodo.18180184,RS_derived
SAIH_AFF_r21c28,21,28,117.210147,42.405662,0.0,0.1379,0.2664,0.4181,0.0,0.4124,0.4124,0.01386,0,2015,0,partial_forest,CLCD_v01_Yang_Huang_zenodo.18180184,RS_derived
SAIH_AFF_r21c29,21,29,117.222198,42.405662,0.0364,0.3177,0.3773,0.5124,0.0841,0.491,0.4069,0.01175,2022,2000,0,partial_forest,CLCD_v01_Yang_Huang_zenodo.18180184,RS_derived
SAIH_AFF_r21c30,21,30,117.234248,42.405662,0.1503,0.333,0.4303,0.5449,0.1988,0.5212,0.3223,0.00994,2022,1999,0,afforested,CLCD_v01_Yang_Huang_zenodo.18180184,RS_derived
SAIH_AFF_r21c31,21,31,117.246299,42.405662,0.1054,0.1423,0.23,0.3635,0.1221,0.3539,0.2318,0.00773,0,2016,0,partial_forest,CLCD_v01_Yang_Huang_zenodo.18180184,RS_derived
SAIH_AFF_r21c32,21,32,117.25835,42.405662,0.1919,0.3376,0.3927,0.4104,0.2421,0.4101,0.168,0.00536,0,1997,0,partial_forest,CLCD_v01_Yang_Huang_zenodo.18180184,RS_derived
SAIH_AFF_r21c33,21,33,117.270401,42.405662,0.23,0.476,0.6293,0.7821,0.3412,0.7598,0.4186,0.01379,2003,1991,0,partial_forest,CLCD_v01_Yang_Huang_zenodo.18180184,RS_derived
SAIH_AFF_r21c34,21,34,117.282452,42.405662,0.4881,0.7551,0.8665,0.9388,0.5806,0.9188,0.3383,0.0108,1990,1985,0,stable_forest,CLCD_v01_Yang_Huang_zenodo.18180184,RS_derived
SAIH_AFF_r21c35,21,35,117.294502,42.405662,0.3211,0.6886,0.7978,0.8492,0.3776,0.8171,0.4395,0.01361,1997,1985,0,partial_forest,CLCD_v01_Yang_Huang_zenodo.18180184,RS_derived
SAIH_AFF_r21c36,21,36,117.306553,42.405662,0.4093,0.5775,0.7264,0.7777,0.4562,0.7821,0.326,0.01094,1997,1985,0,partial_forest,CLCD_v01_Yang_Huang_zenodo.18180184,RS_derived
SAIH_AFF_r21c37,21,37,117.318604,42.405662,0.7965,0.84,0.8869,0.8825,0.8222,0.8811,0.0589,0.0022,1985,1985,1,stable_forest,CLCD_v01_Yang_Huang_zenodo.18180184,RS_derived
SAIH_AFF_r21c38,21,38,117.330655,42.405662,0.7452,0.8411,0.9035,0.9371,0.7859,0.9305,0.1446,0.00473,1985,1985,1,stable_forest,CLCD_v01_Yang_Huang_zenodo.18180184,RS_derived
SAIH_AFF_r21c39,21,39,117.342705,42.405662,0.8196,0.8858,0.93,0.9691,0.8528,0.9571,0.1043,0.00337,1985,1985,1,stable_forest,CLCD_v01_Yang_Huang_zenodo.18180184,RS_derived
SAIH_AFF_r21c40,21,40,117.354756,42.405662,0.7854,0.8476,0.9032,0.9319,0.8156,0.9276,0.112,0.00366,1985,1985,1,stable_forest,CLCD_v01_Yang_Huang_zenodo.18180184,RS_derived
SAIH_AFF_r21c41,21,41,117.366807,42.405662,0.7854,0.8257,0.8643,0.8913,0.796,0.8884,0.0924,0.00302,1985,1985,1,stable_forest,CLCD_v01_Yang_Huang_zenodo.18180184,RS_derived
SAIH_AFF_r21c42,21,42,117.378858,42.405662,0.7066,0.7728,0.8147,0.861,0.7314,0.8583,0.127,0.00414,1985,1985,1,stable_forest,CLCD_v01_Yang_Huang_zenodo.18180184,RS_derived
SAIH_AFF_r21c43,21,43,117.390908,42.405662,0.8268,0.9024,0.92,0.941,0.8705,0.9391,0.0686,0.00218,1985,1985,1,stable_forest,CLCD_v01_Yang_Huang_zenodo.18180184,RS_derived
SAIH_AFF_r21c44,21,44,117.402959,42.405662,0.9167,0.9437,0.9757,0.9945,0.9288,0.9916,0.0628,0.00215,1985,1985,1,stable_forest,CLCD_v01_Yang_Huang_zenodo.18180184,RS_derived
SAIH_AFF_r21c45,21,45,117.41501,42.405662,0.8384,0.9232,0.9816,0.9789,0.8741,0.9844,0.1103,0.00381,1985,1985,1,stable_forest,CLCD_v01_Yang_Huang_zenodo.18180184,RS_derived
SAIH_AFF_r21c46,21,46,117.427061,42.405662,0.5896,0.6525,0.6917,0.7259,0.6188,0.7249,0.1061,0.00352,1985,1985,1,stable_forest,CLCD_v01_Yang_Huang_zenodo.18180184,RS_derived
SAIH_AFF_r21c47,21,47,117.439112,42.405662,0.7474,0.8698,0.8935,0.9129,0.7938,0.9121,0.1183,0.00385,1985,1985,1,stable_forest,CLCD_v01_Yang_Huang_zenodo.18180184,RS_derived
SAIH_AFF_r21c48,21,48,117.451162,42.405662,0.8456,0.904,0.9355,0.952,0.8758,0.9507,0.0749,0.00249,1985,1985,1,stable_forest,CLCD_v01_Yang_Huang_zenodo.18180184,RS_derived
SAIH_AFF_r21c49,21,49,117.463213,42.405662,0.6481,0.6806,0.706,0.7413,0.6726,0.7402,0.0676,0.00231,1985,1985,1,stable_forest,CLCD_v01_Yang_Huang_zenodo.18180184,RS_derived
SAIH_AFF_r21c50,21,50,117.475264,42.405662,0.6622,0.7216,0.7557,0.7935,0.6934,0.7913,0.0979,0.00331,1985,1985,1,stable_forest,CLCD_v01_Yang_Huang_zenodo.18180184,RS_derived
SAIH_AFF_r21c51,21,51,117.487315,42.405662,0.2653,0.305,0.3133,0.369,0.2988,0.3619,0.0631,0.00208,0,1991,0,partial_forest,CLCD_v01_Yang_Huang_zenodo.18180184,RS_derived
SAIH_AFF_r21c52,21,52,117.499365,42.405662,0.604,0.711,0.7341,0.7579,0.6891,0.75,0.0609,0.00211,1985,1985,1,stable_forest,CLCD_v01_Yang_Huang_zenodo.18180184,RS_derived
SAIH_AFF_r21c53,21,53,117.511416,42.405662,0.4181,0.4639,0.5808,0.6536,0.4445,0.649,0.2045,0.00724,2006,1985,0,partial_forest,CLCD_v01_Yang_Huang_zenodo.18180184,RS_derived
SAIH_AFF_r21c54,21,54,117.523467,42.405662,0.5323,0.5665,0.5974,0.6608,0.5498,0.6563,0.1064,0.00346,1985,1985,1,stable_forest,CLCD_v01_Yang_Huang_zenodo.18180184,RS_derived
SAIH_AFF_r21c55,21,55,117.535518,42.405662,0.0476,0.0859,0.1497,0.2086,0.0688,0.2041,0.1353,0.00462,0,0,0,non_forest,CLCD_v01_Yang_Huang_zenodo.18180184,RS_derived
SAIH_AFF_r21c56,21,56,117.547568,42.405662,0.0243,0.0331,0.0645,0.31,0.0318,0.2784,0.2465,0.00714,0,2024,0,non_forest,CLCD_v01_Yang_Huang_zenodo.18180184,RS_derived
SAIH_AFF_r21c57,21,57,117.559619,42.405662,0.0,0.0,0.0,0.3585,0.0,0.2674,0.2674,0.00731,0,2024,0,non_forest,CLCD_v01_Yang_Huang_zenodo.18180184,RS_derived
SAIH_AFF_r21c58,21,58,117.57167,42.405662,0.021,0.0276,0.0745,0.7292,0.021,0.4919,0.471,0.0125,2023,2022,0,partial_forest,CLCD_v01_Yang_Huang_zenodo.18180184,RS_derived
SAIH_AFF_r21c59,21,59,117.583721,42.405662,0.3916,0.4225,0.4413,0.5488,0.4126,0.5161,0.1035,0.003,2022,1985,0,partial_forest,CLCD_v01_Yang_Huang_zenodo.18180184,RS_derived
SAIH_AFF_r21c60,21,60,117.595772,42.405662,0.4578,0.4957,0.5968,0.6995,0.4795,0.6983,0.2188,0.00754,2002,1985,0,partial_forest,CLCD_v01_Yang_Huang_zenodo.18180184,RS_derived
SAIH_AFF_r21c61,21,61,117.607822,42.405662,0.2372,0.3475,0.4892,0.6095,0.2762,0.6048,0.3286,0.01107,2013,1994,0,afforested,CLCD_v01_Yang_Huang_zenodo.18180184,RS_derived
SAIH_AFF_r21c62,21,62,117.619873,42.405662,0.0971,0.1169,0.1765,0.2339,0.1051,0.2331,0.128,0.00426,0,0,0,non_forest,CLCD_v01_Yang_Huang_zenodo.18180184,RS_derived
SAIH_AFF_r21c63,21,63,117.631924,42.405662,0.0055,0.0226,0.0585,0.2802,0.0128,0.2646,0.2518,0.00732,0,0,0,non_forest,CLCD_v01_Yang_Huang_zenodo.18180184,RS_derived
SAIH_AFF_r21c64,21,64,117.643975,42.405662,0.0141,0.0346,0.0573,0.2135,0.0265,0.2042,0.1777,0.00528,0,0,0,non_forest,CLCD_v01_Yang_Huang_zenodo.18180184,RS_derived
SAIH_AFF_r22c03,22,3,116.908878,42.396623,0.0,0.0143,0.1009,0.4214,0.0,0.3969,0.3969,0.01225,0,2019,0,partial_forest,CLCD_v01_Yang_Huang_zenodo.18180184,RS_derived
SAIH_AFF_r22c04,22,4,116.920928,42.396623,0.0083,0.016,0.1842,0.7347,0.0083,0.7144,0.7061,0.02359,2016,2013,0,afforested,CLCD_v01_Yang_Huang_zenodo.18180184,RS_derived
SAIH_AFF_r22c05,22,5,116.932979,42.396623,0.0005,0.0178,0.4011,0.953,0.0005,0.9365,0.9359,0.03328,2012,2010,0,afforested,CLCD_v01_Yang_Huang_zenodo.18180184,RS_derived
SAIH_AFF_r22c06,22,6,116.94503,42.396623,0.0165,0.0888,0.6315,0.941,0.0195,0.9303,0.9108,0.03248,2009,2007,0,afforested,CLCD_v01_Yang_Huang_zenodo.18180184,RS_derived
SAIH_AFF_r22c07,22,7,116.957081,42.396623,0.0397,0.1368,0.5869,0.9432,0.0436,0.926,0.8824,0.03025,2010,2005,0,afforested,CLCD_v01_Yang_Huang_zenodo.18180184,RS_derived
SAIH_AFF_r22c08,22,8,116.969132,42.396623,0.0491,0.1059,0.5698,0.8456,0.0507,0.8089,0.7581,0.02646,2010,2005,0,afforested,CLCD_v01_Yang_Huang_zenodo.18180184,RS_derived
SAIH_AFF_r22c09,22,9,116.981182,42.396623,0.0182,0.0491,0.3855,0.7424,0.0183,0.7017,0.6834,0.02359,2015,2008,0,afforested,CLCD_v01_Yang_Huang_zenodo.18180184,RS_derived
SAIH_AFF_r22c10,22,10,116.993233,42.396623,0.0,0.0076,0.3551,0.8373,0.0001,0.799,0.7989,0.02802,2014,2010,0,afforested,CLCD_v01_Yang_Huang_zenodo.18180184,RS_derived
SAIH_AFF_r22c11,22,11,117.005284,42.396623,0.0033,0.2493,0.7148,0.936,0.0282,0.9232,0.895,0.03102,2004,2002,0,afforested,CLCD_v01_Yang_Huang_zenodo.18180184,RS_derived
SAIH_AFF_r22c12,22,12,117.017335,42.396623,0.0496,0.1423,0.5505,0.8461,0.0686,0.8309,0.7623,0.02658,2010,2004,0,afforested,CLCD_v01_Yang_Huang_zenodo.18180184,RS_derived
SAIH_AFF_r22c13,22,13,117.029385,42.396623,0.032,0.0949,0.6536,0.9564,0.0522,0.9395,0.8873,0.03221,2008,2007,0,afforested,CLCD_v01_Yang_Huang_zenodo.18180184,RS_derived
SAIH_AFF_r22c14,22,14,117.041436,42.396623,0.0342,0.043,0.3359,0.5659,0.0356,0.5386,0.503,0.01799,2022,2009,0,afforested,CLCD_v01_Yang_Huang_zenodo.18180184,RS_derived
SAIH_AFF_r22c15,22,15,117.053487,42.396623,0.0486,0.0514,0.113,0.2919,0.0486,0.2631,0.2144,0.00675,0,0,0,non_forest,CLCD_v01_Yang_Huang_zenodo.18180184,RS_derived
SAIH_AFF_r22c16,22,16,117.065538,42.396623,0.0237,0.027,0.0375,0.1362,0.0251,0.1215,0.0964,0.00303,0,0,0,non_forest,CLCD_v01_Yang_Huang_zenodo.18180184,RS_derived
SAIH_AFF_r22c17,22,17,117.077588,42.396623,0.021,0.0303,0.0656,0.1947,0.0219,0.1828,0.1609,0.00518,0,0,0,non_forest,CLCD_v01_Yang_Huang_zenodo.18180184,RS_derived
SAIH_AFF_r22c18,22,18,117.089639,42.396623,0.1258,0.1373,0.2217,0.4446,0.1291,0.4142,0.2852,0.00915,0,2015,0,partial_forest,CLCD_v01_Yang_Huang_zenodo.18180184,RS_derived
SAIH_AFF_r22c19,22,19,117.10169,42.396623,0.1798,0.2107,0.3012,0.5003,0.1897,0.4677,0.278,0.00929,2025,2010,0,partial_forest,CLCD_v01_Yang_Huang_zenodo.18180184,RS_derived
SAIH_AFF_r22c21,22,21,117.125792,42.396623,0.0127,0.0182,0.0645,0.1247,0.0127,0.1144,0.1017,0.00345,0,0,0,non_forest,CLCD_v01_Yang_Huang_zenodo.18180184,RS_derived
SAIH_AFF_r22c26,22,26,117.186045,42.396623,0.0557,0.0557,0.1467,0.3111,0.0557,0.3117,0.256,0.00892,0,2017,0,partial_forest,CLCD_v01_Yang_Huang_zenodo.18180184,RS_derived
SAIH_AFF_r22c27,22,27,117.198096,42.396623,0.0,0.0,0.1407,0.38,0.0,0.3709,0.3709,0.01297,0,2016,0,partial_forest,CLCD_v01_Yang_Huang_zenodo.18180184,RS_derived
SAIH_AFF_r22c30,22,30,117.234248,42.396623,0.0378,0.0692,0.1805,0.3049,0.0396,0.2987,0.2591,0.00876,0,2022,0,non_forest,CLCD_v01_Yang_Huang_zenodo.18180184,RS_derived
SAIH_AFF_r22c31,22,31,117.246299,42.396623,0.4159,0.6211,0.6972,0.7435,0.4937,0.7287,0.235,0.00749,1991,1985,0,partial_forest,CLCD_v01_Yang_Huang_zenodo.18180184,RS_derived
SAIH_AFF_r22c32,22,32,117.25835,42.396623,0.6823,0.877,0.9244,0.9322,0.762,0.9305,0.1685,0.00532,1985,1985,1,stable_forest,CLCD_v01_Yang_Huang_zenodo.18180184,RS_derived
SAIH_AFF_r22c33,22,33,117.270401,42.396623,0.4203,0.8345,0.9305,0.9553,0.5185,0.9524,0.4339,0.01347,1991,1985,0,stable_forest,CLCD_v01_Yang_Huang_zenodo.18180184,RS_derived
SAIH_AFF_r22c34,22,34,117.282452,42.396623,0.5019,0.8687,0.9487,0.973,0.5892,0.9659,0.3767,0.01159,1985,1985,1,stable_forest,CLCD_v01_Yang_Huang_zenodo.18180184,RS_derived
SAIH_AFF_r22c35,22,35,117.294502,42.396623,0.4351,0.7557,0.8859,0.9254,0.5204,0.9152,0.3948,0.01244,1991,1985,0,stable_forest,CLCD_v01_Yang_Huang_zenodo.18180184,RS_derived
SAIH_AFF_r22c36,22,36,117.306553,42.396623,0.6873,0.9024,0.9515,0.9641,0.7688,0.9588,0.19,0.00587,1985,1985,1,stable_forest,CLCD_v01_Yang_Huang_zenodo.18180184,RS_derived
SAIH_AFF_r22c37,22,37,117.318604,42.396623,0.7899,0.8367,0.8809,0.9691,0.8207,0.9503,0.1295,0.00416,1985,1985,1,stable_forest,CLCD_v01_Yang_Huang_zenodo.18180184,RS_derived
SAIH_AFF_r22c38,22,38,117.330655,42.396623,0.7998,0.8627,0.9415,0.9355,0.8394,0.9315,0.0921,0.00346,1985,1985,1,stable_forest,CLCD_v01_Yang_Huang_zenodo.18180184,RS_derived
SAIH_AFF_r22c39,22,39,117.342705,42.396623,0.6547,0.7865,0.9106,0.9355,0.7059,0.9241,0.2182,0.00768,1985,1985,1,stable_forest,CLCD_v01_Yang_Huang_zenodo.18180184,RS_derived
SAIH_AFF_r22c40,22,40,117.354756,42.396623,0.7065,0.8811,0.9384,0.9416,0.7774,0.9236,0.1462,0.00503,1985,1985,1,stable_forest,CLCD_v01_Yang_Huang_zenodo.18180184,RS_derived
SAIH_AFF_r22c41,22,41,117.366807,42.396623,0.7192,0.8125,0.8731,0.9167,0.7661,0.9154,0.1493,0.00509,1985,1985,1,stable_forest,CLCD_v01_Yang_Huang_zenodo.18180184,RS_derived
SAIH_AFF_r22c42,22,42,117.378858,42.396623,0.7496,0.8318,0.9051,0.9382,0.7783,0.9411,0.1627,0.00557,1985,1985,1,stable_forest,CLCD_v01_Yang_Huang_zenodo.18180184,RS_derived
SAIH_AFF_r22c43,22,43,117.390908,42.396623,0.5819,0.6839,0.7204,0.8086,0.6114,0.7946,0.1833,0.00562,1985,1985,1,stable_forest,CLCD_v01_Yang_Huang_zenodo.18180184,RS_derived
SAIH_AFF_r22c44,22,44,117.402959,42.396623,0.4892,0.5676,0.631,0.7248,0.5264,0.7082,0.1818,0.00592,1990,1985,0,stable_forest,CLCD_v01_Yang_Huang_zenodo.18180184,RS_derived
SAIH_AFF_r22c45,22,45,117.41501,42.396623,0.4508,0.5476,0.5968,0.6719,0.4896,0.6639,0.1743,0.00565,1995,1985,0,partial_forest,CLCD_v01_Yang_Huang_zenodo.18180184,RS_derived
SAIH_AFF_r22c46,22,46,117.427061,42.396623,0.5455,0.6194,0.6641,0.7038,0.5822,0.6988,0.1166,0.00384,1985,1985,1,stable_forest,CLCD_v01_Yang_Huang_zenodo.18180184,RS_derived
SAIH_AFF_r22c47,22,47,117.439112,42.396623,0.519,0.5692,0.6238,0.7264,0.5349,0.7212,0.1862,0.00619,1985,1985,1,stable_forest,CLCD_v01_Yang_Huang_zenodo.18180184,RS_derived
SAIH_AFF_r22c48,22,48,117.451162,42.396623,0.7259,0.7523,0.8014,0.8235,0.7408,0.8215,0.0806,0.00289,1985,1985,1,stable_forest,CLCD_v01_Yang_Huang_zenodo.18180184,RS_derived
SAIH_AFF_r22c49,22,49,117.463213,42.396623,0.5466,0.583,0.5996,0.6167,0.5714,0.6146,0.0432,0.00145,1985,1985,1,stable_forest,CLCD_v01_Yang_Huang_zenodo.18180184,RS_derived
SAIH_AFF_r22c50,22,50,117.475264,42.396623,0.5254,0.5659,0.6114,0.6616,0.5455,0.6568,0.1114,0.0037,1985,1985,1,stable_forest,CLCD_v01_Yang_Huang_zenodo.18180184,RS_derived
SAIH_AFF_r22c51,22,51,117.487315,42.396623,0.5091,0.5356,0.5565,0.5814,0.5286,0.5784,0.0499,0.00178,1985,1985,1,stable_forest,CLCD_v01_Yang_Huang_zenodo.18180184,RS_derived
SAIH_AFF_r22c52,22,52,117.499365,42.396623,0.2107,0.2896,0.3166,0.3354,0.2722,0.3324,0.0603,0.00209,0,2004,0,partial_forest,CLCD_v01_Yang_Huang_zenodo.18180184,RS_derived
SAIH_AFF_r22c53,22,53,117.511416,42.396623,0.465,0.5389,0.6034,0.6338,0.5225,0.6312,0.1087,0.00389,1990,1985,0,stable_forest,CLCD_v01_Yang_Huang_zenodo.18180184,RS_derived
SAIH_AFF_r22c54,22,54,117.523467,42.396623,0.1754,0.2079,0.3751,0.5262,0.1932,0.5199,0.3267,0.01126,2020,2008,0,afforested,CLCD_v01_Yang_Huang_zenodo.18180184,RS_derived
SAIH_AFF_r22c55,22,55,117.535518,42.396623,0.0676,0.0957,0.1265,0.207,0.0813,0.2027,0.1214,0.00372,0,0,0,non_forest,CLCD_v01_Yang_Huang_zenodo.18180184,RS_derived
SAIH_AFF_r22c56,22,56,117.547568,42.396623,0.0563,0.1462,0.2035,0.2846,0.1143,0.2751,0.1608,0.00538,0,0,0,non_forest,CLCD_v01_Yang_Huang_zenodo.18180184,RS_derived
SAIH_AFF_r22c57,22,57,117.559619,42.396623,0.0177,0.0325,0.0667,0.1136,0.0257,0.1114,0.0857,0.00296,0,0,0,non_forest,CLCD_v01_Yang_Huang_zenodo.18180184,RS_derived
SAIH_AFF_r22c58,22,58,117.57167,42.396623,0.0728,0.0993,0.134,0.171,0.0914,0.1637,0.0723,0.0024,0,0,0,non_forest,CLCD_v01_Yang_Huang_zenodo.18180184,RS_derived
SAIH_AFF_r22c59,22,59,117.583721,42.396623,0.1015,0.1589,0.1991,0.3867,0.1425,0.339,0.1966,0.00599,0,2020,0,partial_forest,CLCD_v01_Yang_Huang_zenodo.18180184,RS_derived
SAIH_AFF_r22c60,22,60,117.595772,42.396623,0.0378,0.0459,0.0476,0.3265,0.0406,0.2558,0.2151,0.00544,0,2023,0,non_forest,CLCD_v01_Yang_Huang_zenodo.18180184,RS_derived
SAIH_AFF_r22c61,22,61,117.607822,42.396623,0.353,0.3723,0.4181,0.497,0.3617,0.4845,0.1228,0.00387,0,1985,0,partial_forest,CLCD_v01_Yang_Huang_zenodo.18180184,RS_derived
SAIH_AFF_r22c62,22,62,117.619873,42.396623,0.2962,0.3249,0.5135,0.631,0.3084,0.6345,0.3261,0.0117,2010,1990,0,partial_forest,CLCD_v01_Yang_Huang_zenodo.18180184,RS_derived
SAIH_AFF_r22c63,22,63,117.631924,42.396623,0.005,0.0276,0.07,0.1942,0.0117,0.1927,0.1809,0.00581,0,0,0,non_forest,CLCD_v01_Yang_Huang_zenodo.18180184,RS_derived
SAIH_AFF_r22c64,22,64,117.643975,42.396623,0.1043,0.2205,0.3535,0.4427,0.1619,0.434,0.272,0.00926,0,2004,0,partial_forest,CLCD_v01_Yang_Huang_zenodo.18180184,RS_derived
SAIH_AFF_r23c02,23,2,116.896827,42.387584,0.0,0.0006,0.0673,0.4264,0.0,0.3974,0.3974,0.01204,0,2019,0,partial_forest,CLCD_v01_Yang_Huang_zenodo.18180184,RS_derived
SAIH_AFF_r23c03,23,3,116.908878,42.387584,0.0017,0.0094,0.1114,0.7716,0.0017,0.7358,0.7341,0.02361,2016,2013,0,afforested,CLCD_v01_Yang_Huang_zenodo.18180184,RS_derived
SAIH_AFF_r23c04,23,4,116.920928,42.387584,0.011,0.0656,0.4721,0.968,0.0124,0.9561,0.9436,0.03287,2011,2009,0,afforested,CLCD_v01_Yang_Huang_zenodo.18180184,RS_derived
SAIH_AFF_r23c05,23,5,116.932979,42.387584,0.027,0.1227,0.6308,0.953,0.0313,0.9377,0.9064,0.03272,2010,2008,0,afforested,CLCD_v01_Yang_Huang_zenodo.18180184,RS_derived
SAIH_AFF_r23c06,23,6,116.94503,42.387584,0.0061,0.0739,0.6343,0.8991,0.0083,0.8859,0.8776,0.03155,2010,2007,0,afforested,CLCD_v01_Yang_Huang_zenodo.18180184,RS_derived
SAIH_AFF_r23c07,23,7,116.957081,42.387584,0.0585,0.1666,0.4644,0.8362,0.0656,0.7929,0.7272,0.02381,2014,2006,0,afforested,CLCD_v01_Yang_Huang_zenodo.18180184,RS_derived
SAIH_AFF_r23c08,23,8,116.969132,42.387584,0.005,0.0188,0.2868,0.6823,0.0054,0.6434,0.6381,0.02122,2018,2011,0,afforested,CLCD_v01_Yang_Huang_zenodo.18180184,RS_derived
SAIH_AFF_r23c09,23,9,116.981182,42.387584,0.0039,0.0077,0.1975,0.5996,0.0042,0.556,0.5518,0.01828,2022,2015,0,afforested,CLCD_v01_Yang_Huang_zenodo.18180184,RS_derived
SAIH_AFF_r23c10,23,10,116.993233,42.387584,0.0038,0.0038,0.1459,0.4616,0.0038,0.4268,0.4231,0.01364,0,2017,0,partial_forest,CLCD_v01_Yang_Huang_zenodo.18180184,RS_derived
SAIH_AFF_r23c11,23,11,117.005284,42.387584,0.0138,0.0165,0.2096,0.6547,0.0138,0.6202,0.6064,0.01968,2018,2015,0,afforested,CLCD_v01_Yang_Huang_zenodo.18180184,RS_derived
SAIH_AFF_r23c12,23,12,117.017335,42.387584,0.0182,0.1351,0.6773,0.8787,0.0402,0.8657,0.8255,0.02896,2007,2003,0,afforested,CLCD_v01_Yang_Huang_zenodo.18180184,RS_derived
SAIH_AFF_r23c13,23,13,117.029385,42.387584,0.0667,0.1897,0.4589,0.6343,0.0866,0.6062,0.5196,0.01753,2015,2005,0,afforested,CLCD_v01_Yang_Huang_zenodo.18180184,RS_derived
SAIH_AFF_r23c15,23,15,117.053487,42.387584,0.0027,0.0043,0.0395,0.2243,0.0027,0.1979,0.1952,0.0063,0,0,0,non_forest,CLCD_v01_Yang_Huang_zenodo.18180184,RS_derived
SAIH_AFF_r23c16,23,16,117.065538,42.387584,0.0132,0.0165,0.0265,0.2317,0.0132,0.1844,0.1712,0.00488,0,0,0,non_forest,CLCD_v01_Yang_Huang_zenodo.18180184,RS_derived
SAIH_AFF_r23c17,23,17,117.077588,42.387584,0.0022,0.0039,0.0336,0.3977,0.0022,0.3624,0.3602,0.01143,0,2020,0,partial_forest,CLCD_v01_Yang_Huang_zenodo.18180184,RS_derived
SAIH_AFF_r23c18,23,18,117.089639,42.387584,0.0772,0.0822,0.1682,0.4992,0.081,0.477,0.396,0.0132,0,2015,0,partial_forest,CLCD_v01_Yang_Huang_zenodo.18180184,RS_derived
SAIH_AFF_r23c19,23,19,117.10169,42.387584,0.043,0.0458,0.176,0.6338,0.0441,0.6031,0.559,0.01868,2016,2015,0,afforested,CLCD_v01_Yang_Huang_zenodo.18180184,RS_derived
SAIH_AFF_r23c20,23,20,117.113741,42.387584,0.033,0.0346,0.0843,0.247,0.033,0.2312,0.1982,0.00683,0,0,0,non_forest,CLCD_v01_Yang_Huang_zenodo.18180184,RS_derived
SAIH_AFF_r23c21,23,21,117.125792,42.387584,0.0855,0.1037,0.1589,0.203,0.0869,0.1994,0.1125,0.00393,0,0,0,non_forest,CLCD_v01_Yang_Huang_zenodo.18180184,RS_derived
SAIH_AFF_r23c22,23,22,117.137842,42.387584,0.0507,0.059,0.1302,0.342,0.0522,0.3099,0.2577,0.00826,0,2022,0,partial_forest,CLCD_v01_Yang_Huang_zenodo.18180184,RS_derived
SAIH_AFF_r23c23,23,23,117.149893,42.387584,0.0177,0.0336,0.0976,0.257,0.0194,0.2426,0.2232,0.00739,0,0,0,non_forest,CLCD_v01_Yang_Huang_zenodo.18180184,RS_derived
SAIH_AFF_r23c24,23,24,117.161944,42.387584,0.1826,0.2383,0.3105,0.4258,0.1957,0.4124,0.2167,0.00721,0,2009,0,partial_forest,CLCD_v01_Yang_Huang_zenodo.18180184,RS_derived
SAIH_AFF_r23c25,23,25,117.173995,42.387584,0.1249,0.1362,0.1827,0.2984,0.1278,0.2795,0.1518,0.00494,0,0,0,non_forest,CLCD_v01_Yang_Huang_zenodo.18180184,RS_derived
SAIH_AFF_r23c26,23,26,117.186045,42.387584,0.0347,0.0392,0.0717,0.2416,0.0347,0.2112,0.1764,0.0055,0,0,0,non_forest,CLCD_v01_Yang_Huang_zenodo.18180184,RS_derived
SAIH_AFF_r23c27,23,27,117.198096,42.387584,0.0,0.0,0.1197,0.4948,0.0,0.4516,0.4516,0.01504,0,2016,0,partial_forest,CLCD_v01_Yang_Huang_zenodo.18180184,RS_derived
SAIH_AFF_r23c28,23,28,117.210147,42.387584,0.0,0.0,0.0276,0.2477,0.0,0.2274,0.2274,0.00685,0,0,0,non_forest,CLCD_v01_Yang_Huang_zenodo.18180184,RS_derived
SAIH_AFF_r23c30,23,30,117.234248,42.387584,0.0011,0.0049,0.0638,0.2378,0.0011,0.2147,0.2136,0.00714,0,0,0,non_forest,CLCD_v01_Yang_Huang_zenodo.18180184,RS_derived
SAIH_AFF_r23c31,23,31,117.246299,42.387584,0.0667,0.102,0.2697,0.4346,0.0747,0.43,0.3553,0.01269,0,2014,0,partial_forest,CLCD_v01_Yang_Huang_zenodo.18180184,RS_derived
SAIH_AFF_r23c32,23,32,117.25835,42.387584,0.4986,0.5985,0.6558,0.7391,0.5419,0.7339,0.192,0.00644,1990,1985,0,stable_forest,CLCD_v01_Yang_Huang_zenodo.18180184,RS_derived
SAIH_AFF_r23c33,23,33,117.270401,42.387584,0.6895,0.9156,0.9498,0.9636,0.7767,0.9595,0.1828,0.00546,1985,1985,1,stable_forest,CLCD_v01_Yang_Huang_zenodo.18180184,RS_derived
SAIH_AFF_r23c34,23,34,117.282452,42.387584,0.7783,0.9151,0.9586,0.9592,0.8313,0.965,0.1337,0.00434,1985,1985,1,stable_forest,CLCD_v01_Yang_Huang_zenodo.18180184,RS_derived
SAIH_AFF_r23c35,23,35,117.294502,42.387584,0.8076,0.8903,0.9319,0.9438,0.8466,0.9435,0.0969,0.00321,1985,1985,1,stable_forest,CLCD_v01_Yang_Huang_zenodo.18180184,RS_derived
SAIH_AFF_r23c36,23,36,117.306553,42.387584,0.8676,0.9421,0.9719,0.979,0.9017,0.9785,0.0767,0.00251,1985,1985,1,stable_forest,CLCD_v01_Yang_Huang_zenodo.18180184,RS_derived
SAIH_AFF_r23c37,23,37,117.318604,42.387584,0.8511,0.8991,0.92,0.9636,0.8804,0.956,0.0756,0.00241,1985,1985,1,stable_forest,CLCD_v01_Yang_Huang_zenodo.18180184,RS_derived
SAIH_AFF_r23c38,23,38,117.330655,42.387584,0.8318,0.8886,0.925,0.9564,0.8619,0.951,0.0891,0.00309,1985,1985,1,stable_forest,CLCD_v01_Yang_Huang_zenodo.18180184,RS_derived
SAIH_AFF_r23c39,23,39,117.342705,42.387584,0.947,0.9901,0.9994,1.0,0.975,0.9997,0.0247,0.00082,1985,1985,1,stable_forest,CLCD_v01_Yang_Huang_zenodo.18180184,RS_derived
SAIH_AFF_r23c40,23,40,117.354756,42.387584,0.9076,0.9432,0.9789,0.9946,0.9289,0.9908,0.0619,0.00222,1985,1985,1,stable_forest,CLCD_v01_Yang_Huang_zenodo.18180184,RS_derived
SAIH_AFF_r23c41,23,41,117.366807,42.387584,0.9641,0.9884,0.9923,0.9934,0.9807,0.9846,0.004,1e-05,1985,1985,1,stable_forest,CLCD_v01_Yang_Huang_zenodo.18180184,RS_derived
SAIH_AFF_r23c42,23,42,117.378858,42.387584,0.893,0.9228,0.9393,0.9603,0.9069,0.9406,0.0337,0.00125,1985,1985,1,stable_forest,CLCD_v01_Yang_Huang_zenodo.18180184,RS_derived
SAIH_AFF_r23c43,23,43,117.390908,42.387584,0.8897,0.9388,0.9537,0.9316,0.9122,0.9428,0.0306,0.0011,1985,1985,1,stable_forest,CLCD_v01_Yang_Huang_zenodo.18180184,RS_derived
SAIH_AFF_r23c44,23,44,117.402959,42.387584,0.5554,0.6448,0.6768,0.7297,0.5874,0.7288,0.1414,0.00459,1985,1985,1,stable_forest,CLCD_v01_Yang_Huang_zenodo.18180184,RS_derived
SAIH_AFF_r23c45,23,45,117.41501,42.387584,0.5832,0.6389,0.6784,0.7324,0.6137,0.7305,0.1167,0.00389,1985,1985,1,stable_forest,CLCD_v01_Yang_Huang_zenodo.18180184,RS_derived
SAIH_AFF_r23c46,23,46,117.427061,42.387584,0.7159,0.7634,0.7921,0.824,0.7422,0.8229,0.0808,0.00277,1985,1985,1,stable_forest,CLCD_v01_Yang_Huang_zenodo.18180184,RS_derived
SAIH_AFF_r23c47,23,47,117.439112,42.387584,0.5405,0.594,0.6222,0.6613,0.5784,0.6592,0.0809,0.00277,1985,1985,1,stable_forest,CLCD_v01_Yang_Huang_zenodo.18180184,RS_derived
SAIH_AFF_r23c48,23,48,117.451162,42.387584,0.4755,0.5494,0.5924,0.7336,0.5346,0.7257,0.1911,0.00633,1990,1985,0,stable_forest,CLCD_v01_Yang_Huang_zenodo.18180184,RS_derived
SAIH_AFF_r23c49,23,49,117.463213,42.387584,0.6867,0.722,0.7656,0.7937,0.7105,0.7916,0.0811,0.00283,1985,1985,1,stable_forest,CLCD_v01_Yang_Huang_zenodo.18180184,RS_derived
SAIH_AFF_r23c50,23,50,117.475264,42.387584,0.6065,0.6562,0.6805,0.6995,0.6439,0.6966,0.0527,0.00177,1985,1985,1,stable_forest,CLCD_v01_Yang_Huang_zenodo.18180184,RS_derived
SAIH_AFF_r23c51,23,51,117.487315,42.387584,0.4484,0.5113,0.5251,0.5747,0.4941,0.5683,0.0743,0.00236,1991,1985,0,partial_forest,CLCD_v01_Yang_Huang_zenodo.18180184,RS_derived
SAIH_AFF_r23c52,23,52,117.499365,42.387584,0.5328,0.5825,0.6453,0.7038,0.5684,0.6973,0.1288,0.00453,1985,1985,1,stable_forest,CLCD_v01_Yang_Huang_zenodo.18180184,RS_derived
SAIH_AFF_r23c53,23,53,117.511416,42.387584,0.075,0.1065,0.1395,0.2074,0.1017,0.1994,0.0977,0.00329,0,0,0,non_forest,CLCD_v01_Yang_Huang_zenodo.18180184,RS_derived
SAIH_AFF_r23c54,23,54,117.523467,42.387584,0.0248,0.0712,0.096,0.1699,0.0437,0.1577,0.114,0.00333,0,0,0,non_forest,CLCD_v01_Yang_Huang_zenodo.18180184,RS_derived
SAIH_AFF_r23c59,23,59,117.583721,42.387584,0.1892,0.3067,0.3585,0.417,0.2757,0.4154,0.1397,0.00469,0,1994,0,partial_forest,CLCD_v01_Yang_Huang_zenodo.18180184,RS_derived
SAIH_AFF_r23c60,23,60,117.595772,42.387584,0.1141,0.1654,0.1692,0.2957,0.1519,0.2639,0.112,0.00289,0,0,0,non_forest,CLCD_v01_Yang_Huang_zenodo.18180184,RS_derived
SAIH_AFF_r23c61,23,61,117.607822,42.387584,0.0954,0.1054,0.1219,0.2857,0.1032,0.2693,0.166,0.00507,0,0,0,non_forest,CLCD_v01_Yang_Huang_zenodo.18180184,RS_derived
SAIH_AFF_r23c62,23,62,117.619873,42.387584,0.2399,0.2736,0.3497,0.4385,0.2423,0.4427,0.2004,0.00649,0,2003,0,partial_forest,CLCD_v01_Yang_Huang_zenodo.18180184,RS_derived
SAIH_AFF_r23c63,23,63,117.631924,42.387584,0.0552,0.0607,0.1456,0.2841,0.0572,0.284,0.2268,0.00788,0,0,0,non_forest,CLCD_v01_Yang_Huang_zenodo.18180184,RS_derived
SAIH_AFF_r23c64,23,64,117.643975,42.387584,0.013,0.0416,0.1757,0.3497,0.0314,0.3506,0.3193,0.01083,0,2017,0,partial_forest,CLCD_v01_Yang_Huang_zenodo.18180184,RS_derived
SAIH_AFF_r24c02,24,2,116.896827,42.378545,0.0177,0.0314,0.0656,0.5444,0.0199,0.4833,0.4634,0.01309,2022,2019,0,partial_forest,CLCD_v01_Yang_Huang_zenodo.18180184,RS_derived
SAIH_AFF_r24c03,24,3,116.908878,42.378545,0.0121,0.0325,0.0987,0.8687,0.0122,0.8305,0.8183,0.02534,2016,2014,0,afforested,CLCD_v01_Yang_Huang_zenodo.18180184,RS_derived
SAIH_AFF_r24c04,24,4,116.920928,42.378545,0.0061,0.0518,0.3094,0.8218,0.0105,0.8036,0.7932,0.02657,2015,2010,0,afforested,CLCD_v01_Yang_Huang_zenodo.18180184,RS_derived
SAIH_AFF_r24c05,24,5,116.932979,42.378545,0.0097,0.0319,0.4222,0.8265,0.0097,0.7932,0.7834,0.02723,2012,2010,0,afforested,CLCD_v01_Yang_Huang_zenodo.18180184,RS_derived
SAIH_AFF_r24c06,24,6,116.94503,42.378545,0.0,0.0028,0.2228,0.6685,0.0,0.6287,0.6287,0.0209,2018,2012,0,afforested,CLCD_v01_Yang_Huang_zenodo.18180184,RS_derived
SAIH_AFF_r24c07,24,7,116.957081,42.378545,0.0,0.0,0.2868,0.7099,0.0,0.6782,0.6782,0.02315,2016,2011,0,afforested,CLCD_v01_Yang_Huang_zenodo.18180184,RS_derived
SAIH_AFF_r24c08,24,8,116.969132,42.378545,0.011,0.0138,0.0623,0.5505,0.0123,0.488,0.4758,0.0138,2022,2018,0,partial_forest,CLCD_v01_Yang_Huang_zenodo.18180184,RS_derived
SAIH_AFF_r24c09,24,9,116.981182,42.378545,0.0088,0.021,0.0932,0.3254,0.018,0.287,0.269,0.00864,0,2022,0,non_forest,CLCD_v01_Yang_Huang_zenodo.18180184,RS_derived
SAIH_AFF_r24c11,24,11,117.005284,42.378545,0.005,0.005,0.0607,0.2228,0.005,0.2088,0.2038,0.00662,0,0,0,non_forest,CLCD_v01_Yang_Huang_zenodo.18180184,RS_derived
SAIH_AFF_r24c12,24,12,117.017335,42.378545,0.0039,0.0243,0.1357,0.4346,0.0076,0.4071,0.3995,0.01235,0,2018,0,partial_forest,CLCD_v01_Yang_Huang_zenodo.18180184,RS_derived
SAIH_AFF_r24c13,24,13,117.029385,42.378545,0.0502,0.0568,0.1213,0.4374,0.054,0.3627,0.3087,0.00923,0,2022,0,partial_forest,CLCD_v01_Yang_Huang_zenodo.18180184,RS_derived
SAIH_AFF_r24c14,24,14,117.041436,42.378545,0.1164,0.1269,0.1892,0.3365,0.1173,0.3074,0.1901,0.00604,0,2022,0,partial_forest,CLCD_v01_Yang_Huang_zenodo.18180184,RS_derived
SAIH_AFF_r24c16,24,16,117.065538,42.378545,0.0099,0.0143,0.0386,0.4462,0.0099,0.3782,0.3683,0.01037,0,2022,0,partial_forest,CLCD_v01_Yang_Huang_zenodo.18180184,RS_derived
SAIH_AFF_r24c17,24,17,117.077588,42.378545,0.0017,0.0017,0.0436,0.5433,0.0017,0.5197,0.518,0.01664,2022,2016,0,afforested,CLCD_v01_Yang_Huang_zenodo.18180184,RS_derived
SAIH_AFF_r24c18,24,18,117.089639,42.378545,0.064,0.0695,0.1164,0.3828,0.064,0.3514,0.2874,0.00914,0,2022,0,partial_forest,CLCD_v01_Yang_Huang_zenodo.18180184,RS_derived
SAIH_AFF_r24c19,24,19,117.10169,42.378545,0.0055,0.0116,0.0414,0.1633,0.0055,0.1487,0.1432,0.00448,0,0,0,non_forest,CLCD_v01_Yang_Huang_zenodo.18180184,RS_derived
SAIH_AFF_r24c20,24,20,117.113741,42.378545,0.0832,0.0946,0.1449,0.1881,0.0832,0.1859,0.1026,0.00362,0,0,0,non_forest,CLCD_v01_Yang_Huang_zenodo.18180184,RS_derived
SAIH_AFF_r24c21,24,21,117.125792,42.378545,0.0794,0.0811,0.1291,0.1743,0.0794,0.1728,0.0934,0.00333,0,0,0,non_forest,CLCD_v01_Yang_Huang_zenodo.18180184,RS_derived
SAIH_AFF_r24c22,24,22,117.137842,42.378545,0.2322,0.2642,0.3806,0.519,0.2366,0.5111,0.2745,0.0094,2022,2005,0,afforested,CLCD_v01_Yang_Huang_zenodo.18180184,RS_derived
SAIH_AFF_r24c23,24,23,117.149893,42.378545,0.0601,0.0772,0.1611,0.4203,0.0611,0.4097,0.3487,0.01168,0,2015,0,partial_forest,CLCD_v01_Yang_Huang_zenodo.18180184,RS_derived
SAIH_AFF_r24c24,24,24,117.161944,42.378545,0.0331,0.0458,0.0921,0.3276,0.0345,0.3141,0.2796,0.00924,0,2019,0,partial_forest,CLCD_v01_Yang_Huang_zenodo.18180184,RS_derived
SAIH_AFF_r24c25,24,25,117.173995,42.378545,0.0038,0.0038,0.0038,0.0465,0.0038,0.0434,0.0396,0.00122,0,0,0,non_forest,CLCD_v01_Yang_Huang_zenodo.18180184,RS_derived
SAIH_AFF_r24c27,24,27,117.198096,42.378545,0.0772,0.0855,0.1313,0.3668,0.0796,0.3365,0.2569,0.00753,0,2021,0,partial_forest,CLCD_v01_Yang_Huang_zenodo.18180184,RS_derived
SAIH_AFF_r24c28,24,28,117.210147,42.378545,0.011,0.0127,0.0739,0.4578,0.011,0.4295,0.4185,0.01295,0,2017,0,partial_forest,CLCD_v01_Yang_Huang_zenodo.18180184,RS_derived
SAIH_AFF_r24c29,24,29,117.222198,42.378545,0.0,0.0022,0.0232,0.1368,0.0,0.1162,0.1162,0.00357,0,0,0,non_forest,CLCD_v01_Yang_Huang_zenodo.18180184,RS_derived
SAIH_AFF_r24c30,24,30,117.234248,42.378545,0.0,0.0016,0.0789,0.2822,0.0,0.2744,0.2744,0.00949,0,0,0,non_forest,CLCD_v01_Yang_Huang_zenodo.18180184,RS_derived
SAIH_AFF_r24c31,24,31,117.246299,42.378545,0.0,0.0,0.0877,0.4021,0.0,0.4005,0.4005,0.01359,0,2016,0,partial_forest,CLCD_v01_Yang_Huang_zenodo.18180184,RS_derived
SAIH_AFF_r24c32,24,32,117.25835,42.378545,0.043,0.0518,0.1434,0.3536,0.043,0.3568,0.3138,0.0104,0,2017,0,partial_forest,CLCD_v01_Yang_Huang_zenodo.18180184,RS_derived
SAIH_AFF_r24c33,24,33,117.270401,42.378545,0.2267,0.2466,0.4815,0.8384,0.2284,0.8243,0.596,0.02073,2012,2004,0,afforested,CLCD_v01_Yang_Huang_zenodo.18180184,RS_derived
SAIH_AFF_r24c34,24,34,117.282452,42.378545,0.6641,0.7242,0.7777,0.8053,0.7044,0.8052,0.1008,0.00352,1985,1985,1,stable_forest,CLCD_v01_Yang_Huang_zenodo.18180184,RS_derived
SAIH_AFF_r24c35,24,35,117.294502,42.378545,0.6086,0.6281,0.6676,0.7049,0.6203,0.7043,0.084,0.00292,1985,1985,1,stable_forest,CLCD_v01_Yang_Huang_zenodo.18180184,RS_derived
SAIH_AFF_r24c36,24,36,117.306553,42.378545,0.5974,0.6293,0.7137,0.7557,0.6174,0.7532,0.1357,0.00489,1985,1985,1,stable_forest,CLCD_v01_Yang_Huang_zenodo.18180184,RS_derived
SAIH_AFF_r24c37,24,37,117.318604,42.378545,0.6095,0.6216,0.6784,0.7441,0.6159,0.742,0.1261,0.00432,1985,1985,1,stable_forest,CLCD_v01_Yang_Huang_zenodo.18180184,RS_derived
SAIH_AFF_r24c38,24,38,117.330655,42.378545,0.6398,0.6542,0.6773,0.7181,0.6505,0.717,0.0665,0.00226,1985,1985,1,stable_forest,CLCD_v01_Yang_Huang_zenodo.18180184,RS_derived
SAIH_AFF_r24c39,24,39,117.342705,42.378545,0.8489,0.8764,0.9068,0.9217,0.8662,0.9209,0.0547,0.00189,1985,1985,1,stable_forest,CLCD_v01_Yang_Huang_zenodo.18180184,RS_derived
SAIH_AFF_r24c40,24,40,117.354756,42.378545,0.7751,0.8043,0.8249,0.8627,0.7963,0.8529,0.0566,0.00201,1985,1985,1,stable_forest,CLCD_v01_Yang_Huang_zenodo.18180184,RS_derived
SAIH_AFF_r24c41,24,41,117.366807,42.378545,0.6139,0.6448,0.6724,0.7237,0.6376,0.7261,0.0885,0.00294,1985,1985,1,stable_forest,CLCD_v01_Yang_Huang_zenodo.18180184,RS_derived
SAIH_AFF_r24c42,24,42,117.378858,42.378545,0.8638,0.925,0.9327,0.9255,0.9054,0.9302,0.0249,0.00086,1985,1985,1,stable_forest,CLCD_v01_Yang_Huang_zenodo.18180184,RS_derived
SAIH_AFF_r24c43,24,43,117.390908,42.378545,0.8478,0.9255,0.9426,0.9537,0.9026,0.9561,0.0534,0.00183,1985,1985,1,stable_forest,CLCD_v01_Yang_Huang_zenodo.18180184,RS_derived
SAIH_AFF_r24c44,24,44,117.402959,42.378545,0.8952,0.9482,0.9785,0.9746,0.9291,0.978,0.0489,0.0018,1985,1985,1,stable_forest,CLCD_v01_Yang_Huang_zenodo.18180184,RS_derived
SAIH_AFF_r24c45,24,45,117.41501,42.378545,0.7124,0.7859,0.827,0.8822,0.7512,0.8796,0.1284,0.00426,1985,1985,1,stable_forest,CLCD_v01_Yang_Huang_zenodo.18180184,RS_derived
SAIH_AFF_r24c46,24,46,117.427061,42.378545,0.69,0.7523,0.7716,0.8279,0.7328,0.8241,0.0913,0.00299,1985,1985,1,stable_forest,CLCD_v01_Yang_Huang_zenodo.18180184,RS_derived
SAIH_AFF_r24c47,24,47,117.439112,42.378545,0.4705,0.5019,0.5074,0.5389,0.4926,0.5475,0.055,0.00177,1998,1985,0,partial_forest,CLCD_v01_Yang_Huang_zenodo.18180184,RS_derived
SAIH_AFF_r24c48,24,48,117.451162,42.378545,0.2714,0.3023,0.3249,0.3629,0.291,0.3656,0.0746,0.00235,0,2000,0,partial_forest,CLCD_v01_Yang_Huang_zenodo.18180184,RS_derived
SAIH_AFF_r24c49,24,49,117.463213,42.378545,0.3337,0.3894,0.4319,0.5339,0.3792,0.5205,0.1413,0.00449,2021,1985,0,partial_forest,CLCD_v01_Yang_Huang_zenodo.18180184,RS_derived
SAIH_AFF_r24c50,24,50,117.475264,42.378545,0.5416,0.5957,0.6297,0.7254,0.585,0.7205,0.1354,0.00436,1985,1985,1,stable_forest,CLCD_v01_Yang_Huang_zenodo.18180184,RS_derived
SAIH_AFF_r24c51,24,51,117.487315,42.378545,0.6845,0.7005,0.7121,0.7341,0.695,0.7385,0.0435,0.00142,1985,1985,1,stable_forest,CLCD_v01_Yang_Huang_zenodo.18180184,RS_derived
SAIH_AFF_r24c52,24,52,117.499365,42.378545,0.1655,0.2008,0.2493,0.3778,0.1873,0.3604,0.1731,0.00586,0,2014,0,partial_forest,CLCD_v01_Yang_Huang_zenodo.18180184,RS_derived
SAIH_AFF_r24c53,24,53,117.511416,42.378545,0.1153,0.1726,0.2057,0.2543,0.164,0.2454,0.0815,0.00299,0,0,0,non_forest,CLCD_v01_Yang_Huang_zenodo.18180184,RS_derived
SAIH_AFF_r24c54,24,54,117.523467,42.378545,0.5709,0.6178,0.6409,0.6652,0.6068,0.6708,0.064,0.00216,1985,1985,1,stable_forest,CLCD_v01_Yang_Huang_zenodo.18180184,RS_derived
SAIH_AFF_r24c55,24,55,117.535518,42.378545,0.42,0.4822,0.4968,0.6805,0.4629,0.6278,0.1649,0.0047,2011,1985,0,partial_forest,CLCD_v01_Yang_Huang_zenodo.18180184,RS_derived
SAIH_AFF_r24c56,24,56,117.547568,42.378545,0.5703,0.6354,0.6409,0.6955,0.6181,0.6811,0.063,0.00177,1985,1985,1,stable_forest,CLCD_v01_Yang_Huang_zenodo.18180184,RS_derived
SAIH_AFF_r24c57,24,57,117.559619,42.378545,0.679,0.7441,0.7772,0.8742,0.7256,0.8717,0.1461,0.00489,1985,1985,1,stable_forest,CLCD_v01_Yang_Huang_zenodo.18180184,RS_derived
SAIH_AFF_r24c58,24,58,117.57167,42.378545,0.4815,0.503,0.5256,0.5753,0.4959,0.5743,0.0784,0.00249,1992,1985,0,partial_forest,CLCD_v01_Yang_Huang_zenodo.18180184,RS_derived
SAIH_AFF_r24c59,24,59,117.583721,42.378545,0.0552,0.0811,0.1373,0.1826,0.0749,0.1801,0.1052,0.00383,0,0,0,non_forest,CLCD_v01_Yang_Huang_zenodo.18180184,RS_derived
SAIH_AFF_r24c60,24,60,117.595772,42.378545,0.1659,0.233,0.2503,0.3005,0.2156,0.2969,0.0813,0.00238,0,2022,0,non_forest,CLCD_v01_Yang_Huang_zenodo.18180184,RS_derived
SAIH_AFF_r24c61,24,61,117.607822,42.378545,0.1236,0.1986,0.305,0.3563,0.1734,0.3551,0.1817,0.00616,0,2008,0,partial_forest,CLCD_v01_Yang_Huang_zenodo.18180184,RS_derived
SAIH_AFF_r24c62,24,62,117.619873,42.378545,0.2217,0.2614,0.4451,0.5499,0.2231,0.5383,0.3153,0.01062,2020,2002,0,afforested,CLCD_v01_Yang_Huang_zenodo.18180184,RS_derived
SAIH_AFF_r24c63,24,63,117.631924,42.378545,0.2466,0.3238,0.4275,0.6674,0.2595,0.6382,0.3787,0.0125,2015,2000,0,afforested,CLCD_v01_Yang_Huang_zenodo.18180184,RS_derived
SAIH_AFF_r24c64,24,64,117.643975,42.378545,0.0357,0.0568,0.0914,0.2232,0.0518,0.2034,0.1516,0.00487,0,0,0,non_forest,CLCD_v01_Yang_Huang_zenodo.18180184,RS_derived
SAIH_AFF_r25c02,25,2,116.896827,42.369506,0.0854,0.123,0.2062,0.3357,0.0895,0.326,0.2365,0.00742,0,2021,0,partial_forest,CLCD_v01_Yang_Huang_zenodo.18180184,RS_derived
SAIH_AFF_r25c03,25,3,116.908878,42.369506,0.0,0.0,0.0038,0.3765,0.0,0.3063,0.3063,0.00814,0,2022,0,partial_forest,CLCD_v01_Yang_Huang_zenodo.18180184,RS_derived
SAIH_AFF_r25c04,25,4,116.920928,42.369506,0.0,0.0,0.094,0.3835,0.0,0.3648,0.3648,0.01246,0,2017,0,partial_forest,CLCD_v01_Yang_Huang_zenodo.18180184,RS_derived
SAIH_AFF_r25c05,25,5,116.932979,42.369506,0.0005,0.0005,0.0537,0.1447,0.0005,0.1308,0.1303,0.00418,0,0,0,non_forest,CLCD_v01_Yang_Huang_zenodo.18180184,RS_derived
SAIH_AFF_r25c06,25,6,116.94503,42.369506,0.0,0.0,0.0494,0.1745,0.0,0.1535,0.1535,0.00457,0,0,0,non_forest,CLCD_v01_Yang_Huang_zenodo.18180184,RS_derived
SAIH_AFF_r25c07,25,7,116.957081,42.369506,0.0414,0.0532,0.1386,0.2358,0.0428,0.2249,0.1821,0.006,0,0,0,non_forest,CLCD_v01_Yang_Huang_zenodo.18180184,RS_derived
SAIH_AFF_r25c08,25,8,116.969132,42.369506,0.0242,0.0306,0.0736,0.2046,0.0261,0.1758,0.1497,0.00463,0,0,0,non_forest,CLCD_v01_Yang_Huang_zenodo.18180184,RS_derived
SAIH_AFF_r25c11,25,11,117.005284,42.369506,0.0209,0.0269,0.0612,0.2793,0.0255,0.2526,0.227,0.00677,0,0,0,non_forest,CLCD_v01_Yang_Huang_zenodo.18180184,RS_derived
SAIH_AFF_r25c12,25,12,117.017335,42.369506,0.0134,0.0134,0.0397,0.1574,0.0134,0.1453,0.1318,0.00401,0,0,0,non_forest,CLCD_v01_Yang_Huang_zenodo.18180184,RS_derived
SAIH_AFF_r25c13,25,13,117.029385,42.369506,0.0038,0.0043,0.0295,0.2701,0.0038,0.2321,0.2283,0.00688,0,0,0,non_forest,CLCD_v01_Yang_Huang_zenodo.18180184,RS_derived
SAIH_AFF_r25c14,25,14,117.041436,42.369506,0.0177,0.0311,0.065,0.1907,0.0177,0.1727,0.1549,0.00492,0,0,0,non_forest,CLCD_v01_Yang_Huang_zenodo.18180184,RS_derived
SAIH_AFF_r25c15,25,15,117.053487,42.369506,0.0268,0.0374,0.0453,0.1658,0.0331,0.1352,0.1021,0.00283,0,0,0,non_forest,CLCD_v01_Yang_Huang_zenodo.18180184,RS_derived
SAIH_AFF_r25c16,25,16,117.065538,42.369506,0.0446,0.0704,0.1171,0.1853,0.0508,0.1822,0.1315,0.00442,0,0,0,non_forest,CLCD_v01_Yang_Huang_zenodo.18180184,RS_derived
SAIH_AFF_r25c17,25,17,117.077588,42.369506,0.0806,0.102,0.1122,0.2127,0.0885,0.204,0.1155,0.00362,0,0,0,non_forest,CLCD_v01_Yang_Huang_zenodo.18180184,RS_derived
SAIH_AFF_r25c18,25,18,117.089639,42.369506,0.0226,0.0252,0.029,0.1122,0.0227,0.0994,0.0767,0.00221,0,0,0,non_forest,CLCD_v01_Yang_Huang_zenodo.18180184,RS_derived
SAIH_AFF_r25c20,25,20,117.113741,42.369506,0.1211,0.1305,0.1816,0.1932,0.122,0.1926,0.0707,0.00257,0,0,0,non_forest,CLCD_v01_Yang_Huang_zenodo.18180184,RS_derived
SAIH_AFF_r25c21,25,21,117.125792,42.369506,0.174,0.1901,0.2508,0.2777,0.174,0.2734,0.0994,0.00348,0,0,0,non_forest,CLCD_v01_Yang_Huang_zenodo.18180184,RS_derived
SAIH_AFF_r25c23,25,23,117.149893,42.369506,0.0371,0.0499,0.0714,0.131,0.0403,0.125,0.0848,0.00259,0,0,0,non_forest,CLCD_v01_Yang_Huang_zenodo.18180184,RS_derived
SAIH_AFF_r25c24,25,24,117.161944,42.369506,0.072,0.0859,0.1359,0.3931,0.0729,0.3571,0.2843,0.00859,0,2021,0,partial_forest,CLCD_v01_Yang_Huang_zenodo.18180184,RS_derived
SAIH_AFF_r25c25,25,25,117.173995,42.369506,0.0105,0.0147,0.0305,0.1584,0.0128,0.1379,0.1251,0.00375,0,0,0,non_forest,CLCD_v01_Yang_Huang_zenodo.18180184,RS_derived
SAIH_AFF_r25c30,25,30,117.234248,42.369506,0.0,0.0,0.0263,0.3642,0.0,0.3563,0.3563,0.01151,0,2017,0,partial_forest,CLCD_v01_Yang_Huang_zenodo.18180184,RS_derived
SAIH_AFF_r25c31,25,31,117.246299,42.369506,0.0,0.0,0.2476,0.6933,0.0,0.7069,0.7069,0.02491,2015,2012,0,afforested,CLCD_v01_Yang_Huang_zenodo.18180184,RS_derived
SAIH_AFF_r25c32,25,32,117.25835,42.369506,0.1101,0.116,0.536,0.8093,0.111,0.8239,0.7129,0.02591,2010,2008,0,afforested,CLCD_v01_Yang_Huang_zenodo.18180184,RS_derived
SAIH_AFF_r25c33,25,33,117.270401,42.369506,0.2777,0.3077,0.5166,0.7116,0.2807,0.7131,0.4325,0.01521,2010,2000,0,afforested,CLCD_v01_Yang_Huang_zenodo.18180184,RS_derived
SAIH_AFF_r25c34,25,34,117.282452,42.369506,0.4001,0.4307,0.4581,0.5306,0.4162,0.5218,0.1055,0.00329,2018,1985,0,partial_forest,CLCD_v01_Yang_Huang_zenodo.18180184,RS_derived
SAIH_AFF_r25c35,25,35,117.294502,42.369506,0.37,0.3974,0.5047,0.5937,0.3851,0.5918,0.2066,0.00724,2010,1985,0,partial_forest,CLCD_v01_Yang_Huang_zenodo.18180184,RS_derived
SAIH_AFF_r25c36,25,36,117.306553,42.369506,0.1455,0.1627,0.5075,0.6525,0.148,0.6446,0.4966,0.01842,2010,2008,0,afforested,CLCD_v01_Yang_Huang_zenodo.18180184,RS_derived
SAIH_AFF_r25c37,25,37,117.318604,42.369506,0.1772,0.2009,0.4318,0.5623,0.1854,0.5599,0.3744,0.0137,2015,2006,0,afforested,CLCD_v01_Yang_Huang_zenodo.18180184,RS_derived
SAIH_AFF_r25c38,25,38,117.330655,42.369506,0.391,0.4071,0.5134,0.7626,0.3975,0.7591,0.3616,0.01245,2010,1985,0,partial_forest,CLCD_v01_Yang_Huang_zenodo.18180184,RS_derived
SAIH_AFF_r25c39,25,39,117.342705,42.369506,0.3571,0.3765,0.4189,0.5371,0.3673,0.5354,0.1681,0.00563,2016,1985,0,partial_forest,CLCD_v01_Yang_Huang_zenodo.18180184,RS_derived
SAIH_AFF_r25c40,25,40,117.354756,42.369506,0.3858,0.4042,0.4321,0.5774,0.3923,0.5751,0.1828,0.00589,2016,1985,0,partial_forest,CLCD_v01_Yang_Huang_zenodo.18180184,RS_derived
SAIH_AFF_r25c41,25,41,117.366807,42.369506,0.247,0.2642,0.3099,0.3974,0.2574,0.3985,0.1411,0.00473,0,2010,0,partial_forest,CLCD_v01_Yang_Huang_zenodo.18180184,RS_derived
SAIH_AFF_r25c42,25,42,117.378858,42.369506,0.7986,0.8577,0.9017,0.9275,0.839,0.9273,0.0884,0.00312,1985,1985,1,stable_forest,CLCD_v01_Yang_Huang_zenodo.18180184,RS_derived
SAIH_AFF_r25c43,25,43,117.390908,42.369506,0.8969,0.9511,0.9796,0.9903,0.9278,0.9941,0.0663,0.00227,1985,1985,1,stable_forest,CLCD_v01_Yang_Huang_zenodo.18180184,RS_derived
SAIH_AFF_r25c44,25,44,117.402959,42.369506,0.8985,0.9511,0.9683,0.9807,0.931,0.9836,0.0526,0.00186,1985,1985,1,stable_forest,CLCD_v01_Yang_Huang_zenodo.18180184,RS_derived
SAIH_AFF_r25c45,25,45,117.41501,42.369506,0.7537,0.8621,0.8911,0.9232,0.8348,0.9219,0.0871,0.00298,1985,1985,1,stable_forest,CLCD_v01_Yang_Huang_zenodo.18180184,RS_derived
SAIH_AFF_r25c46,25,46,117.427061,42.369506,0.834,0.9313,0.9527,0.9726,0.9085,0.9719,0.0633,0.00218,1985,1985,1,stable_forest,CLCD_v01_Yang_Huang_zenodo.18180184,RS_derived
SAIH_AFF_r25c47,25,47,117.439112,42.369506,0.8179,0.855,0.8738,0.9114,0.8419,0.9107,0.0688,0.00231,1985,1985,1,stable_forest,CLCD_v01_Yang_Huang_zenodo.18180184,RS_derived
SAIH_AFF_r25c48,25,48,117.451162,42.369506,0.4318,0.4689,0.4801,0.5081,0.4624,0.5157,0.0533,0.00177,2016,1985,0,partial_forest,CLCD_v01_Yang_Huang_zenodo.18180184,RS_derived
SAIH_AFF_r25c49,25,49,117.463213,42.369506,0.2927,0.3792,0.3792,0.3797,0.363,0.3931,0.0302,0.00093,0,1990,0,partial_forest,CLCD_v01_Yang_Huang_zenodo.18180184,RS_derived
SAIH_AFF_r25c50,25,50,117.475264,42.369506,0.1205,0.16,0.1632,0.3489,0.154,0.3437,0.1897,0.00575,0,2017,0,partial_forest,CLCD_v01_Yang_Huang_zenodo.18180184,RS_derived
SAIH_AFF_r25c51,25,51,117.487315,42.369506,0.3034,0.3324,0.3523,0.3878,0.3169,0.384,0.0671,0.0022,0,1985,0,partial_forest,CLCD_v01_Yang_Huang_zenodo.18180184,RS_derived
SAIH_AFF_r25c52,25,52,117.499365,42.369506,0.3179,0.3673,0.3657,0.3577,0.3562,0.3682,0.0119,0.00037,0,1985,0,partial_forest,CLCD_v01_Yang_Huang_zenodo.18180184,RS_derived
SAIH_AFF_r25c53,25,53,117.511416,42.369506,0.8974,0.9678,0.9533,0.9205,0.9558,0.9355,-0.0203,-0.00048,1985,1985,1,stable_forest,CLCD_v01_Yang_Huang_zenodo.18180184,RS_derived
SAIH_AFF_r25c54,25,54,117.523467,42.369506,0.8953,0.9463,0.949,0.9323,0.9382,0.9402,0.002,0.00019,1985,1985,1,stable_forest,CLCD_v01_Yang_Huang_zenodo.18180184,RS_derived
SAIH_AFF_r25c55,25,55,117.535518,42.369506,0.66,0.7305,0.7826,0.8921,0.7153,0.8697,0.1544,0.00511,1985,1985,1,stable_forest,CLCD_v01_Yang_Huang_zenodo.18180184,RS_derived
SAIH_AFF_r25c56,25,56,117.547568,42.369506,0.4173,0.6901,0.7481,0.8931,0.6007,0.8682,0.2675,0.00873,1990,1985,0,stable_forest,CLCD_v01_Yang_Huang_zenodo.18180184,RS_derived
SAIH_AFF_r25c57,25,57,117.559619,42.369506,0.4151,0.4398,0.4517,0.6364,0.4299,0.5855,0.1556,0.00417,2022,1985,0,partial_forest,CLCD_v01_Yang_Huang_zenodo.18180184,RS_derived
SAIH_AFF_r25c58,25,58,117.57167,42.369506,0.3942,0.507,0.5816,0.746,0.4333,0.734,0.3007,0.00945,2000,1985,0,partial_forest,CLCD_v01_Yang_Huang_zenodo.18180184,RS_derived
SAIH_AFF_r25c61,25,61,117.607822,42.369506,0.0005,0.0134,0.0387,0.1015,0.0078,0.0956,0.0878,0.00279,0,0,0,non_forest,CLCD_v01_Yang_Huang_zenodo.18180184,RS_derived
SAIH_AFF_r25c62,25,62,117.619873,42.369506,0.0134,0.0526,0.0908,0.2105,0.0363,0.2073,0.171,0.00535,0,0,0,non_forest,CLCD_v01_Yang_Huang_zenodo.18180184,RS_derived
SAIH_AFF_r25c63,25,63,117.631924,42.369506,0.0,0.0,0.0596,0.2492,0.0,0.2422,0.2422,0.00787,0,0,0,non_forest,CLCD_v01_Yang_Huang_zenodo.18180184,RS_derived
SAIH_AFF_r25c64,25,64,117.643975,42.369506,0.0,0.0053,0.0384,0.1958,0.0029,0.1654,0.1625,0.00489,0,0,0,non_forest,CLCD_v01_Yang_Huang_zenodo.18180184,RS_derived
SAIH_AFF_r26c02,26,2,116.896827,42.360467,0.0,0.1158,0.337,0.4539,0.0024,0.4431,0.4407,0.01457,0,2004,0,partial_forest,CLCD_v01_Yang_Huang_zenodo.18180184,RS_derived
SAIH_AFF_r26c03,26,3,116.908878,42.360467,0.0,0.0927,0.2951,0.3784,0.0001,0.3703,0.3702,0.01245,0,2012,0,partial_forest,CLCD_v01_Yang_Huang_zenodo.18180184,RS_derived
SAIH_AFF_r26c08,26,8,116.969132,42.360467,0.0425,0.0436,0.1213,0.503,0.0425,0.4674,0.4249,0.01401,2024,2015,0,partial_forest,CLCD_v01_Yang_Huang_zenodo.18180184,RS_derived
SAIH_AFF_r26c09,26,9,116.981182,42.360467,0.0132,0.0259,0.0827,0.5157,0.0168,0.46,0.4432,0.01378,2023,2017,0,partial_forest,CLCD_v01_Yang_Huang_zenodo.18180184,RS_derived
SAIH_AFF_r26c10,26,10,116.993233,42.360467,0.0211,0.0411,0.1443,0.4416,0.027,0.3799,0.3529,0.01072,0,2021,0,partial_forest,CLCD_v01_Yang_Huang_zenodo.18180184,RS_derived
SAIH_AFF_r26c11,26,11,117.005284,42.360467,0.0463,0.0546,0.1191,0.358,0.0463,0.3434,0.297,0.00938,0,2019,0,partial_forest,CLCD_v01_Yang_Huang_zenodo.18180184,RS_derived
SAIH_AFF_r26c16,26,16,117.065538,42.360467,0.0662,0.0833,0.0993,0.2686,0.0729,0.24,0.1671,0.00512,0,0,0,non_forest,CLCD_v01_Yang_Huang_zenodo.18180184,RS_derived
SAIH_AFF_r26c17,26,17,117.077588,42.360467,0.0336,0.0441,0.0866,0.31,0.0366,0.2486,0.2119,0.00605,0,2023,0,non_forest,CLCD_v01_Yang_Huang_zenodo.18180184,RS_derived
SAIH_AFF_r26c18,26,18,117.089639,42.360467,0.0689,0.0761,0.0877,0.1688,0.0692,0.156,0.0868,0.00256,0,0,0,non_forest,CLCD_v01_Yang_Huang_zenodo.18180184,RS_derived
SAIH_AFF_r26c21,26,21,117.125792,42.360467,0.1737,0.1975,0.2405,0.321,0.1747,0.3192,0.1445,0.00463,0,2018,0,partial_forest,CLCD_v01_Yang_Huang_zenodo.18180184,RS_derived
SAIH_AFF_r26c23,26,23,117.149893,42.360467,0.1368,0.1539,0.1903,0.246,0.1425,0.2445,0.1021,0.0034,0,0,0,non_forest,CLCD_v01_Yang_Huang_zenodo.18180184,RS_derived
SAIH_AFF_r26c24,26,24,117.161944,42.360467,0.487,0.5505,0.6382,0.6713,0.5232,0.6712,0.148,0.00512,1990,1985,0,stable_forest,CLCD_v01_Yang_Huang_zenodo.18180184,RS_derived
SAIH_AFF_r26c25,26,25,117.173995,42.360467,0.113,0.1319,0.2622,0.293,0.113,0.289,0.176,0.0064,0,0,0,non_forest,CLCD_v01_Yang_Huang_zenodo.18180184,RS_derived
SAIH_AFF_r26c26,26,26,117.186045,42.360467,0.0965,0.1153,0.1511,0.2118,0.0994,0.2012,0.1019,0.00326,0,0,0,non_forest,CLCD_v01_Yang_Huang_zenodo.18180184,RS_derived
SAIH_AFF_r26c30,26,30,117.234248,42.360467,0.0,0.0,0.0562,0.1335,0.0,0.1419,0.1419,0.00511,0,0,0,non_forest,CLCD_v01_Yang_Huang_zenodo.18180184,RS_derived
SAIH_AFF_r26c31,26,31,117.246299,42.360467,0.0006,0.0006,0.0629,0.3646,0.0006,0.3591,0.3585,0.01188,0,2017,0,partial_forest,CLCD_v01_Yang_Huang_zenodo.18180184,RS_derived
SAIH_AFF_r26c32,26,32,117.25835,42.360467,0.0,0.0083,0.3039,0.7799,0.0,0.7685,0.7685,0.02705,2015,2010,0,afforested,CLCD_v01_Yang_Huang_zenodo.18180184,RS_derived
SAIH_AFF_r26c33,26,33,117.270401,42.360467,0.027,0.0469,0.2592,0.4683,0.0297,0.4578,0.4281,0.01506,0,2015,0,partial_forest,CLCD_v01_Yang_Huang_zenodo.18180184,RS_derived
SAIH_AFF_r26c34,26,34,117.282452,42.360467,0.1771,0.1837,0.278,0.348,0.1797,0.3457,0.1659,0.00603,0,2014,0,partial_forest,CLCD_v01_Yang_Huang_zenodo.18180184,RS_derived
SAIH_AFF_r26c35,26,35,117.294502,42.360467,0.2589,0.2724,0.4978,0.6459,0.2589,0.6468,0.3879,0.01427,2011,2006,0,afforested,CLCD_v01_Yang_Huang_zenodo.18180184,RS_derived
SAIH_AFF_r26c36,26,36,117.306553,42.360467,0.3574,0.3905,0.6227,0.7584,0.3595,0.7529,0.3933,0.01406,2006,1985,0,partial_forest,CLCD_v01_Yang_Huang_zenodo.18180184,RS_derived
SAIH_AFF_r26c37,26,37,117.318604,42.360467,0.4098,0.444,0.7843,0.8621,0.4206,0.8608,0.4402,0.01641,2006,1985,0,partial_forest,CLCD_v01_Yang_Huang_zenodo.18180184,RS_derived
SAIH_AFF_r26c38,26,38,117.330655,42.360467,0.2763,0.2973,0.38,0.5632,0.2866,0.5466,0.26,0.00868,2017,2002,0,afforested,CLCD_v01_Yang_Huang_zenodo.18180184,RS_derived
SAIH_AFF_r26c39,26,39,117.342705,42.360467,0.3933,0.4385,0.4628,0.5157,0.4197,0.5145,0.0948,0.00312,2016,1985,0,partial_forest,CLCD_v01_Yang_Huang_zenodo.18180184,RS_derived
SAIH_AFF_r26c40,26,40,117.354756,42.360467,0.353,0.3703,0.4335,0.5951,0.3589,0.5932,0.2342,0.00793,2015,1985,0,partial_forest,CLCD_v01_Yang_Huang_zenodo.18180184,RS_derived
SAIH_AFF_r26c41,26,41,117.366807,42.360467,0.2388,0.2443,0.3122,0.4782,0.2425,0.4717,0.2292,0.00762,0,2008,0,partial_forest,CLCD_v01_Yang_Huang_zenodo.18180184,RS_derived
SAIH_AFF_r26c42,26,42,117.378858,42.360467,0.3514,0.3811,0.4589,0.7363,0.3674,0.7405,0.3731,0.01247,2014,1985,0,partial_forest,CLCD_v01_Yang_Huang_zenodo.18180184,RS_derived
SAIH_AFF_r26c43,26,43,117.390908,42.360467,0.8378,0.8924,0.9007,0.9333,0.881,0.9299,0.0488,0.00161,1985,1985,1,stable_forest,CLCD_v01_Yang_Huang_zenodo.18180184,RS_derived
SAIH_AFF_r26c44,26,44,117.402959,42.360467,0.7628,0.8246,0.8511,0.9062,0.7932,0.9023,0.109,0.00358,1985,1985,1,stable_forest,CLCD_v01_Yang_Huang_zenodo.18180184,RS_derived
SAIH_AFF_r26c45,26,45,117.41501,42.360467,0.7346,0.8081,0.8373,0.8568,0.7839,0.8649,0.0809,0.00279,1985,1985,1,stable_forest,CLCD_v01_Yang_Huang_zenodo.18180184,RS_derived
SAIH_AFF_r26c46,26,46,117.427061,42.360467,0.7088,0.7529,0.7739,0.8064,0.7395,0.8013,0.0618,0.00196,1985,1985,1,stable_forest,CLCD_v01_Yang_Huang_zenodo.18180184,RS_derived
SAIH_AFF_r26c47,26,47,117.439112,42.360467,0.6194,0.6994,0.7457,0.8114,0.6757,0.8085,0.1328,0.00453,1985,1985,1,stable_forest,CLCD_v01_Yang_Huang_zenodo.18180184,RS_derived
SAIH_AFF_r26c48,26,48,117.451162,42.360467,0.7336,0.7981,0.8307,0.8704,0.7824,0.8696,0.0872,0.00303,1985,1985,1,stable_forest,CLCD_v01_Yang_Huang_zenodo.18180184,RS_derived
SAIH_AFF_r26c49,26,49,117.463213,42.360467,0.5091,0.6122,0.6299,0.6007,0.5881,0.6264,0.0383,0.00156,1985,1985,1,stable_forest,CLCD_v01_Yang_Huang_zenodo.18180184,RS_derived
SAIH_AFF_r26c50,26,50,117.475264,42.360467,0.6319,0.7103,0.7227,0.7346,0.6978,0.741,0.0432,0.00161,1985,1985,1,stable_forest,CLCD_v01_Yang_Huang_zenodo.18180184,RS_derived
SAIH_AFF_r26c51,26,51,117.487315,42.360467,0.5119,0.5725,0.5869,0.5598,0.5605,0.5852,0.0247,0.0011,1985,1985,1,stable_forest,CLCD_v01_Yang_Huang_zenodo.18180184,RS_derived
SAIH_AFF_r26c52,26,52,117.499365,42.360467,0.4308,0.5097,0.5383,0.5979,0.4904,0.6071,0.1167,0.00402,1991,1985,0,partial_forest,CLCD_v01_Yang_Huang_zenodo.18180184,RS_derived
SAIH_AFF_r26c53,26,53,117.511416,42.360467,0.7016,0.8174,0.8246,0.8483,0.7933,0.8454,0.0521,0.00172,1985,1985,1,stable_forest,CLCD_v01_Yang_Huang_zenodo.18180184,RS_derived
SAIH_AFF_r26c54,26,54,117.523467,42.360467,0.7904,0.8941,0.9079,0.9073,0.8649,0.8577,-0.0072,-0.0007,1985,1985,1,stable_forest,CLCD_v01_Yang_Huang_zenodo.18180184,RS_derived
SAIH_AFF_r26c55,26,55,117.535518,42.360467,0.6611,0.8784,0.9162,0.9405,0.8331,0.8986,0.0654,0.00267,1985,1985,1,stable_forest,CLCD_v01_Yang_Huang_zenodo.18180184,RS_derived
SAIH_AFF_r26c56,26,56,117.547568,42.360467,0.3105,0.5268,0.6674,0.7557,0.4784,0.7318,0.2533,0.00937,1991,1985,0,partial_forest,CLCD_v01_Yang_Huang_zenodo.18180184,RS_derived
SAIH_AFF_r26c57,26,57,117.559619,42.360467,0.3155,0.7689,0.8125,0.7827,0.6197,0.7751,0.1554,0.0053,1990,1985,0,stable_forest,CLCD_v01_Yang_Huang_zenodo.18180184,RS_derived
SAIH_AFF_r26c58,26,58,117.57167,42.360467,0.4473,0.7397,0.8031,0.866,0.6499,0.8653,0.2154,0.00712,1990,1985,0,stable_forest,CLCD_v01_Yang_Huang_zenodo.18180184,RS_derived
SAIH_AFF_r26c59,26,59,117.583721,42.360467,0.5416,0.5951,0.7055,0.7998,0.5832,0.7939,0.2107,0.00717,1985,1985,1,stable_forest,CLCD_v01_Yang_Huang_zenodo.18180184,RS_derived
SAIH_AFF_r26c60,26,60,117.595772,42.360467,0.3222,0.4103,0.5832,0.7578,0.3874,0.7368,0.3493,0.01275,2008,1985,0,partial_forest,CLCD_v01_Yang_Huang_zenodo.18180184,RS_derived
SAIH_AFF_r26c61,26,61,117.607822,42.360467,0.3381,0.4479,0.5758,0.7154,0.4043,0.7124,0.3081,0.01076,2005,1985,0,partial_forest,CLCD_v01_Yang_Huang_zenodo.18180184,RS_derived
SAIH_AFF_r26c62,26,62,117.619873,42.360467,0.0303,0.0723,0.1081,0.1958,0.0556,0.1915,0.1359,0.00446,0,0,0,non_forest,CLCD_v01_Yang_Huang_zenodo.18180184,RS_derived
SAIH_AFF_r26c64,26,64,117.643975,42.360467,0.0,0.0032,0.0141,0.1535,0.0019,0.1293,0.1274,0.00351,0,0,0,non_forest,CLCD_v01_Yang_Huang_zenodo.18180184,RS_derived
SAIH_AFF_r27c02,27,2,116.896827,42.351428,0.0039,0.0221,0.0767,0.1964,0.0039,0.1737,0.1699,0.00515,0,0,0,non_forest,CLCD_v01_Yang_Huang_zenodo.18180184,RS_derived
SAIH_AFF_r27c07,27,7,116.957081,42.351428,0.0028,0.0088,0.0673,0.1931,0.0032,0.1797,0.1765,0.00576,0,0,0,non_forest,CLCD_v01_Yang_Huang_zenodo.18180184,RS_derived
SAIH_AFF_r27c08,27,8,116.969132,42.351428,0.011,0.0127,0.0816,0.4589,0.0113,0.4317,0.4204,0.01382,0,2016,0,partial_forest,CLCD_v01_Yang_Huang_zenodo.18180184,RS_derived
SAIH_AFF_r27c09,27,9,116.981182,42.351428,0.0734,0.0905,0.2443,0.6222,0.0753,0.5982,0.5229,0.01752,2017,2013,0,afforested,CLCD_v01_Yang_Huang_zenodo.18180184,RS_derived
SAIH_AFF_r27c10,27,10,116.993233,42.351428,0.0205,0.033,0.1141,0.5022,0.0234,0.4136,0.3902,0.01217,2025,2017,0,partial_forest,CLCD_v01_Yang_Huang_zenodo.18180184,RS_derived
SAIH_AFF_r27c11,27,11,117.005284,42.351428,0.0342,0.0463,0.1511,0.6161,0.0365,0.5825,0.546,0.01723,2019,2015,0,afforested,CLCD_v01_Yang_Huang_zenodo.18180184,RS_derived
SAIH_AFF_r27c12,27,12,117.017335,42.351428,0.0331,0.0502,0.1186,0.2493,0.0332,0.2433,0.2102,0.0071,0,0,0,non_forest,CLCD_v01_Yang_Huang_zenodo.18180184,RS_derived
SAIH_AFF_r27c15,27,15,117.053487,42.351428,0.0638,0.0876,0.0935,0.3168,0.0727,0.2744,0.2017,0.0058,0,2022,0,non_forest,CLCD_v01_Yang_Huang_zenodo.18180184,RS_derived
SAIH_AFF_r27c16,27,16,117.065538,42.351428,0.0761,0.0927,0.1318,0.3337,0.0819,0.298,0.2162,0.00649,0,2022,0,non_forest,CLCD_v01_Yang_Huang_zenodo.18180184,RS_derived
SAIH_AFF_r27c17,27,17,117.077588,42.351428,0.0287,0.0364,0.0574,0.2681,0.0298,0.232,0.2022,0.00594,0,0,0,non_forest,CLCD_v01_Yang_Huang_zenodo.18180184,RS_derived
SAIH_AFF_r27c18,27,18,117.089639,42.351428,0.0827,0.0855,0.0938,0.4528,0.0831,0.336,0.2529,0.00655,0,2022,0,partial_forest,CLCD_v01_Yang_Huang_zenodo.18180184,RS_derived
SAIH_AFF_r27c19,27,19,117.10169,42.351428,0.0325,0.0342,0.064,0.2074,0.033,0.1654,0.1324,0.00377,0,0,0,non_forest,CLCD_v01_Yang_Huang_zenodo.18180184,RS_derived
SAIH_AFF_r27c23,27,23,117.149893,42.351428,0.3514,0.3905,0.4308,0.5085,0.3659,0.506,0.14,0.00448,2020,1985,0,partial_forest,CLCD_v01_Yang_Huang_zenodo.18180184,RS_derived
SAIH_AFF_r27c24,27,24,117.161944,42.351428,0.3712,0.4054,0.4633,0.7286,0.3921,0.7204,0.3283,0.01115,2013,1985,0,partial_forest,CLCD_v01_Yang_Huang_zenodo.18180184,RS_derived
SAIH_AFF_r27c25,27,25,117.173995,42.351428,0.2286,0.3184,0.4232,0.4778,0.2453,0.474,0.2286,0.00787,0,1999,0,partial_forest,CLCD_v01_Yang_Huang_zenodo.18180184,RS_derived
SAIH_AFF_r27c26,27,26,117.186045,42.351428,0.0188,0.0816,0.1953,0.2967,0.0192,0.2736,0.2544,0.00857,0,0,0,non_forest,CLCD_v01_Yang_Huang_zenodo.18180184,RS_derived
SAIH_AFF_r27c27,27,27,117.198096,42.351428,0.0083,0.0099,0.0756,0.3982,0.0083,0.3603,0.352,0.01012,0,2021,0,partial_forest,CLCD_v01_Yang_Huang_zenodo.18180184,RS_derived
SAIH_AFF_r27c28,27,28,117.210147,42.351428,0.0331,0.043,0.1346,0.3166,0.0364,0.2967,0.2603,0.008,0,2022,0,non_forest,CLCD_v01_Yang_Huang_zenodo.18180184,RS_derived
SAIH_AFF_r27c29,27,29,117.222198,42.351428,0.0491,0.0734,0.1566,0.2879,0.0561,0.2767,0.2206,0.00719,0,0,0,non_forest,CLCD_v01_Yang_Huang_zenodo.18180184,RS_derived
SAIH_AFF_r27c30,27,30,117.234248,42.351428,0.0086,0.0092,0.0443,0.1681,0.0086,0.1264,0.1177,0.00316,0,0,0,non_forest,CLCD_v01_Yang_Huang_zenodo.18180184,RS_derived
SAIH_AFF_r27c31,27,31,117.246299,42.351428,0.0028,0.0028,0.0419,0.2074,0.0028,0.1812,0.1784,0.00576,0,0,0,non_forest,CLCD_v01_Yang_Huang_zenodo.18180184,RS_derived
SAIH_AFF_r27c32,27,32,117.25835,42.351428,0.0055,0.0077,0.128,0.3409,0.0055,0.3394,0.3339,0.01226,0,2015,0,partial_forest,CLCD_v01_Yang_Huang_zenodo.18180184,RS_derived
SAIH_AFF_r27c33,27,33,117.270401,42.351428,0.0,0.0138,0.2493,0.4589,0.0,0.4323,0.4323,0.01573,0,2015,0,partial_forest,CLCD_v01_Yang_Huang_zenodo.18180184,RS_derived
SAIH_AFF_r27c34,27,34,117.282452,42.351428,0.1506,0.1782,0.1809,0.4302,0.1733,0.4034,0.2301,0.00719,0,2016,0,partial_forest,CLCD_v01_Yang_Huang_zenodo.18180184,RS_derived
SAIH_AFF_r27c35,27,35,117.294502,42.351428,0.28,0.2903,0.3319,0.5805,0.2816,0.5754,0.2938,0.00979,2016,2007,0,afforested,CLCD_v01_Yang_Huang_zenodo.18180184,RS_derived
SAIH_AFF_r27c36,27,36,117.306553,42.351428,0.262,0.2874,0.3508,0.4457,0.2752,0.443,0.1678,0.0057,0,2005,0,partial_forest,CLCD_v01_Yang_Huang_zenodo.18180184,RS_derived
SAIH_AFF_r27c37,27,37,117.318604,42.351428,0.2504,0.2857,0.3486,0.4468,0.2744,0.4427,0.1683,0.00575,0,2008,0,partial_forest,CLCD_v01_Yang_Huang_zenodo.18180184,RS_derived
SAIH_AFF_r27c38,27,38,117.330655,42.351428,0.214,0.2267,0.3751,0.5841,0.2228,0.5641,0.3412,0.01173,2016,2010,0,afforested,CLCD_v01_Yang_Huang_zenodo.18180184,RS_derived
SAIH_AFF_r27c39,27,39,117.342705,42.351428,0.1224,0.1484,0.1991,0.3624,0.1271,0.3638,0.2367,0.008,0,2015,0,partial_forest,CLCD_v01_Yang_Huang_zenodo.18180184,RS_derived
SAIH_AFF_r27c40,27,40,117.354756,42.351428,0.04,0.0497,0.1114,0.5308,0.04,0.5182,0.4782,0.01554,2021,2015,0,afforested,CLCD_v01_Yang_Huang_zenodo.18180184,RS_derived
SAIH_AFF_r27c41,27,41,117.366807,42.351428,0.1136,0.123,0.3574,0.7711,0.114,0.7667,0.6527,0.02247,2015,2010,0,afforested,CLCD_v01_Yang_Huang_zenodo.18180184,RS_derived
SAIH_AFF_r27c42,27,42,117.378858,42.351428,0.0965,0.1798,0.4446,0.6244,0.1558,0.6225,0.4668,0.01691,2015,2008,0,afforested,CLCD_v01_Yang_Huang_zenodo.18180184,RS_derived
SAIH_AFF_r27c43,27,43,117.390908,42.351428,0.4694,0.6001,0.6128,0.6558,0.5614,0.6446,0.0832,0.00257,1990,1985,0,stable_forest,CLCD_v01_Yang_Huang_zenodo.18180184,RS_derived
SAIH_AFF_r27c44,27,44,117.402959,42.351428,0.7314,0.7694,0.8097,0.9515,0.7571,0.9334,0.1764,0.00523,1985,1985,1,stable_forest,CLCD_v01_Yang_Huang_zenodo.18180184,RS_derived
SAIH_AFF_r27c45,27,45,117.41501,42.351428,0.8865,0.9384,0.9649,0.9735,0.9242,0.981,0.0568,0.00204,1985,1985,1,stable_forest,CLCD_v01_Yang_Huang_zenodo.18180184,RS_derived
SAIH_AFF_r27c46,27,46,117.427061,42.351428,0.7507,0.866,0.9084,0.9454,0.8156,0.9436,0.1279,0.00437,1985,1985,1,stable_forest,CLCD_v01_Yang_Huang_zenodo.18180184,RS_derived
SAIH_AFF_r27c47,27,47,117.439112,42.351428,0.7849,0.8246,0.8483,0.8731,0.8102,0.8736,0.0634,0.00216,1985,1985,1,stable_forest,CLCD_v01_Yang_Huang_zenodo.18180184,RS_derived
SAIH_AFF_r27c48,27,48,117.451162,42.351428,0.8378,0.882,0.8924,0.8886,0.8545,0.9006,0.0462,0.00162,1985,1985,1,stable_forest,CLCD_v01_Yang_Huang_zenodo.18180184,RS_derived
SAIH_AFF_r27c49,27,49,117.463213,42.351428,0.6459,0.7932,0.8174,0.8616,0.7562,0.861,0.1048,0.00349,1985,1985,1,stable_forest,CLCD_v01_Yang_Huang_zenodo.18180184,RS_derived
SAIH_AFF_r27c50,27,50,117.475264,42.351428,0.7778,0.8595,0.867,0.8746,0.8433,0.8824,0.0391,0.00137,1985,1985,1,stable_forest,CLCD_v01_Yang_Huang_zenodo.18180184,RS_derived
SAIH_AFF_r27c51,27,51,117.487315,42.351428,0.5775,0.6183,0.6646,0.7816,0.6087,0.7762,0.1675,0.00548,1985,1985,1,stable_forest,CLCD_v01_Yang_Huang_zenodo.18180184,RS_derived
SAIH_AFF_r27c52,27,52,117.499365,42.351428,0.5416,0.6371,0.6453,0.7088,0.6152,0.7022,0.0871,0.00273,1985,1985,1,stable_forest,CLCD_v01_Yang_Huang_zenodo.18180184,RS_derived
SAIH_AFF_r27c53,27,53,117.511416,42.351428,0.7303,0.7921,0.7959,0.8505,0.7821,0.8492,0.0672,0.0021,1985,1985,1,stable_forest,CLCD_v01_Yang_Huang_zenodo.18180184,RS_derived
SAIH_AFF_r27c54,27,54,117.523467,42.351428,0.8897,0.9255,0.8776,0.9757,0.9243,0.9741,0.0498,0.00136,1985,1985,1,stable_forest,CLCD_v01_Yang_Huang_zenodo.18180184,RS_derived
SAIH_AFF_r27c55,27,55,117.535518,42.351428,0.547,0.7195,0.7627,0.8324,0.6877,0.8214,0.1336,0.00475,1985,1985,1,stable_forest,CLCD_v01_Yang_Huang_zenodo.18180184,RS_derived
SAIH_AFF_r27c56,27,56,117.547568,42.351428,0.4738,0.6597,0.7022,0.7501,0.6265,0.7293,0.1028,0.00361,1990,1985,0,stable_forest,CLCD_v01_Yang_Huang_zenodo.18180184,RS_derived
SAIH_AFF_r27c57,27,57,117.559619,42.351428,0.417,0.7375,0.8207,0.8307,0.6591,0.7956,0.1364,0.00494,1990,1985,0,stable_forest,CLCD_v01_Yang_Huang_zenodo.18180184,RS_derived
SAIH_AFF_r27c58,27,58,117.57167,42.351428,0.1897,0.2515,0.2808,0.3276,0.228,0.3216,0.0936,0.00289,0,2020,0,partial_forest,CLCD_v01_Yang_Huang_zenodo.18180184,RS_derived
SAIH_AFF_r27c59,27,59,117.583721,42.351428,0.1395,0.2912,0.4236,0.5168,0.1783,0.5129,0.3346,0.01131,2018,2001,0,afforested,CLCD_v01_Yang_Huang_zenodo.18180184,RS_derived
SAIH_AFF_r27c60,27,60,117.595772,42.351428,0.3422,0.507,0.7124,0.8714,0.378,0.8685,0.4905,0.01711,2000,1985,0,partial_forest,CLCD_v01_Yang_Huang_zenodo.18180184,RS_derived
SAIH_AFF_r27c61,27,61,117.607822,42.351428,0.3723,0.4589,0.6167,0.7496,0.4212,0.7463,0.3251,0.01158,2005,1985,0,partial_forest,CLCD_v01_Yang_Huang_zenodo.18180184,RS_derived
SAIH_AFF_r27c62,27,62,117.619873,42.351428,0.107,0.1897,0.2984,0.6702,0.1566,0.6547,0.4981,0.01589,2017,2011,0,afforested,CLCD_v01_Yang_Huang_zenodo.18180184,RS_derived
SAIH_AFF_r27c64,27,64,117.643975,42.351428,0.0578,0.1038,0.2124,0.3697,0.0824,0.3676,0.2852,0.00941,0,2017,0,partial_forest,CLCD_v01_Yang_Huang_zenodo.18180184,RS_derived
SAIH_AFF_r28c02,28,2,116.896827,42.342389,0.0083,0.016,0.075,0.2052,0.0083,0.1903,0.182,0.00584,0,0,0,non_forest,CLCD_v01_Yang_Huang_zenodo.18180184,RS_derived
SAIH_AFF_r28c04,28,4,116.920928,42.342389,0.0,0.0,0.0298,0.2714,0.0,0.2577,0.2577,0.00826,0,0,0,non_forest,CLCD_v01_Yang_Huang_zenodo.18180184,RS_derived
SAIH_AFF_r28c07,28,7,116.957081,42.342389,0.0287,0.053,0.1258,0.2068,0.0399,0.196,0.156,0.00526,0,0,0,non_forest,CLCD_v01_Yang_Huang_zenodo.18180184,RS_derived
SAIH_AFF_r28c08,28,8,116.969132,42.342389,0.0044,0.0044,0.0204,0.3949,0.0044,0.3218,0.3174,0.00951,0,2023,0,partial_forest,CLCD_v01_Yang_Huang_zenodo.18180184,RS_derived
SAIH_AFF_r28c09,28,9,116.981182,42.342389,0.0436,0.0463,0.1175,0.5472,0.0445,0.491,0.4465,0.01455,2023,2015,0,partial_forest,CLCD_v01_Yang_Huang_zenodo.18180184,RS_derived
SAIH_AFF_r28c11,28,11,117.005284,42.342389,0.0022,0.0022,0.0447,0.2681,0.0022,0.2507,0.2485,0.00781,0,0,0,non_forest,CLCD_v01_Yang_Huang_zenodo.18180184,RS_derived
SAIH_AFF_r28c14,28,14,117.041436,42.342389,0.0392,0.0463,0.0557,0.4716,0.0402,0.3856,0.3455,0.00943,0,2022,0,partial_forest,CLCD_v01_Yang_Huang_zenodo.18180184,RS_derived
SAIH_AFF_r28c15,28,15,117.053487,42.342389,0.1086,0.1222,0.1389,0.48,0.1137,0.4223,0.3085,0.00939,0,2016,0,partial_forest,CLCD_v01_Yang_Huang_zenodo.18180184,RS_derived
SAIH_AFF_r28c16,28,16,117.065538,42.342389,0.0044,0.011,0.0259,0.3745,0.0065,0.2811,0.2746,0.00792,0,2023,0,non_forest,CLCD_v01_Yang_Huang_zenodo.18180184,RS_derived
SAIH_AFF_r28c17,28,17,117.077588,42.342389,0.0568,0.0734,0.1114,0.1881,0.0576,0.1861,0.1285,0.0042,0,0,0,non_forest,CLCD_v01_Yang_Huang_zenodo.18180184,RS_derived
SAIH_AFF_r28c18,28,18,117.089639,42.342389,0.1997,0.2052,0.2184,0.3541,0.2005,0.3461,0.1457,0.00438,0,2017,0,partial_forest,CLCD_v01_Yang_Huang_zenodo.18180184,RS_derived
SAIH_AFF_r28c19,28,19,117.10169,42.342389,0.0678,0.0772,0.0822,0.2206,0.0749,0.1929,0.1179,0.00316,0,0,0,non_forest,CLCD_v01_Yang_Huang_zenodo.18180184,RS_derived
SAIH_AFF_r28c23,28,23,117.149893,42.342389,0.3723,0.4153,0.4644,0.5405,0.4012,0.5389,0.1377,0.00434,2018,1985,0,partial_forest,CLCD_v01_Yang_Huang_zenodo.18180184,RS_derived
SAIH_AFF_r28c24,28,24,117.161944,42.342389,0.0469,0.0524,0.1186,0.5345,0.0469,0.5097,0.4629,0.01484,2022,2015,0,afforested,CLCD_v01_Yang_Huang_zenodo.18180184,RS_derived
SAIH_AFF_r28c25,28,25,117.173995,42.342389,0.0741,0.0908,0.1881,0.6205,0.0745,0.6142,0.5397,0.01867,2016,2013,0,afforested,CLCD_v01_Yang_Huang_zenodo.18180184,RS_derived
SAIH_AFF_r28c26,28,26,117.186045,42.342389,0.2256,0.3172,0.4826,0.6448,0.2327,0.6378,0.4051,0.01387,2012,2000,0,afforested,CLCD_v01_Yang_Huang_zenodo.18180184,RS_derived
SAIH_AFF_r28c27,28,27,117.198096,42.342389,0.0458,0.0612,0.2002,0.3431,0.0458,0.3347,0.2889,0.01007,0,2015,0,partial_forest,CLCD_v01_Yang_Huang_zenodo.18180184,RS_derived
SAIH_AFF_r28c28,28,28,117.210147,42.342389,0.0,0.0811,0.1947,0.5003,0.0,0.4948,0.4948,0.0167,2025,2013,0,partial_forest,CLCD_v01_Yang_Huang_zenodo.18180184,RS_derived
SAIH_AFF_r28c29,28,29,117.222198,42.342389,0.0,0.0006,0.1329,0.5852,0.0,0.5798,0.5798,0.0203,2015,2014,0,afforested,CLCD_v01_Yang_Huang_zenodo.18180184,RS_derived
SAIH_AFF_r28c30,28,30,117.234248,42.342389,0.0141,0.0157,0.0865,0.3486,0.0141,0.3362,0.3222,0.01109,0,2016,0,partial_forest,CLCD_v01_Yang_Huang_zenodo.18180184,RS_derived
SAIH_AFF_r28c31,28,31,117.246299,42.342389,0.0237,0.0331,0.1528,0.4291,0.0256,0.4186,0.393,0.01381,0,2015,0,partial_forest,CLCD_v01_Yang_Huang_zenodo.18180184,RS_derived
SAIH_AFF_r28c32,28,32,117.25835,42.342389,0.0331,0.0425,0.107,0.1892,0.035,0.1737,0.1388,0.00482,0,0,0,non_forest,CLCD_v01_Yang_Huang_zenodo.18180184,RS_derived
SAIH_AFF_r28c33,28,33,117.270401,42.342389,0.0072,0.0094,0.0276,0.027,0.0072,0.0246,0.0175,0.00065,0,0,0,non_forest,CLCD_v01_Yang_Huang_zenodo.18180184,RS_derived
SAIH_AFF_r28c34,28,34,117.282452,42.342389,0.0,0.0,0.0154,0.1671,0.0,0.1622,0.1622,0.00538,0,0,0,non_forest,CLCD_v01_Yang_Huang_zenodo.18180184,RS_derived
SAIH_AFF_r28c35,28,35,117.294502,42.342389,0.0022,0.0022,0.0562,0.3308,0.0022,0.322,0.3198,0.01082,0,2018,0,partial_forest,CLCD_v01_Yang_Huang_zenodo.18180184,RS_derived
SAIH_AFF_r28c36,28,36,117.306553,42.342389,0.0485,0.0546,0.2598,0.6475,0.0518,0.6485,0.5966,0.0208,2015,2013,0,afforested,CLCD_v01_Yang_Huang_zenodo.18180184,RS_derived
SAIH_AFF_r28c37,28,37,117.318604,42.342389,0.176,0.2035,0.2592,0.4402,0.1804,0.4349,0.2546,0.00838,0,2015,0,partial_forest,CLCD_v01_Yang_Huang_zenodo.18180184,RS_derived
SAIH_AFF_r28c38,28,38,117.330655,42.342389,0.0116,0.0121,0.0982,0.5008,0.0121,0.4838,0.4718,0.0157,2025,2015,0,partial_forest,CLCD_v01_Yang_Huang_zenodo.18180184,RS_derived
SAIH_AFF_r28c39,28,39,117.342705,42.342389,0.107,0.1186,0.2024,0.4313,0.109,0.4244,0.3155,0.01061,0,2015,0,partial_forest,CLCD_v01_Yang_Huang_zenodo.18180184,RS_derived
SAIH_AFF_r28c40,28,40,117.354756,42.342389,0.0789,0.0865,0.1335,0.3032,0.0803,0.2921,0.2118,0.00678,0,2023,0,non_forest,CLCD_v01_Yang_Huang_zenodo.18180184,RS_derived
SAIH_AFF_r28c41,28,41,117.366807,42.342389,0.3188,0.3348,0.4639,0.5698,0.3231,0.5676,0.2445,0.00857,2015,1985,0,partial_forest,CLCD_v01_Yang_Huang_zenodo.18180184,RS_derived
SAIH_AFF_r28c42,28,42,117.378858,42.342389,0.0127,0.0596,0.4517,0.5753,0.024,0.5721,0.548,0.02017,2015,2008,0,afforested,CLCD_v01_Yang_Huang_zenodo.18180184,RS_derived
SAIH_AFF_r28c43,28,43,117.390908,42.342389,0.0734,0.1925,0.7049,0.7816,0.0821,0.7792,0.6971,0.02599,2006,2004,0,afforested,CLCD_v01_Yang_Huang_zenodo.18180184,RS_derived
SAIH_AFF_r28c44,28,44,117.402959,42.342389,0.4446,0.5334,0.5814,0.6558,0.4908,0.6349,0.144,0.00461,1991,1985,0,partial_forest,CLCD_v01_Yang_Huang_zenodo.18180184,RS_derived
SAIH_AFF_r28c45,28,45,117.41501,42.342389,0.8692,0.9411,0.9465,0.9519,0.9131,0.9423,0.0291,0.00116,1985,1985,1,stable_forest,CLCD_v01_Yang_Huang_zenodo.18180184,RS_derived
SAIH_AFF_r28c46,28,46,117.427061,42.342389,0.8588,0.9145,0.9487,0.9586,0.8898,0.9641,0.0743,0.00267,1985,1985,1,stable_forest,CLCD_v01_Yang_Huang_zenodo.18180184,RS_derived
SAIH_AFF_r28c47,28,47,117.439112,42.342389,0.7926,0.8527,0.8671,0.8941,0.8346,0.894,0.0594,0.002,1985,1985,1,stable_forest,CLCD_v01_Yang_Huang_zenodo.18180184,RS_derived
SAIH_AFF_r28c48,28,48,117.451162,42.342389,0.8467,0.8698,0.8913,0.9393,0.8616,0.9388,0.0772,0.00259,1985,1985,1,stable_forest,CLCD_v01_Yang_Huang_zenodo.18180184,RS_derived
SAIH_AFF_r28c49,28,49,117.463213,42.342389,0.9366,0.9482,0.963,0.9835,0.9459,0.9823,0.0364,0.00123,1985,1985,1,stable_forest,CLCD_v01_Yang_Huang_zenodo.18180184,RS_derived
SAIH_AFF_r28c50,28,50,117.475264,42.342389,0.8081,0.8784,0.8892,0.9,0.8595,0.8984,0.0388,0.00133,1985,1985,1,stable_forest,CLCD_v01_Yang_Huang_zenodo.18180184,RS_derived
SAIH_AFF_r28c51,28,51,117.487315,42.342389,0.8329,0.8687,0.8875,0.9371,0.8559,0.9321,0.0762,0.00244,1985,1985,1,stable_forest,CLCD_v01_Yang_Huang_zenodo.18180184,RS_derived
SAIH_AFF_r28c52,28,52,117.499365,42.342389,0.7336,0.7728,0.8125,0.872,0.761,0.8648,0.1038,0.0034,1985,1985,1,stable_forest,CLCD_v01_Yang_Huang_zenodo.18180184,RS_derived
SAIH_AFF_r28c53,28,53,117.511416,42.342389,0.615,0.7915,0.8213,0.8483,0.7271,0.84,0.1129,0.00369,1985,1985,1,stable_forest,CLCD_v01_Yang_Huang_zenodo.18180184,RS_derived
SAIH_AFF_r28c54,28,54,117.523467,42.342389,0.6922,0.8174,0.8108,0.9266,0.7841,0.896,0.1119,0.00358,1985,1985,1,stable_forest,CLCD_v01_Yang_Huang_zenodo.18180184,RS_derived
SAIH_AFF_r28c55,28,55,117.535518,42.342389,0.573,0.7043,0.7811,0.887,0.6832,0.8224,0.1393,0.00518,1985,1985,1,stable_forest,CLCD_v01_Yang_Huang_zenodo.18180184,RS_derived
SAIH_AFF_r28c56,28,56,117.547568,42.342389,0.7115,0.8621,0.8991,0.9211,0.817,0.8138,-0.0032,0.00018,1985,1985,1,stable_forest,CLCD_v01_Yang_Huang_zenodo.18180184,RS_derived
SAIH_AFF_r28c57,28,57,117.559619,42.342389,0.4446,0.5019,0.5378,0.6481,0.4889,0.6432,0.1543,0.00508,2000,1985,0,partial_forest,CLCD_v01_Yang_Huang_zenodo.18180184,RS_derived
SAIH_AFF_r28c58,28,58,117.57167,42.342389,0.7027,0.7143,0.7308,0.7821,0.7111,0.7808,0.0698,0.00228,1985,1985,1,stable_forest,CLCD_v01_Yang_Huang_zenodo.18180184,RS_derived
SAIH_AFF_r28c59,28,59,117.583721,42.342389,0.3944,0.4418,0.4539,0.4986,0.4344,0.4964,0.062,0.002,0,1985,0,partial_forest,CLCD_v01_Yang_Huang_zenodo.18180184,RS_derived
SAIH_AFF_r28c60,28,60,117.595772,42.342389,0.6649,0.7243,0.8086,0.8665,0.7052,0.8645,0.1593,0.00559,1985,1985,1,stable_forest,CLCD_v01_Yang_Huang_zenodo.18180184,RS_derived
SAIH_AFF_r28c61,28,61,117.607822,42.342389,0.0838,0.1583,0.2962,0.5521,0.1128,0.5428,0.4301,0.01435,2019,2011,0,afforested,CLCD_v01_Yang_Huang_zenodo.18180184,RS_derived
SAIH_AFF_r28c62,28,62,117.619873,42.342389,0.0,0.0039,0.1313,0.5863,0.0005,0.5665,0.566,0.01847,2018,2015,0,afforested,CLCD_v01_Yang_Huang_zenodo.18180184,RS_derived
SAIH_AFF_r28c63,28,63,117.631924,42.342389,0.0154,0.0866,0.1164,0.1864,0.0611,0.1828,0.1217,0.00393,0,0,0,non_forest,CLCD_v01_Yang_Huang_zenodo.18180184,RS_derived
SAIH_AFF_r28c64,28,64,117.643975,42.342389,0.1984,0.3703,0.5535,0.6795,0.3151,0.6763,0.3612,0.01273,2009,1991,0,partial_forest,CLCD_v01_Yang_Huang_zenodo.18180184,RS_derived
SAIH_AFF_r29c02,29,2,116.896827,42.33335,0.0,0.0,0.0011,0.155,0.0,0.1363,0.1363,0.00381,0,0,0,non_forest,CLCD_v01_Yang_Huang_zenodo.18180184,RS_derived
SAIH_AFF_r29c04,29,4,116.920928,42.33335,0.0011,0.0011,0.0028,0.2157,0.0011,0.1983,0.1972,0.00541,0,0,0,non_forest,CLCD_v01_Yang_Huang_zenodo.18180184,RS_derived
SAIH_AFF_r29c06,29,6,116.94503,42.33335,0.0,0.0,0.0066,0.2129,0.0,0.1808,0.1808,0.00491,0,0,0,non_forest,CLCD_v01_Yang_Huang_zenodo.18180184,RS_derived
SAIH_AFF_r29c10,29,10,116.993233,42.33335,0.0011,0.0027,0.0243,0.2276,0.0011,0.2107,0.2096,0.00634,0,0,0,non_forest,CLCD_v01_Yang_Huang_zenodo.18180184,RS_derived
SAIH_AFF_r29c11,29,11,117.005284,42.33335,0.0143,0.0794,0.1649,0.3613,0.0166,0.3253,0.3087,0.00968,0,2022,0,partial_forest,CLCD_v01_Yang_Huang_zenodo.18180184,RS_derived
SAIH_AFF_r29c12,29,12,117.017335,42.33335,0.048,0.1964,0.2934,0.4043,0.0507,0.3981,0.3473,0.0112,0,2011,0,partial_forest,CLCD_v01_Yang_Huang_zenodo.18180184,RS_derived
SAIH_AFF_r29c15,29,15,117.053487,42.33335,0.1692,0.1784,0.2081,0.3178,0.1703,0.3092,0.1388,0.00449,0,2022,0,partial_forest,CLCD_v01_Yang_Huang_zenodo.18180184,RS_derived
SAIH_AFF_r29c22,29,22,117.137842,42.33335,0.1721,0.1969,0.2118,0.2796,0.1854,0.2718,0.0864,0.00255,0,0,0,non_forest,CLCD_v01_Yang_Huang_zenodo.18180184,RS_derived
SAIH_AFF_r29c23,29,23,117.149893,42.33335,0.134,0.1362,0.1555,0.2361,0.1345,0.2319,0.0974,0.00293,0,0,0,non_forest,CLCD_v01_Yang_Huang_zenodo.18180184,RS_derived
SAIH_AFF_r29c24,29,24,117.161944,42.33335,0.0149,0.0149,0.0794,0.3409,0.0149,0.3161,0.3013,0.00982,0,2022,0,partial_forest,CLCD_v01_Yang_Huang_zenodo.18180184,RS_derived
SAIH_AFF_r29c25,29,25,117.173995,42.33335,0.0919,0.0957,0.1962,0.6314,0.0928,0.5982,0.5054,0.01715,2016,2013,0,afforested,CLCD_v01_Yang_Huang_zenodo.18180184,RS_derived
SAIH_AFF_r29c26,29,26,117.186045,42.33335,0.0844,0.0894,0.1401,0.3525,0.0857,0.3458,0.2601,0.00842,0,2017,0,partial_forest,CLCD_v01_Yang_Huang_zenodo.18180184,RS_derived
SAIH_AFF_r29c27,29,27,117.198096,42.33335,0.0055,0.1373,0.3767,0.4562,0.0055,0.4515,0.4459,0.0157,0,2007,0,partial_forest,CLCD_v01_Yang_Huang_zenodo.18180184,RS_derived
SAIH_AFF_r29c28,29,28,117.210147,42.33335,0.0,0.1892,0.3166,0.5648,0.0154,0.551,0.5356,0.01792,2015,2010,0,afforested,CLCD_v01_Yang_Huang_zenodo.18180184,RS_derived
SAIH_AFF_r29c29,29,29,117.222198,42.33335,0.0,0.1638,0.3607,0.6823,0.0,0.645,0.645,0.02211,2015,2008,0,afforested,CLCD_v01_Yang_Huang_zenodo.18180184,RS_derived
SAIH_AFF_r29c30,29,30,117.234248,42.33335,0.0,0.0773,0.1914,0.7016,0.0,0.664,0.664,0.02259,2015,2013,0,afforested,CLCD_v01_Yang_Huang_zenodo.18180184,RS_derived
SAIH_AFF_r29c31,29,31,117.246299,42.33335,0.0,0.0,0.1936,0.5014,0.0,0.4842,0.4842,0.01741,2025,2013,0,partial_forest,CLCD_v01_Yang_Huang_zenodo.18180184,RS_derived
SAIH_AFF_r29c32,29,32,117.25835,42.33335,0.0,0.0,0.2272,0.5521,0.0,0.5415,0.5415,0.01978,2015,2013,0,afforested,CLCD_v01_Yang_Huang_zenodo.18180184,RS_derived
SAIH_AFF_r29c33,29,33,117.270401,42.33335,0.0055,0.0105,0.1384,0.3436,0.0065,0.3295,0.323,0.01158,0,2016,0,partial_forest,CLCD_v01_Yang_Huang_zenodo.18180184,RS_derived
SAIH_AFF_r29c34,29,34,117.282452,42.33335,0.0028,0.0039,0.1919,0.3977,0.0028,0.3989,0.3961,0.01431,0,2015,0,partial_forest,CLCD_v01_Yang_Huang_zenodo.18180184,RS_derived
SAIH_AFF_r29c36,29,36,117.306553,42.33335,0.0965,0.1103,0.1395,0.3475,0.1068,0.3096,0.2028,0.00565,0,2022,0,partial_forest,CLCD_v01_Yang_Huang_zenodo.18180184,RS_derived
SAIH_AFF_r29c38,29,38,117.330655,42.33335,0.0463,0.0579,0.2824,0.3116,0.0463,0.3258,0.2795,0.01066,0,2015,0,partial_forest,CLCD_v01_Yang_Huang_zenodo.18180184,RS_derived
SAIH_AFF_r29c40,29,40,117.354756,42.33335,0.0735,0.0757,0.1908,0.6681,0.0735,0.6427,0.5692,0.01873,2016,2013,0,afforested,CLCD_v01_Yang_Huang_zenodo.18180184,RS_derived
SAIH_AFF_r29c41,29,41,117.366807,42.33335,0.0772,0.0805,0.3425,0.6145,0.0772,0.6087,0.5314,0.01889,2015,2010,0,afforested,CLCD_v01_Yang_Huang_zenodo.18180184,RS_derived
SAIH_AFF_r29c42,29,42,117.378858,42.33335,0.0221,0.0425,0.5367,0.7209,0.0221,0.7187,0.6966,0.0257,2010,2007,0,afforested,CLCD_v01_Yang_Huang_zenodo.18180184,RS_derived
SAIH_AFF_r29c43,29,43,117.390908,42.33335,0.0,0.0039,0.4523,0.6018,0.0,0.5857,0.5857,0.02173,2015,2006,0,afforested,CLCD_v01_Yang_Huang_zenodo.18180184,RS_derived
SAIH_AFF_r29c44,29,44,117.402959,42.33335,0.1269,0.1434,0.2587,0.3491,0.1366,0.3245,0.188,0.00667,0,2018,0,partial_forest,CLCD_v01_Yang_Huang_zenodo.18180184,RS_derived
SAIH_AFF_r29c45,29,45,117.41501,42.33335,0.6362,0.7297,0.7757,0.8232,0.6897,0.7966,0.1068,0.00361,1985,1985,1,stable_forest,CLCD_v01_Yang_Huang_zenodo.18180184,RS_derived
SAIH_AFF_r29c46,29,46,117.427061,42.33335,0.8544,0.9084,0.9344,0.9746,0.8867,0.9735,0.0868,0.00298,1985,1985,1,stable_forest,CLCD_v01_Yang_Huang_zenodo.18180184,RS_derived
SAIH_AFF_r29c47,29,47,117.439112,42.33335,0.9305,0.957,0.9719,0.9901,0.9526,0.9875,0.0349,0.00123,1985,1985,1,stable_forest,CLCD_v01_Yang_Huang_zenodo.18180184,RS_derived
SAIH_AFF_r29c48,29,48,117.451162,42.33335,0.898,0.9564,0.9702,0.9801,0.9419,0.9801,0.0382,0.00133,1985,1985,1,stable_forest,CLCD_v01_Yang_Huang_zenodo.18180184,RS_derived
SAIH_AFF_r29c49,29,49,117.463213,42.33335,0.9095,0.9719,0.9807,0.9956,0.9537,0.9952,0.0415,0.00139,1985,1985,1,stable_forest,CLCD_v01_Yang_Huang_zenodo.18180184,RS_derived
SAIH_AFF_r29c50,29,50,117.475264,42.33335,0.8476,0.9649,0.9708,0.9811,0.9399,0.9807,0.0408,0.00134,1985,1985,1,stable_forest,CLCD_v01_Yang_Huang_zenodo.18180184,RS_derived
SAIH_AFF_r29c51,29,51,117.487315,42.33335,0.6619,0.7479,0.765,0.8307,0.7193,0.8251,0.1057,0.00335,1985,1985,1,stable_forest,CLCD_v01_Yang_Huang_zenodo.18180184,RS_derived
SAIH_AFF_r29c52,29,52,117.499365,42.33335,0.6222,0.7215,0.7369,0.818,0.6951,0.8077,0.1126,0.00331,1985,1985,1,stable_forest,CLCD_v01_Yang_Huang_zenodo.18180184,RS_derived
SAIH_AFF_r29c53,29,53,117.511416,42.33335,0.7005,0.8169,0.845,0.9134,0.7857,0.9018,0.1161,0.0036,1985,1985,1,stable_forest,CLCD_v01_Yang_Huang_zenodo.18180184,RS_derived
SAIH_AFF_r29c54,29,54,117.523467,42.33335,0.6382,0.8119,0.8483,0.8296,0.7463,0.7978,0.0515,0.00236,1985,1985,1,stable_forest,CLCD_v01_Yang_Huang_zenodo.18180184,RS_derived
SAIH_AFF_r29c55,29,55,117.535518,42.33335,0.4557,0.5778,0.6697,0.7627,0.4924,0.755,0.2627,0.00877,1990,1985,0,partial_forest,CLCD_v01_Yang_Huang_zenodo.18180184,RS_derived
SAIH_AFF_r29c56,29,56,117.547568,42.33335,0.321,0.4192,0.5008,0.583,0.377,0.5781,0.2012,0.00685,2010,1985,0,partial_forest,CLCD_v01_Yang_Huang_zenodo.18180184,RS_derived
SAIH_AFF_r29c57,29,57,117.559619,42.33335,0.3249,0.412,0.4357,0.4468,0.3916,0.4455,0.0539,0.00186,0,1985,0,partial_forest,CLCD_v01_Yang_Huang_zenodo.18180184,RS_derived
SAIH_AFF_r29c58,29,58,117.57167,42.33335,0.1886,0.2879,0.4903,0.6939,0.249,0.686,0.437,0.01447,2014,2002,0,afforested,CLCD_v01_Yang_Huang_zenodo.18180184,RS_derived
SAIH_AFF_r29c59,29,59,117.583721,42.33335,0.4655,0.4986,0.5576,0.711,0.4902,0.7049,0.2147,0.00713,2003,1985,0,partial_forest,CLCD_v01_Yang_Huang_zenodo.18180184,RS_derived
SAIH_AFF_r29c60,29,60,117.595772,42.33335,0.2773,0.3459,0.3859,0.4584,0.3253,0.4579,0.1327,0.0045,0,1990,0,partial_forest,CLCD_v01_Yang_Huang_zenodo.18180184,RS_derived
SAIH_AFF_r29c61,29,61,117.607822,42.33335,0.2344,0.3293,0.4622,0.642,0.2682,0.6335,0.3653,0.01221,2013,1997,0,afforested,CLCD_v01_Yang_Huang_zenodo.18180184,RS_derived
SAIH_AFF_r29c62,29,62,117.619873,42.33335,0.0,0.0,0.1048,0.257,0.0,0.2625,0.2625,0.00979,0,0,0,non_forest,CLCD_v01_Yang_Huang_zenodo.18180184,RS_derived
SAIH_AFF_r29c63,29,63,117.631924,42.33335,0.0596,0.1693,0.1942,0.3045,0.1387,0.2961,0.1574,0.00507,0,2023,0,non_forest,CLCD_v01_Yang_Huang_zenodo.18180184,RS_derived
SAIH_AFF_r29c64,29,64,117.643975,42.33335,0.1032,0.3735,0.5065,0.5746,0.2503,0.5724,0.3221,0.01088,2009,1994,0,afforested,CLCD_v01_Yang_Huang_zenodo.18180184,RS_derived
SAIH_AFF_r30c02,30,2,116.896827,42.324311,0.0,0.0,0.005,0.0971,0.0,0.0765,0.0765,0.0021,0,0,0,non_forest,CLCD_v01_Yang_Huang_zenodo.18180184,RS_derived
SAIH_AFF_r30c03,30,3,116.908878,42.324311,0.0044,0.0116,0.0761,0.1065,0.0047,0.1032,0.0985,0.00339,0,0,0,non_forest,CLCD_v01_Yang_Huang_zenodo.18180184,RS_derived
SAIH_AFF_r30c09,30,9,116.981182,42.324311,0.0,0.0,0.027,0.4192,0.0,0.3739,0.3739,0.01162,0,2020,0,partial_forest,CLCD_v01_Yang_Huang_zenodo.18180184,RS_derived
SAIH_AFF_r30c10,30,10,116.993233,42.324311,0.0,0.0027,0.0708,0.4589,0.0,0.4456,0.4456,0.0149,0,2015,0,partial_forest,CLCD_v01_Yang_Huang_zenodo.18180184,RS_derived
SAIH_AFF_r30c12,30,12,117.017335,42.324311,0.1009,0.7077,0.7887,0.8555,0.1482,0.8502,0.702,0.02048,1997,1996,0,afforested,CLCD_v01_Yang_Huang_zenodo.18180184,RS_derived
SAIH_AFF_r30c13,30,13,117.029385,42.324311,0.0855,0.1395,0.2035,0.3023,0.0873,0.2901,0.2028,0.00673,0,2025,0,non_forest,CLCD_v01_Yang_Huang_zenodo.18180184,RS_derived
SAIH_AFF_r30c19,30,19,117.10169,42.324311,0.0541,0.1087,0.1324,0.2162,0.0942,0.1964,0.1021,0.00308,0,0,0,non_forest,CLCD_v01_Yang_Huang_zenodo.18180184,RS_derived
SAIH_AFF_r30c20,30,20,117.113741,42.324311,0.2795,0.3243,0.3686,0.4135,0.2975,0.414,0.1164,0.00387,0,1990,0,partial_forest,CLCD_v01_Yang_Huang_zenodo.18180184,RS_derived
SAIH_AFF_r30c21,30,21,117.125792,42.324311,0.3993,0.4374,0.46,0.5444,0.4226,0.5416,0.1191,0.00372,2017,1985,0,partial_forest,CLCD_v01_Yang_Huang_zenodo.18180184,RS_derived
SAIH_AFF_r30c22,30,22,117.137842,42.324311,0.0916,0.1131,0.1362,0.2912,0.0963,0.2858,0.1895,0.00561,0,0,0,non_forest,CLCD_v01_Yang_Huang_zenodo.18180184,RS_derived
SAIH_AFF_r30c23,30,23,117.149893,42.324311,0.1202,0.1484,0.1947,0.3651,0.1272,0.3582,0.231,0.00748,0,2017,0,partial_forest,CLCD_v01_Yang_Huang_zenodo.18180184,RS_derived
SAIH_AFF_r30c24,30,24,117.161944,42.324311,0.0248,0.0254,0.0502,0.1368,0.0253,0.126,0.1007,0.00318,0,0,0,non_forest,CLCD_v01_Yang_Huang_zenodo.18180184,RS_derived
SAIH_AFF_r30c26,30,26,117.186045,42.324311,0.0055,0.0055,0.0331,0.2769,0.0055,0.2677,0.2622,0.00882,0,0,0,non_forest,CLCD_v01_Yang_Huang_zenodo.18180184,RS_derived
SAIH_AFF_r30c27,30,27,117.198096,42.324311,0.0,0.0949,0.1561,0.2035,0.0,0.1985,0.1985,0.00661,0,0,0,non_forest,CLCD_v01_Yang_Huang_zenodo.18180184,RS_derived
SAIH_AFF_r30c28,30,28,117.210147,42.324311,0.0,0.0579,0.0938,0.4815,0.0004,0.4649,0.4645,0.01425,0,2016,0,partial_forest,CLCD_v01_Yang_Huang_zenodo.18180184,RS_derived
SAIH_AFF_r30c29,30,29,117.222198,42.324311,0.0,0.0381,0.1489,0.4848,0.0,0.4046,0.4046,0.01302,0,2017,0,partial_forest,CLCD_v01_Yang_Huang_zenodo.18180184,RS_derived
SAIH_AFF_r30c30,30,30,117.234248,42.324311,0.0,0.0492,0.0649,0.2741,0.0,0.2358,0.2358,0.00732,0,0,0,non_forest,CLCD_v01_Yang_Huang_zenodo.18180184,RS_derived
SAIH_AFF_r30c31,30,31,117.246299,42.324311,0.0507,0.0651,0.1589,0.3855,0.0536,0.362,0.3084,0.01036,0,2016,0,partial_forest,CLCD_v01_Yang_Huang_zenodo.18180184,RS_derived
SAIH_AFF_r30c32,30,32,117.25835,42.324311,0.0149,0.0254,0.1418,0.326,0.0154,0.3116,0.2963,0.0104,0,2022,0,partial_forest,CLCD_v01_Yang_Huang_zenodo.18180184,RS_derived
SAIH_AFF_r30c34,30,34,117.282452,42.324311,0.0,0.0,0.0756,0.2477,0.0,0.2332,0.2332,0.00799,0,0,0,non_forest,CLCD_v01_Yang_Huang_zenodo.18180184,RS_derived
SAIH_AFF_r30c35,30,35,117.294502,42.324311,0.0589,0.0859,0.1254,0.4622,0.0639,0.4374,0.3734,0.01189,0,2016,0,partial_forest,CLCD_v01_Yang_Huang_zenodo.18180184,RS_derived
SAIH_AFF_r30c36,30,36,117.306553,42.324311,0.0717,0.0794,0.1296,0.2653,0.0726,0.25,0.1774,0.00572,0,0,0,non_forest,CLCD_v01_Yang_Huang_zenodo.18180184,RS_derived
SAIH_AFF_r30c38,30,38,117.330655,42.324311,0.1688,0.1947,0.2162,0.2868,0.1693,0.2879,0.1187,0.00366,0,0,0,non_forest,CLCD_v01_Yang_Huang_zenodo.18180184,RS_derived
SAIH_AFF_r30c39,30,39,117.342705,42.324311,0.0441,0.0463,0.0712,0.2052,0.0451,0.1967,0.1517,0.00481,0,0,0,non_forest,CLCD_v01_Yang_Huang_zenodo.18180184,RS_derived
SAIH_AFF_r30c40,30,40,117.354756,42.324311,0.1503,0.1751,0.2535,0.473,0.1512,0.4577,0.3065,0.00968,0,2015,0,partial_forest,CLCD_v01_Yang_Huang_zenodo.18180184,RS_derived
SAIH_AFF_r30c41,30,41,117.366807,42.324311,0.3221,0.3486,0.4655,0.6084,0.3312,0.5984,0.2672,0.00867,2016,1985,0,partial_forest,CLCD_v01_Yang_Huang_zenodo.18180184,RS_derived
SAIH_AFF_r30c42,30,42,117.378858,42.324311,0.0309,0.0309,0.6282,0.7523,0.0309,0.7587,0.7278,0.02775,2010,2008,0,afforested,CLCD_v01_Yang_Huang_zenodo.18180184,RS_derived
SAIH_AFF_r30c43,30,43,117.390908,42.324311,0.0,0.0,0.4021,0.4876,0.0,0.4879,0.4879,0.01858,0,2008,0,partial_forest,CLCD_v01_Yang_Huang_zenodo.18180184,RS_derived
SAIH_AFF_r30c44,30,44,117.402959,42.324311,0.0,0.0017,0.1191,0.2361,0.0013,0.2263,0.2251,0.00836,0,0,0,non_forest,CLCD_v01_Yang_Huang_zenodo.18180184,RS_derived
SAIH_AFF_r30c45,30,45,117.41501,42.324311,0.2827,0.3735,0.4341,0.5119,0.3252,0.5041,0.179,0.00611,2016,1990,0,partial_forest,CLCD_v01_Yang_Huang_zenodo.18180184,RS_derived
SAIH_AFF_r30c46,30,46,117.427061,42.324311,0.6724,0.7562,0.8042,0.8511,0.7225,0.88,0.1576,0.00548,1985,1985,1,stable_forest,CLCD_v01_Yang_Huang_zenodo.18180184,RS_derived
SAIH_AFF_r30c47,30,47,117.439112,42.324311,0.7926,0.8831,0.9233,0.9288,0.8489,0.9271,0.0782,0.0028,1985,1985,1,stable_forest,CLCD_v01_Yang_Huang_zenodo.18180184,RS_derived
SAIH_AFF_r30c48,30,48,117.451162,42.324311,0.9117,0.9724,0.9823,0.9724,0.9608,0.9726,0.0118,0.00056,1985,1985,1,stable_forest,CLCD_v01_Yang_Huang_zenodo.18180184,RS_derived
SAIH_AFF_r30c49,30,49,117.463213,42.324311,0.7237,0.8864,0.9366,0.9763,0.8196,0.9767,0.1572,0.00535,1985,1985,1,stable_forest,CLCD_v01_Yang_Huang_zenodo.18180184,RS_derived
SAIH_AFF_r30c50,30,50,117.475264,42.324311,0.7589,0.8324,0.8686,0.9222,0.8054,0.919,0.1136,0.00379,1985,1985,1,stable_forest,CLCD_v01_Yang_Huang_zenodo.18180184,RS_derived
SAIH_AFF_r30c51,30,51,117.487315,42.324311,0.6828,0.8097,0.8312,0.9277,0.7791,0.9083,0.1292,0.00385,1985,1985,1,stable_forest,CLCD_v01_Yang_Huang_zenodo.18180184,RS_derived
SAIH_AFF_r30c52,30,52,117.499365,42.324311,0.6453,0.7568,0.7887,0.8411,0.7246,0.8362,0.1116,0.00362,1985,1985,1,stable_forest,CLCD_v01_Yang_Huang_zenodo.18180184,RS_derived
SAIH_AFF_r30c53,30,53,117.511416,42.324311,0.6547,0.7512,0.786,0.8913,0.7192,0.8883,0.1691,0.00545,1985,1985,1,stable_forest,CLCD_v01_Yang_Huang_zenodo.18180184,RS_derived
SAIH_AFF_r30c54,30,54,117.523467,42.324311,0.6481,0.8081,0.8351,0.856,0.7512,0.7936,0.0424,0.00131,1985,1985,1,stable_forest,CLCD_v01_Yang_Huang_zenodo.18180184,RS_derived
SAIH_AFF_r30c55,30,55,117.535518,42.324311,0.4497,0.5957,0.7238,0.8243,0.5355,0.7435,0.208,0.00713,1990,1985,0,stable_forest,CLCD_v01_Yang_Huang_zenodo.18180184,RS_derived
SAIH_AFF_r30c56,30,56,117.547568,42.324311,0.4788,0.4964,0.5014,0.6067,0.4906,0.5591,0.0685,0.00164,2004,1985,0,partial_forest,CLCD_v01_Yang_Huang_zenodo.18180184,RS_derived
SAIH_AFF_r30c57,30,57,117.559619,42.324311,0.4181,0.4628,0.4727,0.4953,0.4476,0.4926,0.045,0.00139,0,1985,0,partial_forest,CLCD_v01_Yang_Huang_zenodo.18180184,RS_derived
SAIH_AFF_r30c58,30,58,117.57167,42.324311,0.2024,0.2664,0.332,0.406,0.2394,0.3962,0.1568,0.00516,0,2004,0,partial_forest,CLCD_v01_Yang_Huang_zenodo.18180184,RS_derived
SAIH_AFF_r30c59,30,59,117.583721,42.324311,0.417,0.4997,0.5538,0.6994,0.4751,0.6881,0.213,0.00682,2001,1985,0,partial_forest,CLCD_v01_Yang_Huang_zenodo.18180184,RS_derived
SAIH_AFF_r30c60,30,60,117.595772,42.324311,0.2778,0.3195,0.4259,0.5519,0.3053,0.5434,0.2382,0.00813,2017,1991,0,partial_forest,CLCD_v01_Yang_Huang_zenodo.18180184,RS_derived
SAIH_AFF_r30c61,30,61,117.607822,42.324311,0.059,0.123,0.1953,0.2885,0.0957,0.2832,0.1875,0.00627,0,0,0,non_forest,CLCD_v01_Yang_Huang_zenodo.18180184,RS_derived
SAIH_AFF_r30c62,30,62,117.619873,42.324311,0.0463,0.1158,0.3365,0.4391,0.0937,0.4448,0.3511,0.01299,0,2009,0,partial_forest,CLCD_v01_Yang_Huang_zenodo.18180184,RS_derived
SAIH_AFF_r31c02,31,2,116.896827,42.315272,0.0,0.0,0.1136,0.3133,0.0,0.283,0.283,0.00926,0,2024,0,non_forest,CLCD_v01_Yang_Huang_zenodo.18180184,RS_derived
SAIH_AFF_r31c03,31,3,116.908878,42.315272,0.0,0.0,0.1517,0.4644,0.0,0.4206,0.4206,0.01332,0,2018,0,partial_forest,CLCD_v01_Yang_Huang_zenodo.18180184,RS_derived
SAIH_AFF_r31c04,31,4,116.920928,42.315272,0.0028,0.0028,0.0072,0.2129,0.0028,0.1966,0.1939,0.00562,0,0,0,non_forest,CLCD_v01_Yang_Huang_zenodo.18180184,RS_derived
SAIH_AFF_r31c06,31,6,116.94503,42.315272,0.0028,0.0028,0.0447,0.2168,0.0028,0.1891,0.1863,0.00557,0,0,0,non_forest,CLCD_v01_Yang_Huang_zenodo.18180184,RS_derived
SAIH_AFF_r31c10,31,10,116.993233,42.315272,0.0022,0.013,0.0865,0.3697,0.0023,0.3537,0.3514,0.01131,0,2018,0,partial_forest,CLCD_v01_Yang_Huang_zenodo.18180184,RS_derived
SAIH_AFF_r31c12,31,12,117.017335,42.315272,0.1247,0.2813,0.3138,0.3822,0.1503,0.3725,0.2222,0.00639,0,2005,0,partial_forest,CLCD_v01_Yang_Huang_zenodo.18180184,RS_derived
SAIH_AFF_r31c20,31,20,117.113741,42.315272,0.3432,0.3865,0.4303,0.5314,0.3628,0.5294,0.1666,0.0052,2018,1985,0,partial_forest,CLCD_v01_Yang_Huang_zenodo.18180184,RS_derived
SAIH_AFF_r31c21,31,21,117.125792,42.315272,0.1429,0.166,0.2101,0.2609,0.1485,0.2604,0.1119,0.00375,0,0,0,non_forest,CLCD_v01_Yang_Huang_zenodo.18180184,RS_derived
SAIH_AFF_r31c25,31,25,117.173995,42.315272,0.0968,0.1016,0.1216,0.1719,0.0972,0.1676,0.0703,0.00225,0,0,0,non_forest,CLCD_v01_Yang_Huang_zenodo.18180184,RS_derived
SAIH_AFF_r31c28,31,28,117.210147,42.315272,0.0,0.0496,0.1258,0.5025,0.0,0.4568,0.4568,0.01349,2025,2017,0,partial_forest,CLCD_v01_Yang_Huang_zenodo.18180184,RS_derived
SAIH_AFF_r31c29,31,29,117.222198,42.315272,0.0,0.0,0.011,0.2212,0.0,0.1905,0.1905,0.00585,0,0,0,non_forest,CLCD_v01_Yang_Huang_zenodo.18180184,RS_derived
SAIH_AFF_r31c30,31,30,117.234248,42.315272,0.0,0.0076,0.3211,0.633,0.0,0.6011,0.6011,0.0215,2016,2010,0,afforested,CLCD_v01_Yang_Huang_zenodo.18180184,RS_derived
SAIH_AFF_r31c31,31,31,117.246299,42.315272,0.0,0.0,0.1715,0.5698,0.0,0.5583,0.5583,0.01967,2016,2013,0,afforested,CLCD_v01_Yang_Huang_zenodo.18180184,RS_derived
SAIH_AFF_r31c32,31,32,117.25835,42.315272,0.0006,0.0033,0.0596,0.4297,0.0006,0.4171,0.4165,0.01412,0,2015,0,partial_forest,CLCD_v01_Yang_Huang_zenodo.18180184,RS_derived
SAIH_AFF_r31c34,31,34,117.282452,42.315272,0.0094,0.0165,0.075,0.1329,0.0094,0.128,0.1186,0.00408,0,0,0,non_forest,CLCD_v01_Yang_Huang_zenodo.18180184,RS_derived
SAIH_AFF_r31c35,31,35,117.294502,42.315272,0.0232,0.087,0.2476,0.4822,0.0232,0.4756,0.4523,0.0155,0,2015,0,partial_forest,CLCD_v01_Yang_Huang_zenodo.18180184,RS_derived
SAIH_AFF_r31c36,31,36,117.306553,42.315272,0.0281,0.0314,0.128,0.4368,0.0281,0.4206,0.3924,0.013,0,2016,0,partial_forest,CLCD_v01_Yang_Huang_zenodo.18180184,RS_derived
SAIH_AFF_r31c37,31,37,117.318604,42.315272,0.1765,0.1947,0.2449,0.3453,0.1828,0.3366,0.1537,0.00502,0,2016,0,partial_forest,CLCD_v01_Yang_Huang_zenodo.18180184,RS_derived
SAIH_AFF_r31c38,31,38,117.330655,42.315272,0.209,0.2648,0.3238,0.5836,0.214,0.5598,0.3457,0.01041,2020,2010,0,afforested,CLCD_v01_Yang_Huang_zenodo.18180184,RS_derived
SAIH_AFF_r31c39,31,39,117.342705,42.315272,0.021,0.0298,0.0552,0.2813,0.021,0.2619,0.2409,0.00807,0,0,0,non_forest,CLCD_v01_Yang_Huang_zenodo.18180184,RS_derived
SAIH_AFF_r31c40,31,40,117.354756,42.315272,0.1605,0.1659,0.293,0.733,0.1605,0.6854,0.5249,0.01744,2016,2011,0,afforested,CLCD_v01_Yang_Huang_zenodo.18180184,RS_derived
SAIH_AFF_r31c41,31,41,117.366807,42.315272,0.0132,0.0154,0.1473,0.5792,0.0132,0.5494,0.5361,0.01803,2020,2014,0,afforested,CLCD_v01_Yang_Huang_zenodo.18180184,RS_derived
SAIH_AFF_r31c42,31,42,117.378858,42.315272,0.0039,0.0039,0.3651,0.5345,0.0039,0.5272,0.5233,0.01901,2020,2009,0,afforested,CLCD_v01_Yang_Huang_zenodo.18180184,RS_derived
SAIH_AFF_r31c43,31,43,117.390908,42.315272,0.0,0.0,0.1164,0.1936,0.0,0.191,0.191,0.00696,0,0,0,non_forest,CLCD_v01_Yang_Huang_zenodo.18180184,RS_derived
SAIH_AFF_r31c44,31,44,117.402959,42.315272,0.0331,0.0496,0.1329,0.2394,0.0427,0.2274,0.1847,0.00633,0,0,0,non_forest,CLCD_v01_Yang_Huang_zenodo.18180184,RS_derived
SAIH_AFF_r31c45,31,45,117.41501,42.315272,0.4638,0.6578,0.7357,0.7481,0.5569,0.7141,0.1571,0.00544,1990,1985,0,stable_forest,CLCD_v01_Yang_Huang_zenodo.18180184,RS_derived
SAIH_AFF_r31c46,31,46,117.427061,42.315272,0.5962,0.7943,0.8274,0.8279,0.7153,0.7964,0.0811,0.00313,1985,1985,1,stable_forest,CLCD_v01_Yang_Huang_zenodo.18180184,RS_derived
SAIH_AFF_r31c47,31,47,117.439112,42.315272,0.7601,0.8842,0.9211,0.9415,0.8315,0.9429,0.1115,0.00373,1985,1985,1,stable_forest,CLCD_v01_Yang_Huang_zenodo.18180184,RS_derived
SAIH_AFF_r31c48,31,48,117.451162,42.315272,0.8764,0.9206,0.9581,0.9432,0.9121,0.9507,0.0387,0.00159,1985,1985,1,stable_forest,CLCD_v01_Yang_Huang_zenodo.18180184,RS_derived
SAIH_AFF_r31c49,31,49,117.463213,42.315272,0.9327,0.9636,0.9774,0.9664,0.9546,0.9703,0.0157,0.00064,1985,1985,1,stable_forest,CLCD_v01_Yang_Huang_zenodo.18180184,RS_derived
SAIH_AFF_r31c50,31,50,117.475264,42.315272,0.8249,0.8616,0.8968,0.9368,0.8508,0.9359,0.085,0.00284,1985,1985,1,stable_forest,CLCD_v01_Yang_Huang_zenodo.18180184,RS_derived
SAIH_AFF_r31c51,31,51,117.487315,42.315272,0.4065,0.5466,0.6238,0.7402,0.509,0.7311,0.2221,0.00718,1991,1985,0,stable_forest,CLCD_v01_Yang_Huang_zenodo.18180184,RS_derived
SAIH_AFF_r31c52,31,52,117.499365,42.315272,0.3254,0.46,0.5003,0.6393,0.404,0.6185,0.2145,0.0065,2010,1985,0,partial_forest,CLCD_v01_Yang_Huang_zenodo.18180184,RS_derived
SAIH_AFF_r31c53,31,53,117.511416,42.315272,0.6365,0.706,0.7209,0.743,0.6924,0.7404,0.048,0.00162,1985,1985,1,stable_forest,CLCD_v01_Yang_Huang_zenodo.18180184,RS_derived
SAIH_AFF_r31c54,31,54,117.523467,42.315272,0.4937,0.6056,0.6277,0.6602,0.558,0.6478,0.0898,0.00288,1990,1985,0,stable_forest,CLCD_v01_Yang_Huang_zenodo.18180184,RS_derived
SAIH_AFF_r31c55,31,55,117.535518,42.315272,0.6054,0.6773,0.8827,0.9324,0.6432,0.9258,0.2826,0.01036,1985,1985,1,stable_forest,CLCD_v01_Yang_Huang_zenodo.18180184,RS_derived
SAIH_AFF_r31c56,31,56,117.547568,42.315272,0.8588,0.8792,0.957,0.9636,0.8755,0.9629,0.0874,0.00333,1985,1985,1,stable_forest,CLCD_v01_Yang_Huang_zenodo.18180184,RS_derived
SAIH_AFF_r31c57,31,57,117.559619,42.315272,0.5703,0.5819,0.6266,0.6911,0.5755,0.6867,0.1112,0.00363,1985,1985,1,stable_forest,CLCD_v01_Yang_Huang_zenodo.18180184,RS_derived
SAIH_AFF_r31c58,31,58,117.57167,42.315272,0.4584,0.5141,0.545,0.626,0.4909,0.6127,0.1218,0.00385,1993,1985,0,partial_forest,CLCD_v01_Yang_Huang_zenodo.18180184,RS_derived
SAIH_AFF_r31c59,31,59,117.583721,42.315272,0.3149,0.396,0.4269,0.4915,0.3696,0.4875,0.1179,0.00365,0,1985,0,partial_forest,CLCD_v01_Yang_Huang_zenodo.18180184,RS_derived
SAIH_AFF_r31c60,31,60,117.595772,42.315272,0.1097,0.1946,0.1978,0.22,0.167,0.2193,0.0523,0.00162,0,0,0,non_forest,CLCD_v01_Yang_Huang_zenodo.18180184,RS_derived
SAIH_AFF_r32c05,32,5,116.932979,42.306233,0.0,0.0037,0.0421,0.2421,0.0,0.2378,0.2378,0.00771,0,0,0,non_forest,CLCD_v01_Yang_Huang_zenodo.18180184,RS_derived
SAIH_AFF_r32c06,32,6,116.94503,42.306233,0.0,0.0016,0.0725,0.1112,0.0,0.1082,0.1082,0.00395,0,0,0,non_forest,CLCD_v01_Yang_Huang_zenodo.18180184,RS_derived
SAIH_AFF_r32c15,32,15,117.053487,42.306233,0.1168,0.1658,0.19,0.2842,0.1315,0.2676,0.1361,0.00406,0,0,0,non_forest,CLCD_v01_Yang_Huang_zenodo.18180184,RS_derived
SAIH_AFF_r32c16,32,16,117.065538,42.306233,0.2288,0.2626,0.2814,0.37,0.2396,0.3583,0.1187,0.00356,0,2014,0,partial_forest,CLCD_v01_Yang_Huang_zenodo.18180184,RS_derived
SAIH_AFF_r32c20,32,20,117.113741,42.306233,0.1521,0.1684,0.2079,0.2958,0.1531,0.2936,0.1405,0.00463,0,0,0,non_forest,CLCD_v01_Yang_Huang_zenodo.18180184,RS_derived
SAIH_AFF_r32c24,32,24,117.161944,42.306233,0.0097,0.0134,0.102,0.4603,0.0106,0.4339,0.4234,0.01443,0,2015,0,partial_forest,CLCD_v01_Yang_Huang_zenodo.18180184,RS_derived
SAIH_AFF_r32c25,32,25,117.173995,42.306233,0.0511,0.0737,0.1289,0.5416,0.0533,0.5161,0.4628,0.01498,2022,2015,0,afforested,CLCD_v01_Yang_Huang_zenodo.18180184,RS_derived
SAIH_AFF_r32c26,32,26,117.186045,42.306233,0.0,0.2293,0.3008,0.6375,0.0061,0.6271,0.621,0.01845,2017,2010,0,afforested,CLCD_v01_Yang_Huang_zenodo.18180184,RS_derived
SAIH_AFF_r32c27,32,27,117.198096,42.306233,0.0,0.0156,0.0467,0.3142,0.0,0.296,0.296,0.00862,0,2022,0,non_forest,CLCD_v01_Yang_Huang_zenodo.18180184,RS_derived
SAIH_AFF_r32c28,32,28,117.210147,42.306233,0.0021,0.0741,0.2019,0.5285,0.0021,0.5286,0.5264,0.01761,2018,2015,0,afforested,CLCD_v01_Yang_Huang_zenodo.18180184,RS_derived
SAIH_AFF_r32c29,32,29,117.222198,42.306233,0.0,0.0005,0.0757,0.4098,0.0,0.3688,0.3688,0.01224,0,2016,0,partial_forest,CLCD_v01_Yang_Huang_zenodo.18180184,RS_derived
SAIH_AFF_r32c30,32,30,117.234248,42.306233,0.0063,0.0153,0.1811,0.5026,0.0063,0.4806,0.4743,0.01656,2025,2015,0,partial_forest,CLCD_v01_Yang_Huang_zenodo.18180184,RS_derived
SAIH_AFF_r32c31,32,31,117.246299,42.306233,0.0091,0.0177,0.196,0.5124,0.0091,0.4908,0.4817,0.0167,2023,2015,0,partial_forest,CLCD_v01_Yang_Huang_zenodo.18180184,RS_derived
SAIH_AFF_r32c32,32,32,117.25835,42.306233,0.0639,0.0763,0.1165,0.2589,0.0653,0.2456,0.1803,0.00601,0,0,0,non_forest,CLCD_v01_Yang_Huang_zenodo.18180184,RS_derived
SAIH_AFF_r32c33,32,33,117.270401,42.306233,0.0602,0.0693,0.1708,0.4055,0.0634,0.3844,0.321,0.01069,0,2016,0,partial_forest,CLCD_v01_Yang_Huang_zenodo.18180184,RS_derived
SAIH_AFF_r32c34,32,34,117.282452,42.306233,0.0478,0.0585,0.1713,0.2535,0.0478,0.2462,0.1984,0.0071,0,0,0,non_forest,CLCD_v01_Yang_Huang_zenodo.18180184,RS_derived
SAIH_AFF_r32c35,32,35,117.294502,42.306233,0.0616,0.0858,0.3305,0.5737,0.0616,0.5664,0.5048,0.0179,2016,2008,0,afforested,CLCD_v01_Yang_Huang_zenodo.18180184,RS_derived
SAIH_AFF_r32c36,32,36,117.306553,42.306233,0.2567,0.2948,0.594,0.7535,0.2572,0.7424,0.4852,0.01744,2007,2002,0,afforested,CLCD_v01_Yang_Huang_zenodo.18180184,RS_derived
SAIH_AFF_r32c37,32,37,117.318604,42.306233,0.1627,0.1805,0.4388,0.6885,0.1726,0.6789,0.5063,0.01825,2013,2007,0,afforested,CLCD_v01_Yang_Huang_zenodo.18180184,RS_derived
SAIH_AFF_r32c38,32,38,117.330655,42.306233,0.3813,0.4151,0.4973,0.5929,0.3823,0.5763,0.194,0.00633,2012,1985,0,partial_forest,CLCD_v01_Yang_Huang_zenodo.18180184,RS_derived
SAIH_AFF_r32c39,32,39,117.342705,42.306233,0.036,0.0618,0.2041,0.5859,0.0382,0.567,0.5288,0.01806,2017,2013,0,afforested,CLCD_v01_Yang_Huang_zenodo.18180184,RS_derived
SAIH_AFF_r32c40,32,40,117.354756,42.306233,0.0105,0.0121,0.0958,0.6242,0.0105,0.596,0.5854,0.01944,2017,2015,0,afforested,CLCD_v01_Yang_Huang_zenodo.18180184,RS_derived
SAIH_AFF_r32c41,32,41,117.366807,42.306233,0.0,0.0,0.1074,0.3829,0.0,0.372,0.372,0.01247,0,2017,0,partial_forest,CLCD_v01_Yang_Huang_zenodo.18180184,RS_derived
SAIH_AFF_r32c42,32,42,117.378858,42.306233,0.0419,0.0446,0.3072,0.4495,0.0419,0.4336,0.3917,0.01441,0,2010,0,partial_forest,CLCD_v01_Yang_Huang_zenodo.18180184,RS_derived
SAIH_AFF_r32c44,32,44,117.402959,42.306233,0.1541,0.2728,0.4592,0.6257,0.2036,0.6165,0.4129,0.01449,2014,2004,0,afforested,CLCD_v01_Yang_Huang_zenodo.18180184,RS_derived
SAIH_AFF_r32c45,32,45,117.41501,42.306233,0.3311,0.4926,0.6605,0.7458,0.4126,0.6868,0.2743,0.01,2003,1985,0,partial_forest,CLCD_v01_Yang_Huang_zenodo.18180184,RS_derived
SAIH_AFF_r32c46,32,46,117.427061,42.306233,0.7213,0.7814,0.8829,0.9393,0.7577,0.9322,0.1745,0.00591,1985,1985,1,stable_forest,CLCD_v01_Yang_Huang_zenodo.18180184,RS_derived
SAIH_AFF_r32c47,32,47,117.439112,42.306233,0.6284,0.7476,0.8008,0.8534,0.7052,0.8527,0.1475,0.00497,1985,1985,1,stable_forest,CLCD_v01_Yang_Huang_zenodo.18180184,RS_derived
SAIH_AFF_r32c48,32,48,117.451162,42.306233,0.688,0.7841,0.8314,0.8405,0.7636,0.8404,0.0768,0.00277,1985,1985,1,stable_forest,CLCD_v01_Yang_Huang_zenodo.18180184,RS_derived
SAIH_AFF_r32c49,32,49,117.463213,42.306233,0.7922,0.8781,0.9264,0.9194,0.8582,0.9243,0.0661,0.00245,1985,1985,1,stable_forest,CLCD_v01_Yang_Huang_zenodo.18180184,RS_derived
SAIH_AFF_r32c50,32,50,117.475264,42.306233,0.6684,0.72,0.7684,0.8189,0.7089,0.8168,0.1079,0.00355,1985,1985,1,stable_forest,CLCD_v01_Yang_Huang_zenodo.18180184,RS_derived
SAIH_AFF_r32c51,32,51,117.487315,42.306233,0.8953,0.9372,0.9522,0.9683,0.9254,0.964,0.0386,0.00127,1985,1985,1,stable_forest,CLCD_v01_Yang_Huang_zenodo.18180184,RS_derived
SAIH_AFF_r32c52,32,52,117.499365,42.306233,0.7723,0.841,0.8571,0.8727,0.8186,0.8702,0.0516,0.00171,1985,1985,1,stable_forest,CLCD_v01_Yang_Huang_zenodo.18180184,RS_derived
SAIH_AFF_r32c53,32,53,117.511416,42.306233,0.3115,0.3953,0.4533,0.5553,0.3797,0.5503,0.1706,0.0056,2017,1985,0,partial_forest,CLCD_v01_Yang_Huang_zenodo.18180184,RS_derived
SAIH_AFF_r32c54,32,54,117.523467,42.306233,0.6638,0.834,0.891,0.9151,0.6836,0.9148,0.2312,0.0076,1985,1985,1,stable_forest,CLCD_v01_Yang_Huang_zenodo.18180184,RS_derived
SAIH_AFF_r32c55,32,55,117.535518,42.306233,0.5368,0.6721,0.7421,0.8274,0.5827,0.8148,0.2321,0.00781,1985,1985,1,stable_forest,CLCD_v01_Yang_Huang_zenodo.18180184,RS_derived
SAIH_AFF_r32c56,32,56,117.547568,42.306233,0.486,0.6251,0.8238,0.9243,0.5406,0.9093,0.3687,0.01323,1990,1985,0,stable_forest,CLCD_v01_Yang_Huang_zenodo.18180184,RS_derived
SAIH_AFF_r32c57,32,57,117.559619,42.306233,0.5666,0.6681,0.7368,0.7766,0.6196,0.7748,0.1552,0.00544,1985,1985,1,stable_forest,CLCD_v01_Yang_Huang_zenodo.18180184,RS_derived
SAIH_AFF_r32c58,32,58,117.57167,42.306233,0.6971,0.7277,0.7664,0.8136,0.7181,0.8095,0.0914,0.00305,1985,1985,1,stable_forest,CLCD_v01_Yang_Huang_zenodo.18180184,RS_derived
SAIH_AFF_r32c59,32,59,117.583721,42.306233,0.4952,0.5505,0.5811,0.7148,0.5321,0.7048,0.1727,0.00521,1990,1985,0,stable_forest,CLCD_v01_Yang_Huang_zenodo.18180184,RS_derived
SAIH_AFF_r32c60,32,60,117.595772,42.306233,0.6358,0.7237,0.7442,0.8658,0.6977,0.8546,0.157,0.00508,1985,1985,1,stable_forest,CLCD_v01_Yang_Huang_zenodo.18180184,RS_derived
SAIH_AFF_r32c61,32,61,117.607822,42.306233,0.4796,0.5505,0.6224,0.6713,0.5255,0.671,0.1455,0.00531,1991,1985,0,stable_forest,CLCD_v01_Yang_Huang_zenodo.18180184,RS_derived
SAIH_AFF_r32c62,32,62,117.619873,42.306233,0.0983,0.1778,0.2154,0.2374,0.1554,0.2453,0.09,0.00336,0,0,0,non_forest,CLCD_v01_Yang_Huang_zenodo.18180184,RS_derived
SAIH_AFF_r32c63,32,63,117.631924,42.306233,0.4662,0.6686,0.7229,0.8088,0.5996,0.7926,0.193,0.00626,1990,1985,0,stable_forest,CLCD_v01_Yang_Huang_zenodo.18180184,RS_derived
SAIH_AFF_r32c64,32,64,117.643975,42.306233,0.3268,0.4284,0.5547,0.7537,0.3656,0.7391,0.3735,0.01219,2004,1985,0,partial_forest,CLCD_v01_Yang_Huang_zenodo.18180184,RS_derived
SAIH_AFF_r33c09,33,9,116.981182,42.297194,0.0033,0.005,0.0585,0.4732,0.0033,0.4273,0.424,0.0127,0,2019,0,partial_forest,CLCD_v01_Yang_Huang_zenodo.18180184,RS_derived
SAIH_AFF_r33c15,33,15,117.053487,42.297194,0.1827,0.2189,0.2805,0.3535,0.1918,0.3463,0.1545,0.00518,0,2015,0,partial_forest,CLCD_v01_Yang_Huang_zenodo.18180184,RS_derived
SAIH_AFF_r33c16,33,16,117.065538,42.297194,0.1191,0.155,0.2035,0.3265,0.1272,0.3087,0.1815,0.00556,0,2022,0,partial_forest,CLCD_v01_Yang_Huang_zenodo.18180184,RS_derived
SAIH_AFF_r33c23,33,23,117.149893,42.297194,0.0243,0.0767,0.2157,0.3001,0.0285,0.2855,0.257,0.00895,0,2025,0,non_forest,CLCD_v01_Yang_Huang_zenodo.18180184,RS_derived
SAIH_AFF_r33c24,33,24,117.161944,42.297194,0.0033,0.0375,0.1467,0.4004,0.0033,0.3855,0.3821,0.01314,0,2015,0,partial_forest,CLCD_v01_Yang_Huang_zenodo.18180184,RS_derived
SAIH_AFF_r33c25,33,25,117.173995,42.297194,0.0,0.0065,0.1784,0.7292,0.0,0.7134,0.7134,0.02524,2015,2013,0,afforested,CLCD_v01_Yang_Huang_zenodo.18180184,RS_derived
SAIH_AFF_r33c26,33,26,117.186045,42.297194,0.0,0.4479,0.5041,0.5841,0.002,0.5777,0.5756,0.01678,2008,1998,0,afforested,CLCD_v01_Yang_Huang_zenodo.18180184,RS_derived
SAIH_AFF_r33c27,33,27,117.198096,42.297194,0.0,0.0739,0.1219,0.5433,0.0,0.5267,0.5267,0.01724,2017,2015,0,afforested,CLCD_v01_Yang_Huang_zenodo.18180184,RS_derived
SAIH_AFF_r33c28,33,28,117.210147,42.297194,0.0,0.0,0.0822,0.4148,0.0,0.376,0.376,0.012,0,2018,0,partial_forest,CLCD_v01_Yang_Huang_zenodo.18180184,RS_derived
SAIH_AFF_r33c29,33,29,117.222198,42.297194,0.0,0.0,0.0165,0.2499,0.0,0.218,0.218,0.00632,0,0,0,non_forest,CLCD_v01_Yang_Huang_zenodo.18180184,RS_derived
SAIH_AFF_r33c30,33,30,117.234248,42.297194,0.0,0.0038,0.0454,0.1984,0.0,0.1768,0.1768,0.00557,0,0,0,non_forest,CLCD_v01_Yang_Huang_zenodo.18180184,RS_derived
SAIH_AFF_r33c31,33,31,117.246299,42.297194,0.0347,0.0579,0.1925,0.2945,0.0352,0.2857,0.2505,0.00874,0,0,0,non_forest,CLCD_v01_Yang_Huang_zenodo.18180184,RS_derived
SAIH_AFF_r33c32,33,32,117.25835,42.297194,0.0535,0.0772,0.1318,0.2471,0.0584,0.2441,0.1857,0.0061,0,0,0,non_forest,CLCD_v01_Yang_Huang_zenodo.18180184,RS_derived
SAIH_AFF_r33c33,33,33,117.270401,42.297194,0.1919,0.2322,0.3326,0.5163,0.1954,0.4775,0.2821,0.00879,2025,2009,0,partial_forest,CLCD_v01_Yang_Huang_zenodo.18180184,RS_derived
SAIH_AFF_r33c34,33,34,117.282452,42.297194,0.1191,0.1379,0.406,0.7038,0.1201,0.6828,0.5628,0.0196,2015,2008,0,afforested,CLCD_v01_Yang_Huang_zenodo.18180184,RS_derived
SAIH_AFF_r33c35,33,35,117.294502,42.297194,0.0541,0.0562,0.3968,0.6995,0.0541,0.689,0.635,0.02292,2015,2009,0,afforested,CLCD_v01_Yang_Huang_zenodo.18180184,RS_derived
SAIH_AFF_r33c36,33,36,117.306553,42.297194,0.1997,0.23,0.6001,0.7722,0.2052,0.7649,0.5598,0.02062,2008,2005,0,afforested,CLCD_v01_Yang_Huang_zenodo.18180184,RS_derived
SAIH_AFF_r33c37,33,37,117.318604,42.297194,0.0894,0.0971,0.3878,0.5438,0.0898,0.5308,0.441,0.01628,2016,2007,0,afforested,CLCD_v01_Yang_Huang_zenodo.18180184,RS_derived
SAIH_AFF_r33c38,33,38,117.330655,42.297194,0.0894,0.1037,0.3001,0.4357,0.0933,0.4046,0.3113,0.01124,0,2010,0,partial_forest,CLCD_v01_Yang_Huang_zenodo.18180184,RS_derived
SAIH_AFF_r33c40,33,40,117.354756,42.297194,0.0389,0.0443,0.1422,0.3816,0.0389,0.3744,0.3355,0.01141,0,2016,0,partial_forest,CLCD_v01_Yang_Huang_zenodo.18180184,RS_derived
SAIH_AFF_r33c41,33,41,117.366807,42.297194,0.0353,0.0408,0.0927,0.3376,0.0362,0.3232,0.287,0.00929,0,2021,0,partial_forest,CLCD_v01_Yang_Huang_zenodo.18180184,RS_derived
SAIH_AFF_r33c42,33,42,117.378858,42.297194,0.0292,0.0292,0.3999,0.5803,0.0292,0.5508,0.5216,0.01896,2020,2008,0,afforested,CLCD_v01_Yang_Huang_zenodo.18180184,RS_derived
SAIH_AFF_r33c43,33,43,117.390908,42.297194,0.2581,0.3122,0.4429,0.5251,0.2781,0.5228,0.2446,0.00886,2015,1998,0,afforested,CLCD_v01_Yang_Huang_zenodo.18180184,RS_derived
SAIH_AFF_r33c44,33,44,117.402959,42.297194,0.6304,0.7871,0.8753,0.9404,0.7257,0.9324,0.2067,0.00726,1985,1985,1,stable_forest,CLCD_v01_Yang_Huang_zenodo.18180184,RS_derived
SAIH_AFF_r33c45,33,45,117.41501,42.297194,0.3611,0.447,0.5719,0.8022,0.4273,0.7661,0.3388,0.01142,2005,1985,0,partial_forest,CLCD_v01_Yang_Huang_zenodo.18180184,RS_derived
SAIH_AFF_r33c46,33,46,117.427061,42.297194,0.2625,0.3999,0.6304,0.8682,0.3242,0.8462,0.522,0.01757,2005,1990,0,partial_forest,CLCD_v01_Yang_Huang_zenodo.18180184,RS_derived
SAIH_AFF_r33c47,33,47,117.439112,42.297194,0.6922,0.7606,0.7871,0.8522,0.7422,0.8513,0.1091,0.0036,1985,1985,1,stable_forest,CLCD_v01_Yang_Huang_zenodo.18180184,RS_derived
SAIH_AFF_r33c48,33,48,117.451162,42.297194,0.5891,0.6917,0.7071,0.7154,0.667,0.7154,0.0484,0.00164,1985,1985,1,stable_forest,CLCD_v01_Yang_Huang_zenodo.18180184,RS_derived
SAIH_AFF_r33c49,33,49,117.463213,42.297194,0.4959,0.5731,0.5786,0.5841,0.5563,0.5837,0.0274,0.0009,1990,1985,0,stable_forest,CLCD_v01_Yang_Huang_zenodo.18180184,RS_derived
SAIH_AFF_r33c50,33,50,117.475264,42.297194,0.7816,0.8254,0.8859,0.9205,0.818,0.9187,0.1007,0.00357,1985,1985,1,stable_forest,CLCD_v01_Yang_Huang_zenodo.18180184,RS_derived
SAIH_AFF_r33c51,33,51,117.487315,42.297194,0.5405,0.6029,0.6817,0.872,0.5916,0.8611,0.2695,0.00895,1985,1985,1,stable_forest,CLCD_v01_Yang_Huang_zenodo.18180184,RS_derived
SAIH_AFF_r33c52,33,52,117.499365,42.297194,0.6448,0.6972,0.738,0.829,0.6719,0.8188,0.1469,0.00466,1985,1985,1,stable_forest,CLCD_v01_Yang_Huang_zenodo.18180184,RS_derived
SAIH_AFF_r33c53,33,53,117.511416,42.297194,0.3017,0.3541,0.3839,0.4357,0.3373,0.43,0.0927,0.00295,0,1985,0,partial_forest,CLCD_v01_Yang_Huang_zenodo.18180184,RS_derived
SAIH_AFF_r33c54,33,54,117.523467,42.297194,0.3789,0.4639,0.5119,0.6795,0.4392,0.6735,0.2343,0.00701,2008,1985,0,partial_forest,CLCD_v01_Yang_Huang_zenodo.18180184,RS_derived
SAIH_AFF_r33c55,33,55,117.535518,42.297194,0.3995,0.5259,0.6746,0.7303,0.4609,0.7297,0.2688,0.00961,2000,1985,0,partial_forest,CLCD_v01_Yang_Huang_zenodo.18180184,RS_derived
SAIH_AFF_r33c56,33,56,117.547568,42.297194,0.5422,0.5836,0.6646,0.8103,0.5662,0.8076,0.2414,0.00841,1985,1985,1,stable_forest,CLCD_v01_Yang_Huang_zenodo.18180184,RS_derived
SAIH_AFF_r33c57,33,57,117.559619,42.297194,0.5174,0.5521,0.647,0.7319,0.5323,0.7295,0.1972,0.00691,1985,1985,1,stable_forest,CLCD_v01_Yang_Huang_zenodo.18180184,RS_derived
SAIH_AFF_r33c58,33,58,117.57167,42.297194,0.3133,0.342,0.4617,0.5571,0.3362,0.5504,0.2142,0.00759,2015,1985,0,partial_forest,CLCD_v01_Yang_Huang_zenodo.18180184,RS_derived
SAIH_AFF_r33c59,33,59,117.583721,42.297194,0.5576,0.5692,0.6542,0.8461,0.5673,0.8423,0.2749,0.00975,1985,1985,1,stable_forest,CLCD_v01_Yang_Huang_zenodo.18180184,RS_derived
SAIH_AFF_r33c60,33,60,117.595772,42.297194,0.4059,0.433,0.4665,0.6454,0.4268,0.6401,0.2133,0.0069,2014,1985,0,partial_forest,CLCD_v01_Yang_Huang_zenodo.18180184,RS_derived
SAIH_AFF_r33c61,33,61,117.607822,42.297194,0.2063,0.3414,0.3596,0.4661,0.309,0.46,0.1511,0.0051,0,1992,0,partial_forest,CLCD_v01_Yang_Huang_zenodo.18180184,RS_derived
SAIH_AFF_r33c62,33,62,117.619873,42.297194,0.6133,0.7887,0.8478,0.8549,0.7392,0.8474,0.1082,0.00421,1985,1985,1,stable_forest,CLCD_v01_Yang_Huang_zenodo.18180184,RS_derived
SAIH_AFF_r33c63,33,63,117.631924,42.297194,0.6806,0.7441,0.9035,0.9498,0.7148,0.9457,0.2309,0.00838,1985,1985,1,stable_forest,CLCD_v01_Yang_Huang_zenodo.18180184,RS_derived
SAIH_AFF_r33c64,33,64,117.643975,42.297194,0.4043,0.4946,0.6546,0.6627,0.4074,0.6622,0.2547,0.00927,2002,1985,0,partial_forest,CLCD_v01_Yang_Huang_zenodo.18180184,RS_derived
SAIH_AFF_r34c12,34,12,117.017335,42.288155,0.0088,0.0182,0.0656,0.1969,0.0121,0.1696,0.1575,0.0049,0,0,0,non_forest,CLCD_v01_Yang_Huang_zenodo.18180184,RS_derived
SAIH_AFF_r34c13,34,13,117.029385,42.288155,0.0099,0.0177,0.1158,0.2173,0.0145,0.2033,0.1888,0.00641,0,0,0,non_forest,CLCD_v01_Yang_Huang_zenodo.18180184,RS_derived
SAIH_AFF_r34c22,34,22,117.137842,42.288155,0.0381,0.0816,0.176,0.5003,0.0396,0.4863,0.4467,0.01483,2024,2015,0,partial_forest,CLCD_v01_Yang_Huang_zenodo.18180184,RS_derived
SAIH_AFF_r34c23,34,23,117.149893,42.288155,0.0496,0.1434,0.2581,0.4247,0.0563,0.4067,0.3504,0.01144,0,2015,0,partial_forest,CLCD_v01_Yang_Huang_zenodo.18180184,RS_derived
SAIH_AFF_r34c24,34,24,117.161944,42.288155,0.0,0.0452,0.1853,0.3238,0.0,0.3118,0.3118,0.01078,0,2018,0,partial_forest,CLCD_v01_Yang_Huang_zenodo.18180184,RS_derived
SAIH_AFF_r34c27,34,27,117.198096,42.288155,0.0017,0.005,0.0116,0.2394,0.0017,0.2144,0.2127,0.00628,0,0,0,non_forest,CLCD_v01_Yang_Huang_zenodo.18180184,RS_derived
SAIH_AFF_r34c28,34,28,117.210147,42.288155,0.0,0.0,0.1611,0.4744,0.0,0.4515,0.4515,0.01591,0,2015,0,partial_forest,CLCD_v01_Yang_Huang_zenodo.18180184,RS_derived
SAIH_AFF_r34c29,34,29,117.222198,42.288155,0.0,0.0,0.0061,0.2741,0.0,0.2529,0.2529,0.00799,0,0,0,non_forest,CLCD_v01_Yang_Huang_zenodo.18180184,RS_derived
SAIH_AFF_r34c30,34,30,117.234248,42.288155,0.0,0.0,0.0303,0.3751,0.0,0.3525,0.3525,0.01116,0,2017,0,partial_forest,CLCD_v01_Yang_Huang_zenodo.18180184,RS_derived
SAIH_AFF_r34c31,34,31,117.246299,42.288155,0.0794,0.1153,0.1699,0.1964,0.0862,0.1949,0.1087,0.0037,0,0,0,non_forest,CLCD_v01_Yang_Huang_zenodo.18180184,RS_derived
SAIH_AFF_r34c32,34,32,117.25835,42.288155,0.0171,0.027,0.0987,0.401,0.0189,0.3933,0.3744,0.01263,0,2016,0,partial_forest,CLCD_v01_Yang_Huang_zenodo.18180184,RS_derived
SAIH_AFF_r34c33,34,33,117.270401,42.288155,0.011,0.0149,0.043,0.2223,0.011,0.1996,0.1885,0.00575,0,0,0,non_forest,CLCD_v01_Yang_Huang_zenodo.18180184,RS_derived
SAIH_AFF_r34c34,34,34,117.282452,42.288155,0.1594,0.1748,0.3232,0.6928,0.1607,0.6583,0.4976,0.01624,2016,2010,0,afforested,CLCD_v01_Yang_Huang_zenodo.18180184,RS_derived
SAIH_AFF_r34c35,34,35,117.294502,42.288155,0.3054,0.3232,0.6005,0.9168,0.3054,0.8885,0.5831,0.02061,2010,1985,0,partial_forest,CLCD_v01_Yang_Huang_zenodo.18180184,RS_derived
SAIH_AFF_r34c36,34,36,117.306553,42.288155,0.1004,0.1054,0.5367,0.7386,0.1016,0.7374,0.6357,0.02382,2010,2008,0,afforested,CLCD_v01_Yang_Huang_zenodo.18180184,RS_derived
SAIH_AFF_r34c38,34,38,117.330655,42.288155,0.0006,0.0006,0.0342,0.2394,0.0006,0.2219,0.2214,0.00735,0,0,0,non_forest,CLCD_v01_Yang_Huang_zenodo.18180184,RS_derived
SAIH_AFF_r34c39,34,39,117.342705,42.288155,0.0232,0.0254,0.0838,0.2637,0.0232,0.2368,0.2136,0.00685,0,0,0,non_forest,CLCD_v01_Yang_Huang_zenodo.18180184,RS_derived
SAIH_AFF_r34c42,34,42,117.378858,42.288155,0.1324,0.1809,0.241,0.3392,0.154,0.3312,0.1773,0.00613,0,2015,0,partial_forest,CLCD_v01_Yang_Huang_zenodo.18180184,RS_derived
SAIH_AFF_r34c43,34,43,117.390908,42.288155,0.7981,0.877,0.9173,0.9614,0.8447,0.958,0.1133,0.00379,1985,1985,1,stable_forest,CLCD_v01_Yang_Huang_zenodo.18180184,RS_derived
SAIH_AFF_r34c44,34,44,117.402959,42.288155,0.727,0.7959,0.8489,0.9531,0.7737,0.9503,0.1766,0.00601,1985,1985,1,stable_forest,CLCD_v01_Yang_Huang_zenodo.18180184,RS_derived
SAIH_AFF_r34c45,34,45,117.41501,42.288155,0.6816,0.7573,0.787,0.8481,0.7358,0.8459,0.11,0.00365,1985,1985,1,stable_forest,CLCD_v01_Yang_Huang_zenodo.18180184,RS_derived
SAIH_AFF_r34c46,34,46,117.427061,42.288155,0.4418,0.6056,0.6624,0.7457,0.5438,0.7425,0.1987,0.00648,1990,1985,0,stable_forest,CLCD_v01_Yang_Huang_zenodo.18180184,RS_derived
SAIH_AFF_r34c47,34,47,117.439112,42.288155,0.4567,0.5604,0.6139,0.7634,0.5305,0.7372,0.2067,0.00638,1990,1985,0,stable_forest,CLCD_v01_Yang_Huang_zenodo.18180184,RS_derived
SAIH_AFF_r34c48,34,48,117.451162,42.288155,0.3221,0.3679,0.428,0.4688,0.351,0.4675,0.1165,0.00408,0,1985,0,partial_forest,CLCD_v01_Yang_Huang_zenodo.18180184,RS_derived
SAIH_AFF_r34c49,34,49,117.463213,42.288155,0.5488,0.6387,0.6558,0.7055,0.6181,0.701,0.083,0.00268,1985,1985,1,stable_forest,CLCD_v01_Yang_Huang_zenodo.18180184,RS_derived
SAIH_AFF_r34c50,34,50,117.475264,42.288155,0.3308,0.3827,0.4022,0.5757,0.3612,0.5694,0.2082,0.00638,2017,1985,0,partial_forest,CLCD_v01_Yang_Huang_zenodo.18180184,RS_derived
SAIH_AFF_r34c51,34,51,117.487315,42.288155,0.3012,0.3508,0.4694,0.658,0.3278,0.6542,0.3264,0.01084,2015,1985,0,partial_forest,CLCD_v01_Yang_Huang_zenodo.18180184,RS_derived
SAIH_AFF_r34c52,34,52,117.499365,42.288155,0.3254,0.3552,0.5212,0.7308,0.3499,0.7228,0.3729,0.01276,2010,1985,0,partial_forest,CLCD_v01_Yang_Huang_zenodo.18180184,RS_derived
SAIH_AFF_r34c53,34,53,117.511416,42.288155,0.2813,0.2912,0.3701,0.5472,0.2864,0.5445,0.2581,0.00872,2017,2005,0,afforested,CLCD_v01_Yang_Huang_zenodo.18180184,RS_derived
SAIH_AFF_r34c54,34,54,117.523467,42.288155,0.4628,0.5372,0.5433,0.5852,0.5229,0.5851,0.0622,0.00195,1990,1985,0,stable_forest,CLCD_v01_Yang_Huang_zenodo.18180184,RS_derived
SAIH_AFF_r34c55,34,55,117.535518,42.288155,0.5335,0.6173,0.7351,0.8373,0.5782,0.8369,0.2587,0.00911,1985,1985,1,stable_forest,CLCD_v01_Yang_Huang_zenodo.18180184,RS_derived
SAIH_AFF_r34c56,34,56,117.547568,42.288155,0.6503,0.6696,0.7148,0.797,0.6563,0.7971,0.1408,0.00482,1985,1985,1,stable_forest,CLCD_v01_Yang_Huang_zenodo.18180184,RS_derived
SAIH_AFF_r34c57,34,57,117.559619,42.288155,0.6724,0.7192,0.7617,0.7755,0.7068,0.7744,0.0676,0.00241,1985,1985,1,stable_forest,CLCD_v01_Yang_Huang_zenodo.18180184,RS_derived
SAIH_AFF_r34c58,34,58,117.57167,42.288155,0.3006,0.364,0.455,0.5174,0.3484,0.5135,0.1652,0.00572,2019,1985,0,partial_forest,CLCD_v01_Yang_Huang_zenodo.18180184,RS_derived
SAIH_AFF_r34c59,34,59,117.583721,42.288155,0.1346,0.1969,0.2157,0.4666,0.1845,0.4582,0.2737,0.00857,0,2014,0,partial_forest,CLCD_v01_Yang_Huang_zenodo.18180184,RS_derived
SAIH_AFF_r34c60,34,60,117.595772,42.288155,0.173,0.2649,0.2811,0.4324,0.2434,0.4295,0.1861,0.00621,0,2013,0,partial_forest,CLCD_v01_Yang_Huang_zenodo.18180184,RS_derived
SAIH_AFF_r34c61,34,61,117.607822,42.288155,0.5025,0.6961,0.7369,0.7391,0.6501,0.7478,0.0978,0.00364,1985,1985,1,stable_forest,CLCD_v01_Yang_Huang_zenodo.18180184,RS_derived
SAIH_AFF_r34c62,34,62,117.619873,42.288155,0.706,0.7876,0.8053,0.813,0.7716,0.8119,0.0403,0.00142,1985,1985,1,stable_forest,CLCD_v01_Yang_Huang_zenodo.18180184,RS_derived
SAIH_AFF_r34c63,34,63,117.631924,42.288155,0.1671,0.2454,0.2912,0.3828,0.2177,0.3786,0.1608,0.00541,0,2014,0,partial_forest,CLCD_v01_Yang_Huang_zenodo.18180184,RS_derived
SAIH_AFF_r34c64,34,64,117.643975,42.288155,0.1065,0.1389,0.1492,0.1816,0.131,0.1816,0.0507,0.00173,0,0,0,non_forest,CLCD_v01_Yang_Huang_zenodo.18180184,RS_derived
SAIH_AFF_r35c12,35,12,117.017335,42.279116,0.0662,0.0871,0.1699,0.2377,0.073,0.2199,0.1468,0.00498,0,0,0,non_forest,CLCD_v01_Yang_Huang_zenodo.18180184,RS_derived
SAIH_AFF_r35c13,35,13,117.029385,42.279116,0.0232,0.0425,0.1495,0.2019,0.0271,0.1924,0.1653,0.00575,0,0,0,non_forest,CLCD_v01_Yang_Huang_zenodo.18180184,RS_derived
SAIH_AFF_r35c14,35,14,117.041436,42.279116,0.0331,0.0359,0.0739,0.1026,0.0336,0.1055,0.072,0.0026,0,0,0,non_forest,CLCD_v01_Yang_Huang_zenodo.18180184,RS_derived
SAIH_AFF_r35c21,35,21,117.125792,42.279116,0.016,0.0927,0.1506,0.3094,0.0216,0.2951,0.2735,0.0083,0,2022,0,non_forest,CLCD_v01_Yang_Huang_zenodo.18180184,RS_derived
SAIH_AFF_r35c24,35,24,117.161944,42.279116,0.0,0.0022,0.0794,0.1782,0.0,0.1726,0.1726,0.00605,0,0,0,non_forest,CLCD_v01_Yang_Huang_zenodo.18180184,RS_derived
SAIH_AFF_r35c29,35,29,117.222198,42.279116,0.0088,0.0121,0.0237,0.3271,0.0098,0.2869,0.2771,0.0084,0,2023,0,non_forest,CLCD_v01_Yang_Huang_zenodo.18180184,RS_derived
SAIH_AFF_r35c30,35,30,117.234248,42.279116,0.0059,0.0092,0.0405,0.3086,0.0059,0.2341,0.2281,0.00676,0,2024,0,non_forest,CLCD_v01_Yang_Huang_zenodo.18180184,RS_derived
SAIH_AFF_r35c34,35,34,117.282452,42.279116,0.0767,0.0816,0.2317,0.5681,0.0776,0.5532,0.4756,0.01608,2019,2013,0,afforested,CLCD_v01_Yang_Huang_zenodo.18180184,RS_derived
SAIH_AFF_r35c35,35,35,117.294502,42.279116,0.4438,0.4822,0.5811,0.8178,0.4486,0.8069,0.3583,0.0121,2008,1985,0,partial_forest,CLCD_v01_Yang_Huang_zenodo.18180184,RS_derived
SAIH_AFF_r35c36,35,36,117.306553,42.279116,0.1429,0.1771,0.2819,0.3602,0.1443,0.3559,0.2116,0.00738,0,2014,0,partial_forest,CLCD_v01_Yang_Huang_zenodo.18180184,RS_derived
SAIH_AFF_r35c42,35,42,117.378858,42.279116,0.374,0.4197,0.4628,0.5097,0.4059,0.509,0.1031,0.00371,2016,1985,0,partial_forest,CLCD_v01_Yang_Huang_zenodo.18180184,RS_derived
SAIH_AFF_r35c43,35,43,117.390908,42.279116,0.8831,0.9294,0.9537,0.9774,0.9085,0.9761,0.0676,0.00224,1985,1985,1,stable_forest,CLCD_v01_Yang_Huang_zenodo.18180184,RS_derived
SAIH_AFF_r35c44,35,44,117.402959,42.279116,0.925,0.9647,0.9724,0.9851,0.9532,0.9847,0.0315,0.00102,1985,1985,1,stable_forest,CLCD_v01_Yang_Huang_zenodo.18180184,RS_derived
SAIH_AFF_r35c45,35,45,117.41501,42.279116,0.7481,0.8303,0.8449,0.9405,0.8034,0.9394,0.136,0.00409,1985,1985,1,stable_forest,CLCD_v01_Yang_Huang_zenodo.18180184,RS_derived
SAIH_AFF_r35c46,35,46,117.427061,42.279116,0.8329,0.9051,0.9095,0.9653,0.8881,0.9602,0.0721,0.00207,1985,1985,1,stable_forest,CLCD_v01_Yang_Huang_zenodo.18180184,RS_derived
SAIH_AFF_r35c47,35,47,117.439112,42.279116,0.8268,0.8748,0.8869,0.9233,0.862,0.9216,0.0596,0.00185,1985,1985,1,stable_forest,CLCD_v01_Yang_Huang_zenodo.18180184,RS_derived
SAIH_AFF_r35c48,35,48,117.451162,42.279116,0.866,0.8908,0.9101,0.9415,0.8802,0.9405,0.0604,0.00204,1985,1985,1,stable_forest,CLCD_v01_Yang_Huang_zenodo.18180184,RS_derived
SAIH_AFF_r35c49,35,49,117.463213,42.279116,0.3447,0.4937,0.5113,0.5703,0.4538,0.5645,0.1107,0.00342,2005,1985,0,partial_forest,CLCD_v01_Yang_Huang_zenodo.18180184,RS_derived
SAIH_AFF_r35c50,35,50,117.475264,42.279116,0.5184,0.5865,0.6762,0.8346,0.572,0.8341,0.2621,0.00897,1985,1985,1,stable_forest,CLCD_v01_Yang_Huang_zenodo.18180184,RS_derived
SAIH_AFF_r35c51,35,51,117.487315,42.279116,0.3028,0.3497,0.3707,0.5245,0.3384,0.5224,0.184,0.00569,2019,1985,0,partial_forest,CLCD_v01_Yang_Huang_zenodo.18180184,RS_derived
SAIH_AFF_r35c52,35,52,117.499365,42.279116,0.2019,0.2697,0.3072,0.5367,0.2524,0.5297,0.2773,0.00829,2020,2009,0,afforested,CLCD_v01_Yang_Huang_zenodo.18180184,RS_derived
SAIH_AFF_r35c53,35,53,117.511416,42.279116,0.1247,0.1793,0.2272,0.5698,0.182,0.5497,0.3677,0.01165,2020,2014,0,afforested,CLCD_v01_Yang_Huang_zenodo.18180184,RS_derived
SAIH_AFF_r35c54,35,54,117.523467,42.279116,0.701,0.813,0.8378,0.9344,0.7904,0.9322,0.1418,0.00482,1985,1985,1,stable_forest,CLCD_v01_Yang_Huang_zenodo.18180184,RS_derived
SAIH_AFF_r35c55,35,55,117.535518,42.279116,0.4865,0.5968,0.7368,0.8259,0.5087,0.824,0.3152,0.01096,1990,1985,0,stable_forest,CLCD_v01_Yang_Huang_zenodo.18180184,RS_derived
SAIH_AFF_r35c56,35,56,117.547568,42.279116,0.6839,0.7341,0.7529,0.8571,0.7072,0.8553,0.1481,0.00476,1985,1985,1,stable_forest,CLCD_v01_Yang_Huang_zenodo.18180184,RS_derived
SAIH_AFF_r35c57,35,57,117.559619,42.279116,0.5041,0.5444,0.5869,0.781,0.5196,0.7663,0.2467,0.00782,1985,1985,1,stable_forest,CLCD_v01_Yang_Huang_zenodo.18180184,RS_derived
SAIH_AFF_r35c58,35,58,117.57167,42.279116,0.6509,0.7027,0.7386,0.8527,0.6801,0.8457,0.1657,0.00527,1985,1985,1,stable_forest,CLCD_v01_Yang_Huang_zenodo.18180184,RS_derived
SAIH_AFF_r35c59,35,59,117.583721,42.279116,0.6977,0.7584,0.7728,0.8086,0.7431,0.8077,0.0646,0.00217,1985,1985,1,stable_forest,CLCD_v01_Yang_Huang_zenodo.18180184,RS_derived
SAIH_AFF_r35c60,35,60,117.595772,42.279116,0.7465,0.8357,0.8919,0.9243,0.8144,0.9232,0.1087,0.00404,1985,1985,1,stable_forest,CLCD_v01_Yang_Huang_zenodo.18180184,RS_derived
SAIH_AFF_r35c61,35,61,117.607822,42.279116,0.674,0.7678,0.9189,0.9746,0.7378,0.9696,0.2317,0.00846,1985,1985,1,stable_forest,CLCD_v01_Yang_Huang_zenodo.18180184,RS_derived
SAIH_AFF_r35c62,35,62,117.619873,42.279116,0.2482,0.38,0.5427,0.6365,0.3278,0.6207,0.2929,0.01011,2006,1991,0,partial_forest,CLCD_v01_Yang_Huang_zenodo.18180184,RS_derived
SAIH_AFF_r35c63,35,63,117.631924,42.279116,0.3574,0.4082,0.4297,0.4992,0.392,0.4847,0.0927,0.00304,0,1985,0,partial_forest,CLCD_v01_Yang_Huang_zenodo.18180184,RS_derived
SAIH_AFF_r35c64,35,64,117.643975,42.279116,0.6341,0.7151,0.9032,0.9195,0.6883,0.915,0.2267,0.00863,1985,1985,1,stable_forest,CLCD_v01_Yang_Huang_zenodo.18180184,RS_derived
SAIH_AFF_r36c08,36,8,116.969132,42.270077,0.0028,0.005,0.0524,0.2416,0.0029,0.2359,0.233,0.00766,0,0,0,non_forest,CLCD_v01_Yang_Huang_zenodo.18180184,RS_derived
SAIH_AFF_r36c09,36,9,116.981182,42.270077,0.0088,0.016,0.0623,0.262,0.011,0.2406,0.2295,0.00684,0,0,0,non_forest,CLCD_v01_Yang_Huang_zenodo.18180184,RS_derived
SAIH_AFF_r36c12,36,12,117.017335,42.270077,0.0287,0.0474,0.1065,0.1616,0.0346,0.1526,0.118,0.00402,0,0,0,non_forest,CLCD_v01_Yang_Huang_zenodo.18180184,RS_derived
SAIH_AFF_r36c13,36,13,117.029385,42.270077,0.1704,0.1947,0.3028,0.4727,0.1767,0.4472,0.2706,0.00897,0,2010,0,partial_forest,CLCD_v01_Yang_Huang_zenodo.18180184,RS_derived
SAIH_AFF_r36c14,36,14,117.041436,42.270077,0.0419,0.043,0.0838,0.1219,0.0421,0.1152,0.0731,0.00248,0,0,0,non_forest,CLCD_v01_Yang_Huang_zenodo.18180184,RS_derived
SAIH_AFF_r36c30,36,30,117.234248,42.270077,0.0941,0.1059,0.1373,0.3481,0.1018,0.3032,0.2014,0.00573,0,2023,0,partial_forest,CLCD_v01_Yang_Huang_zenodo.18180184,RS_derived
SAIH_AFF_r36c32,36,32,117.25835,42.270077,0.0232,0.0899,0.1793,0.3971,0.032,0.3663,0.3343,0.01012,0,2020,0,partial_forest,CLCD_v01_Yang_Huang_zenodo.18180184,RS_derived
SAIH_AFF_r36c33,36,33,117.270401,42.270077,0.0447,0.1362,0.3243,0.4391,0.0708,0.4223,0.3515,0.01176,0,2008,0,partial_forest,CLCD_v01_Yang_Huang_zenodo.18180184,RS_derived
SAIH_AFF_r36c34,36,34,117.282452,42.270077,0.2151,0.2488,0.364,0.4584,0.2284,0.4501,0.2217,0.00778,0,2006,0,partial_forest,CLCD_v01_Yang_Huang_zenodo.18180184,RS_derived
SAIH_AFF_r36c35,36,35,117.294502,42.270077,0.1897,0.2341,0.2724,0.3578,0.192,0.3377,0.1456,0.0044,0,2022,0,partial_forest,CLCD_v01_Yang_Huang_zenodo.18180184,RS_derived
SAIH_AFF_r36c36,36,36,117.306553,42.270077,0.1136,0.1462,0.1991,0.2366,0.1136,0.2322,0.1186,0.0039,0,0,0,non_forest,CLCD_v01_Yang_Huang_zenodo.18180184,RS_derived
SAIH_AFF_r36c42,36,42,117.378858,42.270077,0.5085,0.5466,0.5852,0.6007,0.5379,0.6023,0.0644,0.00238,1985,1985,1,stable_forest,CLCD_v01_Yang_Huang_zenodo.18180184,RS_derived
SAIH_AFF_r36c43,36,43,117.390908,42.270077,0.9195,0.9614,0.9823,0.9945,0.9535,0.9945,0.041,0.00146,1985,1985,1,stable_forest,CLCD_v01_Yang_Huang_zenodo.18180184,RS_derived
SAIH_AFF_r36c44,36,44,117.402959,42.270077,0.866,0.9404,0.9603,0.9746,0.9207,0.9736,0.053,0.0018,1985,1985,1,stable_forest,CLCD_v01_Yang_Huang_zenodo.18180184,RS_derived
SAIH_AFF_r36c45,36,45,117.41501,42.270077,0.8335,0.8968,0.9114,0.9389,0.8805,0.9389,0.0584,0.00196,1985,1985,1,stable_forest,CLCD_v01_Yang_Huang_zenodo.18180184,RS_derived
SAIH_AFF_r36c46,36,46,117.427061,42.270077,0.914,0.9526,0.9619,0.9851,0.9411,0.9851,0.044,0.00145,1985,1985,1,stable_forest,CLCD_v01_Yang_Huang_zenodo.18180184,RS_derived
SAIH_AFF_r36c47,36,47,117.439112,42.270077,0.7683,0.8582,0.8643,0.9437,0.829,0.9417,0.1127,0.00341,1985,1985,1,stable_forest,CLCD_v01_Yang_Huang_zenodo.18180184,RS_derived
SAIH_AFF_r36c48,36,48,117.451162,42.270077,0.7529,0.8246,0.8389,0.9393,0.794,0.9326,0.1386,0.00392,1985,1985,1,stable_forest,CLCD_v01_Yang_Huang_zenodo.18180184,RS_derived
SAIH_AFF_r36c49,36,49,117.463213,42.270077,0.4021,0.4402,0.4495,0.5389,0.4226,0.5385,0.1159,0.00352,2017,1985,0,partial_forest,CLCD_v01_Yang_Huang_zenodo.18180184,RS_derived
SAIH_AFF_r36c50,36,50,117.475264,42.270077,0.1957,0.2714,0.3649,0.6876,0.2456,0.6834,0.4379,0.01449,2015,2008,0,afforested,CLCD_v01_Yang_Huang_zenodo.18180184,RS_derived
SAIH_AFF_r36c51,36,51,117.487315,42.270077,0.1125,0.1373,0.2146,0.4699,0.131,0.4631,0.3321,0.01078,0,2015,0,partial_forest,CLCD_v01_Yang_Huang_zenodo.18180184,RS_derived
SAIH_AFF_r36c52,36,52,117.499365,42.270077,0.588,0.6498,0.6608,0.7419,0.6348,0.7416,0.1068,0.00311,1985,1985,1,stable_forest,CLCD_v01_Yang_Huang_zenodo.18180184,RS_derived
SAIH_AFF_r36c53,36,53,117.511416,42.270077,0.8676,0.9443,0.9493,0.984,0.926,0.9826,0.0566,0.00175,1985,1985,1,stable_forest,CLCD_v01_Yang_Huang_zenodo.18180184,RS_derived
SAIH_AFF_r36c54,36,54,117.523467,42.270077,0.7865,0.9266,0.9603,0.9917,0.8175,0.9917,0.1742,0.00588,1985,1985,1,stable_forest,CLCD_v01_Yang_Huang_zenodo.18180184,RS_derived
SAIH_AFF_r36c55,36,55,117.535518,42.270077,0.3362,0.5076,0.5427,0.7946,0.3598,0.7862,0.4264,0.01361,2000,1985,0,partial_forest,CLCD_v01_Yang_Huang_zenodo.18180184,RS_derived
SAIH_AFF_r36c56,36,56,117.547568,42.270077,0.6795,0.7678,0.7904,0.8687,0.7367,0.8651,0.1285,0.00407,1985,1985,1,stable_forest,CLCD_v01_Yang_Huang_zenodo.18180184,RS_derived
SAIH_AFF_r36c57,36,57,117.559619,42.270077,0.7242,0.7788,0.7865,0.8902,0.7485,0.8901,0.1416,0.00446,1985,1985,1,stable_forest,CLCD_v01_Yang_Huang_zenodo.18180184,RS_derived
SAIH_AFF_r36c58,36,58,117.57167,42.270077,0.6525,0.7446,0.7546,0.8356,0.7144,0.8323,0.118,0.00364,1985,1985,1,stable_forest,CLCD_v01_Yang_Huang_zenodo.18180184,RS_derived
SAIH_AFF_r36c59,36,59,117.583721,42.270077,0.749,0.8229,0.8395,0.9068,0.7891,0.9037,0.1145,0.00363,1985,1985,1,stable_forest,CLCD_v01_Yang_Huang_zenodo.18180184,RS_derived
SAIH_AFF_r36c60,36,60,117.595772,42.270077,0.6984,0.733,0.8481,0.9476,0.7212,0.948,0.2268,0.00825,1985,1985,1,stable_forest,CLCD_v01_Yang_Huang_zenodo.18180184,RS_derived
SAIH_AFF_r36c61,36,61,117.607822,42.270077,0.2063,0.2565,0.4948,0.8461,0.2449,0.8467,0.6018,0.02187,2011,2004,0,afforested,CLCD_v01_Yang_Huang_zenodo.18180184,RS_derived
SAIH_AFF_r36c62,36,62,117.619873,42.270077,0.6045,0.7485,0.8047,0.8941,0.7182,0.8863,0.1681,0.00587,1985,1985,1,stable_forest,CLCD_v01_Yang_Huang_zenodo.18180184,RS_derived
SAIH_AFF_r36c63,36,63,117.631924,42.270077,0.8263,0.9106,0.914,0.9167,0.8893,0.9134,0.0241,0.00081,1985,1985,1,stable_forest,CLCD_v01_Yang_Huang_zenodo.18180184,RS_derived
SAIH_AFF_r36c64,36,64,117.643975,42.270077,0.4665,0.5389,0.8703,0.9124,0.5046,0.9086,0.404,0.0152,1991,1985,0,stable_forest,CLCD_v01_Yang_Huang_zenodo.18180184,RS_derived
SAIH_AFF_r37c08,37,8,116.969132,42.261038,0.0039,0.0039,0.0469,0.2333,0.0039,0.2264,0.2226,0.00754,0,0,0,non_forest,CLCD_v01_Yang_Huang_zenodo.18180184,RS_derived
SAIH_AFF_r37c09,37,9,116.981182,42.261038,0.0143,0.0259,0.0496,0.1362,0.0207,0.1264,0.1057,0.00327,0,0,0,non_forest,CLCD_v01_Yang_Huang_zenodo.18180184,RS_derived
SAIH_AFF_r37c12,37,12,117.017335,42.261038,0.011,0.0287,0.0563,0.1175,0.019,0.1118,0.0928,0.00295,0,0,0,non_forest,CLCD_v01_Yang_Huang_zenodo.18180184,RS_derived
SAIH_AFF_r37c13,37,13,117.029385,42.261038,0.0811,0.1153,0.1699,0.2642,0.0986,0.2524,0.1539,0.005,0,0,0,non_forest,CLCD_v01_Yang_Huang_zenodo.18180184,RS_derived
SAIH_AFF_r37c33,37,33,117.270401,42.261038,0.289,0.3867,0.4617,0.5245,0.338,0.5077,0.1698,0.00571,2022,1990,0,partial_forest,CLCD_v01_Yang_Huang_zenodo.18180184,RS_derived
SAIH_AFF_r37c34,37,34,117.282452,42.261038,0.299,0.3343,0.3944,0.4197,0.3195,0.4166,0.0971,0.00352,0,1990,0,partial_forest,CLCD_v01_Yang_Huang_zenodo.18180184,RS_derived
SAIH_AFF_r37c35,37,35,117.294502,42.261038,0.087,0.1243,0.1411,0.1627,0.095,0.1567,0.0617,0.00194,0,0,0,non_forest,CLCD_v01_Yang_Huang_zenodo.18180184,RS_derived
SAIH_AFF_r37c36,37,36,117.306553,42.261038,0.0574,0.0789,0.1241,0.1539,0.0583,0.149,0.0907,0.003,0,0,0,non_forest,CLCD_v01_Yang_Huang_zenodo.18180184,RS_derived
SAIH_AFF_r37c38,37,38,117.330655,42.261038,0.102,0.1798,0.2725,0.3183,0.1032,0.3136,0.2103,0.00719,0,2016,0,partial_forest,CLCD_v01_Yang_Huang_zenodo.18180184,RS_derived
SAIH_AFF_r37c39,37,39,117.342705,42.261038,0.1042,0.2901,0.3977,0.4915,0.1047,0.4824,0.3777,0.01255,0,2003,0,partial_forest,CLCD_v01_Yang_Huang_zenodo.18180184,RS_derived
SAIH_AFF_r37c41,37,41,117.366807,42.261038,0.2383,0.2824,0.4098,0.4153,0.258,0.4139,0.1559,0.00588,0,2006,0,partial_forest,CLCD_v01_Yang_Huang_zenodo.18180184,RS_derived
SAIH_AFF_r37c42,37,42,117.378858,42.261038,0.8847,0.9266,0.9377,0.9454,0.9158,0.9448,0.029,0.00099,1985,1985,1,stable_forest,CLCD_v01_Yang_Huang_zenodo.18180184,RS_derived
SAIH_AFF_r37c43,37,43,117.390908,42.261038,0.8213,0.8941,0.9283,0.952,0.882,0.9505,0.0685,0.00239,1985,1985,1,stable_forest,CLCD_v01_Yang_Huang_zenodo.18180184,RS_derived
SAIH_AFF_r37c44,37,44,117.402959,42.261038,0.8748,0.947,0.9581,0.9559,0.9331,0.9524,0.0193,0.00077,1985,1985,1,stable_forest,CLCD_v01_Yang_Huang_zenodo.18180184,RS_derived
SAIH_AFF_r37c45,37,45,117.41501,42.261038,0.8395,0.9103,0.9422,0.9643,0.8854,0.9639,0.0785,0.0026,1985,1985,1,stable_forest,CLCD_v01_Yang_Huang_zenodo.18180184,RS_derived
SAIH_AFF_r37c46,37,46,117.427061,42.261038,0.8682,0.9288,0.9459,0.9768,0.9079,0.9767,0.0688,0.00221,1985,1985,1,stable_forest,CLCD_v01_Yang_Huang_zenodo.18180184,RS_derived
SAIH_AFF_r37c47,37,47,117.439112,42.261038,0.8864,0.941,0.952,0.9868,0.9255,0.9865,0.061,0.00199,1985,1985,1,stable_forest,CLCD_v01_Yang_Huang_zenodo.18180184,RS_derived
SAIH_AFF_r37c48,37,48,117.451162,42.261038,0.8191,0.8935,0.9068,0.9608,0.8621,0.9607,0.0986,0.00309,1985,1985,1,stable_forest,CLCD_v01_Yang_Huang_zenodo.18180184,RS_derived
SAIH_AFF_r37c49,37,49,117.463213,42.261038,0.893,0.9222,0.9377,0.9437,0.9107,0.9457,0.0349,0.0012,1985,1985,1,stable_forest,CLCD_v01_Yang_Huang_zenodo.18180184,RS_derived
SAIH_AFF_r37c50,37,50,117.475264,42.261038,0.2886,0.3086,0.3432,0.4114,0.2978,0.4111,0.1132,0.00362,0,1994,0,partial_forest,CLCD_v01_Yang_Huang_zenodo.18180184,RS_derived
SAIH_AFF_r37c51,37,51,117.487315,42.261038,0.182,0.2223,0.2355,0.2846,0.2103,0.2793,0.069,0.0022,0,0,0,non_forest,CLCD_v01_Yang_Huang_zenodo.18180184,RS_derived
SAIH_AFF_r37c52,37,52,117.499365,42.261038,0.7077,0.8191,0.834,0.8682,0.7883,0.866,0.0777,0.00231,1985,1985,1,stable_forest,CLCD_v01_Yang_Huang_zenodo.18180184,RS_derived
SAIH_AFF_r37c53,37,53,117.511416,42.261038,0.6961,0.7507,0.8434,0.8825,0.7298,0.881,0.1511,0.00545,1985,1985,1,stable_forest,CLCD_v01_Yang_Huang_zenodo.18180184,RS_derived
SAIH_AFF_r37c54,37,54,117.523467,42.261038,0.3673,0.5979,0.7832,0.9597,0.4019,0.9566,0.5547,0.01933,2000,1985,0,partial_forest,CLCD_v01_Yang_Huang_zenodo.18180184,RS_derived
SAIH_AFF_r37c55,37,55,117.535518,42.261038,0.4168,0.6303,0.6935,0.747,0.4408,0.7474,0.3065,0.01034,2000,1985,0,partial_forest,CLCD_v01_Yang_Huang_zenodo.18180184,RS_derived
SAIH_AFF_r37c56,37,56,117.547568,42.261038,0.6806,0.7159,0.7363,0.8191,0.7029,0.816,0.113,0.00352,1985,1985,1,stable_forest,CLCD_v01_Yang_Huang_zenodo.18180184,RS_derived
SAIH_AFF_r37c57,37,57,117.559619,42.261038,0.4242,0.5025,0.5185,0.5703,0.4757,0.5704,0.0947,0.00307,2000,1985,0,partial_forest,CLCD_v01_Yang_Huang_zenodo.18180184,RS_derived
SAIH_AFF_r37c58,37,58,117.57167,42.261038,0.8941,0.9244,0.925,0.9366,0.9127,0.9377,0.025,0.00079,1985,1985,1,stable_forest,CLCD_v01_Yang_Huang_zenodo.18180184,RS_derived
SAIH_AFF_r37c59,37,59,117.583721,42.261038,0.8616,0.9283,0.9327,0.9515,0.8958,0.9515,0.0557,0.00171,1985,1985,1,stable_forest,CLCD_v01_Yang_Huang_zenodo.18180184,RS_derived
SAIH_AFF_r37c60,37,60,117.595772,42.261038,0.7319,0.8059,0.8751,0.9259,0.7785,0.9279,0.1494,0.0053,1985,1985,1,stable_forest,CLCD_v01_Yang_Huang_zenodo.18180184,RS_derived
SAIH_AFF_r37c61,37,61,117.607822,42.261038,0.6145,0.7088,0.7308,0.791,0.6926,0.7864,0.0937,0.0033,1985,1985,1,stable_forest,CLCD_v01_Yang_Huang_zenodo.18180184,RS_derived
SAIH_AFF_r37c62,37,62,117.619873,42.261038,0.6746,0.7882,0.8136,0.8687,0.7654,0.8654,0.1,0.00369,1985,1985,1,stable_forest,CLCD_v01_Yang_Huang_zenodo.18180184,RS_derived
SAIH_AFF_r37c63,37,63,117.631924,42.261038,0.7551,0.8875,0.9195,0.9548,0.8593,0.9515,0.0921,0.00358,1985,1985,1,stable_forest,CLCD_v01_Yang_Huang_zenodo.18180184,RS_derived
SAIH_AFF_r37c64,37,64,117.643975,42.261038,0.4216,0.4984,0.8573,0.9762,0.4764,0.976,0.4997,0.01894,2003,1985,0,partial_forest,CLCD_v01_Yang_Huang_zenodo.18180184,RS_derived
SAIH_AFF_r38c08,38,8,116.969132,42.251999,0.0038,0.0043,0.0081,0.2664,0.0038,0.2382,0.2344,0.00703,0,0,0,non_forest,CLCD_v01_Yang_Huang_zenodo.18180184,RS_derived
SAIH_AFF_r38c37,38,37,117.318604,42.251999,0.2127,0.3002,0.3437,0.3985,0.2161,0.3882,0.1721,0.00537,0,2000,0,partial_forest,CLCD_v01_Yang_Huang_zenodo.18180184,RS_derived
SAIH_AFF_r38c38,38,38,117.330655,42.251999,0.0709,0.2363,0.3212,0.4227,0.0769,0.4091,0.3322,0.01066,0,2008,0,partial_forest,CLCD_v01_Yang_Huang_zenodo.18180184,RS_derived
SAIH_AFF_r38c39,38,39,117.342705,42.251999,0.4522,0.6504,0.7299,0.8158,0.4906,0.8049,0.3142,0.0102,1997,1985,0,partial_forest,CLCD_v01_Yang_Huang_zenodo.18180184,RS_derived
SAIH_AFF_r38c40,38,40,117.354756,42.251999,0.7326,0.7979,0.8184,0.8395,0.7579,0.8355,0.0776,0.00251,1985,1985,1,stable_forest,CLCD_v01_Yang_Huang_zenodo.18180184,RS_derived
SAIH_AFF_r38c41,38,41,117.366807,42.251999,0.9098,0.9597,0.9785,0.9608,0.9445,0.9603,0.0158,0.00081,1985,1985,1,stable_forest,CLCD_v01_Yang_Huang_zenodo.18180184,RS_derived
SAIH_AFF_r38c42,38,42,117.378858,42.251999,0.8743,0.9334,0.9452,0.9619,0.9203,0.9612,0.0409,0.00136,1985,1985,1,stable_forest,CLCD_v01_Yang_Huang_zenodo.18180184,RS_derived
SAIH_AFF_r38c43,38,43,117.390908,42.251999,0.8781,0.9264,0.9511,0.9817,0.9145,0.9814,0.0669,0.00232,1985,1985,1,stable_forest,CLCD_v01_Yang_Huang_zenodo.18180184,RS_derived
SAIH_AFF_r38c44,38,44,117.402959,42.251999,0.8566,0.9318,0.9517,0.9839,0.9132,0.9835,0.0703,0.00236,1985,1985,1,stable_forest,CLCD_v01_Yang_Huang_zenodo.18180184,RS_derived
SAIH_AFF_r38c45,38,45,117.41501,42.251999,0.7368,0.83,0.8374,0.9011,0.8057,0.8947,0.089,0.00267,1985,1985,1,stable_forest,CLCD_v01_Yang_Huang_zenodo.18180184,RS_derived
SAIH_AFF_r38c46,38,46,117.427061,42.251999,0.8008,0.8878,0.8969,0.956,0.8581,0.9556,0.0975,0.00295,1985,1985,1,stable_forest,CLCD_v01_Yang_Huang_zenodo.18180184,RS_derived
SAIH_AFF_r38c47,38,47,117.439112,42.251999,0.8201,0.848,0.8571,0.9398,0.8386,0.9377,0.0991,0.00291,1985,1985,1,stable_forest,CLCD_v01_Yang_Huang_zenodo.18180184,RS_derived
SAIH_AFF_r38c48,38,48,117.451162,42.251999,0.5414,0.6563,0.6477,0.7621,0.6351,0.7564,0.1213,0.00353,1985,1985,1,stable_forest,CLCD_v01_Yang_Huang_zenodo.18180184,RS_derived
SAIH_AFF_r38c49,38,49,117.463213,42.251999,0.7707,0.8287,0.8507,0.8867,0.8136,0.8859,0.0722,0.00238,1985,1985,1,stable_forest,CLCD_v01_Yang_Huang_zenodo.18180184,RS_derived
SAIH_AFF_r38c50,38,50,117.475264,42.251999,0.6316,0.6747,0.7168,0.8195,0.6512,0.8161,0.1649,0.00548,1985,1985,1,stable_forest,CLCD_v01_Yang_Huang_zenodo.18180184,RS_derived
SAIH_AFF_r38c51,38,51,117.487315,42.251999,0.0945,0.1203,0.1692,0.3045,0.1116,0.3007,0.189,0.00645,0,2023,0,partial_forest,CLCD_v01_Yang_Huang_zenodo.18180184,RS_derived
SAIH_AFF_r38c52,38,52,117.499365,42.251999,0.4087,0.5269,0.5902,0.7535,0.493,0.7491,0.2561,0.00795,1991,1985,0,partial_forest,CLCD_v01_Yang_Huang_zenodo.18180184,RS_derived
SAIH_AFF_r38c53,38,53,117.511416,42.251999,0.2922,0.3926,0.4345,0.5666,0.3671,0.563,0.1959,0.00602,2017,1990,0,partial_forest,CLCD_v01_Yang_Huang_zenodo.18180184,RS_derived
SAIH_AFF_r38c54,38,54,117.523467,42.251999,0.2975,0.456,0.6128,0.7648,0.3511,0.763,0.4119,0.01418,2004,1990,0,partial_forest,CLCD_v01_Yang_Huang_zenodo.18180184,RS_derived
SAIH_AFF_r38c55,38,55,117.535518,42.251999,0.5395,0.6905,0.8368,0.89,0.5705,0.8883,0.3178,0.01097,1985,1985,1,stable_forest,CLCD_v01_Yang_Huang_zenodo.18180184,RS_derived
SAIH_AFF_r38c56,38,56,117.547568,42.251999,0.5118,0.5607,0.6278,0.732,0.5425,0.7294,0.1869,0.00618,1985,1985,1,stable_forest,CLCD_v01_Yang_Huang_zenodo.18180184,RS_derived
SAIH_AFF_r38c57,38,57,117.559619,42.251999,0.4603,0.522,0.5403,0.5704,0.4997,0.5745,0.0748,0.00248,1991,1985,0,partial_forest,CLCD_v01_Yang_Huang_zenodo.18180184,RS_derived
SAIH_AFF_r38c58,38,58,117.57167,42.251999,0.7895,0.8588,0.8668,0.8996,0.839,0.8985,0.0595,0.00188,1985,1985,1,stable_forest,CLCD_v01_Yang_Huang_zenodo.18180184,RS_derived
SAIH_AFF_r38c59,38,59,117.583721,42.251999,0.6455,0.7632,0.7766,0.8131,0.7197,0.8126,0.0928,0.00288,1985,1985,1,stable_forest,CLCD_v01_Yang_Huang_zenodo.18180184,RS_derived
SAIH_AFF_r38c60,38,60,117.595772,42.251999,0.7479,0.8384,0.8542,0.9405,0.8156,0.9402,0.1246,0.00422,1985,1985,1,stable_forest,CLCD_v01_Yang_Huang_zenodo.18180184,RS_derived
SAIH_AFF_r38c61,38,61,117.607822,42.251999,0.8072,0.8888,0.7438,0.9667,0.8766,0.9657,0.0892,0.00212,1985,1985,1,stable_forest,CLCD_v01_Yang_Huang_zenodo.18180184,RS_derived
SAIH_AFF_r38c62,38,62,117.619873,42.251999,0.7014,0.8566,0.8915,0.9936,0.8067,0.9932,0.1865,0.00643,1985,1985,1,stable_forest,CLCD_v01_Yang_Huang_zenodo.18180184,RS_derived
SAIH_AFF_r38c63,38,63,117.631924,42.251999,0.8706,0.9501,0.9533,0.9715,0.9188,0.9552,0.0364,0.00061,1985,1985,1,stable_forest,CLCD_v01_Yang_Huang_zenodo.18180184,RS_derived
SAIH_AFF_r38c64,38,64,117.643975,42.251999,0.6032,0.8105,0.8563,0.9,0.7428,0.9012,0.1584,0.00549,1985,1985,1,stable_forest,CLCD_v01_Yang_Huang_zenodo.18180184,RS_derived
SAIH_AFF_r39c05,39,5,116.932979,42.24296,0.0,0.0,0.0011,0.2595,0.0,0.2131,0.2131,0.00589,0,0,0,non_forest,CLCD_v01_Yang_Huang_zenodo.18180184,RS_derived
SAIH_AFF_r39c07,39,7,116.957081,42.24296,0.0121,0.016,0.0684,0.3977,0.0154,0.3588,0.3434,0.01072,0,2020,0,partial_forest,CLCD_v01_Yang_Huang_zenodo.18180184,RS_derived
SAIH_AFF_r39c08,39,8,116.969132,42.24296,0.0028,0.0039,0.0408,0.2499,0.0037,0.2388,0.2351,0.00757,0,0,0,non_forest,CLCD_v01_Yang_Huang_zenodo.18180184,RS_derived
SAIH_AFF_r39c36,39,36,117.306553,42.24296,0.2443,0.294,0.3304,0.3822,0.2711,0.3685,0.0974,0.00315,0,2006,0,partial_forest,CLCD_v01_Yang_Huang_zenodo.18180184,RS_derived
SAIH_AFF_r39c38,39,38,117.330655,42.24296,0.0673,0.1848,0.2184,0.2471,0.1159,0.2443,0.1283,0.00402,0,0,0,non_forest,CLCD_v01_Yang_Huang_zenodo.18180184,RS_derived
SAIH_AFF_r39c39,39,39,117.342705,42.24296,0.3828,0.5747,0.6244,0.7121,0.5176,0.701,0.1834,0.00611,1990,1985,0,stable_forest,CLCD_v01_Yang_Huang_zenodo.18180184,RS_derived
SAIH_AFF_r39c40,39,40,117.354756,42.24296,0.8195,0.8832,0.8984,0.9476,0.8598,0.9379,0.0782,0.00247,1985,1985,1,stable_forest,CLCD_v01_Yang_Huang_zenodo.18180184,RS_derived
SAIH_AFF_r39c41,39,41,117.366807,42.24296,0.8847,0.9305,0.9437,0.9724,0.9163,0.9681,0.0518,0.00166,1985,1985,1,stable_forest,CLCD_v01_Yang_Huang_zenodo.18180184,RS_derived
SAIH_AFF_r39c42,39,42,117.378858,42.24296,0.92,0.9691,0.9779,0.9812,0.9557,0.9811,0.0253,0.00087,1985,1985,1,stable_forest,CLCD_v01_Yang_Huang_zenodo.18180184,RS_derived
SAIH_AFF_r39c43,39,43,117.390908,42.24296,0.8296,0.9046,0.9371,0.963,0.8812,0.9641,0.083,0.00283,1985,1985,1,stable_forest,CLCD_v01_Yang_Huang_zenodo.18180184,RS_derived
SAIH_AFF_r39c44,39,44,117.402959,42.24296,0.8555,0.8913,0.925,0.9465,0.8846,0.9428,0.0583,0.00215,1985,1985,1,stable_forest,CLCD_v01_Yang_Huang_zenodo.18180184,RS_derived
SAIH_AFF_r39c45,39,45,117.41501,42.24296,0.6314,0.6843,0.7168,0.9427,0.6688,0.9197,0.2509,0.008,1985,1985,1,stable_forest,CLCD_v01_Yang_Huang_zenodo.18180184,RS_derived
SAIH_AFF_r39c46,39,46,117.427061,42.24296,0.7165,0.8064,0.8252,0.8704,0.7671,0.8687,0.1016,0.0032,1985,1985,1,stable_forest,CLCD_v01_Yang_Huang_zenodo.18180184,RS_derived
SAIH_AFF_r39c47,39,47,117.439112,42.24296,0.7474,0.8334,0.8434,0.9244,0.8072,0.9231,0.116,0.00354,1985,1985,1,stable_forest,CLCD_v01_Yang_Huang_zenodo.18180184,RS_derived
SAIH_AFF_r39c48,39,48,117.451162,42.24296,0.4727,0.5532,0.578,0.733,0.5347,0.7146,0.1799,0.00562,1990,1985,0,stable_forest,CLCD_v01_Yang_Huang_zenodo.18180184,RS_derived
SAIH_AFF_r39c49,39,49,117.463213,42.24296,0.2708,0.3591,0.3712,0.4181,0.3313,0.4105,0.0791,0.00245,0,1990,0,partial_forest,CLCD_v01_Yang_Huang_zenodo.18180184,RS_derived
SAIH_AFF_r39c50,39,50,117.475264,42.24296,0.5903,0.7578,0.7784,0.8762,0.7097,0.8741,0.1644,0.0052,1985,1985,1,stable_forest,CLCD_v01_Yang_Huang_zenodo.18180184,RS_derived
SAIH_AFF_r39c51,39,51,117.487315,42.24296,0.524,0.5411,0.6536,0.7932,0.5326,0.7917,0.2591,0.00924,1985,1985,1,stable_forest,CLCD_v01_Yang_Huang_zenodo.18180184,RS_derived
SAIH_AFF_r39c52,39,52,117.499365,42.24296,0.0761,0.1721,0.2774,0.4451,0.1202,0.4444,0.3241,0.01053,0,2013,0,partial_forest,CLCD_v01_Yang_Huang_zenodo.18180184,RS_derived
SAIH_AFF_r39c53,39,53,117.511416,42.24296,0.0596,0.1407,0.3442,0.6591,0.108,0.6499,0.5419,0.01845,2015,2008,0,afforested,CLCD_v01_Yang_Huang_zenodo.18180184,RS_derived
SAIH_AFF_r39c54,39,54,117.523467,42.24296,0.4137,0.5273,0.6161,0.7397,0.4965,0.7392,0.2427,0.0083,1991,1985,0,partial_forest,CLCD_v01_Yang_Huang_zenodo.18180184,RS_derived
SAIH_AFF_r39c55,39,55,117.535518,42.24296,0.6081,0.7405,0.78,0.8508,0.6972,0.8486,0.1513,0.00492,1985,1985,1,stable_forest,CLCD_v01_Yang_Huang_zenodo.18180184,RS_derived
SAIH_AFF_r39c56,39,56,117.547568,42.24296,0.6244,0.6895,0.7044,0.8097,0.6688,0.8028,0.134,0.00383,1985,1985,1,stable_forest,CLCD_v01_Yang_Huang_zenodo.18180184,RS_derived
SAIH_AFF_r39c57,39,57,117.559619,42.24296,0.4528,0.5041,0.5157,0.5874,0.4928,0.5837,0.091,0.00289,1992,1985,0,partial_forest,CLCD_v01_Yang_Huang_zenodo.18180184,RS_derived
SAIH_AFF_r39c58,39,58,117.57167,42.24296,0.7529,0.8367,0.8423,0.8803,0.8129,0.8788,0.0659,0.00202,1985,1985,1,stable_forest,CLCD_v01_Yang_Huang_zenodo.18180184,RS_derived
SAIH_AFF_r39c59,39,59,117.583721,42.24296,0.6145,0.6911,0.6961,0.7292,0.6658,0.7298,0.064,0.00201,1985,1985,1,stable_forest,CLCD_v01_Yang_Huang_zenodo.18180184,RS_derived
SAIH_AFF_r39c60,39,60,117.595772,42.24296,0.7216,0.8135,0.8178,0.8703,0.7781,0.8665,0.0883,0.00274,1985,1985,1,stable_forest,CLCD_v01_Yang_Huang_zenodo.18180184,RS_derived
SAIH_AFF_r39c61,39,61,117.607822,42.24296,0.7529,0.8141,0.8047,0.9095,0.7995,0.9026,0.103,0.00295,1985,1985,1,stable_forest,CLCD_v01_Yang_Huang_zenodo.18180184,RS_derived
SAIH_AFF_r39c62,39,62,117.619873,42.24296,0.6332,0.6972,0.7501,0.9173,0.6526,0.9151,0.2625,0.00878,1985,1985,1,stable_forest,CLCD_v01_Yang_Huang_zenodo.18180184,RS_derived
SAIH_AFF_r39c63,39,63,117.631924,42.24296,0.8092,0.9211,0.9327,0.957,0.8906,0.9362,0.0456,0.00123,1985,1985,1,stable_forest,CLCD_v01_Yang_Huang_zenodo.18180184,RS_derived
SAIH_AFF_r39c64,39,64,117.643975,42.24296,0.2789,0.6043,0.6259,0.6768,0.4697,0.6662,0.1965,0.00608,1991,1990,0,partial_forest,CLCD_v01_Yang_Huang_zenodo.18180184,RS_derived
SAIH_AFF_r40c05,40,5,116.932979,42.233921,0.0,0.0,0.0,0.5995,0.0,0.4967,0.4967,0.01421,2023,2018,0,partial_forest,CLCD_v01_Yang_Huang_zenodo.18180184,RS_derived
SAIH_AFF_r40c09,40,9,116.981182,42.233921,0.0,0.0,0.0,0.1804,0.0,0.1704,0.1704,0.00546,0,0,0,non_forest,CLCD_v01_Yang_Huang_zenodo.18180184,RS_derived
SAIH_AFF_r40c26,40,26,117.186045,42.233921,0.0132,0.0463,0.07,0.1815,0.016,0.1711,0.1551,0.00493,0,0,0,non_forest,CLCD_v01_Yang_Huang_zenodo.18180184,RS_derived
SAIH_AFF_r40c35,40,35,117.294502,42.233921,0.1611,0.1914,0.2168,0.2789,0.1659,0.2693,0.1034,0.00316,0,0,0,non_forest,CLCD_v01_Yang_Huang_zenodo.18180184,RS_derived
SAIH_AFF_r40c36,40,36,117.306553,42.233921,0.1837,0.2162,0.262,0.3127,0.1892,0.2982,0.109,0.00361,0,2023,0,non_forest,CLCD_v01_Yang_Huang_zenodo.18180184,RS_derived
SAIH_AFF_r40c38,40,38,117.330655,42.233921,0.487,0.6542,0.7446,0.7744,0.5854,0.7625,0.1772,0.00626,1990,1985,0,stable_forest,CLCD_v01_Yang_Huang_zenodo.18180184,RS_derived
SAIH_AFF_r40c39,40,39,117.342705,42.233921,0.6481,0.7755,0.8362,0.8704,0.7413,0.8685,0.1272,0.00449,1985,1985,1,stable_forest,CLCD_v01_Yang_Huang_zenodo.18180184,RS_derived
SAIH_AFF_r40c40,40,40,117.354756,42.233921,0.8395,0.88,0.8897,0.913,0.8697,0.9054,0.0357,0.00106,1985,1985,1,stable_forest,CLCD_v01_Yang_Huang_zenodo.18180184,RS_derived
SAIH_AFF_r40c41,40,41,117.366807,42.233921,0.7865,0.8511,0.8891,0.9316,0.8296,0.9266,0.0971,0.00316,1985,1985,1,stable_forest,CLCD_v01_Yang_Huang_zenodo.18180184,RS_derived
SAIH_AFF_r40c42,40,42,117.378858,42.233921,0.9013,0.9344,0.957,0.9812,0.9254,0.9798,0.0544,0.00181,1985,1985,1,stable_forest,CLCD_v01_Yang_Huang_zenodo.18180184,RS_derived
SAIH_AFF_r40c43,40,43,117.390908,42.233921,0.9366,0.9675,0.9724,0.9895,0.9552,0.9891,0.0338,0.00105,1985,1985,1,stable_forest,CLCD_v01_Yang_Huang_zenodo.18180184,RS_derived
SAIH_AFF_r40c44,40,44,117.402959,42.233921,0.9178,0.9564,0.968,0.9691,0.9474,0.9623,0.0149,0.0005,1985,1985,1,stable_forest,CLCD_v01_Yang_Huang_zenodo.18180184,RS_derived
SAIH_AFF_r40c45,40,45,117.41501,42.233921,0.6914,0.7508,0.7762,0.9362,0.729,0.8895,0.1604,0.00473,1985,1985,1,stable_forest,CLCD_v01_Yang_Huang_zenodo.18180184,RS_derived
SAIH_AFF_r40c46,40,46,117.427061,42.233921,0.6558,0.7634,0.7728,0.8781,0.73,0.8583,0.1284,0.0039,1985,1985,1,stable_forest,CLCD_v01_Yang_Huang_zenodo.18180184,RS_derived
SAIH_AFF_r40c47,40,47,117.439112,42.233921,0.9101,0.9625,0.9796,0.9912,0.9447,0.9881,0.0435,0.00152,1985,1985,1,stable_forest,CLCD_v01_Yang_Huang_zenodo.18180184,RS_derived
SAIH_AFF_r40c48,40,48,117.451162,42.233921,0.6602,0.7088,0.7512,0.9013,0.6962,0.8927,0.1966,0.00611,1985,1985,1,stable_forest,CLCD_v01_Yang_Huang_zenodo.18180184,RS_derived
SAIH_AFF_r40c49,40,49,117.463213,42.233921,0.4799,0.5416,0.6255,0.8147,0.5295,0.8063,0.2768,0.00887,1990,1985,0,stable_forest,CLCD_v01_Yang_Huang_zenodo.18180184,RS_derived
SAIH_AFF_r40c50,40,50,117.475264,42.233921,0.2038,0.2751,0.287,0.4276,0.255,0.3907,0.1357,0.00373,0,2015,0,partial_forest,CLCD_v01_Yang_Huang_zenodo.18180184,RS_derived
SAIH_AFF_r40c51,40,51,117.487315,42.233921,0.4694,0.6619,0.6702,0.7639,0.6133,0.7603,0.1471,0.00451,1990,1985,0,stable_forest,CLCD_v01_Yang_Huang_zenodo.18180184,RS_derived
SAIH_AFF_r40c52,40,52,117.499365,42.233921,0.3613,0.401,0.4512,0.6122,0.3837,0.6008,0.2172,0.00688,2015,1985,0,partial_forest,CLCD_v01_Yang_Huang_zenodo.18180184,RS_derived
SAIH_AFF_r40c53,40,53,117.511416,42.233921,0.0678,0.112,0.1517,0.2521,0.0974,0.2443,0.147,0.00468,0,0,0,non_forest,CLCD_v01_Yang_Huang_zenodo.18180184,RS_derived
SAIH_AFF_r40c54,40,54,117.523467,42.233921,0.4843,0.6001,0.6481,0.7077,0.5615,0.7067,0.1452,0.00471,1990,1985,0,stable_forest,CLCD_v01_Yang_Huang_zenodo.18180184,RS_derived
SAIH_AFF_r40c55,40,55,117.535518,42.233921,0.4984,0.6497,0.673,0.6989,0.6018,0.6949,0.0931,0.00301,1990,1985,0,stable_forest,CLCD_v01_Yang_Huang_zenodo.18180184,RS_derived
SAIH_AFF_r40c56,40,56,117.547568,42.233921,0.5074,0.6238,0.6249,0.6641,0.5947,0.6578,0.0632,0.00185,1985,1985,1,stable_forest,CLCD_v01_Yang_Huang_zenodo.18180184,RS_derived
SAIH_AFF_r40c57,40,57,117.559619,42.233921,0.5444,0.6437,0.6393,0.6713,0.6271,0.6681,0.041,0.00124,1985,1985,1,stable_forest,CLCD_v01_Yang_Huang_zenodo.18180184,RS_derived
SAIH_AFF_r40c58,40,58,117.57167,42.233921,0.4683,0.5532,0.567,0.6145,0.5318,0.6137,0.0819,0.00264,1990,1985,0,stable_forest,CLCD_v01_Yang_Huang_zenodo.18180184,RS_derived
SAIH_AFF_r40c59,40,59,117.583721,42.233921,0.706,0.7788,0.7876,0.8081,0.7579,0.8073,0.0494,0.00161,1985,1985,1,stable_forest,CLCD_v01_Yang_Huang_zenodo.18180184,RS_derived
SAIH_AFF_r40c60,40,60,117.595772,42.233921,0.8373,0.947,0.9605,0.9946,0.8795,0.9926,0.1131,0.00367,1985,1985,1,stable_forest,CLCD_v01_Yang_Huang_zenodo.18180184,RS_derived
SAIH_AFF_r40c61,40,61,117.607822,42.233921,0.46,0.5764,0.5814,0.722,0.5442,0.7098,0.1656,0.00486,1990,1985,0,stable_forest,CLCD_v01_Yang_Huang_zenodo.18180184,RS_derived
SAIH_AFF_r40c62,40,62,117.619873,42.233921,0.5036,0.5643,0.5979,0.8235,0.5478,0.8043,0.2565,0.00814,1985,1985,1,stable_forest,CLCD_v01_Yang_Huang_zenodo.18180184,RS_derived
SAIH_AFF_r40c63,40,63,117.631924,42.233921,0.5494,0.658,0.6779,0.7849,0.6301,0.7708,0.1407,0.00448,1985,1985,1,stable_forest,CLCD_v01_Yang_Huang_zenodo.18180184,RS_derived
SAIH_AFF_r40c64,40,64,117.643975,42.233921,0.3086,0.4659,0.5405,0.5951,0.4035,0.5805,0.1771,0.00595,2006,1985,0,partial_forest,CLCD_v01_Yang_Huang_zenodo.18180184,RS_derived
SAIH_AFF_r41c04,41,4,116.920928,42.224882,0.0,0.0,0.0,0.2355,0.0,0.1558,0.1558,0.00403,0,0,0,non_forest,CLCD_v01_Yang_Huang_zenodo.18180184,RS_derived
SAIH_AFF_r41c07,41,7,116.957081,42.224882,0.0,0.0,0.0,0.2267,0.0,0.1945,0.1945,0.00528,0,0,0,non_forest,CLCD_v01_Yang_Huang_zenodo.18180184,RS_derived
SAIH_AFF_r41c08,41,8,116.969132,42.224882,0.0,0.0,0.0017,0.2361,0.0,0.1746,0.1746,0.00467,0,0,0,non_forest,CLCD_v01_Yang_Huang_zenodo.18180184,RS_derived
SAIH_AFF_r41c09,41,9,116.981182,42.224882,0.0,0.0,0.0022,0.23,0.0,0.2061,0.2061,0.00616,0,0,0,non_forest,CLCD_v01_Yang_Huang_zenodo.18180184,RS_derived
SAIH_AFF_r41c29,41,29,117.222198,42.224882,0.0044,0.0044,0.075,0.3116,0.0044,0.2725,0.2681,0.00826,0,2023,0,non_forest,CLCD_v01_Yang_Huang_zenodo.18180184,RS_derived
SAIH_AFF_r41c35,41,35,117.294502,42.224882,0.3616,0.4119,0.4508,0.5032,0.3673,0.5006,0.1333,0.00427,2022,1985,0,partial_forest,CLCD_v01_Yang_Huang_zenodo.18180184,RS_derived
SAIH_AFF_r41c36,41,36,117.306553,42.224882,0.3453,0.4865,0.5609,0.6222,0.393,0.6195,0.2266,0.00759,2003,1985,0,partial_forest,CLCD_v01_Yang_Huang_zenodo.18180184,RS_derived
SAIH_AFF_r41c37,41,37,117.318604,42.224882,0.8318,0.8792,0.8952,0.9189,0.8648,0.9187,0.0539,0.0019,1985,1985,1,stable_forest,CLCD_v01_Yang_Huang_zenodo.18180184,RS_derived
SAIH_AFF_r41c38,41,38,117.330655,42.224882,0.7623,0.8582,0.8787,0.8935,0.8333,0.8783,0.0449,0.0017,1985,1985,1,stable_forest,CLCD_v01_Yang_Huang_zenodo.18180184,RS_derived
SAIH_AFF_r41c39,41,39,117.342705,42.224882,0.8687,0.9228,0.93,0.9498,0.9092,0.9498,0.0406,0.00135,1985,1985,1,stable_forest,CLCD_v01_Yang_Huang_zenodo.18180184,RS_derived
SAIH_AFF_r41c40,41,40,117.354756,42.224882,0.7059,0.8027,0.8557,0.9168,0.7747,0.9154,0.1407,0.00482,1985,1985,1,stable_forest,CLCD_v01_Yang_Huang_zenodo.18180184,RS_derived
SAIH_AFF_r41c41,41,41,117.366807,42.224882,0.6983,0.7667,0.8478,0.898,0.7475,0.8967,0.1491,0.00519,1985,1985,1,stable_forest,CLCD_v01_Yang_Huang_zenodo.18180184,RS_derived
SAIH_AFF_r41c42,41,42,117.378858,42.224882,0.7568,0.8555,0.8875,0.9062,0.822,0.9052,0.0832,0.00279,1985,1985,1,stable_forest,CLCD_v01_Yang_Huang_zenodo.18180184,RS_derived
SAIH_AFF_r41c43,41,43,117.390908,42.224882,0.8886,0.941,0.9459,0.9752,0.9307,0.9738,0.0431,0.00131,1985,1985,1,stable_forest,CLCD_v01_Yang_Huang_zenodo.18180184,RS_derived
SAIH_AFF_r41c44,41,44,117.402959,42.224882,0.8505,0.8935,0.9084,0.9349,0.879,0.9183,0.0393,0.00132,1985,1985,1,stable_forest,CLCD_v01_Yang_Huang_zenodo.18180184,RS_derived
SAIH_AFF_r41c45,41,45,117.41501,42.224882,0.9357,0.9914,1.0,1.0,0.9706,1.0,0.0294,0.00096,1985,1985,1,stable_forest,CLCD_v01_Yang_Huang_zenodo.18180184,RS_derived
SAIH_AFF_r41c46,41,46,117.427061,42.224882,0.9029,0.9873,0.9928,0.9989,0.9679,0.9989,0.031,0.00102,1985,1985,1,stable_forest,CLCD_v01_Yang_Huang_zenodo.18180184,RS_derived
SAIH_AFF_r41c47,41,47,117.439112,42.224882,0.8202,0.9371,0.9465,0.9526,0.9077,0.9507,0.0431,0.0014,1985,1985,1,stable_forest,CLCD_v01_Yang_Huang_zenodo.18180184,RS_derived
SAIH_AFF_r41c48,41,48,117.451162,42.224882,0.9057,0.9333,0.947,0.9812,0.9198,0.9812,0.0615,0.00193,1985,1985,1,stable_forest,CLCD_v01_Yang_Huang_zenodo.18180184,RS_derived
SAIH_AFF_r41c49,41,49,117.463213,42.224882,0.7788,0.8092,0.8268,0.8853,0.792,0.882,0.09,0.00279,1985,1985,1,stable_forest,CLCD_v01_Yang_Huang_zenodo.18180184,RS_derived
SAIH_AFF_r41c50,41,50,117.475264,42.224882,0.6995,0.7605,0.7843,0.9308,0.7286,0.9114,0.1829,0.00537,1985,1985,1,stable_forest,CLCD_v01_Yang_Huang_zenodo.18180184,RS_derived
SAIH_AFF_r41c51,41,51,117.487315,42.224882,0.2079,0.2427,0.3398,0.5907,0.2306,0.5676,0.3369,0.01129,2017,2009,0,afforested,CLCD_v01_Yang_Huang_zenodo.18180184,RS_derived
SAIH_AFF_r41c52,41,52,117.499365,42.224882,0.283,0.3993,0.4837,0.652,0.3647,0.6448,0.2801,0.00938,2013,1990,0,partial_forest,CLCD_v01_Yang_Huang_zenodo.18180184,RS_derived
SAIH_AFF_r41c53,41,53,117.511416,42.224882,0.0469,0.0585,0.1076,0.2405,0.0518,0.2481,0.1963,0.00652,0,0,0,non_forest,CLCD_v01_Yang_Huang_zenodo.18180184,RS_derived
SAIH_AFF_r41c54,41,54,117.523467,42.224882,0.4087,0.5047,0.5996,0.7932,0.4569,0.7903,0.3335,0.01096,2000,1985,0,partial_forest,CLCD_v01_Yang_Huang_zenodo.18180184,RS_derived
SAIH_AFF_r41c55,41,55,117.535518,42.224882,0.5995,0.6632,0.6908,0.7735,0.6402,0.7695,0.1293,0.0041,1985,1985,1,stable_forest,CLCD_v01_Yang_Huang_zenodo.18180184,RS_derived
SAIH_AFF_r41c56,41,56,117.547568,42.224882,0.4694,0.5494,0.5819,0.6801,0.5213,0.6762,0.1549,0.00498,1991,1985,0,stable_forest,CLCD_v01_Yang_Huang_zenodo.18180184,RS_derived
SAIH_AFF_r41c57,41,57,117.559619,42.224882,0.2874,0.4093,0.4286,0.5063,0.3807,0.5058,0.1251,0.00411,2018,1990,0,partial_forest,CLCD_v01_Yang_Huang_zenodo.18180184,RS_derived
SAIH_AFF_r41c58,41,58,117.57167,42.224882,0.1715,0.2388,0.2752,0.3811,0.2201,0.3766,0.1566,0.00539,0,2012,0,partial_forest,CLCD_v01_Yang_Huang_zenodo.18180184,RS_derived
SAIH_AFF_r41c59,41,59,117.583721,42.224882,0.5593,0.6746,0.6795,0.7325,0.6475,0.7318,0.0844,0.00275,1985,1985,1,stable_forest,CLCD_v01_Yang_Huang_zenodo.18180184,RS_derived
SAIH_AFF_r41c60,41,60,117.595772,42.224882,0.1881,0.2503,0.7373,0.8627,0.2247,0.8614,0.6367,0.02397,2007,2004,0,afforested,CLCD_v01_Yang_Huang_zenodo.18180184,RS_derived
SAIH_AFF_r41c61,41,61,117.607822,42.224882,0.3536,0.4275,0.5571,0.765,0.4008,0.7575,0.3567,0.01214,2008,1985,0,partial_forest,CLCD_v01_Yang_Huang_zenodo.18180184,RS_derived
SAIH_AFF_r41c62,41,62,117.619873,42.224882,0.3651,0.4164,0.4396,0.5052,0.3973,0.501,0.1037,0.00334,2022,1985,0,partial_forest,CLCD_v01_Yang_Huang_zenodo.18180184,RS_derived
SAIH_AFF_r41c63,41,63,117.631924,42.224882,0.6078,0.6983,0.7325,0.904,0.6702,0.8982,0.228,0.00752,1985,1985,1,stable_forest,CLCD_v01_Yang_Huang_zenodo.18180184,RS_derived
SAIH_AFF_r41c64,41,64,117.643975,42.224882,0.3103,0.5681,0.5924,0.6649,0.5077,0.6654,0.1577,0.00519,1991,1985,0,stable_forest,CLCD_v01_Yang_Huang_zenodo.18180184,RS_derived
SAIH_AFF_r42c04,42,4,116.920928,42.215843,0.0,0.0,0.0,0.3067,0.0,0.1924,0.1924,0.00471,0,2025,0,non_forest,CLCD_v01_Yang_Huang_zenodo.18180184,RS_derived
SAIH_AFF_r42c26,42,26,117.186045,42.215843,0.0193,0.0485,0.1065,0.2808,0.0313,0.2659,0.2347,0.00809,0,0,0,non_forest,CLCD_v01_Yang_Huang_zenodo.18180184,RS_derived
SAIH_AFF_r42c27,42,27,117.198096,42.215843,0.0243,0.0844,0.2614,0.4484,0.0422,0.4437,0.4015,0.01413,0,2015,0,partial_forest,CLCD_v01_Yang_Huang_zenodo.18180184,RS_derived
SAIH_AFF_r42c28,42,28,117.210147,42.215843,0.0105,0.112,0.3249,0.4225,0.0288,0.4105,0.3817,0.01336,0,2008,0,partial_forest,CLCD_v01_Yang_Huang_zenodo.18180184,RS_derived
SAIH_AFF_r42c29,42,29,117.222198,42.215843,0.0077,0.0232,0.1175,0.2151,0.0098,0.1924,0.1826,0.00601,0,0,0,non_forest,CLCD_v01_Yang_Huang_zenodo.18180184,RS_derived
SAIH_AFF_r42c32,42,32,117.25835,42.215843,0.2488,0.2741,0.3188,0.3889,0.2547,0.3834,0.1288,0.00438,0,2008,0,partial_forest,CLCD_v01_Yang_Huang_zenodo.18180184,RS_derived
SAIH_AFF_r42c33,42,33,117.270401,42.215843,0.2079,0.364,0.5157,0.6205,0.2144,0.6111,0.3967,0.01357,2008,1999,0,afforested,CLCD_v01_Yang_Huang_zenodo.18180184,RS_derived
SAIH_AFF_r42c34,42,34,117.282452,42.215843,0.5637,0.7044,0.7772,0.8152,0.5916,0.8153,0.2237,0.00753,1985,1985,1,stable_forest,CLCD_v01_Yang_Huang_zenodo.18180184,RS_derived
SAIH_AFF_r42c35,42,35,117.294502,42.215843,0.6454,0.7362,0.7935,0.8276,0.6746,0.827,0.1524,0.0051,1985,1985,1,stable_forest,CLCD_v01_Yang_Huang_zenodo.18180184,RS_derived
SAIH_AFF_r42c36,42,36,117.306553,42.215843,0.5869,0.7832,0.8461,0.8654,0.6493,0.8628,0.2135,0.00726,1985,1985,1,stable_forest,CLCD_v01_Yang_Huang_zenodo.18180184,RS_derived
SAIH_AFF_r42c37,42,37,117.318604,42.215843,0.9526,0.9917,0.9939,0.9961,0.9809,0.9901,0.0091,0.00033,1985,1985,1,stable_forest,CLCD_v01_Yang_Huang_zenodo.18180184,RS_derived
SAIH_AFF_r42c38,42,38,117.330655,42.215843,0.963,0.9785,0.9807,0.9846,0.9758,0.9841,0.0083,0.00028,1985,1985,1,stable_forest,CLCD_v01_Yang_Huang_zenodo.18180184,RS_derived
SAIH_AFF_r42c39,42,39,117.342705,42.215843,0.9873,0.9923,0.995,0.9967,0.991,0.9967,0.0057,0.0002,1985,1985,1,stable_forest,CLCD_v01_Yang_Huang_zenodo.18180184,RS_derived
SAIH_AFF_r42c40,42,40,117.354756,42.215843,0.8,0.8378,0.8773,0.9346,0.8232,0.9338,0.1105,0.00377,1985,1985,1,stable_forest,CLCD_v01_Yang_Huang_zenodo.18180184,RS_derived
SAIH_AFF_r42c41,42,41,117.366807,42.215843,0.3993,0.4302,0.5549,0.7325,0.4227,0.717,0.2942,0.01004,2007,1985,0,partial_forest,CLCD_v01_Yang_Huang_zenodo.18180184,RS_derived
SAIH_AFF_r42c42,42,42,117.378858,42.215843,0.7126,0.7893,0.7948,0.8483,0.7725,0.8541,0.0816,0.0025,1985,1985,1,stable_forest,CLCD_v01_Yang_Huang_zenodo.18180184,RS_derived
SAIH_AFF_r42c43,42,43,117.390908,42.215843,0.8549,0.9117,0.9344,0.9586,0.8988,0.948,0.0491,0.00172,1985,1985,1,stable_forest,CLCD_v01_Yang_Huang_zenodo.18180184,RS_derived
SAIH_AFF_r42c44,42,44,117.402959,42.215843,0.8417,0.9046,0.9211,0.9669,0.8848,0.9011,0.0163,-0.00012,1985,1985,1,stable_forest,CLCD_v01_Yang_Huang_zenodo.18180184,RS_derived
SAIH_AFF_r42c45,42,45,117.41501,42.215843,0.7978,0.9692,0.9762,0.9897,0.9277,0.988,0.0603,0.00191,1985,1985,1,stable_forest,CLCD_v01_Yang_Huang_zenodo.18180184,RS_derived
SAIH_AFF_r42c46,42,46,117.427061,42.215843,0.9211,0.9708,0.9724,0.9691,0.9548,0.9688,0.014,0.00045,1985,1985,1,stable_forest,CLCD_v01_Yang_Huang_zenodo.18180184,RS_derived
SAIH_AFF_r42c47,42,47,117.439112,42.215843,0.9498,0.9972,0.9983,1.0,0.9834,1.0,0.0166,0.00052,1985,1985,1,stable_forest,CLCD_v01_Yang_Huang_zenodo.18180184,RS_derived
SAIH_AFF_r42c48,42,48,117.451162,42.215843,0.6277,0.6718,0.7027,0.8318,0.6571,0.8297,0.1727,0.00572,1985,1985,1,stable_forest,CLCD_v01_Yang_Huang_zenodo.18180184,RS_derived
SAIH_AFF_r42c49,42,49,117.463213,42.215843,0.551,0.5714,0.668,0.7413,0.5587,0.7375,0.1788,0.00615,1985,1985,1,stable_forest,CLCD_v01_Yang_Huang_zenodo.18180184,RS_derived
SAIH_AFF_r42c50,42,50,117.475264,42.215843,0.2611,0.287,0.5254,0.7503,0.2648,0.7408,0.476,0.01659,2010,2004,0,afforested,CLCD_v01_Yang_Huang_zenodo.18180184,RS_derived
SAIH_AFF_r42c51,42,51,117.487315,42.215843,0.0866,0.0927,0.3111,0.5676,0.0891,0.5404,0.4512,0.01585,2021,2010,0,afforested,CLCD_v01_Yang_Huang_zenodo.18180184,RS_derived
SAIH_AFF_r42c52,42,52,117.499365,42.215843,0.07,0.0739,0.2515,0.4275,0.0708,0.4095,0.3386,0.01189,0,2013,0,partial_forest,CLCD_v01_Yang_Huang_zenodo.18180184,RS_derived
SAIH_AFF_r42c53,42,53,117.511416,42.215843,0.0149,0.0154,0.2852,0.4391,0.0149,0.4448,0.43,0.0162,0,2012,0,partial_forest,CLCD_v01_Yang_Huang_zenodo.18180184,RS_derived
SAIH_AFF_r42c54,42,54,117.523467,42.215843,0.2537,0.342,0.4104,0.5201,0.3121,0.5171,0.205,0.00696,2019,1991,0,partial_forest,CLCD_v01_Yang_Huang_zenodo.18180184,RS_derived
SAIH_AFF_r42c55,42,55,117.535518,42.215843,0.4714,0.607,0.62,0.6784,0.5654,0.675,0.1096,0.00343,1990,1985,0,stable_forest,CLCD_v01_Yang_Huang_zenodo.18180184,RS_derived
SAIH_AFF_r42c56,42,56,117.547568,42.215843,0.428,0.5438,0.556,0.6106,0.5078,0.6062,0.0983,0.00306,1991,1985,0,stable_forest,CLCD_v01_Yang_Huang_zenodo.18180184,RS_derived
SAIH_AFF_r42c57,42,57,117.559619,42.215843,0.1986,0.2565,0.2708,0.2923,0.24,0.299,0.059,0.00207,0,2016,0,non_forest,CLCD_v01_Yang_Huang_zenodo.18180184,RS_derived
SAIH_AFF_r42c58,42,58,117.57167,42.215843,0.4771,0.5069,0.5709,0.6304,0.495,0.6263,0.1313,0.00474,1994,1985,0,partial_forest,CLCD_v01_Yang_Huang_zenodo.18180184,RS_derived
SAIH_AFF_r42c59,42,59,117.583721,42.215843,0.6018,0.6503,0.7446,0.8638,0.6353,0.8605,0.2253,0.00797,1985,1985,1,stable_forest,CLCD_v01_Yang_Huang_zenodo.18180184,RS_derived
SAIH_AFF_r42c60,42,60,117.595772,42.215843,0.28,0.3205,0.6757,0.8281,0.3081,0.8274,0.5193,0.01947,2008,1990,0,partial_forest,CLCD_v01_Yang_Huang_zenodo.18180184,RS_derived
SAIH_AFF_r42c61,42,61,117.607822,42.215843,0.2686,0.2863,0.3183,0.6117,0.2785,0.5815,0.303,0.00938,2017,2006,0,afforested,CLCD_v01_Yang_Huang_zenodo.18180184,RS_derived
SAIH_AFF_r42c62,42,62,117.619873,42.215843,0.4964,0.6012,0.6034,0.6293,0.5783,0.6286,0.0503,0.00161,1990,1985,0,stable_forest,CLCD_v01_Yang_Huang_zenodo.18180184,RS_derived
SAIH_AFF_r42c63,42,63,117.631924,42.215843,0.4937,0.6007,0.7215,0.845,0.5634,0.8436,0.2802,0.00991,1990,1985,0,stable_forest,CLCD_v01_Yang_Huang_zenodo.18180184,RS_derived
SAIH_AFF_r42c64,42,64,117.643975,42.215843,0.2124,0.3238,0.4032,0.533,0.2783,0.5229,0.2446,0.00816,2020,1997,0,afforested,CLCD_v01_Yang_Huang_zenodo.18180184,RS_derived
SAIH_AFF_r43c28,43,28,117.210147,42.206804,0.0138,0.0441,0.1572,0.3844,0.018,0.3513,0.3332,0.01051,0,2021,0,partial_forest,CLCD_v01_Yang_Huang_zenodo.18180184,RS_derived
SAIH_AFF_r43c29,43,29,117.222198,42.206804,0.0298,0.0767,0.2228,0.4137,0.0517,0.3849,0.3332,0.01079,0,2020,0,partial_forest,CLCD_v01_Yang_Huang_zenodo.18180184,RS_derived
SAIH_AFF_r43c31,43,31,117.246299,42.206804,0.4258,0.5234,0.6023,0.6514,0.4565,0.6457,0.1892,0.00648,2000,1985,0,partial_forest,CLCD_v01_Yang_Huang_zenodo.18180184,RS_derived
SAIH_AFF_r43c32,43,32,117.25835,42.206804,0.2184,0.2675,0.3525,0.4523,0.2209,0.4417,0.2208,0.00761,0,2008,0,partial_forest,CLCD_v01_Yang_Huang_zenodo.18180184,RS_derived
SAIH_AFF_r43c33,43,33,117.270401,42.206804,0.4942,0.7286,0.9057,0.9294,0.5025,0.9325,0.43,0.01501,1990,1985,0,stable_forest,CLCD_v01_Yang_Huang_zenodo.18180184,RS_derived
SAIH_AFF_r43c34,43,34,117.282452,42.206804,0.6928,0.8147,0.8472,0.8687,0.7426,0.8668,0.1242,0.00391,1985,1985,1,stable_forest,CLCD_v01_Yang_Huang_zenodo.18180184,RS_derived
SAIH_AFF_r43c35,43,35,117.294502,42.206804,0.6849,0.8097,0.9249,0.9535,0.7532,0.9515,0.1983,0.00698,1985,1985,1,stable_forest,CLCD_v01_Yang_Huang_zenodo.18180184,RS_derived
SAIH_AFF_r43c36,43,36,117.306553,42.206804,0.663,0.8467,0.9156,0.9691,0.7668,0.9671,0.2003,0.00675,1985,1985,1,stable_forest,CLCD_v01_Yang_Huang_zenodo.18180184,RS_derived
SAIH_AFF_r43c37,43,37,117.318604,42.206804,0.8434,0.9228,0.9653,0.9636,0.8774,0.9524,0.075,0.00265,1985,1985,1,stable_forest,CLCD_v01_Yang_Huang_zenodo.18180184,RS_derived
SAIH_AFF_r43c38,43,38,117.330655,42.206804,0.8627,0.9117,0.9129,0.9641,0.9039,0.9533,0.0494,0.00143,1985,1985,1,stable_forest,CLCD_v01_Yang_Huang_zenodo.18180184,RS_derived
SAIH_AFF_r43c39,43,39,117.342705,42.206804,0.7557,0.8588,0.8776,0.9062,0.8344,0.9053,0.0709,0.0024,1985,1985,1,stable_forest,CLCD_v01_Yang_Huang_zenodo.18180184,RS_derived
SAIH_AFF_r43c40,43,40,117.354756,42.206804,0.6032,0.7384,0.7843,0.8465,0.7006,0.8452,0.1446,0.00486,1985,1985,1,stable_forest,CLCD_v01_Yang_Huang_zenodo.18180184,RS_derived
SAIH_AFF_r43c41,43,41,117.366807,42.206804,0.3971,0.4462,0.4705,0.5654,0.4335,0.5603,0.1268,0.00396,2016,1985,0,partial_forest,CLCD_v01_Yang_Huang_zenodo.18180184,RS_derived
SAIH_AFF_r43c42,43,42,117.378858,42.206804,0.4253,0.4859,0.497,0.5676,0.4745,0.5575,0.0829,0.00255,2015,1985,0,partial_forest,CLCD_v01_Yang_Huang_zenodo.18180184,RS_derived
SAIH_AFF_r43c43,43,43,117.390908,42.206804,0.8478,0.9272,0.9575,0.973,0.9077,0.9723,0.0647,0.00228,1985,1985,1,stable_forest,CLCD_v01_Yang_Huang_zenodo.18180184,RS_derived
SAIH_AFF_r43c44,43,44,117.402959,42.206804,0.8649,0.9371,0.9581,0.9603,0.9189,0.9568,0.0379,0.00124,1985,1985,1,stable_forest,CLCD_v01_Yang_Huang_zenodo.18180184,RS_derived
SAIH_AFF_r43c45,43,45,117.41501,42.206804,0.9465,0.9714,0.9773,0.9757,0.9653,0.9623,-0.0031,0.00012,1985,1985,1,stable_forest,CLCD_v01_Yang_Huang_zenodo.18180184,RS_derived
SAIH_AFF_r43c46,43,46,117.427061,42.206804,0.8748,0.9713,0.9752,0.989,0.9329,0.989,0.056,0.0018,1985,1985,1,stable_forest,CLCD_v01_Yang_Huang_zenodo.18180184,RS_derived
SAIH_AFF_r43c47,43,47,117.439112,42.206804,0.9487,0.9934,0.9934,0.9978,0.9771,0.9978,0.0206,0.00065,1985,1985,1,stable_forest,CLCD_v01_Yang_Huang_zenodo.18180184,RS_derived
SAIH_AFF_r43c48,43,48,117.451162,42.206804,0.9068,0.9636,0.9653,0.9719,0.9505,0.965,0.0145,0.00043,1985,1985,1,stable_forest,CLCD_v01_Yang_Huang_zenodo.18180184,RS_derived
SAIH_AFF_r43c49,43,49,117.463213,42.206804,0.7049,0.8687,0.8814,0.8985,0.8281,0.903,0.0749,0.00244,1985,1985,1,stable_forest,CLCD_v01_Yang_Huang_zenodo.18180184,RS_derived
SAIH_AFF_r43c50,43,50,117.475264,42.206804,0.6157,0.6395,0.7276,0.867,0.6245,0.8629,0.2384,0.00802,1985,1985,1,stable_forest,CLCD_v01_Yang_Huang_zenodo.18180184,RS_derived
SAIH_AFF_r43c51,43,51,117.487315,42.206804,0.5345,0.578,0.7413,0.8952,0.555,0.8923,0.3372,0.01182,1985,1985,1,stable_forest,CLCD_v01_Yang_Huang_zenodo.18180184,RS_derived
SAIH_AFF_r43c52,43,52,117.499365,42.206804,0.7722,0.7992,0.9233,0.9757,0.788,0.975,0.187,0.00668,1985,1985,1,stable_forest,CLCD_v01_Yang_Huang_zenodo.18180184,RS_derived
SAIH_AFF_r43c53,43,53,117.511416,42.206804,0.5885,0.6106,0.8114,0.872,0.5916,0.8638,0.2722,0.00984,1985,1985,1,stable_forest,CLCD_v01_Yang_Huang_zenodo.18180184,RS_derived
SAIH_AFF_r43c54,43,54,117.523467,42.206804,0.2284,0.2631,0.4799,0.5946,0.2339,0.5923,0.3584,0.01306,2013,2004,0,afforested,CLCD_v01_Yang_Huang_zenodo.18180184,RS_derived
SAIH_AFF_r43c55,43,55,117.535518,42.206804,0.1151,0.1908,0.2173,0.2951,0.1557,0.2932,0.1375,0.00443,0,0,0,non_forest,CLCD_v01_Yang_Huang_zenodo.18180184,RS_derived
SAIH_AFF_r43c56,43,56,117.547568,42.206804,0.3403,0.4352,0.5124,0.5957,0.3818,0.5952,0.2134,0.00729,2009,1985,0,partial_forest,CLCD_v01_Yang_Huang_zenodo.18180184,RS_derived
SAIH_AFF_r43c57,43,57,117.559619,42.206804,0.4799,0.6007,0.6012,0.6117,0.5751,0.6113,0.0363,0.00116,1990,1985,0,stable_forest,CLCD_v01_Yang_Huang_zenodo.18180184,RS_derived
SAIH_AFF_r43c58,43,58,117.57167,42.206804,0.4655,0.6525,0.7016,0.7308,0.5846,0.7294,0.1448,0.00475,1990,1985,0,stable_forest,CLCD_v01_Yang_Huang_zenodo.18180184,RS_derived
SAIH_AFF_r43c59,43,59,117.583721,42.206804,0.2267,0.3707,0.4506,0.5494,0.3406,0.5462,0.2056,0.00718,2015,1990,0,partial_forest,CLCD_v01_Yang_Huang_zenodo.18180184,RS_derived
SAIH_AFF_r43c60,43,60,117.595772,42.206804,0.453,0.5297,0.5557,0.6314,0.5127,0.6255,0.1128,0.00364,1990,1985,0,stable_forest,CLCD_v01_Yang_Huang_zenodo.18180184,RS_derived
SAIH_AFF_r43c61,43,61,117.607822,42.206804,0.1671,0.2013,0.1997,0.3447,0.1942,0.3238,0.1295,0.00363,0,2022,0,partial_forest,CLCD_v01_Yang_Huang_zenodo.18180184,RS_derived
SAIH_AFF_r43c62,43,62,117.619873,42.206804,0.5019,0.5532,0.5543,0.6266,0.5423,0.6189,0.0766,0.00234,1985,1985,1,stable_forest,CLCD_v01_Yang_Huang_zenodo.18180184,RS_derived
SAIH_AFF_r43c63,43,63,117.631924,42.206804,0.2642,0.567,0.61,0.7176,0.4807,0.711,0.2302,0.00738,1991,1990,0,partial_forest,CLCD_v01_Yang_Huang_zenodo.18180184,RS_derived
SAIH_AFF_r43c64,43,64,117.643975,42.206804,0.3832,0.5611,0.6362,0.793,0.4795,0.7856,0.306,0.01005,1991,1985,0,partial_forest,CLCD_v01_Yang_Huang_zenodo.18180184,RS_derived
SAIH_AFF_r44c26,44,26,117.186045,42.197765,0.4431,0.4624,0.4871,0.5951,0.4509,0.5926,0.1417,0.00451,2014,1985,0,partial_forest,CLCD_v01_Yang_Huang_zenodo.18180184,RS_derived
SAIH_AFF_r44c29,44,29,117.222198,42.197765,0.1767,0.1864,0.29,0.5252,0.1814,0.5076,0.3262,0.01011,2022,2013,0,afforested,CLCD_v01_Yang_Huang_zenodo.18180184,RS_derived
SAIH_AFF_r44c30,44,30,117.234248,42.197765,0.0458,0.0621,0.2084,0.4642,0.0477,0.4414,0.3937,0.01284,0,2016,0,partial_forest,CLCD_v01_Yang_Huang_zenodo.18180184,RS_derived
SAIH_AFF_r44c31,44,31,117.246299,42.197765,0.6348,0.71,0.7712,0.811,0.6654,0.8087,0.1433,0.00495,1985,1985,1,stable_forest,CLCD_v01_Yang_Huang_zenodo.18180184,RS_derived
SAIH_AFF_r44c32,44,32,117.25835,42.197765,0.8045,0.9012,0.9243,0.9689,0.8584,0.9646,0.1062,0.00338,1985,1985,1,stable_forest,CLCD_v01_Yang_Huang_zenodo.18180184,RS_derived
SAIH_AFF_r44c33,44,33,117.270401,42.197765,0.7266,0.8963,0.9318,0.9855,0.8211,0.9788,0.1577,0.005,1985,1985,1,stable_forest,CLCD_v01_Yang_Huang_zenodo.18180184,RS_derived
SAIH_AFF_r44c34,44,34,117.282452,42.197765,0.5747,0.8271,0.9157,0.9699,0.6708,0.9672,0.2964,0.00967,1985,1985,1,stable_forest,CLCD_v01_Yang_Huang_zenodo.18180184,RS_derived
SAIH_AFF_r44c35,44,35,117.294502,42.197765,0.7284,0.8774,0.9421,0.9905,0.7526,0.9889,0.2364,0.00758,1985,1985,1,stable_forest,CLCD_v01_Yang_Huang_zenodo.18180184,RS_derived
SAIH_AFF_r44c36,44,36,117.306553,42.197765,0.6364,0.8346,0.9221,0.9774,0.6978,0.9737,0.2759,0.00898,1985,1985,1,stable_forest,CLCD_v01_Yang_Huang_zenodo.18180184,RS_derived
SAIH_AFF_r44c37,44,37,117.318604,42.197765,0.7965,0.8872,0.9194,0.9318,0.8301,0.9205,0.0905,0.00298,1985,1985,1,stable_forest,CLCD_v01_Yang_Huang_zenodo.18180184,RS_derived
SAIH_AFF_r44c38,44,38,117.330655,42.197765,0.87,0.9436,0.9506,0.9345,0.9227,0.9315,0.0089,0.00066,1985,1985,1,stable_forest,CLCD_v01_Yang_Huang_zenodo.18180184,RS_derived
SAIH_AFF_r44c39,44,39,117.342705,42.197765,0.6482,0.7943,0.8088,0.8647,0.7688,0.8613,0.0925,0.00302,1985,1985,1,stable_forest,CLCD_v01_Yang_Huang_zenodo.18180184,RS_derived
SAIH_AFF_r44c40,44,40,117.354756,42.197765,0.7121,0.7847,0.8395,0.9537,0.7682,0.9522,0.184,0.00616,1985,1985,1,stable_forest,CLCD_v01_Yang_Huang_zenodo.18180184,RS_derived
SAIH_AFF_r44c41,44,41,117.366807,42.197765,0.616,0.6998,0.7148,0.7868,0.6793,0.7834,0.1041,0.00327,1985,1985,1,stable_forest,CLCD_v01_Yang_Huang_zenodo.18180184,RS_derived
SAIH_AFF_r44c42,44,42,117.378858,42.197765,0.4624,0.6241,0.6477,0.7508,0.581,0.7359,0.1548,0.00476,1990,1985,0,stable_forest,CLCD_v01_Yang_Huang_zenodo.18180184,RS_derived
SAIH_AFF_r44c43,44,43,117.390908,42.197765,0.805,0.8496,0.8631,0.862,0.84,0.8606,0.0207,0.00079,1985,1985,1,stable_forest,CLCD_v01_Yang_Huang_zenodo.18180184,RS_derived
SAIH_AFF_r44c44,44,44,117.402959,42.197765,0.8416,0.9361,0.9506,0.9834,0.9148,0.9719,0.0571,0.00184,1985,1985,1,stable_forest,CLCD_v01_Yang_Huang_zenodo.18180184,RS_derived
SAIH_AFF_r44c45,44,45,117.41501,42.197765,0.9032,0.9789,0.9811,0.9932,0.9605,0.993,0.0325,0.00103,1985,1985,1,stable_forest,CLCD_v01_Yang_Huang_zenodo.18180184,RS_derived
SAIH_AFF_r44c46,44,46,117.427061,42.197765,0.8249,0.9189,0.9372,0.9791,0.8878,0.9743,0.0865,0.00276,1985,1985,1,stable_forest,CLCD_v01_Yang_Huang_zenodo.18180184,RS_derived
SAIH_AFF_r44c47,44,47,117.439112,42.197765,0.8953,0.957,0.9801,0.9995,0.929,0.9995,0.0704,0.00239,1985,1985,1,stable_forest,CLCD_v01_Yang_Huang_zenodo.18180184,RS_derived
SAIH_AFF_r44c48,44,48,117.451162,42.197765,0.928,0.9667,0.9683,0.978,0.9538,0.978,0.0242,0.00079,1985,1985,1,stable_forest,CLCD_v01_Yang_Huang_zenodo.18180184,RS_derived
SAIH_AFF_r44c49,44,49,117.463213,42.197765,0.8818,0.9737,0.9941,0.9941,0.9568,0.9941,0.0373,0.00136,1985,1985,1,stable_forest,CLCD_v01_Yang_Huang_zenodo.18180184,RS_derived
SAIH_AFF_r44c50,44,50,117.475264,42.197765,0.8726,0.9458,0.9621,0.9711,0.9118,0.9705,0.0587,0.00199,1985,1985,1,stable_forest,CLCD_v01_Yang_Huang_zenodo.18180184,RS_derived
SAIH_AFF_r44c51,44,51,117.487315,42.197765,0.9286,0.9619,0.9656,0.9962,0.9445,0.9954,0.0509,0.00165,1985,1985,1,stable_forest,CLCD_v01_Yang_Huang_zenodo.18180184,RS_derived
SAIH_AFF_r44c52,44,52,117.499365,42.197765,0.5768,0.6869,0.7916,0.9753,0.6425,0.969,0.3266,0.01121,1985,1985,1,stable_forest,CLCD_v01_Yang_Huang_zenodo.18180184,RS_derived
SAIH_AFF_r44c53,44,53,117.511416,42.197765,0.5021,0.6155,0.6837,0.8802,0.5207,0.8816,0.3609,0.0122,1985,1985,1,stable_forest,CLCD_v01_Yang_Huang_zenodo.18180184,RS_derived
SAIH_AFF_r44c54,44,54,117.523467,42.197765,0.2911,0.3195,0.4603,0.718,0.3052,0.7137,0.4085,0.01392,2012,1990,0,partial_forest,CLCD_v01_Yang_Huang_zenodo.18180184,RS_derived
SAIH_AFF_r44c55,44,55,117.535518,42.197765,0.0,0.0011,0.1274,0.4732,0.0008,0.479,0.4783,0.01669,0,2014,0,partial_forest,CLCD_v01_Yang_Huang_zenodo.18180184,RS_derived
SAIH_AFF_r44c56,44,56,117.547568,42.197765,0.0736,0.1869,0.2594,0.3582,0.1219,0.3609,0.239,0.00796,0,2015,0,partial_forest,CLCD_v01_Yang_Huang_zenodo.18180184,RS_derived
SAIH_AFF_r44c57,44,57,117.559619,42.197765,0.217,0.3808,0.4103,0.5392,0.3443,0.5308,0.1865,0.00581,2019,1990,0,partial_forest,CLCD_v01_Yang_Huang_zenodo.18180184,RS_derived
SAIH_AFF_r44c58,44,58,117.57167,42.197765,0.1353,0.2513,0.2615,0.3792,0.2204,0.3713,0.1509,0.00454,0,2016,0,partial_forest,CLCD_v01_Yang_Huang_zenodo.18180184,RS_derived
SAIH_AFF_r44c59,44,59,117.583721,42.197765,0.5344,0.667,0.7132,0.7793,0.63,0.7767,0.1467,0.00502,1985,1985,1,stable_forest,CLCD_v01_Yang_Huang_zenodo.18180184,RS_derived
SAIH_AFF_r44c60,44,60,117.595772,42.197765,0.3237,0.3858,0.4116,0.6342,0.365,0.6269,0.262,0.00826,2015,1985,0,partial_forest,CLCD_v01_Yang_Huang_zenodo.18180184,RS_derived
SAIH_AFF_r44c61,44,61,117.607822,42.197765,0.2981,0.3351,0.333,0.3652,0.3245,0.3617,0.0372,0.00113,0,1990,0,partial_forest,CLCD_v01_Yang_Huang_zenodo.18180184,RS_derived
SAIH_AFF_r44c62,44,62,117.619873,42.197765,0.0988,0.1429,0.1633,0.2422,0.1208,0.2382,0.1173,0.00394,0,0,0,non_forest,CLCD_v01_Yang_Huang_zenodo.18180184,RS_derived
SAIH_AFF_r44c63,44,63,117.631924,42.197765,0.4168,0.5064,0.5258,0.6676,0.4737,0.6619,0.1882,0.00636,1994,1985,0,partial_forest,CLCD_v01_Yang_Huang_zenodo.18180184,RS_derived
SAIH_AFF_r44c64,44,64,117.643975,42.197765,0.4089,0.6826,0.8005,0.8921,0.4686,0.8902,0.4216,0.0138,1997,1985,0,partial_forest,CLCD_v01_Yang_Huang_zenodo.18180184,RS_derived
SAIH_AFF_r45c03,45,3,116.908878,42.188726,0.0,0.0,0.0,0.1484,0.0,0.1088,0.1088,0.00306,0,0,0,non_forest,CLCD_v01_Yang_Huang_zenodo.18180184,RS_derived
SAIH_AFF_r45c26,45,26,117.186045,42.188726,0.3723,0.4363,0.4424,0.5074,0.418,0.5054,0.0874,0.00283,2020,1985,0,partial_forest,CLCD_v01_Yang_Huang_zenodo.18180184,RS_derived
SAIH_AFF_r45c27,45,27,117.198096,42.188726,0.4192,0.4688,0.5268,0.7005,0.4412,0.6939,0.2527,0.00777,2007,1985,0,partial_forest,CLCD_v01_Yang_Huang_zenodo.18180184,RS_derived
SAIH_AFF_r45c28,45,28,117.210147,42.188726,0.2901,0.3519,0.3949,0.6161,0.3237,0.6089,0.2852,0.00815,2019,1990,0,partial_forest,CLCD_v01_Yang_Huang_zenodo.18180184,RS_derived
SAIH_AFF_r45c29,45,29,117.222198,42.188726,0.7226,0.7959,0.8417,0.9581,0.7526,0.958,0.2054,0.00641,1985,1985,1,stable_forest,CLCD_v01_Yang_Huang_zenodo.18180184,RS_derived
SAIH_AFF_r45c30,45,30,117.234248,42.188726,0.3978,0.453,0.6822,0.7968,0.4138,0.7854,0.3716,0.013,2004,1985,0,partial_forest,CLCD_v01_Yang_Huang_zenodo.18180184,RS_derived
SAIH_AFF_r45c31,45,31,117.246299,42.188726,0.7209,0.7573,0.7788,0.9222,0.7438,0.8955,0.1516,0.00426,1985,1985,1,stable_forest,CLCD_v01_Yang_Huang_zenodo.18180184,RS_derived
SAIH_AFF_r45c32,45,32,117.25835,42.188726,0.6315,0.7468,0.8252,0.9322,0.708,0.9185,0.2105,0.00661,1985,1985,1,stable_forest,CLCD_v01_Yang_Huang_zenodo.18180184,RS_derived
SAIH_AFF_r45c33,45,33,117.270401,42.188726,0.7937,0.8742,0.9349,0.9741,0.8318,0.9689,0.1371,0.00462,1985,1985,1,stable_forest,CLCD_v01_Yang_Huang_zenodo.18180184,RS_derived
SAIH_AFF_r45c34,45,34,117.282452,42.188726,0.5764,0.6977,0.8097,0.9272,0.6074,0.9185,0.311,0.01025,1985,1985,1,stable_forest,CLCD_v01_Yang_Huang_zenodo.18180184,RS_derived
SAIH_AFF_r45c35,45,35,117.294502,42.188726,0.6995,0.9114,0.9578,0.9719,0.7833,0.969,0.1857,0.00579,1985,1985,1,stable_forest,CLCD_v01_Yang_Huang_zenodo.18180184,RS_derived
SAIH_AFF_r45c36,45,36,117.306553,42.188726,0.6944,0.861,0.9625,0.9835,0.7107,0.9795,0.2688,0.0088,1985,1985,1,stable_forest,CLCD_v01_Yang_Huang_zenodo.18180184,RS_derived
SAIH_AFF_r45c37,45,37,117.318604,42.188726,0.7093,0.8417,0.8753,0.9024,0.7535,0.8574,0.1039,0.00311,1985,1985,1,stable_forest,CLCD_v01_Yang_Huang_zenodo.18180184,RS_derived
SAIH_AFF_r45c38,45,38,117.330655,42.188726,0.9079,0.9575,0.9608,0.973,0.9413,0.966,0.0247,0.00083,1985,1985,1,stable_forest,CLCD_v01_Yang_Huang_zenodo.18180184,RS_derived
SAIH_AFF_r45c39,45,39,117.342705,42.188726,0.8726,0.9101,0.9217,0.9575,0.8974,0.9525,0.0551,0.00183,1985,1985,1,stable_forest,CLCD_v01_Yang_Huang_zenodo.18180184,RS_derived
SAIH_AFF_r45c40,45,40,117.354756,42.188726,0.5346,0.6038,0.6832,0.8519,0.5812,0.8428,0.2616,0.0084,1985,1985,1,stable_forest,CLCD_v01_Yang_Huang_zenodo.18180184,RS_derived
SAIH_AFF_r45c41,45,41,117.366807,42.188726,0.3017,0.4208,0.4264,0.738,0.3967,0.7137,0.317,0.00888,2016,1985,0,partial_forest,CLCD_v01_Yang_Huang_zenodo.18180184,RS_derived
SAIH_AFF_r45c42,45,42,117.378858,42.188726,0.326,0.428,0.4931,0.829,0.3873,0.789,0.4017,0.01226,2013,1985,0,partial_forest,CLCD_v01_Yang_Huang_zenodo.18180184,RS_derived
SAIH_AFF_r45c43,45,43,117.390908,42.188726,0.8191,0.8731,0.8809,0.8952,0.8579,0.8952,0.0373,0.00126,1985,1985,1,stable_forest,CLCD_v01_Yang_Huang_zenodo.18180184,RS_derived
SAIH_AFF_r45c44,45,44,117.402959,42.188726,0.9222,0.9818,0.9879,0.995,0.9639,0.995,0.0311,0.00103,1985,1985,1,stable_forest,CLCD_v01_Yang_Huang_zenodo.18180184,RS_derived
SAIH_AFF_r45c45,45,45,117.41501,42.188726,0.8762,0.9697,0.9773,0.987,0.9459,0.9865,0.0405,0.00134,1985,1985,1,stable_forest,CLCD_v01_Yang_Huang_zenodo.18180184,RS_derived
SAIH_AFF_r45c46,45,46,117.427061,42.188726,0.6867,0.8263,0.8577,0.9581,0.7951,0.9548,0.1596,0.00533,1985,1985,1,stable_forest,CLCD_v01_Yang_Huang_zenodo.18180184,RS_derived
SAIH_AFF_r45c47,45,47,117.439112,42.188726,0.7661,0.813,0.8538,0.9647,0.7999,0.9627,0.1628,0.0055,1985,1985,1,stable_forest,CLCD_v01_Yang_Huang_zenodo.18180184,RS_derived
SAIH_AFF_r45c48,45,48,117.451162,42.188726,0.9029,0.9437,0.952,0.9719,0.9351,0.9719,0.0368,0.00124,1985,1985,1,stable_forest,CLCD_v01_Yang_Huang_zenodo.18180184,RS_derived
SAIH_AFF_r45c49,45,49,117.463213,42.188726,0.8825,0.9774,0.9835,0.9901,0.9548,0.986,0.0313,0.00104,1985,1985,1,stable_forest,CLCD_v01_Yang_Huang_zenodo.18180184,RS_derived
SAIH_AFF_r45c50,45,50,117.475264,42.188726,0.8292,0.8968,0.9059,0.9276,0.8734,0.9261,0.0527,0.00173,1985,1985,1,stable_forest,CLCD_v01_Yang_Huang_zenodo.18180184,RS_derived
SAIH_AFF_r45c51,45,51,117.487315,42.188726,0.6404,0.6972,0.7143,0.8693,0.6804,0.8649,0.1845,0.00564,1985,1985,1,stable_forest,CLCD_v01_Yang_Huang_zenodo.18180184,RS_derived
SAIH_AFF_r45c52,45,52,117.499365,42.188726,0.6448,0.775,0.9123,0.9713,0.7341,0.9664,0.2322,0.00843,1985,1985,1,stable_forest,CLCD_v01_Yang_Huang_zenodo.18180184,RS_derived
SAIH_AFF_r45c53,45,53,117.511416,42.188726,0.0585,0.2157,0.4876,0.818,0.0831,0.826,0.7428,0.0263,2011,2006,0,afforested,CLCD_v01_Yang_Huang_zenodo.18180184,RS_derived
SAIH_AFF_r45c54,45,54,117.523467,42.188726,0.2085,0.2416,0.3122,0.6277,0.219,0.6186,0.3996,0.01251,2017,2010,0,afforested,CLCD_v01_Yang_Huang_zenodo.18180184,RS_derived
SAIH_AFF_r45c55,45,55,117.535518,42.188726,0.0232,0.0276,0.1032,0.4773,0.0246,0.4664,0.4418,0.01503,0,2015,0,partial_forest,CLCD_v01_Yang_Huang_zenodo.18180184,RS_derived
SAIH_AFF_r45c58,45,58,117.57167,42.188726,0.096,0.1942,0.2272,0.3149,0.1698,0.3045,0.1347,0.00443,0,2022,0,partial_forest,CLCD_v01_Yang_Huang_zenodo.18180184,RS_derived
SAIH_AFF_r45c59,45,59,117.583721,42.188726,0.3304,0.5576,0.5665,0.6271,0.4978,0.6259,0.1281,0.00405,1991,1985,0,partial_forest,CLCD_v01_Yang_Huang_zenodo.18180184,RS_derived
SAIH_AFF_r45c60,45,60,117.595772,42.188726,0.0876,0.1941,0.2173,0.3719,0.1619,0.3625,0.2007,0.00646,0,2016,0,partial_forest,CLCD_v01_Yang_Huang_zenodo.18180184,RS_derived
SAIH_AFF_r45c61,45,61,117.607822,42.188726,0.417,0.5411,0.5383,0.6327,0.501,0.6259,0.1249,0.00399,1992,1985,0,stable_forest,CLCD_v01_Yang_Huang_zenodo.18180184,RS_derived
SAIH_AFF_r45c62,45,62,117.619873,42.188726,0.5803,0.7049,0.7308,0.8285,0.6696,0.8269,0.1573,0.00535,1985,1985,1,stable_forest,CLCD_v01_Yang_Huang_zenodo.18180184,RS_derived
SAIH_AFF_r45c63,45,63,117.631924,42.188726,0.7871,0.9018,0.9189,0.9956,0.8766,0.9952,0.1186,0.00392,1985,1985,1,stable_forest,CLCD_v01_Yang_Huang_zenodo.18180184,RS_derived
SAIH_AFF_r45c64,45,64,117.643975,42.188726,0.4297,0.6162,0.7616,0.8114,0.5092,0.8114,0.3022,0.01033,1991,1985,0,stable_forest,CLCD_v01_Yang_Huang_zenodo.18180184,RS_derived
SAIH_AFF_r46c04,46,4,116.920928,42.179687,0.0039,0.0094,0.0392,0.2769,0.0062,0.2498,0.2435,0.00756,0,0,0,non_forest,CLCD_v01_Yang_Huang_zenodo.18180184,RS_derived
SAIH_AFF_r46c22,46,22,117.137842,42.179687,0.0,0.0,0.0,0.1495,0.0,0.14,0.14,0.0039,0,0,0,non_forest,CLCD_v01_Yang_Huang_zenodo.18180184,RS_derived
SAIH_AFF_r46c25,46,25,117.173995,42.179687,0.087,0.1027,0.1346,0.2276,0.0991,0.2255,0.1264,0.00404,0,0,0,non_forest,CLCD_v01_Yang_Huang_zenodo.18180184,RS_derived
SAIH_AFF_r46c26,46,26,117.186045,42.179687,0.3078,0.3442,0.3508,0.4214,0.3359,0.4199,0.084,0.00273,0,1985,0,partial_forest,CLCD_v01_Yang_Huang_zenodo.18180184,RS_derived
SAIH_AFF_r46c27,46,27,117.198096,42.179687,0.5483,0.658,0.6867,0.7843,0.6216,0.7782,0.1566,0.00495,1985,1985,1,stable_forest,CLCD_v01_Yang_Huang_zenodo.18180184,RS_derived
SAIH_AFF_r46c28,46,28,117.210147,42.179687,0.8621,0.9564,0.9801,0.9945,0.9166,0.9945,0.0779,0.0026,1985,1985,1,stable_forest,CLCD_v01_Yang_Huang_zenodo.18180184,RS_derived
SAIH_AFF_r46c29,46,29,117.222198,42.179687,0.7716,0.8169,0.8533,0.9305,0.7935,0.9287,0.1352,0.00435,1985,1985,1,stable_forest,CLCD_v01_Yang_Huang_zenodo.18180184,RS_derived
SAIH_AFF_r46c30,46,30,117.234248,42.179687,0.5735,0.7254,0.807,0.9492,0.6606,0.9336,0.273,0.0085,1985,1985,1,stable_forest,CLCD_v01_Yang_Huang_zenodo.18180184,RS_derived
SAIH_AFF_r46c31,46,31,117.246299,42.179687,0.6255,0.6757,0.7501,0.9222,0.6612,0.8997,0.2385,0.00731,1985,1985,1,stable_forest,CLCD_v01_Yang_Huang_zenodo.18180184,RS_derived
SAIH_AFF_r46c32,46,32,117.25835,42.179687,0.545,0.6106,0.6591,0.8748,0.6006,0.8556,0.255,0.00732,1985,1985,1,stable_forest,CLCD_v01_Yang_Huang_zenodo.18180184,RS_derived
SAIH_AFF_r46c33,46,33,117.270401,42.179687,0.4275,0.5604,0.647,0.8119,0.4978,0.7919,0.294,0.00919,1990,1985,0,partial_forest,CLCD_v01_Yang_Huang_zenodo.18180184,RS_derived
SAIH_AFF_r46c34,46,34,117.282452,42.179687,0.5951,0.6674,0.7369,0.8737,0.6311,0.8511,0.22,0.00691,1985,1985,1,stable_forest,CLCD_v01_Yang_Huang_zenodo.18180184,RS_derived
SAIH_AFF_r46c35,46,35,117.294502,42.179687,0.7259,0.8141,0.8881,0.9541,0.7526,0.9512,0.1986,0.00654,1985,1985,1,stable_forest,CLCD_v01_Yang_Huang_zenodo.18180184,RS_derived
SAIH_AFF_r46c36,46,36,117.306553,42.179687,0.5576,0.7557,0.8671,0.9382,0.6013,0.9312,0.3299,0.01065,1985,1985,1,stable_forest,CLCD_v01_Yang_Huang_zenodo.18180184,RS_derived
SAIH_AFF_r46c37,46,37,117.318604,42.179687,0.8235,0.8781,0.8991,0.8908,0.8525,0.8756,0.0231,0.00078,1985,1985,1,stable_forest,CLCD_v01_Yang_Huang_zenodo.18180184,RS_derived
SAIH_AFF_r46c38,46,38,117.330655,42.179687,0.9277,0.9741,0.979,0.9989,0.9614,0.9929,0.0315,0.00091,1985,1985,1,stable_forest,CLCD_v01_Yang_Huang_zenodo.18180184,RS_derived
SAIH_AFF_r46c39,46,39,117.342705,42.179687,0.9079,0.9493,0.952,0.984,0.9337,0.9778,0.0442,0.00132,1985,1985,1,stable_forest,CLCD_v01_Yang_Huang_zenodo.18180184,RS_derived
SAIH_AFF_r46c40,46,40,117.354756,42.179687,0.8405,0.8865,0.8946,0.9589,0.8606,0.9575,0.0969,0.00292,1985,1985,1,stable_forest,CLCD_v01_Yang_Huang_zenodo.18180184,RS_derived
SAIH_AFF_r46c41,46,41,117.366807,42.179687,0.8456,0.8836,0.8908,0.9399,0.871,0.9379,0.0669,0.00206,1985,1985,1,stable_forest,CLCD_v01_Yang_Huang_zenodo.18180184,RS_derived
SAIH_AFF_r46c42,46,42,117.378858,42.179687,0.4473,0.5284,0.5334,0.6564,0.5052,0.6435,0.1383,0.00413,1991,1985,0,stable_forest,CLCD_v01_Yang_Huang_zenodo.18180184,RS_derived
SAIH_AFF_r46c43,46,43,117.390908,42.179687,0.6751,0.7297,0.7402,0.8103,0.715,0.8072,0.0922,0.00298,1985,1985,1,stable_forest,CLCD_v01_Yang_Huang_zenodo.18180184,RS_derived
SAIH_AFF_r46c44,46,44,117.402959,42.179687,0.7424,0.8549,0.8847,0.9095,0.8108,0.9093,0.0985,0.00336,1985,1985,1,stable_forest,CLCD_v01_Yang_Huang_zenodo.18180184,RS_derived
SAIH_AFF_r46c45,46,45,117.41501,42.179687,0.8616,0.9357,0.9389,0.9465,0.9006,0.9459,0.0453,0.00148,1985,1985,1,stable_forest,CLCD_v01_Yang_Huang_zenodo.18180184,RS_derived
SAIH_AFF_r46c46,46,46,117.427061,42.179687,0.6575,0.7181,0.733,0.8869,0.7012,0.8764,0.1752,0.00541,1985,1985,1,stable_forest,CLCD_v01_Yang_Huang_zenodo.18180184,RS_derived
SAIH_AFF_r46c47,46,47,117.439112,42.179687,0.8847,0.9432,0.9437,0.9746,0.9249,0.9744,0.0494,0.00154,1985,1985,1,stable_forest,CLCD_v01_Yang_Huang_zenodo.18180184,RS_derived
SAIH_AFF_r46c48,46,48,117.451162,42.179687,0.8908,0.9305,0.9382,0.9504,0.9204,0.9504,0.0299,0.001,1985,1985,1,stable_forest,CLCD_v01_Yang_Huang_zenodo.18180184,RS_derived
SAIH_AFF_r46c49,46,49,117.463213,42.179687,0.8858,0.941,0.9498,0.9669,0.9272,0.9581,0.0309,0.00112,1985,1985,1,stable_forest,CLCD_v01_Yang_Huang_zenodo.18180184,RS_derived
SAIH_AFF_r46c50,46,50,117.475264,42.179687,0.8211,0.8751,0.8865,0.9459,0.8641,0.9366,0.0725,0.00217,1985,1985,1,stable_forest,CLCD_v01_Yang_Huang_zenodo.18180184,RS_derived
SAIH_AFF_r46c51,46,51,117.487315,42.179687,0.4573,0.5229,0.5416,0.6354,0.5056,0.6346,0.1289,0.00407,1991,1985,0,stable_forest,CLCD_v01_Yang_Huang_zenodo.18180184,RS_derived
SAIH_AFF_r46c52,46,52,117.499365,42.179687,0.6795,0.8075,0.8235,0.9062,0.772,0.9038,0.1317,0.00413,1985,1985,1,stable_forest,CLCD_v01_Yang_Huang_zenodo.18180184,RS_derived
SAIH_AFF_r46c53,46,53,117.511416,42.179687,0.3243,0.4639,0.5328,0.8141,0.4174,0.808,0.3906,0.01363,2010,1985,0,partial_forest,CLCD_v01_Yang_Huang_zenodo.18180184,RS_derived
SAIH_AFF_r46c54,46,54,117.523467,42.179687,0.2863,0.31,0.3993,0.5852,0.3015,0.5722,0.2707,0.0087,2017,1991,0,partial_forest,CLCD_v01_Yang_Huang_zenodo.18180184,RS_derived
SAIH_AFF_r46c55,46,55,117.535518,42.179687,0.2616,0.3292,0.4622,0.7465,0.305,0.7329,0.4279,0.0147,2012,1991,0,partial_forest,CLCD_v01_Yang_Huang_zenodo.18180184,RS_derived
SAIH_AFF_r46c56,46,56,117.547568,42.179687,0.0998,0.1401,0.176,0.3199,0.1253,0.3195,0.1943,0.00629,0,2018,0,partial_forest,CLCD_v01_Yang_Huang_zenodo.18180184,RS_derived
SAIH_AFF_r46c58,46,58,117.57167,42.179687,0.139,0.337,0.455,0.631,0.2751,0.6409,0.3658,0.01224,2015,1992,0,afforested,CLCD_v01_Yang_Huang_zenodo.18180184,RS_derived
SAIH_AFF_r46c59,46,59,117.583721,42.179687,0.1241,0.2228,0.2554,0.4655,0.1957,0.4584,0.2627,0.00819,0,2015,0,partial_forest,CLCD_v01_Yang_Huang_zenodo.18180184,RS_derived
SAIH_AFF_r46c60,46,60,117.595772,42.179687,0.6211,0.7081,0.6941,0.773,0.6898,0.7576,0.0678,0.00194,1985,1985,1,stable_forest,CLCD_v01_Yang_Huang_zenodo.18180184,RS_derived
SAIH_AFF_r46c61,46,61,117.607822,42.179687,0.7871,0.9288,0.9349,0.9515,0.8932,0.9507,0.0575,0.00184,1985,1985,1,stable_forest,CLCD_v01_Yang_Huang_zenodo.18180184,RS_derived
SAIH_AFF_r46c62,46,62,117.619873,42.179687,0.7689,0.8715,0.9013,0.9691,0.8391,0.9681,0.129,0.00428,1985,1985,1,stable_forest,CLCD_v01_Yang_Huang_zenodo.18180184,RS_derived
SAIH_AFF_r46c63,46,63,117.631924,42.179687,0.2813,0.4291,0.4407,0.5946,0.3786,0.5867,0.2081,0.00631,2016,1990,0,partial_forest,CLCD_v01_Yang_Huang_zenodo.18180184,RS_derived
SAIH_AFF_r46c64,46,64,117.643975,42.179687,0.2216,0.4281,0.5362,0.6541,0.2949,0.6531,0.3582,0.01172,2005,1992,0,afforested,CLCD_v01_Yang_Huang_zenodo.18180184,RS_derived
SAIH_AFF_r47c25,47,25,117.173995,42.170648,0.3265,0.3778,0.453,0.5827,0.3328,0.5798,0.247,0.00817,2015,1985,0,partial_forest,CLCD_v01_Yang_Huang_zenodo.18180184,RS_derived
SAIH_AFF_r47c26,47,26,117.186045,42.170648,0.5284,0.5709,0.5946,0.6768,0.552,0.6742,0.1222,0.004,1985,1985,1,stable_forest,CLCD_v01_Yang_Huang_zenodo.18180184,RS_derived
SAIH_AFF_r47c27,47,27,117.198096,42.170648,0.6249,0.8886,0.9018,0.9355,0.8087,0.9338,0.1251,0.00394,1985,1985,1,stable_forest,CLCD_v01_Yang_Huang_zenodo.18180184,RS_derived
SAIH_AFF_r47c28,47,28,117.210147,42.170648,0.7722,0.9829,0.995,0.9956,0.9396,0.9958,0.0562,0.00193,1985,1985,1,stable_forest,CLCD_v01_Yang_Huang_zenodo.18180184,RS_derived
SAIH_AFF_r47c29,47,29,117.222198,42.170648,0.9625,0.9835,0.9906,1.0,0.9759,1.0,0.0241,0.0008,1985,1985,1,stable_forest,CLCD_v01_Yang_Huang_zenodo.18180184,RS_derived
SAIH_AFF_r47c30,47,30,117.234248,42.170648,0.8649,0.8859,0.9243,0.9632,0.8785,0.9614,0.0828,0.00293,1985,1985,1,stable_forest,CLCD_v01_Yang_Huang_zenodo.18180184,RS_derived
SAIH_AFF_r47c31,47,31,117.246299,42.170648,0.9156,0.9349,0.9426,0.9653,0.9319,0.9642,0.0323,0.00102,1985,1985,1,stable_forest,CLCD_v01_Yang_Huang_zenodo.18180184,RS_derived
SAIH_AFF_r47c32,47,32,117.25835,42.170648,0.3243,0.3778,0.4341,0.791,0.3686,0.7521,0.3835,0.01132,2015,1985,0,partial_forest,CLCD_v01_Yang_Huang_zenodo.18180184,RS_derived
SAIH_AFF_r47c33,47,33,117.270401,42.170648,0.5747,0.6084,0.6216,0.722,0.605,0.7007,0.0957,0.0026,1985,1985,1,stable_forest,CLCD_v01_Yang_Huang_zenodo.18180184,RS_derived
SAIH_AFF_r47c34,47,34,117.282452,42.170648,0.5565,0.6453,0.7474,0.9156,0.5818,0.8911,0.3093,0.01005,1985,1985,1,stable_forest,CLCD_v01_Yang_Huang_zenodo.18180184,RS_derived
SAIH_AFF_r47c35,47,35,117.294502,42.170648,0.2778,0.3146,0.4157,0.7854,0.2991,0.7516,0.4525,0.01417,2015,1991,0,afforested,CLCD_v01_Yang_Huang_zenodo.18180184,RS_derived
SAIH_AFF_r47c36,47,36,117.306553,42.170648,0.3745,0.4832,0.6321,0.8555,0.4189,0.8385,0.4196,0.01385,2002,1985,0,partial_forest,CLCD_v01_Yang_Huang_zenodo.18180184,RS_derived
SAIH_AFF_r47c37,47,37,117.318604,42.170648,0.6851,0.8069,0.9095,0.9724,0.7577,0.9709,0.2132,0.00746,1985,1985,1,stable_forest,CLCD_v01_Yang_Huang_zenodo.18180184,RS_derived
SAIH_AFF_r47c38,47,38,117.330655,42.170648,0.8252,0.8974,0.9641,0.9007,0.8556,0.9351,0.0795,0.00327,1985,1985,1,stable_forest,CLCD_v01_Yang_Huang_zenodo.18180184,RS_derived
SAIH_AFF_r47c39,47,39,117.342705,42.170648,0.9338,0.9746,0.9961,0.9972,0.954,0.9949,0.0409,0.0014,1985,1985,1,stable_forest,CLCD_v01_Yang_Huang_zenodo.18180184,RS_derived
SAIH_AFF_r47c40,47,40,117.354756,42.170648,0.9384,0.9611,0.9649,0.9714,0.9558,0.9605,0.0048,0.00013,1985,1985,1,stable_forest,CLCD_v01_Yang_Huang_zenodo.18180184,RS_derived
SAIH_AFF_r47c41,47,41,117.366807,42.170648,0.8941,0.9399,0.9454,0.9614,0.9196,0.961,0.0414,0.00132,1985,1985,1,stable_forest,CLCD_v01_Yang_Huang_zenodo.18180184,RS_derived
SAIH_AFF_r47c42,47,42,117.378858,42.170648,0.6404,0.6768,0.6806,0.7215,0.6695,0.7174,0.048,0.00151,1985,1985,1,stable_forest,CLCD_v01_Yang_Huang_zenodo.18180184,RS_derived
SAIH_AFF_r47c43,47,43,117.390908,42.170648,0.2537,0.2962,0.3199,0.4688,0.2785,0.453,0.1746,0.00513,0,2002,0,partial_forest,CLCD_v01_Yang_Huang_zenodo.18180184,RS_derived
SAIH_AFF_r47c44,47,44,117.402959,42.170648,0.3365,0.3955,0.4379,0.6189,0.3728,0.5966,0.2238,0.00687,2016,1985,0,partial_forest,CLCD_v01_Yang_Huang_zenodo.18180184,RS_derived
SAIH_AFF_r47c45,47,45,117.41501,42.170648,0.8908,0.9454,0.9616,0.9789,0.9185,0.9787,0.0603,0.00198,1985,1985,1,stable_forest,CLCD_v01_Yang_Huang_zenodo.18180184,RS_derived
SAIH_AFF_r47c46,47,46,117.427061,42.170648,0.6459,0.6718,0.7104,0.9035,0.6669,0.8889,0.222,0.00694,1985,1985,1,stable_forest,CLCD_v01_Yang_Huang_zenodo.18180184,RS_derived
SAIH_AFF_r47c47,47,47,117.439112,42.170648,0.8334,0.877,0.8803,0.9862,0.8671,0.9855,0.1183,0.00387,1985,1985,1,stable_forest,CLCD_v01_Yang_Huang_zenodo.18180184,RS_derived
SAIH_AFF_r47c48,47,48,117.451162,42.170648,0.8009,0.8417,0.85,0.9277,0.8298,0.9245,0.0947,0.00292,1985,1985,1,stable_forest,CLCD_v01_Yang_Huang_zenodo.18180184,RS_derived
SAIH_AFF_r47c49,47,49,117.463213,42.170648,0.8505,0.9024,0.9062,0.9349,0.8901,0.9296,0.0395,0.00113,1985,1985,1,stable_forest,CLCD_v01_Yang_Huang_zenodo.18180184,RS_derived
SAIH_AFF_r47c50,47,50,117.475264,42.170648,0.8011,0.8643,0.8768,0.9324,0.8483,0.9275,0.0791,0.00246,1985,1985,1,stable_forest,CLCD_v01_Yang_Huang_zenodo.18180184,RS_derived
SAIH_AFF_r47c51,47,51,117.487315,42.170648,0.5108,0.5422,0.5621,0.7292,0.5361,0.7269,0.1908,0.00578,1985,1985,1,stable_forest,CLCD_v01_Yang_Huang_zenodo.18180184,RS_derived
SAIH_AFF_r47c52,47,52,117.499365,42.170648,0.7601,0.8588,0.8671,0.8847,0.8318,0.8821,0.0503,0.00166,1985,1985,1,stable_forest,CLCD_v01_Yang_Huang_zenodo.18180184,RS_derived
SAIH_AFF_r47c53,47,53,117.511416,42.170648,0.4341,0.5455,0.6139,0.824,0.5141,0.7812,0.2671,0.0087,1990,1985,0,stable_forest,CLCD_v01_Yang_Huang_zenodo.18180184,RS_derived
SAIH_AFF_r47c54,47,54,117.523467,42.170648,0.2559,0.3023,0.3922,0.6911,0.2752,0.6253,0.3501,0.01055,2018,2000,0,afforested,CLCD_v01_Yang_Huang_zenodo.18180184,RS_derived
SAIH_AFF_r47c55,47,55,117.535518,42.170648,0.2303,0.2573,0.327,0.4735,0.2457,0.472,0.2263,0.00761,0,2008,0,partial_forest,CLCD_v01_Yang_Huang_zenodo.18180184,RS_derived
SAIH_AFF_r47c56,47,56,117.547568,42.170648,0.1423,0.23,0.4098,0.647,0.1763,0.6469,0.4706,0.01576,2015,2005,0,afforested,CLCD_v01_Yang_Huang_zenodo.18180184,RS_derived
SAIH_AFF_r47c57,47,57,117.559619,42.170648,0.0006,0.0011,0.0033,0.1324,0.0009,0.1775,0.1766,0.00633,0,0,0,non_forest,CLCD_v01_Yang_Huang_zenodo.18180184,RS_derived
SAIH_AFF_r47c58,47,58,117.57167,42.170648,0.0248,0.16,0.3078,0.417,0.1057,0.4236,0.3179,0.01074,0,2009,0,partial_forest,CLCD_v01_Yang_Huang_zenodo.18180184,RS_derived
SAIH_AFF_r47c59,47,59,117.583721,42.170648,0.4721,0.5626,0.5747,0.6597,0.5395,0.6584,0.1189,0.00369,1990,1985,0,stable_forest,CLCD_v01_Yang_Huang_zenodo.18180184,RS_derived
SAIH_AFF_r47c60,47,60,117.595772,42.170648,0.6459,0.7276,0.7514,0.78,0.7069,0.78,0.0731,0.00237,1985,1985,1,stable_forest,CLCD_v01_Yang_Huang_zenodo.18180184,RS_derived
SAIH_AFF_r47c61,47,61,117.607822,42.170648,0.6156,0.7639,0.7871,0.8147,0.7206,0.8134,0.0928,0.00289,1985,1985,1,stable_forest,CLCD_v01_Yang_Huang_zenodo.18180184,RS_derived
SAIH_AFF_r47c62,47,62,117.619873,42.170648,0.4523,0.5797,0.6133,0.6999,0.516,0.6948,0.1788,0.00557,1991,1985,0,stable_forest,CLCD_v01_Yang_Huang_zenodo.18180184,RS_derived
SAIH_AFF_r47c63,47,63,117.631924,42.170648,0.0982,0.2002,0.2372,0.3679,0.1668,0.3618,0.195,0.0064,0,2015,0,partial_forest,CLCD_v01_Yang_Huang_zenodo.18180184,RS_derived
SAIH_AFF_r47c64,47,64,117.643975,42.170648,0.2859,0.3989,0.4086,0.4314,0.3665,0.4294,0.0629,0.00196,0,1990,0,partial_forest,CLCD_v01_Yang_Huang_zenodo.18180184,RS_derived
SAIH_AFF_r48c25,48,25,117.173995,42.161609,0.3054,0.3216,0.3341,0.4254,0.3142,0.4214,0.1072,0.00337,0,1985,0,partial_forest,CLCD_v01_Yang_Huang_zenodo.18180184,RS_derived
SAIH_AFF_r48c26,48,26,117.186045,42.161609,0.5212,0.604,0.6133,0.6784,0.5659,0.6782,0.1123,0.00345,1985,1985,1,stable_forest,CLCD_v01_Yang_Huang_zenodo.18180184,RS_derived
SAIH_AFF_r48c27,48,27,117.198096,42.161609,0.8191,0.92,0.9322,0.9636,0.8778,0.9625,0.0847,0.00253,1985,1985,1,stable_forest,CLCD_v01_Yang_Huang_zenodo.18180184,RS_derived
SAIH_AFF_r48c28,48,28,117.210147,42.161609,0.7137,0.9294,0.9515,0.9719,0.8791,0.9706,0.0915,0.00295,1985,1985,1,stable_forest,CLCD_v01_Yang_Huang_zenodo.18180184,RS_derived
SAIH_AFF_r48c29,48,29,117.222198,42.161609,0.845,0.9233,0.9713,0.9884,0.8911,0.9879,0.0968,0.00342,1985,1985,1,stable_forest,CLCD_v01_Yang_Huang_zenodo.18180184,RS_derived
SAIH_AFF_r48c30,48,30,117.234248,42.161609,0.9465,0.9616,0.9795,0.9951,0.9493,0.9948,0.0455,0.00156,1985,1985,1,stable_forest,CLCD_v01_Yang_Huang_zenodo.18180184,RS_derived
SAIH_AFF_r48c31,48,31,117.246299,42.161609,0.6977,0.7341,0.759,0.8726,0.7199,0.8545,0.1346,0.00386,1985,1985,1,stable_forest,CLCD_v01_Yang_Huang_zenodo.18180184,RS_derived
SAIH_AFF_r48c32,48,32,117.25835,42.161609,0.4887,0.5372,0.5814,0.893,0.5245,0.871,0.3466,0.0111,1990,1985,0,stable_forest,CLCD_v01_Yang_Huang_zenodo.18180184,RS_derived
SAIH_AFF_r48c33,48,33,117.270401,42.161609,0.4363,0.4716,0.4898,0.7165,0.4637,0.6674,0.2037,0.00555,2015,1985,0,partial_forest,CLCD_v01_Yang_Huang_zenodo.18180184,RS_derived
SAIH_AFF_r48c34,48,34,117.282452,42.161609,0.7529,0.8456,0.8941,0.9333,0.7714,0.9285,0.1571,0.00508,1985,1985,1,stable_forest,CLCD_v01_Yang_Huang_zenodo.18180184,RS_derived
SAIH_AFF_r48c35,48,35,117.294502,42.161609,0.3757,0.4162,0.4476,0.7519,0.4042,0.7356,0.3313,0.01018,2015,1985,0,partial_forest,CLCD_v01_Yang_Huang_zenodo.18180184,RS_derived
SAIH_AFF_r48c36,48,36,117.306553,42.161609,0.6255,0.6624,0.7375,0.8958,0.647,0.8887,0.2417,0.00817,1985,1985,1,stable_forest,CLCD_v01_Yang_Huang_zenodo.18180184,RS_derived
SAIH_AFF_r48c37,48,37,117.318604,42.161609,0.5411,0.6404,0.7645,0.968,0.61,0.9593,0.3492,0.01196,1985,1985,1,stable_forest,CLCD_v01_Yang_Huang_zenodo.18180184,RS_derived
SAIH_AFF_r48c38,48,38,117.330655,42.161609,0.7672,0.8483,0.8853,0.9305,0.8096,0.933,0.1234,0.00423,1985,1985,1,stable_forest,CLCD_v01_Yang_Huang_zenodo.18180184,RS_derived
SAIH_AFF_r48c39,48,39,117.342705,42.161609,0.9426,0.9636,0.9708,0.9746,0.9525,0.9739,0.0214,0.00071,1985,1985,1,stable_forest,CLCD_v01_Yang_Huang_zenodo.18180184,RS_derived
SAIH_AFF_r48c40,48,40,117.354756,42.161609,0.9503,0.9789,0.9795,0.9903,0.9747,0.9897,0.015,0.00045,1985,1985,1,stable_forest,CLCD_v01_Yang_Huang_zenodo.18180184,RS_derived
SAIH_AFF_r48c41,48,41,117.366807,42.161609,0.9647,0.9846,0.9851,0.9873,0.9782,0.9871,0.009,0.00028,1985,1985,1,stable_forest,CLCD_v01_Yang_Huang_zenodo.18180184,RS_derived
SAIH_AFF_r48c42,48,42,117.378858,42.161609,0.909,0.9178,0.9272,0.9338,0.9151,0.9338,0.0187,0.00063,1985,1985,1,stable_forest,CLCD_v01_Yang_Huang_zenodo.18180184,RS_derived
SAIH_AFF_r48c43,48,43,117.390908,42.161609,0.7865,0.8009,0.8136,0.8627,0.7957,0.8619,0.0662,0.00211,1985,1985,1,stable_forest,CLCD_v01_Yang_Huang_zenodo.18180184,RS_derived
SAIH_AFF_r48c44,48,44,117.402959,42.161609,0.3072,0.353,0.4109,0.6012,0.3316,0.6008,0.2692,0.00861,2016,1985,0,partial_forest,CLCD_v01_Yang_Huang_zenodo.18180184,RS_derived
SAIH_AFF_r48c45,48,45,117.41501,42.161609,0.5719,0.6395,0.673,0.7832,0.6185,0.7756,0.1571,0.005,1985,1985,1,stable_forest,CLCD_v01_Yang_Huang_zenodo.18180184,RS_derived
SAIH_AFF_r48c46,48,46,117.427061,42.161609,0.4352,0.5036,0.5549,0.7805,0.4868,0.762,0.2752,0.00867,1992,1985,0,partial_forest,CLCD_v01_Yang_Huang_zenodo.18180184,RS_derived
SAIH_AFF_r48c47,48,47,117.439112,42.161609,0.8847,0.9206,0.9233,0.9697,0.9106,0.9681,0.0575,0.00174,1985,1985,1,stable_forest,CLCD_v01_Yang_Huang_zenodo.18180184,RS_derived
SAIH_AFF_r48c48,48,48,117.451162,42.161609,0.7595,0.7998,0.8268,0.9233,0.7824,0.9192,0.1368,0.00426,1985,1985,1,stable_forest,CLCD_v01_Yang_Huang_zenodo.18180184,RS_derived
SAIH_AFF_r48c49,48,49,117.463213,42.161609,0.5411,0.6806,0.6933,0.9239,0.6511,0.8742,0.2232,0.00591,1985,1985,1,stable_forest,CLCD_v01_Yang_Huang_zenodo.18180184,RS_derived
SAIH_AFF_r48c50,48,50,117.475264,42.161609,0.7978,0.8627,0.8654,0.9232,0.8449,0.9222,0.0772,0.0023,1985,1985,1,stable_forest,CLCD_v01_Yang_Huang_zenodo.18180184,RS_derived
SAIH_AFF_r48c51,48,51,117.487315,42.161609,0.4374,0.4699,0.4887,0.6393,0.4584,0.6401,0.1817,0.00531,2015,1985,0,partial_forest,CLCD_v01_Yang_Huang_zenodo.18180184,RS_derived
SAIH_AFF_r48c52,48,52,117.499365,42.161609,0.572,0.6707,0.6724,0.8483,0.6406,0.8417,0.2011,0.00554,1985,1985,1,stable_forest,CLCD_v01_Yang_Huang_zenodo.18180184,RS_derived
SAIH_AFF_r48c53,48,53,117.511416,42.161609,0.6315,0.7705,0.7865,0.898,0.7118,0.8948,0.183,0.00563,1985,1985,1,stable_forest,CLCD_v01_Yang_Huang_zenodo.18180184,RS_derived
SAIH_AFF_r48c54,48,54,117.523467,42.161609,0.5924,0.7104,0.7347,0.8036,0.6694,0.8012,0.1318,0.00416,1985,1985,1,stable_forest,CLCD_v01_Yang_Huang_zenodo.18180184,RS_derived
SAIH_AFF_r48c55,48,55,117.535518,42.161609,0.4881,0.5849,0.6189,0.6795,0.5446,0.6732,0.1286,0.00402,1990,1985,0,stable_forest,CLCD_v01_Yang_Huang_zenodo.18180184,RS_derived
SAIH_AFF_r48c56,48,56,117.547568,42.161609,0.3938,0.471,0.5196,0.7038,0.4418,0.6908,0.2489,0.00746,2008,1985,0,partial_forest,CLCD_v01_Yang_Huang_zenodo.18180184,RS_derived
SAIH_AFF_r48c57,48,57,117.559619,42.161609,0.0706,0.0888,0.1291,0.2791,0.0816,0.3227,0.241,0.00793,0,2017,0,partial_forest,CLCD_v01_Yang_Huang_zenodo.18180184,RS_derived
SAIH_AFF_r48c59,48,59,117.583721,42.161609,0.3635,0.5069,0.5505,0.7077,0.4691,0.7002,0.2311,0.00727,1993,1985,0,partial_forest,CLCD_v01_Yang_Huang_zenodo.18180184,RS_derived
SAIH_AFF_r48c60,48,60,117.595772,42.161609,0.1508,0.2443,0.2703,0.4135,0.215,0.3968,0.1818,0.00584,0,2014,0,partial_forest,CLCD_v01_Yang_Huang_zenodo.18180184,RS_derived
SAIH_AFF_r48c61,48,61,117.607822,42.161609,0.3486,0.471,0.4887,0.5229,0.4331,0.5222,0.0892,0.00282,2015,1985,0,partial_forest,CLCD_v01_Yang_Huang_zenodo.18180184,RS_derived
SAIH_AFF_r48c62,48,62,117.619873,42.161609,0.3133,0.5284,0.7088,0.8163,0.4073,0.8129,0.4056,0.01362,1999,1985,0,partial_forest,CLCD_v01_Yang_Huang_zenodo.18180184,RS_derived
SAIH_AFF_r48c63,48,63,117.631924,42.161609,0.3376,0.4562,0.5168,0.6431,0.4023,0.6443,0.242,0.00794,2007,1985,0,partial_forest,CLCD_v01_Yang_Huang_zenodo.18180184,RS_derived
SAIH_AFF_r48c64,48,64,117.643975,42.161609,0.2449,0.2876,0.3378,0.3935,0.2727,0.3945,0.1218,0.00396,0,2002,0,partial_forest,CLCD_v01_Yang_Huang_zenodo.18180184,RS_derived
SAIH_AFF_r49c20,49,20,117.113741,42.15257,0.0049,0.0049,0.0049,0.3135,0.0049,0.3027,0.2978,0.00895,0,2022,0,partial_forest,CLCD_v01_Yang_Huang_zenodo.18180184,RS_derived
SAIH_AFF_r49c22,49,22,117.137842,42.15257,0.0579,0.1098,0.1241,0.2278,0.0596,0.2128,0.1532,0.0046,0,0,0,non_forest,CLCD_v01_Yang_Huang_zenodo.18180184,RS_derived
SAIH_AFF_r49c23,49,23,117.149893,42.15257,0.0215,0.086,0.1451,0.2796,0.0232,0.2597,0.2365,0.00775,0,0,0,non_forest,CLCD_v01_Yang_Huang_zenodo.18180184,RS_derived
SAIH_AFF_r49c24,49,24,117.161944,42.15257,0.1682,0.2035,0.225,0.4131,0.1732,0.3888,0.2156,0.00667,0,2015,0,partial_forest,CLCD_v01_Yang_Huang_zenodo.18180184,RS_derived
SAIH_AFF_r49c25,49,25,117.173995,42.15257,0.2941,0.3659,0.507,0.7346,0.2964,0.7014,0.405,0.01353,2010,1997,0,afforested,CLCD_v01_Yang_Huang_zenodo.18180184,RS_derived
SAIH_AFF_r49c26,49,26,117.186045,42.15257,0.5615,0.7639,0.8886,0.9559,0.6052,0.9454,0.3402,0.01163,1985,1985,1,stable_forest,CLCD_v01_Yang_Huang_zenodo.18180184,RS_derived
SAIH_AFF_r49c27,49,27,117.198096,42.15257,0.9029,0.9608,0.968,0.9873,0.9344,0.9842,0.0497,0.00155,1985,1985,1,stable_forest,CLCD_v01_Yang_Huang_zenodo.18180184,RS_derived
SAIH_AFF_r49c28,49,28,117.210147,42.15257,0.8742,0.9415,0.9647,0.9818,0.9214,0.9811,0.0597,0.00202,1985,1985,1,stable_forest,CLCD_v01_Yang_Huang_zenodo.18180184,RS_derived
SAIH_AFF_r49c29,49,29,117.222198,42.15257,0.7446,0.7904,0.8621,0.9195,0.7745,0.9125,0.138,0.00469,1985,1985,1,stable_forest,CLCD_v01_Yang_Huang_zenodo.18180184,RS_derived
SAIH_AFF_r49c30,49,30,117.234248,42.15257,0.7097,0.7481,0.7995,0.9141,0.7392,0.9077,0.1684,0.0056,1985,1985,1,stable_forest,CLCD_v01_Yang_Huang_zenodo.18180184,RS_derived
SAIH_AFF_r49c31,49,31,117.246299,42.15257,0.9487,0.9531,0.9691,0.9862,0.9519,0.9848,0.0329,0.00112,1985,1985,1,stable_forest,CLCD_v01_Yang_Huang_zenodo.18180184,RS_derived
SAIH_AFF_r49c32,49,32,117.25835,42.15257,0.7904,0.8097,0.8428,0.9575,0.7977,0.9482,0.1504,0.00488,1985,1985,1,stable_forest,CLCD_v01_Yang_Huang_zenodo.18180184,RS_derived
SAIH_AFF_r49c33,49,33,117.270401,42.15257,0.2195,0.225,0.2526,0.5097,0.2215,0.4653,0.2438,0.00702,2024,2015,0,partial_forest,CLCD_v01_Yang_Huang_zenodo.18180184,RS_derived
SAIH_AFF_r49c34,49,34,117.282452,42.15257,0.5681,0.6481,0.7286,0.8671,0.5999,0.8564,0.2565,0.00834,1985,1985,1,stable_forest,CLCD_v01_Yang_Huang_zenodo.18180184,RS_derived
SAIH_AFF_r49c35,49,35,117.294502,42.15257,0.3616,0.4238,0.5119,0.807,0.4073,0.7733,0.366,0.01133,2009,1985,0,partial_forest,CLCD_v01_Yang_Huang_zenodo.18180184,RS_derived
SAIH_AFF_r49c36,49,36,117.306553,42.15257,0.6834,0.743,0.7645,0.8671,0.7079,0.861,0.1531,0.00458,1985,1985,1,stable_forest,CLCD_v01_Yang_Huang_zenodo.18180184,RS_derived
SAIH_AFF_r49c37,49,37,117.318604,42.15257,0.6729,0.7303,0.7805,0.8864,0.6968,0.8738,0.177,0.00541,1985,1985,1,stable_forest,CLCD_v01_Yang_Huang_zenodo.18180184,RS_derived
SAIH_AFF_r49c38,49,38,117.330655,42.15257,0.7551,0.8257,0.8842,0.9283,0.7932,0.9255,0.1323,0.00451,1985,1985,1,stable_forest,CLCD_v01_Yang_Huang_zenodo.18180184,RS_derived
SAIH_AFF_r49c39,49,39,117.342705,42.15257,0.9129,0.9322,0.9454,0.9735,0.9238,0.9726,0.0488,0.00162,1985,1985,1,stable_forest,CLCD_v01_Yang_Huang_zenodo.18180184,RS_derived
SAIH_AFF_r49c40,49,40,117.354756,42.15257,0.8768,0.9162,0.9195,0.9551,0.9022,0.953,0.0508,0.00155,1985,1985,1,stable_forest,CLCD_v01_Yang_Huang_zenodo.18180184,RS_derived
SAIH_AFF_r49c41,49,41,117.366807,42.15257,0.904,0.9708,0.9818,0.9912,0.9422,0.9912,0.0489,0.0016,1985,1985,1,stable_forest,CLCD_v01_Yang_Huang_zenodo.18180184,RS_derived
SAIH_AFF_r49c42,49,42,117.378858,42.15257,0.9796,0.9939,0.9961,0.9978,0.9907,0.9978,0.0071,0.00026,1985,1985,1,stable_forest,CLCD_v01_Yang_Huang_zenodo.18180184,RS_derived
SAIH_AFF_r49c43,49,43,117.390908,42.15257,0.904,0.9371,0.9669,0.9873,0.9251,0.9863,0.0612,0.00213,1985,1985,1,stable_forest,CLCD_v01_Yang_Huang_zenodo.18180184,RS_derived
SAIH_AFF_r49c44,49,44,117.402959,42.15257,0.7557,0.7976,0.8274,0.8704,0.7801,0.8706,0.0905,0.00297,1985,1985,1,stable_forest,CLCD_v01_Yang_Huang_zenodo.18180184,RS_derived
SAIH_AFF_r49c45,49,45,117.41501,42.15257,0.5892,0.6059,0.6195,0.7616,0.5976,0.7445,0.1469,0.00432,1985,1985,1,stable_forest,CLCD_v01_Yang_Huang_zenodo.18180184,RS_derived
SAIH_AFF_r49c46,49,46,117.427061,42.15257,0.2515,0.2719,0.278,0.3894,0.2664,0.3781,0.1117,0.00334,0,2015,0,partial_forest,CLCD_v01_Yang_Huang_zenodo.18180184,RS_derived
SAIH_AFF_r49c47,49,47,117.439112,42.15257,0.305,0.3839,0.4021,0.5312,0.3675,0.5266,0.1591,0.00474,2019,1985,0,partial_forest,CLCD_v01_Yang_Huang_zenodo.18180184,RS_derived
SAIH_AFF_r49c48,49,48,117.451162,42.15257,0.5422,0.6906,0.7071,0.8141,0.6533,0.8121,0.1588,0.00491,1985,1985,1,stable_forest,CLCD_v01_Yang_Huang_zenodo.18180184,RS_derived
SAIH_AFF_r49c49,49,49,117.463213,42.15257,0.4892,0.578,0.5869,0.7121,0.5559,0.7063,0.1504,0.00442,1990,1985,0,stable_forest,CLCD_v01_Yang_Huang_zenodo.18180184,RS_derived
SAIH_AFF_r49c50,49,50,117.475264,42.15257,0.8541,0.907,0.9114,0.9319,0.8924,0.9319,0.0395,0.00124,1985,1985,1,stable_forest,CLCD_v01_Yang_Huang_zenodo.18180184,RS_derived
SAIH_AFF_r49c51,49,51,117.487315,42.15257,0.4716,0.6299,0.6387,0.8389,0.5989,0.8203,0.2214,0.00645,1990,1985,0,stable_forest,CLCD_v01_Yang_Huang_zenodo.18180184,RS_derived
SAIH_AFF_r49c52,49,52,117.499365,42.15257,0.8224,0.877,0.9382,0.9592,0.8472,0.956,0.1088,0.00389,1985,1985,1,stable_forest,CLCD_v01_Yang_Huang_zenodo.18180184,RS_derived
SAIH_AFF_r49c53,49,53,117.511416,42.15257,0.4313,0.4926,0.5157,0.5681,0.4741,0.5676,0.0935,0.00308,2007,1985,0,partial_forest,CLCD_v01_Yang_Huang_zenodo.18180184,RS_derived
SAIH_AFF_r49c54,49,54,117.523467,42.15257,0.3872,0.5113,0.524,0.6029,0.4777,0.5993,0.1215,0.00379,1993,1985,0,partial_forest,CLCD_v01_Yang_Huang_zenodo.18180184,RS_derived
SAIH_AFF_r49c55,49,55,117.535518,42.15257,0.187,0.2924,0.3443,0.4595,0.2584,0.4426,0.1842,0.00598,0,2003,0,partial_forest,CLCD_v01_Yang_Huang_zenodo.18180184,RS_derived
SAIH_AFF_r49c56,49,56,117.547568,42.15257,0.2206,0.3177,0.3806,0.5036,0.2854,0.4983,0.2129,0.00681,2022,1993,0,partial_forest,CLCD_v01_Yang_Huang_zenodo.18180184,RS_derived
SAIH_AFF_r49c57,49,57,117.559619,42.15257,0.0094,0.0314,0.1462,0.3293,0.0173,0.3283,0.3109,0.01051,0,2017,0,partial_forest,CLCD_v01_Yang_Huang_zenodo.18180184,RS_derived
SAIH_AFF_r49c59,49,59,117.583721,42.15257,0.1158,0.198,0.225,0.3508,0.1706,0.3493,0.1787,0.00563,0,2017,0,partial_forest,CLCD_v01_Yang_Huang_zenodo.18180184,RS_derived
SAIH_AFF_r49c60,49,60,117.595772,42.15257,0.3378,0.4238,0.4638,0.6119,0.4012,0.5948,0.1935,0.0061,2015,1985,0,partial_forest,CLCD_v01_Yang_Huang_zenodo.18180184,RS_derived
SAIH_AFF_r49c61,49,61,117.607822,42.15257,0.2587,0.3094,0.348,0.4595,0.2854,0.4563,0.1709,0.00543,0,1996,0,partial_forest,CLCD_v01_Yang_Huang_zenodo.18180184,RS_derived
SAIH_AFF_r49c62,49,62,117.619873,42.15257,0.3116,0.3955,0.4225,0.4821,0.3628,0.4817,0.1189,0.00371,0,1985,0,partial_forest,CLCD_v01_Yang_Huang_zenodo.18180184,RS_derived
SAIH_AFF_r49c63,49,63,117.631924,42.15257,0.6486,0.8682,0.9084,0.9421,0.7823,0.9421,0.1598,0.00514,1985,1985,1,stable_forest,CLCD_v01_Yang_Huang_zenodo.18180184,RS_derived
SAIH_AFF_r49c64,49,64,117.643975,42.15257,0.4892,0.7157,0.7843,0.8962,0.6307,0.8962,0.2655,0.00854,1990,1985,0,stable_forest,CLCD_v01_Yang_Huang_zenodo.18180184,RS_derived
SAIH_AFF_r50c23,50,23,117.149893,42.143531,0.0557,0.059,0.0689,0.2416,0.0577,0.2238,0.1661,0.00492,0,0,0,non_forest,CLCD_v01_Yang_Huang_zenodo.18180184,RS_derived
SAIH_AFF_r50c24,50,24,117.161944,42.143531,0.1886,0.2074,0.2631,0.5709,0.1964,0.5451,0.3487,0.01097,2021,2013,0,afforested,CLCD_v01_Yang_Huang_zenodo.18180184,RS_derived
SAIH_AFF_r50c25,50,25,117.173995,42.143531,0.7043,0.8314,0.9,0.9665,0.7309,0.9605,0.2297,0.00771,1985,1985,1,stable_forest,CLCD_v01_Yang_Huang_zenodo.18180184,RS_derived
SAIH_AFF_r50c26,50,26,117.186045,42.143531,0.7772,0.8985,0.9156,0.9504,0.8475,0.9485,0.1011,0.00331,1985,1985,1,stable_forest,CLCD_v01_Yang_Huang_zenodo.18180184,RS_derived
SAIH_AFF_r50c27,50,27,117.198096,42.143531,0.7805,0.8654,0.8781,0.9432,0.8274,0.9356,0.1082,0.00341,1985,1985,1,stable_forest,CLCD_v01_Yang_Huang_zenodo.18180184,RS_derived
SAIH_AFF_r50c28,50,28,117.210147,42.143531,0.9713,0.9923,0.9945,0.9978,0.9846,0.9974,0.0129,0.00041,1985,1985,1,stable_forest,CLCD_v01_Yang_Huang_zenodo.18180184,RS_derived
SAIH_AFF_r50c29,50,29,117.222198,42.143531,0.9057,0.9311,0.9851,0.9972,0.9218,0.9972,0.0755,0.00281,1985,1985,1,stable_forest,CLCD_v01_Yang_Huang_zenodo.18180184,RS_derived
SAIH_AFF_r50c30,50,30,117.234248,42.143531,0.6,0.6811,0.8259,0.9476,0.6673,0.9441,0.2768,0.00976,1985,1985,1,stable_forest,CLCD_v01_Yang_Huang_zenodo.18180184,RS_derived
SAIH_AFF_r50c31,50,31,117.246299,42.143531,0.8185,0.8809,0.9195,0.9796,0.8461,0.9778,0.1317,0.00427,1985,1985,1,stable_forest,CLCD_v01_Yang_Huang_zenodo.18180184,RS_derived
SAIH_AFF_r50c32,50,32,117.25835,42.143531,0.6613,0.7071,0.7468,0.8836,0.6921,0.871,0.179,0.00549,1985,1985,1,stable_forest,CLCD_v01_Yang_Huang_zenodo.18180184,RS_derived
SAIH_AFF_r50c33,50,33,117.270401,42.143531,0.6393,0.6839,0.6933,0.7325,0.6738,0.7284,0.0546,0.00177,1985,1985,1,stable_forest,CLCD_v01_Yang_Huang_zenodo.18180184,RS_derived
SAIH_AFF_r50c34,50,34,117.282452,42.143531,0.3844,0.428,0.4501,0.5532,0.4161,0.5503,0.1342,0.00449,2015,1985,0,partial_forest,CLCD_v01_Yang_Huang_zenodo.18180184,RS_derived
SAIH_AFF_r50c35,50,35,117.294502,42.143531,0.1973,0.2292,0.2378,0.4146,0.221,0.3871,0.1661,0.00477,0,2017,0,partial_forest,CLCD_v01_Yang_Huang_zenodo.18180184,RS_derived
SAIH_AFF_r50c36,50,36,117.306553,42.143531,0.5273,0.594,0.5968,0.6812,0.578,0.6735,0.0954,0.00291,1985,1985,1,stable_forest,CLCD_v01_Yang_Huang_zenodo.18180184,RS_derived
SAIH_AFF_r50c37,50,37,117.318604,42.143531,0.7192,0.8053,0.8268,0.9151,0.7768,0.9113,0.1345,0.00417,1985,1985,1,stable_forest,CLCD_v01_Yang_Huang_zenodo.18180184,RS_derived
SAIH_AFF_r50c38,50,38,117.330655,42.143531,0.6839,0.7551,0.8527,0.9768,0.7365,0.9658,0.2293,0.00757,1985,1985,1,stable_forest,CLCD_v01_Yang_Huang_zenodo.18180184,RS_derived
SAIH_AFF_r50c39,50,39,117.342705,42.143531,0.8511,0.8958,0.9515,0.9967,0.8752,0.9948,0.1196,0.00412,1985,1985,1,stable_forest,CLCD_v01_Yang_Huang_zenodo.18180184,RS_derived
SAIH_AFF_r50c40,50,40,117.354756,42.143531,0.9897,1.0,1.0,0.9849,0.9985,0.9834,-0.015,-0.0004,1985,1985,1,stable_forest,CLCD_v01_Yang_Huang_zenodo.18180184,RS_derived
SAIH_AFF_r50c41,50,41,117.366807,42.143531,0.9757,0.9906,0.9912,0.9945,0.9868,0.9945,0.0076,0.00024,1985,1985,1,stable_forest,CLCD_v01_Yang_Huang_zenodo.18180184,RS_derived
SAIH_AFF_r50c42,50,42,117.378858,42.143531,0.8687,0.9371,0.9399,0.9515,0.9197,0.9515,0.0318,0.00101,1985,1985,1,stable_forest,CLCD_v01_Yang_Huang_zenodo.18180184,RS_derived
SAIH_AFF_r50c43,50,43,117.390908,42.143531,0.9344,0.9586,0.9603,0.968,0.9511,0.968,0.0169,0.00053,1985,1985,1,stable_forest,CLCD_v01_Yang_Huang_zenodo.18180184,RS_derived
SAIH_AFF_r50c44,50,44,117.402959,42.143531,0.8825,0.9283,0.947,0.989,0.9065,0.9884,0.0819,0.00249,1985,1985,1,stable_forest,CLCD_v01_Yang_Huang_zenodo.18180184,RS_derived
SAIH_AFF_r50c45,50,45,117.41501,42.143531,0.6427,0.6746,0.6935,0.78,0.656,0.7762,0.1202,0.00352,1985,1985,1,stable_forest,CLCD_v01_Yang_Huang_zenodo.18180184,RS_derived
SAIH_AFF_r50c46,50,46,117.427061,42.143531,0.5036,0.5328,0.5814,0.7529,0.5192,0.743,0.2238,0.00653,1985,1985,1,stable_forest,CLCD_v01_Yang_Huang_zenodo.18180184,RS_derived
SAIH_AFF_r50c47,50,47,117.439112,42.143531,0.1986,0.3331,0.4578,0.6773,0.2504,0.672,0.4216,0.01428,2013,1999,0,afforested,CLCD_v01_Yang_Huang_zenodo.18180184,RS_derived
SAIH_AFF_r50c48,50,48,117.451162,42.143531,0.2135,0.2736,0.3149,0.6029,0.2586,0.5933,0.3347,0.01045,2017,2009,0,afforested,CLCD_v01_Yang_Huang_zenodo.18180184,RS_derived
SAIH_AFF_r50c49,50,49,117.463213,42.143531,0.3254,0.4269,0.4385,0.6558,0.4026,0.6372,0.2345,0.00726,2015,1985,0,partial_forest,CLCD_v01_Yang_Huang_zenodo.18180184,RS_derived
SAIH_AFF_r50c50,50,50,117.475264,42.143531,0.8492,0.9297,0.9395,0.9805,0.909,0.9798,0.0709,0.00223,1985,1985,1,stable_forest,CLCD_v01_Yang_Huang_zenodo.18180184,RS_derived
SAIH_AFF_r50c51,50,51,117.487315,42.143531,0.5516,0.6426,0.6442,0.7992,0.6281,0.7876,0.1596,0.00475,1985,1985,1,stable_forest,CLCD_v01_Yang_Huang_zenodo.18180184,RS_derived
SAIH_AFF_r50c52,50,52,117.499365,42.143531,0.7088,0.8141,0.8963,0.9261,0.7509,0.923,0.172,0.00596,1985,1985,1,stable_forest,CLCD_v01_Yang_Huang_zenodo.18180184,RS_derived
SAIH_AFF_r50c53,50,53,117.511416,42.143531,0.5306,0.5869,0.6084,0.6729,0.5724,0.6698,0.0974,0.00318,1985,1985,1,stable_forest,CLCD_v01_Yang_Huang_zenodo.18180184,RS_derived
SAIH_AFF_r50c54,50,54,117.523467,42.143531,0.2614,0.289,0.3001,0.3525,0.28,0.3497,0.0697,0.00215,0,2009,0,partial_forest,CLCD_v01_Yang_Huang_zenodo.18180184,RS_derived
SAIH_AFF_r50c55,50,55,117.535518,42.143531,0.1346,0.1822,0.2189,0.3389,0.1699,0.3342,0.1644,0.0052,0,2017,0,partial_forest,CLCD_v01_Yang_Huang_zenodo.18180184,RS_derived
SAIH_AFF_r50c56,50,56,117.547568,42.143531,0.2168,0.2675,0.3221,0.433,0.2519,0.4238,0.1719,0.00571,0,2009,0,partial_forest,CLCD_v01_Yang_Huang_zenodo.18180184,RS_derived
SAIH_AFF_r50c57,50,57,117.559619,42.143531,0.0199,0.0805,0.1351,0.2692,0.049,0.2674,0.2184,0.00719,0,0,0,non_forest,CLCD_v01_Yang_Huang_zenodo.18180184,RS_derived
SAIH_AFF_r50c60,50,60,117.595772,42.143531,0.2951,0.3616,0.4211,0.6232,0.337,0.6087,0.2718,0.0085,2016,1990,0,partial_forest,CLCD_v01_Yang_Huang_zenodo.18180184,RS_derived
SAIH_AFF_r50c61,50,61,117.607822,42.143531,0.2101,0.3679,0.4153,0.7082,0.3079,0.7056,0.3977,0.01246,2015,1991,0,partial_forest,CLCD_v01_Yang_Huang_zenodo.18180184,RS_derived
SAIH_AFF_r50c62,50,62,117.619873,42.143531,0.2747,0.4821,0.5615,0.7038,0.3971,0.701,0.3039,0.00958,2002,1990,0,partial_forest,CLCD_v01_Yang_Huang_zenodo.18180184,RS_derived
SAIH_AFF_r50c63,50,63,117.631924,42.143531,0.3607,0.6983,0.7308,0.7887,0.603,0.7886,0.1855,0.00576,1990,1985,0,stable_forest,CLCD_v01_Yang_Huang_zenodo.18180184,RS_derived
SAIH_AFF_r50c64,50,64,117.643975,42.143531,0.1265,0.2481,0.293,0.4362,0.1914,0.4351,0.2438,0.00757,0,2014,0,partial_forest,CLCD_v01_Yang_Huang_zenodo.18180184,RS_derived
SAIH_AFF_r51c11,51,11,117.005284,42.134492,0.0,0.0,0.0,0.174,0.0,0.1454,0.1454,0.00336,0,0,0,non_forest,CLCD_v01_Yang_Huang_zenodo.18180184,RS_derived
SAIH_AFF_r51c20,51,20,117.113741,42.134492,0.0542,0.0889,0.1116,0.2768,0.058,0.2733,0.2153,0.0066,0,0,0,non_forest,CLCD_v01_Yang_Huang_zenodo.18180184,RS_derived
SAIH_AFF_r51c21,51,21,117.125792,42.134492,0.1987,0.2089,0.2304,0.4957,0.2002,0.4825,0.2822,0.00791,0,2016,0,partial_forest,CLCD_v01_Yang_Huang_zenodo.18180184,RS_derived
SAIH_AFF_r51c22,51,22,117.137842,42.134492,0.3276,0.3448,0.3571,0.4699,0.3349,0.4545,0.1196,0.00378,0,1985,0,partial_forest,CLCD_v01_Yang_Huang_zenodo.18180184,RS_derived
SAIH_AFF_r51c23,51,23,117.149893,42.134492,0.2325,0.2411,0.2605,0.4329,0.2344,0.396,0.1616,0.00436,0,2019,0,partial_forest,CLCD_v01_Yang_Huang_zenodo.18180184,RS_derived
SAIH_AFF_r51c24,51,24,117.161944,42.134492,0.6541,0.7213,0.7449,0.8754,0.6791,0.8585,0.1793,0.00549,1985,1985,1,stable_forest,CLCD_v01_Yang_Huang_zenodo.18180184,RS_derived
SAIH_AFF_r51c25,51,25,117.173995,42.134492,0.7216,0.8911,0.9053,0.9463,0.8379,0.9409,0.103,0.00329,1985,1985,1,stable_forest,CLCD_v01_Yang_Huang_zenodo.18180184,RS_derived
SAIH_AFF_r51c26,51,26,117.186045,42.134492,0.8416,0.9033,0.9216,0.9597,0.8764,0.9588,0.0824,0.00268,1985,1985,1,stable_forest,CLCD_v01_Yang_Huang_zenodo.18180184,RS_derived
SAIH_AFF_r51c27,51,27,117.198096,42.134492,0.8281,0.9221,0.949,0.9619,0.8918,0.9615,0.0697,0.00235,1985,1985,1,stable_forest,CLCD_v01_Yang_Huang_zenodo.18180184,RS_derived
SAIH_AFF_r51c28,51,28,117.210147,42.134492,0.8808,0.9533,0.9651,0.9742,0.9259,0.974,0.0482,0.00161,1985,1985,1,stable_forest,CLCD_v01_Yang_Huang_zenodo.18180184,RS_derived
SAIH_AFF_r51c29,51,29,117.222198,42.134492,0.9834,0.9919,0.9973,1.0,0.9903,1.0,0.0097,0.00036,1985,1985,1,stable_forest,CLCD_v01_Yang_Huang_zenodo.18180184,RS_derived
SAIH_AFF_r51c30,51,30,117.234248,42.134492,0.7947,0.8126,0.9074,0.9711,0.8072,0.9701,0.1629,0.0057,1985,1985,1,stable_forest,CLCD_v01_Yang_Huang_zenodo.18180184,RS_derived
SAIH_AFF_r51c31,51,31,117.246299,42.134492,0.5344,0.5789,0.6262,0.7938,0.5684,0.7834,0.215,0.00658,1985,1985,1,stable_forest,CLCD_v01_Yang_Huang_zenodo.18180184,RS_derived
SAIH_AFF_r51c32,51,32,117.25835,42.134492,0.8953,0.9146,0.9415,0.9678,0.9111,0.964,0.0529,0.00178,1985,1985,1,stable_forest,CLCD_v01_Yang_Huang_zenodo.18180184,RS_derived
SAIH_AFF_r51c33,51,33,117.270401,42.134492,0.935,0.9511,0.9624,0.9903,0.9436,0.9875,0.0439,0.00142,1985,1985,1,stable_forest,CLCD_v01_Yang_Huang_zenodo.18180184,RS_derived
SAIH_AFF_r51c34,51,34,117.282452,42.134492,0.8878,0.9017,0.9216,0.985,0.8949,0.9799,0.0851,0.00273,1985,1985,1,stable_forest,CLCD_v01_Yang_Huang_zenodo.18180184,RS_derived
SAIH_AFF_r51c35,51,35,117.294502,42.134492,0.3326,0.3374,0.3432,0.3916,0.3343,0.3863,0.052,0.00156,0,1985,0,partial_forest,CLCD_v01_Yang_Huang_zenodo.18180184,RS_derived
SAIH_AFF_r51c36,51,36,117.306553,42.134492,0.2991,0.3201,0.3394,0.5354,0.314,0.5155,0.2015,0.00604,2022,1990,0,partial_forest,CLCD_v01_Yang_Huang_zenodo.18180184,RS_derived
SAIH_AFF_r51c37,51,37,117.318604,42.134492,0.8265,0.8571,0.869,0.9538,0.849,0.9528,0.1038,0.00316,1985,1985,1,stable_forest,CLCD_v01_Yang_Huang_zenodo.18180184,RS_derived
SAIH_AFF_r51c38,51,38,117.330655,42.134492,0.9597,0.9791,0.985,0.9984,0.9726,0.9982,0.0256,0.00085,1985,1985,1,stable_forest,CLCD_v01_Yang_Huang_zenodo.18180184,RS_derived
SAIH_AFF_r51c39,51,39,117.342705,42.134492,0.8845,0.935,0.9544,0.9796,0.9246,0.9769,0.0523,0.0017,1985,1985,1,stable_forest,CLCD_v01_Yang_Huang_zenodo.18180184,RS_derived
SAIH_AFF_r51c40,51,40,117.354756,42.134492,0.9458,0.9889,0.9995,1.0,0.9802,0.9999,0.0197,0.0007,1985,1985,1,stable_forest,CLCD_v01_Yang_Huang_zenodo.18180184,RS_derived
SAIH_AFF_r51c41,51,41,117.366807,42.134492,0.956,0.9694,0.9823,0.9801,0.9656,0.9797,0.0141,0.00057,1985,1985,1,stable_forest,CLCD_v01_Yang_Huang_zenodo.18180184,RS_derived
SAIH_AFF_r51c42,51,42,117.378858,42.134492,0.9742,0.9941,0.9941,0.9968,0.9878,0.9968,0.009,0.00029,1985,1985,1,stable_forest,CLCD_v01_Yang_Huang_zenodo.18180184,RS_derived
SAIH_AFF_r51c43,51,43,117.390908,42.134492,0.9205,0.9656,0.9678,0.9801,0.9521,0.9799,0.0277,0.0009,1985,1985,1,stable_forest,CLCD_v01_Yang_Huang_zenodo.18180184,RS_derived
SAIH_AFF_r51c44,51,44,117.402959,42.134492,0.8711,0.899,0.9178,0.9898,0.8884,0.9897,0.1013,0.003,1985,1985,1,stable_forest,CLCD_v01_Yang_Huang_zenodo.18180184,RS_derived
SAIH_AFF_r51c45,51,45,117.41501,42.134492,0.5774,0.5942,0.6437,0.9016,0.5874,0.899,0.3117,0.00928,1985,1985,1,stable_forest,CLCD_v01_Yang_Huang_zenodo.18180184,RS_derived
SAIH_AFF_r51c46,51,46,117.427061,42.134492,0.4828,0.5113,0.5365,0.8174,0.5004,0.8025,0.3021,0.00772,1991,1985,0,stable_forest,CLCD_v01_Yang_Huang_zenodo.18180184,RS_derived
SAIH_AFF_r51c47,51,47,117.439112,42.134492,0.5419,0.6139,0.6332,0.8754,0.5809,0.8661,0.2852,0.00808,1985,1985,1,stable_forest,CLCD_v01_Yang_Huang_zenodo.18180184,RS_derived
SAIH_AFF_r51c48,51,48,117.451162,42.134492,0.5446,0.6257,0.6423,0.7551,0.6099,0.745,0.1351,0.00388,1985,1985,1,stable_forest,CLCD_v01_Yang_Huang_zenodo.18180184,RS_derived
SAIH_AFF_r51c49,51,49,117.463213,42.134492,0.2207,0.2948,0.2975,0.341,0.277,0.3401,0.0632,0.002,0,2011,0,partial_forest,CLCD_v01_Yang_Huang_zenodo.18180184,RS_derived
SAIH_AFF_r51c50,51,50,117.475264,42.134492,0.5879,0.7137,0.7158,0.7379,0.686,0.7376,0.0516,0.00164,1985,1985,1,stable_forest,CLCD_v01_Yang_Huang_zenodo.18180184,RS_derived
SAIH_AFF_r51c51,51,51,117.487315,42.134492,0.536,0.609,0.6112,0.6729,0.5906,0.667,0.0764,0.00229,1985,1985,1,stable_forest,CLCD_v01_Yang_Huang_zenodo.18180184,RS_derived
SAIH_AFF_r51c52,51,52,117.499365,42.134492,0.8287,0.9098,0.9463,0.9608,0.8846,0.9603,0.0757,0.00269,1985,1985,1,stable_forest,CLCD_v01_Yang_Huang_zenodo.18180184,RS_derived
SAIH_AFF_r51c53,51,53,117.511416,42.134492,0.6976,0.732,0.7519,0.8518,0.7212,0.8247,0.1035,0.00318,1985,1985,1,stable_forest,CLCD_v01_Yang_Huang_zenodo.18180184,RS_derived
SAIH_AFF_r51c54,51,54,117.523467,42.134492,0.6203,0.6649,0.6831,0.7309,0.6529,0.7241,0.0712,0.00228,1985,1985,1,stable_forest,CLCD_v01_Yang_Huang_zenodo.18180184,RS_derived
SAIH_AFF_r51c55,51,55,117.535518,42.134492,0.5863,0.6279,0.6516,0.7063,0.6159,0.7036,0.0877,0.00276,1985,1985,1,stable_forest,CLCD_v01_Yang_Huang_zenodo.18180184,RS_derived
SAIH_AFF_r51c56,51,56,117.547568,42.134492,0.4753,0.5156,0.5467,0.6681,0.4999,0.6549,0.155,0.00496,1991,1985,0,partial_forest,CLCD_v01_Yang_Huang_zenodo.18180184,RS_derived
SAIH_AFF_r51c57,51,57,117.559619,42.134492,0.2352,0.3351,0.5704,0.7632,0.2871,0.7542,0.4671,0.01613,2008,1993,0,afforested,CLCD_v01_Yang_Huang_zenodo.18180184,RS_derived
SAIH_AFF_r51c58,51,58,117.57167,42.134492,0.0086,0.0354,0.1831,0.4221,0.0172,0.4156,0.3984,0.01344,0,2015,0,partial_forest,CLCD_v01_Yang_Huang_zenodo.18180184,RS_derived
SAIH_AFF_r51c59,51,59,117.583721,42.134492,0.0,0.0,0.0,0.0387,0.0,0.0488,0.0488,0.0015,0,0,0,non_forest,CLCD_v01_Yang_Huang_zenodo.18180184,RS_derived
SAIH_AFF_r51c60,51,60,117.595772,42.134492,0.0521,0.0963,0.1147,0.4068,0.0756,0.4021,0.3265,0.01013,0,2017,0,partial_forest,CLCD_v01_Yang_Huang_zenodo.18180184,RS_derived
SAIH_AFF_r51c61,51,61,117.607822,42.134492,0.1735,0.2605,0.2701,0.4936,0.2349,0.4913,0.2564,0.00747,0,2015,0,partial_forest,CLCD_v01_Yang_Huang_zenodo.18180184,RS_derived
SAIH_AFF_r51c62,51,62,117.619873,42.134492,0.2213,0.3835,0.3996,0.4345,0.3257,0.4345,0.1088,0.00334,0,1991,0,partial_forest,CLCD_v01_Yang_Huang_zenodo.18180184,RS_derived
SAIH_AFF_r51c63,51,63,117.631924,42.134492,0.1316,0.268,0.2943,0.3528,0.223,0.3517,0.1287,0.00384,0,2016,0,partial_forest,CLCD_v01_Yang_Huang_zenodo.18180184,RS_derived
SAIH_AFF_r51c64,51,64,117.643975,42.134492,0.1463,0.27,0.3358,0.4537,0.1768,0.4523,0.2754,0.009,0,2005,0,partial_forest,CLCD_v01_Yang_Huang_zenodo.18180184,RS_derived
SAIH_AFF_r52c14,52,14,117.041436,42.125453,0.0,0.0028,0.0105,0.182,0.0,0.1663,0.1663,0.00494,0,0,0,non_forest,CLCD_v01_Yang_Huang_zenodo.18180184,RS_derived
SAIH_AFF_r52c21,52,21,117.125792,42.125453,0.3138,0.3365,0.3387,0.3613,0.3236,0.3561,0.0325,0.00099,0,1985,0,partial_forest,CLCD_v01_Yang_Huang_zenodo.18180184,RS_derived
SAIH_AFF_r52c22,52,22,117.137842,42.125453,0.8505,0.8726,0.8809,0.9101,0.8626,0.9028,0.0403,0.00134,1985,1985,1,stable_forest,CLCD_v01_Yang_Huang_zenodo.18180184,RS_derived
SAIH_AFF_r52c23,52,23,117.149893,42.125453,0.7832,0.8417,0.8605,0.9073,0.8148,0.9054,0.0906,0.00305,1985,1985,1,stable_forest,CLCD_v01_Yang_Huang_zenodo.18180184,RS_derived
SAIH_AFF_r52c24,52,24,117.161944,42.125453,0.6387,0.6939,0.7226,0.8086,0.6721,0.8009,0.1288,0.00372,1985,1985,1,stable_forest,CLCD_v01_Yang_Huang_zenodo.18180184,RS_derived
SAIH_AFF_r52c25,52,25,117.173995,42.125453,0.6303,0.6924,0.7292,0.793,0.6726,0.7905,0.1179,0.00357,1985,1985,1,stable_forest,CLCD_v01_Yang_Huang_zenodo.18180184,RS_derived
SAIH_AFF_r52c26,52,26,117.186045,42.125453,0.8114,0.8847,0.9084,0.9305,0.863,0.9304,0.0674,0.00217,1985,1985,1,stable_forest,CLCD_v01_Yang_Huang_zenodo.18180184,RS_derived
SAIH_AFF_r52c27,52,27,117.198096,42.125453,0.9057,0.9393,0.9564,0.9763,0.9299,0.9752,0.0453,0.00152,1985,1985,1,stable_forest,CLCD_v01_Yang_Huang_zenodo.18180184,RS_derived
SAIH_AFF_r52c28,52,28,117.210147,42.125453,0.7783,0.8605,0.8913,0.9222,0.8133,0.9221,0.1088,0.00362,1985,1985,1,stable_forest,CLCD_v01_Yang_Huang_zenodo.18180184,RS_derived
SAIH_AFF_r52c29,52,29,117.222198,42.125453,0.9724,0.9873,0.9972,1.0,0.9815,1.0,0.0185,0.00062,1985,1985,1,stable_forest,CLCD_v01_Yang_Huang_zenodo.18180184,RS_derived
SAIH_AFF_r52c30,52,30,117.234248,42.125453,0.9427,0.9784,0.9881,0.9973,0.9693,0.9968,0.0276,0.00091,1985,1985,1,stable_forest,CLCD_v01_Yang_Huang_zenodo.18180184,RS_derived
SAIH_AFF_r52c31,52,31,117.246299,42.125453,0.9713,0.9862,0.9939,1.0,0.9784,1.0,0.0216,0.00075,1985,1985,1,stable_forest,CLCD_v01_Yang_Huang_zenodo.18180184,RS_derived
SAIH_AFF_r52c32,52,32,117.25835,42.125453,0.9178,0.979,0.9994,1.0,0.9632,1.0,0.0368,0.00137,1985,1985,1,stable_forest,CLCD_v01_Yang_Huang_zenodo.18180184,RS_derived
SAIH_AFF_r52c33,52,33,117.270401,42.125453,0.818,0.8588,0.8886,0.9211,0.8389,0.9185,0.0796,0.00275,1985,1985,1,stable_forest,CLCD_v01_Yang_Huang_zenodo.18180184,RS_derived
SAIH_AFF_r52c34,52,34,117.282452,42.125453,0.6156,0.7198,0.7408,0.8207,0.6845,0.8123,0.1278,0.00379,1985,1985,1,stable_forest,CLCD_v01_Yang_Huang_zenodo.18180184,RS_derived
SAIH_AFF_r52c35,52,35,117.294502,42.125453,0.4454,0.4908,0.5076,0.6632,0.4776,0.6572,0.1796,0.00553,2007,1985,0,partial_forest,CLCD_v01_Yang_Huang_zenodo.18180184,RS_derived
SAIH_AFF_r52c37,52,37,117.318604,42.125453,0.6448,0.679,0.6922,0.7755,0.6695,0.7755,0.106,0.00334,1985,1985,1,stable_forest,CLCD_v01_Yang_Huang_zenodo.18180184,RS_derived
SAIH_AFF_r52c38,52,38,117.330655,42.125453,0.8676,0.882,0.8902,0.9322,0.8767,0.9312,0.0546,0.00159,1985,1985,1,stable_forest,CLCD_v01_Yang_Huang_zenodo.18180184,RS_derived
SAIH_AFF_r52c39,52,39,117.342705,42.125453,0.9388,0.963,0.9862,0.9978,0.9551,0.9974,0.0423,0.00146,1985,1985,1,stable_forest,CLCD_v01_Yang_Huang_zenodo.18180184,RS_derived
SAIH_AFF_r52c40,52,40,117.354756,42.125453,0.86,0.9184,0.9632,0.9838,0.8896,0.9815,0.092,0.00314,1985,1985,1,stable_forest,CLCD_v01_Yang_Huang_zenodo.18180184,RS_derived
SAIH_AFF_r52c41,52,41,117.366807,42.125453,0.9084,0.9752,0.9835,0.9774,0.9498,0.9884,0.0386,0.00128,1985,1985,1,stable_forest,CLCD_v01_Yang_Huang_zenodo.18180184,RS_derived
SAIH_AFF_r52c42,52,42,117.378858,42.125453,0.9807,0.9978,0.9978,0.9983,0.9928,0.9983,0.0056,0.00018,1985,1985,1,stable_forest,CLCD_v01_Yang_Huang_zenodo.18180184,RS_derived
SAIH_AFF_r52c43,52,43,117.390908,42.125453,0.9493,0.9895,0.9912,0.9939,0.9817,0.9939,0.0122,0.00041,1985,1985,1,stable_forest,CLCD_v01_Yang_Huang_zenodo.18180184,RS_derived
SAIH_AFF_r52c44,52,44,117.402959,42.125453,0.877,0.9493,0.9752,0.9945,0.9349,0.9945,0.0596,0.00202,1985,1985,1,stable_forest,CLCD_v01_Yang_Huang_zenodo.18180184,RS_derived
SAIH_AFF_r52c45,52,45,117.41501,42.125453,0.5827,0.6151,0.7043,0.933,0.592,0.9259,0.3339,0.01003,1985,1985,1,stable_forest,CLCD_v01_Yang_Huang_zenodo.18180184,RS_derived
SAIH_AFF_r52c46,52,46,117.427061,42.125453,0.77,0.7766,0.829,0.9537,0.7705,0.9528,0.1824,0.00593,1985,1985,1,stable_forest,CLCD_v01_Yang_Huang_zenodo.18180184,RS_derived
SAIH_AFF_r52c47,52,47,117.439112,42.125453,0.8483,0.8814,0.904,0.9724,0.8698,0.9698,0.1,0.00318,1985,1985,1,stable_forest,CLCD_v01_Yang_Huang_zenodo.18180184,RS_derived
SAIH_AFF_r52c48,52,48,117.451162,42.125453,0.3491,0.4126,0.5201,0.8263,0.378,0.8187,0.4407,0.01432,2009,1985,0,partial_forest,CLCD_v01_Yang_Huang_zenodo.18180184,RS_derived
SAIH_AFF_r52c49,52,49,117.463213,42.125453,0.1638,0.1986,0.2278,0.5185,0.1904,0.4812,0.2907,0.00908,2024,2015,0,partial_forest,CLCD_v01_Yang_Huang_zenodo.18180184,RS_derived
SAIH_AFF_r52c50,52,50,117.475264,42.125453,0.3486,0.4059,0.4092,0.5141,0.3924,0.5049,0.1125,0.00334,2022,1985,0,partial_forest,CLCD_v01_Yang_Huang_zenodo.18180184,RS_derived
SAIH_AFF_r52c51,52,51,117.487315,42.125453,0.9239,0.947,0.947,0.9564,0.9418,0.9564,0.0147,0.00048,1985,1985,1,stable_forest,CLCD_v01_Yang_Huang_zenodo.18180184,RS_derived
SAIH_AFF_r52c52,52,52,117.499365,42.125453,0.8985,0.9868,0.9846,0.9928,0.9712,0.9928,0.0216,0.0007,1985,1985,1,stable_forest,CLCD_v01_Yang_Huang_zenodo.18180184,RS_derived
SAIH_AFF_r52c53,52,53,117.511416,42.125453,0.8047,0.8803,0.8991,0.9526,0.8591,0.9499,0.0908,0.00279,1985,1985,1,stable_forest,CLCD_v01_Yang_Huang_zenodo.18180184,RS_derived
SAIH_AFF_r52c54,52,54,117.523467,42.125453,0.4534,0.5565,0.5637,0.7766,0.5296,0.7655,0.2359,0.00632,1990,1985,0,stable_forest,CLCD_v01_Yang_Huang_zenodo.18180184,RS_derived
SAIH_AFF_r52c55,52,55,117.535518,42.125453,0.6465,0.7632,0.7784,0.8405,0.7307,0.8398,0.1092,0.00328,1985,1985,1,stable_forest,CLCD_v01_Yang_Huang_zenodo.18180184,RS_derived
SAIH_AFF_r52c56,52,56,117.547568,42.125453,0.61,0.6652,0.6724,0.8003,0.6479,0.7961,0.1482,0.00418,1985,1985,1,stable_forest,CLCD_v01_Yang_Huang_zenodo.18180184,RS_derived
SAIH_AFF_r52c57,52,57,117.559619,42.125453,0.257,0.2874,0.3359,0.7038,0.2767,0.6799,0.4032,0.01154,2018,2004,0,afforested,CLCD_v01_Yang_Huang_zenodo.18180184,RS_derived
SAIH_AFF_r52c58,52,58,117.57167,42.125453,0.1114,0.1456,0.2581,0.5201,0.1298,0.5029,0.3732,0.0118,2022,2014,0,afforested,CLCD_v01_Yang_Huang_zenodo.18180184,RS_derived
SAIH_AFF_r52c59,52,59,117.583721,42.125453,0.0022,0.0028,0.0447,0.2868,0.0024,0.2536,0.2513,0.00738,0,0,0,non_forest,CLCD_v01_Yang_Huang_zenodo.18180184,RS_derived
SAIH_AFF_r52c62,52,62,117.619873,42.125453,0.0541,0.1605,0.1908,0.2631,0.1112,0.2626,0.1515,0.00473,0,0,0,non_forest,CLCD_v01_Yang_Huang_zenodo.18180184,RS_derived
SAIH_AFF_r52c63,52,63,117.631924,42.125453,0.0254,0.0767,0.0844,0.2019,0.0504,0.2011,0.1507,0.00415,0,0,0,non_forest,CLCD_v01_Yang_Huang_zenodo.18180184,RS_derived
SAIH_AFF_r52c64,52,64,117.643975,42.125453,0.0795,0.1995,0.2481,0.4027,0.1471,0.4016,0.2545,0.00779,0,2017,0,partial_forest,CLCD_v01_Yang_Huang_zenodo.18180184,RS_derived
SAIH_AFF_r53c01,53,1,116.884776,42.116414,0.1169,0.1368,0.1462,0.3569,0.1232,0.3187,0.1956,0.00538,0,2022,0,partial_forest,CLCD_v01_Yang_Huang_zenodo.18180184,RS_derived
SAIH_AFF_r53c16,53,16,117.065538,42.116414,0.0022,0.0022,0.0099,0.2482,0.0022,0.2174,0.2152,0.00601,0,0,0,non_forest,CLCD_v01_Yang_Huang_zenodo.18180184,RS_derived
SAIH_AFF_r53c17,53,17,117.077588,42.116414,0.005,0.0298,0.0309,0.31,0.0068,0.2899,0.2832,0.0076,0,2022,0,non_forest,CLCD_v01_Yang_Huang_zenodo.18180184,RS_derived
SAIH_AFF_r53c18,53,18,117.089639,42.116414,0.1164,0.1583,0.1721,0.3221,0.1335,0.3107,0.1772,0.00558,0,2021,0,partial_forest,CLCD_v01_Yang_Huang_zenodo.18180184,RS_derived
SAIH_AFF_r53c19,53,19,117.10169,42.116414,0.3199,0.3679,0.3707,0.4429,0.3419,0.4201,0.0782,0.00231,0,1985,0,partial_forest,CLCD_v01_Yang_Huang_zenodo.18180184,RS_derived
SAIH_AFF_r53c20,53,20,117.113741,42.116414,0.4595,0.5551,0.5638,0.7005,0.5028,0.6915,0.1888,0.00535,1991,1985,0,stable_forest,CLCD_v01_Yang_Huang_zenodo.18180184,RS_derived
SAIH_AFF_r53c21,53,21,117.125792,42.116414,0.6933,0.7683,0.7788,0.8395,0.7353,0.8334,0.0981,0.0032,1985,1985,1,stable_forest,CLCD_v01_Yang_Huang_zenodo.18180184,RS_derived
SAIH_AFF_r53c22,53,22,117.137842,42.116414,0.834,0.872,0.877,0.9432,0.8574,0.9369,0.0796,0.00242,1985,1985,1,stable_forest,CLCD_v01_Yang_Huang_zenodo.18180184,RS_derived
SAIH_AFF_r53c23,53,23,117.149893,42.116414,0.7882,0.8654,0.8737,0.9327,0.8368,0.9298,0.093,0.00299,1985,1985,1,stable_forest,CLCD_v01_Yang_Huang_zenodo.18180184,RS_derived
SAIH_AFF_r53c24,53,24,117.161944,42.116414,0.8351,0.8787,0.8869,0.9084,0.8645,0.9074,0.0429,0.0014,1985,1985,1,stable_forest,CLCD_v01_Yang_Huang_zenodo.18180184,RS_derived
SAIH_AFF_r53c25,53,25,117.173995,42.116414,0.9281,0.9443,0.9551,0.9708,0.9371,0.9706,0.0336,0.00108,1985,1985,1,stable_forest,CLCD_v01_Yang_Huang_zenodo.18180184,RS_derived
SAIH_AFF_r53c26,53,26,117.186045,42.116414,0.8616,0.898,0.9156,0.9493,0.887,0.9469,0.0599,0.00187,1985,1985,1,stable_forest,CLCD_v01_Yang_Huang_zenodo.18180184,RS_derived
SAIH_AFF_r53c27,53,27,117.198096,42.116414,0.8483,0.8825,0.9002,0.9531,0.8709,0.9518,0.081,0.00246,1985,1985,1,stable_forest,CLCD_v01_Yang_Huang_zenodo.18180184,RS_derived
SAIH_AFF_r53c28,53,28,117.210147,42.116414,0.8632,0.8996,0.9162,0.9382,0.8846,0.9381,0.0536,0.00168,1985,1985,1,stable_forest,CLCD_v01_Yang_Huang_zenodo.18180184,RS_derived
SAIH_AFF_r53c29,53,29,117.222198,42.116414,0.6839,0.7463,0.7678,0.8489,0.7181,0.8473,0.1292,0.00396,1985,1985,1,stable_forest,CLCD_v01_Yang_Huang_zenodo.18180184,RS_derived
SAIH_AFF_r53c30,53,30,117.234248,42.116414,0.8627,0.8908,0.9022,0.9459,0.8714,0.9457,0.0742,0.00233,1985,1985,1,stable_forest,CLCD_v01_Yang_Huang_zenodo.18180184,RS_derived
SAIH_AFF_r53c31,53,31,117.246299,42.116414,0.9619,0.9972,0.9972,1.0,0.9883,1.0,0.0117,0.00039,1985,1985,1,stable_forest,CLCD_v01_Yang_Huang_zenodo.18180184,RS_derived
SAIH_AFF_r53c32,53,32,117.25835,42.116414,0.5124,0.668,0.7529,0.8031,0.5632,0.8017,0.2386,0.00806,1985,1985,1,stable_forest,CLCD_v01_Yang_Huang_zenodo.18180184,RS_derived
SAIH_AFF_r53c33,53,33,117.270401,42.116414,0.5405,0.6961,0.791,0.8163,0.5844,0.8159,0.2314,0.00773,1985,1985,1,stable_forest,CLCD_v01_Yang_Huang_zenodo.18180184,RS_derived
SAIH_AFF_r53c34,53,34,117.282452,42.116414,0.802,0.8643,0.888,0.9266,0.8359,0.9247,0.0888,0.00278,1985,1985,1,stable_forest,CLCD_v01_Yang_Huang_zenodo.18180184,RS_derived
SAIH_AFF_r53c35,53,35,117.294502,42.116414,0.8292,0.8719,0.913,0.947,0.8475,0.9452,0.0977,0.00327,1985,1985,1,stable_forest,CLCD_v01_Yang_Huang_zenodo.18180184,RS_derived
SAIH_AFF_r53c36,53,36,117.306553,42.116414,0.3685,0.3789,0.3872,0.4937,0.3718,0.4846,0.1129,0.00338,0,1985,0,partial_forest,CLCD_v01_Yang_Huang_zenodo.18180184,RS_derived
SAIH_AFF_r53c37,53,37,117.318604,42.116414,0.4683,0.5251,0.5438,0.6553,0.5064,0.656,0.1496,0.00461,1992,1985,0,stable_forest,CLCD_v01_Yang_Huang_zenodo.18180184,RS_derived
SAIH_AFF_r53c38,53,38,117.330655,42.116414,0.594,0.6216,0.6635,0.7722,0.6093,0.7725,0.1632,0.00514,1985,1985,1,stable_forest,CLCD_v01_Yang_Huang_zenodo.18180184,RS_derived
SAIH_AFF_r53c39,53,39,117.342705,42.116414,0.8058,0.8362,0.8461,0.8875,0.8257,0.8874,0.0617,0.00191,1985,1985,1,stable_forest,CLCD_v01_Yang_Huang_zenodo.18180184,RS_derived
SAIH_AFF_r53c40,53,40,117.354756,42.116414,0.8816,0.9168,0.9643,0.9897,0.9046,0.9854,0.0808,0.00282,1985,1985,1,stable_forest,CLCD_v01_Yang_Huang_zenodo.18180184,RS_derived
SAIH_AFF_r53c41,53,41,117.366807,42.116414,0.6795,0.8544,0.9691,0.995,0.7633,0.993,0.2297,0.00774,1985,1985,1,stable_forest,CLCD_v01_Yang_Huang_zenodo.18180184,RS_derived
SAIH_AFF_r53c42,53,42,117.378858,42.116414,0.9774,0.9939,0.9967,1.0,0.99,1.0,0.01,0.00034,1985,1985,1,stable_forest,CLCD_v01_Yang_Huang_zenodo.18180184,RS_derived
SAIH_AFF_r53c43,53,43,117.390908,42.116414,0.9112,0.9619,0.9719,0.9851,0.9384,0.9848,0.0465,0.0015,1985,1985,1,stable_forest,CLCD_v01_Yang_Huang_zenodo.18180184,RS_derived
SAIH_AFF_r53c44,53,44,117.402959,42.116414,0.6696,0.7711,0.7893,0.8853,0.7449,0.8831,0.1382,0.00419,1985,1985,1,stable_forest,CLCD_v01_Yang_Huang_zenodo.18180184,RS_derived
SAIH_AFF_r53c45,53,45,117.41501,42.116414,0.6735,0.7822,0.8384,0.9005,0.7388,0.8986,0.1598,0.00518,1985,1985,1,stable_forest,CLCD_v01_Yang_Huang_zenodo.18180184,RS_derived
SAIH_AFF_r53c46,53,46,117.427061,42.116414,0.626,0.7562,0.7755,0.8632,0.7193,0.8607,0.1414,0.00433,1985,1985,1,stable_forest,CLCD_v01_Yang_Huang_zenodo.18180184,RS_derived
SAIH_AFF_r53c47,53,47,117.439112,42.116414,0.6525,0.8025,0.8125,0.9482,0.7642,0.9482,0.1839,0.00551,1985,1985,1,stable_forest,CLCD_v01_Yang_Huang_zenodo.18180184,RS_derived
SAIH_AFF_r53c48,53,48,117.451162,42.116414,0.6051,0.7369,0.7805,0.9316,0.6836,0.9291,0.2455,0.00763,1985,1985,1,stable_forest,CLCD_v01_Yang_Huang_zenodo.18180184,RS_derived
SAIH_AFF_r53c49,53,49,117.463213,42.116414,0.1533,0.1561,0.1964,0.4887,0.1544,0.4386,0.2842,0.00842,0,2017,0,partial_forest,CLCD_v01_Yang_Huang_zenodo.18180184,RS_derived
SAIH_AFF_r53c50,53,50,117.475264,42.116414,0.4427,0.5762,0.6119,0.7827,0.5286,0.7622,0.2335,0.00699,1991,1985,0,stable_forest,CLCD_v01_Yang_Huang_zenodo.18180184,RS_derived
SAIH_AFF_r53c51,53,51,117.487315,42.116414,0.7363,0.8378,0.8439,0.8963,0.8103,0.8963,0.086,0.00267,1985,1985,1,stable_forest,CLCD_v01_Yang_Huang_zenodo.18180184,RS_derived
SAIH_AFF_r53c52,53,52,117.499365,42.116414,0.8152,0.8919,0.8924,0.9151,0.8667,0.9129,0.0462,0.00142,1985,1985,1,stable_forest,CLCD_v01_Yang_Huang_zenodo.18180184,RS_derived
SAIH_AFF_r53c53,53,53,117.511416,42.116414,0.668,0.7733,0.7788,0.8395,0.742,0.8388,0.0967,0.00291,1985,1985,1,stable_forest,CLCD_v01_Yang_Huang_zenodo.18180184,RS_derived
SAIH_AFF_r53c54,53,54,117.523467,42.116414,0.6001,0.6911,0.7126,0.8185,0.6624,0.8161,0.1538,0.00478,1985,1985,1,stable_forest,CLCD_v01_Yang_Huang_zenodo.18180184,RS_derived
SAIH_AFF_r53c55,53,55,117.535518,42.116414,0.4151,0.4995,0.5162,0.6773,0.477,0.6622,0.1852,0.00518,2002,1985,0,partial_forest,CLCD_v01_Yang_Huang_zenodo.18180184,RS_derived
SAIH_AFF_r53c56,53,56,117.547568,42.116414,0.2648,0.4054,0.4556,0.6437,0.364,0.6356,0.2716,0.00809,2016,1990,0,partial_forest,CLCD_v01_Yang_Huang_zenodo.18180184,RS_derived
SAIH_AFF_r53c57,53,57,117.559619,42.116414,0.2945,0.3629,0.4225,0.5328,0.3407,0.5307,0.19,0.00607,2019,1990,0,partial_forest,CLCD_v01_Yang_Huang_zenodo.18180184,RS_derived
SAIH_AFF_r53c58,53,58,117.57167,42.116414,0.6012,0.6834,0.749,0.8858,0.6439,0.8829,0.239,0.00749,1985,1985,1,stable_forest,CLCD_v01_Yang_Huang_zenodo.18180184,RS_derived
SAIH_AFF_r53c59,53,59,117.583721,42.116414,0.3927,0.471,0.6387,0.9272,0.4284,0.9111,0.4827,0.01554,2005,1985,0,partial_forest,CLCD_v01_Yang_Huang_zenodo.18180184,RS_derived
SAIH_AFF_r53c60,53,60,117.595772,42.116414,0.5222,0.5973,0.7741,0.9378,0.5655,0.9375,0.372,0.01272,1985,1985,1,stable_forest,CLCD_v01_Yang_Huang_zenodo.18180184,RS_derived
SAIH_AFF_r53c61,53,61,117.607822,42.116414,0.273,0.3138,0.3602,0.5692,0.2997,0.5625,0.2628,0.00801,2018,1992,0,afforested,CLCD_v01_Yang_Huang_zenodo.18180184,RS_derived
SAIH_AFF_r53c64,53,64,117.643975,42.116414,0.0011,0.0351,0.0535,0.3097,0.0147,0.2599,0.2452,0.00689,0,2024,0,non_forest,CLCD_v01_Yang_Huang_zenodo.18180184,RS_derived
SAIH_AFF_r54c01,54,1,116.884776,42.107375,0.5896,0.7082,0.738,0.9079,0.6371,0.9066,0.2695,0.00869,1985,1985,1,stable_forest,CLCD_v01_Yang_Huang_zenodo.18180184,RS_derived
SAIH_AFF_r54c02,54,2,116.896827,42.107375,0.2526,0.2951,0.3276,0.4606,0.2616,0.4582,0.1966,0.00649,0,2002,0,partial_forest,CLCD_v01_Yang_Huang_zenodo.18180184,RS_derived
SAIH_AFF_r54c10,54,10,116.993233,42.107375,0.0,0.0,0.0032,0.1535,0.0,0.1507,0.1507,0.00508,0,0,0,non_forest,CLCD_v01_Yang_Huang_zenodo.18180184,RS_derived
SAIH_AFF_r54c17,54,17,117.077588,42.107375,0.0463,0.0899,0.1434,0.5372,0.0667,0.5229,0.4562,0.01451,2021,2015,0,afforested,CLCD_v01_Yang_Huang_zenodo.18180184,RS_derived
SAIH_AFF_r54c18,54,18,117.089639,42.107375,0.4021,0.5979,0.7033,0.9162,0.5112,0.9063,0.3951,0.01312,1991,1985,0,stable_forest,CLCD_v01_Yang_Huang_zenodo.18180184,RS_derived
SAIH_AFF_r54c19,54,19,117.10169,42.107375,0.2885,0.3502,0.5102,0.9448,0.3226,0.937,0.6144,0.02155,2010,1990,0,partial_forest,CLCD_v01_Yang_Huang_zenodo.18180184,RS_derived
SAIH_AFF_r54c20,54,20,117.113741,42.107375,0.4292,0.5049,0.5222,0.7497,0.4745,0.7422,0.2676,0.00794,2000,1985,0,partial_forest,CLCD_v01_Yang_Huang_zenodo.18180184,RS_derived
SAIH_AFF_r54c21,54,21,117.125792,42.107375,0.706,0.7562,0.7794,0.8682,0.7322,0.8652,0.1331,0.00426,1985,1985,1,stable_forest,CLCD_v01_Yang_Huang_zenodo.18180184,RS_derived
SAIH_AFF_r54c22,54,22,117.137842,42.107375,0.8952,0.9106,0.9184,0.9873,0.9058,0.9856,0.0798,0.00229,1985,1985,1,stable_forest,CLCD_v01_Yang_Huang_zenodo.18180184,RS_derived
SAIH_AFF_r54c23,54,23,117.149893,42.107375,0.8726,0.9095,0.9129,0.9437,0.8997,0.9432,0.0435,0.00136,1985,1985,1,stable_forest,CLCD_v01_Yang_Huang_zenodo.18180184,RS_derived
SAIH_AFF_r54c24,54,24,117.161944,42.107375,0.8864,0.898,0.9266,0.9575,0.8904,0.9556,0.0652,0.00226,1985,1985,1,stable_forest,CLCD_v01_Yang_Huang_zenodo.18180184,RS_derived
SAIH_AFF_r54c25,54,25,117.173995,42.107375,0.9611,0.9827,0.9957,0.9984,0.9785,0.9984,0.0199,0.00072,1985,1985,1,stable_forest,CLCD_v01_Yang_Huang_zenodo.18180184,RS_derived
SAIH_AFF_r54c26,54,26,117.186045,42.107375,0.9801,0.989,0.9978,1.0,0.9863,1.0,0.0137,0.00051,1985,1985,1,stable_forest,CLCD_v01_Yang_Huang_zenodo.18180184,RS_derived
SAIH_AFF_r54c27,54,27,117.198096,42.107375,0.7055,0.7463,0.7584,0.8274,0.7349,0.8254,0.0905,0.00285,1985,1985,1,stable_forest,CLCD_v01_Yang_Huang_zenodo.18180184,RS_derived
SAIH_AFF_r54c28,54,28,117.210147,42.107375,0.8715,0.9024,0.9073,0.979,0.8868,0.9774,0.0906,0.00259,1985,1985,1,stable_forest,CLCD_v01_Yang_Huang_zenodo.18180184,RS_derived
SAIH_AFF_r54c29,54,29,117.222198,42.107375,0.9697,0.9829,0.984,0.9879,0.9757,0.9877,0.012,0.00039,1985,1985,1,stable_forest,CLCD_v01_Yang_Huang_zenodo.18180184,RS_derived
SAIH_AFF_r54c30,54,30,117.234248,42.107375,0.7222,0.7768,0.7941,0.8719,0.7556,0.8678,0.1122,0.00353,1985,1985,1,stable_forest,CLCD_v01_Yang_Huang_zenodo.18180184,RS_derived
SAIH_AFF_r54c31,54,31,117.246299,42.107375,0.8952,0.9217,0.9294,0.9509,0.9109,0.9505,0.0396,0.00116,1985,1985,1,stable_forest,CLCD_v01_Yang_Huang_zenodo.18180184,RS_derived
SAIH_AFF_r54c32,54,32,117.25835,42.107375,0.8406,0.8753,0.9344,0.9857,0.8483,0.9849,0.1366,0.00467,1985,1985,1,stable_forest,CLCD_v01_Yang_Huang_zenodo.18180184,RS_derived
SAIH_AFF_r54c33,54,33,117.270401,42.107375,0.7055,0.7744,0.8047,0.8263,0.7319,0.8258,0.0939,0.00302,1985,1985,1,stable_forest,CLCD_v01_Yang_Huang_zenodo.18180184,RS_derived
SAIH_AFF_r54c34,54,34,117.282452,42.107375,0.5472,0.6442,0.6773,0.7027,0.5747,0.7002,0.1256,0.00407,1985,1985,1,stable_forest,CLCD_v01_Yang_Huang_zenodo.18180184,RS_derived
SAIH_AFF_r54c35,54,35,117.294502,42.107375,0.4881,0.6124,0.6735,0.7081,0.5111,0.7058,0.1946,0.00624,1991,1985,0,stable_forest,CLCD_v01_Yang_Huang_zenodo.18180184,RS_derived
SAIH_AFF_r54c36,54,36,117.306553,42.107375,0.5168,0.5279,0.5372,0.6498,0.5216,0.647,0.1254,0.0037,1985,1985,1,stable_forest,CLCD_v01_Yang_Huang_zenodo.18180184,RS_derived
SAIH_AFF_r54c38,54,38,117.330655,42.107375,0.353,0.3679,0.3861,0.4887,0.3631,0.4781,0.115,0.00355,0,1985,0,partial_forest,CLCD_v01_Yang_Huang_zenodo.18180184,RS_derived
SAIH_AFF_r54c39,54,39,117.342705,42.107375,0.8158,0.8776,0.8781,0.9101,0.8564,0.9101,0.0537,0.00168,1985,1985,1,stable_forest,CLCD_v01_Yang_Huang_zenodo.18180184,RS_derived
SAIH_AFF_r54c40,54,40,117.354756,42.107375,0.9022,0.9492,0.9573,0.9789,0.9357,0.9789,0.0432,0.00143,1985,1985,1,stable_forest,CLCD_v01_Yang_Huang_zenodo.18180184,RS_derived
SAIH_AFF_r54c41,54,41,117.366807,42.107375,0.8582,0.9774,0.9895,0.9967,0.9196,0.996,0.0763,0.00238,1985,1985,1,stable_forest,CLCD_v01_Yang_Huang_zenodo.18180184,RS_derived
SAIH_AFF_r54c42,54,42,117.378858,42.107375,0.7606,0.8891,0.9327,0.9868,0.8122,0.9774,0.1652,0.00518,1985,1985,1,stable_forest,CLCD_v01_Yang_Huang_zenodo.18180184,RS_derived
SAIH_AFF_r54c43,54,43,117.390908,42.107375,0.8461,0.9801,0.9956,0.9901,0.8622,0.9954,0.1332,0.00433,1985,1985,1,stable_forest,CLCD_v01_Yang_Huang_zenodo.18180184,RS_derived
SAIH_AFF_r54c44,54,44,117.402959,42.107375,0.7121,0.8069,0.8505,0.9316,0.7527,0.9336,0.181,0.0059,1985,1985,1,stable_forest,CLCD_v01_Yang_Huang_zenodo.18180184,RS_derived
SAIH_AFF_r54c45,54,45,117.41501,42.107375,0.2692,0.3357,0.4465,0.6259,0.2939,0.6196,0.3257,0.01067,2016,1992,0,afforested,CLCD_v01_Yang_Huang_zenodo.18180184,RS_derived
SAIH_AFF_r54c46,54,46,117.427061,42.107375,0.3855,0.4269,0.4931,0.6023,0.4054,0.597,0.1916,0.00614,2015,1985,0,partial_forest,CLCD_v01_Yang_Huang_zenodo.18180184,RS_derived
SAIH_AFF_r54c47,54,47,117.439112,42.107375,0.2101,0.2592,0.2675,0.5212,0.237,0.5173,0.2803,0.00837,2019,2015,0,afforested,CLCD_v01_Yang_Huang_zenodo.18180184,RS_derived
SAIH_AFF_r54c48,54,48,117.451162,42.107375,0.4186,0.5836,0.6095,0.7739,0.517,0.7701,0.2531,0.00766,1991,1985,0,stable_forest,CLCD_v01_Yang_Huang_zenodo.18180184,RS_derived
SAIH_AFF_r54c49,54,49,117.463213,42.107375,0.2322,0.3442,0.4567,0.6735,0.2399,0.6829,0.4431,0.01466,2014,2000,0,afforested,CLCD_v01_Yang_Huang_zenodo.18180184,RS_derived
SAIH_AFF_r54c50,54,50,117.475264,42.107375,0.2076,0.2546,0.327,0.6865,0.2352,0.6793,0.4441,0.01384,2017,2005,0,afforested,CLCD_v01_Yang_Huang_zenodo.18180184,RS_derived
SAIH_AFF_r54c51,54,51,117.487315,42.107375,0.6806,0.754,0.7689,0.8351,0.7378,0.8338,0.0959,0.00295,1985,1985,1,stable_forest,CLCD_v01_Yang_Huang_zenodo.18180184,RS_derived
SAIH_AFF_r54c52,54,52,117.499365,42.107375,0.5814,0.7595,0.7623,0.84,0.6969,0.8385,0.1416,0.00427,1985,1985,1,stable_forest,CLCD_v01_Yang_Huang_zenodo.18180184,RS_derived
SAIH_AFF_r54c53,54,53,117.511416,42.107375,0.6657,0.7601,0.7678,0.8472,0.7307,0.8445,0.1139,0.00332,1985,1985,1,stable_forest,CLCD_v01_Yang_Huang_zenodo.18180184,RS_derived
SAIH_AFF_r54c54,54,54,117.523467,42.107375,0.4473,0.5532,0.5626,0.6211,0.5332,0.618,0.0848,0.00261,1990,1985,0,stable_forest,CLCD_v01_Yang_Huang_zenodo.18180184,RS_derived
SAIH_AFF_r54c55,54,55,117.535518,42.107375,0.4016,0.4778,0.4919,0.6146,0.4616,0.6056,0.144,0.00419,2015,1985,0,partial_forest,CLCD_v01_Yang_Huang_zenodo.18180184,RS_derived
SAIH_AFF_r54c56,54,56,117.547568,42.107375,0.4793,0.5786,0.599,0.7286,0.549,0.7273,0.1784,0.00539,1990,1985,0,stable_forest,CLCD_v01_Yang_Huang_zenodo.18180184,RS_derived
SAIH_AFF_r54c57,54,57,117.559619,42.107375,0.2377,0.294,0.3304,0.4755,0.2721,0.471,0.1989,0.00641,0,2003,0,partial_forest,CLCD_v01_Yang_Huang_zenodo.18180184,RS_derived
SAIH_AFF_r54c58,54,58,117.57167,42.107375,0.3045,0.4109,0.4269,0.4721,0.3822,0.4698,0.0876,0.0027,0,1985,0,partial_forest,CLCD_v01_Yang_Huang_zenodo.18180184,RS_derived
SAIH_AFF_r54c59,54,59,117.583721,42.107375,0.4396,0.5659,0.5929,0.7088,0.5273,0.7049,0.1776,0.00546,1990,1985,0,stable_forest,CLCD_v01_Yang_Huang_zenodo.18180184,RS_derived
SAIH_AFF_r54c60,54,60,117.595772,42.107375,0.1297,0.2968,0.3789,0.7189,0.232,0.7158,0.4838,0.01524,2015,2002,0,afforested,CLCD_v01_Yang_Huang_zenodo.18180184,RS_derived
SAIH_AFF_r54c61,54,61,117.607822,42.107375,0.5571,0.7827,0.8268,0.9459,0.7019,0.9441,0.2422,0.00788,1985,1985,1,stable_forest,CLCD_v01_Yang_Huang_zenodo.18180184,RS_derived
SAIH_AFF_r54c62,54,62,117.619873,42.107375,0.2714,0.3635,0.4368,0.6911,0.3261,0.6896,0.3635,0.01166,2015,1990,0,partial_forest,CLCD_v01_Yang_Huang_zenodo.18180184,RS_derived
SAIH_AFF_r54c63,54,63,117.631924,42.107375,0.0976,0.1158,0.1754,0.1975,0.1039,0.1998,0.0958,0.00346,0,0,0,non_forest,CLCD_v01_Yang_Huang_zenodo.18180184,RS_derived
SAIH_AFF_r55c00,55,0,116.872725,42.098336,0.3595,0.4162,0.4357,0.5914,0.3893,0.5914,0.202,0.00674,2014,1985,0,partial_forest,CLCD_v01_Yang_Huang_zenodo.18180184,RS_derived
SAIH_AFF_r55c01,55,1,116.884776,42.098336,0.599,0.6575,0.6795,0.8301,0.623,0.8296,0.2066,0.00665,1985,1985,1,stable_forest,CLCD_v01_Yang_Huang_zenodo.18180184,RS_derived
SAIH_AFF_r55c02,55,2,116.896827,42.098336,0.1748,0.1826,0.1892,0.2747,0.1756,0.2747,0.099,0.00326,0,0,0,non_forest,CLCD_v01_Yang_Huang_zenodo.18180184,RS_derived
SAIH_AFF_r55c14,55,14,117.041436,42.098336,0.0689,0.0938,0.1434,0.198,0.0766,0.1955,0.1189,0.00422,0,0,0,non_forest,CLCD_v01_Yang_Huang_zenodo.18180184,RS_derived
SAIH_AFF_r55c15,55,15,117.053487,42.098336,0.2135,0.2524,0.2768,0.3595,0.2415,0.339,0.0975,0.0031,0,2015,0,partial_forest,CLCD_v01_Yang_Huang_zenodo.18180184,RS_derived
SAIH_AFF_r55c17,55,17,117.077588,42.098336,0.4628,0.5091,0.5792,0.749,0.4863,0.7433,0.2571,0.00887,1999,1985,0,partial_forest,CLCD_v01_Yang_Huang_zenodo.18180184,RS_derived
SAIH_AFF_r55c18,55,18,117.089639,42.098336,0.1065,0.1131,0.2537,0.7788,0.1088,0.7765,0.6677,0.0228,2015,2012,0,afforested,CLCD_v01_Yang_Huang_zenodo.18180184,RS_derived
SAIH_AFF_r55c19,55,19,117.10169,42.098336,0.1346,0.1451,0.4732,0.9504,0.1351,0.9464,0.8113,0.0298,2011,2009,0,afforested,CLCD_v01_Yang_Huang_zenodo.18180184,RS_derived
SAIH_AFF_r55c20,55,20,117.113741,42.098336,0.4638,0.5308,0.5659,0.8184,0.5101,0.8014,0.2913,0.0082,1990,1985,0,stable_forest,CLCD_v01_Yang_Huang_zenodo.18180184,RS_derived
SAIH_AFF_r55c21,55,21,117.125792,42.098336,0.6464,0.6773,0.6966,0.8312,0.6695,0.8252,0.1557,0.00459,1985,1985,1,stable_forest,CLCD_v01_Yang_Huang_zenodo.18180184,RS_derived
SAIH_AFF_r55c22,55,22,117.137842,42.098336,0.9426,0.9575,0.968,0.9917,0.9507,0.992,0.0413,0.00134,1985,1985,1,stable_forest,CLCD_v01_Yang_Huang_zenodo.18180184,RS_derived
SAIH_AFF_r55c23,55,23,117.149893,42.098336,0.765,0.8152,0.8207,0.8963,0.8044,0.8935,0.089,0.00258,1985,1985,1,stable_forest,CLCD_v01_Yang_Huang_zenodo.18180184,RS_derived
SAIH_AFF_r55c24,55,24,117.161944,42.098336,0.8312,0.8582,0.8698,0.8991,0.8515,0.8958,0.0443,0.00137,1985,1985,1,stable_forest,CLCD_v01_Yang_Huang_zenodo.18180184,RS_derived
SAIH_AFF_r55c25,55,25,117.173995,42.098336,0.9686,0.9838,0.9973,0.9989,0.9758,0.9989,0.0232,0.00084,1985,1985,1,stable_forest,CLCD_v01_Yang_Huang_zenodo.18180184,RS_derived
SAIH_AFF_r55c26,55,26,117.186045,42.098336,0.8737,0.9162,0.9493,0.9945,0.8991,0.9942,0.0951,0.00313,1985,1985,1,stable_forest,CLCD_v01_Yang_Huang_zenodo.18180184,RS_derived
SAIH_AFF_r55c27,55,27,117.198096,42.098336,0.7849,0.8103,0.8351,0.92,0.7993,0.9216,0.1223,0.00367,1985,1985,1,stable_forest,CLCD_v01_Yang_Huang_zenodo.18180184,RS_derived
SAIH_AFF_r55c28,55,28,117.210147,42.098336,0.556,0.5935,0.599,0.7198,0.5841,0.7202,0.1361,0.00361,1985,1985,1,stable_forest,CLCD_v01_Yang_Huang_zenodo.18180184,RS_derived
SAIH_AFF_r55c29,55,29,117.222198,42.098336,0.8831,0.8969,0.9062,0.9443,0.8925,0.9422,0.0497,0.00143,1985,1985,1,stable_forest,CLCD_v01_Yang_Huang_zenodo.18180184,RS_derived
SAIH_AFF_r55c30,55,30,117.234248,42.098336,0.7951,0.8681,0.8827,0.8973,0.8454,0.8995,0.0541,0.00173,1985,1985,1,stable_forest,CLCD_v01_Yang_Huang_zenodo.18180184,RS_derived
SAIH_AFF_r55c31,55,31,117.246299,42.098336,0.8776,0.9322,0.9388,0.9459,0.9042,0.9459,0.0418,0.00127,1985,1985,1,stable_forest,CLCD_v01_Yang_Huang_zenodo.18180184,RS_derived
SAIH_AFF_r55c32,55,32,117.25835,42.098336,0.9112,0.9559,0.9614,0.9735,0.9297,0.9727,0.043,0.00135,1985,1985,1,stable_forest,CLCD_v01_Yang_Huang_zenodo.18180184,RS_derived
SAIH_AFF_r55c33,55,33,117.270401,42.098336,0.8875,0.92,0.947,0.9603,0.9081,0.9597,0.0516,0.00173,1985,1985,1,stable_forest,CLCD_v01_Yang_Huang_zenodo.18180184,RS_derived
SAIH_AFF_r55c34,55,34,117.282452,42.098336,0.7369,0.7645,0.7788,0.8009,0.7476,0.7989,0.0512,0.00158,1985,1985,1,stable_forest,CLCD_v01_Yang_Huang_zenodo.18180184,RS_derived
SAIH_AFF_r55c35,55,35,117.294502,42.098336,0.5741,0.6032,0.627,0.6459,0.5877,0.6443,0.0566,0.00182,1985,1985,1,stable_forest,CLCD_v01_Yang_Huang_zenodo.18180184,RS_derived
SAIH_AFF_r55c36,55,36,117.306553,42.098336,0.5576,0.6315,0.6464,0.6702,0.608,0.667,0.059,0.0018,1985,1985,1,stable_forest,CLCD_v01_Yang_Huang_zenodo.18180184,RS_derived
SAIH_AFF_r55c37,55,37,117.318604,42.098336,0.257,0.2659,0.2774,0.3536,0.2588,0.3502,0.0914,0.00274,0,2016,0,partial_forest,CLCD_v01_Yang_Huang_zenodo.18180184,RS_derived
SAIH_AFF_r55c38,55,38,117.330655,42.098336,0.3624,0.4026,0.4346,0.4942,0.3875,0.4865,0.099,0.00331,0,1985,0,partial_forest,CLCD_v01_Yang_Huang_zenodo.18180184,RS_derived
SAIH_AFF_r55c39,55,39,117.342705,42.098336,0.7821,0.8075,0.8389,0.8693,0.7997,0.867,0.0673,0.0023,1985,1985,1,stable_forest,CLCD_v01_Yang_Huang_zenodo.18180184,RS_derived
SAIH_AFF_r55c40,55,40,117.354756,42.098336,0.72,0.7973,0.8557,0.8892,0.7727,0.8886,0.1159,0.00403,1985,1985,1,stable_forest,CLCD_v01_Yang_Huang_zenodo.18180184,RS_derived
SAIH_AFF_r55c41,55,41,117.366807,42.098336,0.9675,0.9884,0.9884,0.9917,0.9828,0.9917,0.0089,0.00028,1985,1985,1,stable_forest,CLCD_v01_Yang_Huang_zenodo.18180184,RS_derived
SAIH_AFF_r55c42,55,42,117.378858,42.098336,0.957,0.9846,0.9917,0.9961,0.9785,0.9956,0.0171,0.00058,1985,1985,1,stable_forest,CLCD_v01_Yang_Huang_zenodo.18180184,RS_derived
SAIH_AFF_r55c43,55,43,117.390908,42.098336,0.8483,0.9062,0.957,0.9945,0.8768,0.9925,0.1157,0.00401,1985,1985,1,stable_forest,CLCD_v01_Yang_Huang_zenodo.18180184,RS_derived
SAIH_AFF_r55c44,55,44,117.402959,42.098336,0.7965,0.8902,0.9509,0.984,0.829,0.9806,0.1516,0.00506,1985,1985,1,stable_forest,CLCD_v01_Yang_Huang_zenodo.18180184,RS_derived
SAIH_AFF_r55c45,55,45,117.41501,42.098336,0.8697,0.9308,0.94,0.9551,0.9044,0.9522,0.0478,0.00147,1985,1985,1,stable_forest,CLCD_v01_Yang_Huang_zenodo.18180184,RS_derived
SAIH_AFF_r55c46,55,46,117.427061,42.098336,0.8858,0.9498,0.9575,0.9691,0.9329,0.9669,0.034,0.00105,1985,1985,1,stable_forest,CLCD_v01_Yang_Huang_zenodo.18180184,RS_derived
SAIH_AFF_r55c47,55,47,117.439112,42.098336,0.6084,0.6398,0.6641,0.7744,0.6191,0.7653,0.1462,0.00438,1985,1985,1,stable_forest,CLCD_v01_Yang_Huang_zenodo.18180184,RS_derived
SAIH_AFF_r55c48,55,48,117.451162,42.098336,0.273,0.3431,0.3536,0.497,0.3249,0.4861,0.1612,0.00477,0,1990,0,partial_forest,CLCD_v01_Yang_Huang_zenodo.18180184,RS_derived
SAIH_AFF_r55c49,55,49,117.463213,42.098336,0.3188,0.4628,0.4909,0.7838,0.389,0.7794,0.3904,0.01194,2012,1985,0,partial_forest,CLCD_v01_Yang_Huang_zenodo.18180184,RS_derived
SAIH_AFF_r55c50,55,50,117.475264,42.098336,0.2178,0.3016,0.3254,0.5097,0.2642,0.4975,0.2332,0.00733,2023,2000,0,partial_forest,CLCD_v01_Yang_Huang_zenodo.18180184,RS_derived
SAIH_AFF_r55c51,55,51,117.487315,42.098336,0.6354,0.7551,0.7772,0.8787,0.7237,0.875,0.1512,0.00476,1985,1985,1,stable_forest,CLCD_v01_Yang_Huang_zenodo.18180184,RS_derived
SAIH_AFF_r55c52,55,52,117.499365,42.098336,0.5284,0.6569,0.6608,0.7557,0.6179,0.7505,0.1326,0.00393,1985,1985,1,stable_forest,CLCD_v01_Yang_Huang_zenodo.18180184,RS_derived
SAIH_AFF_r55c53,55,53,117.511416,42.098336,0.615,0.7314,0.7457,0.8312,0.6929,0.83,0.1371,0.00418,1985,1985,1,stable_forest,CLCD_v01_Yang_Huang_zenodo.18180184,RS_derived
SAIH_AFF_r55c54,55,54,117.523467,42.098336,0.39,0.4694,0.4848,0.6167,0.4342,0.6134,0.1792,0.00529,2015,1985,0,partial_forest,CLCD_v01_Yang_Huang_zenodo.18180184,RS_derived
SAIH_AFF_r55c55,55,55,117.535518,42.098336,0.32,0.3919,0.4016,0.4649,0.3686,0.4627,0.0941,0.00286,0,1985,0,partial_forest,CLCD_v01_Yang_Huang_zenodo.18180184,RS_derived
SAIH_AFF_r55c56,55,56,117.547568,42.098336,0.5014,0.6338,0.6569,0.7248,0.5948,0.721,0.1262,0.00395,1985,1985,1,stable_forest,CLCD_v01_Yang_Huang_zenodo.18180184,RS_derived
SAIH_AFF_r55c57,55,57,117.559619,42.098336,0.3977,0.5212,0.5902,0.6641,0.4498,0.6614,0.2117,0.00686,1999,1985,0,partial_forest,CLCD_v01_Yang_Huang_zenodo.18180184,RS_derived
SAIH_AFF_r55c58,55,58,117.57167,42.098336,0.0855,0.1589,0.2488,0.3673,0.125,0.3578,0.2327,0.00801,0,2015,0,partial_forest,CLCD_v01_Yang_Huang_zenodo.18180184,RS_derived
SAIH_AFF_r55c59,55,59,117.583721,42.098336,0.0678,0.2118,0.2466,0.4004,0.1585,0.3984,0.2399,0.00732,0,2017,0,partial_forest,CLCD_v01_Yang_Huang_zenodo.18180184,RS_derived
SAIH_AFF_r55c60,55,60,117.595772,42.098336,0.0124,0.0762,0.1178,0.5514,0.0409,0.5263,0.4854,0.01476,2022,2016,0,afforested,CLCD_v01_Yang_Huang_zenodo.18180184,RS_derived
SAIH_AFF_r55c61,55,61,117.607822,42.098336,0.262,0.5466,0.6966,0.9564,0.4023,0.9503,0.5479,0.01796,1998,1990,0,partial_forest,CLCD_v01_Yang_Huang_zenodo.18180184,RS_derived
SAIH_AFF_r55c62,55,62,117.619873,42.098336,0.4225,0.668,0.8174,0.9653,0.5137,0.963,0.4494,0.01489,1991,1985,0,stable_forest,CLCD_v01_Yang_Huang_zenodo.18180184,RS_derived
SAIH_AFF_r55c63,55,63,117.631924,42.098336,0.3646,0.5273,0.6249,0.8809,0.4433,0.8652,0.4219,0.01349,1999,1985,0,partial_forest,CLCD_v01_Yang_Huang_zenodo.18180184,RS_derived
SAIH_AFF_r55c64,55,64,117.643975,42.098336,0.0816,0.0924,0.1578,0.3297,0.0876,0.3266,0.239,0.00773,0,2019,0,partial_forest,CLCD_v01_Yang_Huang_zenodo.18180184,RS_derived
SAIH_AFF_r56c00,56,0,116.872725,42.089297,0.3049,0.3357,0.3362,0.3708,0.326,0.3704,0.0443,0.00146,0,1985,0,partial_forest,CLCD_v01_Yang_Huang_zenodo.18180184,RS_derived
SAIH_AFF_r56c01,56,1,116.884776,42.089297,0.412,0.4446,0.4959,0.7187,0.4327,0.7167,0.284,0.00965,2011,1985,0,partial_forest,CLCD_v01_Yang_Huang_zenodo.18180184,RS_derived
SAIH_AFF_r56c02,56,2,116.896827,42.089297,0.4153,0.4385,0.4429,0.5803,0.4319,0.5797,0.1478,0.00474,2015,1985,0,partial_forest,CLCD_v01_Yang_Huang_zenodo.18180184,RS_derived
SAIH_AFF_r56c10,56,10,116.993233,42.089297,0.0389,0.0665,0.0854,0.1784,0.0467,0.1777,0.1309,0.0045,0,0,0,non_forest,CLCD_v01_Yang_Huang_zenodo.18180184,RS_derived
SAIH_AFF_r56c14,56,14,117.041436,42.089297,0.0088,0.0094,0.1092,0.3552,0.0093,0.3377,0.3284,0.01146,0,2017,0,partial_forest,CLCD_v01_Yang_Huang_zenodo.18180184,RS_derived
SAIH_AFF_r56c15,56,15,117.053487,42.089297,0.433,0.6297,0.6384,0.6719,0.5802,0.6601,0.0799,0.00248,1990,1985,0,stable_forest,CLCD_v01_Yang_Huang_zenodo.18180184,RS_derived
SAIH_AFF_r56c16,56,16,117.065538,42.089297,0.6089,0.7573,0.7601,0.8009,0.7259,0.791,0.065,0.00215,1985,1985,1,stable_forest,CLCD_v01_Yang_Huang_zenodo.18180184,RS_derived
SAIH_AFF_r56c17,56,17,117.077588,42.089297,0.8081,0.8638,0.8753,0.8792,0.8512,0.8763,0.025,0.00098,1985,1985,1,stable_forest,CLCD_v01_Yang_Huang_zenodo.18180184,RS_derived
SAIH_AFF_r56c18,56,18,117.089639,42.089297,0.5565,0.6001,0.6729,0.8676,0.5806,0.8616,0.281,0.00965,1985,1985,1,stable_forest,CLCD_v01_Yang_Huang_zenodo.18180184,RS_derived
SAIH_AFF_r56c19,56,19,117.10169,42.089297,0.4115,0.4264,0.5223,0.92,0.4224,0.9129,0.4904,0.01662,2010,1985,0,partial_forest,CLCD_v01_Yang_Huang_zenodo.18180184,RS_derived
SAIH_AFF_r56c20,56,20,117.113741,42.089297,0.5486,0.5838,0.6032,0.8416,0.5665,0.8257,0.2592,0.00742,1985,1985,1,stable_forest,CLCD_v01_Yang_Huang_zenodo.18180184,RS_derived
SAIH_AFF_r56c21,56,21,117.125792,42.089297,0.8616,0.9162,0.92,0.9763,0.9048,0.973,0.0682,0.00198,1985,1985,1,stable_forest,CLCD_v01_Yang_Huang_zenodo.18180184,RS_derived
SAIH_AFF_r56c22,56,22,117.137842,42.089297,0.845,0.8566,0.8698,0.9399,0.8534,0.9326,0.0793,0.00232,1985,1985,1,stable_forest,CLCD_v01_Yang_Huang_zenodo.18180184,RS_derived
SAIH_AFF_r56c23,56,23,117.149893,42.089297,0.6045,0.6702,0.6784,0.7463,0.6572,0.7421,0.0849,0.0025,1985,1985,1,stable_forest,CLCD_v01_Yang_Huang_zenodo.18180184,RS_derived
SAIH_AFF_r56c24,56,24,117.161944,42.089297,0.7501,0.7871,0.7981,0.9206,0.7774,0.9147,0.1373,0.00402,1985,1985,1,stable_forest,CLCD_v01_Yang_Huang_zenodo.18180184,RS_derived
SAIH_AFF_r56c25,56,25,117.173995,42.089297,0.9557,0.9719,0.9795,0.9995,0.9665,0.9995,0.033,0.00111,1985,1985,1,stable_forest,CLCD_v01_Yang_Huang_zenodo.18180184,RS_derived
SAIH_AFF_r56c26,56,26,117.186045,42.089297,0.8025,0.8456,0.8787,0.9592,0.8338,0.9584,0.1245,0.00389,1985,1985,1,stable_forest,CLCD_v01_Yang_Huang_zenodo.18180184,RS_derived
SAIH_AFF_r56c27,56,27,117.198096,42.089297,0.7523,0.8141,0.8627,0.9355,0.7956,0.9345,0.1389,0.0043,1985,1985,1,stable_forest,CLCD_v01_Yang_Huang_zenodo.18180184,RS_derived
SAIH_AFF_r56c28,56,28,117.210147,42.089297,0.5063,0.5256,0.5438,0.7088,0.5195,0.6977,0.1782,0.00503,1985,1985,1,stable_forest,CLCD_v01_Yang_Huang_zenodo.18180184,RS_derived
SAIH_AFF_r56c29,56,29,117.222198,42.089297,0.5378,0.6216,0.6514,0.7661,0.5953,0.7588,0.1635,0.0049,1985,1985,1,stable_forest,CLCD_v01_Yang_Huang_zenodo.18180184,RS_derived
SAIH_AFF_r56c30,56,30,117.234248,42.089297,0.8659,0.9243,0.9422,0.9557,0.9036,0.9556,0.052,0.0017,1985,1985,1,stable_forest,CLCD_v01_Yang_Huang_zenodo.18180184,RS_derived
SAIH_AFF_r56c31,56,31,117.246299,42.089297,0.5587,0.6602,0.6663,0.7071,0.6226,0.7062,0.0836,0.00256,1985,1985,1,stable_forest,CLCD_v01_Yang_Huang_zenodo.18180184,RS_derived
SAIH_AFF_r56c32,56,32,117.25835,42.089297,0.8036,0.8792,0.8803,0.8985,0.857,0.8983,0.0413,0.0012,1985,1985,1,stable_forest,CLCD_v01_Yang_Huang_zenodo.18180184,RS_derived
SAIH_AFF_r56c33,56,33,117.270401,42.089297,0.8009,0.8483,0.8693,0.9046,0.834,0.8997,0.0657,0.00206,1985,1985,1,stable_forest,CLCD_v01_Yang_Huang_zenodo.18180184,RS_derived
SAIH_AFF_r56c34,56,34,117.282452,42.089297,0.5814,0.6327,0.6387,0.7253,0.6139,0.7217,0.1078,0.00322,1985,1985,1,stable_forest,CLCD_v01_Yang_Huang_zenodo.18180184,RS_derived
SAIH_AFF_r56c35,56,35,117.294502,42.089297,0.653,0.7195,0.7335,0.753,0.6945,0.7525,0.058,0.00185,1985,1985,1,stable_forest,CLCD_v01_Yang_Huang_zenodo.18180184,RS_derived
SAIH_AFF_r56c36,56,36,117.306553,42.089297,0.4468,0.4964,0.5229,0.5764,0.4799,0.5739,0.094,0.00318,2002,1985,0,partial_forest,CLCD_v01_Yang_Huang_zenodo.18180184,RS_derived
SAIH_AFF_r56c37,56,37,117.318604,42.089297,0.3034,0.3337,0.3696,0.5582,0.3199,0.5564,0.2364,0.00747,2018,1985,0,partial_forest,CLCD_v01_Yang_Huang_zenodo.18180184,RS_derived
SAIH_AFF_r56c38,56,38,117.330655,42.089297,0.2201,0.2576,0.2774,0.3541,0.2444,0.3494,0.105,0.00342,0,2015,0,partial_forest,CLCD_v01_Yang_Huang_zenodo.18180184,RS_derived
SAIH_AFF_r56c39,56,39,117.342705,42.089297,0.5405,0.5615,0.6613,0.7419,0.5531,0.7357,0.1826,0.00624,1985,1985,1,stable_forest,CLCD_v01_Yang_Huang_zenodo.18180184,RS_derived
SAIH_AFF_r56c40,56,40,117.354756,42.089297,0.8032,0.8254,0.8946,0.9168,0.8188,0.9136,0.0948,0.00337,1985,1985,1,stable_forest,CLCD_v01_Yang_Huang_zenodo.18180184,RS_derived
SAIH_AFF_r56c41,56,41,117.366807,42.089297,0.8549,0.8864,0.9007,0.9266,0.8772,0.9244,0.0472,0.00149,1985,1985,1,stable_forest,CLCD_v01_Yang_Huang_zenodo.18180184,RS_derived
SAIH_AFF_r56c42,56,42,117.378858,42.089297,0.8577,0.9051,0.9084,0.9366,0.8891,0.9347,0.0456,0.00132,1985,1985,1,stable_forest,CLCD_v01_Yang_Huang_zenodo.18180184,RS_derived
SAIH_AFF_r56c43,56,43,117.390908,42.089297,0.9112,0.9421,0.9437,0.9658,0.9266,0.9641,0.0376,0.00112,1985,1985,1,stable_forest,CLCD_v01_Yang_Huang_zenodo.18180184,RS_derived
SAIH_AFF_r56c44,56,44,117.402959,42.089297,0.7827,0.8378,0.8566,0.9459,0.8218,0.9416,0.1199,0.00368,1985,1985,1,stable_forest,CLCD_v01_Yang_Huang_zenodo.18180184,RS_derived
SAIH_AFF_r56c45,56,45,117.41501,42.089297,0.3768,0.4308,0.4405,0.6005,0.4117,0.5816,0.17,0.00495,2017,1985,0,partial_forest,CLCD_v01_Yang_Huang_zenodo.18180184,RS_derived
SAIH_AFF_r56c46,56,46,117.427061,42.089297,0.6955,0.7998,0.8086,0.8351,0.7731,0.8336,0.0605,0.00189,1985,1985,1,stable_forest,CLCD_v01_Yang_Huang_zenodo.18180184,RS_derived
SAIH_AFF_r56c47,56,47,117.439112,42.089297,0.5968,0.6994,0.7143,0.7915,0.6588,0.7883,0.1295,0.0039,1985,1985,1,stable_forest,CLCD_v01_Yang_Huang_zenodo.18180184,RS_derived
SAIH_AFF_r56c48,56,48,117.451162,42.089297,0.3988,0.4424,0.4528,0.5736,0.4201,0.5662,0.146,0.00455,2017,1985,0,partial_forest,CLCD_v01_Yang_Huang_zenodo.18180184,RS_derived
SAIH_AFF_r56c49,56,49,117.463213,42.089297,0.508,0.583,0.6012,0.7523,0.5587,0.7431,0.1843,0.0058,1985,1985,1,stable_forest,CLCD_v01_Yang_Huang_zenodo.18180184,RS_derived
SAIH_AFF_r56c50,56,50,117.475264,42.089297,0.3205,0.3676,0.4016,0.5784,0.3339,0.5575,0.2236,0.00702,2017,1985,0,partial_forest,CLCD_v01_Yang_Huang_zenodo.18180184,RS_derived
SAIH_AFF_r56c51,56,51,117.487315,42.089297,0.1484,0.2901,0.364,0.5339,0.2143,0.5204,0.3061,0.00986,2019,2002,0,afforested,CLCD_v01_Yang_Huang_zenodo.18180184,RS_derived
SAIH_AFF_r56c52,56,52,117.499365,42.089297,0.6613,0.7457,0.7694,0.8737,0.7056,0.8712,0.1656,0.00527,1985,1985,1,stable_forest,CLCD_v01_Yang_Huang_zenodo.18180184,RS_derived
SAIH_AFF_r56c53,56,53,117.511416,42.089297,0.2471,0.3238,0.3563,0.5516,0.2925,0.5493,0.2568,0.00791,2018,1992,0,afforested,CLCD_v01_Yang_Huang_zenodo.18180184,RS_derived
SAIH_AFF_r56c54,56,54,117.523467,42.089297,0.1914,0.2664,0.3039,0.4363,0.2336,0.4346,0.2011,0.00635,0,2005,0,partial_forest,CLCD_v01_Yang_Huang_zenodo.18180184,RS_derived
SAIH_AFF_r56c55,56,55,117.535518,42.089297,0.3103,0.4205,0.5503,0.6773,0.3742,0.6639,0.2897,0.00996,2005,1985,0,partial_forest,CLCD_v01_Yang_Huang_zenodo.18180184,RS_derived
SAIH_AFF_r56c56,56,56,117.547568,42.089297,0.4975,0.7281,0.7628,0.872,0.6494,0.8642,0.2149,0.00679,1990,1985,0,stable_forest,CLCD_v01_Yang_Huang_zenodo.18180184,RS_derived
SAIH_AFF_r56c57,56,57,117.559619,42.089297,0.2625,0.5632,0.6448,0.7341,0.4129,0.7349,0.322,0.01061,1998,1990,0,partial_forest,CLCD_v01_Yang_Huang_zenodo.18180184,RS_derived
SAIH_AFF_r56c58,56,58,117.57167,42.089297,0.2046,0.321,0.358,0.4606,0.2764,0.4571,0.1807,0.00574,0,1998,0,partial_forest,CLCD_v01_Yang_Huang_zenodo.18180184,RS_derived
SAIH_AFF_r56c59,56,59,117.583721,42.089297,0.0,0.0199,0.0728,0.1953,0.0092,0.1927,0.1835,0.00621,0,0,0,non_forest,CLCD_v01_Yang_Huang_zenodo.18180184,RS_derived
SAIH_AFF_r56c60,56,60,117.595772,42.089297,0.1465,0.2476,0.4119,0.6692,0.2008,0.6521,0.4513,0.01514,2015,2004,0,afforested,CLCD_v01_Yang_Huang_zenodo.18180184,RS_derived
SAIH_AFF_r56c61,56,61,117.607822,42.089297,0.1412,0.2995,0.4043,0.7788,0.2197,0.7637,0.544,0.01722,2015,2001,0,afforested,CLCD_v01_Yang_Huang_zenodo.18180184,RS_derived
SAIH_AFF_r56c62,56,62,117.619873,42.089297,0.0629,0.2907,0.4346,0.7033,0.153,0.6989,0.5459,0.01774,2015,2002,0,afforested,CLCD_v01_Yang_Huang_zenodo.18180184,RS_derived
SAIH_AFF_r56c63,56,63,117.631924,42.089297,0.1247,0.2168,0.3199,0.5858,0.1577,0.5833,0.4256,0.01342,2018,2005,0,afforested,CLCD_v01_Yang_Huang_zenodo.18180184,RS_derived
SAIH_AFF_r56c64,56,64,117.643975,42.089297,0.0211,0.1476,0.3059,0.5124,0.0495,0.483,0.4335,0.01406,2023,2010,0,partial_forest,CLCD_v01_Yang_Huang_zenodo.18180184,RS_derived
SAIH_AFF_r57c01,57,1,116.884776,42.080258,0.4071,0.4554,0.4995,0.7497,0.4363,0.7468,0.3105,0.01035,2011,1985,0,partial_forest,CLCD_v01_Yang_Huang_zenodo.18180184,RS_derived
SAIH_AFF_r57c02,57,2,116.896827,42.080258,0.5279,0.5596,0.5768,0.7395,0.552,0.7382,0.1862,0.00579,1985,1985,1,stable_forest,CLCD_v01_Yang_Huang_zenodo.18180184,RS_derived
SAIH_AFF_r57c03,57,3,116.908878,42.080258,0.456,0.4635,0.4699,0.6208,0.4585,0.6207,0.1622,0.00503,2015,1985,0,partial_forest,CLCD_v01_Yang_Huang_zenodo.18180184,RS_derived
SAIH_AFF_r57c04,57,4,116.920928,42.080258,0.2621,0.2965,0.3083,0.3453,0.2846,0.3451,0.0605,0.00205,0,2002,0,partial_forest,CLCD_v01_Yang_Huang_zenodo.18180184,RS_derived
SAIH_AFF_r57c13,57,13,117.029385,42.080258,0.0054,0.0054,0.0231,0.2615,0.0054,0.252,0.2466,0.00722,0,0,0,non_forest,CLCD_v01_Yang_Huang_zenodo.18180184,RS_derived
SAIH_AFF_r57c15,57,15,117.053487,42.080258,0.5121,0.8389,0.8463,0.8826,0.7759,0.8752,0.0992,0.0031,1985,1985,1,stable_forest,CLCD_v01_Yang_Huang_zenodo.18180184,RS_derived
SAIH_AFF_r57c16,57,16,117.065538,42.080258,0.6133,0.7777,0.7873,0.8421,0.7275,0.8321,0.1046,0.00322,1985,1985,1,stable_forest,CLCD_v01_Yang_Huang_zenodo.18180184,RS_derived
SAIH_AFF_r57c17,57,17,117.077588,42.080258,0.5521,0.5951,0.6015,0.6751,0.5807,0.666,0.0853,0.00254,1985,1985,1,stable_forest,CLCD_v01_Yang_Huang_zenodo.18180184,RS_derived
SAIH_AFF_r57c18,57,18,117.089639,42.080258,0.7578,0.8174,0.891,0.9817,0.7904,0.9797,0.1893,0.00641,1985,1985,1,stable_forest,CLCD_v01_Yang_Huang_zenodo.18180184,RS_derived
SAIH_AFF_r57c19,57,19,117.10169,42.080258,0.7186,0.761,0.804,0.9388,0.7332,0.9346,0.2014,0.00617,1985,1985,1,stable_forest,CLCD_v01_Yang_Huang_zenodo.18180184,RS_derived
SAIH_AFF_r57c20,57,20,117.113741,42.080258,0.5579,0.6032,0.6537,0.8942,0.5876,0.8656,0.278,0.00832,1985,1985,1,stable_forest,CLCD_v01_Yang_Huang_zenodo.18180184,RS_derived
SAIH_AFF_r57c21,57,21,117.125792,42.080258,0.7599,0.7895,0.8045,0.9436,0.7809,0.9367,0.1558,0.00445,1985,1985,1,stable_forest,CLCD_v01_Yang_Huang_zenodo.18180184,RS_derived
SAIH_AFF_r57c22,57,22,117.137842,42.080258,0.7986,0.8308,0.848,0.9538,0.8185,0.9453,0.1268,0.00378,1985,1985,1,stable_forest,CLCD_v01_Yang_Huang_zenodo.18180184,RS_derived
SAIH_AFF_r57c23,57,23,117.149893,42.080258,0.5231,0.5918,0.5924,0.6708,0.5796,0.6685,0.0889,0.00253,1985,1985,1,stable_forest,CLCD_v01_Yang_Huang_zenodo.18180184,RS_derived
SAIH_AFF_r57c24,57,24,117.161944,42.080258,0.8555,0.9173,0.92,0.9463,0.9022,0.945,0.0429,0.00122,1985,1985,1,stable_forest,CLCD_v01_Yang_Huang_zenodo.18180184,RS_derived
SAIH_AFF_r57c25,57,25,117.173995,42.080258,0.8242,0.9137,0.9279,0.9758,0.8879,0.9752,0.0873,0.00267,1985,1985,1,stable_forest,CLCD_v01_Yang_Huang_zenodo.18180184,RS_derived
SAIH_AFF_r57c26,57,26,117.186045,42.080258,0.8233,0.8426,0.8695,0.9721,0.8344,0.9688,0.1344,0.00398,1985,1985,1,stable_forest,CLCD_v01_Yang_Huang_zenodo.18180184,RS_derived
SAIH_AFF_r57c27,57,27,117.198096,42.080258,0.695,0.7594,0.8083,0.8711,0.739,0.8699,0.131,0.00416,1985,1985,1,stable_forest,CLCD_v01_Yang_Huang_zenodo.18180184,RS_derived
SAIH_AFF_r57c28,57,28,117.210147,42.080258,0.718,0.746,0.7787,0.84,0.7364,0.839,0.1026,0.003,1985,1985,1,stable_forest,CLCD_v01_Yang_Huang_zenodo.18180184,RS_derived
SAIH_AFF_r57c29,57,29,117.222198,42.080258,0.7427,0.7712,0.7846,0.8518,0.7565,0.8497,0.0932,0.0027,1985,1985,1,stable_forest,CLCD_v01_Yang_Huang_zenodo.18180184,RS_derived
SAIH_AFF_r57c30,57,30,117.234248,42.080258,0.4747,0.6011,0.6258,0.66,0.5617,0.6598,0.0982,0.00302,1990,1985,0,stable_forest,CLCD_v01_Yang_Huang_zenodo.18180184,RS_derived
SAIH_AFF_r57c31,57,31,117.246299,42.080258,0.5,0.5967,0.6273,0.6429,0.5741,0.6414,0.0673,0.00221,1985,1985,1,stable_forest,CLCD_v01_Yang_Huang_zenodo.18180184,RS_derived
SAIH_AFF_r57c32,57,32,117.25835,42.080258,0.5054,0.6294,0.6461,0.6751,0.5938,0.6727,0.0788,0.00247,1985,1985,1,stable_forest,CLCD_v01_Yang_Huang_zenodo.18180184,RS_derived
SAIH_AFF_r57c33,57,33,117.270401,42.080258,0.7578,0.848,0.8754,0.8942,0.8143,0.8925,0.0782,0.00262,1985,1985,1,stable_forest,CLCD_v01_Yang_Huang_zenodo.18180184,RS_derived
SAIH_AFF_r57c34,57,34,117.282452,42.080258,0.4957,0.5209,0.543,0.6112,0.5118,0.6062,0.0943,0.00283,1990,1985,0,stable_forest,CLCD_v01_Yang_Huang_zenodo.18180184,RS_derived
SAIH_AFF_r57c35,57,35,117.294502,42.080258,0.4079,0.5058,0.5268,0.5642,0.482,0.5625,0.0806,0.0026,1992,1985,0,partial_forest,CLCD_v01_Yang_Huang_zenodo.18180184,RS_derived
SAIH_AFF_r57c36,57,36,117.306553,42.080258,0.4017,0.4404,0.5016,0.5666,0.4178,0.564,0.1462,0.00498,2010,1985,0,partial_forest,CLCD_v01_Yang_Huang_zenodo.18180184,RS_derived
SAIH_AFF_r57c37,57,37,117.318604,42.080258,0.2691,0.3104,0.3507,0.4264,0.2951,0.4147,0.1196,0.00397,0,1992,0,partial_forest,CLCD_v01_Yang_Huang_zenodo.18180184,RS_derived
SAIH_AFF_r57c39,57,39,117.342705,42.080258,0.3179,0.3432,0.3749,0.4667,0.3362,0.4581,0.1219,0.00385,0,1985,0,partial_forest,CLCD_v01_Yang_Huang_zenodo.18180184,RS_derived
SAIH_AFF_r57c40,57,40,117.354756,42.080258,0.7811,0.8232,0.8742,0.9079,0.8105,0.9068,0.0963,0.00327,1985,1985,1,stable_forest,CLCD_v01_Yang_Huang_zenodo.18180184,RS_derived
SAIH_AFF_r57c41,57,41,117.366807,42.080258,0.8308,0.8792,0.8883,0.9076,0.8567,0.9066,0.05,0.0015,1985,1985,1,stable_forest,CLCD_v01_Yang_Huang_zenodo.18180184,RS_derived
SAIH_AFF_r57c42,57,42,117.378858,42.080258,0.6579,0.7256,0.7406,0.7712,0.6766,0.7693,0.0927,0.00284,1985,1985,1,stable_forest,CLCD_v01_Yang_Huang_zenodo.18180184,RS_derived
SAIH_AFF_r57c43,57,43,117.390908,42.080258,0.8169,0.8631,0.8657,0.8824,0.8397,0.8818,0.0421,0.00129,1985,1985,1,stable_forest,CLCD_v01_Yang_Huang_zenodo.18180184,RS_derived
SAIH_AFF_r57c44,57,44,117.402959,42.080258,0.7062,0.7573,0.7664,0.8631,0.7398,0.8527,0.1128,0.00308,1985,1985,1,stable_forest,CLCD_v01_Yang_Huang_zenodo.18180184,RS_derived
SAIH_AFF_r57c45,57,45,117.41501,42.080258,0.6005,0.6363,0.6432,0.7489,0.6229,0.7306,0.1077,0.00307,1985,1985,1,stable_forest,CLCD_v01_Yang_Huang_zenodo.18180184,RS_derived
SAIH_AFF_r57c46,57,46,117.427061,42.080258,0.3104,0.3856,0.4001,0.4388,0.3623,0.4375,0.0752,0.00244,0,1985,0,partial_forest,CLCD_v01_Yang_Huang_zenodo.18180184,RS_derived
SAIH_AFF_r57c47,57,47,117.439112,42.080258,0.819,0.8582,0.8631,0.9221,0.8419,0.9187,0.0769,0.00213,1985,1985,1,stable_forest,CLCD_v01_Yang_Huang_zenodo.18180184,RS_derived
SAIH_AFF_r57c48,57,48,117.451162,42.080258,0.8974,0.9495,0.9581,0.9753,0.9302,0.9751,0.0449,0.00141,1985,1985,1,stable_forest,CLCD_v01_Yang_Huang_zenodo.18180184,RS_derived
SAIH_AFF_r57c49,57,49,117.463213,42.080258,0.8926,0.9377,0.9425,0.949,0.9237,0.949,0.0253,0.00082,1985,1985,1,stable_forest,CLCD_v01_Yang_Huang_zenodo.18180184,RS_derived
SAIH_AFF_r57c50,57,50,117.475264,42.080258,0.5647,0.75,0.7674,0.8889,0.6659,0.8871,0.2212,0.00679,1985,1985,1,stable_forest,CLCD_v01_Yang_Huang_zenodo.18180184,RS_derived
SAIH_AFF_r57c51,57,51,117.487315,42.080258,0.0371,0.0607,0.0934,0.2009,0.0473,0.1891,0.1418,0.00461,0,0,0,non_forest,CLCD_v01_Yang_Huang_zenodo.18180184,RS_derived
SAIH_AFF_r57c52,57,52,117.499365,42.080258,0.1337,0.2696,0.3947,0.6418,0.177,0.636,0.459,0.01477,2016,2002,0,afforested,CLCD_v01_Yang_Huang_zenodo.18180184,RS_derived
SAIH_AFF_r57c53,57,53,117.511416,42.080258,0.3491,0.4705,0.5596,0.819,0.3955,0.8142,0.4187,0.01332,2005,1985,0,partial_forest,CLCD_v01_Yang_Huang_zenodo.18180184,RS_derived
SAIH_AFF_r57c54,57,54,117.523467,42.080258,0.1966,0.2524,0.3335,0.4774,0.2255,0.4736,0.2481,0.00826,0,2008,0,partial_forest,CLCD_v01_Yang_Huang_zenodo.18180184,RS_derived
SAIH_AFF_r57c55,57,55,117.535518,42.080258,0.5289,0.7432,0.8042,0.9574,0.6413,0.9603,0.319,0.01018,1985,1985,1,stable_forest,CLCD_v01_Yang_Huang_zenodo.18180184,RS_derived
SAIH_AFF_r57c56,57,56,117.547568,42.080258,0.1896,0.5295,0.6568,0.8808,0.3216,0.8812,0.5596,0.01818,2000,1992,0,partial_forest,CLCD_v01_Yang_Huang_zenodo.18180184,RS_derived
SAIH_AFF_r57c57,57,57,117.559619,42.080258,0.2025,0.3566,0.4184,0.7121,0.2856,0.6967,0.4111,0.01274,2015,1993,0,afforested,CLCD_v01_Yang_Huang_zenodo.18180184,RS_derived
SAIH_AFF_r57c58,57,58,117.57167,42.080258,0.2084,0.3383,0.4517,0.5934,0.2757,0.59,0.3144,0.01028,2015,1994,0,afforested,CLCD_v01_Yang_Huang_zenodo.18180184,RS_derived
SAIH_AFF_r57c59,57,59,117.583721,42.080258,0.1837,0.34,0.5269,0.7385,0.2477,0.7349,0.4872,0.01642,2010,1998,0,afforested,CLCD_v01_Yang_Huang_zenodo.18180184,RS_derived
SAIH_AFF_r57c60,57,60,117.595772,42.080258,0.0258,0.0753,0.1516,0.3889,0.0558,0.3843,0.3285,0.01114,0,2016,0,partial_forest,CLCD_v01_Yang_Huang_zenodo.18180184,RS_derived
SAIH_AFF_r57c61,57,61,117.607822,42.080258,0.0161,0.044,0.1224,0.3421,0.0321,0.3337,0.3016,0.00973,0,2018,0,partial_forest,CLCD_v01_Yang_Huang_zenodo.18180184,RS_derived
SAIH_AFF_r57c62,57,62,117.619873,42.080258,0.0628,0.2798,0.4157,0.7411,0.1152,0.7395,0.6243,0.01992,2015,2003,0,afforested,CLCD_v01_Yang_Huang_zenodo.18180184,RS_derived
SAIH_AFF_r57c63,57,63,117.631924,42.080258,0.0994,0.2406,0.3378,0.6047,0.1566,0.6017,0.4451,0.01415,2017,2004,0,afforested,CLCD_v01_Yang_Huang_zenodo.18180184,RS_derived
SAIH_AFF_r57c64,57,64,117.643975,42.080258,0.0932,0.19,0.3753,0.7511,0.1301,0.7481,0.618,0.02,2016,2005,0,afforested,CLCD_v01_Yang_Huang_zenodo.18180184,RS_derived
SAIH_AFF_r58c00,58,0,116.872725,42.071219,0.4346,0.4541,0.493,0.7492,0.4456,0.7439,0.2982,0.00981,2011,1985,0,partial_forest,CLCD_v01_Yang_Huang_zenodo.18180184,RS_derived
SAIH_AFF_r58c01,58,1,116.884776,42.071219,0.401,0.4374,0.4617,0.6906,0.4247,0.6865,0.2618,0.00839,2013,1985,0,partial_forest,CLCD_v01_Yang_Huang_zenodo.18180184,RS_derived
SAIH_AFF_r58c02,58,2,116.896827,42.071219,0.4253,0.4562,0.4793,0.6922,0.4399,0.6853,0.2454,0.00744,2013,1985,0,partial_forest,CLCD_v01_Yang_Huang_zenodo.18180184,RS_derived
SAIH_AFF_r58c03,58,3,116.908878,42.071219,0.2912,0.3078,0.3172,0.3762,0.3009,0.374,0.073,0.00236,0,1990,0,partial_forest,CLCD_v01_Yang_Huang_zenodo.18180184,RS_derived
SAIH_AFF_r58c10,58,10,116.993233,42.071219,0.0,0.0,0.0,0.2286,0.0,0.2233,0.2233,0.00611,0,0,0,non_forest,CLCD_v01_Yang_Huang_zenodo.18180184,RS_derived
SAIH_AFF_r58c14,58,14,117.041436,42.071219,0.289,0.3105,0.3111,0.3116,0.3009,0.3115,0.0105,0.00037,0,1991,0,partial_forest,CLCD_v01_Yang_Huang_zenodo.18180184,RS_derived
SAIH_AFF_r58c15,58,15,117.053487,42.071219,0.4843,0.5524,0.5546,0.5746,0.5278,0.5724,0.0446,0.00139,1990,1985,0,stable_forest,CLCD_v01_Yang_Huang_zenodo.18180184,RS_derived
SAIH_AFF_r58c16,58,16,117.065538,42.071219,0.6492,0.7617,0.7667,0.791,0.7237,0.7885,0.0647,0.00205,1985,1985,1,stable_forest,CLCD_v01_Yang_Huang_zenodo.18180184,RS_derived
SAIH_AFF_r58c17,58,17,117.077588,42.071219,0.652,0.7121,0.7204,0.7667,0.681,0.7621,0.0811,0.00248,1985,1985,1,stable_forest,CLCD_v01_Yang_Huang_zenodo.18180184,RS_derived
SAIH_AFF_r58c18,58,18,117.089639,42.071219,0.7005,0.7441,0.7512,0.9129,0.7206,0.8996,0.179,0.00516,1985,1985,1,stable_forest,CLCD_v01_Yang_Huang_zenodo.18180184,RS_derived
SAIH_AFF_r58c19,58,19,117.10169,42.071219,0.9178,0.9228,0.9344,0.9868,0.9188,0.9866,0.0678,0.00209,1985,1985,1,stable_forest,CLCD_v01_Yang_Huang_zenodo.18180184,RS_derived
SAIH_AFF_r58c20,58,20,117.113741,42.071219,0.6876,0.7032,0.7627,0.9546,0.6982,0.9432,0.245,0.00748,1985,1985,1,stable_forest,CLCD_v01_Yang_Huang_zenodo.18180184,RS_derived
SAIH_AFF_r58c21,58,21,117.125792,42.071219,0.3497,0.4082,0.4666,0.8411,0.39,0.8137,0.4237,0.0126,2012,1985,0,partial_forest,CLCD_v01_Yang_Huang_zenodo.18180184,RS_derived
SAIH_AFF_r58c22,58,22,117.137842,42.071219,0.6167,0.6624,0.6817,0.8864,0.6465,0.8796,0.2331,0.00646,1985,1985,1,stable_forest,CLCD_v01_Yang_Huang_zenodo.18180184,RS_derived
SAIH_AFF_r58c23,58,23,117.149893,42.071219,0.3657,0.4534,0.4854,0.6222,0.4334,0.6163,0.1829,0.00555,2015,1985,0,partial_forest,CLCD_v01_Yang_Huang_zenodo.18180184,RS_derived
SAIH_AFF_r58c24,58,24,117.161944,42.071219,0.5615,0.6321,0.6547,0.872,0.6088,0.862,0.2532,0.00725,1985,1985,1,stable_forest,CLCD_v01_Yang_Huang_zenodo.18180184,RS_derived
SAIH_AFF_r58c25,58,25,117.173995,42.071219,0.5719,0.6384,0.76,0.9697,0.6071,0.9668,0.3597,0.01298,1985,1985,1,stable_forest,CLCD_v01_Yang_Huang_zenodo.18180184,RS_derived
SAIH_AFF_r58c26,58,26,117.186045,42.071219,0.8307,0.9211,0.973,0.9961,0.8608,0.996,0.1352,0.00468,1985,1985,1,stable_forest,CLCD_v01_Yang_Huang_zenodo.18180184,RS_derived
SAIH_AFF_r58c27,58,27,117.198096,42.071219,0.781,0.8169,0.8798,0.9829,0.7977,0.9813,0.1836,0.00611,1985,1985,1,stable_forest,CLCD_v01_Yang_Huang_zenodo.18180184,RS_derived
SAIH_AFF_r58c28,58,28,117.210147,42.071219,0.62,0.6481,0.7391,0.9504,0.6345,0.9423,0.3077,0.00986,1985,1985,1,stable_forest,CLCD_v01_Yang_Huang_zenodo.18180184,RS_derived
SAIH_AFF_r58c29,58,29,117.222198,42.071219,0.5626,0.5907,0.6713,0.7827,0.573,0.7808,0.2077,0.00659,1985,1985,1,stable_forest,CLCD_v01_Yang_Huang_zenodo.18180184,RS_derived
SAIH_AFF_r58c30,58,30,117.234248,42.071219,0.6222,0.6973,0.7157,0.7416,0.6778,0.7403,0.0625,0.00204,1985,1985,1,stable_forest,CLCD_v01_Yang_Huang_zenodo.18180184,RS_derived
SAIH_AFF_r58c31,58,31,117.246299,42.071219,0.8549,0.9167,0.9415,0.9553,0.902,0.9553,0.0533,0.00174,1985,1985,1,stable_forest,CLCD_v01_Yang_Huang_zenodo.18180184,RS_derived
SAIH_AFF_r58c32,58,32,117.25835,42.071219,0.5621,0.5924,0.5902,0.6409,0.5839,0.6361,0.0522,0.00138,1985,1985,1,stable_forest,CLCD_v01_Yang_Huang_zenodo.18180184,RS_derived
SAIH_AFF_r58c33,58,33,117.270401,42.071219,0.2212,0.3343,0.3381,0.3359,0.2989,0.3383,0.0394,0.00121,0,1992,0,partial_forest,CLCD_v01_Yang_Huang_zenodo.18180184,RS_derived
SAIH_AFF_r58c34,58,34,117.282452,42.071219,0.5676,0.6702,0.679,0.6939,0.6323,0.6928,0.0605,0.00185,1985,1985,1,stable_forest,CLCD_v01_Yang_Huang_zenodo.18180184,RS_derived
SAIH_AFF_r58c35,58,35,117.294502,42.071219,0.5697,0.6119,0.6281,0.7016,0.5971,0.6988,0.1017,0.00293,1985,1985,1,stable_forest,CLCD_v01_Yang_Huang_zenodo.18180184,RS_derived
SAIH_AFF_r58c36,58,36,117.306553,42.071219,0.1594,0.1732,0.2195,0.3149,0.1685,0.3153,0.1468,0.00495,0,2017,0,partial_forest,CLCD_v01_Yang_Huang_zenodo.18180184,RS_derived
SAIH_AFF_r58c37,58,37,117.318604,42.071219,0.1853,0.1925,0.2107,0.241,0.189,0.2397,0.0507,0.00167,0,0,0,non_forest,CLCD_v01_Yang_Huang_zenodo.18180184,RS_derived
SAIH_AFF_r58c39,58,39,117.342705,42.071219,0.1969,0.2295,0.2366,0.267,0.2214,0.2581,0.0367,0.00113,0,0,0,non_forest,CLCD_v01_Yang_Huang_zenodo.18180184,RS_derived
SAIH_AFF_r58c40,58,40,117.354756,42.071219,0.5249,0.593,0.6632,0.7465,0.5673,0.7416,0.1744,0.00588,1985,1985,1,stable_forest,CLCD_v01_Yang_Huang_zenodo.18180184,RS_derived
SAIH_AFF_r58c41,58,41,117.366807,42.071219,0.7788,0.829,0.8616,0.8902,0.8075,0.8882,0.0807,0.00264,1985,1985,1,stable_forest,CLCD_v01_Yang_Huang_zenodo.18180184,RS_derived
SAIH_AFF_r58c42,58,42,117.378858,42.071219,0.6884,0.7601,0.7799,0.8218,0.7278,0.8189,0.0911,0.00277,1985,1985,1,stable_forest,CLCD_v01_Yang_Huang_zenodo.18180184,RS_derived
SAIH_AFF_r58c43,58,43,117.390908,42.071219,0.5907,0.6321,0.6691,0.7137,0.6115,0.7056,0.0942,0.00305,1985,1985,1,stable_forest,CLCD_v01_Yang_Huang_zenodo.18180184,RS_derived
SAIH_AFF_r58c44,58,44,117.402959,42.071219,0.8467,0.9156,0.9173,0.9399,0.8941,0.9393,0.0452,0.00133,1985,1985,1,stable_forest,CLCD_v01_Yang_Huang_zenodo.18180184,RS_derived
SAIH_AFF_r58c45,58,45,117.41501,42.071219,0.8519,0.8903,0.893,0.9205,0.8784,0.9202,0.0418,0.00122,1985,1985,1,stable_forest,CLCD_v01_Yang_Huang_zenodo.18180184,RS_derived
SAIH_AFF_r58c46,58,46,117.427061,42.071219,0.4771,0.5273,0.5576,0.6122,0.5098,0.6104,0.1006,0.00328,1990,1985,0,stable_forest,CLCD_v01_Yang_Huang_zenodo.18180184,RS_derived
SAIH_AFF_r58c47,58,47,117.439112,42.071219,0.5141,0.567,0.5819,0.6542,0.5518,0.6507,0.0989,0.00299,1985,1985,1,stable_forest,CLCD_v01_Yang_Huang_zenodo.18180184,RS_derived
SAIH_AFF_r58c48,58,48,117.451162,42.071219,0.5295,0.6007,0.6128,0.6988,0.5773,0.6973,0.1199,0.00358,1985,1985,1,stable_forest,CLCD_v01_Yang_Huang_zenodo.18180184,RS_derived
SAIH_AFF_r58c49,58,49,117.463213,42.071219,0.6564,0.7689,0.7805,0.8158,0.728,0.8149,0.087,0.00273,1985,1985,1,stable_forest,CLCD_v01_Yang_Huang_zenodo.18180184,RS_derived
SAIH_AFF_r58c50,58,50,117.475264,42.071219,0.6497,0.7632,0.7924,0.8735,0.7149,0.8723,0.1574,0.00499,1985,1985,1,stable_forest,CLCD_v01_Yang_Huang_zenodo.18180184,RS_derived
SAIH_AFF_r58c51,58,51,117.487315,42.071219,0.4887,0.5372,0.647,0.8257,0.5119,0.8147,0.3027,0.01017,1991,1985,0,stable_forest,CLCD_v01_Yang_Huang_zenodo.18180184,RS_derived
SAIH_AFF_r58c52,58,52,117.499365,42.071219,0.1434,0.15,0.1633,0.2736,0.1464,0.2526,0.1062,0.00339,0,0,0,non_forest,CLCD_v01_Yang_Huang_zenodo.18180184,RS_derived
SAIH_AFF_r58c53,58,53,117.511416,42.071219,0.0088,0.0469,0.0712,0.2449,0.0232,0.2317,0.2084,0.00622,0,0,0,non_forest,CLCD_v01_Yang_Huang_zenodo.18180184,RS_derived
SAIH_AFF_r58c54,58,54,117.523467,42.071219,0.187,0.2918,0.3177,0.583,0.2533,0.5585,0.3052,0.00915,2018,2004,0,afforested,CLCD_v01_Yang_Huang_zenodo.18180184,RS_derived
SAIH_AFF_r58c55,58,55,117.535518,42.071219,0.0459,0.2189,0.2616,0.5659,0.1312,0.5659,0.4347,0.01359,2017,2015,0,afforested,CLCD_v01_Yang_Huang_zenodo.18180184,RS_derived
SAIH_AFF_r58c56,58,56,117.547568,42.071219,0.1164,0.5141,0.6453,0.834,0.309,0.8343,0.5253,0.01699,2000,1992,0,partial_forest,CLCD_v01_Yang_Huang_zenodo.18180184,RS_derived
SAIH_AFF_r58c57,58,57,117.559619,42.071219,0.1059,0.2245,0.3039,0.6089,0.1696,0.602,0.4325,0.01367,2017,2010,0,afforested,CLCD_v01_Yang_Huang_zenodo.18180184,RS_derived
SAIH_AFF_r58c58,58,58,117.57167,42.071219,0.2769,0.599,0.6795,0.786,0.4337,0.7852,0.3515,0.01125,1994,1990,0,partial_forest,CLCD_v01_Yang_Huang_zenodo.18180184,RS_derived
SAIH_AFF_r58c59,58,59,117.583721,42.071219,0.2741,0.3635,0.4275,0.631,0.3109,0.6295,0.3186,0.00998,2016,1990,0,partial_forest,CLCD_v01_Yang_Huang_zenodo.18180184,RS_derived
SAIH_AFF_r58c60,58,60,117.595772,42.071219,0.1697,0.3865,0.4708,0.6551,0.2819,0.6486,0.3667,0.0118,2013,1992,0,afforested,CLCD_v01_Yang_Huang_zenodo.18180184,RS_derived
SAIH_AFF_r58c61,58,61,117.607822,42.071219,0.0364,0.0827,0.1522,0.278,0.0596,0.2718,0.2122,0.00707,0,0,0,non_forest,CLCD_v01_Yang_Huang_zenodo.18180184,RS_derived
SAIH_AFF_r58c62,58,62,117.619873,42.071219,0.1263,0.3359,0.4435,0.7038,0.2628,0.7012,0.4384,0.01364,2016,1993,0,afforested,CLCD_v01_Yang_Huang_zenodo.18180184,RS_derived
SAIH_AFF_r58c63,58,63,117.631924,42.071219,0.0938,0.2493,0.4302,0.7557,0.154,0.7532,0.5992,0.01931,2015,2004,0,afforested,CLCD_v01_Yang_Huang_zenodo.18180184,RS_derived
SAIH_AFF_r58c64,58,64,117.643975,42.071219,0.0373,0.0622,0.1795,0.3746,0.0462,0.3729,0.3267,0.01093,0,2017,0,partial_forest,CLCD_v01_Yang_Huang_zenodo.18180184,RS_derived
