unit_id,lon_ctr,lat_ctr,clcd_establish_year,clcd_transition,clcd_ff_final,R_clcd_final,R_clcd_slope,ndvi_slope_per_yr,ndvi_delta,ndvi_stability,loss_last_year,disturbed_recent,phase_v0,ndvi_trend,label_method,label_role,tree_source,baseline_source,ndvi_source,clcd_source,build_date
SAIH_AFF_r00c35,117.294502,42.595481,0,partial_forest,0.3674,0.3817,0.00627,0.00448,0.0876,0.9698,2008,0,early_restoration,rising,regimeC_v0_CLCD+NDVI,RS_derived,ESA_WorldCover_2021_v200,Hansen_GFC2024v1.12_treecover2000,Landsat_C2_L2_GEE,CLCD_v01_zenodo.18180184,2026-06-10
SAIH_AFF_r00c36,117.306553,42.595481,2022,afforested,0.5013,0.522,0.01098,0.0037,0.0863,0.9515,2012,0,early_restoration,rising,regimeC_v0_CLCD+NDVI,RS_derived,ESA_WorldCover_2021_v200,Hansen_GFC2024v1.12_treecover2000,Landsat_C2_L2_GEE,CLCD_v01_zenodo.18180184,2026-06-10
SAIH_AFF_r00c37,117.318604,42.595481,2003,afforested,0.8428,0.8892,0.0177,0.00592,0.1328,0.9521,2012,0,stable_restoration,rising,regimeC_v0_CLCD+NDVI,RS_derived,ESA_WorldCover_2021_v200,Hansen_GFC2024v1.12_treecover2000,Landsat_C2_L2_GEE,CLCD_v01_zenodo.18180184,2026-06-10
SAIH_AFF_r00c38,117.330655,42.595481,1985,stable_forest,0.7574,0.7911,0.00351,0.00337,0.1149,0.9366,2012,0,stable_restoration,rising,regimeC_v0_CLCD+NDVI,RS_derived,ESA_WorldCover_2021_v200,Hansen_GFC2024v1.12_treecover2000,Landsat_C2_L2_GEE,CLCD_v01_zenodo.18180184,2026-06-10
SAIH_AFF_r00c39,117.342705,42.595481,1985,stable_forest,0.8999,0.9472,0.00578,0.00574,0.129,0.9627,0,0,stable_restoration,rising,regimeC_v0_CLCD+NDVI,RS_derived,ESA_WorldCover_2021_v200,Hansen_GFC2024v1.12_treecover2000,Landsat_C2_L2_GEE,CLCD_v01_zenodo.18180184,2026-06-10
SAIH_AFF_r00c40,117.354756,42.595481,1985,stable_forest,0.9411,0.9889,0.00536,0.00342,0.0681,0.9572,2011,0,stable_restoration,rising,regimeC_v0_CLCD+NDVI,RS_derived,ESA_WorldCover_2021_v200,Hansen_GFC2024v1.12_treecover2000,Landsat_C2_L2_GEE,CLCD_v01_zenodo.18180184,2026-06-10
SAIH_AFF_r00c41,117.366807,42.595481,1985,stable_forest,0.8112,0.8764,0.00855,0.00242,0.0315,0.9489,2012,0,stable_restoration,flat,regimeC_v0_CLCD+NDVI,RS_derived,ESA_WorldCover_2021_v200,Hansen_GFC2024v1.12_treecover2000,Landsat_C2_L2_GEE,CLCD_v01_zenodo.18180184,2026-06-10
SAIH_AFF_r00c42,117.378858,42.595481,1985,stable_forest,0.933,0.989,0.00125,0.00517,0.1069,0.9621,2011,0,stable_restoration,rising,regimeC_v0_CLCD+NDVI,RS_derived,ESA_WorldCover_2021_v200,Hansen_GFC2024v1.12_treecover2000,Landsat_C2_L2_GEE,CLCD_v01_zenodo.18180184,2026-06-10
SAIH_AFF_r00c43,117.390908,42.595481,1985,stable_forest,0.9592,1.0057,0.00347,0.00571,0.1302,0.9585,2011,0,stable_restoration,rising,regimeC_v0_CLCD+NDVI,RS_derived,ESA_WorldCover_2021_v200,Hansen_GFC2024v1.12_treecover2000,Landsat_C2_L2_GEE,CLCD_v01_zenodo.18180184,2026-06-10
SAIH_AFF_r00c44,117.402959,42.595481,1985,stable_forest,0.9561,1.0318,0.00646,0.00623,0.1492,0.943,2014,0,stable_restoration,rising,regimeC_v0_CLCD+NDVI,RS_derived,ESA_WorldCover_2021_v200,Hansen_GFC2024v1.12_treecover2000,Landsat_C2_L2_GEE,CLCD_v01_zenodo.18180184,2026-06-10
SAIH_AFF_r00c45,117.41501,42.595481,2003,afforested,0.6818,0.7453,0.00847,0.00391,0.1104,0.9391,2012,0,stable_restoration,rising,regimeC_v0_CLCD+NDVI,RS_derived,ESA_WorldCover_2021_v200,Hansen_GFC2024v1.12_treecover2000,Landsat_C2_L2_GEE,CLCD_v01_zenodo.18180184,2026-06-10
SAIH_AFF_r00c46,117.427061,42.595481,0,non_forest,0.2888,0.5103,0.0142,0.01002,0.2315,0.9313,0,0,early_restoration,rising,regimeC_v0_CLCD+NDVI,RS_derived,ESA_WorldCover_2021_v200,Hansen_GFC2024v1.12_treecover2000,Landsat_C2_L2_GEE,CLCD_v01_zenodo.18180184,2026-06-10
SAIH_AFF_r00c47,117.439112,42.595481,2008,afforested,0.9238,0.9973,0.04542,0.01171,0.2758,0.9517,0,0,stable_restoration,rising,regimeC_v0_CLCD+NDVI,RS_derived,ESA_WorldCover_2021_v200,Hansen_GFC2024v1.12_treecover2000,Landsat_C2_L2_GEE,CLCD_v01_zenodo.18180184,2026-06-10
SAIH_AFF_r00c48,117.451162,42.595481,2008,afforested,0.895,0.9627,0.03726,0.01113,0.2431,0.9735,0,0,stable_restoration,rising,regimeC_v0_CLCD+NDVI,RS_derived,ESA_WorldCover_2021_v200,Hansen_GFC2024v1.12_treecover2000,Landsat_C2_L2_GEE,CLCD_v01_zenodo.18180184,2026-06-10
SAIH_AFF_r00c49,117.463213,42.595481,2003,afforested,0.9117,0.9566,0.02247,0.00798,0.1697,0.9552,0,0,stable_restoration,rising,regimeC_v0_CLCD+NDVI,RS_derived,ESA_WorldCover_2021_v200,Hansen_GFC2024v1.12_treecover2000,Landsat_C2_L2_GEE,CLCD_v01_zenodo.18180184,2026-06-10
SAIH_AFF_r00c50,117.475264,42.595481,1985,stable_forest,0.8903,0.9332,0.00751,0.00326,0.0742,0.9423,2021,1,stable_restoration,rising,regimeC_v0_CLCD+NDVI,RS_derived,ESA_WorldCover_2021_v200,Hansen_GFC2024v1.12_treecover2000,Landsat_C2_L2_GEE,CLCD_v01_zenodo.18180184,2026-06-10
SAIH_AFF_r00c51,117.487315,42.595481,2004,afforested,0.8308,0.8881,0.01698,0.00407,0.0973,0.9473,2012,0,stable_restoration,rising,regimeC_v0_CLCD+NDVI,RS_derived,ESA_WorldCover_2021_v200,Hansen_GFC2024v1.12_treecover2000,Landsat_C2_L2_GEE,CLCD_v01_zenodo.18180184,2026-06-10
SAIH_AFF_r00c52,117.499365,42.595481,1998,partial_forest,0.9484,0.985,0.01067,0.00528,0.1133,0.9611,2001,0,stable_restoration,rising,regimeC_v0_CLCD+NDVI,RS_derived,ESA_WorldCover_2021_v200,Hansen_GFC2024v1.12_treecover2000,Landsat_C2_L2_GEE,CLCD_v01_zenodo.18180184,2026-06-10
SAIH_AFF_r00c53,117.511416,42.595481,2023,partial_forest,0.4973,0.5432,0.0115,0.00757,0.1775,0.954,0,0,early_restoration,rising,regimeC_v0_CLCD+NDVI,RS_derived,ESA_WorldCover_2021_v200,Hansen_GFC2024v1.12_treecover2000,Landsat_C2_L2_GEE,CLCD_v01_zenodo.18180184,2026-06-10
SAIH_AFF_r00c54,117.523467,42.595481,2004,afforested,0.8707,0.9138,0.02112,0.00703,0.1437,0.964,2009,0,stable_restoration,rising,regimeC_v0_CLCD+NDVI,RS_derived,ESA_WorldCover_2021_v200,Hansen_GFC2024v1.12_treecover2000,Landsat_C2_L2_GEE,CLCD_v01_zenodo.18180184,2026-06-10
SAIH_AFF_r00c55,117.535518,42.595481,1985,stable_forest,0.9591,1.0167,0.00663,0.00503,0.1037,0.9492,2021,1,stable_restoration,rising,regimeC_v0_CLCD+NDVI,RS_derived,ESA_WorldCover_2021_v200,Hansen_GFC2024v1.12_treecover2000,Landsat_C2_L2_GEE,CLCD_v01_zenodo.18180184,2026-06-10
SAIH_AFF_r00c56,117.547568,42.595481,1985,stable_forest,0.9733,1.0107,0.00414,0.00419,0.0702,0.9639,2021,1,stable_restoration,rising,regimeC_v0_CLCD+NDVI,RS_derived,ESA_WorldCover_2021_v200,Hansen_GFC2024v1.12_treecover2000,Landsat_C2_L2_GEE,CLCD_v01_zenodo.18180184,2026-06-10
SAIH_AFF_r00c61,117.607822,42.595481,2024,partial_forest,0.4609,0.5644,0.02375,0.01397,0.2854,0.945,0,0,early_restoration,rising,regimeC_v0_CLCD+NDVI,RS_derived,ESA_WorldCover_2021_v200,Hansen_GFC2024v1.12_treecover2000,Landsat_C2_L2_GEE,CLCD_v01_zenodo.18180184,2026-06-10
SAIH_AFF_r00c62,117.619873,42.595481,0,non_forest,0.1726,0.3794,0.00869,0.01418,0.2942,0.9345,0,0,early_restoration,rising,regimeC_v0_CLCD+NDVI,RS_derived,ESA_WorldCover_2021_v200,Hansen_GFC2024v1.12_treecover2000,Landsat_C2_L2_GEE,CLCD_v01_zenodo.18180184,2026-06-10
SAIH_AFF_r00c63,117.631924,42.595481,0,non_forest,0.1281,0.2162,0.00628,0.01009,0.2097,0.9418,0,0,degraded,rising,regimeC_v0_CLCD+NDVI,RS_derived,ESA_WorldCover_2021_v200,Hansen_GFC2024v1.12_treecover2000,Landsat_C2_L2_GEE,CLCD_v01_zenodo.18180184,2026-06-10
SAIH_AFF_r00c64,117.643975,42.595481,0,non_forest,0.1975,0.4205,0.00975,0.01419,0.3115,0.9434,0,0,early_restoration,rising,regimeC_v0_CLCD+NDVI,RS_derived,ESA_WorldCover_2021_v200,Hansen_GFC2024v1.12_treecover2000,Landsat_C2_L2_GEE,CLCD_v01_zenodo.18180184,2026-06-10
SAIH_AFF_r01c18,117.089639,42.586442,2022,partial_forest,0.499,0.523,0.00608,0.00691,0.1711,0.9586,0,0,early_restoration,rising,regimeC_v0_CLCD+NDVI,RS_derived,ESA_WorldCover_2021_v200,Hansen_GFC2024v1.12_treecover2000,Landsat_C2_L2_GEE,CLCD_v01_zenodo.18180184,2026-06-10
SAIH_AFF_r01c34,117.282452,42.586442,0,non_forest,0.1697,0.1906,0.00571,0.00683,0.1561,0.9487,0,0,degraded,rising,regimeC_v0_CLCD+NDVI,RS_derived,ESA_WorldCover_2021_v200,Hansen_GFC2024v1.12_treecover2000,Landsat_C2_L2_GEE,CLCD_v01_zenodo.18180184,2026-06-10
SAIH_AFF_r01c35,117.294502,42.586442,2015,afforested,0.6089,0.655,0.01898,0.00765,0.1653,0.9494,0,0,early_restoration,rising,regimeC_v0_CLCD+NDVI,RS_derived,ESA_WorldCover_2021_v200,Hansen_GFC2024v1.12_treecover2000,Landsat_C2_L2_GEE,CLCD_v01_zenodo.18180184,2026-06-10
SAIH_AFF_r01c36,117.306553,42.586442,2015,afforested,0.6546,0.6935,0.01602,0.00687,0.1524,0.9349,0,0,stable_restoration,rising,regimeC_v0_CLCD+NDVI,RS_derived,ESA_WorldCover_2021_v200,Hansen_GFC2024v1.12_treecover2000,Landsat_C2_L2_GEE,CLCD_v01_zenodo.18180184,2026-06-10
SAIH_AFF_r01c37,117.318604,42.586442,2003,partial_forest,0.706,0.7565,0.01077,0.00661,0.1497,0.9394,0,0,stable_restoration,rising,regimeC_v0_CLCD+NDVI,RS_derived,ESA_WorldCover_2021_v200,Hansen_GFC2024v1.12_treecover2000,Landsat_C2_L2_GEE,CLCD_v01_zenodo.18180184,2026-06-10
SAIH_AFF_r01c38,117.330655,42.586442,2015,partial_forest,0.6204,0.6523,0.01146,0.00727,0.1638,0.9464,2005,0,early_restoration,rising,regimeC_v0_CLCD+NDVI,RS_derived,ESA_WorldCover_2021_v200,Hansen_GFC2024v1.12_treecover2000,Landsat_C2_L2_GEE,CLCD_v01_zenodo.18180184,2026-06-10
SAIH_AFF_r01c39,117.342705,42.586442,0,partial_forest,0.4285,0.4509,0.00949,0.00763,0.169,0.9425,0,0,early_restoration,rising,regimeC_v0_CLCD+NDVI,RS_derived,ESA_WorldCover_2021_v200,Hansen_GFC2024v1.12_treecover2000,Landsat_C2_L2_GEE,CLCD_v01_zenodo.18180184,2026-06-10
SAIH_AFF_r01c40,117.354756,42.586442,1994,partial_forest,0.7628,0.8003,0.00336,0.00585,0.132,0.9664,2011,0,stable_restoration,rising,regimeC_v0_CLCD+NDVI,RS_derived,ESA_WorldCover_2021_v200,Hansen_GFC2024v1.12_treecover2000,Landsat_C2_L2_GEE,CLCD_v01_zenodo.18180184,2026-06-10
SAIH_AFF_r01c41,117.366807,42.586442,1985,stable_forest,0.9753,1.0283,0.00408,0.00487,0.1115,0.9579,2011,0,stable_restoration,rising,regimeC_v0_CLCD+NDVI,RS_derived,ESA_WorldCover_2021_v200,Hansen_GFC2024v1.12_treecover2000,Landsat_C2_L2_GEE,CLCD_v01_zenodo.18180184,2026-06-10
SAIH_AFF_r01c42,117.378858,42.586442,1985,stable_forest,1.0,1.0374,5e-05,0.00416,0.088,0.9738,0,0,stable_restoration,rising,regimeC_v0_CLCD+NDVI,RS_derived,ESA_WorldCover_2021_v200,Hansen_GFC2024v1.12_treecover2000,Landsat_C2_L2_GEE,CLCD_v01_zenodo.18180184,2026-06-10
SAIH_AFF_r01c43,117.390908,42.586442,1985,stable_forest,0.9837,1.0272,0.00798,0.00627,0.1373,0.9639,0,0,stable_restoration,rising,regimeC_v0_CLCD+NDVI,RS_derived,ESA_WorldCover_2021_v200,Hansen_GFC2024v1.12_treecover2000,Landsat_C2_L2_GEE,CLCD_v01_zenodo.18180184,2026-06-10
SAIH_AFF_r01c44,117.402959,42.586442,1985,stable_forest,0.9858,1.0322,0.00409,0.00538,0.118,0.9543,2012,0,stable_restoration,rising,regimeC_v0_CLCD+NDVI,RS_derived,ESA_WorldCover_2021_v200,Hansen_GFC2024v1.12_treecover2000,Landsat_C2_L2_GEE,CLCD_v01_zenodo.18180184,2026-06-10
SAIH_AFF_r01c45,117.41501,42.586442,1998,afforested,0.9192,0.9455,0.01162,-0.00032,0.0246,0.9258,2014,0,stable_restoration,flat,regimeC_v0_CLCD+NDVI,RS_derived,ESA_WorldCover_2021_v200,Hansen_GFC2024v1.12_treecover2000,Landsat_C2_L2_GEE,CLCD_v01_zenodo.18180184,2026-06-10
SAIH_AFF_r01c46,117.427061,42.586442,2025,partial_forest,0.4395,0.5407,0.01419,0.00481,0.1007,0.9484,0,0,early_restoration,rising,regimeC_v0_CLCD+NDVI,RS_derived,ESA_WorldCover_2021_v200,Hansen_GFC2024v1.12_treecover2000,Landsat_C2_L2_GEE,CLCD_v01_zenodo.18180184,2026-06-10
SAIH_AFF_r01c47,117.439112,42.586442,2008,afforested,0.8014,0.8841,0.03665,0.01143,0.2481,0.962,2019,0,stable_restoration,rising,regimeC_v0_CLCD+NDVI,RS_derived,ESA_WorldCover_2021_v200,Hansen_GFC2024v1.12_treecover2000,Landsat_C2_L2_GEE,CLCD_v01_zenodo.18180184,2026-06-10
SAIH_AFF_r01c48,117.451162,42.586442,2014,afforested,0.8581,0.9212,0.02943,0.00883,0.1888,0.9611,2020,0,stable_restoration,rising,regimeC_v0_CLCD+NDVI,RS_derived,ESA_WorldCover_2021_v200,Hansen_GFC2024v1.12_treecover2000,Landsat_C2_L2_GEE,CLCD_v01_zenodo.18180184,2026-06-10
SAIH_AFF_r01c49,117.463213,42.586442,1985,stable_forest,0.978,1.0174,0.01332,0.00553,0.113,0.9513,2008,0,stable_restoration,rising,regimeC_v0_CLCD+NDVI,RS_derived,ESA_WorldCover_2021_v200,Hansen_GFC2024v1.12_treecover2000,Landsat_C2_L2_GEE,CLCD_v01_zenodo.18180184,2026-06-10
SAIH_AFF_r01c50,117.475264,42.586442,1985,stable_forest,0.9609,1.019,0.00598,0.00206,0.0404,0.9518,2021,1,stable_restoration,flat,regimeC_v0_CLCD+NDVI,RS_derived,ESA_WorldCover_2021_v200,Hansen_GFC2024v1.12_treecover2000,Landsat_C2_L2_GEE,CLCD_v01_zenodo.18180184,2026-06-10
SAIH_AFF_r01c51,117.487315,42.586442,1985,stable_forest,0.9158,0.9046,0.00526,0.00147,0.0338,0.9437,2021,1,stable_restoration,flat,regimeC_v0_CLCD+NDVI,RS_derived,ESA_WorldCover_2021_v200,Hansen_GFC2024v1.12_treecover2000,Landsat_C2_L2_GEE,CLCD_v01_zenodo.18180184,2026-06-10
SAIH_AFF_r01c52,117.499365,42.586442,1985,stable_forest,0.9566,0.9728,0.00438,0.00221,0.0503,0.9519,2021,1,stable_restoration,flat,regimeC_v0_CLCD+NDVI,RS_derived,ESA_WorldCover_2021_v200,Hansen_GFC2024v1.12_treecover2000,Landsat_C2_L2_GEE,CLCD_v01_zenodo.18180184,2026-06-10
SAIH_AFF_r01c53,117.511416,42.586442,1990,stable_forest,0.7431,0.7777,0.00528,0.00363,0.0908,0.9565,2021,0,stable_restoration,rising,regimeC_v0_CLCD+NDVI,RS_derived,ESA_WorldCover_2021_v200,Hansen_GFC2024v1.12_treecover2000,Landsat_C2_L2_GEE,CLCD_v01_zenodo.18180184,2026-06-10
SAIH_AFF_r01c54,117.523467,42.586442,2003,partial_forest,0.6926,0.7965,0.00959,0.0029,0.0864,0.9342,2014,0,stable_restoration,flat,regimeC_v0_CLCD+NDVI,RS_derived,ESA_WorldCover_2021_v200,Hansen_GFC2024v1.12_treecover2000,Landsat_C2_L2_GEE,CLCD_v01_zenodo.18180184,2026-06-10
SAIH_AFF_r01c56,117.547568,42.586442,1985,stable_forest,0.769,0.8589,-0.00325,0.00617,0.1152,0.9651,2021,1,stable_restoration,rising,regimeC_v0_CLCD+NDVI,RS_derived,ESA_WorldCover_2021_v200,Hansen_GFC2024v1.12_treecover2000,Landsat_C2_L2_GEE,CLCD_v01_zenodo.18180184,2026-06-10
SAIH_AFF_r01c57,117.559619,42.586442,0,partial_forest,0.4216,0.4406,0.0029,0.00526,0.127,0.9665,2012,0,early_restoration,rising,regimeC_v0_CLCD+NDVI,RS_derived,ESA_WorldCover_2021_v200,Hansen_GFC2024v1.12_treecover2000,Landsat_C2_L2_GEE,CLCD_v01_zenodo.18180184,2026-06-10
SAIH_AFF_r02c19,117.10169,42.577403,0,partial_forest,0.3764,0.4012,0.00462,0.00691,0.1744,0.9642,0,0,early_restoration,rising,regimeC_v0_CLCD+NDVI,RS_derived,ESA_WorldCover_2021_v200,Hansen_GFC2024v1.12_treecover2000,Landsat_C2_L2_GEE,CLCD_v01_zenodo.18180184,2026-06-10
SAIH_AFF_r02c34,117.282452,42.577403,0,non_forest,0.213,0.2804,0.00604,0.00803,0.1921,0.9549,0,0,degraded,rising,regimeC_v0_CLCD+NDVI,RS_derived,ESA_WorldCover_2021_v200,Hansen_GFC2024v1.12_treecover2000,Landsat_C2_L2_GEE,CLCD_v01_zenodo.18180184,2026-06-10
SAIH_AFF_r02c35,117.294502,42.577403,0,non_forest,0.1919,0.2142,0.00579,0.00746,0.18,0.9588,0,0,degraded,rising,regimeC_v0_CLCD+NDVI,RS_derived,ESA_WorldCover_2021_v200,Hansen_GFC2024v1.12_treecover2000,Landsat_C2_L2_GEE,CLCD_v01_zenodo.18180184,2026-06-10
SAIH_AFF_r02c36,117.306553,42.577403,0,non_forest,0.1783,0.1945,0.00622,0.00648,0.1642,0.9538,0,0,degraded,rising,regimeC_v0_CLCD+NDVI,RS_derived,ESA_WorldCover_2021_v200,Hansen_GFC2024v1.12_treecover2000,Landsat_C2_L2_GEE,CLCD_v01_zenodo.18180184,2026-06-10
SAIH_AFF_r02c37,117.318604,42.577403,0,non_forest,0.2565,0.305,0.00953,0.00629,0.162,0.9527,0,0,degraded,rising,regimeC_v0_CLCD+NDVI,RS_derived,ESA_WorldCover_2021_v200,Hansen_GFC2024v1.12_treecover2000,Landsat_C2_L2_GEE,CLCD_v01_zenodo.18180184,2026-06-10
SAIH_AFF_r02c38,117.330655,42.577403,2011,afforested,0.637,0.6999,0.01281,0.00728,0.1742,0.9476,0,0,stable_restoration,rising,regimeC_v0_CLCD+NDVI,RS_derived,ESA_WorldCover_2021_v200,Hansen_GFC2024v1.12_treecover2000,Landsat_C2_L2_GEE,CLCD_v01_zenodo.18180184,2026-06-10
SAIH_AFF_r02c39,117.342705,42.577403,1990,stable_forest,0.8313,0.8835,0.00712,0.00781,0.1737,0.9676,2001,0,stable_restoration,rising,regimeC_v0_CLCD+NDVI,RS_derived,ESA_WorldCover_2021_v200,Hansen_GFC2024v1.12_treecover2000,Landsat_C2_L2_GEE,CLCD_v01_zenodo.18180184,2026-06-10
SAIH_AFF_r02c40,117.354756,42.577403,2016,afforested,0.5084,0.5367,0.0039,0.00755,0.1942,0.9306,0,0,early_restoration,rising,regimeC_v0_CLCD+NDVI,RS_derived,ESA_WorldCover_2021_v200,Hansen_GFC2024v1.12_treecover2000,Landsat_C2_L2_GEE,CLCD_v01_zenodo.18180184,2026-06-10
SAIH_AFF_r02c41,117.366807,42.577403,1998,partial_forest,0.7825,0.8366,0.01002,0.00717,0.1709,0.9506,0,0,stable_restoration,rising,regimeC_v0_CLCD+NDVI,RS_derived,ESA_WorldCover_2021_v200,Hansen_GFC2024v1.12_treecover2000,Landsat_C2_L2_GEE,CLCD_v01_zenodo.18180184,2026-06-10
SAIH_AFF_r02c42,117.378858,42.577403,1985,stable_forest,1.0,1.0374,0.00784,0.00516,0.111,0.975,0,0,stable_restoration,rising,regimeC_v0_CLCD+NDVI,RS_derived,ESA_WorldCover_2021_v200,Hansen_GFC2024v1.12_treecover2000,Landsat_C2_L2_GEE,CLCD_v01_zenodo.18180184,2026-06-10
SAIH_AFF_r02c43,117.390908,42.577403,1985,stable_forest,0.9937,1.0374,0.0022,0.0053,0.1158,0.9526,0,0,stable_restoration,rising,regimeC_v0_CLCD+NDVI,RS_derived,ESA_WorldCover_2021_v200,Hansen_GFC2024v1.12_treecover2000,Landsat_C2_L2_GEE,CLCD_v01_zenodo.18180184,2026-06-10
SAIH_AFF_r02c44,117.402959,42.577403,1985,stable_forest,0.9891,1.03,0.0027,0.00539,0.1077,0.9377,0,0,stable_restoration,rising,regimeC_v0_CLCD+NDVI,RS_derived,ESA_WorldCover_2021_v200,Hansen_GFC2024v1.12_treecover2000,Landsat_C2_L2_GEE,CLCD_v01_zenodo.18180184,2026-06-10
SAIH_AFF_r02c45,117.41501,42.577403,1998,partial_forest,0.9957,1.0369,0.01087,0.0063,0.127,0.9571,0,0,stable_restoration,rising,regimeC_v0_CLCD+NDVI,RS_derived,ESA_WorldCover_2021_v200,Hansen_GFC2024v1.12_treecover2000,Landsat_C2_L2_GEE,CLCD_v01_zenodo.18180184,2026-06-10
SAIH_AFF_r02c46,117.427061,42.577403,2015,afforested,0.6338,0.7261,0.01905,0.00544,0.1134,0.9556,0,0,stable_restoration,rising,regimeC_v0_CLCD+NDVI,RS_derived,ESA_WorldCover_2021_v200,Hansen_GFC2024v1.12_treecover2000,Landsat_C2_L2_GEE,CLCD_v01_zenodo.18180184,2026-06-10
SAIH_AFF_r02c47,117.439112,42.577403,0,partial_forest,0.3203,0.412,0.01166,0.00494,0.1308,0.9442,2009,0,early_restoration,rising,regimeC_v0_CLCD+NDVI,RS_derived,ESA_WorldCover_2021_v200,Hansen_GFC2024v1.12_treecover2000,Landsat_C2_L2_GEE,CLCD_v01_zenodo.18180184,2026-06-10
SAIH_AFF_r02c48,117.451162,42.577403,1990,stable_forest,0.8868,0.9705,0.0039,0.00072,0.04,0.945,2016,0,stable_restoration,flat,regimeC_v0_CLCD+NDVI,RS_derived,ESA_WorldCover_2021_v200,Hansen_GFC2024v1.12_treecover2000,Landsat_C2_L2_GEE,CLCD_v01_zenodo.18180184,2026-06-10
SAIH_AFF_r02c49,117.463213,42.577403,1985,stable_forest,0.8481,0.9235,0.00057,0.00366,0.0781,0.9459,2019,1,stable_restoration,rising,regimeC_v0_CLCD+NDVI,RS_derived,ESA_WorldCover_2021_v200,Hansen_GFC2024v1.12_treecover2000,Landsat_C2_L2_GEE,CLCD_v01_zenodo.18180184,2026-06-10
SAIH_AFF_r02c50,117.475264,42.577403,1990,stable_forest,0.8918,0.9157,0.00199,0.00159,0.0328,0.9405,2019,1,stable_restoration,flat,regimeC_v0_CLCD+NDVI,RS_derived,ESA_WorldCover_2021_v200,Hansen_GFC2024v1.12_treecover2000,Landsat_C2_L2_GEE,CLCD_v01_zenodo.18180184,2026-06-10
SAIH_AFF_r02c51,117.487315,42.577403,1985,stable_forest,0.9399,0.979,0.00122,-0.00021,-0.012,0.9442,2020,1,stable_restoration,flat,regimeC_v0_CLCD+NDVI,RS_derived,ESA_WorldCover_2021_v200,Hansen_GFC2024v1.12_treecover2000,Landsat_C2_L2_GEE,CLCD_v01_zenodo.18180184,2026-06-10
SAIH_AFF_r02c52,117.499365,42.577403,1990,stable_forest,0.7403,0.7702,0.00806,0.00269,0.0474,0.9687,2021,1,stable_restoration,flat,regimeC_v0_CLCD+NDVI,RS_derived,ESA_WorldCover_2021_v200,Hansen_GFC2024v1.12_treecover2000,Landsat_C2_L2_GEE,CLCD_v01_zenodo.18180184,2026-06-10
SAIH_AFF_r02c53,117.511416,42.577403,2011,partial_forest,0.806,0.8429,0.02063,0.00864,0.1699,0.9741,2021,1,stable_restoration,rising,regimeC_v0_CLCD+NDVI,RS_derived,ESA_WorldCover_2021_v200,Hansen_GFC2024v1.12_treecover2000,Landsat_C2_L2_GEE,CLCD_v01_zenodo.18180184,2026-06-10
SAIH_AFF_r02c54,117.523467,42.577403,0,non_forest,0.2666,0.285,0.00189,0.0056,0.1126,0.9515,0,0,degraded,rising,regimeC_v0_CLCD+NDVI,RS_derived,ESA_WorldCover_2021_v200,Hansen_GFC2024v1.12_treecover2000,Landsat_C2_L2_GEE,CLCD_v01_zenodo.18180184,2026-06-10
SAIH_AFF_r02c55,117.535518,42.577403,2017,partial_forest,0.4995,0.5232,0.00422,0.00537,0.1163,0.9436,2021,1,early_restoration,rising,regimeC_v0_CLCD+NDVI,RS_derived,ESA_WorldCover_2021_v200,Hansen_GFC2024v1.12_treecover2000,Landsat_C2_L2_GEE,CLCD_v01_zenodo.18180184,2026-06-10
SAIH_AFF_r02c56,117.547568,42.577403,2017,partial_forest,0.5261,0.5596,0.00362,0.00798,0.162,0.9489,2021,0,early_restoration,rising,regimeC_v0_CLCD+NDVI,RS_derived,ESA_WorldCover_2021_v200,Hansen_GFC2024v1.12_treecover2000,Landsat_C2_L2_GEE,CLCD_v01_zenodo.18180184,2026-06-10
SAIH_AFF_r02c57,117.559619,42.577403,1985,stable_forest,0.7589,0.8463,-0.00447,0.00784,0.1647,0.9588,2012,0,stable_restoration,rising,regimeC_v0_CLCD+NDVI,RS_derived,ESA_WorldCover_2021_v200,Hansen_GFC2024v1.12_treecover2000,Landsat_C2_L2_GEE,CLCD_v01_zenodo.18180184,2026-06-10
SAIH_AFF_r02c58,117.57167,42.577403,1985,partial_forest,0.4493,0.5241,-0.00507,0.00532,0.1114,0.951,2012,0,early_restoration,rising,regimeC_v0_CLCD+NDVI,RS_derived,ESA_WorldCover_2021_v200,Hansen_GFC2024v1.12_treecover2000,Landsat_C2_L2_GEE,CLCD_v01_zenodo.18180184,2026-06-10
SAIH_AFF_r02c63,117.631924,42.577403,2013,afforested,0.6293,0.6626,0.02202,0.00704,0.1445,0.9498,0,0,stable_restoration,rising,regimeC_v0_CLCD+NDVI,RS_derived,ESA_WorldCover_2021_v200,Hansen_GFC2024v1.12_treecover2000,Landsat_C2_L2_GEE,CLCD_v01_zenodo.18180184,2026-06-10
SAIH_AFF_r02c64,117.643975,42.577403,0,non_forest,0.2793,0.2989,0.01499,0.00764,0.1756,0.949,0,0,degraded,rising,regimeC_v0_CLCD+NDVI,RS_derived,ESA_WorldCover_2021_v200,Hansen_GFC2024v1.12_treecover2000,Landsat_C2_L2_GEE,CLCD_v01_zenodo.18180184,2026-06-10
SAIH_AFF_r03c20,117.113741,42.568364,0,non_forest,0.2364,0.2501,0.00224,0.00669,0.1794,0.966,0,0,degraded,rising,regimeC_v0_CLCD+NDVI,RS_derived,ESA_WorldCover_2021_v200,Hansen_GFC2024v1.12_treecover2000,Landsat_C2_L2_GEE,CLCD_v01_zenodo.18180184,2026-06-10
SAIH_AFF_r03c35,117.294502,42.568364,0,non_forest,0.2481,0.2636,0.00299,0.00731,0.1754,0.9776,0,0,degraded,rising,regimeC_v0_CLCD+NDVI,RS_derived,ESA_WorldCover_2021_v200,Hansen_GFC2024v1.12_treecover2000,Landsat_C2_L2_GEE,CLCD_v01_zenodo.18180184,2026-06-10
SAIH_AFF_r03c36,117.306553,42.568364,0,non_forest,0.2598,0.2873,0.00787,0.00798,0.1888,0.9799,0,0,degraded,rising,regimeC_v0_CLCD+NDVI,RS_derived,ESA_WorldCover_2021_v200,Hansen_GFC2024v1.12_treecover2000,Landsat_C2_L2_GEE,CLCD_v01_zenodo.18180184,2026-06-10
SAIH_AFF_r03c37,117.318604,42.568364,0,non_forest,0.2083,0.2529,0.00542,0.00777,0.1986,0.9724,0,0,degraded,rising,regimeC_v0_CLCD+NDVI,RS_derived,ESA_WorldCover_2021_v200,Hansen_GFC2024v1.12_treecover2000,Landsat_C2_L2_GEE,CLCD_v01_zenodo.18180184,2026-06-10
SAIH_AFF_r03c38,117.330655,42.568364,2023,afforested,0.5254,0.6117,0.01383,0.00514,0.157,0.9522,2012,0,early_restoration,rising,regimeC_v0_CLCD+NDVI,RS_derived,ESA_WorldCover_2021_v200,Hansen_GFC2024v1.12_treecover2000,Landsat_C2_L2_GEE,CLCD_v01_zenodo.18180184,2026-06-10
SAIH_AFF_r03c39,117.342705,42.568364,2002,afforested,0.7763,0.8263,0.01236,0.00647,0.1804,0.9455,2012,0,stable_restoration,rising,regimeC_v0_CLCD+NDVI,RS_derived,ESA_WorldCover_2021_v200,Hansen_GFC2024v1.12_treecover2000,Landsat_C2_L2_GEE,CLCD_v01_zenodo.18180184,2026-06-10
SAIH_AFF_r03c40,117.354756,42.568364,1993,partial_forest,0.7891,0.9011,0.00764,0.00757,0.1893,0.9606,0,0,stable_restoration,rising,regimeC_v0_CLCD+NDVI,RS_derived,ESA_WorldCover_2021_v200,Hansen_GFC2024v1.12_treecover2000,Landsat_C2_L2_GEE,CLCD_v01_zenodo.18180184,2026-06-10
SAIH_AFF_r03c41,117.366807,42.568364,1985,stable_forest,0.8781,0.9173,0.00621,0.0067,0.1614,0.9586,0,0,stable_restoration,rising,regimeC_v0_CLCD+NDVI,RS_derived,ESA_WorldCover_2021_v200,Hansen_GFC2024v1.12_treecover2000,Landsat_C2_L2_GEE,CLCD_v01_zenodo.18180184,2026-06-10
SAIH_AFF_r03c42,117.378858,42.568364,2000,afforested,0.9953,1.0345,0.02028,0.00835,0.185,0.9722,2005,0,stable_restoration,rising,regimeC_v0_CLCD+NDVI,RS_derived,ESA_WorldCover_2021_v200,Hansen_GFC2024v1.12_treecover2000,Landsat_C2_L2_GEE,CLCD_v01_zenodo.18180184,2026-06-10
SAIH_AFF_r03c43,117.390908,42.568364,1998,partial_forest,0.9986,1.0374,0.00226,0.00441,0.0807,0.9655,0,0,stable_restoration,rising,regimeC_v0_CLCD+NDVI,RS_derived,ESA_WorldCover_2021_v200,Hansen_GFC2024v1.12_treecover2000,Landsat_C2_L2_GEE,CLCD_v01_zenodo.18180184,2026-06-10
SAIH_AFF_r03c44,117.402959,42.568364,1998,partial_forest,0.9972,1.0357,0.01163,0.00634,0.1323,0.9549,0,0,stable_restoration,rising,regimeC_v0_CLCD+NDVI,RS_derived,ESA_WorldCover_2021_v200,Hansen_GFC2024v1.12_treecover2000,Landsat_C2_L2_GEE,CLCD_v01_zenodo.18180184,2026-06-10
SAIH_AFF_r03c45,117.41501,42.568364,2000,afforested,0.8647,0.9269,0.0135,0.0059,0.1307,0.9491,0,0,stable_restoration,rising,regimeC_v0_CLCD+NDVI,RS_derived,ESA_WorldCover_2021_v200,Hansen_GFC2024v1.12_treecover2000,Landsat_C2_L2_GEE,CLCD_v01_zenodo.18180184,2026-06-10
SAIH_AFF_r03c46,117.427061,42.568364,2015,afforested,0.5534,0.6255,0.00882,0.00474,0.0993,0.9278,0,0,early_restoration,rising,regimeC_v0_CLCD+NDVI,RS_derived,ESA_WorldCover_2021_v200,Hansen_GFC2024v1.12_treecover2000,Landsat_C2_L2_GEE,CLCD_v01_zenodo.18180184,2026-06-10
SAIH_AFF_r03c47,117.439112,42.568364,0,partial_forest,0.4187,0.4629,0.00334,0.00095,0.0253,0.9061,2019,0,early_restoration,flat,regimeC_v0_CLCD+NDVI,RS_derived,ESA_WorldCover_2021_v200,Hansen_GFC2024v1.12_treecover2000,Landsat_C2_L2_GEE,CLCD_v01_zenodo.18180184,2026-06-10
SAIH_AFF_r03c48,117.451162,42.568364,0,non_forest,0.2317,0.2884,0.00392,0.00106,0.0182,0.8761,2019,0,degraded,flat,regimeC_v0_CLCD+NDVI,RS_derived,ESA_WorldCover_2021_v200,Hansen_GFC2024v1.12_treecover2000,Landsat_C2_L2_GEE,CLCD_v01_zenodo.18180184,2026-06-10
SAIH_AFF_r03c49,117.463213,42.568364,1998,partial_forest,0.7646,0.8469,0.00938,0.00167,0.0363,0.9054,2021,1,stable_restoration,flat,regimeC_v0_CLCD+NDVI,RS_derived,ESA_WorldCover_2021_v200,Hansen_GFC2024v1.12_treecover2000,Landsat_C2_L2_GEE,CLCD_v01_zenodo.18180184,2026-06-10
SAIH_AFF_r03c50,117.475264,42.568364,1985,stable_forest,0.9078,0.9248,0.0006,-0.00057,-0.0054,0.9195,2021,1,stable_restoration,flat,regimeC_v0_CLCD+NDVI,RS_derived,ESA_WorldCover_2021_v200,Hansen_GFC2024v1.12_treecover2000,Landsat_C2_L2_GEE,CLCD_v01_zenodo.18180184,2026-06-10
SAIH_AFF_r03c51,117.487315,42.568364,1990,stable_forest,0.8688,0.9281,0.00565,0.00279,0.0461,0.9496,2021,1,stable_restoration,flat,regimeC_v0_CLCD+NDVI,RS_derived,ESA_WorldCover_2021_v200,Hansen_GFC2024v1.12_treecover2000,Landsat_C2_L2_GEE,CLCD_v01_zenodo.18180184,2026-06-10
SAIH_AFF_r03c52,117.499365,42.568364,2025,partial_forest,0.4777,0.5516,0.01475,0.00632,0.1251,0.9491,2021,0,early_restoration,rising,regimeC_v0_CLCD+NDVI,RS_derived,ESA_WorldCover_2021_v200,Hansen_GFC2024v1.12_treecover2000,Landsat_C2_L2_GEE,CLCD_v01_zenodo.18180184,2026-06-10
SAIH_AFF_r03c53,117.511416,42.568364,2023,afforested,0.5003,0.5259,0.02652,0.01116,0.2137,0.9429,0,0,early_restoration,rising,regimeC_v0_CLCD+NDVI,RS_derived,ESA_WorldCover_2021_v200,Hansen_GFC2024v1.12_treecover2000,Landsat_C2_L2_GEE,CLCD_v01_zenodo.18180184,2026-06-10
SAIH_AFF_r03c54,117.523467,42.568364,0,partial_forest,0.3312,0.3519,0.0029,0.00638,0.1197,0.9174,2008,0,early_restoration,rising,regimeC_v0_CLCD+NDVI,RS_derived,ESA_WorldCover_2021_v200,Hansen_GFC2024v1.12_treecover2000,Landsat_C2_L2_GEE,CLCD_v01_zenodo.18180184,2026-06-10
SAIH_AFF_r03c55,117.535518,42.568364,2022,partial_forest,0.5082,0.5423,0.00348,0.0071,0.1391,0.9268,2007,0,early_restoration,rising,regimeC_v0_CLCD+NDVI,RS_derived,ESA_WorldCover_2021_v200,Hansen_GFC2024v1.12_treecover2000,Landsat_C2_L2_GEE,CLCD_v01_zenodo.18180184,2026-06-10
SAIH_AFF_r03c56,117.547568,42.568364,2025,partial_forest,0.4867,0.5224,0.01224,0.01144,0.2316,0.9677,0,0,early_restoration,rising,regimeC_v0_CLCD+NDVI,RS_derived,ESA_WorldCover_2021_v200,Hansen_GFC2024v1.12_treecover2000,Landsat_C2_L2_GEE,CLCD_v01_zenodo.18180184,2026-06-10
SAIH_AFF_r03c57,117.559619,42.568364,2024,afforested,0.5035,0.5762,0.01129,0.01029,0.2211,0.9516,2012,0,early_restoration,rising,regimeC_v0_CLCD+NDVI,RS_derived,ESA_WorldCover_2021_v200,Hansen_GFC2024v1.12_treecover2000,Landsat_C2_L2_GEE,CLCD_v01_zenodo.18180184,2026-06-10
SAIH_AFF_r03c58,117.57167,42.568364,0,partial_forest,0.4019,0.4858,0.00844,0.00747,0.1755,0.948,2005,0,early_restoration,rising,regimeC_v0_CLCD+NDVI,RS_derived,ESA_WorldCover_2021_v200,Hansen_GFC2024v1.12_treecover2000,Landsat_C2_L2_GEE,CLCD_v01_zenodo.18180184,2026-06-10
SAIH_AFF_r03c63,117.631924,42.568364,0,non_forest,0.1745,0.1894,0.0098,0.00473,0.1215,0.969,0,0,degraded,rising,regimeC_v0_CLCD+NDVI,RS_derived,ESA_WorldCover_2021_v200,Hansen_GFC2024v1.12_treecover2000,Landsat_C2_L2_GEE,CLCD_v01_zenodo.18180184,2026-06-10
SAIH_AFF_r04c20,117.113741,42.559325,0,partial_forest,0.4353,0.4593,0.00124,0.00627,0.1687,0.9489,0,0,early_restoration,rising,regimeC_v0_CLCD+NDVI,RS_derived,ESA_WorldCover_2021_v200,Hansen_GFC2024v1.12_treecover2000,Landsat_C2_L2_GEE,CLCD_v01_zenodo.18180184,2026-06-10
SAIH_AFF_r04c21,117.125792,42.559325,0,partial_forest,0.4443,0.4624,0.00194,0.00687,0.189,0.9642,0,0,early_restoration,rising,regimeC_v0_CLCD+NDVI,RS_derived,ESA_WorldCover_2021_v200,Hansen_GFC2024v1.12_treecover2000,Landsat_C2_L2_GEE,CLCD_v01_zenodo.18180184,2026-06-10
SAIH_AFF_r04c32,117.25835,42.559325,0,partial_forest,0.3161,0.3319,0.00691,0.00819,0.2032,0.9729,2004,0,early_restoration,rising,regimeC_v0_CLCD+NDVI,RS_derived,ESA_WorldCover_2021_v200,Hansen_GFC2024v1.12_treecover2000,Landsat_C2_L2_GEE,CLCD_v01_zenodo.18180184,2026-06-10
SAIH_AFF_r04c35,117.294502,42.559325,0,non_forest,0.2476,0.3269,0.01334,0.01266,0.2703,0.9525,0,0,degraded,rising,regimeC_v0_CLCD+NDVI,RS_derived,ESA_WorldCover_2021_v200,Hansen_GFC2024v1.12_treecover2000,Landsat_C2_L2_GEE,CLCD_v01_zenodo.18180184,2026-06-10
SAIH_AFF_r04c36,117.306553,42.559325,2016,afforested,0.5999,0.6529,0.01961,0.00976,0.2301,0.9826,0,0,early_restoration,rising,regimeC_v0_CLCD+NDVI,RS_derived,ESA_WorldCover_2021_v200,Hansen_GFC2024v1.12_treecover2000,Landsat_C2_L2_GEE,CLCD_v01_zenodo.18180184,2026-06-10
SAIH_AFF_r04c37,117.318604,42.559325,2006,partial_forest,0.6206,0.6546,0.00968,0.00751,0.2099,0.9879,0,0,early_restoration,rising,regimeC_v0_CLCD+NDVI,RS_derived,ESA_WorldCover_2021_v200,Hansen_GFC2024v1.12_treecover2000,Landsat_C2_L2_GEE,CLCD_v01_zenodo.18180184,2026-06-10
SAIH_AFF_r04c38,117.330655,42.559325,2023,partial_forest,0.4668,0.5425,0.01135,0.00772,0.2045,0.9484,0,0,early_restoration,rising,regimeC_v0_CLCD+NDVI,RS_derived,ESA_WorldCover_2021_v200,Hansen_GFC2024v1.12_treecover2000,Landsat_C2_L2_GEE,CLCD_v01_zenodo.18180184,2026-06-10
SAIH_AFF_r04c39,117.342705,42.559325,2009,afforested,0.6685,0.824,0.01947,0.009,0.2354,0.9458,0,0,stable_restoration,rising,regimeC_v0_CLCD+NDVI,RS_derived,ESA_WorldCover_2021_v200,Hansen_GFC2024v1.12_treecover2000,Landsat_C2_L2_GEE,CLCD_v01_zenodo.18180184,2026-06-10
SAIH_AFF_r04c40,117.354756,42.559325,2004,afforested,0.7023,0.7492,0.00953,0.0086,0.2247,0.9531,0,0,stable_restoration,rising,regimeC_v0_CLCD+NDVI,RS_derived,ESA_WorldCover_2021_v200,Hansen_GFC2024v1.12_treecover2000,Landsat_C2_L2_GEE,CLCD_v01_zenodo.18180184,2026-06-10
SAIH_AFF_r04c41,117.366807,42.559325,2025,partial_forest,0.483,0.5602,0.0097,0.00825,0.2233,0.9457,0,0,early_restoration,rising,regimeC_v0_CLCD+NDVI,RS_derived,ESA_WorldCover_2021_v200,Hansen_GFC2024v1.12_treecover2000,Landsat_C2_L2_GEE,CLCD_v01_zenodo.18180184,2026-06-10
SAIH_AFF_r04c42,117.378858,42.559325,1985,stable_forest,0.9648,1.0083,0.00453,0.00747,0.1883,0.9801,0,0,stable_restoration,rising,regimeC_v0_CLCD+NDVI,RS_derived,ESA_WorldCover_2021_v200,Hansen_GFC2024v1.12_treecover2000,Landsat_C2_L2_GEE,CLCD_v01_zenodo.18180184,2026-06-10
SAIH_AFF_r04c43,117.390908,42.559325,1985,stable_forest,0.9902,1.03,0.01621,0.00803,0.1946,0.9654,0,0,stable_restoration,rising,regimeC_v0_CLCD+NDVI,RS_derived,ESA_WorldCover_2021_v200,Hansen_GFC2024v1.12_treecover2000,Landsat_C2_L2_GEE,CLCD_v01_zenodo.18180184,2026-06-10
SAIH_AFF_r04c44,117.402959,42.559325,2006,partial_forest,0.8605,0.9516,0.02502,0.00824,0.2003,0.9501,0,0,stable_restoration,rising,regimeC_v0_CLCD+NDVI,RS_derived,ESA_WorldCover_2021_v200,Hansen_GFC2024v1.12_treecover2000,Landsat_C2_L2_GEE,CLCD_v01_zenodo.18180184,2026-06-10
SAIH_AFF_r04c45,117.41501,42.559325,2006,afforested,0.6784,0.7469,0.01295,0.00542,0.1347,0.9524,0,0,stable_restoration,rising,regimeC_v0_CLCD+NDVI,RS_derived,ESA_WorldCover_2021_v200,Hansen_GFC2024v1.12_treecover2000,Landsat_C2_L2_GEE,CLCD_v01_zenodo.18180184,2026-06-10
SAIH_AFF_r04c46,117.427061,42.559325,2025,partial_forest,0.4217,0.5361,0.00724,0.00295,0.0931,0.9183,2011,0,early_restoration,flat,regimeC_v0_CLCD+NDVI,RS_derived,ESA_WorldCover_2021_v200,Hansen_GFC2024v1.12_treecover2000,Landsat_C2_L2_GEE,CLCD_v01_zenodo.18180184,2026-06-10
SAIH_AFF_r04c47,117.439112,42.559325,1985,stable_forest,0.9303,0.9779,0.00232,0.00174,0.0379,0.9482,2020,1,stable_restoration,flat,regimeC_v0_CLCD+NDVI,RS_derived,ESA_WorldCover_2021_v200,Hansen_GFC2024v1.12_treecover2000,Landsat_C2_L2_GEE,CLCD_v01_zenodo.18180184,2026-06-10
SAIH_AFF_r04c48,117.451162,42.559325,1996,partial_forest,0.6172,0.6409,0.00215,0.00173,0.0411,0.9216,2012,0,early_restoration,flat,regimeC_v0_CLCD+NDVI,RS_derived,ESA_WorldCover_2021_v200,Hansen_GFC2024v1.12_treecover2000,Landsat_C2_L2_GEE,CLCD_v01_zenodo.18180184,2026-06-10
SAIH_AFF_r04c49,117.463213,42.559325,2004,partial_forest,0.6598,0.6953,0.00945,0.00181,0.0309,0.8856,2019,0,stable_restoration,flat,regimeC_v0_CLCD+NDVI,RS_derived,ESA_WorldCover_2021_v200,Hansen_GFC2024v1.12_treecover2000,Landsat_C2_L2_GEE,CLCD_v01_zenodo.18180184,2026-06-10
SAIH_AFF_r04c50,117.475264,42.559325,1985,stable_forest,0.8303,0.8675,0.00465,0.00199,0.0402,0.9525,2024,1,stable_restoration,flat,regimeC_v0_CLCD+NDVI,RS_derived,ESA_WorldCover_2021_v200,Hansen_GFC2024v1.12_treecover2000,Landsat_C2_L2_GEE,CLCD_v01_zenodo.18180184,2026-06-10
SAIH_AFF_r04c51,117.487315,42.559325,2004,partial_forest,0.5973,0.6134,0.00587,0.0042,0.0941,0.9622,2019,0,early_restoration,rising,regimeC_v0_CLCD+NDVI,RS_derived,ESA_WorldCover_2021_v200,Hansen_GFC2024v1.12_treecover2000,Landsat_C2_L2_GEE,CLCD_v01_zenodo.18180184,2026-06-10
SAIH_AFF_r04c52,117.499365,42.559325,0,non_forest,0.2565,0.2695,0.00219,0.00311,0.071,0.9537,0,0,degraded,rising,regimeC_v0_CLCD+NDVI,RS_derived,ESA_WorldCover_2021_v200,Hansen_GFC2024v1.12_treecover2000,Landsat_C2_L2_GEE,CLCD_v01_zenodo.18180184,2026-06-10
SAIH_AFF_r04c53,117.511416,42.559325,0,non_forest,0.2806,0.3032,0.00368,0.00555,0.114,0.9647,0,0,degraded,rising,regimeC_v0_CLCD+NDVI,RS_derived,ESA_WorldCover_2021_v200,Hansen_GFC2024v1.12_treecover2000,Landsat_C2_L2_GEE,CLCD_v01_zenodo.18180184,2026-06-10
SAIH_AFF_r04c55,117.535518,42.559325,0,partial_forest,0.3047,0.332,0.0058,0.00636,0.1436,0.9752,0,0,early_restoration,rising,regimeC_v0_CLCD+NDVI,RS_derived,ESA_WorldCover_2021_v200,Hansen_GFC2024v1.12_treecover2000,Landsat_C2_L2_GEE,CLCD_v01_zenodo.18180184,2026-06-10
SAIH_AFF_r04c56,117.547568,42.559325,0,non_forest,0.2061,0.2289,0.00586,0.00869,0.1897,0.981,0,0,degraded,rising,regimeC_v0_CLCD+NDVI,RS_derived,ESA_WorldCover_2021_v200,Hansen_GFC2024v1.12_treecover2000,Landsat_C2_L2_GEE,CLCD_v01_zenodo.18180184,2026-06-10
SAIH_AFF_r04c57,117.559619,42.559325,0,partial_forest,0.4392,0.4618,0.01104,0.01137,0.2471,0.9273,2024,0,early_restoration,rising,regimeC_v0_CLCD+NDVI,RS_derived,ESA_WorldCover_2021_v200,Hansen_GFC2024v1.12_treecover2000,Landsat_C2_L2_GEE,CLCD_v01_zenodo.18180184,2026-06-10
SAIH_AFF_r04c58,117.57167,42.559325,0,partial_forest,0.349,0.4172,0.01795,0.01125,0.2432,0.9327,0,0,early_restoration,rising,regimeC_v0_CLCD+NDVI,RS_derived,ESA_WorldCover_2021_v200,Hansen_GFC2024v1.12_treecover2000,Landsat_C2_L2_GEE,CLCD_v01_zenodo.18180184,2026-06-10
SAIH_AFF_r04c63,117.631924,42.559325,0,non_forest,0.1372,0.1436,0.00658,0.00512,0.1263,0.9416,0,0,degraded,rising,regimeC_v0_CLCD+NDVI,RS_derived,ESA_WorldCover_2021_v200,Hansen_GFC2024v1.12_treecover2000,Landsat_C2_L2_GEE,CLCD_v01_zenodo.18180184,2026-06-10
SAIH_AFF_r04c64,117.643975,42.559325,0,non_forest,0.2086,0.231,0.01169,0.00715,0.1622,0.9536,0,0,degraded,rising,regimeC_v0_CLCD+NDVI,RS_derived,ESA_WorldCover_2021_v200,Hansen_GFC2024v1.12_treecover2000,Landsat_C2_L2_GEE,CLCD_v01_zenodo.18180184,2026-06-10
SAIH_AFF_r05c15,117.053487,42.550286,0,non_forest,0.2378,0.2513,0.00146,0.00611,0.1614,0.9615,0,0,degraded,rising,regimeC_v0_CLCD+NDVI,RS_derived,ESA_WorldCover_2021_v200,Hansen_GFC2024v1.12_treecover2000,Landsat_C2_L2_GEE,CLCD_v01_zenodo.18180184,2026-06-10
SAIH_AFF_r05c19,117.10169,42.550286,0,non_forest,0.2745,0.2861,0.00102,0.00652,0.157,0.9468,0,0,degraded,rising,regimeC_v0_CLCD+NDVI,RS_derived,ESA_WorldCover_2021_v200,Hansen_GFC2024v1.12_treecover2000,Landsat_C2_L2_GEE,CLCD_v01_zenodo.18180184,2026-06-10
SAIH_AFF_r05c20,117.113741,42.550286,0,partial_forest,0.4277,0.4497,0.00276,0.00807,0.2,0.9549,0,0,early_restoration,rising,regimeC_v0_CLCD+NDVI,RS_derived,ESA_WorldCover_2021_v200,Hansen_GFC2024v1.12_treecover2000,Landsat_C2_L2_GEE,CLCD_v01_zenodo.18180184,2026-06-10
SAIH_AFF_r05c21,117.125792,42.550286,0,partial_forest,0.4163,0.4378,0.00304,0.00591,0.163,0.9697,0,0,early_restoration,rising,regimeC_v0_CLCD+NDVI,RS_derived,ESA_WorldCover_2021_v200,Hansen_GFC2024v1.12_treecover2000,Landsat_C2_L2_GEE,CLCD_v01_zenodo.18180184,2026-06-10
SAIH_AFF_r05c33,117.270401,42.550286,2006,partial_forest,0.6192,0.6717,0.00813,0.00921,0.2271,0.9714,0,0,stable_restoration,rising,regimeC_v0_CLCD+NDVI,RS_derived,ESA_WorldCover_2021_v200,Hansen_GFC2024v1.12_treecover2000,Landsat_C2_L2_GEE,CLCD_v01_zenodo.18180184,2026-06-10
SAIH_AFF_r05c36,117.306553,42.550286,0,partial_forest,0.3106,0.3348,0.01096,0.00817,0.1768,0.9649,0,0,early_restoration,rising,regimeC_v0_CLCD+NDVI,RS_derived,ESA_WorldCover_2021_v200,Hansen_GFC2024v1.12_treecover2000,Landsat_C2_L2_GEE,CLCD_v01_zenodo.18180184,2026-06-10
SAIH_AFF_r05c37,117.318604,42.550286,2004,partial_forest,0.7006,0.7422,0.01199,0.00799,0.2038,0.9732,0,0,stable_restoration,rising,regimeC_v0_CLCD+NDVI,RS_derived,ESA_WorldCover_2021_v200,Hansen_GFC2024v1.12_treecover2000,Landsat_C2_L2_GEE,CLCD_v01_zenodo.18180184,2026-06-10
SAIH_AFF_r05c38,117.330655,42.550286,2003,partial_forest,0.7231,0.757,0.01089,0.00747,0.1863,0.9613,0,0,stable_restoration,rising,regimeC_v0_CLCD+NDVI,RS_derived,ESA_WorldCover_2021_v200,Hansen_GFC2024v1.12_treecover2000,Landsat_C2_L2_GEE,CLCD_v01_zenodo.18180184,2026-06-10
SAIH_AFF_r05c39,117.342705,42.550286,0,partial_forest,0.4562,0.515,0.0164,0.00955,0.2337,0.9387,0,0,early_restoration,rising,regimeC_v0_CLCD+NDVI,RS_derived,ESA_WorldCover_2021_v200,Hansen_GFC2024v1.12_treecover2000,Landsat_C2_L2_GEE,CLCD_v01_zenodo.18180184,2026-06-10
SAIH_AFF_r05c40,117.354756,42.550286,2006,partial_forest,0.7606,0.8221,0.01612,0.00964,0.2434,0.9662,0,0,stable_restoration,rising,regimeC_v0_CLCD+NDVI,RS_derived,ESA_WorldCover_2021_v200,Hansen_GFC2024v1.12_treecover2000,Landsat_C2_L2_GEE,CLCD_v01_zenodo.18180184,2026-06-10
SAIH_AFF_r05c41,117.366807,42.550286,2003,partial_forest,0.6725,0.7668,0.00848,0.00762,0.2028,0.9661,0,0,stable_restoration,rising,regimeC_v0_CLCD+NDVI,RS_derived,ESA_WorldCover_2021_v200,Hansen_GFC2024v1.12_treecover2000,Landsat_C2_L2_GEE,CLCD_v01_zenodo.18180184,2026-06-10
SAIH_AFF_r05c42,117.378858,42.550286,2006,partial_forest,0.7977,0.8572,0.01746,0.00949,0.2458,0.9646,0,0,stable_restoration,rising,regimeC_v0_CLCD+NDVI,RS_derived,ESA_WorldCover_2021_v200,Hansen_GFC2024v1.12_treecover2000,Landsat_C2_L2_GEE,CLCD_v01_zenodo.18180184,2026-06-10
SAIH_AFF_r05c43,117.390908,42.550286,2002,partial_forest,0.9757,1.0215,0.0201,0.00885,0.2371,0.9721,0,0,stable_restoration,rising,regimeC_v0_CLCD+NDVI,RS_derived,ESA_WorldCover_2021_v200,Hansen_GFC2024v1.12_treecover2000,Landsat_C2_L2_GEE,CLCD_v01_zenodo.18180184,2026-06-10
SAIH_AFF_r05c44,117.402959,42.550286,2006,partial_forest,0.8277,0.9293,0.0219,0.00883,0.236,0.9502,0,0,stable_restoration,rising,regimeC_v0_CLCD+NDVI,RS_derived,ESA_WorldCover_2021_v200,Hansen_GFC2024v1.12_treecover2000,Landsat_C2_L2_GEE,CLCD_v01_zenodo.18180184,2026-06-10
SAIH_AFF_r05c46,117.427061,42.550286,2015,partial_forest,0.5188,0.5871,0.00232,0.00182,0.0783,0.903,2012,0,early_restoration,flat,regimeC_v0_CLCD+NDVI,RS_derived,ESA_WorldCover_2021_v200,Hansen_GFC2024v1.12_treecover2000,Landsat_C2_L2_GEE,CLCD_v01_zenodo.18180184,2026-06-10
SAIH_AFF_r05c47,117.439112,42.550286,1985,stable_forest,0.897,0.9551,0.00017,0.00259,0.0741,0.9431,2012,0,stable_restoration,flat,regimeC_v0_CLCD+NDVI,RS_derived,ESA_WorldCover_2021_v200,Hansen_GFC2024v1.12_treecover2000,Landsat_C2_L2_GEE,CLCD_v01_zenodo.18180184,2026-06-10
SAIH_AFF_r05c48,117.451162,42.550286,1991,partial_forest,0.7294,0.7604,0.00321,0.00291,0.0683,0.9454,2021,0,stable_restoration,flat,regimeC_v0_CLCD+NDVI,RS_derived,ESA_WorldCover_2021_v200,Hansen_GFC2024v1.12_treecover2000,Landsat_C2_L2_GEE,CLCD_v01_zenodo.18180184,2026-06-10
SAIH_AFF_r05c49,117.463213,42.550286,1996,partial_forest,0.8546,0.8709,0.01137,0.00204,0.0484,0.9564,2021,1,stable_restoration,flat,regimeC_v0_CLCD+NDVI,RS_derived,ESA_WorldCover_2021_v200,Hansen_GFC2024v1.12_treecover2000,Landsat_C2_L2_GEE,CLCD_v01_zenodo.18180184,2026-06-10
SAIH_AFF_r05c50,117.475264,42.550286,1985,stable_forest,0.7684,0.7901,0.0039,0.00228,0.0478,0.9531,2019,0,stable_restoration,flat,regimeC_v0_CLCD+NDVI,RS_derived,ESA_WorldCover_2021_v200,Hansen_GFC2024v1.12_treecover2000,Landsat_C2_L2_GEE,CLCD_v01_zenodo.18180184,2026-06-10
SAIH_AFF_r05c51,117.487315,42.550286,1985,stable_forest,0.7327,0.7622,0.00156,0.00408,0.0929,0.9792,2019,0,stable_restoration,rising,regimeC_v0_CLCD+NDVI,RS_derived,ESA_WorldCover_2021_v200,Hansen_GFC2024v1.12_treecover2000,Landsat_C2_L2_GEE,CLCD_v01_zenodo.18180184,2026-06-10
SAIH_AFF_r05c52,117.499365,42.550286,2014,partial_forest,0.5655,0.5859,0.00437,0.00495,0.1023,0.9761,2002,0,early_restoration,rising,regimeC_v0_CLCD+NDVI,RS_derived,ESA_WorldCover_2021_v200,Hansen_GFC2024v1.12_treecover2000,Landsat_C2_L2_GEE,CLCD_v01_zenodo.18180184,2026-06-10
SAIH_AFF_r05c53,117.511416,42.550286,0,partial_forest,0.3639,0.3794,0.00511,0.00667,0.1451,0.9626,2011,0,early_restoration,rising,regimeC_v0_CLCD+NDVI,RS_derived,ESA_WorldCover_2021_v200,Hansen_GFC2024v1.12_treecover2000,Landsat_C2_L2_GEE,CLCD_v01_zenodo.18180184,2026-06-10
SAIH_AFF_r05c55,117.535518,42.550286,0,non_forest,0.1486,0.1683,0.00574,0.00705,0.1588,0.9846,0,0,degraded,rising,regimeC_v0_CLCD+NDVI,RS_derived,ESA_WorldCover_2021_v200,Hansen_GFC2024v1.12_treecover2000,Landsat_C2_L2_GEE,CLCD_v01_zenodo.18180184,2026-06-10
SAIH_AFF_r05c57,117.559619,42.550286,2018,partial_forest,0.5249,0.5493,0.0054,0.00754,0.1766,0.9672,2024,0,early_restoration,rising,regimeC_v0_CLCD+NDVI,RS_derived,ESA_WorldCover_2021_v200,Hansen_GFC2024v1.12_treecover2000,Landsat_C2_L2_GEE,CLCD_v01_zenodo.18180184,2026-06-10
SAIH_AFF_r05c61,117.607822,42.550286,0,non_forest,0.2841,0.3004,0.01222,0.00812,0.1813,0.9512,0,0,degraded,rising,regimeC_v0_CLCD+NDVI,RS_derived,ESA_WorldCover_2021_v200,Hansen_GFC2024v1.12_treecover2000,Landsat_C2_L2_GEE,CLCD_v01_zenodo.18180184,2026-06-10
SAIH_AFF_r05c62,117.619873,42.550286,0,partial_forest,0.353,0.3742,0.0177,0.00788,0.1844,0.9381,0,0,early_restoration,rising,regimeC_v0_CLCD+NDVI,RS_derived,ESA_WorldCover_2021_v200,Hansen_GFC2024v1.12_treecover2000,Landsat_C2_L2_GEE,CLCD_v01_zenodo.18180184,2026-06-10
SAIH_AFF_r05c63,117.631924,42.550286,2007,afforested,0.8741,0.9087,0.04038,0.01046,0.2213,0.9638,0,0,stable_restoration,rising,regimeC_v0_CLCD+NDVI,RS_derived,ESA_WorldCover_2021_v200,Hansen_GFC2024v1.12_treecover2000,Landsat_C2_L2_GEE,CLCD_v01_zenodo.18180184,2026-06-10
SAIH_AFF_r05c64,117.643975,42.550286,0,non_forest,0.1821,0.1996,0.00752,0.00746,0.1518,0.9462,2007,0,degraded,rising,regimeC_v0_CLCD+NDVI,RS_derived,ESA_WorldCover_2021_v200,Hansen_GFC2024v1.12_treecover2000,Landsat_C2_L2_GEE,CLCD_v01_zenodo.18180184,2026-06-10
SAIH_AFF_r06c07,116.957081,42.541247,0,non_forest,0.2038,0.2151,0.00172,0.00568,0.1408,0.9619,0,0,degraded,rising,regimeC_v0_CLCD+NDVI,RS_derived,ESA_WorldCover_2021_v200,Hansen_GFC2024v1.12_treecover2000,Landsat_C2_L2_GEE,CLCD_v01_zenodo.18180184,2026-06-10
SAIH_AFF_r06c19,117.10169,42.541247,0,partial_forest,0.4026,0.4223,0.004,0.00819,0.1817,0.9608,0,0,early_restoration,rising,regimeC_v0_CLCD+NDVI,RS_derived,ESA_WorldCover_2021_v200,Hansen_GFC2024v1.12_treecover2000,Landsat_C2_L2_GEE,CLCD_v01_zenodo.18180184,2026-06-10
SAIH_AFF_r06c20,117.113741,42.541247,0,partial_forest,0.3446,0.362,0.00679,0.00774,0.1836,0.9545,0,0,early_restoration,rising,regimeC_v0_CLCD+NDVI,RS_derived,ESA_WorldCover_2021_v200,Hansen_GFC2024v1.12_treecover2000,Landsat_C2_L2_GEE,CLCD_v01_zenodo.18180184,2026-06-10
SAIH_AFF_r06c21,117.125792,42.541247,0,non_forest,0.2762,0.2886,0.00555,0.00682,0.1931,0.9708,0,0,degraded,rising,regimeC_v0_CLCD+NDVI,RS_derived,ESA_WorldCover_2021_v200,Hansen_GFC2024v1.12_treecover2000,Landsat_C2_L2_GEE,CLCD_v01_zenodo.18180184,2026-06-10
SAIH_AFF_r06c22,117.137842,42.541247,2025,partial_forest,0.4892,0.522,0.00734,0.00784,0.2029,0.9722,0,0,early_restoration,rising,regimeC_v0_CLCD+NDVI,RS_derived,ESA_WorldCover_2021_v200,Hansen_GFC2024v1.12_treecover2000,Landsat_C2_L2_GEE,CLCD_v01_zenodo.18180184,2026-06-10
SAIH_AFF_r06c33,117.270401,42.541247,0,non_forest,0.1957,0.2078,0.00393,0.00828,0.1883,0.9211,0,0,degraded,rising,regimeC_v0_CLCD+NDVI,RS_derived,ESA_WorldCover_2021_v200,Hansen_GFC2024v1.12_treecover2000,Landsat_C2_L2_GEE,CLCD_v01_zenodo.18180184,2026-06-10
SAIH_AFF_r06c34,117.282452,42.541247,0,partial_forest,0.3561,0.3984,0.00457,0.00573,0.1491,0.9235,0,0,early_restoration,rising,regimeC_v0_CLCD+NDVI,RS_derived,ESA_WorldCover_2021_v200,Hansen_GFC2024v1.12_treecover2000,Landsat_C2_L2_GEE,CLCD_v01_zenodo.18180184,2026-06-10
SAIH_AFF_r06c35,117.294502,42.541247,0,partial_forest,0.3146,0.3167,0.00938,0.00332,0.1102,0.9479,0,0,degraded,rising,regimeC_v0_CLCD+NDVI,RS_derived,ESA_WorldCover_2021_v200,Hansen_GFC2024v1.12_treecover2000,Landsat_C2_L2_GEE,CLCD_v01_zenodo.18180184,2026-06-10
SAIH_AFF_r06c36,117.306553,42.541247,2015,afforested,0.5855,0.6491,0.01375,0.00644,0.1629,0.9646,0,0,early_restoration,rising,regimeC_v0_CLCD+NDVI,RS_derived,ESA_WorldCover_2021_v200,Hansen_GFC2024v1.12_treecover2000,Landsat_C2_L2_GEE,CLCD_v01_zenodo.18180184,2026-06-10
SAIH_AFF_r06c37,117.318604,42.541247,0,partial_forest,0.4091,0.4837,0.01086,0.00633,0.174,0.9472,0,0,early_restoration,rising,regimeC_v0_CLCD+NDVI,RS_derived,ESA_WorldCover_2021_v200,Hansen_GFC2024v1.12_treecover2000,Landsat_C2_L2_GEE,CLCD_v01_zenodo.18180184,2026-06-10
SAIH_AFF_r06c38,117.330655,42.541247,1998,partial_forest,0.6998,0.7361,0.00673,0.00596,0.1742,0.958,0,0,stable_restoration,rising,regimeC_v0_CLCD+NDVI,RS_derived,ESA_WorldCover_2021_v200,Hansen_GFC2024v1.12_treecover2000,Landsat_C2_L2_GEE,CLCD_v01_zenodo.18180184,2026-06-10
SAIH_AFF_r06c39,117.342705,42.541247,1985,stable_forest,0.8574,0.9131,0.00418,0.00738,0.1901,0.9833,2021,0,stable_restoration,rising,regimeC_v0_CLCD+NDVI,RS_derived,ESA_WorldCover_2021_v200,Hansen_GFC2024v1.12_treecover2000,Landsat_C2_L2_GEE,CLCD_v01_zenodo.18180184,2026-06-10
SAIH_AFF_r06c40,117.354756,42.541247,1985,stable_forest,0.8249,0.8835,0.01242,0.00872,0.2388,0.9654,2021,0,stable_restoration,rising,regimeC_v0_CLCD+NDVI,RS_derived,ESA_WorldCover_2021_v200,Hansen_GFC2024v1.12_treecover2000,Landsat_C2_L2_GEE,CLCD_v01_zenodo.18180184,2026-06-10
SAIH_AFF_r06c41,117.366807,42.541247,1985,stable_forest,0.7928,0.8748,0.01024,0.00801,0.2159,0.9529,0,0,stable_restoration,rising,regimeC_v0_CLCD+NDVI,RS_derived,ESA_WorldCover_2021_v200,Hansen_GFC2024v1.12_treecover2000,Landsat_C2_L2_GEE,CLCD_v01_zenodo.18180184,2026-06-10
SAIH_AFF_r06c42,117.378858,42.541247,2005,partial_forest,0.825,0.9115,0.01967,0.00978,0.2461,0.9613,0,0,stable_restoration,rising,regimeC_v0_CLCD+NDVI,RS_derived,ESA_WorldCover_2021_v200,Hansen_GFC2024v1.12_treecover2000,Landsat_C2_L2_GEE,CLCD_v01_zenodo.18180184,2026-06-10
SAIH_AFF_r06c43,117.390908,42.541247,2008,afforested,0.7632,0.8519,0.02478,0.00927,0.2421,0.9577,0,0,stable_restoration,rising,regimeC_v0_CLCD+NDVI,RS_derived,ESA_WorldCover_2021_v200,Hansen_GFC2024v1.12_treecover2000,Landsat_C2_L2_GEE,CLCD_v01_zenodo.18180184,2026-06-10
SAIH_AFF_r06c44,117.402959,42.541247,2021,afforested,0.5796,0.6586,0.01479,0.00695,0.1927,0.9482,2012,0,early_restoration,rising,regimeC_v0_CLCD+NDVI,RS_derived,ESA_WorldCover_2021_v200,Hansen_GFC2024v1.12_treecover2000,Landsat_C2_L2_GEE,CLCD_v01_zenodo.18180184,2026-06-10
SAIH_AFF_r06c45,117.41501,42.541247,1985,stable_forest,0.7897,0.8709,0.00761,0.00486,0.1318,0.9699,2021,1,stable_restoration,rising,regimeC_v0_CLCD+NDVI,RS_derived,ESA_WorldCover_2021_v200,Hansen_GFC2024v1.12_treecover2000,Landsat_C2_L2_GEE,CLCD_v01_zenodo.18180184,2026-06-10
SAIH_AFF_r06c46,117.427061,42.541247,1990,stable_forest,0.7038,0.7945,0.00662,0.00269,0.0984,0.9206,2014,0,stable_restoration,flat,regimeC_v0_CLCD+NDVI,RS_derived,ESA_WorldCover_2021_v200,Hansen_GFC2024v1.12_treecover2000,Landsat_C2_L2_GEE,CLCD_v01_zenodo.18180184,2026-06-10
SAIH_AFF_r06c47,117.439112,42.541247,1985,stable_forest,0.9134,0.9739,-0.00148,0.00318,0.0745,0.9551,2011,0,stable_restoration,rising,regimeC_v0_CLCD+NDVI,RS_derived,ESA_WorldCover_2021_v200,Hansen_GFC2024v1.12_treecover2000,Landsat_C2_L2_GEE,CLCD_v01_zenodo.18180184,2026-06-10
SAIH_AFF_r06c48,117.451162,42.541247,1998,partial_forest,0.6114,0.6374,0.00367,0.00518,0.1096,0.9518,2021,0,early_restoration,rising,regimeC_v0_CLCD+NDVI,RS_derived,ESA_WorldCover_2021_v200,Hansen_GFC2024v1.12_treecover2000,Landsat_C2_L2_GEE,CLCD_v01_zenodo.18180184,2026-06-10
SAIH_AFF_r06c49,117.463213,42.541247,1997,partial_forest,0.839,0.8814,0.01298,0.00425,0.1195,0.9457,2018,0,stable_restoration,rising,regimeC_v0_CLCD+NDVI,RS_derived,ESA_WorldCover_2021_v200,Hansen_GFC2024v1.12_treecover2000,Landsat_C2_L2_GEE,CLCD_v01_zenodo.18180184,2026-06-10
SAIH_AFF_r06c50,117.475264,42.541247,1985,stable_forest,0.9701,1.0107,0.0019,0.00448,0.1063,0.9634,2019,0,stable_restoration,rising,regimeC_v0_CLCD+NDVI,RS_derived,ESA_WorldCover_2021_v200,Hansen_GFC2024v1.12_treecover2000,Landsat_C2_L2_GEE,CLCD_v01_zenodo.18180184,2026-06-10
SAIH_AFF_r06c51,117.487315,42.541247,1985,stable_forest,0.9731,1.0095,0.00364,0.00388,0.08,0.9744,2019,0,stable_restoration,rising,regimeC_v0_CLCD+NDVI,RS_derived,ESA_WorldCover_2021_v200,Hansen_GFC2024v1.12_treecover2000,Landsat_C2_L2_GEE,CLCD_v01_zenodo.18180184,2026-06-10
SAIH_AFF_r06c52,117.499365,42.541247,1985,stable_forest,0.878,0.9087,0.00406,0.0042,0.0882,0.974,0,0,stable_restoration,rising,regimeC_v0_CLCD+NDVI,RS_derived,ESA_WorldCover_2021_v200,Hansen_GFC2024v1.12_treecover2000,Landsat_C2_L2_GEE,CLCD_v01_zenodo.18180184,2026-06-10
SAIH_AFF_r06c53,117.511416,42.541247,1985,stable_forest,0.9694,1.0073,0.00235,0.00448,0.0991,0.9745,2019,0,stable_restoration,rising,regimeC_v0_CLCD+NDVI,RS_derived,ESA_WorldCover_2021_v200,Hansen_GFC2024v1.12_treecover2000,Landsat_C2_L2_GEE,CLCD_v01_zenodo.18180184,2026-06-10
SAIH_AFF_r06c54,117.523467,42.541247,1985,stable_forest,0.7533,0.7956,0.00867,0.00761,0.1806,0.9809,0,0,stable_restoration,rising,regimeC_v0_CLCD+NDVI,RS_derived,ESA_WorldCover_2021_v200,Hansen_GFC2024v1.12_treecover2000,Landsat_C2_L2_GEE,CLCD_v01_zenodo.18180184,2026-06-10
SAIH_AFF_r06c57,117.559619,42.541247,0,partial_forest,0.3753,0.39,0.0018,0.00564,0.138,0.9756,2021,0,early_restoration,rising,regimeC_v0_CLCD+NDVI,RS_derived,ESA_WorldCover_2021_v200,Hansen_GFC2024v1.12_treecover2000,Landsat_C2_L2_GEE,CLCD_v01_zenodo.18180184,2026-06-10
SAIH_AFF_r06c58,117.57167,42.541247,0,partial_forest,0.3464,0.3643,7e-05,0.00487,0.1353,0.9714,0,0,early_restoration,rising,regimeC_v0_CLCD+NDVI,RS_derived,ESA_WorldCover_2021_v200,Hansen_GFC2024v1.12_treecover2000,Landsat_C2_L2_GEE,CLCD_v01_zenodo.18180184,2026-06-10
SAIH_AFF_r06c63,117.631924,42.541247,2015,afforested,0.7446,0.7767,0.04224,0.01568,0.3056,0.9698,0,0,stable_restoration,rising,regimeC_v0_CLCD+NDVI,RS_derived,ESA_WorldCover_2021_v200,Hansen_GFC2024v1.12_treecover2000,Landsat_C2_L2_GEE,CLCD_v01_zenodo.18180184,2026-06-10
SAIH_AFF_r07c08,116.969132,42.532208,0,partial_forest,0.3177,0.3393,0.00611,0.00695,0.1663,0.9551,0,0,early_restoration,rising,regimeC_v0_CLCD+NDVI,RS_derived,ESA_WorldCover_2021_v200,Hansen_GFC2024v1.12_treecover2000,Landsat_C2_L2_GEE,CLCD_v01_zenodo.18180184,2026-06-10
SAIH_AFF_r07c18,117.089639,42.532208,0,partial_forest,0.3217,0.3364,0.00235,0.00722,0.1639,0.9496,0,0,early_restoration,rising,regimeC_v0_CLCD+NDVI,RS_derived,ESA_WorldCover_2021_v200,Hansen_GFC2024v1.12_treecover2000,Landsat_C2_L2_GEE,CLCD_v01_zenodo.18180184,2026-06-10
SAIH_AFF_r07c19,117.10169,42.532208,2017,partial_forest,0.5238,0.5505,0.00559,0.00856,0.1846,0.9679,0,0,early_restoration,rising,regimeC_v0_CLCD+NDVI,RS_derived,ESA_WorldCover_2021_v200,Hansen_GFC2024v1.12_treecover2000,Landsat_C2_L2_GEE,CLCD_v01_zenodo.18180184,2026-06-10
SAIH_AFF_r07c20,117.113741,42.532208,0,non_forest,0.2167,0.2372,0.00516,0.00817,0.1818,0.9662,0,0,degraded,rising,regimeC_v0_CLCD+NDVI,RS_derived,ESA_WorldCover_2021_v200,Hansen_GFC2024v1.12_treecover2000,Landsat_C2_L2_GEE,CLCD_v01_zenodo.18180184,2026-06-10
SAIH_AFF_r07c32,117.25835,42.532208,0,non_forest,0.248,0.2689,0.00288,0.00878,0.2118,0.9512,0,0,degraded,rising,regimeC_v0_CLCD+NDVI,RS_derived,ESA_WorldCover_2021_v200,Hansen_GFC2024v1.12_treecover2000,Landsat_C2_L2_GEE,CLCD_v01_zenodo.18180184,2026-06-10
SAIH_AFF_r07c34,117.282452,42.532208,0,partial_forest,0.4189,0.4412,0.00536,0.00696,0.1766,0.9619,0,0,early_restoration,rising,regimeC_v0_CLCD+NDVI,RS_derived,ESA_WorldCover_2021_v200,Hansen_GFC2024v1.12_treecover2000,Landsat_C2_L2_GEE,CLCD_v01_zenodo.18180184,2026-06-10
SAIH_AFF_r07c35,117.294502,42.532208,0,partial_forest,0.3827,0.4217,0.00746,0.00454,0.113,0.9378,0,0,early_restoration,rising,regimeC_v0_CLCD+NDVI,RS_derived,ESA_WorldCover_2021_v200,Hansen_GFC2024v1.12_treecover2000,Landsat_C2_L2_GEE,CLCD_v01_zenodo.18180184,2026-06-10
SAIH_AFF_r07c36,117.306553,42.532208,0,partial_forest,0.4591,0.5007,0.00753,0.0033,0.0986,0.9446,0,0,early_restoration,rising,regimeC_v0_CLCD+NDVI,RS_derived,ESA_WorldCover_2021_v200,Hansen_GFC2024v1.12_treecover2000,Landsat_C2_L2_GEE,CLCD_v01_zenodo.18180184,2026-06-10
SAIH_AFF_r07c37,117.318604,42.532208,1985,stable_forest,0.8419,0.8892,0.00795,0.00687,0.1718,0.9572,0,0,stable_restoration,rising,regimeC_v0_CLCD+NDVI,RS_derived,ESA_WorldCover_2021_v200,Hansen_GFC2024v1.12_treecover2000,Landsat_C2_L2_GEE,CLCD_v01_zenodo.18180184,2026-06-10
SAIH_AFF_r07c38,117.330655,42.532208,1985,stable_forest,0.9011,0.9424,0.00927,0.00602,0.159,0.97,0,0,stable_restoration,rising,regimeC_v0_CLCD+NDVI,RS_derived,ESA_WorldCover_2021_v200,Hansen_GFC2024v1.12_treecover2000,Landsat_C2_L2_GEE,CLCD_v01_zenodo.18180184,2026-06-10
SAIH_AFF_r07c39,117.342705,42.532208,0,partial_forest,0.4466,0.4681,0.00305,0.00762,0.2188,0.9593,2021,0,early_restoration,rising,regimeC_v0_CLCD+NDVI,RS_derived,ESA_WorldCover_2021_v200,Hansen_GFC2024v1.12_treecover2000,Landsat_C2_L2_GEE,CLCD_v01_zenodo.18180184,2026-06-10
SAIH_AFF_r07c40,117.354756,42.532208,2014,partial_forest,0.5343,0.5849,0.00268,0.00721,0.1987,0.9468,2021,0,early_restoration,rising,regimeC_v0_CLCD+NDVI,RS_derived,ESA_WorldCover_2021_v200,Hansen_GFC2024v1.12_treecover2000,Landsat_C2_L2_GEE,CLCD_v01_zenodo.18180184,2026-06-10
SAIH_AFF_r07c41,117.366807,42.532208,1985,stable_forest,0.6752,0.7765,0.00616,0.00724,0.1886,0.9504,0,0,stable_restoration,rising,regimeC_v0_CLCD+NDVI,RS_derived,ESA_WorldCover_2021_v200,Hansen_GFC2024v1.12_treecover2000,Landsat_C2_L2_GEE,CLCD_v01_zenodo.18180184,2026-06-10
SAIH_AFF_r07c42,117.378858,42.532208,2010,afforested,0.756,0.8348,0.02568,0.00923,0.2328,0.9526,0,0,stable_restoration,rising,regimeC_v0_CLCD+NDVI,RS_derived,ESA_WorldCover_2021_v200,Hansen_GFC2024v1.12_treecover2000,Landsat_C2_L2_GEE,CLCD_v01_zenodo.18180184,2026-06-10
SAIH_AFF_r07c43,117.390908,42.532208,0,non_forest,0.2988,0.4069,0.00979,0.00579,0.1706,0.9526,0,0,early_restoration,rising,regimeC_v0_CLCD+NDVI,RS_derived,ESA_WorldCover_2021_v200,Hansen_GFC2024v1.12_treecover2000,Landsat_C2_L2_GEE,CLCD_v01_zenodo.18180184,2026-06-10
SAIH_AFF_r07c44,117.402959,42.532208,1990,stable_forest,0.8673,0.951,0.01582,0.00648,0.1662,0.95,2011,0,stable_restoration,rising,regimeC_v0_CLCD+NDVI,RS_derived,ESA_WorldCover_2021_v200,Hansen_GFC2024v1.12_treecover2000,Landsat_C2_L2_GEE,CLCD_v01_zenodo.18180184,2026-06-10
SAIH_AFF_r07c45,117.41501,42.532208,1985,stable_forest,0.9822,1.019,0.0012,0.00316,0.0906,0.9612,2021,0,stable_restoration,rising,regimeC_v0_CLCD+NDVI,RS_derived,ESA_WorldCover_2021_v200,Hansen_GFC2024v1.12_treecover2000,Landsat_C2_L2_GEE,CLCD_v01_zenodo.18180184,2026-06-10
SAIH_AFF_r07c46,117.427061,42.532208,1985,stable_forest,0.9483,0.9933,-9e-05,-0.00121,0.0277,0.9484,2016,0,stable_restoration,flat,regimeC_v0_CLCD+NDVI,RS_derived,ESA_WorldCover_2021_v200,Hansen_GFC2024v1.12_treecover2000,Landsat_C2_L2_GEE,CLCD_v01_zenodo.18180184,2026-06-10
SAIH_AFF_r07c47,117.439112,42.532208,1985,stable_forest,0.7642,0.7422,-0.00113,0.00219,0.0715,0.9397,2020,1,stable_restoration,flat,regimeC_v0_CLCD+NDVI,RS_derived,ESA_WorldCover_2021_v200,Hansen_GFC2024v1.12_treecover2000,Landsat_C2_L2_GEE,CLCD_v01_zenodo.18180184,2026-06-10
SAIH_AFF_r07c48,117.451162,42.532208,1990,stable_forest,0.6133,0.646,0.00241,0.00667,0.1353,0.9481,2019,0,early_restoration,rising,regimeC_v0_CLCD+NDVI,RS_derived,ESA_WorldCover_2021_v200,Hansen_GFC2024v1.12_treecover2000,Landsat_C2_L2_GEE,CLCD_v01_zenodo.18180184,2026-06-10
SAIH_AFF_r07c49,117.463213,42.532208,1985,stable_forest,0.9505,0.9854,0.00402,0.00546,0.1215,0.9613,2019,0,stable_restoration,rising,regimeC_v0_CLCD+NDVI,RS_derived,ESA_WorldCover_2021_v200,Hansen_GFC2024v1.12_treecover2000,Landsat_C2_L2_GEE,CLCD_v01_zenodo.18180184,2026-06-10
SAIH_AFF_r07c50,117.475264,42.532208,1985,stable_forest,0.7776,0.8125,0.00598,0.00484,0.1271,0.963,2019,0,stable_restoration,rising,regimeC_v0_CLCD+NDVI,RS_derived,ESA_WorldCover_2021_v200,Hansen_GFC2024v1.12_treecover2000,Landsat_C2_L2_GEE,CLCD_v01_zenodo.18180184,2026-06-10
SAIH_AFF_r07c51,117.487315,42.532208,1985,stable_forest,0.9436,0.9813,0.00801,0.00519,0.1213,0.9602,2019,0,stable_restoration,rising,regimeC_v0_CLCD+NDVI,RS_derived,ESA_WorldCover_2021_v200,Hansen_GFC2024v1.12_treecover2000,Landsat_C2_L2_GEE,CLCD_v01_zenodo.18180184,2026-06-10
SAIH_AFF_r07c52,117.499365,42.532208,1985,stable_forest,0.8853,0.9219,0.00732,0.00459,0.0892,0.9725,2019,0,stable_restoration,rising,regimeC_v0_CLCD+NDVI,RS_derived,ESA_WorldCover_2021_v200,Hansen_GFC2024v1.12_treecover2000,Landsat_C2_L2_GEE,CLCD_v01_zenodo.18180184,2026-06-10
SAIH_AFF_r07c53,117.511416,42.532208,2010,partial_forest,0.6167,0.6455,0.01065,0.00596,0.1296,0.9893,2019,0,early_restoration,rising,regimeC_v0_CLCD+NDVI,RS_derived,ESA_WorldCover_2021_v200,Hansen_GFC2024v1.12_treecover2000,Landsat_C2_L2_GEE,CLCD_v01_zenodo.18180184,2026-06-10
SAIH_AFF_r07c54,117.523467,42.532208,0,partial_forest,0.383,0.4035,0.00629,0.00688,0.1614,0.9736,0,0,early_restoration,rising,regimeC_v0_CLCD+NDVI,RS_derived,ESA_WorldCover_2021_v200,Hansen_GFC2024v1.12_treecover2000,Landsat_C2_L2_GEE,CLCD_v01_zenodo.18180184,2026-06-10
SAIH_AFF_r07c55,117.535518,42.532208,0,non_forest,0.2115,0.2389,0.00809,0.01162,0.2597,0.9596,0,0,degraded,rising,regimeC_v0_CLCD+NDVI,RS_derived,ESA_WorldCover_2021_v200,Hansen_GFC2024v1.12_treecover2000,Landsat_C2_L2_GEE,CLCD_v01_zenodo.18180184,2026-06-10
SAIH_AFF_r07c57,117.559619,42.532208,0,partial_forest,0.4139,0.4343,0.00208,0.00775,0.1727,0.9796,2021,0,early_restoration,rising,regimeC_v0_CLCD+NDVI,RS_derived,ESA_WorldCover_2021_v200,Hansen_GFC2024v1.12_treecover2000,Landsat_C2_L2_GEE,CLCD_v01_zenodo.18180184,2026-06-10
SAIH_AFF_r07c62,117.619873,42.532208,0,non_forest,0.2417,0.2609,0.00581,0.0081,0.179,0.9431,0,0,degraded,rising,regimeC_v0_CLCD+NDVI,RS_derived,ESA_WorldCover_2021_v200,Hansen_GFC2024v1.12_treecover2000,Landsat_C2_L2_GEE,CLCD_v01_zenodo.18180184,2026-06-10
SAIH_AFF_r07c63,117.631924,42.532208,0,partial_forest,0.4551,0.4767,0.01963,0.01254,0.2601,0.9519,0,0,early_restoration,rising,regimeC_v0_CLCD+NDVI,RS_derived,ESA_WorldCover_2021_v200,Hansen_GFC2024v1.12_treecover2000,Landsat_C2_L2_GEE,CLCD_v01_zenodo.18180184,2026-06-10
SAIH_AFF_r07c64,117.643975,42.532208,0,non_forest,0.2344,0.2501,0.00449,0.00818,0.1671,0.9527,0,0,degraded,rising,regimeC_v0_CLCD+NDVI,RS_derived,ESA_WorldCover_2021_v200,Hansen_GFC2024v1.12_treecover2000,Landsat_C2_L2_GEE,CLCD_v01_zenodo.18180184,2026-06-10
SAIH_AFF_r08c29,117.222198,42.523169,0,non_forest,0.1732,0.1849,0.00346,0.00561,0.1288,0.9464,0,0,degraded,rising,regimeC_v0_CLCD+NDVI,RS_derived,ESA_WorldCover_2021_v200,Hansen_GFC2024v1.12_treecover2000,Landsat_C2_L2_GEE,CLCD_v01_zenodo.18180184,2026-06-10
SAIH_AFF_r08c30,117.234248,42.523169,0,non_forest,0.1736,0.1828,0.00175,0.00693,0.1582,0.9772,2020,0,degraded,rising,regimeC_v0_CLCD+NDVI,RS_derived,ESA_WorldCover_2021_v200,Hansen_GFC2024v1.12_treecover2000,Landsat_C2_L2_GEE,CLCD_v01_zenodo.18180184,2026-06-10
SAIH_AFF_r08c32,117.25835,42.523169,1985,stable_forest,0.668,0.7072,0.00603,0.00933,0.2091,0.9748,0,0,stable_restoration,rising,regimeC_v0_CLCD+NDVI,RS_derived,ESA_WorldCover_2021_v200,Hansen_GFC2024v1.12_treecover2000,Landsat_C2_L2_GEE,CLCD_v01_zenodo.18180184,2026-06-10
SAIH_AFF_r08c33,117.270401,42.523169,1985,stable_forest,0.7768,0.8411,0.00588,0.00968,0.2384,0.9702,2005,0,stable_restoration,rising,regimeC_v0_CLCD+NDVI,RS_derived,ESA_WorldCover_2021_v200,Hansen_GFC2024v1.12_treecover2000,Landsat_C2_L2_GEE,CLCD_v01_zenodo.18180184,2026-06-10
SAIH_AFF_r08c34,117.282452,42.523169,1998,partial_forest,0.6521,0.7049,0.00758,0.00824,0.1967,0.9809,0,0,stable_restoration,rising,regimeC_v0_CLCD+NDVI,RS_derived,ESA_WorldCover_2021_v200,Hansen_GFC2024v1.12_treecover2000,Landsat_C2_L2_GEE,CLCD_v01_zenodo.18180184,2026-06-10
SAIH_AFF_r08c35,117.294502,42.523169,2010,afforested,0.578,0.6258,0.01128,0.00775,0.1837,0.9691,0,0,early_restoration,rising,regimeC_v0_CLCD+NDVI,RS_derived,ESA_WorldCover_2021_v200,Hansen_GFC2024v1.12_treecover2000,Landsat_C2_L2_GEE,CLCD_v01_zenodo.18180184,2026-06-10
SAIH_AFF_r08c36,117.306553,42.523169,0,partial_forest,0.4831,0.5052,0.00615,0.00539,0.1486,0.9446,0,0,early_restoration,rising,regimeC_v0_CLCD+NDVI,RS_derived,ESA_WorldCover_2021_v200,Hansen_GFC2024v1.12_treecover2000,Landsat_C2_L2_GEE,CLCD_v01_zenodo.18180184,2026-06-10
SAIH_AFF_r08c37,117.318604,42.523169,0,non_forest,0.2871,0.2987,0.0021,0.00586,0.1622,0.9312,0,0,degraded,rising,regimeC_v0_CLCD+NDVI,RS_derived,ESA_WorldCover_2021_v200,Hansen_GFC2024v1.12_treecover2000,Landsat_C2_L2_GEE,CLCD_v01_zenodo.18180184,2026-06-10
SAIH_AFF_r08c38,117.330655,42.523169,0,partial_forest,0.4181,0.4526,0.00402,0.00743,0.1999,0.9603,0,0,early_restoration,rising,regimeC_v0_CLCD+NDVI,RS_derived,ESA_WorldCover_2021_v200,Hansen_GFC2024v1.12_treecover2000,Landsat_C2_L2_GEE,CLCD_v01_zenodo.18180184,2026-06-10
SAIH_AFF_r08c39,117.342705,42.523169,2004,partial_forest,0.5963,0.6455,0.00519,0.00645,0.1736,0.9533,2021,0,early_restoration,rising,regimeC_v0_CLCD+NDVI,RS_derived,ESA_WorldCover_2021_v200,Hansen_GFC2024v1.12_treecover2000,Landsat_C2_L2_GEE,CLCD_v01_zenodo.18180184,2026-06-10
SAIH_AFF_r08c41,117.366807,42.523169,1985,stable_forest,0.624,0.6678,0.00486,0.00703,0.197,0.9673,0,0,stable_restoration,rising,regimeC_v0_CLCD+NDVI,RS_derived,ESA_WorldCover_2021_v200,Hansen_GFC2024v1.12_treecover2000,Landsat_C2_L2_GEE,CLCD_v01_zenodo.18180184,2026-06-10
SAIH_AFF_r08c42,117.378858,42.523169,2008,partial_forest,0.77,0.8143,0.02184,0.00932,0.2443,0.9506,0,0,stable_restoration,rising,regimeC_v0_CLCD+NDVI,RS_derived,ESA_WorldCover_2021_v200,Hansen_GFC2024v1.12_treecover2000,Landsat_C2_L2_GEE,CLCD_v01_zenodo.18180184,2026-06-10
SAIH_AFF_r08c43,117.390908,42.523169,2015,afforested,0.7887,0.8572,0.02737,0.00797,0.2066,0.9511,0,0,stable_restoration,rising,regimeC_v0_CLCD+NDVI,RS_derived,ESA_WorldCover_2021_v200,Hansen_GFC2024v1.12_treecover2000,Landsat_C2_L2_GEE,CLCD_v01_zenodo.18180184,2026-06-10
SAIH_AFF_r08c44,117.402959,42.523169,1985,stable_forest,0.9637,1.006,0.00758,0.00558,0.1492,0.9426,2014,0,stable_restoration,rising,regimeC_v0_CLCD+NDVI,RS_derived,ESA_WorldCover_2021_v200,Hansen_GFC2024v1.12_treecover2000,Landsat_C2_L2_GEE,CLCD_v01_zenodo.18180184,2026-06-10
SAIH_AFF_r08c45,117.41501,42.523169,1985,stable_forest,0.9065,0.9684,0.00018,0.00212,0.0825,0.9438,2021,1,stable_restoration,flat,regimeC_v0_CLCD+NDVI,RS_derived,ESA_WorldCover_2021_v200,Hansen_GFC2024v1.12_treecover2000,Landsat_C2_L2_GEE,CLCD_v01_zenodo.18180184,2026-06-10
SAIH_AFF_r08c46,117.427061,42.523169,1985,stable_forest,0.9667,1.006,-1e-05,0.0036,0.0983,0.9439,2019,1,stable_restoration,rising,regimeC_v0_CLCD+NDVI,RS_derived,ESA_WorldCover_2021_v200,Hansen_GFC2024v1.12_treecover2000,Landsat_C2_L2_GEE,CLCD_v01_zenodo.18180184,2026-06-10
SAIH_AFF_r08c47,117.439112,42.523169,1985,stable_forest,0.8151,0.7856,0.00412,0.00401,0.1061,0.9607,2019,0,stable_restoration,rising,regimeC_v0_CLCD+NDVI,RS_derived,ESA_WorldCover_2021_v200,Hansen_GFC2024v1.12_treecover2000,Landsat_C2_L2_GEE,CLCD_v01_zenodo.18180184,2026-06-10
SAIH_AFF_r08c48,117.451162,42.523169,1985,stable_forest,0.7563,0.792,0.00517,0.00577,0.1339,0.9365,2019,0,stable_restoration,rising,regimeC_v0_CLCD+NDVI,RS_derived,ESA_WorldCover_2021_v200,Hansen_GFC2024v1.12_treecover2000,Landsat_C2_L2_GEE,CLCD_v01_zenodo.18180184,2026-06-10
SAIH_AFF_r08c49,117.463213,42.523169,2005,partial_forest,0.7883,0.8532,0.01675,0.00692,0.1676,0.9473,2019,0,stable_restoration,rising,regimeC_v0_CLCD+NDVI,RS_derived,ESA_WorldCover_2021_v200,Hansen_GFC2024v1.12_treecover2000,Landsat_C2_L2_GEE,CLCD_v01_zenodo.18180184,2026-06-10
SAIH_AFF_r08c50,117.475264,42.523169,1990,stable_forest,0.8679,0.9085,0.00707,0.00536,0.1243,0.9544,2019,0,stable_restoration,rising,regimeC_v0_CLCD+NDVI,RS_derived,ESA_WorldCover_2021_v200,Hansen_GFC2024v1.12_treecover2000,Landsat_C2_L2_GEE,CLCD_v01_zenodo.18180184,2026-06-10
SAIH_AFF_r08c51,117.487315,42.523169,1990,stable_forest,0.715,0.7467,0.00516,0.00567,0.1276,0.9536,2002,0,stable_restoration,rising,regimeC_v0_CLCD+NDVI,RS_derived,ESA_WorldCover_2021_v200,Hansen_GFC2024v1.12_treecover2000,Landsat_C2_L2_GEE,CLCD_v01_zenodo.18180184,2026-06-10
SAIH_AFF_r08c52,117.499365,42.523169,2015,partial_forest,0.5374,0.5648,0.00416,0.00486,0.0975,0.9554,2019,0,early_restoration,rising,regimeC_v0_CLCD+NDVI,RS_derived,ESA_WorldCover_2021_v200,Hansen_GFC2024v1.12_treecover2000,Landsat_C2_L2_GEE,CLCD_v01_zenodo.18180184,2026-06-10
SAIH_AFF_r08c53,117.511416,42.523169,2015,partial_forest,0.534,0.5465,0.00406,0.00585,0.1149,0.9602,2001,0,early_restoration,rising,regimeC_v0_CLCD+NDVI,RS_derived,ESA_WorldCover_2021_v200,Hansen_GFC2024v1.12_treecover2000,Landsat_C2_L2_GEE,CLCD_v01_zenodo.18180184,2026-06-10
SAIH_AFF_r08c54,117.523467,42.523169,0,partial_forest,0.3984,0.4383,0.00737,0.00814,0.1699,0.9791,0,0,early_restoration,rising,regimeC_v0_CLCD+NDVI,RS_derived,ESA_WorldCover_2021_v200,Hansen_GFC2024v1.12_treecover2000,Landsat_C2_L2_GEE,CLCD_v01_zenodo.18180184,2026-06-10
SAIH_AFF_r08c55,117.535518,42.523169,1985,stable_forest,0.6937,0.7127,0.00511,0.00886,0.1892,0.9788,0,0,stable_restoration,rising,regimeC_v0_CLCD+NDVI,RS_derived,ESA_WorldCover_2021_v200,Hansen_GFC2024v1.12_treecover2000,Landsat_C2_L2_GEE,CLCD_v01_zenodo.18180184,2026-06-10
SAIH_AFF_r08c56,117.547568,42.523169,0,non_forest,0.2731,0.2975,0.00311,0.00896,0.1874,0.9608,0,0,degraded,rising,regimeC_v0_CLCD+NDVI,RS_derived,ESA_WorldCover_2021_v200,Hansen_GFC2024v1.12_treecover2000,Landsat_C2_L2_GEE,CLCD_v01_zenodo.18180184,2026-06-10
SAIH_AFF_r08c59,117.583721,42.523169,0,non_forest,0.066,0.0744,0.00341,0.01015,0.2273,0.9419,0,0,degraded,rising,regimeC_v0_CLCD+NDVI,RS_derived,ESA_WorldCover_2021_v200,Hansen_GFC2024v1.12_treecover2000,Landsat_C2_L2_GEE,CLCD_v01_zenodo.18180184,2026-06-10
SAIH_AFF_r08c60,117.595772,42.523169,0,non_forest,0.104,0.1156,0.00439,0.01105,0.2427,0.9318,0,0,degraded,rising,regimeC_v0_CLCD+NDVI,RS_derived,ESA_WorldCover_2021_v200,Hansen_GFC2024v1.12_treecover2000,Landsat_C2_L2_GEE,CLCD_v01_zenodo.18180184,2026-06-10
SAIH_AFF_r08c61,117.607822,42.523169,0,non_forest,0.0943,0.103,0.00456,0.00914,0.1967,0.9543,0,0,degraded,rising,regimeC_v0_CLCD+NDVI,RS_derived,ESA_WorldCover_2021_v200,Hansen_GFC2024v1.12_treecover2000,Landsat_C2_L2_GEE,CLCD_v01_zenodo.18180184,2026-06-10
SAIH_AFF_r09c18,117.089639,42.51413,0,partial_forest,0.3311,0.348,0.0047,0.00841,0.1798,0.9688,0,0,early_restoration,rising,regimeC_v0_CLCD+NDVI,RS_derived,ESA_WorldCover_2021_v200,Hansen_GFC2024v1.12_treecover2000,Landsat_C2_L2_GEE,CLCD_v01_zenodo.18180184,2026-06-10
SAIH_AFF_r09c19,117.10169,42.51413,0,partial_forest,0.3292,0.3542,0.0049,0.00748,0.1691,0.9755,0,0,early_restoration,rising,regimeC_v0_CLCD+NDVI,RS_derived,ESA_WorldCover_2021_v200,Hansen_GFC2024v1.12_treecover2000,Landsat_C2_L2_GEE,CLCD_v01_zenodo.18180184,2026-06-10
SAIH_AFF_r09c26,117.186045,42.51413,0,non_forest,0.2652,0.2804,0.00674,0.00869,0.2153,0.9356,0,0,degraded,rising,regimeC_v0_CLCD+NDVI,RS_derived,ESA_WorldCover_2021_v200,Hansen_GFC2024v1.12_treecover2000,Landsat_C2_L2_GEE,CLCD_v01_zenodo.18180184,2026-06-10
SAIH_AFF_r09c32,117.25835,42.51413,0,partial_forest,0.4453,0.4635,0.00337,0.00913,0.2067,0.9604,0,0,early_restoration,rising,regimeC_v0_CLCD+NDVI,RS_derived,ESA_WorldCover_2021_v200,Hansen_GFC2024v1.12_treecover2000,Landsat_C2_L2_GEE,CLCD_v01_zenodo.18180184,2026-06-10
SAIH_AFF_r09c33,117.270401,42.51413,1985,stable_forest,0.6896,0.7393,0.00478,0.00848,0.1999,0.9775,0,0,stable_restoration,rising,regimeC_v0_CLCD+NDVI,RS_derived,ESA_WorldCover_2021_v200,Hansen_GFC2024v1.12_treecover2000,Landsat_C2_L2_GEE,CLCD_v01_zenodo.18180184,2026-06-10
SAIH_AFF_r09c34,117.282452,42.51413,2006,partial_forest,0.6602,0.721,0.01137,0.00929,0.2128,0.9734,0,0,stable_restoration,rising,regimeC_v0_CLCD+NDVI,RS_derived,ESA_WorldCover_2021_v200,Hansen_GFC2024v1.12_treecover2000,Landsat_C2_L2_GEE,CLCD_v01_zenodo.18180184,2026-06-10
SAIH_AFF_r09c35,117.294502,42.51413,0,partial_forest,0.4036,0.4464,0.01029,0.00899,0.2014,0.9718,0,0,early_restoration,rising,regimeC_v0_CLCD+NDVI,RS_derived,ESA_WorldCover_2021_v200,Hansen_GFC2024v1.12_treecover2000,Landsat_C2_L2_GEE,CLCD_v01_zenodo.18180184,2026-06-10
SAIH_AFF_r09c39,117.342705,42.51413,2023,partial_forest,0.5062,0.6112,0.00515,0.00727,0.2092,0.9546,0,0,early_restoration,rising,regimeC_v0_CLCD+NDVI,RS_derived,ESA_WorldCover_2021_v200,Hansen_GFC2024v1.12_treecover2000,Landsat_C2_L2_GEE,CLCD_v01_zenodo.18180184,2026-06-10
SAIH_AFF_r09c40,117.354756,42.51413,1985,stable_forest,0.7151,0.7621,0.00363,0.0087,0.2344,0.956,2021,0,stable_restoration,rising,regimeC_v0_CLCD+NDVI,RS_derived,ESA_WorldCover_2021_v200,Hansen_GFC2024v1.12_treecover2000,Landsat_C2_L2_GEE,CLCD_v01_zenodo.18180184,2026-06-10
SAIH_AFF_r09c41,117.366807,42.51413,0,partial_forest,0.4748,0.5099,0.00334,0.00763,0.1997,0.9454,0,0,early_restoration,rising,regimeC_v0_CLCD+NDVI,RS_derived,ESA_WorldCover_2021_v200,Hansen_GFC2024v1.12_treecover2000,Landsat_C2_L2_GEE,CLCD_v01_zenodo.18180184,2026-06-10
SAIH_AFF_r09c42,117.378858,42.51413,2015,partial_forest,0.5945,0.6403,0.00852,0.00828,0.2159,0.9661,0,0,early_restoration,rising,regimeC_v0_CLCD+NDVI,RS_derived,ESA_WorldCover_2021_v200,Hansen_GFC2024v1.12_treecover2000,Landsat_C2_L2_GEE,CLCD_v01_zenodo.18180184,2026-06-10
SAIH_AFF_r09c43,117.390908,42.51413,1990,stable_forest,0.8753,0.9424,0.00622,0.00472,0.1472,0.9502,2013,0,stable_restoration,rising,regimeC_v0_CLCD+NDVI,RS_derived,ESA_WorldCover_2021_v200,Hansen_GFC2024v1.12_treecover2000,Landsat_C2_L2_GEE,CLCD_v01_zenodo.18180184,2026-06-10
SAIH_AFF_r09c44,117.402959,42.51413,1990,stable_forest,0.9291,0.9728,0.00954,0.00573,0.1534,0.9482,0,0,stable_restoration,rising,regimeC_v0_CLCD+NDVI,RS_derived,ESA_WorldCover_2021_v200,Hansen_GFC2024v1.12_treecover2000,Landsat_C2_L2_GEE,CLCD_v01_zenodo.18180184,2026-06-10
SAIH_AFF_r09c45,117.41501,42.51413,1985,stable_forest,0.9516,0.9864,0.00217,0.00565,0.1541,0.9729,2019,0,stable_restoration,rising,regimeC_v0_CLCD+NDVI,RS_derived,ESA_WorldCover_2021_v200,Hansen_GFC2024v1.12_treecover2000,Landsat_C2_L2_GEE,CLCD_v01_zenodo.18180184,2026-06-10
SAIH_AFF_r09c46,117.427061,42.51413,1985,stable_forest,0.8854,0.9533,0.00173,0.00295,0.1053,0.9557,2021,1,stable_restoration,flat,regimeC_v0_CLCD+NDVI,RS_derived,ESA_WorldCover_2021_v200,Hansen_GFC2024v1.12_treecover2000,Landsat_C2_L2_GEE,CLCD_v01_zenodo.18180184,2026-06-10
SAIH_AFF_r09c47,117.439112,42.51413,1985,stable_forest,0.8701,0.9328,0.00153,0.00261,0.0856,0.9324,2012,0,stable_restoration,flat,regimeC_v0_CLCD+NDVI,RS_derived,ESA_WorldCover_2021_v200,Hansen_GFC2024v1.12_treecover2000,Landsat_C2_L2_GEE,CLCD_v01_zenodo.18180184,2026-06-10
SAIH_AFF_r09c48,117.451162,42.51413,1990,stable_forest,0.7913,0.8332,0.00992,0.00429,0.1206,0.9302,2019,1,stable_restoration,rising,regimeC_v0_CLCD+NDVI,RS_derived,ESA_WorldCover_2021_v200,Hansen_GFC2024v1.12_treecover2000,Landsat_C2_L2_GEE,CLCD_v01_zenodo.18180184,2026-06-10
SAIH_AFF_r09c49,117.463213,42.51413,2000,partial_forest,0.7727,0.8252,0.0123,0.0067,0.1641,0.9507,2019,1,stable_restoration,rising,regimeC_v0_CLCD+NDVI,RS_derived,ESA_WorldCover_2021_v200,Hansen_GFC2024v1.12_treecover2000,Landsat_C2_L2_GEE,CLCD_v01_zenodo.18180184,2026-06-10
SAIH_AFF_r09c50,117.475264,42.51413,1985,stable_forest,0.8897,0.9264,0.00343,0.00587,0.1328,0.9547,0,0,stable_restoration,rising,regimeC_v0_CLCD+NDVI,RS_derived,ESA_WorldCover_2021_v200,Hansen_GFC2024v1.12_treecover2000,Landsat_C2_L2_GEE,CLCD_v01_zenodo.18180184,2026-06-10
SAIH_AFF_r09c51,117.487315,42.51413,1985,stable_forest,0.7376,0.7685,0.00227,0.00605,0.1297,0.9709,0,0,stable_restoration,rising,regimeC_v0_CLCD+NDVI,RS_derived,ESA_WorldCover_2021_v200,Hansen_GFC2024v1.12_treecover2000,Landsat_C2_L2_GEE,CLCD_v01_zenodo.18180184,2026-06-10
SAIH_AFF_r09c52,117.499365,42.51413,2006,partial_forest,0.5379,0.5619,0.00256,0.00522,0.0913,0.9746,0,0,early_restoration,rising,regimeC_v0_CLCD+NDVI,RS_derived,ESA_WorldCover_2021_v200,Hansen_GFC2024v1.12_treecover2000,Landsat_C2_L2_GEE,CLCD_v01_zenodo.18180184,2026-06-10
SAIH_AFF_r09c53,117.511416,42.51413,0,partial_forest,0.4389,0.4704,0.00685,0.00608,0.1064,0.9666,2024,0,early_restoration,rising,regimeC_v0_CLCD+NDVI,RS_derived,ESA_WorldCover_2021_v200,Hansen_GFC2024v1.12_treecover2000,Landsat_C2_L2_GEE,CLCD_v01_zenodo.18180184,2026-06-10
SAIH_AFF_r09c54,117.523467,42.51413,1985,stable_forest,0.9108,0.9551,0.0027,0.00545,0.0958,0.9688,2001,0,stable_restoration,rising,regimeC_v0_CLCD+NDVI,RS_derived,ESA_WorldCover_2021_v200,Hansen_GFC2024v1.12_treecover2000,Landsat_C2_L2_GEE,CLCD_v01_zenodo.18180184,2026-06-10
SAIH_AFF_r09c55,117.535518,42.51413,2010,partial_forest,0.5644,0.5916,0.00607,0.00647,0.1201,0.9778,0,0,early_restoration,rising,regimeC_v0_CLCD+NDVI,RS_derived,ESA_WorldCover_2021_v200,Hansen_GFC2024v1.12_treecover2000,Landsat_C2_L2_GEE,CLCD_v01_zenodo.18180184,2026-06-10
SAIH_AFF_r09c56,117.547568,42.51413,2022,partial_forest,0.5006,0.5299,0.00495,0.00738,0.1481,0.969,0,0,early_restoration,rising,regimeC_v0_CLCD+NDVI,RS_derived,ESA_WorldCover_2021_v200,Hansen_GFC2024v1.12_treecover2000,Landsat_C2_L2_GEE,CLCD_v01_zenodo.18180184,2026-06-10
SAIH_AFF_r09c57,117.559619,42.51413,0,non_forest,0.2426,0.2593,0.00761,0.00963,0.2096,0.9814,2024,0,degraded,rising,regimeC_v0_CLCD+NDVI,RS_derived,ESA_WorldCover_2021_v200,Hansen_GFC2024v1.12_treecover2000,Landsat_C2_L2_GEE,CLCD_v01_zenodo.18180184,2026-06-10
SAIH_AFF_r09c59,117.583721,42.51413,0,non_forest,0.0899,0.1144,0.00452,0.01131,0.244,0.9644,0,0,degraded,rising,regimeC_v0_CLCD+NDVI,RS_derived,ESA_WorldCover_2021_v200,Hansen_GFC2024v1.12_treecover2000,Landsat_C2_L2_GEE,CLCD_v01_zenodo.18180184,2026-06-10
SAIH_AFF_r09c60,117.595772,42.51413,0,non_forest,0.1462,0.1604,0.00745,0.01456,0.3033,0.9579,0,0,degraded,rising,regimeC_v0_CLCD+NDVI,RS_derived,ESA_WorldCover_2021_v200,Hansen_GFC2024v1.12_treecover2000,Landsat_C2_L2_GEE,CLCD_v01_zenodo.18180184,2026-06-10
SAIH_AFF_r09c61,117.607822,42.51413,0,non_forest,0.1584,0.1688,0.00358,0.01115,0.2442,0.9413,0,0,degraded,rising,regimeC_v0_CLCD+NDVI,RS_derived,ESA_WorldCover_2021_v200,Hansen_GFC2024v1.12_treecover2000,Landsat_C2_L2_GEE,CLCD_v01_zenodo.18180184,2026-06-10
SAIH_AFF_r09c63,117.631924,42.51413,0,non_forest,0.1093,0.1379,0.00438,0.01347,0.3088,0.9367,0,0,degraded,rising,regimeC_v0_CLCD+NDVI,RS_derived,ESA_WorldCover_2021_v200,Hansen_GFC2024v1.12_treecover2000,Landsat_C2_L2_GEE,CLCD_v01_zenodo.18180184,2026-06-10
SAIH_AFF_r09c64,117.643975,42.51413,0,non_forest,0.2094,0.217,0.00144,0.01159,0.2588,0.9327,0,0,degraded,rising,regimeC_v0_CLCD+NDVI,RS_derived,ESA_WorldCover_2021_v200,Hansen_GFC2024v1.12_treecover2000,Landsat_C2_L2_GEE,CLCD_v01_zenodo.18180184,2026-06-10
SAIH_AFF_r10c18,117.089639,42.505091,0,partial_forest,0.3206,0.3364,0.00506,0.00804,0.1684,0.9679,0,0,early_restoration,rising,regimeC_v0_CLCD+NDVI,RS_derived,ESA_WorldCover_2021_v200,Hansen_GFC2024v1.12_treecover2000,Landsat_C2_L2_GEE,CLCD_v01_zenodo.18180184,2026-06-10
SAIH_AFF_r10c25,117.173995,42.505091,0,non_forest,0.2611,0.2804,0.00688,0.00788,0.1997,0.9661,0,0,degraded,rising,regimeC_v0_CLCD+NDVI,RS_derived,ESA_WorldCover_2021_v200,Hansen_GFC2024v1.12_treecover2000,Landsat_C2_L2_GEE,CLCD_v01_zenodo.18180184,2026-06-10
SAIH_AFF_r10c33,117.270401,42.505091,2015,partial_forest,0.5295,0.5579,0.00655,0.00878,0.189,0.9415,0,0,early_restoration,rising,regimeC_v0_CLCD+NDVI,RS_derived,ESA_WorldCover_2021_v200,Hansen_GFC2024v1.12_treecover2000,Landsat_C2_L2_GEE,CLCD_v01_zenodo.18180184,2026-06-10
SAIH_AFF_r10c34,117.282452,42.505091,0,partial_forest,0.3227,0.3371,0.00739,0.00946,0.224,0.9637,0,0,early_restoration,rising,regimeC_v0_CLCD+NDVI,RS_derived,ESA_WorldCover_2021_v200,Hansen_GFC2024v1.12_treecover2000,Landsat_C2_L2_GEE,CLCD_v01_zenodo.18180184,2026-06-10
SAIH_AFF_r10c35,117.294502,42.505091,0,non_forest,0.2477,0.2618,0.00361,0.00792,0.1965,0.9485,0,0,degraded,rising,regimeC_v0_CLCD+NDVI,RS_derived,ESA_WorldCover_2021_v200,Hansen_GFC2024v1.12_treecover2000,Landsat_C2_L2_GEE,CLCD_v01_zenodo.18180184,2026-06-10
SAIH_AFF_r10c37,117.318604,42.505091,0,partial_forest,0.3195,0.345,0.00353,0.00724,0.1948,0.9705,0,0,early_restoration,rising,regimeC_v0_CLCD+NDVI,RS_derived,ESA_WorldCover_2021_v200,Hansen_GFC2024v1.12_treecover2000,Landsat_C2_L2_GEE,CLCD_v01_zenodo.18180184,2026-06-10
SAIH_AFF_r10c38,117.330655,42.505091,1985,stable_forest,0.5842,0.6317,0.00279,0.00771,0.2073,0.9553,0,0,early_restoration,rising,regimeC_v0_CLCD+NDVI,RS_derived,ESA_WorldCover_2021_v200,Hansen_GFC2024v1.12_treecover2000,Landsat_C2_L2_GEE,CLCD_v01_zenodo.18180184,2026-06-10
SAIH_AFF_r10c39,117.342705,42.505091,0,partial_forest,0.3786,0.4092,0.00179,0.00764,0.1997,0.9581,0,0,early_restoration,rising,regimeC_v0_CLCD+NDVI,RS_derived,ESA_WorldCover_2021_v200,Hansen_GFC2024v1.12_treecover2000,Landsat_C2_L2_GEE,CLCD_v01_zenodo.18180184,2026-06-10
SAIH_AFF_r10c41,117.366807,42.505091,0,partial_forest,0.4576,0.4938,0.00622,0.00768,0.2089,0.9383,0,0,early_restoration,rising,regimeC_v0_CLCD+NDVI,RS_derived,ESA_WorldCover_2021_v200,Hansen_GFC2024v1.12_treecover2000,Landsat_C2_L2_GEE,CLCD_v01_zenodo.18180184,2026-06-10
SAIH_AFF_r10c42,117.378858,42.505091,1985,stable_forest,0.7517,0.8263,0.00998,0.00581,0.1512,0.9471,0,0,stable_restoration,rising,regimeC_v0_CLCD+NDVI,RS_derived,ESA_WorldCover_2021_v200,Hansen_GFC2024v1.12_treecover2000,Landsat_C2_L2_GEE,CLCD_v01_zenodo.18180184,2026-06-10
SAIH_AFF_r10c43,117.390908,42.505091,2007,partial_forest,0.6088,0.713,0.00921,0.00463,0.1394,0.9603,0,0,stable_restoration,rising,regimeC_v0_CLCD+NDVI,RS_derived,ESA_WorldCover_2021_v200,Hansen_GFC2024v1.12_treecover2000,Landsat_C2_L2_GEE,CLCD_v01_zenodo.18180184,2026-06-10
SAIH_AFF_r10c44,117.402959,42.505091,1985,stable_forest,0.917,0.9567,0.0049,0.00484,0.1344,0.9758,0,0,stable_restoration,rising,regimeC_v0_CLCD+NDVI,RS_derived,ESA_WorldCover_2021_v200,Hansen_GFC2024v1.12_treecover2000,Landsat_C2_L2_GEE,CLCD_v01_zenodo.18180184,2026-06-10
SAIH_AFF_r10c45,117.41501,42.505091,1985,stable_forest,0.9477,0.9859,0.00496,0.00715,0.1807,0.965,0,0,stable_restoration,rising,regimeC_v0_CLCD+NDVI,RS_derived,ESA_WorldCover_2021_v200,Hansen_GFC2024v1.12_treecover2000,Landsat_C2_L2_GEE,CLCD_v01_zenodo.18180184,2026-06-10
SAIH_AFF_r10c46,117.427061,42.505091,1985,stable_forest,0.9101,0.971,0.00374,0.00579,0.1529,0.9567,2013,0,stable_restoration,rising,regimeC_v0_CLCD+NDVI,RS_derived,ESA_WorldCover_2021_v200,Hansen_GFC2024v1.12_treecover2000,Landsat_C2_L2_GEE,CLCD_v01_zenodo.18180184,2026-06-10
SAIH_AFF_r10c47,117.439112,42.505091,2002,partial_forest,0.8723,0.9241,0.01652,0.00595,0.1652,0.9382,2021,1,stable_restoration,rising,regimeC_v0_CLCD+NDVI,RS_derived,ESA_WorldCover_2021_v200,Hansen_GFC2024v1.12_treecover2000,Landsat_C2_L2_GEE,CLCD_v01_zenodo.18180184,2026-06-10
SAIH_AFF_r10c48,117.451162,42.505091,2002,partial_forest,0.8818,0.939,0.0181,0.00655,0.18,0.9321,2020,0,stable_restoration,rising,regimeC_v0_CLCD+NDVI,RS_derived,ESA_WorldCover_2021_v200,Hansen_GFC2024v1.12_treecover2000,Landsat_C2_L2_GEE,CLCD_v01_zenodo.18180184,2026-06-10
SAIH_AFF_r10c49,117.463213,42.505091,1985,stable_forest,0.869,0.9024,0.00268,0.00582,0.1561,0.9554,0,0,stable_restoration,rising,regimeC_v0_CLCD+NDVI,RS_derived,ESA_WorldCover_2021_v200,Hansen_GFC2024v1.12_treecover2000,Landsat_C2_L2_GEE,CLCD_v01_zenodo.18180184,2026-06-10
SAIH_AFF_r10c50,117.475264,42.505091,1985,stable_forest,0.9734,1.0094,0.0007,0.00305,0.0788,0.9542,2018,1,stable_restoration,rising,regimeC_v0_CLCD+NDVI,RS_derived,ESA_WorldCover_2021_v200,Hansen_GFC2024v1.12_treecover2000,Landsat_C2_L2_GEE,CLCD_v01_zenodo.18180184,2026-06-10
SAIH_AFF_r10c51,117.487315,42.505091,1985,stable_forest,0.7355,0.7604,0.00277,0.00497,0.101,0.9636,2016,0,stable_restoration,rising,regimeC_v0_CLCD+NDVI,RS_derived,ESA_WorldCover_2021_v200,Hansen_GFC2024v1.12_treecover2000,Landsat_C2_L2_GEE,CLCD_v01_zenodo.18180184,2026-06-10
SAIH_AFF_r10c52,117.499365,42.505091,2000,partial_forest,0.5854,0.6134,0.00421,0.00543,0.1116,0.9696,2016,0,early_restoration,rising,regimeC_v0_CLCD+NDVI,RS_derived,ESA_WorldCover_2021_v200,Hansen_GFC2024v1.12_treecover2000,Landsat_C2_L2_GEE,CLCD_v01_zenodo.18180184,2026-06-10
SAIH_AFF_r10c53,117.511416,42.505091,1985,stable_forest,0.8658,0.9127,0.00474,0.0071,0.1444,0.9779,2016,0,stable_restoration,rising,regimeC_v0_CLCD+NDVI,RS_derived,ESA_WorldCover_2021_v200,Hansen_GFC2024v1.12_treecover2000,Landsat_C2_L2_GEE,CLCD_v01_zenodo.18180184,2026-06-10
SAIH_AFF_r10c54,117.523467,42.505091,1985,stable_forest,0.7546,0.7954,0.00429,0.00657,0.147,0.9664,0,0,stable_restoration,rising,regimeC_v0_CLCD+NDVI,RS_derived,ESA_WorldCover_2021_v200,Hansen_GFC2024v1.12_treecover2000,Landsat_C2_L2_GEE,CLCD_v01_zenodo.18180184,2026-06-10
SAIH_AFF_r10c55,117.535518,42.505091,0,partial_forest,0.3409,0.3639,0.01181,0.00802,0.1647,0.9649,0,0,early_restoration,rising,regimeC_v0_CLCD+NDVI,RS_derived,ESA_WorldCover_2021_v200,Hansen_GFC2024v1.12_treecover2000,Landsat_C2_L2_GEE,CLCD_v01_zenodo.18180184,2026-06-10
SAIH_AFF_r10c56,117.547568,42.505091,2015,partial_forest,0.5232,0.5488,0.00448,0.0087,0.1736,0.9686,0,0,early_restoration,rising,regimeC_v0_CLCD+NDVI,RS_derived,ESA_WorldCover_2021_v200,Hansen_GFC2024v1.12_treecover2000,Landsat_C2_L2_GEE,CLCD_v01_zenodo.18180184,2026-06-10
SAIH_AFF_r10c57,117.559619,42.505091,2004,partial_forest,0.606,0.6335,0.00556,0.00903,0.1901,0.977,0,0,early_restoration,rising,regimeC_v0_CLCD+NDVI,RS_derived,ESA_WorldCover_2021_v200,Hansen_GFC2024v1.12_treecover2000,Landsat_C2_L2_GEE,CLCD_v01_zenodo.18180184,2026-06-10
SAIH_AFF_r10c58,117.57167,42.505091,1985,stable_forest,0.6751,0.7038,0.00288,0.0094,0.196,0.978,0,0,stable_restoration,rising,regimeC_v0_CLCD+NDVI,RS_derived,ESA_WorldCover_2021_v200,Hansen_GFC2024v1.12_treecover2000,Landsat_C2_L2_GEE,CLCD_v01_zenodo.18180184,2026-06-10
SAIH_AFF_r10c59,117.583721,42.505091,0,partial_forest,0.3991,0.424,0.00278,0.00807,0.1696,0.9712,2022,0,early_restoration,rising,regimeC_v0_CLCD+NDVI,RS_derived,ESA_WorldCover_2021_v200,Hansen_GFC2024v1.12_treecover2000,Landsat_C2_L2_GEE,CLCD_v01_zenodo.18180184,2026-06-10
SAIH_AFF_r10c60,117.595772,42.505091,0,non_forest,0.0304,0.0331,0.00153,0.00874,0.1899,0.97,0,0,degraded,rising,regimeC_v0_CLCD+NDVI,RS_derived,ESA_WorldCover_2021_v200,Hansen_GFC2024v1.12_treecover2000,Landsat_C2_L2_GEE,CLCD_v01_zenodo.18180184,2026-06-10
SAIH_AFF_r10c61,117.607822,42.505091,0,non_forest,0.1972,0.2129,0.00852,0.01313,0.2845,0.9473,2001,0,degraded,rising,regimeC_v0_CLCD+NDVI,RS_derived,ESA_WorldCover_2021_v200,Hansen_GFC2024v1.12_treecover2000,Landsat_C2_L2_GEE,CLCD_v01_zenodo.18180184,2026-06-10
SAIH_AFF_r10c62,117.619873,42.505091,0,non_forest,0.2591,0.2695,0.00155,0.00951,0.2186,0.9447,0,0,degraded,rising,regimeC_v0_CLCD+NDVI,RS_derived,ESA_WorldCover_2021_v200,Hansen_GFC2024v1.12_treecover2000,Landsat_C2_L2_GEE,CLCD_v01_zenodo.18180184,2026-06-10
SAIH_AFF_r10c63,117.631924,42.505091,2014,partial_forest,0.5919,0.6169,0.00791,0.01342,0.2974,0.9426,0,0,early_restoration,rising,regimeC_v0_CLCD+NDVI,RS_derived,ESA_WorldCover_2021_v200,Hansen_GFC2024v1.12_treecover2000,Landsat_C2_L2_GEE,CLCD_v01_zenodo.18180184,2026-06-10
SAIH_AFF_r10c64,117.643975,42.505091,0,partial_forest,0.3732,0.3975,0.0044,0.01092,0.2426,0.9383,0,0,early_restoration,rising,regimeC_v0_CLCD+NDVI,RS_derived,ESA_WorldCover_2021_v200,Hansen_GFC2024v1.12_treecover2000,Landsat_C2_L2_GEE,CLCD_v01_zenodo.18180184,2026-06-10
SAIH_AFF_r11c15,117.053487,42.496052,0,non_forest,0.2883,0.2994,0.00135,0.00624,0.1483,0.9516,2024,0,degraded,rising,regimeC_v0_CLCD+NDVI,RS_derived,ESA_WorldCover_2021_v200,Hansen_GFC2024v1.12_treecover2000,Landsat_C2_L2_GEE,CLCD_v01_zenodo.18180184,2026-06-10
SAIH_AFF_r11c16,117.065538,42.496052,0,partial_forest,0.4744,0.4972,0.00263,0.00636,0.1463,0.9417,0,0,early_restoration,rising,regimeC_v0_CLCD+NDVI,RS_derived,ESA_WorldCover_2021_v200,Hansen_GFC2024v1.12_treecover2000,Landsat_C2_L2_GEE,CLCD_v01_zenodo.18180184,2026-06-10
SAIH_AFF_r11c19,117.10169,42.496052,0,non_forest,0.1999,0.2461,0.01121,0.00978,0.2194,0.9555,0,0,degraded,rising,regimeC_v0_CLCD+NDVI,RS_derived,ESA_WorldCover_2021_v200,Hansen_GFC2024v1.12_treecover2000,Landsat_C2_L2_GEE,CLCD_v01_zenodo.18180184,2026-06-10
SAIH_AFF_r11c37,117.318604,42.496052,0,partial_forest,0.3203,0.3753,0.00683,0.00807,0.2126,0.9608,0,0,early_restoration,rising,regimeC_v0_CLCD+NDVI,RS_derived,ESA_WorldCover_2021_v200,Hansen_GFC2024v1.12_treecover2000,Landsat_C2_L2_GEE,CLCD_v01_zenodo.18180184,2026-06-10
SAIH_AFF_r11c40,117.354756,42.496052,0,partial_forest,0.4514,0.4711,0.00256,0.00723,0.1883,0.9721,0,0,early_restoration,rising,regimeC_v0_CLCD+NDVI,RS_derived,ESA_WorldCover_2021_v200,Hansen_GFC2024v1.12_treecover2000,Landsat_C2_L2_GEE,CLCD_v01_zenodo.18180184,2026-06-10
SAIH_AFF_r11c41,117.366807,42.496052,1985,stable_forest,0.72,0.7536,0.00568,0.00545,0.1309,0.9304,0,0,stable_restoration,rising,regimeC_v0_CLCD+NDVI,RS_derived,ESA_WorldCover_2021_v200,Hansen_GFC2024v1.12_treecover2000,Landsat_C2_L2_GEE,CLCD_v01_zenodo.18180184,2026-06-10
SAIH_AFF_r11c42,117.378858,42.496052,1985,stable_forest,0.7104,0.7868,0.00934,0.00488,0.1144,0.9303,0,0,stable_restoration,rising,regimeC_v0_CLCD+NDVI,RS_derived,ESA_WorldCover_2021_v200,Hansen_GFC2024v1.12_treecover2000,Landsat_C2_L2_GEE,CLCD_v01_zenodo.18180184,2026-06-10
SAIH_AFF_r11c43,117.390908,42.496052,0,partial_forest,0.4237,0.4886,0.01041,0.00518,0.1377,0.9608,0,0,early_restoration,rising,regimeC_v0_CLCD+NDVI,RS_derived,ESA_WorldCover_2021_v200,Hansen_GFC2024v1.12_treecover2000,Landsat_C2_L2_GEE,CLCD_v01_zenodo.18180184,2026-06-10
SAIH_AFF_r11c44,117.402959,42.496052,1990,stable_forest,0.6801,0.7164,0.00301,0.00381,0.1,0.9597,0,0,stable_restoration,rising,regimeC_v0_CLCD+NDVI,RS_derived,ESA_WorldCover_2021_v200,Hansen_GFC2024v1.12_treecover2000,Landsat_C2_L2_GEE,CLCD_v01_zenodo.18180184,2026-06-10
SAIH_AFF_r11c45,117.41501,42.496052,1996,partial_forest,0.6959,0.7481,0.00293,0.00483,0.1298,0.9399,2007,0,stable_restoration,rising,regimeC_v0_CLCD+NDVI,RS_derived,ESA_WorldCover_2021_v200,Hansen_GFC2024v1.12_treecover2000,Landsat_C2_L2_GEE,CLCD_v01_zenodo.18180184,2026-06-10
SAIH_AFF_r11c46,117.427061,42.496052,1985,stable_forest,0.9212,0.959,0.00289,0.00705,0.1727,0.9626,0,0,stable_restoration,rising,regimeC_v0_CLCD+NDVI,RS_derived,ESA_WorldCover_2021_v200,Hansen_GFC2024v1.12_treecover2000,Landsat_C2_L2_GEE,CLCD_v01_zenodo.18180184,2026-06-10
SAIH_AFF_r11c47,117.439112,42.496052,1985,stable_forest,0.887,0.9247,0.0026,0.00535,0.146,0.9352,2021,1,stable_restoration,rising,regimeC_v0_CLCD+NDVI,RS_derived,ESA_WorldCover_2021_v200,Hansen_GFC2024v1.12_treecover2000,Landsat_C2_L2_GEE,CLCD_v01_zenodo.18180184,2026-06-10
SAIH_AFF_r11c48,117.451162,42.496052,1985,stable_forest,0.9379,0.9917,0.00101,0.004,0.0984,0.9417,2021,1,stable_restoration,rising,regimeC_v0_CLCD+NDVI,RS_derived,ESA_WorldCover_2021_v200,Hansen_GFC2024v1.12_treecover2000,Landsat_C2_L2_GEE,CLCD_v01_zenodo.18180184,2026-06-10
SAIH_AFF_r11c49,117.463213,42.496052,1985,stable_forest,0.8995,0.935,0.00198,0.00439,0.1053,0.9626,2020,0,stable_restoration,rising,regimeC_v0_CLCD+NDVI,RS_derived,ESA_WorldCover_2021_v200,Hansen_GFC2024v1.12_treecover2000,Landsat_C2_L2_GEE,CLCD_v01_zenodo.18180184,2026-06-10
SAIH_AFF_r11c50,117.475264,42.496052,1990,stable_forest,0.7691,0.8176,0.00432,0.00459,0.1005,0.9522,0,0,stable_restoration,rising,regimeC_v0_CLCD+NDVI,RS_derived,ESA_WorldCover_2021_v200,Hansen_GFC2024v1.12_treecover2000,Landsat_C2_L2_GEE,CLCD_v01_zenodo.18180184,2026-06-10
SAIH_AFF_r11c51,117.487315,42.496052,2015,afforested,0.6087,0.6575,0.01366,0.00743,0.1481,0.9456,2016,0,early_restoration,rising,regimeC_v0_CLCD+NDVI,RS_derived,ESA_WorldCover_2021_v200,Hansen_GFC2024v1.12_treecover2000,Landsat_C2_L2_GEE,CLCD_v01_zenodo.18180184,2026-06-10
SAIH_AFF_r11c52,117.499365,42.496052,1985,stable_forest,0.891,0.9316,0.00207,0.00413,0.0813,0.9544,2016,0,stable_restoration,rising,regimeC_v0_CLCD+NDVI,RS_derived,ESA_WorldCover_2021_v200,Hansen_GFC2024v1.12_treecover2000,Landsat_C2_L2_GEE,CLCD_v01_zenodo.18180184,2026-06-10
SAIH_AFF_r11c53,117.511416,42.496052,1985,stable_forest,0.9524,0.994,0.00161,0.00398,0.0772,0.9682,0,0,stable_restoration,rising,regimeC_v0_CLCD+NDVI,RS_derived,ESA_WorldCover_2021_v200,Hansen_GFC2024v1.12_treecover2000,Landsat_C2_L2_GEE,CLCD_v01_zenodo.18180184,2026-06-10
SAIH_AFF_r11c54,117.523467,42.496052,2022,partial_forest,0.5097,0.5384,0.00276,0.0064,0.1452,0.9666,0,0,early_restoration,rising,regimeC_v0_CLCD+NDVI,RS_derived,ESA_WorldCover_2021_v200,Hansen_GFC2024v1.12_treecover2000,Landsat_C2_L2_GEE,CLCD_v01_zenodo.18180184,2026-06-10
SAIH_AFF_r11c55,117.535518,42.496052,2017,partial_forest,0.5165,0.5507,0.00572,0.00742,0.1663,0.9778,2023,0,early_restoration,rising,regimeC_v0_CLCD+NDVI,RS_derived,ESA_WorldCover_2021_v200,Hansen_GFC2024v1.12_treecover2000,Landsat_C2_L2_GEE,CLCD_v01_zenodo.18180184,2026-06-10
SAIH_AFF_r11c56,117.547568,42.496052,0,partial_forest,0.4291,0.4492,0.01142,0.01051,0.2274,0.9738,0,0,early_restoration,rising,regimeC_v0_CLCD+NDVI,RS_derived,ESA_WorldCover_2021_v200,Hansen_GFC2024v1.12_treecover2000,Landsat_C2_L2_GEE,CLCD_v01_zenodo.18180184,2026-06-10
SAIH_AFF_r11c60,117.595772,42.496052,0,non_forest,0.2342,0.2602,0.00544,0.01025,0.2295,0.948,2022,0,degraded,rising,regimeC_v0_CLCD+NDVI,RS_derived,ESA_WorldCover_2021_v200,Hansen_GFC2024v1.12_treecover2000,Landsat_C2_L2_GEE,CLCD_v01_zenodo.18180184,2026-06-10
SAIH_AFF_r11c64,117.643975,42.496052,0,non_forest,0.2652,0.2737,0.00856,0.01083,0.2418,0.934,0,0,degraded,rising,regimeC_v0_CLCD+NDVI,RS_derived,ESA_WorldCover_2021_v200,Hansen_GFC2024v1.12_treecover2000,Landsat_C2_L2_GEE,CLCD_v01_zenodo.18180184,2026-06-10
SAIH_AFF_r12c16,117.065538,42.487013,0,partial_forest,0.4549,0.4758,0.00399,0.00652,0.1518,0.9551,0,0,early_restoration,rising,regimeC_v0_CLCD+NDVI,RS_derived,ESA_WorldCover_2021_v200,Hansen_GFC2024v1.12_treecover2000,Landsat_C2_L2_GEE,CLCD_v01_zenodo.18180184,2026-06-10
SAIH_AFF_r12c33,117.270401,42.487013,0,partial_forest,0.3579,0.3755,0.00246,0.0077,0.171,0.9546,2004,0,early_restoration,rising,regimeC_v0_CLCD+NDVI,RS_derived,ESA_WorldCover_2021_v200,Hansen_GFC2024v1.12_treecover2000,Landsat_C2_L2_GEE,CLCD_v01_zenodo.18180184,2026-06-10
SAIH_AFF_r12c39,117.342705,42.487013,2015,partial_forest,0.5242,0.5449,0.00256,0.00843,0.2011,0.9617,0,0,early_restoration,rising,regimeC_v0_CLCD+NDVI,RS_derived,ESA_WorldCover_2021_v200,Hansen_GFC2024v1.12_treecover2000,Landsat_C2_L2_GEE,CLCD_v01_zenodo.18180184,2026-06-10
SAIH_AFF_r12c40,117.354756,42.487013,1985,stable_forest,0.6392,0.6695,0.00183,0.00713,0.1705,0.9528,0,0,stable_restoration,rising,regimeC_v0_CLCD+NDVI,RS_derived,ESA_WorldCover_2021_v200,Hansen_GFC2024v1.12_treecover2000,Landsat_C2_L2_GEE,CLCD_v01_zenodo.18180184,2026-06-10
SAIH_AFF_r12c41,117.366807,42.487013,2016,partial_forest,0.5463,0.5939,0.00914,0.00682,0.1573,0.9056,0,0,early_restoration,rising,regimeC_v0_CLCD+NDVI,RS_derived,ESA_WorldCover_2021_v200,Hansen_GFC2024v1.12_treecover2000,Landsat_C2_L2_GEE,CLCD_v01_zenodo.18180184,2026-06-10
SAIH_AFF_r12c42,117.378858,42.487013,2005,partial_forest,0.7069,0.8157,0.01172,0.00819,0.1843,0.9533,0,0,stable_restoration,rising,regimeC_v0_CLCD+NDVI,RS_derived,ESA_WorldCover_2021_v200,Hansen_GFC2024v1.12_treecover2000,Landsat_C2_L2_GEE,CLCD_v01_zenodo.18180184,2026-06-10
SAIH_AFF_r12c43,117.390908,42.487013,0,partial_forest,0.366,0.4034,0.00594,0.00697,0.1691,0.9548,0,0,early_restoration,rising,regimeC_v0_CLCD+NDVI,RS_derived,ESA_WorldCover_2021_v200,Hansen_GFC2024v1.12_treecover2000,Landsat_C2_L2_GEE,CLCD_v01_zenodo.18180184,2026-06-10
SAIH_AFF_r12c45,117.41501,42.487013,1985,stable_forest,0.938,1.0167,0.00293,0.00549,0.1284,0.9551,0,0,stable_restoration,rising,regimeC_v0_CLCD+NDVI,RS_derived,ESA_WorldCover_2021_v200,Hansen_GFC2024v1.12_treecover2000,Landsat_C2_L2_GEE,CLCD_v01_zenodo.18180184,2026-06-10
SAIH_AFF_r12c46,117.427061,42.487013,1985,stable_forest,0.9894,1.0274,0.00372,0.00701,0.1643,0.9718,0,0,stable_restoration,rising,regimeC_v0_CLCD+NDVI,RS_derived,ESA_WorldCover_2021_v200,Hansen_GFC2024v1.12_treecover2000,Landsat_C2_L2_GEE,CLCD_v01_zenodo.18180184,2026-06-10
SAIH_AFF_r12c47,117.439112,42.487013,1990,stable_forest,0.9185,0.9533,0.0076,0.00605,0.1522,0.9633,2021,0,stable_restoration,rising,regimeC_v0_CLCD+NDVI,RS_derived,ESA_WorldCover_2021_v200,Hansen_GFC2024v1.12_treecover2000,Landsat_C2_L2_GEE,CLCD_v01_zenodo.18180184,2026-06-10
SAIH_AFF_r12c48,117.451162,42.487013,1985,stable_forest,0.9218,0.9589,0.00232,0.00567,0.1192,0.9523,2016,0,stable_restoration,rising,regimeC_v0_CLCD+NDVI,RS_derived,ESA_WorldCover_2021_v200,Hansen_GFC2024v1.12_treecover2000,Landsat_C2_L2_GEE,CLCD_v01_zenodo.18180184,2026-06-10
SAIH_AFF_r12c49,117.463213,42.487013,1985,stable_forest,0.9623,1.0001,0.00191,0.00508,0.1073,0.9521,2007,0,stable_restoration,rising,regimeC_v0_CLCD+NDVI,RS_derived,ESA_WorldCover_2021_v200,Hansen_GFC2024v1.12_treecover2000,Landsat_C2_L2_GEE,CLCD_v01_zenodo.18180184,2026-06-10
SAIH_AFF_r12c50,117.475264,42.487013,1985,stable_forest,0.8582,0.9074,0.003,0.00323,0.0727,0.9403,0,0,stable_restoration,rising,regimeC_v0_CLCD+NDVI,RS_derived,ESA_WorldCover_2021_v200,Hansen_GFC2024v1.12_treecover2000,Landsat_C2_L2_GEE,CLCD_v01_zenodo.18180184,2026-06-10
SAIH_AFF_r12c51,117.487315,42.487013,1985,stable_forest,0.9503,0.989,0.0037,0.00358,0.0697,0.9566,0,0,stable_restoration,rising,regimeC_v0_CLCD+NDVI,RS_derived,ESA_WorldCover_2021_v200,Hansen_GFC2024v1.12_treecover2000,Landsat_C2_L2_GEE,CLCD_v01_zenodo.18180184,2026-06-10
SAIH_AFF_r12c52,117.499365,42.487013,1985,stable_forest,0.9989,1.0363,0.00012,0.0032,0.0555,0.97,0,0,stable_restoration,rising,regimeC_v0_CLCD+NDVI,RS_derived,ESA_WorldCover_2021_v200,Hansen_GFC2024v1.12_treecover2000,Landsat_C2_L2_GEE,CLCD_v01_zenodo.18180184,2026-06-10
SAIH_AFF_r12c53,117.511416,42.487013,1985,stable_forest,0.9798,1.0191,0.00157,0.00289,0.0591,0.9731,2016,0,stable_restoration,flat,regimeC_v0_CLCD+NDVI,RS_derived,ESA_WorldCover_2021_v200,Hansen_GFC2024v1.12_treecover2000,Landsat_C2_L2_GEE,CLCD_v01_zenodo.18180184,2026-06-10
SAIH_AFF_r12c54,117.523467,42.487013,1985,stable_forest,0.9094,0.9544,0.00871,0.00615,0.132,0.9832,0,0,stable_restoration,rising,regimeC_v0_CLCD+NDVI,RS_derived,ESA_WorldCover_2021_v200,Hansen_GFC2024v1.12_treecover2000,Landsat_C2_L2_GEE,CLCD_v01_zenodo.18180184,2026-06-10
SAIH_AFF_r12c55,117.535518,42.487013,2014,partial_forest,0.6511,0.6836,0.01424,0.00969,0.2123,0.9766,0,0,stable_restoration,rising,regimeC_v0_CLCD+NDVI,RS_derived,ESA_WorldCover_2021_v200,Hansen_GFC2024v1.12_treecover2000,Landsat_C2_L2_GEE,CLCD_v01_zenodo.18180184,2026-06-10
SAIH_AFF_r12c56,117.547568,42.487013,1990,stable_forest,0.6184,0.6452,0.00285,0.00835,0.1817,0.98,0,0,early_restoration,rising,regimeC_v0_CLCD+NDVI,RS_derived,ESA_WorldCover_2021_v200,Hansen_GFC2024v1.12_treecover2000,Landsat_C2_L2_GEE,CLCD_v01_zenodo.18180184,2026-06-10
SAIH_AFF_r12c57,117.559619,42.487013,2014,afforested,0.6298,0.6691,0.02033,0.01335,0.2736,0.9647,0,0,stable_restoration,rising,regimeC_v0_CLCD+NDVI,RS_derived,ESA_WorldCover_2021_v200,Hansen_GFC2024v1.12_treecover2000,Landsat_C2_L2_GEE,CLCD_v01_zenodo.18180184,2026-06-10
SAIH_AFF_r12c58,117.57167,42.487013,2015,afforested,0.5755,0.6073,0.01977,0.01312,0.2776,0.9652,2021,0,early_restoration,rising,regimeC_v0_CLCD+NDVI,RS_derived,ESA_WorldCover_2021_v200,Hansen_GFC2024v1.12_treecover2000,Landsat_C2_L2_GEE,CLCD_v01_zenodo.18180184,2026-06-10
SAIH_AFF_r12c59,117.583721,42.487013,2008,afforested,0.6786,0.7131,0.01583,0.01061,0.2411,0.9755,2021,0,stable_restoration,rising,regimeC_v0_CLCD+NDVI,RS_derived,ESA_WorldCover_2021_v200,Hansen_GFC2024v1.12_treecover2000,Landsat_C2_L2_GEE,CLCD_v01_zenodo.18180184,2026-06-10
SAIH_AFF_r12c60,117.595772,42.487013,2000,partial_forest,0.6532,0.6973,0.00677,0.00859,0.1999,0.9803,0,0,stable_restoration,rising,regimeC_v0_CLCD+NDVI,RS_derived,ESA_WorldCover_2021_v200,Hansen_GFC2024v1.12_treecover2000,Landsat_C2_L2_GEE,CLCD_v01_zenodo.18180184,2026-06-10
SAIH_AFF_r12c64,117.643975,42.487013,2012,afforested,0.7234,0.7421,0.02131,0.01287,0.2788,0.9516,2013,0,stable_restoration,rising,regimeC_v0_CLCD+NDVI,RS_derived,ESA_WorldCover_2021_v200,Hansen_GFC2024v1.12_treecover2000,Landsat_C2_L2_GEE,CLCD_v01_zenodo.18180184,2026-06-10
SAIH_AFF_r13c18,117.089639,42.477974,0,partial_forest,0.3089,0.3782,0.0093,0.00815,0.1913,0.9873,0,0,early_restoration,rising,regimeC_v0_CLCD+NDVI,RS_derived,ESA_WorldCover_2021_v200,Hansen_GFC2024v1.12_treecover2000,Landsat_C2_L2_GEE,CLCD_v01_zenodo.18180184,2026-06-10
SAIH_AFF_r13c21,117.125792,42.477974,0,non_forest,0.1674,0.2632,0.00803,0.0086,0.1861,0.9111,0,0,degraded,rising,regimeC_v0_CLCD+NDVI,RS_derived,ESA_WorldCover_2021_v200,Hansen_GFC2024v1.12_treecover2000,Landsat_C2_L2_GEE,CLCD_v01_zenodo.18180184,2026-06-10
SAIH_AFF_r13c30,117.234248,42.477974,0,non_forest,0.1829,0.235,0.0099,0.01153,0.2455,0.9343,0,0,degraded,rising,regimeC_v0_CLCD+NDVI,RS_derived,ESA_WorldCover_2021_v200,Hansen_GFC2024v1.12_treecover2000,Landsat_C2_L2_GEE,CLCD_v01_zenodo.18180184,2026-06-10
SAIH_AFF_r13c31,117.246299,42.477974,0,partial_forest,0.3368,0.424,0.01862,0.01462,0.297,0.9211,0,0,early_restoration,rising,regimeC_v0_CLCD+NDVI,RS_derived,ESA_WorldCover_2021_v200,Hansen_GFC2024v1.12_treecover2000,Landsat_C2_L2_GEE,CLCD_v01_zenodo.18180184,2026-06-10
SAIH_AFF_r13c32,117.25835,42.477974,0,non_forest,0.1805,0.2409,0.00985,0.01262,0.2732,0.9242,0,0,degraded,rising,regimeC_v0_CLCD+NDVI,RS_derived,ESA_WorldCover_2021_v200,Hansen_GFC2024v1.12_treecover2000,Landsat_C2_L2_GEE,CLCD_v01_zenodo.18180184,2026-06-10
SAIH_AFF_r13c33,117.270401,42.477974,0,partial_forest,0.3657,0.4189,0.01557,0.00742,0.1794,0.9283,0,0,early_restoration,rising,regimeC_v0_CLCD+NDVI,RS_derived,ESA_WorldCover_2021_v200,Hansen_GFC2024v1.12_treecover2000,Landsat_C2_L2_GEE,CLCD_v01_zenodo.18180184,2026-06-10
SAIH_AFF_r13c39,117.342705,42.477974,0,partial_forest,0.4216,0.4401,0.00309,0.0086,0.1948,0.9576,0,0,early_restoration,rising,regimeC_v0_CLCD+NDVI,RS_derived,ESA_WorldCover_2021_v200,Hansen_GFC2024v1.12_treecover2000,Landsat_C2_L2_GEE,CLCD_v01_zenodo.18180184,2026-06-10
SAIH_AFF_r13c40,117.354756,42.477974,0,partial_forest,0.4848,0.5108,0.00615,0.00636,0.15,0.9269,0,0,early_restoration,rising,regimeC_v0_CLCD+NDVI,RS_derived,ESA_WorldCover_2021_v200,Hansen_GFC2024v1.12_treecover2000,Landsat_C2_L2_GEE,CLCD_v01_zenodo.18180184,2026-06-10
SAIH_AFF_r13c41,117.366807,42.477974,0,partial_forest,0.4559,0.4961,0.01348,0.00733,0.1694,0.9261,0,0,early_restoration,rising,regimeC_v0_CLCD+NDVI,RS_derived,ESA_WorldCover_2021_v200,Hansen_GFC2024v1.12_treecover2000,Landsat_C2_L2_GEE,CLCD_v01_zenodo.18180184,2026-06-10
SAIH_AFF_r13c42,117.378858,42.477974,2014,partial_forest,0.6122,0.6919,0.01126,0.00857,0.1888,0.9301,0,0,stable_restoration,rising,regimeC_v0_CLCD+NDVI,RS_derived,ESA_WorldCover_2021_v200,Hansen_GFC2024v1.12_treecover2000,Landsat_C2_L2_GEE,CLCD_v01_zenodo.18180184,2026-06-10
SAIH_AFF_r13c43,117.390908,42.477974,0,partial_forest,0.3682,0.4035,0.00907,0.00785,0.1789,0.9323,0,0,early_restoration,rising,regimeC_v0_CLCD+NDVI,RS_derived,ESA_WorldCover_2021_v200,Hansen_GFC2024v1.12_treecover2000,Landsat_C2_L2_GEE,CLCD_v01_zenodo.18180184,2026-06-10
SAIH_AFF_r13c44,117.402959,42.477974,0,partial_forest,0.4038,0.4933,0.00682,0.00634,0.1601,0.9186,0,0,early_restoration,rising,regimeC_v0_CLCD+NDVI,RS_derived,ESA_WorldCover_2021_v200,Hansen_GFC2024v1.12_treecover2000,Landsat_C2_L2_GEE,CLCD_v01_zenodo.18180184,2026-06-10
SAIH_AFF_r13c45,117.41501,42.477974,1998,partial_forest,0.732,0.863,0.00728,0.00614,0.1578,0.9605,0,0,stable_restoration,rising,regimeC_v0_CLCD+NDVI,RS_derived,ESA_WorldCover_2021_v200,Hansen_GFC2024v1.12_treecover2000,Landsat_C2_L2_GEE,CLCD_v01_zenodo.18180184,2026-06-10
SAIH_AFF_r13c46,117.427061,42.477974,1990,stable_forest,0.863,0.9024,0.00523,0.00743,0.1797,0.9649,0,0,stable_restoration,rising,regimeC_v0_CLCD+NDVI,RS_derived,ESA_WorldCover_2021_v200,Hansen_GFC2024v1.12_treecover2000,Landsat_C2_L2_GEE,CLCD_v01_zenodo.18180184,2026-06-10
SAIH_AFF_r13c47,117.439112,42.477974,1985,stable_forest,0.9518,0.9883,0.00669,0.00791,0.1858,0.9674,0,0,stable_restoration,rising,regimeC_v0_CLCD+NDVI,RS_derived,ESA_WorldCover_2021_v200,Hansen_GFC2024v1.12_treecover2000,Landsat_C2_L2_GEE,CLCD_v01_zenodo.18180184,2026-06-10
SAIH_AFF_r13c48,117.451162,42.477974,1985,stable_forest,0.906,0.935,0.00369,0.00551,0.1318,0.9573,0,0,stable_restoration,rising,regimeC_v0_CLCD+NDVI,RS_derived,ESA_WorldCover_2021_v200,Hansen_GFC2024v1.12_treecover2000,Landsat_C2_L2_GEE,CLCD_v01_zenodo.18180184,2026-06-10
SAIH_AFF_r13c49,117.463213,42.477974,1985,stable_forest,0.9978,1.0345,0.0001,0.0034,0.0738,0.9536,2021,0,stable_restoration,rising,regimeC_v0_CLCD+NDVI,RS_derived,ESA_WorldCover_2021_v200,Hansen_GFC2024v1.12_treecover2000,Landsat_C2_L2_GEE,CLCD_v01_zenodo.18180184,2026-06-10
SAIH_AFF_r13c50,117.475264,42.477974,1985,stable_forest,0.9733,1.0106,0.00163,0.00443,0.0891,0.9554,2021,0,stable_restoration,rising,regimeC_v0_CLCD+NDVI,RS_derived,ESA_WorldCover_2021_v200,Hansen_GFC2024v1.12_treecover2000,Landsat_C2_L2_GEE,CLCD_v01_zenodo.18180184,2026-06-10
SAIH_AFF_r13c51,117.487315,42.477974,1985,stable_forest,0.973,1.0094,0.00095,0.00182,0.0259,0.9561,2017,0,stable_restoration,flat,regimeC_v0_CLCD+NDVI,RS_derived,ESA_WorldCover_2021_v200,Hansen_GFC2024v1.12_treecover2000,Landsat_C2_L2_GEE,CLCD_v01_zenodo.18180184,2026-06-10
SAIH_AFF_r13c52,117.499365,42.477974,1985,stable_forest,0.9748,1.0134,0.00049,0.00094,0.0229,0.9444,2021,0,stable_restoration,flat,regimeC_v0_CLCD+NDVI,RS_derived,ESA_WorldCover_2021_v200,Hansen_GFC2024v1.12_treecover2000,Landsat_C2_L2_GEE,CLCD_v01_zenodo.18180184,2026-06-10
SAIH_AFF_r13c53,117.511416,42.477974,1985,stable_forest,0.9356,0.9928,0.00286,0.00149,0.0435,0.9409,2016,0,stable_restoration,flat,regimeC_v0_CLCD+NDVI,RS_derived,ESA_WorldCover_2021_v200,Hansen_GFC2024v1.12_treecover2000,Landsat_C2_L2_GEE,CLCD_v01_zenodo.18180184,2026-06-10
SAIH_AFF_r13c54,117.523467,42.477974,1985,stable_forest,0.7487,0.7863,0.00311,0.00346,0.0827,0.979,2021,0,stable_restoration,rising,regimeC_v0_CLCD+NDVI,RS_derived,ESA_WorldCover_2021_v200,Hansen_GFC2024v1.12_treecover2000,Landsat_C2_L2_GEE,CLCD_v01_zenodo.18180184,2026-06-10
SAIH_AFF_r13c55,117.535518,42.477974,2010,partial_forest,0.5832,0.609,0.00781,0.00761,0.1659,0.976,0,0,early_restoration,rising,regimeC_v0_CLCD+NDVI,RS_derived,ESA_WorldCover_2021_v200,Hansen_GFC2024v1.12_treecover2000,Landsat_C2_L2_GEE,CLCD_v01_zenodo.18180184,2026-06-10
SAIH_AFF_r13c56,117.547568,42.477974,1985,stable_forest,0.832,0.8732,0.00902,0.0083,0.178,0.9731,0,0,stable_restoration,rising,regimeC_v0_CLCD+NDVI,RS_derived,ESA_WorldCover_2021_v200,Hansen_GFC2024v1.12_treecover2000,Landsat_C2_L2_GEE,CLCD_v01_zenodo.18180184,2026-06-10
SAIH_AFF_r13c57,117.559619,42.477974,2006,partial_forest,0.676,0.7038,0.01084,0.01174,0.237,0.973,2024,0,stable_restoration,rising,regimeC_v0_CLCD+NDVI,RS_derived,ESA_WorldCover_2021_v200,Hansen_GFC2024v1.12_treecover2000,Landsat_C2_L2_GEE,CLCD_v01_zenodo.18180184,2026-06-10
SAIH_AFF_r13c58,117.57167,42.477974,2008,partial_forest,0.7843,0.8257,0.01734,0.01102,0.223,0.9698,2023,0,stable_restoration,rising,regimeC_v0_CLCD+NDVI,RS_derived,ESA_WorldCover_2021_v200,Hansen_GFC2024v1.12_treecover2000,Landsat_C2_L2_GEE,CLCD_v01_zenodo.18180184,2026-06-10
SAIH_AFF_r13c59,117.583721,42.477974,2010,partial_forest,0.6992,0.7342,0.01778,0.00933,0.2027,0.9704,0,0,stable_restoration,rising,regimeC_v0_CLCD+NDVI,RS_derived,ESA_WorldCover_2021_v200,Hansen_GFC2024v1.12_treecover2000,Landsat_C2_L2_GEE,CLCD_v01_zenodo.18180184,2026-06-10
SAIH_AFF_r13c60,117.595772,42.477974,0,partial_forest,0.4203,0.4525,0.00799,0.01032,0.2231,0.9685,0,0,early_restoration,rising,regimeC_v0_CLCD+NDVI,RS_derived,ESA_WorldCover_2021_v200,Hansen_GFC2024v1.12_treecover2000,Landsat_C2_L2_GEE,CLCD_v01_zenodo.18180184,2026-06-10
SAIH_AFF_r13c61,117.607822,42.477974,0,non_forest,0.246,0.2809,0.00532,0.01107,0.2431,0.9332,2023,0,degraded,rising,regimeC_v0_CLCD+NDVI,RS_derived,ESA_WorldCover_2021_v200,Hansen_GFC2024v1.12_treecover2000,Landsat_C2_L2_GEE,CLCD_v01_zenodo.18180184,2026-06-10
SAIH_AFF_r14c18,117.089639,42.468935,2023,partial_forest,0.4483,0.5591,0.01195,0.00912,0.2085,0.9643,0,0,early_restoration,rising,regimeC_v0_CLCD+NDVI,RS_derived,ESA_WorldCover_2021_v200,Hansen_GFC2024v1.12_treecover2000,Landsat_C2_L2_GEE,CLCD_v01_zenodo.18180184,2026-06-10
SAIH_AFF_r14c19,117.10169,42.468935,0,partial_forest,0.4451,0.4933,0.0119,0.00745,0.1796,0.9688,0,0,early_restoration,rising,regimeC_v0_CLCD+NDVI,RS_derived,ESA_WorldCover_2021_v200,Hansen_GFC2024v1.12_treecover2000,Landsat_C2_L2_GEE,CLCD_v01_zenodo.18180184,2026-06-10
SAIH_AFF_r14c20,117.113741,42.468935,2022,afforested,0.5121,0.5591,0.01157,0.00758,0.1735,0.9604,2021,0,early_restoration,rising,regimeC_v0_CLCD+NDVI,RS_derived,ESA_WorldCover_2021_v200,Hansen_GFC2024v1.12_treecover2000,Landsat_C2_L2_GEE,CLCD_v01_zenodo.18180184,2026-06-10
SAIH_AFF_r14c21,117.125792,42.468935,0,partial_forest,0.4554,0.5179,0.01183,0.00724,0.1676,0.9342,2021,0,early_restoration,rising,regimeC_v0_CLCD+NDVI,RS_derived,ESA_WorldCover_2021_v200,Hansen_GFC2024v1.12_treecover2000,Landsat_C2_L2_GEE,CLCD_v01_zenodo.18180184,2026-06-10
SAIH_AFF_r14c22,117.137842,42.468935,0,partial_forest,0.3823,0.4692,0.0116,0.00739,0.169,0.9276,2024,0,early_restoration,rising,regimeC_v0_CLCD+NDVI,RS_derived,ESA_WorldCover_2021_v200,Hansen_GFC2024v1.12_treecover2000,Landsat_C2_L2_GEE,CLCD_v01_zenodo.18180184,2026-06-10
SAIH_AFF_r14c29,117.222198,42.468935,0,partial_forest,0.4104,0.4606,0.02069,0.00979,0.2066,0.9443,0,0,early_restoration,rising,regimeC_v0_CLCD+NDVI,RS_derived,ESA_WorldCover_2021_v200,Hansen_GFC2024v1.12_treecover2000,Landsat_C2_L2_GEE,CLCD_v01_zenodo.18180184,2026-06-10
SAIH_AFF_r14c30,117.234248,42.468935,2017,afforested,0.587,0.6712,0.02925,0.0108,0.2396,0.9295,0,0,stable_restoration,rising,regimeC_v0_CLCD+NDVI,RS_derived,ESA_WorldCover_2021_v200,Hansen_GFC2024v1.12_treecover2000,Landsat_C2_L2_GEE,CLCD_v01_zenodo.18180184,2026-06-10
SAIH_AFF_r14c31,117.246299,42.468935,2023,afforested,0.5129,0.5837,0.02383,0.01048,0.2418,0.9233,0,0,early_restoration,rising,regimeC_v0_CLCD+NDVI,RS_derived,ESA_WorldCover_2021_v200,Hansen_GFC2024v1.12_treecover2000,Landsat_C2_L2_GEE,CLCD_v01_zenodo.18180184,2026-06-10
SAIH_AFF_r14c32,117.25835,42.468935,2017,afforested,0.5813,0.7474,0.02708,0.01049,0.2346,0.9089,0,0,stable_restoration,rising,regimeC_v0_CLCD+NDVI,RS_derived,ESA_WorldCover_2021_v200,Hansen_GFC2024v1.12_treecover2000,Landsat_C2_L2_GEE,CLCD_v01_zenodo.18180184,2026-06-10
SAIH_AFF_r14c33,117.270401,42.468935,1999,afforested,0.8762,0.9487,0.01293,0.008,0.1778,0.9478,2021,0,stable_restoration,rising,regimeC_v0_CLCD+NDVI,RS_derived,ESA_WorldCover_2021_v200,Hansen_GFC2024v1.12_treecover2000,Landsat_C2_L2_GEE,CLCD_v01_zenodo.18180184,2026-06-10
SAIH_AFF_r14c34,117.282452,42.468935,1985,stable_forest,0.9219,0.9911,0.00965,0.00841,0.1909,0.9643,2021,0,stable_restoration,rising,regimeC_v0_CLCD+NDVI,RS_derived,ESA_WorldCover_2021_v200,Hansen_GFC2024v1.12_treecover2000,Landsat_C2_L2_GEE,CLCD_v01_zenodo.18180184,2026-06-10
SAIH_AFF_r14c35,117.294502,42.468935,2007,partial_forest,0.5849,0.6668,0.00497,0.00802,0.1966,0.9404,2021,0,stable_restoration,rising,regimeC_v0_CLCD+NDVI,RS_derived,ESA_WorldCover_2021_v200,Hansen_GFC2024v1.12_treecover2000,Landsat_C2_L2_GEE,CLCD_v01_zenodo.18180184,2026-06-10
SAIH_AFF_r14c40,117.354756,42.468935,0,partial_forest,0.342,0.3555,0.00419,0.00661,0.1535,0.9651,0,0,early_restoration,rising,regimeC_v0_CLCD+NDVI,RS_derived,ESA_WorldCover_2021_v200,Hansen_GFC2024v1.12_treecover2000,Landsat_C2_L2_GEE,CLCD_v01_zenodo.18180184,2026-06-10
SAIH_AFF_r14c41,117.366807,42.468935,0,partial_forest,0.3901,0.412,0.00743,0.00674,0.1612,0.9529,0,0,early_restoration,rising,regimeC_v0_CLCD+NDVI,RS_derived,ESA_WorldCover_2021_v200,Hansen_GFC2024v1.12_treecover2000,Landsat_C2_L2_GEE,CLCD_v01_zenodo.18180184,2026-06-10
SAIH_AFF_r14c42,117.378858,42.468935,0,partial_forest,0.4431,0.4675,0.00697,0.00654,0.1476,0.9457,0,0,early_restoration,rising,regimeC_v0_CLCD+NDVI,RS_derived,ESA_WorldCover_2021_v200,Hansen_GFC2024v1.12_treecover2000,Landsat_C2_L2_GEE,CLCD_v01_zenodo.18180184,2026-06-10
SAIH_AFF_r14c43,117.390908,42.468935,0,partial_forest,0.3458,0.3805,0.00689,0.0049,0.1165,0.9463,0,0,early_restoration,rising,regimeC_v0_CLCD+NDVI,RS_derived,ESA_WorldCover_2021_v200,Hansen_GFC2024v1.12_treecover2000,Landsat_C2_L2_GEE,CLCD_v01_zenodo.18180184,2026-06-10
SAIH_AFF_r14c44,117.402959,42.468935,0,partial_forest,0.4426,0.4686,0.00599,0.00634,0.1708,0.9309,0,0,early_restoration,rising,regimeC_v0_CLCD+NDVI,RS_derived,ESA_WorldCover_2021_v200,Hansen_GFC2024v1.12_treecover2000,Landsat_C2_L2_GEE,CLCD_v01_zenodo.18180184,2026-06-10
SAIH_AFF_r14c45,117.41501,42.468935,1985,stable_forest,0.7495,0.7733,0.00386,0.00767,0.2009,0.9694,0,0,stable_restoration,rising,regimeC_v0_CLCD+NDVI,RS_derived,ESA_WorldCover_2021_v200,Hansen_GFC2024v1.12_treecover2000,Landsat_C2_L2_GEE,CLCD_v01_zenodo.18180184,2026-06-10
SAIH_AFF_r14c46,117.427061,42.468935,1985,stable_forest,0.8422,0.8818,0.00525,0.00876,0.228,0.9608,2021,0,stable_restoration,rising,regimeC_v0_CLCD+NDVI,RS_derived,ESA_WorldCover_2021_v200,Hansen_GFC2024v1.12_treecover2000,Landsat_C2_L2_GEE,CLCD_v01_zenodo.18180184,2026-06-10
SAIH_AFF_r14c47,117.439112,42.468935,1985,stable_forest,0.9506,0.9888,0.00257,0.00858,0.2094,0.9555,0,0,stable_restoration,rising,regimeC_v0_CLCD+NDVI,RS_derived,ESA_WorldCover_2021_v200,Hansen_GFC2024v1.12_treecover2000,Landsat_C2_L2_GEE,CLCD_v01_zenodo.18180184,2026-06-10
SAIH_AFF_r14c48,117.451162,42.468935,1985,stable_forest,0.8916,0.9144,0.00344,0.00628,0.1606,0.9425,0,0,stable_restoration,rising,regimeC_v0_CLCD+NDVI,RS_derived,ESA_WorldCover_2021_v200,Hansen_GFC2024v1.12_treecover2000,Landsat_C2_L2_GEE,CLCD_v01_zenodo.18180184,2026-06-10
SAIH_AFF_r14c49,117.463213,42.468935,1985,stable_forest,0.9143,0.9464,9e-05,0.00595,0.1405,0.9392,2015,0,stable_restoration,rising,regimeC_v0_CLCD+NDVI,RS_derived,ESA_WorldCover_2021_v200,Hansen_GFC2024v1.12_treecover2000,Landsat_C2_L2_GEE,CLCD_v01_zenodo.18180184,2026-06-10
SAIH_AFF_r14c50,117.475264,42.468935,1985,stable_forest,0.938,0.978,0.00082,0.00445,0.0841,0.9401,2019,0,stable_restoration,rising,regimeC_v0_CLCD+NDVI,RS_derived,ESA_WorldCover_2021_v200,Hansen_GFC2024v1.12_treecover2000,Landsat_C2_L2_GEE,CLCD_v01_zenodo.18180184,2026-06-10
SAIH_AFF_r14c51,117.487315,42.468935,1985,stable_forest,0.9789,1.0179,0.00195,0.00335,0.0737,0.9543,2017,0,stable_restoration,rising,regimeC_v0_CLCD+NDVI,RS_derived,ESA_WorldCover_2021_v200,Hansen_GFC2024v1.12_treecover2000,Landsat_C2_L2_GEE,CLCD_v01_zenodo.18180184,2026-06-10
SAIH_AFF_r14c52,117.499365,42.468935,1985,stable_forest,0.7864,0.8206,0.00232,0.00046,0.0348,0.9314,2014,0,stable_restoration,flat,regimeC_v0_CLCD+NDVI,RS_derived,ESA_WorldCover_2021_v200,Hansen_GFC2024v1.12_treecover2000,Landsat_C2_L2_GEE,CLCD_v01_zenodo.18180184,2026-06-10
SAIH_AFF_r14c53,117.511416,42.468935,1985,stable_forest,0.8673,0.9293,0.0079,0.00508,0.1083,0.9491,2022,1,stable_restoration,rising,regimeC_v0_CLCD+NDVI,RS_derived,ESA_WorldCover_2021_v200,Hansen_GFC2024v1.12_treecover2000,Landsat_C2_L2_GEE,CLCD_v01_zenodo.18180184,2026-06-10
SAIH_AFF_r14c54,117.523467,42.468935,1985,stable_forest,0.6335,0.6592,0.00149,0.0058,0.1364,0.9782,0,0,early_restoration,rising,regimeC_v0_CLCD+NDVI,RS_derived,ESA_WorldCover_2021_v200,Hansen_GFC2024v1.12_treecover2000,Landsat_C2_L2_GEE,CLCD_v01_zenodo.18180184,2026-06-10
SAIH_AFF_r14c55,117.535518,42.468935,1985,stable_forest,0.9493,1.0038,0.00121,0.00585,0.1282,0.9688,2005,0,stable_restoration,rising,regimeC_v0_CLCD+NDVI,RS_derived,ESA_WorldCover_2021_v200,Hansen_GFC2024v1.12_treecover2000,Landsat_C2_L2_GEE,CLCD_v01_zenodo.18180184,2026-06-10
SAIH_AFF_r14c56,117.547568,42.468935,1985,stable_forest,0.8502,0.8732,0.0073,0.00642,0.1418,0.966,2017,0,stable_restoration,rising,regimeC_v0_CLCD+NDVI,RS_derived,ESA_WorldCover_2021_v200,Hansen_GFC2024v1.12_treecover2000,Landsat_C2_L2_GEE,CLCD_v01_zenodo.18180184,2026-06-10
SAIH_AFF_r14c57,117.559619,42.468935,1990,stable_forest,0.8409,0.8623,0.0049,0.00454,0.111,0.9659,2016,0,stable_restoration,rising,regimeC_v0_CLCD+NDVI,RS_derived,ESA_WorldCover_2021_v200,Hansen_GFC2024v1.12_treecover2000,Landsat_C2_L2_GEE,CLCD_v01_zenodo.18180184,2026-06-10
SAIH_AFF_r14c58,117.57167,42.468935,2006,afforested,0.9068,0.9458,0.02746,0.00883,0.1764,0.9653,0,0,stable_restoration,rising,regimeC_v0_CLCD+NDVI,RS_derived,ESA_WorldCover_2021_v200,Hansen_GFC2024v1.12_treecover2000,Landsat_C2_L2_GEE,CLCD_v01_zenodo.18180184,2026-06-10
SAIH_AFF_r14c59,117.583721,42.468935,2013,afforested,0.7192,0.749,0.03567,0.01012,0.2182,0.9888,0,0,stable_restoration,rising,regimeC_v0_CLCD+NDVI,RS_derived,ESA_WorldCover_2021_v200,Hansen_GFC2024v1.12_treecover2000,Landsat_C2_L2_GEE,CLCD_v01_zenodo.18180184,2026-06-10
SAIH_AFF_r14c60,117.595772,42.468935,0,partial_forest,0.4354,0.456,0.00693,0.0089,0.1971,0.9929,0,0,early_restoration,rising,regimeC_v0_CLCD+NDVI,RS_derived,ESA_WorldCover_2021_v200,Hansen_GFC2024v1.12_treecover2000,Landsat_C2_L2_GEE,CLCD_v01_zenodo.18180184,2026-06-10
SAIH_AFF_r14c61,117.607822,42.468935,2016,afforested,0.5797,0.6117,0.00897,0.01124,0.2373,0.9665,2023,0,early_restoration,rising,regimeC_v0_CLCD+NDVI,RS_derived,ESA_WorldCover_2021_v200,Hansen_GFC2024v1.12_treecover2000,Landsat_C2_L2_GEE,CLCD_v01_zenodo.18180184,2026-06-10
SAIH_AFF_r14c62,117.619873,42.468935,0,non_forest,0.2465,0.2666,0.00777,0.01268,0.2798,0.9478,0,0,degraded,rising,regimeC_v0_CLCD+NDVI,RS_derived,ESA_WorldCover_2021_v200,Hansen_GFC2024v1.12_treecover2000,Landsat_C2_L2_GEE,CLCD_v01_zenodo.18180184,2026-06-10
SAIH_AFF_r15c16,117.065538,42.459896,0,non_forest,0.2672,0.2975,0.0076,0.0062,0.1408,0.9795,0,0,degraded,rising,regimeC_v0_CLCD+NDVI,RS_derived,ESA_WorldCover_2021_v200,Hansen_GFC2024v1.12_treecover2000,Landsat_C2_L2_GEE,CLCD_v01_zenodo.18180184,2026-06-10
SAIH_AFF_r15c17,117.077588,42.459896,2009,afforested,0.5905,0.6506,0.00758,0.00677,0.1459,0.9516,2024,0,early_restoration,rising,regimeC_v0_CLCD+NDVI,RS_derived,ESA_WorldCover_2021_v200,Hansen_GFC2024v1.12_treecover2000,Landsat_C2_L2_GEE,CLCD_v01_zenodo.18180184,2026-06-10
SAIH_AFF_r15c18,117.089639,42.459896,2023,afforested,0.5021,0.602,0.0096,0.00769,0.1708,0.9566,0,0,early_restoration,rising,regimeC_v0_CLCD+NDVI,RS_derived,ESA_WorldCover_2021_v200,Hansen_GFC2024v1.12_treecover2000,Landsat_C2_L2_GEE,CLCD_v01_zenodo.18180184,2026-06-10
SAIH_AFF_r15c19,117.10169,42.459896,2024,partial_forest,0.4665,0.5825,0.01491,0.00895,0.2006,0.9592,0,0,early_restoration,rising,regimeC_v0_CLCD+NDVI,RS_derived,ESA_WorldCover_2021_v200,Hansen_GFC2024v1.12_treecover2000,Landsat_C2_L2_GEE,CLCD_v01_zenodo.18180184,2026-06-10
SAIH_AFF_r15c20,117.113741,42.459896,2012,afforested,0.6743,0.7823,0.01568,0.00916,0.1966,0.9765,0,0,stable_restoration,rising,regimeC_v0_CLCD+NDVI,RS_derived,ESA_WorldCover_2021_v200,Hansen_GFC2024v1.12_treecover2000,Landsat_C2_L2_GEE,CLCD_v01_zenodo.18180184,2026-06-10
SAIH_AFF_r15c21,117.125792,42.459896,1999,afforested,0.8482,0.8903,0.01021,0.00765,0.1666,0.9783,2021,0,stable_restoration,rising,regimeC_v0_CLCD+NDVI,RS_derived,ESA_WorldCover_2021_v200,Hansen_GFC2024v1.12_treecover2000,Landsat_C2_L2_GEE,CLCD_v01_zenodo.18180184,2026-06-10
SAIH_AFF_r15c22,117.137842,42.459896,1998,afforested,0.8207,0.8509,0.00624,0.00699,0.1435,0.9559,2024,0,stable_restoration,rising,regimeC_v0_CLCD+NDVI,RS_derived,ESA_WorldCover_2021_v200,Hansen_GFC2024v1.12_treecover2000,Landsat_C2_L2_GEE,CLCD_v01_zenodo.18180184,2026-06-10
SAIH_AFF_r15c23,117.149893,42.459896,2001,afforested,0.6904,0.7215,0.00683,0.00701,0.1434,0.9526,2024,0,stable_restoration,rising,regimeC_v0_CLCD+NDVI,RS_derived,ESA_WorldCover_2021_v200,Hansen_GFC2024v1.12_treecover2000,Landsat_C2_L2_GEE,CLCD_v01_zenodo.18180184,2026-06-10
SAIH_AFF_r15c24,117.161944,42.459896,2000,afforested,0.7386,0.7713,0.00877,0.00636,0.1318,0.9442,2013,0,stable_restoration,rising,regimeC_v0_CLCD+NDVI,RS_derived,ESA_WorldCover_2021_v200,Hansen_GFC2024v1.12_treecover2000,Landsat_C2_L2_GEE,CLCD_v01_zenodo.18180184,2026-06-10
SAIH_AFF_r15c25,117.173995,42.459896,1998,afforested,0.6905,0.7229,0.00506,0.00641,0.1284,0.949,2021,0,stable_restoration,rising,regimeC_v0_CLCD+NDVI,RS_derived,ESA_WorldCover_2021_v200,Hansen_GFC2024v1.12_treecover2000,Landsat_C2_L2_GEE,CLCD_v01_zenodo.18180184,2026-06-10
SAIH_AFF_r15c28,117.210147,42.459896,2015,afforested,0.5703,0.6009,0.01783,0.0081,0.1847,0.9544,2021,0,early_restoration,rising,regimeC_v0_CLCD+NDVI,RS_derived,ESA_WorldCover_2021_v200,Hansen_GFC2024v1.12_treecover2000,Landsat_C2_L2_GEE,CLCD_v01_zenodo.18180184,2026-06-10
SAIH_AFF_r15c29,117.222198,42.459896,2006,afforested,0.7742,0.8188,0.02019,0.00795,0.1811,0.9539,2021,0,stable_restoration,rising,regimeC_v0_CLCD+NDVI,RS_derived,ESA_WorldCover_2021_v200,Hansen_GFC2024v1.12_treecover2000,Landsat_C2_L2_GEE,CLCD_v01_zenodo.18180184,2026-06-10
SAIH_AFF_r15c30,117.234248,42.459896,1985,stable_forest,0.9271,0.9656,0.00375,0.00444,0.0937,0.9559,2021,1,stable_restoration,rising,regimeC_v0_CLCD+NDVI,RS_derived,ESA_WorldCover_2021_v200,Hansen_GFC2024v1.12_treecover2000,Landsat_C2_L2_GEE,CLCD_v01_zenodo.18180184,2026-06-10
SAIH_AFF_r15c31,117.246299,42.459896,1985,stable_forest,0.9856,1.0272,0.00496,0.00396,0.0846,0.9517,2021,1,stable_restoration,rising,regimeC_v0_CLCD+NDVI,RS_derived,ESA_WorldCover_2021_v200,Hansen_GFC2024v1.12_treecover2000,Landsat_C2_L2_GEE,CLCD_v01_zenodo.18180184,2026-06-10
SAIH_AFF_r15c32,117.25835,42.459896,1998,partial_forest,0.9277,0.9871,0.0158,0.00565,0.1231,0.9461,2019,0,stable_restoration,rising,regimeC_v0_CLCD+NDVI,RS_derived,ESA_WorldCover_2021_v200,Hansen_GFC2024v1.12_treecover2000,Landsat_C2_L2_GEE,CLCD_v01_zenodo.18180184,2026-06-10
SAIH_AFF_r15c33,117.270401,42.459896,1997,partial_forest,0.9095,0.9596,0.00884,0.00614,0.143,0.9627,2010,0,stable_restoration,rising,regimeC_v0_CLCD+NDVI,RS_derived,ESA_WorldCover_2021_v200,Hansen_GFC2024v1.12_treecover2000,Landsat_C2_L2_GEE,CLCD_v01_zenodo.18180184,2026-06-10
SAIH_AFF_r15c34,117.282452,42.459896,1985,stable_forest,0.969,1.0208,0.00542,0.00668,0.1513,0.9553,2021,1,stable_restoration,rising,regimeC_v0_CLCD+NDVI,RS_derived,ESA_WorldCover_2021_v200,Hansen_GFC2024v1.12_treecover2000,Landsat_C2_L2_GEE,CLCD_v01_zenodo.18180184,2026-06-10
SAIH_AFF_r15c35,117.294502,42.459896,1985,stable_forest,0.9595,0.9887,0.00156,0.00625,0.147,0.9696,2020,1,stable_restoration,rising,regimeC_v0_CLCD+NDVI,RS_derived,ESA_WorldCover_2021_v200,Hansen_GFC2024v1.12_treecover2000,Landsat_C2_L2_GEE,CLCD_v01_zenodo.18180184,2026-06-10
SAIH_AFF_r15c36,117.306553,42.459896,1998,partial_forest,0.8894,0.9482,0.00977,0.00797,0.1864,0.9642,2001,0,stable_restoration,rising,regimeC_v0_CLCD+NDVI,RS_derived,ESA_WorldCover_2021_v200,Hansen_GFC2024v1.12_treecover2000,Landsat_C2_L2_GEE,CLCD_v01_zenodo.18180184,2026-06-10
SAIH_AFF_r15c37,117.318604,42.459896,1990,stable_forest,0.6981,0.7559,0.00424,0.0078,0.1983,0.9477,2011,0,stable_restoration,rising,regimeC_v0_CLCD+NDVI,RS_derived,ESA_WorldCover_2021_v200,Hansen_GFC2024v1.12_treecover2000,Landsat_C2_L2_GEE,CLCD_v01_zenodo.18180184,2026-06-10
SAIH_AFF_r15c38,117.330655,42.459896,0,non_forest,0.2911,0.3032,0.00175,0.00746,0.1938,0.9357,2006,0,degraded,rising,regimeC_v0_CLCD+NDVI,RS_derived,ESA_WorldCover_2021_v200,Hansen_GFC2024v1.12_treecover2000,Landsat_C2_L2_GEE,CLCD_v01_zenodo.18180184,2026-06-10
SAIH_AFF_r15c42,117.378858,42.459896,0,partial_forest,0.4113,0.4497,0.0047,0.00544,0.1362,0.9512,2021,0,early_restoration,rising,regimeC_v0_CLCD+NDVI,RS_derived,ESA_WorldCover_2021_v200,Hansen_GFC2024v1.12_treecover2000,Landsat_C2_L2_GEE,CLCD_v01_zenodo.18180184,2026-06-10
SAIH_AFF_r15c43,117.390908,42.459896,1985,stable_forest,0.7873,0.8418,0.003,0.00403,0.1016,0.9474,2021,1,stable_restoration,rising,regimeC_v0_CLCD+NDVI,RS_derived,ESA_WorldCover_2021_v200,Hansen_GFC2024v1.12_treecover2000,Landsat_C2_L2_GEE,CLCD_v01_zenodo.18180184,2026-06-10
SAIH_AFF_r15c44,117.402959,42.459896,1985,stable_forest,0.8215,0.8383,0.00165,0.00584,0.1467,0.9575,2022,0,stable_restoration,rising,regimeC_v0_CLCD+NDVI,RS_derived,ESA_WorldCover_2021_v200,Hansen_GFC2024v1.12_treecover2000,Landsat_C2_L2_GEE,CLCD_v01_zenodo.18180184,2026-06-10
SAIH_AFF_r15c45,117.41501,42.459896,1985,stable_forest,0.9084,0.9455,0.00466,0.00692,0.1766,0.9589,0,0,stable_restoration,rising,regimeC_v0_CLCD+NDVI,RS_derived,ESA_WorldCover_2021_v200,Hansen_GFC2024v1.12_treecover2000,Landsat_C2_L2_GEE,CLCD_v01_zenodo.18180184,2026-06-10
SAIH_AFF_r15c46,117.427061,42.459896,1985,stable_forest,0.9752,1.0156,0.00485,0.00601,0.1559,0.9544,2021,0,stable_restoration,rising,regimeC_v0_CLCD+NDVI,RS_derived,ESA_WorldCover_2021_v200,Hansen_GFC2024v1.12_treecover2000,Landsat_C2_L2_GEE,CLCD_v01_zenodo.18180184,2026-06-10
SAIH_AFF_r15c47,117.439112,42.459896,1985,stable_forest,0.9186,0.9636,0.00345,0.00418,0.126,0.9659,0,0,stable_restoration,rising,regimeC_v0_CLCD+NDVI,RS_derived,ESA_WorldCover_2021_v200,Hansen_GFC2024v1.12_treecover2000,Landsat_C2_L2_GEE,CLCD_v01_zenodo.18180184,2026-06-10
SAIH_AFF_r15c48,117.451162,42.459896,1985,stable_forest,0.8829,0.9253,0.00422,0.00521,0.1324,0.9596,0,0,stable_restoration,rising,regimeC_v0_CLCD+NDVI,RS_derived,ESA_WorldCover_2021_v200,Hansen_GFC2024v1.12_treecover2000,Landsat_C2_L2_GEE,CLCD_v01_zenodo.18180184,2026-06-10
SAIH_AFF_r15c49,117.463213,42.459896,2004,partial_forest,0.82,0.9075,0.01697,0.00722,0.1821,0.9248,2014,0,stable_restoration,rising,regimeC_v0_CLCD+NDVI,RS_derived,ESA_WorldCover_2021_v200,Hansen_GFC2024v1.12_treecover2000,Landsat_C2_L2_GEE,CLCD_v01_zenodo.18180184,2026-06-10
SAIH_AFF_r15c50,117.475264,42.459896,1985,stable_forest,0.8717,0.9522,0.00498,0.00495,0.1117,0.9325,2021,1,stable_restoration,rising,regimeC_v0_CLCD+NDVI,RS_derived,ESA_WorldCover_2021_v200,Hansen_GFC2024v1.12_treecover2000,Landsat_C2_L2_GEE,CLCD_v01_zenodo.18180184,2026-06-10
SAIH_AFF_r15c51,117.487315,42.459896,1985,stable_forest,0.8629,0.9573,-0.00133,0.00218,0.0692,0.9367,2012,0,stable_restoration,flat,regimeC_v0_CLCD+NDVI,RS_derived,ESA_WorldCover_2021_v200,Hansen_GFC2024v1.12_treecover2000,Landsat_C2_L2_GEE,CLCD_v01_zenodo.18180184,2026-06-10
SAIH_AFF_r15c52,117.499365,42.459896,1985,stable_forest,0.7495,0.7879,-0.00136,0.00286,0.0621,0.9388,2012,0,stable_restoration,flat,regimeC_v0_CLCD+NDVI,RS_derived,ESA_WorldCover_2021_v200,Hansen_GFC2024v1.12_treecover2000,Landsat_C2_L2_GEE,CLCD_v01_zenodo.18180184,2026-06-10
SAIH_AFF_r15c53,117.511416,42.459896,1985,stable_forest,0.8474,0.9619,0.00397,0.00416,0.0946,0.938,2012,0,stable_restoration,rising,regimeC_v0_CLCD+NDVI,RS_derived,ESA_WorldCover_2021_v200,Hansen_GFC2024v1.12_treecover2000,Landsat_C2_L2_GEE,CLCD_v01_zenodo.18180184,2026-06-10
SAIH_AFF_r15c54,117.523467,42.459896,1985,stable_forest,0.8565,0.8818,0.00197,0.00413,0.096,0.9536,2017,0,stable_restoration,rising,regimeC_v0_CLCD+NDVI,RS_derived,ESA_WorldCover_2021_v200,Hansen_GFC2024v1.12_treecover2000,Landsat_C2_L2_GEE,CLCD_v01_zenodo.18180184,2026-06-10
SAIH_AFF_r15c55,117.535518,42.459896,1985,stable_forest,0.9047,0.9796,0.00241,0.00802,0.176,0.9709,2014,0,stable_restoration,rising,regimeC_v0_CLCD+NDVI,RS_derived,ESA_WorldCover_2021_v200,Hansen_GFC2024v1.12_treecover2000,Landsat_C2_L2_GEE,CLCD_v01_zenodo.18180184,2026-06-10
SAIH_AFF_r15c56,117.547568,42.459896,1985,stable_forest,0.8472,0.8245,0.00093,0.00406,0.0946,0.9569,2019,1,stable_restoration,rising,regimeC_v0_CLCD+NDVI,RS_derived,ESA_WorldCover_2021_v200,Hansen_GFC2024v1.12_treecover2000,Landsat_C2_L2_GEE,CLCD_v01_zenodo.18180184,2026-06-10
SAIH_AFF_r15c57,117.559619,42.459896,1990,stable_forest,0.7392,0.9458,-0.0008,0.00268,0.1009,0.9602,2012,0,stable_restoration,flat,regimeC_v0_CLCD+NDVI,RS_derived,ESA_WorldCover_2021_v200,Hansen_GFC2024v1.12_treecover2000,Landsat_C2_L2_GEE,CLCD_v01_zenodo.18180184,2026-06-10
SAIH_AFF_r15c58,117.57167,42.459896,1990,stable_forest,0.9548,0.9435,0.00629,0.00397,0.0996,0.9732,2024,1,stable_restoration,rising,regimeC_v0_CLCD+NDVI,RS_derived,ESA_WorldCover_2021_v200,Hansen_GFC2024v1.12_treecover2000,Landsat_C2_L2_GEE,CLCD_v01_zenodo.18180184,2026-06-10
SAIH_AFF_r15c59,117.583721,42.459896,1990,stable_forest,0.9298,0.9396,0.01089,0.00826,0.1927,0.9797,2019,1,stable_restoration,rising,regimeC_v0_CLCD+NDVI,RS_derived,ESA_WorldCover_2021_v200,Hansen_GFC2024v1.12_treecover2000,Landsat_C2_L2_GEE,CLCD_v01_zenodo.18180184,2026-06-10
SAIH_AFF_r15c60,117.595772,42.459896,2015,afforested,0.6431,0.6673,0.02685,0.00911,0.207,0.9794,2001,0,stable_restoration,rising,regimeC_v0_CLCD+NDVI,RS_derived,ESA_WorldCover_2021_v200,Hansen_GFC2024v1.12_treecover2000,Landsat_C2_L2_GEE,CLCD_v01_zenodo.18180184,2026-06-10
SAIH_AFF_r15c61,117.607822,42.459896,2014,partial_forest,0.5942,0.6209,0.01209,0.01065,0.2325,0.9651,0,0,early_restoration,rising,regimeC_v0_CLCD+NDVI,RS_derived,ESA_WorldCover_2021_v200,Hansen_GFC2024v1.12_treecover2000,Landsat_C2_L2_GEE,CLCD_v01_zenodo.18180184,2026-06-10
SAIH_AFF_r15c62,117.619873,42.459896,0,partial_forest,0.4042,0.4474,0.01495,0.01439,0.3204,0.9448,0,0,early_restoration,rising,regimeC_v0_CLCD+NDVI,RS_derived,ESA_WorldCover_2021_v200,Hansen_GFC2024v1.12_treecover2000,Landsat_C2_L2_GEE,CLCD_v01_zenodo.18180184,2026-06-10
SAIH_AFF_r16c11,117.005284,42.450857,0,partial_forest,0.3962,0.452,0.00956,0.00882,0.2067,0.9751,0,0,early_restoration,rising,regimeC_v0_CLCD+NDVI,RS_derived,ESA_WorldCover_2021_v200,Hansen_GFC2024v1.12_treecover2000,Landsat_C2_L2_GEE,CLCD_v01_zenodo.18180184,2026-06-10
SAIH_AFF_r16c12,117.017335,42.450857,1997,partial_forest,0.8457,0.9075,0.0135,0.0084,0.1893,0.9791,0,0,stable_restoration,rising,regimeC_v0_CLCD+NDVI,RS_derived,ESA_WorldCover_2021_v200,Hansen_GFC2024v1.12_treecover2000,Landsat_C2_L2_GEE,CLCD_v01_zenodo.18180184,2026-06-10
SAIH_AFF_r16c13,117.029385,42.450857,2002,partial_forest,0.8691,0.9499,0.01715,0.00939,0.2121,0.9813,0,0,stable_restoration,rising,regimeC_v0_CLCD+NDVI,RS_derived,ESA_WorldCover_2021_v200,Hansen_GFC2024v1.12_treecover2000,Landsat_C2_L2_GEE,CLCD_v01_zenodo.18180184,2026-06-10
SAIH_AFF_r16c14,117.041436,42.450857,2015,afforested,0.6084,0.6506,0.01584,0.00691,0.1637,0.9672,2023,0,early_restoration,rising,regimeC_v0_CLCD+NDVI,RS_derived,ESA_WorldCover_2021_v200,Hansen_GFC2024v1.12_treecover2000,Landsat_C2_L2_GEE,CLCD_v01_zenodo.18180184,2026-06-10
SAIH_AFF_r16c15,117.053487,42.450857,1997,partial_forest,0.7766,0.8625,0.00835,0.00707,0.1617,0.9751,0,0,stable_restoration,rising,regimeC_v0_CLCD+NDVI,RS_derived,ESA_WorldCover_2021_v200,Hansen_GFC2024v1.12_treecover2000,Landsat_C2_L2_GEE,CLCD_v01_zenodo.18180184,2026-06-10
SAIH_AFF_r16c16,117.065538,42.450857,1995,partial_forest,0.9492,0.9956,0.00522,0.00748,0.1642,0.9752,2024,0,stable_restoration,rising,regimeC_v0_CLCD+NDVI,RS_derived,ESA_WorldCover_2021_v200,Hansen_GFC2024v1.12_treecover2000,Landsat_C2_L2_GEE,CLCD_v01_zenodo.18180184,2026-06-10
SAIH_AFF_r16c17,117.077588,42.450857,1990,stable_forest,0.9228,0.9682,0.00261,0.00609,0.1181,0.9689,2024,0,stable_restoration,rising,regimeC_v0_CLCD+NDVI,RS_derived,ESA_WorldCover_2021_v200,Hansen_GFC2024v1.12_treecover2000,Landsat_C2_L2_GEE,CLCD_v01_zenodo.18180184,2026-06-10
SAIH_AFF_r16c18,117.089639,42.450857,1998,afforested,0.7866,0.8446,0.01034,0.00755,0.1568,0.9699,2007,0,stable_restoration,rising,regimeC_v0_CLCD+NDVI,RS_derived,ESA_WorldCover_2021_v200,Hansen_GFC2024v1.12_treecover2000,Landsat_C2_L2_GEE,CLCD_v01_zenodo.18180184,2026-06-10
SAIH_AFF_r16c19,117.10169,42.450857,2005,afforested,0.713,0.8102,0.01346,0.00966,0.2115,0.9607,2012,0,stable_restoration,rising,regimeC_v0_CLCD+NDVI,RS_derived,ESA_WorldCover_2021_v200,Hansen_GFC2024v1.12_treecover2000,Landsat_C2_L2_GEE,CLCD_v01_zenodo.18180184,2026-06-10
SAIH_AFF_r16c20,117.113741,42.450857,0,partial_forest,0.342,0.4604,0.01305,0.00949,0.2202,0.9545,0,0,early_restoration,rising,regimeC_v0_CLCD+NDVI,RS_derived,ESA_WorldCover_2021_v200,Hansen_GFC2024v1.12_treecover2000,Landsat_C2_L2_GEE,CLCD_v01_zenodo.18180184,2026-06-10
SAIH_AFF_r16c21,117.125792,42.450857,2004,afforested,0.7134,0.7845,0.0127,0.00859,0.1864,0.9586,0,0,stable_restoration,rising,regimeC_v0_CLCD+NDVI,RS_derived,ESA_WorldCover_2021_v200,Hansen_GFC2024v1.12_treecover2000,Landsat_C2_L2_GEE,CLCD_v01_zenodo.18180184,2026-06-10
SAIH_AFF_r16c22,117.137842,42.450857,1998,afforested,0.8605,0.9001,0.00834,0.00744,0.1527,0.9635,0,0,stable_restoration,rising,regimeC_v0_CLCD+NDVI,RS_derived,ESA_WorldCover_2021_v200,Hansen_GFC2024v1.12_treecover2000,Landsat_C2_L2_GEE,CLCD_v01_zenodo.18180184,2026-06-10
SAIH_AFF_r16c23,117.149893,42.450857,1998,afforested,0.9419,0.9865,0.01069,0.00877,0.1816,0.9714,0,0,stable_restoration,rising,regimeC_v0_CLCD+NDVI,RS_derived,ESA_WorldCover_2021_v200,Hansen_GFC2024v1.12_treecover2000,Landsat_C2_L2_GEE,CLCD_v01_zenodo.18180184,2026-06-10
SAIH_AFF_r16c24,117.161944,42.450857,2002,afforested,0.7967,0.8406,0.01178,0.00759,0.1489,0.9607,2021,0,stable_restoration,rising,regimeC_v0_CLCD+NDVI,RS_derived,ESA_WorldCover_2021_v200,Hansen_GFC2024v1.12_treecover2000,Landsat_C2_L2_GEE,CLCD_v01_zenodo.18180184,2026-06-10
SAIH_AFF_r16c25,117.173995,42.450857,2003,afforested,0.8525,0.9185,0.01744,0.00895,0.1915,0.9607,0,0,stable_restoration,rising,regimeC_v0_CLCD+NDVI,RS_derived,ESA_WorldCover_2021_v200,Hansen_GFC2024v1.12_treecover2000,Landsat_C2_L2_GEE,CLCD_v01_zenodo.18180184,2026-06-10
SAIH_AFF_r16c26,117.186045,42.450857,1998,afforested,0.7927,0.8275,0.00742,0.00878,0.1887,0.9704,2021,0,stable_restoration,rising,regimeC_v0_CLCD+NDVI,RS_derived,ESA_WorldCover_2021_v200,Hansen_GFC2024v1.12_treecover2000,Landsat_C2_L2_GEE,CLCD_v01_zenodo.18180184,2026-06-10
SAIH_AFF_r16c27,117.198096,42.450857,2000,afforested,0.8242,0.8732,0.01305,0.00892,0.1916,0.9592,2020,0,stable_restoration,rising,regimeC_v0_CLCD+NDVI,RS_derived,ESA_WorldCover_2021_v200,Hansen_GFC2024v1.12_treecover2000,Landsat_C2_L2_GEE,CLCD_v01_zenodo.18180184,2026-06-10
SAIH_AFF_r16c28,117.210147,42.450857,1996,partial_forest,0.9312,0.9676,0.00756,0.0074,0.1519,0.9677,2021,1,stable_restoration,rising,regimeC_v0_CLCD+NDVI,RS_derived,ESA_WorldCover_2021_v200,Hansen_GFC2024v1.12_treecover2000,Landsat_C2_L2_GEE,CLCD_v01_zenodo.18180184,2026-06-10
SAIH_AFF_r16c29,117.222198,42.450857,1996,partial_forest,0.9439,0.9842,0.00835,0.00648,0.1368,0.9635,2021,0,stable_restoration,rising,regimeC_v0_CLCD+NDVI,RS_derived,ESA_WorldCover_2021_v200,Hansen_GFC2024v1.12_treecover2000,Landsat_C2_L2_GEE,CLCD_v01_zenodo.18180184,2026-06-10
SAIH_AFF_r16c30,117.234248,42.450857,2000,afforested,0.8896,0.9337,0.0132,0.00685,0.1533,0.9652,2021,1,stable_restoration,rising,regimeC_v0_CLCD+NDVI,RS_derived,ESA_WorldCover_2021_v200,Hansen_GFC2024v1.12_treecover2000,Landsat_C2_L2_GEE,CLCD_v01_zenodo.18180184,2026-06-10
SAIH_AFF_r16c31,117.246299,42.450857,1997,afforested,0.9567,0.994,0.00565,0.00527,0.1215,0.9715,2021,1,stable_restoration,rising,regimeC_v0_CLCD+NDVI,RS_derived,ESA_WorldCover_2021_v200,Hansen_GFC2024v1.12_treecover2000,Landsat_C2_L2_GEE,CLCD_v01_zenodo.18180184,2026-06-10
SAIH_AFF_r16c32,117.25835,42.450857,1985,stable_forest,0.9545,0.9933,0.00071,0.002,0.0735,0.9738,2021,1,stable_restoration,flat,regimeC_v0_CLCD+NDVI,RS_derived,ESA_WorldCover_2021_v200,Hansen_GFC2024v1.12_treecover2000,Landsat_C2_L2_GEE,CLCD_v01_zenodo.18180184,2026-06-10
SAIH_AFF_r16c33,117.270401,42.450857,1997,partial_forest,0.8427,0.9144,0.00589,0.00517,0.1332,0.9619,2020,1,stable_restoration,rising,regimeC_v0_CLCD+NDVI,RS_derived,ESA_WorldCover_2021_v200,Hansen_GFC2024v1.12_treecover2000,Landsat_C2_L2_GEE,CLCD_v01_zenodo.18180184,2026-06-10
SAIH_AFF_r16c34,117.282452,42.450857,1985,stable_forest,0.9805,0.9962,0.00191,0.00444,0.1092,0.9557,2021,1,stable_restoration,rising,regimeC_v0_CLCD+NDVI,RS_derived,ESA_WorldCover_2021_v200,Hansen_GFC2024v1.12_treecover2000,Landsat_C2_L2_GEE,CLCD_v01_zenodo.18180184,2026-06-10
SAIH_AFF_r16c35,117.294502,42.450857,1985,stable_forest,0.968,0.9432,0.0022,0.00536,0.1353,0.9638,2017,0,stable_restoration,rising,regimeC_v0_CLCD+NDVI,RS_derived,ESA_WorldCover_2021_v200,Hansen_GFC2024v1.12_treecover2000,Landsat_C2_L2_GEE,CLCD_v01_zenodo.18180184,2026-06-10
SAIH_AFF_r16c36,117.306553,42.450857,1985,stable_forest,0.9613,1.0071,0.00087,0.00573,0.1211,0.9287,2012,0,stable_restoration,rising,regimeC_v0_CLCD+NDVI,RS_derived,ESA_WorldCover_2021_v200,Hansen_GFC2024v1.12_treecover2000,Landsat_C2_L2_GEE,CLCD_v01_zenodo.18180184,2026-06-10
SAIH_AFF_r16c37,117.318604,42.450857,1985,stable_forest,0.9544,0.9917,0.0051,0.00507,0.1268,0.9368,2016,0,stable_restoration,rising,regimeC_v0_CLCD+NDVI,RS_derived,ESA_WorldCover_2021_v200,Hansen_GFC2024v1.12_treecover2000,Landsat_C2_L2_GEE,CLCD_v01_zenodo.18180184,2026-06-10
SAIH_AFF_r16c38,117.330655,42.450857,1990,stable_forest,0.9218,0.9848,0.01311,0.00703,0.1661,0.9574,2010,0,stable_restoration,rising,regimeC_v0_CLCD+NDVI,RS_derived,ESA_WorldCover_2021_v200,Hansen_GFC2024v1.12_treecover2000,Landsat_C2_L2_GEE,CLCD_v01_zenodo.18180184,2026-06-10
SAIH_AFF_r16c39,117.342705,42.450857,2000,partial_forest,0.7429,0.8223,0.01043,0.0075,0.1816,0.9424,0,0,stable_restoration,rising,regimeC_v0_CLCD+NDVI,RS_derived,ESA_WorldCover_2021_v200,Hansen_GFC2024v1.12_treecover2000,Landsat_C2_L2_GEE,CLCD_v01_zenodo.18180184,2026-06-10
SAIH_AFF_r16c40,117.354756,42.450857,1997,partial_forest,0.7233,0.78,0.00854,0.00434,0.1225,0.9521,2005,0,stable_restoration,rising,regimeC_v0_CLCD+NDVI,RS_derived,ESA_WorldCover_2021_v200,Hansen_GFC2024v1.12_treecover2000,Landsat_C2_L2_GEE,CLCD_v01_zenodo.18180184,2026-06-10
SAIH_AFF_r16c41,117.366807,42.450857,1985,stable_forest,0.8925,0.9596,-0.00145,0.00509,0.1275,0.9254,2008,0,stable_restoration,rising,regimeC_v0_CLCD+NDVI,RS_derived,ESA_WorldCover_2021_v200,Hansen_GFC2024v1.12_treecover2000,Landsat_C2_L2_GEE,CLCD_v01_zenodo.18180184,2026-06-10
SAIH_AFF_r16c42,117.378858,42.450857,1985,stable_forest,0.8889,0.9539,0.00359,0.00219,0.0699,0.9256,2021,1,stable_restoration,flat,regimeC_v0_CLCD+NDVI,RS_derived,ESA_WorldCover_2021_v200,Hansen_GFC2024v1.12_treecover2000,Landsat_C2_L2_GEE,CLCD_v01_zenodo.18180184,2026-06-10
SAIH_AFF_r16c43,117.390908,42.450857,1985,stable_forest,0.7991,0.8491,0.00643,0.00623,0.159,0.9352,2021,0,stable_restoration,rising,regimeC_v0_CLCD+NDVI,RS_derived,ESA_WorldCover_2021_v200,Hansen_GFC2024v1.12_treecover2000,Landsat_C2_L2_GEE,CLCD_v01_zenodo.18180184,2026-06-10
SAIH_AFF_r16c44,117.402959,42.450857,1985,stable_forest,0.8582,0.9212,0.00328,0.00611,0.1602,0.943,0,0,stable_restoration,rising,regimeC_v0_CLCD+NDVI,RS_derived,ESA_WorldCover_2021_v200,Hansen_GFC2024v1.12_treecover2000,Landsat_C2_L2_GEE,CLCD_v01_zenodo.18180184,2026-06-10
SAIH_AFF_r16c45,117.41501,42.450857,1985,stable_forest,0.8793,0.9236,0.00654,0.00583,0.1615,0.9531,0,0,stable_restoration,rising,regimeC_v0_CLCD+NDVI,RS_derived,ESA_WorldCover_2021_v200,Hansen_GFC2024v1.12_treecover2000,Landsat_C2_L2_GEE,CLCD_v01_zenodo.18180184,2026-06-10
SAIH_AFF_r16c46,117.427061,42.450857,1985,stable_forest,0.9087,0.951,0.00658,0.00625,0.1582,0.9558,0,0,stable_restoration,rising,regimeC_v0_CLCD+NDVI,RS_derived,ESA_WorldCover_2021_v200,Hansen_GFC2024v1.12_treecover2000,Landsat_C2_L2_GEE,CLCD_v01_zenodo.18180184,2026-06-10
SAIH_AFF_r16c47,117.439112,42.450857,1985,stable_forest,0.7717,0.804,0.00455,0.0054,0.1319,0.9747,2022,0,stable_restoration,rising,regimeC_v0_CLCD+NDVI,RS_derived,ESA_WorldCover_2021_v200,Hansen_GFC2024v1.12_treecover2000,Landsat_C2_L2_GEE,CLCD_v01_zenodo.18180184,2026-06-10
SAIH_AFF_r16c48,117.451162,42.450857,1985,stable_forest,0.8434,0.875,0.00662,0.00479,0.1076,0.9648,0,0,stable_restoration,rising,regimeC_v0_CLCD+NDVI,RS_derived,ESA_WorldCover_2021_v200,Hansen_GFC2024v1.12_treecover2000,Landsat_C2_L2_GEE,CLCD_v01_zenodo.18180184,2026-06-10
SAIH_AFF_r16c49,117.463213,42.450857,1985,stable_forest,0.7549,0.8034,0.00812,0.00656,0.1398,0.9643,2007,0,stable_restoration,rising,regimeC_v0_CLCD+NDVI,RS_derived,ESA_WorldCover_2021_v200,Hansen_GFC2024v1.12_treecover2000,Landsat_C2_L2_GEE,CLCD_v01_zenodo.18180184,2026-06-10
SAIH_AFF_r16c50,117.475264,42.450857,1985,stable_forest,0.671,0.7285,0.00464,0.00385,0.0941,0.9553,2012,0,stable_restoration,rising,regimeC_v0_CLCD+NDVI,RS_derived,ESA_WorldCover_2021_v200,Hansen_GFC2024v1.12_treecover2000,Landsat_C2_L2_GEE,CLCD_v01_zenodo.18180184,2026-06-10
SAIH_AFF_r16c51,117.487315,42.450857,1985,stable_forest,0.8571,0.9075,0.00234,0.00335,0.0871,0.9789,2012,0,stable_restoration,rising,regimeC_v0_CLCD+NDVI,RS_derived,ESA_WorldCover_2021_v200,Hansen_GFC2024v1.12_treecover2000,Landsat_C2_L2_GEE,CLCD_v01_zenodo.18180184,2026-06-10
SAIH_AFF_r16c52,117.499365,42.450857,1985,stable_forest,0.8912,0.9533,-0.0012,0.00305,0.0744,0.9503,2011,0,stable_restoration,rising,regimeC_v0_CLCD+NDVI,RS_derived,ESA_WorldCover_2021_v200,Hansen_GFC2024v1.12_treecover2000,Landsat_C2_L2_GEE,CLCD_v01_zenodo.18180184,2026-06-10
SAIH_AFF_r16c53,117.511416,42.450857,1985,stable_forest,0.9236,0.9837,0.00021,0.00337,0.0802,0.9314,2011,0,stable_restoration,rising,regimeC_v0_CLCD+NDVI,RS_derived,ESA_WorldCover_2021_v200,Hansen_GFC2024v1.12_treecover2000,Landsat_C2_L2_GEE,CLCD_v01_zenodo.18180184,2026-06-10
SAIH_AFF_r16c54,117.523467,42.450857,1985,stable_forest,0.795,0.8869,0.00534,0.0047,0.1059,0.9332,2017,0,stable_restoration,rising,regimeC_v0_CLCD+NDVI,RS_derived,ESA_WorldCover_2021_v200,Hansen_GFC2024v1.12_treecover2000,Landsat_C2_L2_GEE,CLCD_v01_zenodo.18180184,2026-06-10
SAIH_AFF_r16c55,117.535518,42.450857,1985,stable_forest,0.925,0.9691,0.00756,0.00261,0.06,0.9603,2015,0,stable_restoration,flat,regimeC_v0_CLCD+NDVI,RS_derived,ESA_WorldCover_2021_v200,Hansen_GFC2024v1.12_treecover2000,Landsat_C2_L2_GEE,CLCD_v01_zenodo.18180184,2026-06-10
SAIH_AFF_r16c56,117.547568,42.450857,1985,stable_forest,0.8837,0.8973,0.00148,0.00045,0.0323,0.9471,2019,1,stable_restoration,flat,regimeC_v0_CLCD+NDVI,RS_derived,ESA_WorldCover_2021_v200,Hansen_GFC2024v1.12_treecover2000,Landsat_C2_L2_GEE,CLCD_v01_zenodo.18180184,2026-06-10
SAIH_AFF_r16c57,117.559619,42.450857,1990,partial_forest,0.6816,0.6655,0.00443,0.00415,0.1021,0.9708,2019,1,stable_restoration,rising,regimeC_v0_CLCD+NDVI,RS_derived,ESA_WorldCover_2021_v200,Hansen_GFC2024v1.12_treecover2000,Landsat_C2_L2_GEE,CLCD_v01_zenodo.18180184,2026-06-10
SAIH_AFF_r16c58,117.57167,42.450857,1990,stable_forest,0.9043,0.9269,0.00895,0.0041,0.1127,0.9748,2024,1,stable_restoration,rising,regimeC_v0_CLCD+NDVI,RS_derived,ESA_WorldCover_2021_v200,Hansen_GFC2024v1.12_treecover2000,Landsat_C2_L2_GEE,CLCD_v01_zenodo.18180184,2026-06-10
SAIH_AFF_r16c59,117.583721,42.450857,1985,stable_forest,0.9552,1.0042,0.00749,0.00689,0.1665,0.9606,2024,0,stable_restoration,rising,regimeC_v0_CLCD+NDVI,RS_derived,ESA_WorldCover_2021_v200,Hansen_GFC2024v1.12_treecover2000,Landsat_C2_L2_GEE,CLCD_v01_zenodo.18180184,2026-06-10
SAIH_AFF_r16c60,117.595772,42.450857,2005,afforested,0.7677,0.8092,0.01823,0.00755,0.1811,0.96,0,0,stable_restoration,rising,regimeC_v0_CLCD+NDVI,RS_derived,ESA_WorldCover_2021_v200,Hansen_GFC2024v1.12_treecover2000,Landsat_C2_L2_GEE,CLCD_v01_zenodo.18180184,2026-06-10
SAIH_AFF_r16c61,117.607822,42.450857,2015,afforested,0.5913,0.61,0.01762,0.0081,0.1954,0.9525,0,0,early_restoration,rising,regimeC_v0_CLCD+NDVI,RS_derived,ESA_WorldCover_2021_v200,Hansen_GFC2024v1.12_treecover2000,Landsat_C2_L2_GEE,CLCD_v01_zenodo.18180184,2026-06-10
SAIH_AFF_r16c62,117.619873,42.450857,0,non_forest,0.2716,0.285,0.00621,0.00951,0.2286,0.9445,2008,0,degraded,rising,regimeC_v0_CLCD+NDVI,RS_derived,ESA_WorldCover_2021_v200,Hansen_GFC2024v1.12_treecover2000,Landsat_C2_L2_GEE,CLCD_v01_zenodo.18180184,2026-06-10
SAIH_AFF_r17c11,117.005284,42.441818,2014,afforested,0.6348,0.6895,0.01637,0.00867,0.1911,0.982,2022,1,stable_restoration,rising,regimeC_v0_CLCD+NDVI,RS_derived,ESA_WorldCover_2021_v200,Hansen_GFC2024v1.12_treecover2000,Landsat_C2_L2_GEE,CLCD_v01_zenodo.18180184,2026-06-10
SAIH_AFF_r17c12,117.017335,42.441818,2002,partial_forest,0.967,1.0185,0.01983,0.01047,0.2303,0.9745,2020,0,stable_restoration,rising,regimeC_v0_CLCD+NDVI,RS_derived,ESA_WorldCover_2021_v200,Hansen_GFC2024v1.12_treecover2000,Landsat_C2_L2_GEE,CLCD_v01_zenodo.18180184,2026-06-10
SAIH_AFF_r17c13,117.029385,42.441818,1996,partial_forest,0.9672,1.0294,0.00899,0.00913,0.1967,0.9806,0,0,stable_restoration,rising,regimeC_v0_CLCD+NDVI,RS_derived,ESA_WorldCover_2021_v200,Hansen_GFC2024v1.12_treecover2000,Landsat_C2_L2_GEE,CLCD_v01_zenodo.18180184,2026-06-10
SAIH_AFF_r17c14,117.041436,42.441818,1996,partial_forest,0.9783,1.0237,0.01076,0.00837,0.182,0.9884,0,0,stable_restoration,rising,regimeC_v0_CLCD+NDVI,RS_derived,ESA_WorldCover_2021_v200,Hansen_GFC2024v1.12_treecover2000,Landsat_C2_L2_GEE,CLCD_v01_zenodo.18180184,2026-06-10
SAIH_AFF_r17c15,117.053487,42.441818,1991,stable_forest,0.958,1.0004,0.00387,0.00824,0.182,0.9837,0,0,stable_restoration,rising,regimeC_v0_CLCD+NDVI,RS_derived,ESA_WorldCover_2021_v200,Hansen_GFC2024v1.12_treecover2000,Landsat_C2_L2_GEE,CLCD_v01_zenodo.18180184,2026-06-10
SAIH_AFF_r17c16,117.065538,42.441818,1996,partial_forest,0.9204,0.9653,0.00676,0.00776,0.1735,0.967,2024,0,stable_restoration,rising,regimeC_v0_CLCD+NDVI,RS_derived,ESA_WorldCover_2021_v200,Hansen_GFC2024v1.12_treecover2000,Landsat_C2_L2_GEE,CLCD_v01_zenodo.18180184,2026-06-10
SAIH_AFF_r17c17,117.077588,42.441818,1996,afforested,0.8739,0.9356,0.0079,0.00727,0.1523,0.9438,2024,0,stable_restoration,rising,regimeC_v0_CLCD+NDVI,RS_derived,ESA_WorldCover_2021_v200,Hansen_GFC2024v1.12_treecover2000,Landsat_C2_L2_GEE,CLCD_v01_zenodo.18180184,2026-06-10
SAIH_AFF_r17c18,117.089639,42.441818,1996,partial_forest,0.9288,0.979,0.00924,0.00815,0.1756,0.9656,2007,0,stable_restoration,rising,regimeC_v0_CLCD+NDVI,RS_derived,ESA_WorldCover_2021_v200,Hansen_GFC2024v1.12_treecover2000,Landsat_C2_L2_GEE,CLCD_v01_zenodo.18180184,2026-06-10
SAIH_AFF_r17c19,117.10169,42.441818,2003,afforested,0.7801,0.8475,0.01378,0.00844,0.1781,0.9734,2007,0,stable_restoration,rising,regimeC_v0_CLCD+NDVI,RS_derived,ESA_WorldCover_2021_v200,Hansen_GFC2024v1.12_treecover2000,Landsat_C2_L2_GEE,CLCD_v01_zenodo.18180184,2026-06-10
SAIH_AFF_r17c20,117.113741,42.441818,2008,partial_forest,0.8158,0.9236,0.02081,0.00996,0.2253,0.9689,0,0,stable_restoration,rising,regimeC_v0_CLCD+NDVI,RS_derived,ESA_WorldCover_2021_v200,Hansen_GFC2024v1.12_treecover2000,Landsat_C2_L2_GEE,CLCD_v01_zenodo.18180184,2026-06-10
SAIH_AFF_r17c21,117.125792,42.441818,2005,afforested,0.8411,0.9075,0.02047,0.00989,0.2183,0.9663,0,0,stable_restoration,rising,regimeC_v0_CLCD+NDVI,RS_derived,ESA_WorldCover_2021_v200,Hansen_GFC2024v1.12_treecover2000,Landsat_C2_L2_GEE,CLCD_v01_zenodo.18180184,2026-06-10
SAIH_AFF_r17c22,117.137842,42.441818,1997,partial_forest,0.8635,0.8927,0.00829,0.00693,0.1406,0.9557,0,0,stable_restoration,rising,regimeC_v0_CLCD+NDVI,RS_derived,ESA_WorldCover_2021_v200,Hansen_GFC2024v1.12_treecover2000,Landsat_C2_L2_GEE,CLCD_v01_zenodo.18180184,2026-06-10
SAIH_AFF_r17c23,117.149893,42.441818,2005,afforested,0.7813,0.8257,0.02109,0.00882,0.1867,0.959,0,0,stable_restoration,rising,regimeC_v0_CLCD+NDVI,RS_derived,ESA_WorldCover_2021_v200,Hansen_GFC2024v1.12_treecover2000,Landsat_C2_L2_GEE,CLCD_v01_zenodo.18180184,2026-06-10
SAIH_AFF_r17c24,117.161944,42.441818,2004,afforested,0.8122,0.8503,0.02027,0.00924,0.1924,0.9633,2021,0,stable_restoration,rising,regimeC_v0_CLCD+NDVI,RS_derived,ESA_WorldCover_2021_v200,Hansen_GFC2024v1.12_treecover2000,Landsat_C2_L2_GEE,CLCD_v01_zenodo.18180184,2026-06-10
SAIH_AFF_r17c25,117.173995,42.441818,2005,afforested,0.7424,0.7901,0.01763,0.00941,0.2152,0.9605,2021,0,stable_restoration,rising,regimeC_v0_CLCD+NDVI,RS_derived,ESA_WorldCover_2021_v200,Hansen_GFC2024v1.12_treecover2000,Landsat_C2_L2_GEE,CLCD_v01_zenodo.18180184,2026-06-10
SAIH_AFF_r17c26,117.186045,42.441818,2005,afforested,0.7251,0.7713,0.01429,0.00925,0.21,0.9529,0,0,stable_restoration,rising,regimeC_v0_CLCD+NDVI,RS_derived,ESA_WorldCover_2021_v200,Hansen_GFC2024v1.12_treecover2000,Landsat_C2_L2_GEE,CLCD_v01_zenodo.18180184,2026-06-10
SAIH_AFF_r17c27,117.198096,42.441818,2003,afforested,0.8437,0.8944,0.01694,0.00913,0.2012,0.9402,0,0,stable_restoration,rising,regimeC_v0_CLCD+NDVI,RS_derived,ESA_WorldCover_2021_v200,Hansen_GFC2024v1.12_treecover2000,Landsat_C2_L2_GEE,CLCD_v01_zenodo.18180184,2026-06-10
SAIH_AFF_r17c28,117.210147,42.441818,1996,partial_forest,0.8927,0.9287,0.00589,0.00668,0.1363,0.9874,2021,0,stable_restoration,rising,regimeC_v0_CLCD+NDVI,RS_derived,ESA_WorldCover_2021_v200,Hansen_GFC2024v1.12_treecover2000,Landsat_C2_L2_GEE,CLCD_v01_zenodo.18180184,2026-06-10
SAIH_AFF_r17c29,117.222198,42.441818,1994,partial_forest,0.9771,1.0156,0.00313,0.0064,0.1354,0.9671,2021,0,stable_restoration,rising,regimeC_v0_CLCD+NDVI,RS_derived,ESA_WorldCover_2021_v200,Hansen_GFC2024v1.12_treecover2000,Landsat_C2_L2_GEE,CLCD_v01_zenodo.18180184,2026-06-10
SAIH_AFF_r17c30,117.234248,42.441818,1998,afforested,0.977,1.0172,0.00732,0.00731,0.1705,0.9705,2011,0,stable_restoration,rising,regimeC_v0_CLCD+NDVI,RS_derived,ESA_WorldCover_2021_v200,Hansen_GFC2024v1.12_treecover2000,Landsat_C2_L2_GEE,CLCD_v01_zenodo.18180184,2026-06-10
SAIH_AFF_r17c31,117.246299,42.441818,2004,afforested,0.6967,0.7627,0.00951,0.00719,0.1786,0.9479,2021,0,stable_restoration,rising,regimeC_v0_CLCD+NDVI,RS_derived,ESA_WorldCover_2021_v200,Hansen_GFC2024v1.12_treecover2000,Landsat_C2_L2_GEE,CLCD_v01_zenodo.18180184,2026-06-10
SAIH_AFF_r17c32,117.25835,42.441818,1998,afforested,0.9229,0.9922,0.01329,0.00615,0.1569,0.9452,2016,0,stable_restoration,rising,regimeC_v0_CLCD+NDVI,RS_derived,ESA_WorldCover_2021_v200,Hansen_GFC2024v1.12_treecover2000,Landsat_C2_L2_GEE,CLCD_v01_zenodo.18180184,2026-06-10
SAIH_AFF_r17c33,117.270401,42.441818,2006,afforested,0.6436,0.7084,0.01292,0.00543,0.1513,0.9637,2020,0,stable_restoration,rising,regimeC_v0_CLCD+NDVI,RS_derived,ESA_WorldCover_2021_v200,Hansen_GFC2024v1.12_treecover2000,Landsat_C2_L2_GEE,CLCD_v01_zenodo.18180184,2026-06-10
SAIH_AFF_r17c34,117.282452,42.441818,1985,stable_forest,0.7715,0.8086,0.00311,0.00548,0.1586,0.9401,2014,0,stable_restoration,rising,regimeC_v0_CLCD+NDVI,RS_derived,ESA_WorldCover_2021_v200,Hansen_GFC2024v1.12_treecover2000,Landsat_C2_L2_GEE,CLCD_v01_zenodo.18180184,2026-06-10
SAIH_AFF_r17c35,117.294502,42.441818,1985,stable_forest,0.8309,0.872,0.00365,0.00701,0.1866,0.9419,2012,0,stable_restoration,rising,regimeC_v0_CLCD+NDVI,RS_derived,ESA_WorldCover_2021_v200,Hansen_GFC2024v1.12_treecover2000,Landsat_C2_L2_GEE,CLCD_v01_zenodo.18180184,2026-06-10
SAIH_AFF_r17c36,117.306553,42.441818,1985,stable_forest,0.956,0.9974,0.01279,0.00709,0.1853,0.9315,2014,0,stable_restoration,rising,regimeC_v0_CLCD+NDVI,RS_derived,ESA_WorldCover_2021_v200,Hansen_GFC2024v1.12_treecover2000,Landsat_C2_L2_GEE,CLCD_v01_zenodo.18180184,2026-06-10
SAIH_AFF_r17c37,117.318604,42.441818,2004,afforested,0.976,1.0185,0.02239,0.00704,0.1682,0.9362,2019,1,stable_restoration,rising,regimeC_v0_CLCD+NDVI,RS_derived,ESA_WorldCover_2021_v200,Hansen_GFC2024v1.12_treecover2000,Landsat_C2_L2_GEE,CLCD_v01_zenodo.18180184,2026-06-10
SAIH_AFF_r17c38,117.330655,42.441818,1999,partial_forest,0.9617,1.0049,0.01303,0.0071,0.1621,0.9607,2011,0,stable_restoration,rising,regimeC_v0_CLCD+NDVI,RS_derived,ESA_WorldCover_2021_v200,Hansen_GFC2024v1.12_treecover2000,Landsat_C2_L2_GEE,CLCD_v01_zenodo.18180184,2026-06-10
SAIH_AFF_r17c39,117.342705,42.441818,1985,stable_forest,0.9606,1.0031,0.00852,0.0079,0.1812,0.9708,2007,0,stable_restoration,rising,regimeC_v0_CLCD+NDVI,RS_derived,ESA_WorldCover_2021_v200,Hansen_GFC2024v1.12_treecover2000,Landsat_C2_L2_GEE,CLCD_v01_zenodo.18180184,2026-06-10
SAIH_AFF_r17c40,117.354756,42.441818,1985,stable_forest,0.7776,0.8187,0.00478,0.00373,0.1069,0.9544,2022,0,stable_restoration,rising,regimeC_v0_CLCD+NDVI,RS_derived,ESA_WorldCover_2021_v200,Hansen_GFC2024v1.12_treecover2000,Landsat_C2_L2_GEE,CLCD_v01_zenodo.18180184,2026-06-10
SAIH_AFF_r17c41,117.366807,42.441818,1985,stable_forest,0.7956,0.8807,0.00682,0.00732,0.1844,0.9324,0,0,stable_restoration,rising,regimeC_v0_CLCD+NDVI,RS_derived,ESA_WorldCover_2021_v200,Hansen_GFC2024v1.12_treecover2000,Landsat_C2_L2_GEE,CLCD_v01_zenodo.18180184,2026-06-10
SAIH_AFF_r17c42,117.378858,42.441818,1985,stable_forest,0.8087,0.8595,0.0036,0.00544,0.1401,0.962,2021,0,stable_restoration,rising,regimeC_v0_CLCD+NDVI,RS_derived,ESA_WorldCover_2021_v200,Hansen_GFC2024v1.12_treecover2000,Landsat_C2_L2_GEE,CLCD_v01_zenodo.18180184,2026-06-10
SAIH_AFF_r17c43,117.390908,42.441818,1985,stable_forest,0.8492,0.9001,0.00296,0.00437,0.1345,0.961,2021,1,stable_restoration,rising,regimeC_v0_CLCD+NDVI,RS_derived,ESA_WorldCover_2021_v200,Hansen_GFC2024v1.12_treecover2000,Landsat_C2_L2_GEE,CLCD_v01_zenodo.18180184,2026-06-10
SAIH_AFF_r17c44,117.402959,42.441818,1985,stable_forest,0.8314,0.9041,0.00789,0.00515,0.1553,0.9425,2020,1,stable_restoration,rising,regimeC_v0_CLCD+NDVI,RS_derived,ESA_WorldCover_2021_v200,Hansen_GFC2024v1.12_treecover2000,Landsat_C2_L2_GEE,CLCD_v01_zenodo.18180184,2026-06-10
SAIH_AFF_r17c45,117.41501,42.441818,1985,stable_forest,0.9337,0.9729,0.00695,0.006,0.1524,0.9609,2022,0,stable_restoration,rising,regimeC_v0_CLCD+NDVI,RS_derived,ESA_WorldCover_2021_v200,Hansen_GFC2024v1.12_treecover2000,Landsat_C2_L2_GEE,CLCD_v01_zenodo.18180184,2026-06-10
SAIH_AFF_r17c46,117.427061,42.441818,1985,stable_forest,0.9879,1.0265,0.00438,0.00569,0.1359,0.9681,2022,0,stable_restoration,rising,regimeC_v0_CLCD+NDVI,RS_derived,ESA_WorldCover_2021_v200,Hansen_GFC2024v1.12_treecover2000,Landsat_C2_L2_GEE,CLCD_v01_zenodo.18180184,2026-06-10
SAIH_AFF_r17c47,117.439112,42.441818,1985,stable_forest,0.8808,0.9235,0.01107,0.0064,0.1412,0.9671,2022,0,stable_restoration,rising,regimeC_v0_CLCD+NDVI,RS_derived,ESA_WorldCover_2021_v200,Hansen_GFC2024v1.12_treecover2000,Landsat_C2_L2_GEE,CLCD_v01_zenodo.18180184,2026-06-10
SAIH_AFF_r17c48,117.451162,42.441818,2002,partial_forest,0.5816,0.606,0.00402,0.00625,0.1372,0.9804,0,0,early_restoration,rising,regimeC_v0_CLCD+NDVI,RS_derived,ESA_WorldCover_2021_v200,Hansen_GFC2024v1.12_treecover2000,Landsat_C2_L2_GEE,CLCD_v01_zenodo.18180184,2026-06-10
SAIH_AFF_r17c49,117.463213,42.441818,1985,stable_forest,0.7106,0.7416,0.00502,0.00732,0.1738,0.9716,0,0,stable_restoration,rising,regimeC_v0_CLCD+NDVI,RS_derived,ESA_WorldCover_2021_v200,Hansen_GFC2024v1.12_treecover2000,Landsat_C2_L2_GEE,CLCD_v01_zenodo.18180184,2026-06-10
SAIH_AFF_r17c50,117.475264,42.441818,0,partial_forest,0.4192,0.4385,0.00714,0.00675,0.1616,0.9716,2021,1,early_restoration,rising,regimeC_v0_CLCD+NDVI,RS_derived,ESA_WorldCover_2021_v200,Hansen_GFC2024v1.12_treecover2000,Landsat_C2_L2_GEE,CLCD_v01_zenodo.18180184,2026-06-10
SAIH_AFF_r17c51,117.487315,42.441818,1985,stable_forest,0.7249,0.7565,0.00778,0.0058,0.1354,0.9736,0,0,stable_restoration,rising,regimeC_v0_CLCD+NDVI,RS_derived,ESA_WorldCover_2021_v200,Hansen_GFC2024v1.12_treecover2000,Landsat_C2_L2_GEE,CLCD_v01_zenodo.18180184,2026-06-10
SAIH_AFF_r17c52,117.499365,42.441818,1985,stable_forest,0.9114,0.9494,0.00259,0.00464,0.0981,0.9516,2011,0,stable_restoration,rising,regimeC_v0_CLCD+NDVI,RS_derived,ESA_WorldCover_2021_v200,Hansen_GFC2024v1.12_treecover2000,Landsat_C2_L2_GEE,CLCD_v01_zenodo.18180184,2026-06-10
SAIH_AFF_r17c53,117.511416,42.441818,1985,stable_forest,0.969,1.0054,0.00017,0.00302,0.0596,0.9385,2001,0,stable_restoration,rising,regimeC_v0_CLCD+NDVI,RS_derived,ESA_WorldCover_2021_v200,Hansen_GFC2024v1.12_treecover2000,Landsat_C2_L2_GEE,CLCD_v01_zenodo.18180184,2026-06-10
SAIH_AFF_r17c54,117.523467,42.441818,1985,stable_forest,0.8589,0.8944,0.00346,0.00505,0.1258,0.9503,0,0,stable_restoration,rising,regimeC_v0_CLCD+NDVI,RS_derived,ESA_WorldCover_2021_v200,Hansen_GFC2024v1.12_treecover2000,Landsat_C2_L2_GEE,CLCD_v01_zenodo.18180184,2026-06-10
SAIH_AFF_r17c55,117.535518,42.441818,2009,partial_forest,0.6,0.6225,0.00979,0.00635,0.149,0.9576,0,0,early_restoration,rising,regimeC_v0_CLCD+NDVI,RS_derived,ESA_WorldCover_2021_v200,Hansen_GFC2024v1.12_treecover2000,Landsat_C2_L2_GEE,CLCD_v01_zenodo.18180184,2026-06-10
SAIH_AFF_r17c56,117.547568,42.441818,2010,partial_forest,0.5472,0.5677,0.00785,0.00527,0.1301,0.9586,2014,0,early_restoration,rising,regimeC_v0_CLCD+NDVI,RS_derived,ESA_WorldCover_2021_v200,Hansen_GFC2024v1.12_treecover2000,Landsat_C2_L2_GEE,CLCD_v01_zenodo.18180184,2026-06-10
SAIH_AFF_r17c57,117.559619,42.441818,2008,partial_forest,0.7485,0.7765,0.01551,0.00863,0.2034,0.9758,2021,0,stable_restoration,rising,regimeC_v0_CLCD+NDVI,RS_derived,ESA_WorldCover_2021_v200,Hansen_GFC2024v1.12_treecover2000,Landsat_C2_L2_GEE,CLCD_v01_zenodo.18180184,2026-06-10
SAIH_AFF_r17c58,117.57167,42.441818,1990,stable_forest,0.6747,0.6701,0.00396,0.0047,0.1243,0.9775,2019,0,stable_restoration,rising,regimeC_v0_CLCD+NDVI,RS_derived,ESA_WorldCover_2021_v200,Hansen_GFC2024v1.12_treecover2000,Landsat_C2_L2_GEE,CLCD_v01_zenodo.18180184,2026-06-10
SAIH_AFF_r17c59,117.583721,42.441818,1990,stable_forest,0.8814,0.9116,0.00515,0.00372,0.1053,0.9792,2002,0,stable_restoration,rising,regimeC_v0_CLCD+NDVI,RS_derived,ESA_WorldCover_2021_v200,Hansen_GFC2024v1.12_treecover2000,Landsat_C2_L2_GEE,CLCD_v01_zenodo.18180184,2026-06-10
SAIH_AFF_r17c60,117.595772,42.441818,2003,partial_forest,0.6644,0.6936,0.0075,0.00436,0.1087,0.9593,0,0,stable_restoration,rising,regimeC_v0_CLCD+NDVI,RS_derived,ESA_WorldCover_2021_v200,Hansen_GFC2024v1.12_treecover2000,Landsat_C2_L2_GEE,CLCD_v01_zenodo.18180184,2026-06-10
SAIH_AFF_r17c61,117.607822,42.441818,2015,afforested,0.5359,0.5596,0.01049,0.00588,0.1342,0.961,0,0,early_restoration,rising,regimeC_v0_CLCD+NDVI,RS_derived,ESA_WorldCover_2021_v200,Hansen_GFC2024v1.12_treecover2000,Landsat_C2_L2_GEE,CLCD_v01_zenodo.18180184,2026-06-10
SAIH_AFF_r18c11,117.005284,42.432779,2015,afforested,0.6554,0.7611,0.02027,0.00864,0.1807,0.9643,0,0,stable_restoration,rising,regimeC_v0_CLCD+NDVI,RS_derived,ESA_WorldCover_2021_v200,Hansen_GFC2024v1.12_treecover2000,Landsat_C2_L2_GEE,CLCD_v01_zenodo.18180184,2026-06-10
SAIH_AFF_r18c12,117.017335,42.432779,2004,afforested,0.9611,1.0077,0.02815,0.01108,0.2288,0.9764,2021,0,stable_restoration,rising,regimeC_v0_CLCD+NDVI,RS_derived,ESA_WorldCover_2021_v200,Hansen_GFC2024v1.12_treecover2000,Landsat_C2_L2_GEE,CLCD_v01_zenodo.18180184,2026-06-10
SAIH_AFF_r18c13,117.029385,42.432779,2003,afforested,0.8486,0.8984,0.0168,0.00954,0.2035,0.9727,2022,0,stable_restoration,rising,regimeC_v0_CLCD+NDVI,RS_derived,ESA_WorldCover_2021_v200,Hansen_GFC2024v1.12_treecover2000,Landsat_C2_L2_GEE,CLCD_v01_zenodo.18180184,2026-06-10
SAIH_AFF_r18c14,117.041436,42.432779,2010,afforested,0.7074,0.8584,0.02186,0.00997,0.2108,0.9685,0,0,stable_restoration,rising,regimeC_v0_CLCD+NDVI,RS_derived,ESA_WorldCover_2021_v200,Hansen_GFC2024v1.12_treecover2000,Landsat_C2_L2_GEE,CLCD_v01_zenodo.18180184,2026-06-10
SAIH_AFF_r18c15,117.053487,42.432779,1985,stable_forest,0.9239,0.987,0.00877,0.0092,0.1964,0.9726,2012,0,stable_restoration,rising,regimeC_v0_CLCD+NDVI,RS_derived,ESA_WorldCover_2021_v200,Hansen_GFC2024v1.12_treecover2000,Landsat_C2_L2_GEE,CLCD_v01_zenodo.18180184,2026-06-10
SAIH_AFF_r18c16,117.065538,42.432779,1999,partial_forest,0.935,0.9985,0.01387,0.00931,0.21,0.9743,0,0,stable_restoration,rising,regimeC_v0_CLCD+NDVI,RS_derived,ESA_WorldCover_2021_v200,Hansen_GFC2024v1.12_treecover2000,Landsat_C2_L2_GEE,CLCD_v01_zenodo.18180184,2026-06-10
SAIH_AFF_r18c17,117.077588,42.432779,1996,afforested,0.9803,1.0265,0.00639,0.00793,0.1691,0.97,2012,0,stable_restoration,rising,regimeC_v0_CLCD+NDVI,RS_derived,ESA_WorldCover_2021_v200,Hansen_GFC2024v1.12_treecover2000,Landsat_C2_L2_GEE,CLCD_v01_zenodo.18180184,2026-06-10
SAIH_AFF_r18c18,117.089639,42.432779,1996,afforested,0.9609,1.0128,0.00973,0.00858,0.1788,0.9743,2012,0,stable_restoration,rising,regimeC_v0_CLCD+NDVI,RS_derived,ESA_WorldCover_2021_v200,Hansen_GFC2024v1.12_treecover2000,Landsat_C2_L2_GEE,CLCD_v01_zenodo.18180184,2026-06-10
SAIH_AFF_r18c19,117.10169,42.432779,1996,partial_forest,0.9429,1.0174,0.00988,0.00982,0.2068,0.9762,2007,0,stable_restoration,rising,regimeC_v0_CLCD+NDVI,RS_derived,ESA_WorldCover_2021_v200,Hansen_GFC2024v1.12_treecover2000,Landsat_C2_L2_GEE,CLCD_v01_zenodo.18180184,2026-06-10
SAIH_AFF_r18c20,117.113741,42.432779,2000,partial_forest,0.8776,0.9314,0.01628,0.00721,0.1533,0.9471,0,0,stable_restoration,rising,regimeC_v0_CLCD+NDVI,RS_derived,ESA_WorldCover_2021_v200,Hansen_GFC2024v1.12_treecover2000,Landsat_C2_L2_GEE,CLCD_v01_zenodo.18180184,2026-06-10
SAIH_AFF_r18c21,117.125792,42.432779,2008,afforested,0.7791,0.8457,0.02318,0.00974,0.2085,0.941,0,0,stable_restoration,rising,regimeC_v0_CLCD+NDVI,RS_derived,ESA_WorldCover_2021_v200,Hansen_GFC2024v1.12_treecover2000,Landsat_C2_L2_GEE,CLCD_v01_zenodo.18180184,2026-06-10
SAIH_AFF_r18c22,117.137842,42.432779,2000,afforested,0.8251,0.8612,0.01372,0.00771,0.1557,0.9622,0,0,stable_restoration,rising,regimeC_v0_CLCD+NDVI,RS_derived,ESA_WorldCover_2021_v200,Hansen_GFC2024v1.12_treecover2000,Landsat_C2_L2_GEE,CLCD_v01_zenodo.18180184,2026-06-10
SAIH_AFF_r18c23,117.149893,42.432779,2002,afforested,0.8399,0.8812,0.01591,0.0069,0.1375,0.965,2021,0,stable_restoration,rising,regimeC_v0_CLCD+NDVI,RS_derived,ESA_WorldCover_2021_v200,Hansen_GFC2024v1.12_treecover2000,Landsat_C2_L2_GEE,CLCD_v01_zenodo.18180184,2026-06-10
SAIH_AFF_r18c24,117.161944,42.432779,2002,partial_forest,0.833,0.8721,0.01446,0.00687,0.1375,0.953,2021,1,stable_restoration,rising,regimeC_v0_CLCD+NDVI,RS_derived,ESA_WorldCover_2021_v200,Hansen_GFC2024v1.12_treecover2000,Landsat_C2_L2_GEE,CLCD_v01_zenodo.18180184,2026-06-10
SAIH_AFF_r18c25,117.173995,42.432779,1998,partial_forest,0.8986,0.9381,0.01301,0.00851,0.1982,0.9615,2021,0,stable_restoration,rising,regimeC_v0_CLCD+NDVI,RS_derived,ESA_WorldCover_2021_v200,Hansen_GFC2024v1.12_treecover2000,Landsat_C2_L2_GEE,CLCD_v01_zenodo.18180184,2026-06-10
SAIH_AFF_r18c26,117.186045,42.432779,1985,stable_forest,0.8266,0.8595,0.00421,0.00554,0.138,0.9351,2021,1,stable_restoration,rising,regimeC_v0_CLCD+NDVI,RS_derived,ESA_WorldCover_2021_v200,Hansen_GFC2024v1.12_treecover2000,Landsat_C2_L2_GEE,CLCD_v01_zenodo.18180184,2026-06-10
SAIH_AFF_r18c27,117.198096,42.432779,1985,stable_forest,0.936,0.9717,0.00313,0.0056,0.1319,0.9446,2021,1,stable_restoration,rising,regimeC_v0_CLCD+NDVI,RS_derived,ESA_WorldCover_2021_v200,Hansen_GFC2024v1.12_treecover2000,Landsat_C2_L2_GEE,CLCD_v01_zenodo.18180184,2026-06-10
SAIH_AFF_r18c28,117.210147,42.432779,1990,stable_forest,0.8779,0.919,0.00706,0.00726,0.1573,0.9634,2021,0,stable_restoration,rising,regimeC_v0_CLCD+NDVI,RS_derived,ESA_WorldCover_2021_v200,Hansen_GFC2024v1.12_treecover2000,Landsat_C2_L2_GEE,CLCD_v01_zenodo.18180184,2026-06-10
SAIH_AFF_r18c29,117.222198,42.432779,1985,stable_forest,0.9537,0.9922,0.00329,0.00681,0.1522,0.9687,2011,0,stable_restoration,rising,regimeC_v0_CLCD+NDVI,RS_derived,ESA_WorldCover_2021_v200,Hansen_GFC2024v1.12_treecover2000,Landsat_C2_L2_GEE,CLCD_v01_zenodo.18180184,2026-06-10
SAIH_AFF_r18c30,117.234248,42.432779,1997,partial_forest,0.8564,0.8899,0.00686,0.00663,0.167,0.9615,2020,0,stable_restoration,rising,regimeC_v0_CLCD+NDVI,RS_derived,ESA_WorldCover_2021_v200,Hansen_GFC2024v1.12_treecover2000,Landsat_C2_L2_GEE,CLCD_v01_zenodo.18180184,2026-06-10
SAIH_AFF_r18c31,117.246299,42.432779,0,partial_forest,0.3953,0.4331,0.00642,0.00625,0.1673,0.9372,2012,0,early_restoration,rising,regimeC_v0_CLCD+NDVI,RS_derived,ESA_WorldCover_2021_v200,Hansen_GFC2024v1.12_treecover2000,Landsat_C2_L2_GEE,CLCD_v01_zenodo.18180184,2026-06-10
SAIH_AFF_r18c32,117.25835,42.432779,2004,afforested,0.6631,0.7279,0.00962,0.00597,0.1543,0.9527,2017,0,stable_restoration,rising,regimeC_v0_CLCD+NDVI,RS_derived,ESA_WorldCover_2021_v200,Hansen_GFC2024v1.12_treecover2000,Landsat_C2_L2_GEE,CLCD_v01_zenodo.18180184,2026-06-10
SAIH_AFF_r18c33,117.270401,42.432779,1996,afforested,0.9795,1.0237,0.00488,0.00707,0.1596,0.9823,2022,0,stable_restoration,rising,regimeC_v0_CLCD+NDVI,RS_derived,ESA_WorldCover_2021_v200,Hansen_GFC2024v1.12_treecover2000,Landsat_C2_L2_GEE,CLCD_v01_zenodo.18180184,2026-06-10
SAIH_AFF_r18c34,117.282452,42.432779,1996,partial_forest,0.9771,1.0151,0.00458,0.00731,0.1676,0.978,0,0,stable_restoration,rising,regimeC_v0_CLCD+NDVI,RS_derived,ESA_WorldCover_2021_v200,Hansen_GFC2024v1.12_treecover2000,Landsat_C2_L2_GEE,CLCD_v01_zenodo.18180184,2026-06-10
SAIH_AFF_r18c35,117.294502,42.432779,1985,stable_forest,0.9953,1.0318,0.00242,0.00774,0.1774,0.9715,2021,0,stable_restoration,rising,regimeC_v0_CLCD+NDVI,RS_derived,ESA_WorldCover_2021_v200,Hansen_GFC2024v1.12_treecover2000,Landsat_C2_L2_GEE,CLCD_v01_zenodo.18180184,2026-06-10
SAIH_AFF_r18c36,117.306553,42.432779,1998,partial_forest,0.9233,0.9636,0.01318,0.00724,0.1717,0.954,0,0,stable_restoration,rising,regimeC_v0_CLCD+NDVI,RS_derived,ESA_WorldCover_2021_v200,Hansen_GFC2024v1.12_treecover2000,Landsat_C2_L2_GEE,CLCD_v01_zenodo.18180184,2026-06-10
SAIH_AFF_r18c37,117.318604,42.432779,2017,afforested,0.6953,0.8051,0.02367,0.0085,0.2247,0.9356,2013,0,stable_restoration,rising,regimeC_v0_CLCD+NDVI,RS_derived,ESA_WorldCover_2021_v200,Hansen_GFC2024v1.12_treecover2000,Landsat_C2_L2_GEE,CLCD_v01_zenodo.18180184,2026-06-10
SAIH_AFF_r18c38,117.330655,42.432779,2003,partial_forest,0.7346,0.7531,0.01219,0.00461,0.1408,0.9311,2021,1,stable_restoration,rising,regimeC_v0_CLCD+NDVI,RS_derived,ESA_WorldCover_2021_v200,Hansen_GFC2024v1.12_treecover2000,Landsat_C2_L2_GEE,CLCD_v01_zenodo.18180184,2026-06-10
SAIH_AFF_r18c39,117.342705,42.432779,1985,stable_forest,0.9465,0.986,0.00469,0.0053,0.1442,0.9638,2021,1,stable_restoration,rising,regimeC_v0_CLCD+NDVI,RS_derived,ESA_WorldCover_2021_v200,Hansen_GFC2024v1.12_treecover2000,Landsat_C2_L2_GEE,CLCD_v01_zenodo.18180184,2026-06-10
SAIH_AFF_r18c40,117.354756,42.432779,1985,stable_forest,0.9732,1.0251,0.00476,0.00902,0.2343,0.9671,0,0,stable_restoration,rising,regimeC_v0_CLCD+NDVI,RS_derived,ESA_WorldCover_2021_v200,Hansen_GFC2024v1.12_treecover2000,Landsat_C2_L2_GEE,CLCD_v01_zenodo.18180184,2026-06-10
SAIH_AFF_r18c41,117.366807,42.432779,1985,stable_forest,0.8132,0.8572,0.0057,0.00779,0.2123,0.9653,2012,0,stable_restoration,rising,regimeC_v0_CLCD+NDVI,RS_derived,ESA_WorldCover_2021_v200,Hansen_GFC2024v1.12_treecover2000,Landsat_C2_L2_GEE,CLCD_v01_zenodo.18180184,2026-06-10
SAIH_AFF_r18c42,117.378858,42.432779,1990,stable_forest,0.7023,0.7604,0.00654,0.00616,0.1721,0.9603,2021,1,stable_restoration,rising,regimeC_v0_CLCD+NDVI,RS_derived,ESA_WorldCover_2021_v200,Hansen_GFC2024v1.12_treecover2000,Landsat_C2_L2_GEE,CLCD_v01_zenodo.18180184,2026-06-10
SAIH_AFF_r18c43,117.390908,42.432779,1985,stable_forest,0.9487,0.9905,0.00478,0.00566,0.1332,0.9637,2019,0,stable_restoration,rising,regimeC_v0_CLCD+NDVI,RS_derived,ESA_WorldCover_2021_v200,Hansen_GFC2024v1.12_treecover2000,Landsat_C2_L2_GEE,CLCD_v01_zenodo.18180184,2026-06-10
SAIH_AFF_r18c44,117.402959,42.432779,1985,stable_forest,0.9499,0.9837,0.00374,0.00576,0.1496,0.9658,2022,0,stable_restoration,rising,regimeC_v0_CLCD+NDVI,RS_derived,ESA_WorldCover_2021_v200,Hansen_GFC2024v1.12_treecover2000,Landsat_C2_L2_GEE,CLCD_v01_zenodo.18180184,2026-06-10
SAIH_AFF_r18c45,117.41501,42.432779,1985,stable_forest,0.9269,0.9651,0.00331,0.00571,0.1591,0.9502,2013,0,stable_restoration,rising,regimeC_v0_CLCD+NDVI,RS_derived,ESA_WorldCover_2021_v200,Hansen_GFC2024v1.12_treecover2000,Landsat_C2_L2_GEE,CLCD_v01_zenodo.18180184,2026-06-10
SAIH_AFF_r18c46,117.427061,42.432779,1985,stable_forest,0.9161,0.963,0.00521,0.00389,0.1192,0.9292,2021,0,stable_restoration,rising,regimeC_v0_CLCD+NDVI,RS_derived,ESA_WorldCover_2021_v200,Hansen_GFC2024v1.12_treecover2000,Landsat_C2_L2_GEE,CLCD_v01_zenodo.18180184,2026-06-10
SAIH_AFF_r18c47,117.439112,42.432779,1985,stable_forest,0.8751,0.9155,0.00898,0.005,0.1224,0.9594,2022,0,stable_restoration,rising,regimeC_v0_CLCD+NDVI,RS_derived,ESA_WorldCover_2021_v200,Hansen_GFC2024v1.12_treecover2000,Landsat_C2_L2_GEE,CLCD_v01_zenodo.18180184,2026-06-10
SAIH_AFF_r18c48,117.451162,42.432779,1985,stable_forest,0.7073,0.7347,0.00748,0.00686,0.1568,0.9725,0,0,stable_restoration,rising,regimeC_v0_CLCD+NDVI,RS_derived,ESA_WorldCover_2021_v200,Hansen_GFC2024v1.12_treecover2000,Landsat_C2_L2_GEE,CLCD_v01_zenodo.18180184,2026-06-10
SAIH_AFF_r18c49,117.463213,42.432779,0,partial_forest,0.457,0.4806,0.00821,0.00953,0.2212,0.9756,0,0,early_restoration,rising,regimeC_v0_CLCD+NDVI,RS_derived,ESA_WorldCover_2021_v200,Hansen_GFC2024v1.12_treecover2000,Landsat_C2_L2_GEE,CLCD_v01_zenodo.18180184,2026-06-10
SAIH_AFF_r18c50,117.475264,42.432779,2009,partial_forest,0.6092,0.6348,0.00805,0.00882,0.2047,0.984,2021,0,early_restoration,rising,regimeC_v0_CLCD+NDVI,RS_derived,ESA_WorldCover_2021_v200,Hansen_GFC2024v1.12_treecover2000,Landsat_C2_L2_GEE,CLCD_v01_zenodo.18180184,2026-06-10
SAIH_AFF_r18c51,117.487315,42.432779,1985,stable_forest,0.7599,0.7897,0.00109,0.00717,0.1849,0.9811,0,0,stable_restoration,rising,regimeC_v0_CLCD+NDVI,RS_derived,ESA_WorldCover_2021_v200,Hansen_GFC2024v1.12_treecover2000,Landsat_C2_L2_GEE,CLCD_v01_zenodo.18180184,2026-06-10
SAIH_AFF_r18c52,117.499365,42.432779,1985,stable_forest,0.8097,0.8561,0.00147,0.0031,0.0769,0.9621,2014,0,stable_restoration,rising,regimeC_v0_CLCD+NDVI,RS_derived,ESA_WorldCover_2021_v200,Hansen_GFC2024v1.12_treecover2000,Landsat_C2_L2_GEE,CLCD_v01_zenodo.18180184,2026-06-10
SAIH_AFF_r18c53,117.511416,42.432779,1990,stable_forest,0.8561,0.9035,0.01039,0.00405,0.1051,0.9704,2014,0,stable_restoration,rising,regimeC_v0_CLCD+NDVI,RS_derived,ESA_WorldCover_2021_v200,Hansen_GFC2024v1.12_treecover2000,Landsat_C2_L2_GEE,CLCD_v01_zenodo.18180184,2026-06-10
SAIH_AFF_r18c54,117.523467,42.432779,1990,stable_forest,0.9611,1.0083,0.02258,0.00823,0.1768,0.9663,0,0,stable_restoration,rising,regimeC_v0_CLCD+NDVI,RS_derived,ESA_WorldCover_2021_v200,Hansen_GFC2024v1.12_treecover2000,Landsat_C2_L2_GEE,CLCD_v01_zenodo.18180184,2026-06-10
SAIH_AFF_r18c55,117.535518,42.432779,2008,partial_forest,0.8142,0.854,0.01863,0.00956,0.2038,0.9729,0,0,stable_restoration,rising,regimeC_v0_CLCD+NDVI,RS_derived,ESA_WorldCover_2021_v200,Hansen_GFC2024v1.12_treecover2000,Landsat_C2_L2_GEE,CLCD_v01_zenodo.18180184,2026-06-10
SAIH_AFF_r18c56,117.547568,42.432779,2017,partial_forest,0.5694,0.5957,0.01352,0.00883,0.2004,0.9572,0,0,early_restoration,rising,regimeC_v0_CLCD+NDVI,RS_derived,ESA_WorldCover_2021_v200,Hansen_GFC2024v1.12_treecover2000,Landsat_C2_L2_GEE,CLCD_v01_zenodo.18180184,2026-06-10
SAIH_AFF_r18c57,117.559619,42.432779,2016,afforested,0.6361,0.6632,0.02357,0.01066,0.2303,0.9727,0,0,stable_restoration,rising,regimeC_v0_CLCD+NDVI,RS_derived,ESA_WorldCover_2021_v200,Hansen_GFC2024v1.12_treecover2000,Landsat_C2_L2_GEE,CLCD_v01_zenodo.18180184,2026-06-10
SAIH_AFF_r18c58,117.57167,42.432779,0,non_forest,0.1065,0.1133,0.00531,0.01036,0.2378,0.9642,0,0,degraded,rising,regimeC_v0_CLCD+NDVI,RS_derived,ESA_WorldCover_2021_v200,Hansen_GFC2024v1.12_treecover2000,Landsat_C2_L2_GEE,CLCD_v01_zenodo.18180184,2026-06-10
SAIH_AFF_r18c59,117.583721,42.432779,2015,afforested,0.5879,0.6105,0.00946,0.00649,0.1526,0.9607,0,0,early_restoration,rising,regimeC_v0_CLCD+NDVI,RS_derived,ESA_WorldCover_2021_v200,Hansen_GFC2024v1.12_treecover2000,Landsat_C2_L2_GEE,CLCD_v01_zenodo.18180184,2026-06-10
SAIH_AFF_r18c60,117.595772,42.432779,0,non_forest,0.2946,0.3107,0.00311,0.00617,0.1443,0.9535,0,0,degraded,rising,regimeC_v0_CLCD+NDVI,RS_derived,ESA_WorldCover_2021_v200,Hansen_GFC2024v1.12_treecover2000,Landsat_C2_L2_GEE,CLCD_v01_zenodo.18180184,2026-06-10
SAIH_AFF_r18c61,117.607822,42.432779,2022,partial_forest,0.498,0.5379,0.02134,0.00702,0.163,0.9517,0,0,early_restoration,rising,regimeC_v0_CLCD+NDVI,RS_derived,ESA_WorldCover_2021_v200,Hansen_GFC2024v1.12_treecover2000,Landsat_C2_L2_GEE,CLCD_v01_zenodo.18180184,2026-06-10
SAIH_AFF_r18c63,117.631924,42.432779,0,partial_forest,0.4342,0.4515,0.02163,0.0127,0.2716,0.9522,2021,0,early_restoration,rising,regimeC_v0_CLCD+NDVI,RS_derived,ESA_WorldCover_2021_v200,Hansen_GFC2024v1.12_treecover2000,Landsat_C2_L2_GEE,CLCD_v01_zenodo.18180184,2026-06-10
SAIH_AFF_r19c08,116.969132,42.42374,2024,partial_forest,0.4603,0.6268,0.01881,0.01104,0.2521,0.968,2023,0,early_restoration,rising,regimeC_v0_CLCD+NDVI,RS_derived,ESA_WorldCover_2021_v200,Hansen_GFC2024v1.12_treecover2000,Landsat_C2_L2_GEE,CLCD_v01_zenodo.18180184,2026-06-10
SAIH_AFF_r19c09,116.981182,42.42374,0,partial_forest,0.3545,0.4926,0.01655,0.01006,0.2198,0.9569,2022,0,early_restoration,rising,regimeC_v0_CLCD+NDVI,RS_derived,ESA_WorldCover_2021_v200,Hansen_GFC2024v1.12_treecover2000,Landsat_C2_L2_GEE,CLCD_v01_zenodo.18180184,2026-06-10
SAIH_AFF_r19c10,116.993233,42.42374,2025,partial_forest,0.3962,0.5395,0.01924,0.00842,0.1788,0.9268,0,0,early_restoration,rising,regimeC_v0_CLCD+NDVI,RS_derived,ESA_WorldCover_2021_v200,Hansen_GFC2024v1.12_treecover2000,Landsat_C2_L2_GEE,CLCD_v01_zenodo.18180184,2026-06-10
SAIH_AFF_r19c11,117.005284,42.42374,2009,afforested,0.7453,0.8803,0.02523,0.01024,0.203,0.9595,0,0,stable_restoration,rising,regimeC_v0_CLCD+NDVI,RS_derived,ESA_WorldCover_2021_v200,Hansen_GFC2024v1.12_treecover2000,Landsat_C2_L2_GEE,CLCD_v01_zenodo.18180184,2026-06-10
SAIH_AFF_r19c12,117.017335,42.42374,2007,afforested,0.9341,1.0007,0.03522,0.01193,0.2366,0.9498,0,0,stable_restoration,rising,regimeC_v0_CLCD+NDVI,RS_derived,ESA_WorldCover_2021_v200,Hansen_GFC2024v1.12_treecover2000,Landsat_C2_L2_GEE,CLCD_v01_zenodo.18180184,2026-06-10
SAIH_AFF_r19c13,117.029385,42.42374,2004,afforested,0.8912,0.9316,0.02283,0.0102,0.1995,0.9683,2021,0,stable_restoration,rising,regimeC_v0_CLCD+NDVI,RS_derived,ESA_WorldCover_2021_v200,Hansen_GFC2024v1.12_treecover2000,Landsat_C2_L2_GEE,CLCD_v01_zenodo.18180184,2026-06-10
SAIH_AFF_r19c14,117.041436,42.42374,2005,afforested,0.6823,0.7237,0.01552,0.00785,0.1487,0.9721,2021,0,stable_restoration,rising,regimeC_v0_CLCD+NDVI,RS_derived,ESA_WorldCover_2021_v200,Hansen_GFC2024v1.12_treecover2000,Landsat_C2_L2_GEE,CLCD_v01_zenodo.18180184,2026-06-10
SAIH_AFF_r19c15,117.053487,42.42374,2005,afforested,0.7604,0.8157,0.01846,0.00851,0.1749,0.969,0,0,stable_restoration,rising,regimeC_v0_CLCD+NDVI,RS_derived,ESA_WorldCover_2021_v200,Hansen_GFC2024v1.12_treecover2000,Landsat_C2_L2_GEE,CLCD_v01_zenodo.18180184,2026-06-10
SAIH_AFF_r19c16,117.065538,42.42374,2014,afforested,0.6749,0.7711,0.0196,0.00831,0.1777,0.976,0,0,stable_restoration,rising,regimeC_v0_CLCD+NDVI,RS_derived,ESA_WorldCover_2021_v200,Hansen_GFC2024v1.12_treecover2000,Landsat_C2_L2_GEE,CLCD_v01_zenodo.18180184,2026-06-10
SAIH_AFF_r19c17,117.077588,42.42374,2002,afforested,0.7942,0.8558,0.01095,0.00748,0.152,0.9741,2021,0,stable_restoration,rising,regimeC_v0_CLCD+NDVI,RS_derived,ESA_WorldCover_2021_v200,Hansen_GFC2024v1.12_treecover2000,Landsat_C2_L2_GEE,CLCD_v01_zenodo.18180184,2026-06-10
SAIH_AFF_r19c18,117.089639,42.42374,2003,afforested,0.8772,0.9672,0.01869,0.00952,0.1964,0.9627,2021,0,stable_restoration,rising,regimeC_v0_CLCD+NDVI,RS_derived,ESA_WorldCover_2021_v200,Hansen_GFC2024v1.12_treecover2000,Landsat_C2_L2_GEE,CLCD_v01_zenodo.18180184,2026-06-10
SAIH_AFF_r19c19,117.10169,42.42374,2000,afforested,0.8578,0.9154,0.01339,0.00819,0.1763,0.9751,0,0,stable_restoration,rising,regimeC_v0_CLCD+NDVI,RS_derived,ESA_WorldCover_2021_v200,Hansen_GFC2024v1.12_treecover2000,Landsat_C2_L2_GEE,CLCD_v01_zenodo.18180184,2026-06-10
SAIH_AFF_r19c20,117.113741,42.42374,2000,afforested,0.8146,0.8813,0.0131,0.00821,0.1698,0.9589,0,0,stable_restoration,rising,regimeC_v0_CLCD+NDVI,RS_derived,ESA_WorldCover_2021_v200,Hansen_GFC2024v1.12_treecover2000,Landsat_C2_L2_GEE,CLCD_v01_zenodo.18180184,2026-06-10
SAIH_AFF_r19c21,117.125792,42.42374,2002,partial_forest,0.8584,0.9449,0.01699,0.00825,0.1834,0.9602,0,0,stable_restoration,rising,regimeC_v0_CLCD+NDVI,RS_derived,ESA_WorldCover_2021_v200,Hansen_GFC2024v1.12_treecover2000,Landsat_C2_L2_GEE,CLCD_v01_zenodo.18180184,2026-06-10
SAIH_AFF_r19c22,117.137842,42.42374,2003,afforested,0.7694,0.8123,0.01391,0.00712,0.1467,0.9684,0,0,stable_restoration,rising,regimeC_v0_CLCD+NDVI,RS_derived,ESA_WorldCover_2021_v200,Hansen_GFC2024v1.12_treecover2000,Landsat_C2_L2_GEE,CLCD_v01_zenodo.18180184,2026-06-10
SAIH_AFF_r19c23,117.149893,42.42374,2004,partial_forest,0.8184,0.9015,0.01582,0.009,0.1901,0.9607,2021,0,stable_restoration,rising,regimeC_v0_CLCD+NDVI,RS_derived,ESA_WorldCover_2021_v200,Hansen_GFC2024v1.12_treecover2000,Landsat_C2_L2_GEE,CLCD_v01_zenodo.18180184,2026-06-10
SAIH_AFF_r19c24,117.161944,42.42374,2007,afforested,0.7841,0.833,0.02404,0.00957,0.2178,0.9576,2021,1,stable_restoration,rising,regimeC_v0_CLCD+NDVI,RS_derived,ESA_WorldCover_2021_v200,Hansen_GFC2024v1.12_treecover2000,Landsat_C2_L2_GEE,CLCD_v01_zenodo.18180184,2026-06-10
SAIH_AFF_r19c25,117.173995,42.42374,2005,afforested,0.8607,0.9156,0.02366,0.01032,0.2377,0.9504,0,0,stable_restoration,rising,regimeC_v0_CLCD+NDVI,RS_derived,ESA_WorldCover_2021_v200,Hansen_GFC2024v1.12_treecover2000,Landsat_C2_L2_GEE,CLCD_v01_zenodo.18180184,2026-06-10
SAIH_AFF_r19c26,117.186045,42.42374,2005,afforested,0.82,0.8781,0.02437,0.01007,0.2276,0.9566,2021,0,stable_restoration,rising,regimeC_v0_CLCD+NDVI,RS_derived,ESA_WorldCover_2021_v200,Hansen_GFC2024v1.12_treecover2000,Landsat_C2_L2_GEE,CLCD_v01_zenodo.18180184,2026-06-10
SAIH_AFF_r19c27,117.198096,42.42374,2005,afforested,0.7851,0.833,0.01722,0.00772,0.1754,0.9526,2020,0,stable_restoration,rising,regimeC_v0_CLCD+NDVI,RS_derived,ESA_WorldCover_2021_v200,Hansen_GFC2024v1.12_treecover2000,Landsat_C2_L2_GEE,CLCD_v01_zenodo.18180184,2026-06-10
SAIH_AFF_r19c28,117.210147,42.42374,1998,partial_forest,0.8665,0.9098,0.01454,0.00714,0.1607,0.9581,2020,0,stable_restoration,rising,regimeC_v0_CLCD+NDVI,RS_derived,ESA_WorldCover_2021_v200,Hansen_GFC2024v1.12_treecover2000,Landsat_C2_L2_GEE,CLCD_v01_zenodo.18180184,2026-06-10
SAIH_AFF_r19c29,117.222198,42.42374,1990,stable_forest,0.9356,0.9867,0.00686,0.00579,0.1453,0.9833,2021,0,stable_restoration,rising,regimeC_v0_CLCD+NDVI,RS_derived,ESA_WorldCover_2021_v200,Hansen_GFC2024v1.12_treecover2000,Landsat_C2_L2_GEE,CLCD_v01_zenodo.18180184,2026-06-10
SAIH_AFF_r19c30,117.234248,42.42374,1990,stable_forest,0.9921,1.0298,0.0027,0.00699,0.1569,0.9812,2022,0,stable_restoration,rising,regimeC_v0_CLCD+NDVI,RS_derived,ESA_WorldCover_2021_v200,Hansen_GFC2024v1.12_treecover2000,Landsat_C2_L2_GEE,CLCD_v01_zenodo.18180184,2026-06-10
SAIH_AFF_r19c31,117.246299,42.42374,2003,afforested,0.6793,0.7131,0.00805,0.00764,0.1834,0.9535,2024,0,stable_restoration,rising,regimeC_v0_CLCD+NDVI,RS_derived,ESA_WorldCover_2021_v200,Hansen_GFC2024v1.12_treecover2000,Landsat_C2_L2_GEE,CLCD_v01_zenodo.18180184,2026-06-10
SAIH_AFF_r19c32,117.25835,42.42374,2000,afforested,0.6611,0.7004,0.00476,0.00739,0.1814,0.9527,0,0,stable_restoration,rising,regimeC_v0_CLCD+NDVI,RS_derived,ESA_WorldCover_2021_v200,Hansen_GFC2024v1.12_treecover2000,Landsat_C2_L2_GEE,CLCD_v01_zenodo.18180184,2026-06-10
SAIH_AFF_r19c33,117.270401,42.42374,1985,stable_forest,0.9775,1.0157,0.00144,0.00522,0.1108,0.9816,0,0,stable_restoration,rising,regimeC_v0_CLCD+NDVI,RS_derived,ESA_WorldCover_2021_v200,Hansen_GFC2024v1.12_treecover2000,Landsat_C2_L2_GEE,CLCD_v01_zenodo.18180184,2026-06-10
SAIH_AFF_r19c34,117.282452,42.42374,1985,stable_forest,0.9823,1.0191,0.00356,0.00637,0.1382,0.9785,0,0,stable_restoration,rising,regimeC_v0_CLCD+NDVI,RS_derived,ESA_WorldCover_2021_v200,Hansen_GFC2024v1.12_treecover2000,Landsat_C2_L2_GEE,CLCD_v01_zenodo.18180184,2026-06-10
SAIH_AFF_r19c35,117.294502,42.42374,1985,stable_forest,0.9726,1.0118,0.00465,0.00696,0.1638,0.9727,2021,0,stable_restoration,rising,regimeC_v0_CLCD+NDVI,RS_derived,ESA_WorldCover_2021_v200,Hansen_GFC2024v1.12_treecover2000,Landsat_C2_L2_GEE,CLCD_v01_zenodo.18180184,2026-06-10
SAIH_AFF_r19c36,117.306553,42.42374,1998,partial_forest,0.9265,0.9644,0.01061,0.00734,0.1759,0.9688,2021,0,stable_restoration,rising,regimeC_v0_CLCD+NDVI,RS_derived,ESA_WorldCover_2021_v200,Hansen_GFC2024v1.12_treecover2000,Landsat_C2_L2_GEE,CLCD_v01_zenodo.18180184,2026-06-10
SAIH_AFF_r19c37,117.318604,42.42374,1998,partial_forest,0.7745,0.8106,0.00861,0.00871,0.2108,0.9476,2020,0,stable_restoration,rising,regimeC_v0_CLCD+NDVI,RS_derived,ESA_WorldCover_2021_v200,Hansen_GFC2024v1.12_treecover2000,Landsat_C2_L2_GEE,CLCD_v01_zenodo.18180184,2026-06-10
SAIH_AFF_r19c38,117.330655,42.42374,1985,stable_forest,0.868,0.9076,0.00248,0.00523,0.1493,0.9413,2021,1,stable_restoration,rising,regimeC_v0_CLCD+NDVI,RS_derived,ESA_WorldCover_2021_v200,Hansen_GFC2024v1.12_treecover2000,Landsat_C2_L2_GEE,CLCD_v01_zenodo.18180184,2026-06-10
SAIH_AFF_r19c39,117.342705,42.42374,1985,stable_forest,0.9356,0.9817,0.00209,0.0044,0.1372,0.9566,2022,1,stable_restoration,rising,regimeC_v0_CLCD+NDVI,RS_derived,ESA_WorldCover_2021_v200,Hansen_GFC2024v1.12_treecover2000,Landsat_C2_L2_GEE,CLCD_v01_zenodo.18180184,2026-06-10
SAIH_AFF_r19c40,117.354756,42.42374,1985,stable_forest,0.8459,0.9506,0.0084,0.00639,0.1773,0.9549,2021,1,stable_restoration,rising,regimeC_v0_CLCD+NDVI,RS_derived,ESA_WorldCover_2021_v200,Hansen_GFC2024v1.12_treecover2000,Landsat_C2_L2_GEE,CLCD_v01_zenodo.18180184,2026-06-10
SAIH_AFF_r19c41,117.366807,42.42374,1985,stable_forest,0.9168,0.9667,0.00436,0.00554,0.172,0.9468,2021,1,stable_restoration,rising,regimeC_v0_CLCD+NDVI,RS_derived,ESA_WorldCover_2021_v200,Hansen_GFC2024v1.12_treecover2000,Landsat_C2_L2_GEE,CLCD_v01_zenodo.18180184,2026-06-10
SAIH_AFF_r19c42,117.378858,42.42374,1985,stable_forest,0.9083,0.9477,0.0016,0.00393,0.1263,0.9497,2021,1,stable_restoration,rising,regimeC_v0_CLCD+NDVI,RS_derived,ESA_WorldCover_2021_v200,Hansen_GFC2024v1.12_treecover2000,Landsat_C2_L2_GEE,CLCD_v01_zenodo.18180184,2026-06-10
SAIH_AFF_r19c43,117.390908,42.42374,1985,stable_forest,0.8493,0.8574,0.00408,0.00366,0.1258,0.9345,2021,1,stable_restoration,rising,regimeC_v0_CLCD+NDVI,RS_derived,ESA_WorldCover_2021_v200,Hansen_GFC2024v1.12_treecover2000,Landsat_C2_L2_GEE,CLCD_v01_zenodo.18180184,2026-06-10
SAIH_AFF_r19c44,117.402959,42.42374,1985,stable_forest,0.9271,0.9711,0.00601,0.00621,0.1542,0.9558,2021,0,stable_restoration,rising,regimeC_v0_CLCD+NDVI,RS_derived,ESA_WorldCover_2021_v200,Hansen_GFC2024v1.12_treecover2000,Landsat_C2_L2_GEE,CLCD_v01_zenodo.18180184,2026-06-10
SAIH_AFF_r19c45,117.41501,42.42374,1985,stable_forest,0.9862,1.0292,0.00481,0.00547,0.1266,0.968,2021,0,stable_restoration,rising,regimeC_v0_CLCD+NDVI,RS_derived,ESA_WorldCover_2021_v200,Hansen_GFC2024v1.12_treecover2000,Landsat_C2_L2_GEE,CLCD_v01_zenodo.18180184,2026-06-10
SAIH_AFF_r19c46,117.427061,42.42374,1985,stable_forest,0.9704,0.9756,0.00549,0.00257,0.0673,0.9539,2022,1,stable_restoration,flat,regimeC_v0_CLCD+NDVI,RS_derived,ESA_WorldCover_2021_v200,Hansen_GFC2024v1.12_treecover2000,Landsat_C2_L2_GEE,CLCD_v01_zenodo.18180184,2026-06-10
SAIH_AFF_r19c47,117.439112,42.42374,1985,stable_forest,0.8144,0.8458,0.00636,0.00447,0.1125,0.9789,2022,0,stable_restoration,rising,regimeC_v0_CLCD+NDVI,RS_derived,ESA_WorldCover_2021_v200,Hansen_GFC2024v1.12_treecover2000,Landsat_C2_L2_GEE,CLCD_v01_zenodo.18180184,2026-06-10
SAIH_AFF_r19c48,117.451162,42.42374,1985,stable_forest,0.8256,0.8574,0.00571,0.00749,0.1836,0.9735,2021,0,stable_restoration,rising,regimeC_v0_CLCD+NDVI,RS_derived,ESA_WorldCover_2021_v200,Hansen_GFC2024v1.12_treecover2000,Landsat_C2_L2_GEE,CLCD_v01_zenodo.18180184,2026-06-10
SAIH_AFF_r19c49,117.463213,42.42374,1985,stable_forest,0.8924,0.9249,0.00933,0.00895,0.2127,0.9785,2021,0,stable_restoration,rising,regimeC_v0_CLCD+NDVI,RS_derived,ESA_WorldCover_2021_v200,Hansen_GFC2024v1.12_treecover2000,Landsat_C2_L2_GEE,CLCD_v01_zenodo.18180184,2026-06-10
SAIH_AFF_r19c50,117.475264,42.42374,2008,partial_forest,0.5903,0.6039,0.00657,0.00838,0.2016,0.9768,0,0,early_restoration,rising,regimeC_v0_CLCD+NDVI,RS_derived,ESA_WorldCover_2021_v200,Hansen_GFC2024v1.12_treecover2000,Landsat_C2_L2_GEE,CLCD_v01_zenodo.18180184,2026-06-10
SAIH_AFF_r19c51,117.487315,42.42374,1990,stable_forest,0.5894,0.6118,0.0023,0.00667,0.1613,0.9706,0,0,early_restoration,rising,regimeC_v0_CLCD+NDVI,RS_derived,ESA_WorldCover_2021_v200,Hansen_GFC2024v1.12_treecover2000,Landsat_C2_L2_GEE,CLCD_v01_zenodo.18180184,2026-06-10
SAIH_AFF_r19c52,117.499365,42.42374,2004,partial_forest,0.6016,0.6313,0.00575,0.00535,0.1226,0.9783,0,0,early_restoration,rising,regimeC_v0_CLCD+NDVI,RS_derived,ESA_WorldCover_2021_v200,Hansen_GFC2024v1.12_treecover2000,Landsat_C2_L2_GEE,CLCD_v01_zenodo.18180184,2026-06-10
SAIH_AFF_r19c53,117.511416,42.42374,2025,partial_forest,0.4808,0.5343,0.00985,0.00711,0.1598,0.9895,0,0,early_restoration,rising,regimeC_v0_CLCD+NDVI,RS_derived,ESA_WorldCover_2021_v200,Hansen_GFC2024v1.12_treecover2000,Landsat_C2_L2_GEE,CLCD_v01_zenodo.18180184,2026-06-10
SAIH_AFF_r19c54,117.523467,42.42374,0,partial_forest,0.4345,0.4625,0.0064,0.0064,0.1462,0.966,0,0,early_restoration,rising,regimeC_v0_CLCD+NDVI,RS_derived,ESA_WorldCover_2021_v200,Hansen_GFC2024v1.12_treecover2000,Landsat_C2_L2_GEE,CLCD_v01_zenodo.18180184,2026-06-10
SAIH_AFF_r19c55,117.535518,42.42374,2000,partial_forest,0.7598,0.7977,0.0119,0.00808,0.1851,0.9602,2021,0,stable_restoration,rising,regimeC_v0_CLCD+NDVI,RS_derived,ESA_WorldCover_2021_v200,Hansen_GFC2024v1.12_treecover2000,Landsat_C2_L2_GEE,CLCD_v01_zenodo.18180184,2026-06-10
SAIH_AFF_r19c56,117.547568,42.42374,1985,stable_forest,0.8255,0.8602,0.00618,0.00693,0.1519,0.9749,0,0,stable_restoration,rising,regimeC_v0_CLCD+NDVI,RS_derived,ESA_WorldCover_2021_v200,Hansen_GFC2024v1.12_treecover2000,Landsat_C2_L2_GEE,CLCD_v01_zenodo.18180184,2026-06-10
SAIH_AFF_r19c57,117.559619,42.42374,1990,stable_forest,0.564,0.5861,0.00307,0.00567,0.1216,0.9688,0,0,early_restoration,rising,regimeC_v0_CLCD+NDVI,RS_derived,ESA_WorldCover_2021_v200,Hansen_GFC2024v1.12_treecover2000,Landsat_C2_L2_GEE,CLCD_v01_zenodo.18180184,2026-06-10
SAIH_AFF_r19c58,117.57167,42.42374,2015,partial_forest,0.5236,0.5471,0.00442,0.00892,0.1829,0.9704,0,0,early_restoration,rising,regimeC_v0_CLCD+NDVI,RS_derived,ESA_WorldCover_2021_v200,Hansen_GFC2024v1.12_treecover2000,Landsat_C2_L2_GEE,CLCD_v01_zenodo.18180184,2026-06-10
SAIH_AFF_r19c59,117.583721,42.42374,0,partial_forest,0.311,0.3276,0.00567,0.00774,0.1689,0.9462,0,0,degraded,rising,regimeC_v0_CLCD+NDVI,RS_derived,ESA_WorldCover_2021_v200,Hansen_GFC2024v1.12_treecover2000,Landsat_C2_L2_GEE,CLCD_v01_zenodo.18180184,2026-06-10
SAIH_AFF_r19c61,117.607822,42.42374,0,partial_forest,0.4312,0.4931,0.01729,0.0121,0.2443,0.9674,0,0,early_restoration,rising,regimeC_v0_CLCD+NDVI,RS_derived,ESA_WorldCover_2021_v200,Hansen_GFC2024v1.12_treecover2000,Landsat_C2_L2_GEE,CLCD_v01_zenodo.18180184,2026-06-10
SAIH_AFF_r19c62,117.619873,42.42374,2017,afforested,0.5823,0.6162,0.03234,0.0127,0.2517,0.9618,0,0,early_restoration,rising,regimeC_v0_CLCD+NDVI,RS_derived,ESA_WorldCover_2021_v200,Hansen_GFC2024v1.12_treecover2000,Landsat_C2_L2_GEE,CLCD_v01_zenodo.18180184,2026-06-10
SAIH_AFF_r19c63,117.631924,42.42374,2015,afforested,0.6085,0.6407,0.02442,0.01244,0.2578,0.9764,2021,0,early_restoration,rising,regimeC_v0_CLCD+NDVI,RS_derived,ESA_WorldCover_2021_v200,Hansen_GFC2024v1.12_treecover2000,Landsat_C2_L2_GEE,CLCD_v01_zenodo.18180184,2026-06-10
SAIH_AFF_r19c64,117.643975,42.42374,2015,afforested,0.746,0.789,0.02553,0.01259,0.2574,0.9607,0,0,stable_restoration,rising,regimeC_v0_CLCD+NDVI,RS_derived,ESA_WorldCover_2021_v200,Hansen_GFC2024v1.12_treecover2000,Landsat_C2_L2_GEE,CLCD_v01_zenodo.18180184,2026-06-10
SAIH_AFF_r20c06,116.94503,42.414701,0,partial_forest,0.3899,0.4212,0.01451,0.00869,0.2015,0.9678,0,0,early_restoration,rising,regimeC_v0_CLCD+NDVI,RS_derived,ESA_WorldCover_2021_v200,Hansen_GFC2024v1.12_treecover2000,Landsat_C2_L2_GEE,CLCD_v01_zenodo.18180184,2026-06-10
SAIH_AFF_r20c07,116.957081,42.414701,2009,afforested,0.8606,0.903,0.03214,0.01299,0.2825,0.9851,2022,0,stable_restoration,rising,regimeC_v0_CLCD+NDVI,RS_derived,ESA_WorldCover_2021_v200,Hansen_GFC2024v1.12_treecover2000,Landsat_C2_L2_GEE,CLCD_v01_zenodo.18180184,2026-06-10
SAIH_AFF_r20c08,116.969132,42.414701,2003,afforested,0.9596,1.0002,0.02491,0.0128,0.2684,0.9767,0,0,stable_restoration,rising,regimeC_v0_CLCD+NDVI,RS_derived,ESA_WorldCover_2021_v200,Hansen_GFC2024v1.12_treecover2000,Landsat_C2_L2_GEE,CLCD_v01_zenodo.18180184,2026-06-10
SAIH_AFF_r20c09,116.981182,42.414701,2003,afforested,0.9392,0.9979,0.02582,0.01269,0.26,0.978,0,0,stable_restoration,rising,regimeC_v0_CLCD+NDVI,RS_derived,ESA_WorldCover_2021_v200,Hansen_GFC2024v1.12_treecover2000,Landsat_C2_L2_GEE,CLCD_v01_zenodo.18180184,2026-06-10
SAIH_AFF_r20c10,116.993233,42.414701,2007,afforested,0.7783,0.8327,0.02331,0.01142,0.2333,0.9711,2006,0,stable_restoration,rising,regimeC_v0_CLCD+NDVI,RS_derived,ESA_WorldCover_2021_v200,Hansen_GFC2024v1.12_treecover2000,Landsat_C2_L2_GEE,CLCD_v01_zenodo.18180184,2026-06-10
SAIH_AFF_r20c11,117.005284,42.414701,2004,afforested,0.9491,1.0002,0.03012,0.01196,0.2394,0.9743,0,0,stable_restoration,rising,regimeC_v0_CLCD+NDVI,RS_derived,ESA_WorldCover_2021_v200,Hansen_GFC2024v1.12_treecover2000,Landsat_C2_L2_GEE,CLCD_v01_zenodo.18180184,2026-06-10
SAIH_AFF_r20c12,117.017335,42.414701,2008,afforested,0.9,0.9636,0.03095,0.01195,0.2366,0.9531,0,0,stable_restoration,rising,regimeC_v0_CLCD+NDVI,RS_derived,ESA_WorldCover_2021_v200,Hansen_GFC2024v1.12_treecover2000,Landsat_C2_L2_GEE,CLCD_v01_zenodo.18180184,2026-06-10
SAIH_AFF_r20c13,117.029385,42.414701,2007,afforested,0.8561,0.9184,0.02771,0.01126,0.2239,0.9551,0,0,stable_restoration,rising,regimeC_v0_CLCD+NDVI,RS_derived,ESA_WorldCover_2021_v200,Hansen_GFC2024v1.12_treecover2000,Landsat_C2_L2_GEE,CLCD_v01_zenodo.18180184,2026-06-10
SAIH_AFF_r20c14,117.041436,42.414701,2002,partial_forest,0.8422,0.8909,0.01613,0.00866,0.1619,0.9715,2021,0,stable_restoration,rising,regimeC_v0_CLCD+NDVI,RS_derived,ESA_WorldCover_2021_v200,Hansen_GFC2024v1.12_treecover2000,Landsat_C2_L2_GEE,CLCD_v01_zenodo.18180184,2026-06-10
SAIH_AFF_r20c15,117.053487,42.414701,2015,afforested,0.5461,0.5994,0.01759,0.0081,0.1736,0.9775,2021,0,early_restoration,rising,regimeC_v0_CLCD+NDVI,RS_derived,ESA_WorldCover_2021_v200,Hansen_GFC2024v1.12_treecover2000,Landsat_C2_L2_GEE,CLCD_v01_zenodo.18180184,2026-06-10
SAIH_AFF_r20c16,117.065538,42.414701,2023,partial_forest,0.4922,0.5282,0.01446,0.00709,0.145,0.9569,0,0,early_restoration,rising,regimeC_v0_CLCD+NDVI,RS_derived,ESA_WorldCover_2021_v200,Hansen_GFC2024v1.12_treecover2000,Landsat_C2_L2_GEE,CLCD_v01_zenodo.18180184,2026-06-10
SAIH_AFF_r20c17,117.077588,42.414701,0,non_forest,0.1794,0.1979,0.00538,0.0066,0.1455,0.9533,2012,0,degraded,rising,regimeC_v0_CLCD+NDVI,RS_derived,ESA_WorldCover_2021_v200,Hansen_GFC2024v1.12_treecover2000,Landsat_C2_L2_GEE,CLCD_v01_zenodo.18180184,2026-06-10
SAIH_AFF_r20c18,117.089639,42.414701,0,non_forest,0.23,0.2621,0.00849,0.0092,0.1879,0.944,2012,0,degraded,rising,regimeC_v0_CLCD+NDVI,RS_derived,ESA_WorldCover_2021_v200,Hansen_GFC2024v1.12_treecover2000,Landsat_C2_L2_GEE,CLCD_v01_zenodo.18180184,2026-06-10
SAIH_AFF_r20c19,117.10169,42.414701,2012,afforested,0.6355,0.6935,0.01989,0.0099,0.2037,0.9581,0,0,stable_restoration,rising,regimeC_v0_CLCD+NDVI,RS_derived,ESA_WorldCover_2021_v200,Hansen_GFC2024v1.12_treecover2000,Landsat_C2_L2_GEE,CLCD_v01_zenodo.18180184,2026-06-10
SAIH_AFF_r20c20,117.113741,42.414701,2022,afforested,0.5068,0.5635,0.0248,0.01076,0.2274,0.9517,0,0,early_restoration,rising,regimeC_v0_CLCD+NDVI,RS_derived,ESA_WorldCover_2021_v200,Hansen_GFC2024v1.12_treecover2000,Landsat_C2_L2_GEE,CLCD_v01_zenodo.18180184,2026-06-10
SAIH_AFF_r20c21,117.125792,42.414701,2016,afforested,0.6388,0.7153,0.03086,0.01049,0.2248,0.9602,0,0,stable_restoration,rising,regimeC_v0_CLCD+NDVI,RS_derived,ESA_WorldCover_2021_v200,Hansen_GFC2024v1.12_treecover2000,Landsat_C2_L2_GEE,CLCD_v01_zenodo.18180184,2026-06-10
SAIH_AFF_r20c22,117.137842,42.414701,0,partial_forest,0.4211,0.4847,0.01775,0.00929,0.1994,0.952,2021,0,early_restoration,rising,regimeC_v0_CLCD+NDVI,RS_derived,ESA_WorldCover_2021_v200,Hansen_GFC2024v1.12_treecover2000,Landsat_C2_L2_GEE,CLCD_v01_zenodo.18180184,2026-06-10
SAIH_AFF_r20c24,117.161944,42.414701,0,non_forest,0.1198,0.1465,0.005,0.00938,0.2202,0.9759,0,0,degraded,rising,regimeC_v0_CLCD+NDVI,RS_derived,ESA_WorldCover_2021_v200,Hansen_GFC2024v1.12_treecover2000,Landsat_C2_L2_GEE,CLCD_v01_zenodo.18180184,2026-06-10
SAIH_AFF_r20c25,117.173995,42.414701,0,partial_forest,0.3629,0.4201,0.0172,0.01059,0.2434,0.966,0,0,early_restoration,rising,regimeC_v0_CLCD+NDVI,RS_derived,ESA_WorldCover_2021_v200,Hansen_GFC2024v1.12_treecover2000,Landsat_C2_L2_GEE,CLCD_v01_zenodo.18180184,2026-06-10
SAIH_AFF_r20c26,117.186045,42.414701,0,partial_forest,0.4612,0.4967,0.01789,0.01142,0.2619,0.9713,0,0,early_restoration,rising,regimeC_v0_CLCD+NDVI,RS_derived,ESA_WorldCover_2021_v200,Hansen_GFC2024v1.12_treecover2000,Landsat_C2_L2_GEE,CLCD_v01_zenodo.18180184,2026-06-10
SAIH_AFF_r20c27,117.198096,42.414701,0,partial_forest,0.4232,0.4481,0.0217,0.01024,0.2376,0.9593,0,0,early_restoration,rising,regimeC_v0_CLCD+NDVI,RS_derived,ESA_WorldCover_2021_v200,Hansen_GFC2024v1.12_treecover2000,Landsat_C2_L2_GEE,CLCD_v01_zenodo.18180184,2026-06-10
SAIH_AFF_r20c28,117.210147,42.414701,2015,afforested,0.6852,0.7342,0.02728,0.01102,0.2354,0.9682,2020,0,stable_restoration,rising,regimeC_v0_CLCD+NDVI,RS_derived,ESA_WorldCover_2021_v200,Hansen_GFC2024v1.12_treecover2000,Landsat_C2_L2_GEE,CLCD_v01_zenodo.18180184,2026-06-10
SAIH_AFF_r20c29,117.222198,42.414701,1998,partial_forest,0.8938,0.935,0.01123,0.00859,0.1797,0.9707,2021,0,stable_restoration,rising,regimeC_v0_CLCD+NDVI,RS_derived,ESA_WorldCover_2021_v200,Hansen_GFC2024v1.12_treecover2000,Landsat_C2_L2_GEE,CLCD_v01_zenodo.18180184,2026-06-10
SAIH_AFF_r20c30,117.234248,42.414701,1998,afforested,0.7945,0.8355,0.00839,0.00857,0.1834,0.9701,2016,0,stable_restoration,rising,regimeC_v0_CLCD+NDVI,RS_derived,ESA_WorldCover_2021_v200,Hansen_GFC2024v1.12_treecover2000,Landsat_C2_L2_GEE,CLCD_v01_zenodo.18180184,2026-06-10
SAIH_AFF_r20c31,117.246299,42.414701,2007,afforested,0.5857,0.61,0.0073,0.00716,0.1628,0.9547,2014,0,early_restoration,rising,regimeC_v0_CLCD+NDVI,RS_derived,ESA_WorldCover_2021_v200,Hansen_GFC2024v1.12_treecover2000,Landsat_C2_L2_GEE,CLCD_v01_zenodo.18180184,2026-06-10
SAIH_AFF_r20c32,117.25835,42.414701,0,partial_forest,0.4602,0.4898,0.00808,0.00549,0.1354,0.9433,2014,0,early_restoration,rising,regimeC_v0_CLCD+NDVI,RS_derived,ESA_WorldCover_2021_v200,Hansen_GFC2024v1.12_treecover2000,Landsat_C2_L2_GEE,CLCD_v01_zenodo.18180184,2026-06-10
SAIH_AFF_r20c33,117.270401,42.414701,1992,partial_forest,0.777,0.812,0.00363,0.00557,0.1317,0.9683,2021,0,stable_restoration,rising,regimeC_v0_CLCD+NDVI,RS_derived,ESA_WorldCover_2021_v200,Hansen_GFC2024v1.12_treecover2000,Landsat_C2_L2_GEE,CLCD_v01_zenodo.18180184,2026-06-10
SAIH_AFF_r20c34,117.282452,42.414701,1998,partial_forest,0.859,0.9001,0.00909,0.00761,0.1811,0.9728,0,0,stable_restoration,rising,regimeC_v0_CLCD+NDVI,RS_derived,ESA_WorldCover_2021_v200,Hansen_GFC2024v1.12_treecover2000,Landsat_C2_L2_GEE,CLCD_v01_zenodo.18180184,2026-06-10
SAIH_AFF_r20c35,117.294502,42.414701,1990,stable_forest,0.8886,0.9505,0.00446,0.00674,0.1761,0.9619,2007,0,stable_restoration,rising,regimeC_v0_CLCD+NDVI,RS_derived,ESA_WorldCover_2021_v200,Hansen_GFC2024v1.12_treecover2000,Landsat_C2_L2_GEE,CLCD_v01_zenodo.18180184,2026-06-10
SAIH_AFF_r20c36,117.306553,42.414701,1998,partial_forest,0.7456,0.7902,0.00539,0.0069,0.1816,0.9507,2021,0,stable_restoration,rising,regimeC_v0_CLCD+NDVI,RS_derived,ESA_WorldCover_2021_v200,Hansen_GFC2024v1.12_treecover2000,Landsat_C2_L2_GEE,CLCD_v01_zenodo.18180184,2026-06-10
SAIH_AFF_r20c37,117.318604,42.414701,1985,stable_forest,0.9727,1.0111,0.00138,0.0064,0.1457,0.9684,2019,0,stable_restoration,rising,regimeC_v0_CLCD+NDVI,RS_derived,ESA_WorldCover_2021_v200,Hansen_GFC2024v1.12_treecover2000,Landsat_C2_L2_GEE,CLCD_v01_zenodo.18180184,2026-06-10
SAIH_AFF_r20c38,117.330655,42.414701,1985,stable_forest,0.9228,0.9544,0.00099,0.0053,0.1393,0.96,2021,1,stable_restoration,rising,regimeC_v0_CLCD+NDVI,RS_derived,ESA_WorldCover_2021_v200,Hansen_GFC2024v1.12_treecover2000,Landsat_C2_L2_GEE,CLCD_v01_zenodo.18180184,2026-06-10
SAIH_AFF_r20c39,117.342705,42.414701,1985,stable_forest,0.9244,0.9636,0.00142,0.00662,0.1673,0.9492,2021,0,stable_restoration,rising,regimeC_v0_CLCD+NDVI,RS_derived,ESA_WorldCover_2021_v200,Hansen_GFC2024v1.12_treecover2000,Landsat_C2_L2_GEE,CLCD_v01_zenodo.18180184,2026-06-10
SAIH_AFF_r20c40,117.354756,42.414701,1985,stable_forest,0.9723,1.0178,0.00317,0.00576,0.1512,0.958,2021,0,stable_restoration,rising,regimeC_v0_CLCD+NDVI,RS_derived,ESA_WorldCover_2021_v200,Hansen_GFC2024v1.12_treecover2000,Landsat_C2_L2_GEE,CLCD_v01_zenodo.18180184,2026-06-10
SAIH_AFF_r20c41,117.366807,42.414701,1985,stable_forest,0.8312,0.9053,0.00774,0.00563,0.1562,0.9565,2021,0,stable_restoration,rising,regimeC_v0_CLCD+NDVI,RS_derived,ESA_WorldCover_2021_v200,Hansen_GFC2024v1.12_treecover2000,Landsat_C2_L2_GEE,CLCD_v01_zenodo.18180184,2026-06-10
SAIH_AFF_r20c42,117.378858,42.414701,1985,stable_forest,0.9041,0.959,0.00721,0.00607,0.1583,0.9658,2021,0,stable_restoration,rising,regimeC_v0_CLCD+NDVI,RS_derived,ESA_WorldCover_2021_v200,Hansen_GFC2024v1.12_treecover2000,Landsat_C2_L2_GEE,CLCD_v01_zenodo.18180184,2026-06-10
SAIH_AFF_r20c43,117.390908,42.414701,1985,stable_forest,0.9144,0.9464,0.0043,0.00429,0.1212,0.9569,2021,1,stable_restoration,rising,regimeC_v0_CLCD+NDVI,RS_derived,ESA_WorldCover_2021_v200,Hansen_GFC2024v1.12_treecover2000,Landsat_C2_L2_GEE,CLCD_v01_zenodo.18180184,2026-06-10
SAIH_AFF_r20c44,117.402959,42.414701,1985,stable_forest,0.7992,0.8263,0.00882,0.00591,0.1564,0.9467,2021,0,stable_restoration,rising,regimeC_v0_CLCD+NDVI,RS_derived,ESA_WorldCover_2021_v200,Hansen_GFC2024v1.12_treecover2000,Landsat_C2_L2_GEE,CLCD_v01_zenodo.18180184,2026-06-10
SAIH_AFF_r20c45,117.41501,42.414701,1985,stable_forest,0.7942,0.7974,0.00611,0.00525,0.138,0.9573,2021,1,stable_restoration,rising,regimeC_v0_CLCD+NDVI,RS_derived,ESA_WorldCover_2021_v200,Hansen_GFC2024v1.12_treecover2000,Landsat_C2_L2_GEE,CLCD_v01_zenodo.18180184,2026-06-10
SAIH_AFF_r20c46,117.427061,42.414701,1985,stable_forest,0.9115,0.9464,0.00509,0.00318,0.0788,0.9696,2018,0,stable_restoration,rising,regimeC_v0_CLCD+NDVI,RS_derived,ESA_WorldCover_2021_v200,Hansen_GFC2024v1.12_treecover2000,Landsat_C2_L2_GEE,CLCD_v01_zenodo.18180184,2026-06-10
SAIH_AFF_r20c47,117.439112,42.414701,1985,stable_forest,0.9546,0.9905,0.00279,0.00454,0.1135,0.9694,0,0,stable_restoration,rising,regimeC_v0_CLCD+NDVI,RS_derived,ESA_WorldCover_2021_v200,Hansen_GFC2024v1.12_treecover2000,Landsat_C2_L2_GEE,CLCD_v01_zenodo.18180184,2026-06-10
SAIH_AFF_r20c48,117.451162,42.414701,1985,stable_forest,0.9656,1.0026,0.00602,0.00657,0.1598,0.9883,2007,0,stable_restoration,rising,regimeC_v0_CLCD+NDVI,RS_derived,ESA_WorldCover_2021_v200,Hansen_GFC2024v1.12_treecover2000,Landsat_C2_L2_GEE,CLCD_v01_zenodo.18180184,2026-06-10
SAIH_AFF_r20c49,117.463213,42.414701,1985,stable_forest,0.9217,0.9573,0.00592,0.00616,0.1549,0.973,2007,0,stable_restoration,rising,regimeC_v0_CLCD+NDVI,RS_derived,ESA_WorldCover_2021_v200,Hansen_GFC2024v1.12_treecover2000,Landsat_C2_L2_GEE,CLCD_v01_zenodo.18180184,2026-06-10
SAIH_AFF_r20c50,117.475264,42.414701,1985,stable_forest,0.6701,0.6931,0.00532,0.0077,0.1823,0.9741,2024,0,stable_restoration,rising,regimeC_v0_CLCD+NDVI,RS_derived,ESA_WorldCover_2021_v200,Hansen_GFC2024v1.12_treecover2000,Landsat_C2_L2_GEE,CLCD_v01_zenodo.18180184,2026-06-10
SAIH_AFF_r20c51,117.487315,42.414701,1985,stable_forest,0.7394,0.7856,0.0016,0.00604,0.1415,0.9611,2024,0,stable_restoration,rising,regimeC_v0_CLCD+NDVI,RS_derived,ESA_WorldCover_2021_v200,Hansen_GFC2024v1.12_treecover2000,Landsat_C2_L2_GEE,CLCD_v01_zenodo.18180184,2026-06-10
SAIH_AFF_r20c52,117.499365,42.414701,1985,stable_forest,0.8258,0.8589,0.00169,0.00608,0.1437,0.9571,2021,0,stable_restoration,rising,regimeC_v0_CLCD+NDVI,RS_derived,ESA_WorldCover_2021_v200,Hansen_GFC2024v1.12_treecover2000,Landsat_C2_L2_GEE,CLCD_v01_zenodo.18180184,2026-06-10
SAIH_AFF_r20c53,117.511416,42.414701,1985,stable_forest,0.7533,0.7828,0.00237,0.00616,0.1446,0.9665,2024,1,stable_restoration,rising,regimeC_v0_CLCD+NDVI,RS_derived,ESA_WorldCover_2021_v200,Hansen_GFC2024v1.12_treecover2000,Landsat_C2_L2_GEE,CLCD_v01_zenodo.18180184,2026-06-10
SAIH_AFF_r20c54,117.523467,42.414701,2022,partial_forest,0.5011,0.5241,0.00525,0.00894,0.206,0.9633,2019,0,early_restoration,rising,regimeC_v0_CLCD+NDVI,RS_derived,ESA_WorldCover_2021_v200,Hansen_GFC2024v1.12_treecover2000,Landsat_C2_L2_GEE,CLCD_v01_zenodo.18180184,2026-06-10
SAIH_AFF_r20c55,117.535518,42.414701,0,partial_forest,0.4109,0.4553,0.01159,0.00949,0.1977,0.9641,0,0,early_restoration,rising,regimeC_v0_CLCD+NDVI,RS_derived,ESA_WorldCover_2021_v200,Hansen_GFC2024v1.12_treecover2000,Landsat_C2_L2_GEE,CLCD_v01_zenodo.18180184,2026-06-10
SAIH_AFF_r20c56,117.547568,42.414701,2016,afforested,0.8614,0.963,0.02881,0.00947,0.1897,0.9707,0,0,stable_restoration,rising,regimeC_v0_CLCD+NDVI,RS_derived,ESA_WorldCover_2021_v200,Hansen_GFC2024v1.12_treecover2000,Landsat_C2_L2_GEE,CLCD_v01_zenodo.18180184,2026-06-10
SAIH_AFF_r20c57,117.559619,42.414701,2002,afforested,0.9254,0.986,0.02229,0.00606,0.123,0.9716,2021,0,stable_restoration,rising,regimeC_v0_CLCD+NDVI,RS_derived,ESA_WorldCover_2021_v200,Hansen_GFC2024v1.12_treecover2000,Landsat_C2_L2_GEE,CLCD_v01_zenodo.18180184,2026-06-10
SAIH_AFF_r20c58,117.57167,42.414701,2015,afforested,0.8873,0.9567,0.03323,0.01029,0.1997,0.9644,0,0,stable_restoration,rising,regimeC_v0_CLCD+NDVI,RS_derived,ESA_WorldCover_2021_v200,Hansen_GFC2024v1.12_treecover2000,Landsat_C2_L2_GEE,CLCD_v01_zenodo.18180184,2026-06-10
SAIH_AFF_r20c59,117.583721,42.414701,0,partial_forest,0.3793,0.4006,0.00456,0.00793,0.1621,0.9506,0,0,early_restoration,rising,regimeC_v0_CLCD+NDVI,RS_derived,ESA_WorldCover_2021_v200,Hansen_GFC2024v1.12_treecover2000,Landsat_C2_L2_GEE,CLCD_v01_zenodo.18180184,2026-06-10
SAIH_AFF_r20c60,117.595772,42.414701,0,non_forest,0.2248,0.2344,0.00278,0.01014,0.2131,0.9265,2008,0,degraded,rising,regimeC_v0_CLCD+NDVI,RS_derived,ESA_WorldCover_2021_v200,Hansen_GFC2024v1.12_treecover2000,Landsat_C2_L2_GEE,CLCD_v01_zenodo.18180184,2026-06-10
SAIH_AFF_r20c62,117.619873,42.414701,0,partial_forest,0.3491,0.3937,0.01849,0.01394,0.2768,0.9506,0,0,early_restoration,rising,regimeC_v0_CLCD+NDVI,RS_derived,ESA_WorldCover_2021_v200,Hansen_GFC2024v1.12_treecover2000,Landsat_C2_L2_GEE,CLCD_v01_zenodo.18180184,2026-06-10
SAIH_AFF_r20c63,117.631924,42.414701,2016,afforested,0.7313,0.7748,0.03307,0.01324,0.2599,0.9633,0,0,stable_restoration,rising,regimeC_v0_CLCD+NDVI,RS_derived,ESA_WorldCover_2021_v200,Hansen_GFC2024v1.12_treecover2000,Landsat_C2_L2_GEE,CLCD_v01_zenodo.18180184,2026-06-10
SAIH_AFF_r20c64,117.643975,42.414701,0,partial_forest,0.4457,0.4626,0.0079,0.0104,0.2128,0.9511,0,0,early_restoration,rising,regimeC_v0_CLCD+NDVI,RS_derived,ESA_WorldCover_2021_v200,Hansen_GFC2024v1.12_treecover2000,Landsat_C2_L2_GEE,CLCD_v01_zenodo.18180184,2026-06-10
SAIH_AFF_r21c02,116.896827,42.405662,0,non_forest,0.2097,0.2449,0.00908,0.00936,0.1843,0.9563,2007,0,degraded,rising,regimeC_v0_CLCD+NDVI,RS_derived,ESA_WorldCover_2021_v200,Hansen_GFC2024v1.12_treecover2000,Landsat_C2_L2_GEE,CLCD_v01_zenodo.18180184,2026-06-10
SAIH_AFF_r21c05,116.932979,42.405662,2012,afforested,0.747,0.7991,0.02994,0.01106,0.2397,0.9635,0,0,stable_restoration,rising,regimeC_v0_CLCD+NDVI,RS_derived,ESA_WorldCover_2021_v200,Hansen_GFC2024v1.12_treecover2000,Landsat_C2_L2_GEE,CLCD_v01_zenodo.18180184,2026-06-10
SAIH_AFF_r21c06,116.94503,42.405662,2009,afforested,0.8852,0.9339,0.0349,0.01282,0.2678,0.9798,2023,0,stable_restoration,rising,regimeC_v0_CLCD+NDVI,RS_derived,ESA_WorldCover_2021_v200,Hansen_GFC2024v1.12_treecover2000,Landsat_C2_L2_GEE,CLCD_v01_zenodo.18180184,2026-06-10
SAIH_AFF_r21c07,116.957081,42.405662,2010,afforested,0.847,0.8927,0.03449,0.01405,0.297,0.9784,2023,0,stable_restoration,rising,regimeC_v0_CLCD+NDVI,RS_derived,ESA_WorldCover_2021_v200,Hansen_GFC2024v1.12_treecover2000,Landsat_C2_L2_GEE,CLCD_v01_zenodo.18180184,2026-06-10
SAIH_AFF_r21c08,116.969132,42.405662,2012,afforested,0.8339,0.8869,0.03645,0.01377,0.2909,0.9807,0,0,stable_restoration,rising,regimeC_v0_CLCD+NDVI,RS_derived,ESA_WorldCover_2021_v200,Hansen_GFC2024v1.12_treecover2000,Landsat_C2_L2_GEE,CLCD_v01_zenodo.18180184,2026-06-10
SAIH_AFF_r21c09,116.981182,42.405662,2009,afforested,0.9627,1.0128,0.04614,0.01509,0.3075,0.9773,0,0,stable_restoration,rising,regimeC_v0_CLCD+NDVI,RS_derived,ESA_WorldCover_2021_v200,Hansen_GFC2024v1.12_treecover2000,Landsat_C2_L2_GEE,CLCD_v01_zenodo.18180184,2026-06-10
SAIH_AFF_r21c10,116.993233,42.405662,2010,afforested,0.8835,0.9409,0.0383,0.01403,0.2916,0.9787,0,0,stable_restoration,rising,regimeC_v0_CLCD+NDVI,RS_derived,ESA_WorldCover_2021_v200,Hansen_GFC2024v1.12_treecover2000,Landsat_C2_L2_GEE,CLCD_v01_zenodo.18180184,2026-06-10
SAIH_AFF_r21c11,117.005284,42.405662,2013,afforested,0.8183,0.9098,0.03664,0.01361,0.2782,0.964,0,0,stable_restoration,rising,regimeC_v0_CLCD+NDVI,RS_derived,ESA_WorldCover_2021_v200,Hansen_GFC2024v1.12_treecover2000,Landsat_C2_L2_GEE,CLCD_v01_zenodo.18180184,2026-06-10
SAIH_AFF_r21c12,117.017335,42.405662,2008,afforested,0.9559,1.0049,0.03915,0.01354,0.2707,0.9704,0,0,stable_restoration,rising,regimeC_v0_CLCD+NDVI,RS_derived,ESA_WorldCover_2021_v200,Hansen_GFC2024v1.12_treecover2000,Landsat_C2_L2_GEE,CLCD_v01_zenodo.18180184,2026-06-10
SAIH_AFF_r21c13,117.029385,42.405662,2010,afforested,0.8642,0.9378,0.03498,0.01326,0.2657,0.9402,0,0,stable_restoration,rising,regimeC_v0_CLCD+NDVI,RS_derived,ESA_WorldCover_2021_v200,Hansen_GFC2024v1.12_treecover2000,Landsat_C2_L2_GEE,CLCD_v01_zenodo.18180184,2026-06-10
SAIH_AFF_r21c14,117.041436,42.405662,2009,afforested,0.8637,0.9207,0.03231,0.01201,0.2248,0.96,0,0,stable_restoration,rising,regimeC_v0_CLCD+NDVI,RS_derived,ESA_WorldCover_2021_v200,Hansen_GFC2024v1.12_treecover2000,Landsat_C2_L2_GEE,CLCD_v01_zenodo.18180184,2026-06-10
SAIH_AFF_r21c15,117.053487,42.405662,0,partial_forest,0.3895,0.4812,0.01878,0.00982,0.1931,0.9576,0,0,early_restoration,rising,regimeC_v0_CLCD+NDVI,RS_derived,ESA_WorldCover_2021_v200,Hansen_GFC2024v1.12_treecover2000,Landsat_C2_L2_GEE,CLCD_v01_zenodo.18180184,2026-06-10
SAIH_AFF_r21c16,117.065538,42.405662,2023,partial_forest,0.4692,0.5311,0.01421,0.0101,0.1846,0.9593,0,0,early_restoration,rising,regimeC_v0_CLCD+NDVI,RS_derived,ESA_WorldCover_2021_v200,Hansen_GFC2024v1.12_treecover2000,Landsat_C2_L2_GEE,CLCD_v01_zenodo.18180184,2026-06-10
SAIH_AFF_r21c17,117.077588,42.405662,0,non_forest,0.2779,0.2941,0.01027,0.00736,0.1492,0.9424,2011,0,degraded,rising,regimeC_v0_CLCD+NDVI,RS_derived,ESA_WorldCover_2021_v200,Hansen_GFC2024v1.12_treecover2000,Landsat_C2_L2_GEE,CLCD_v01_zenodo.18180184,2026-06-10
SAIH_AFF_r21c18,117.089639,42.405662,0,non_forest,0.2501,0.2936,0.01035,0.00867,0.1938,0.9456,2011,0,degraded,rising,regimeC_v0_CLCD+NDVI,RS_derived,ESA_WorldCover_2021_v200,Hansen_GFC2024v1.12_treecover2000,Landsat_C2_L2_GEE,CLCD_v01_zenodo.18180184,2026-06-10
SAIH_AFF_r21c19,117.10169,42.405662,0,non_forest,0.275,0.3067,0.00988,0.00998,0.2165,0.957,2012,0,degraded,rising,regimeC_v0_CLCD+NDVI,RS_derived,ESA_WorldCover_2021_v200,Hansen_GFC2024v1.12_treecover2000,Landsat_C2_L2_GEE,CLCD_v01_zenodo.18180184,2026-06-10
SAIH_AFF_r21c20,117.113741,42.405662,0,partial_forest,0.4412,0.4683,0.01031,0.00844,0.1874,0.9634,2011,0,early_restoration,rising,regimeC_v0_CLCD+NDVI,RS_derived,ESA_WorldCover_2021_v200,Hansen_GFC2024v1.12_treecover2000,Landsat_C2_L2_GEE,CLCD_v01_zenodo.18180184,2026-06-10
SAIH_AFF_r21c21,117.125792,42.405662,2012,afforested,0.6784,0.7147,0.01997,0.01093,0.2208,0.9742,2011,0,stable_restoration,rising,regimeC_v0_CLCD+NDVI,RS_derived,ESA_WorldCover_2021_v200,Hansen_GFC2024v1.12_treecover2000,Landsat_C2_L2_GEE,CLCD_v01_zenodo.18180184,2026-06-10
SAIH_AFF_r21c22,117.137842,42.405662,0,partial_forest,0.3784,0.3988,0.01658,0.01141,0.2273,0.9639,2011,0,early_restoration,rising,regimeC_v0_CLCD+NDVI,RS_derived,ESA_WorldCover_2021_v200,Hansen_GFC2024v1.12_treecover2000,Landsat_C2_L2_GEE,CLCD_v01_zenodo.18180184,2026-06-10
SAIH_AFF_r21c25,117.173995,42.405662,0,non_forest,0.2679,0.2798,0.01146,0.00778,0.1668,0.9588,0,0,degraded,rising,regimeC_v0_CLCD+NDVI,RS_derived,ESA_WorldCover_2021_v200,Hansen_GFC2024v1.12_treecover2000,Landsat_C2_L2_GEE,CLCD_v01_zenodo.18180184,2026-06-10
SAIH_AFF_r21c26,117.186045,42.405662,2012,afforested,0.7119,0.725,0.02759,0.00977,0.2146,0.9733,2020,0,stable_restoration,rising,regimeC_v0_CLCD+NDVI,RS_derived,ESA_WorldCover_2021_v200,Hansen_GFC2024v1.12_treecover2000,Landsat_C2_L2_GEE,CLCD_v01_zenodo.18180184,2026-06-10
SAIH_AFF_r21c27,117.198096,42.405662,0,partial_forest,0.3719,0.4126,0.01474,0.00822,0.1914,0.9707,0,0,early_restoration,rising,regimeC_v0_CLCD+NDVI,RS_derived,ESA_WorldCover_2021_v200,Hansen_GFC2024v1.12_treecover2000,Landsat_C2_L2_GEE,CLCD_v01_zenodo.18180184,2026-06-10
SAIH_AFF_r21c28,117.210147,42.405662,0,partial_forest,0.4124,0.4337,0.01393,0.00866,0.1894,0.961,0,0,early_restoration,rising,regimeC_v0_CLCD+NDVI,RS_derived,ESA_WorldCover_2021_v200,Hansen_GFC2024v1.12_treecover2000,Landsat_C2_L2_GEE,CLCD_v01_zenodo.18180184,2026-06-10
SAIH_AFF_r21c29,117.222198,42.405662,2022,partial_forest,0.491,0.5316,0.00744,0.00836,0.1854,0.9633,2014,0,early_restoration,rising,regimeC_v0_CLCD+NDVI,RS_derived,ESA_WorldCover_2021_v200,Hansen_GFC2024v1.12_treecover2000,Landsat_C2_L2_GEE,CLCD_v01_zenodo.18180184,2026-06-10
SAIH_AFF_r21c30,117.234248,42.405662,2022,afforested,0.5212,0.5653,0.0073,0.00951,0.2009,0.9473,0,0,early_restoration,rising,regimeC_v0_CLCD+NDVI,RS_derived,ESA_WorldCover_2021_v200,Hansen_GFC2024v1.12_treecover2000,Landsat_C2_L2_GEE,CLCD_v01_zenodo.18180184,2026-06-10
SAIH_AFF_r21c31,117.246299,42.405662,0,partial_forest,0.3539,0.3771,0.00985,0.00576,0.1268,0.9637,2024,0,early_restoration,rising,regimeC_v0_CLCD+NDVI,RS_derived,ESA_WorldCover_2021_v200,Hansen_GFC2024v1.12_treecover2000,Landsat_C2_L2_GEE,CLCD_v01_zenodo.18180184,2026-06-10
SAIH_AFF_r21c32,117.25835,42.405662,0,partial_forest,0.4101,0.4258,0.00257,0.00299,0.0663,0.9838,2006,0,early_restoration,flat,regimeC_v0_CLCD+NDVI,RS_derived,ESA_WorldCover_2021_v200,Hansen_GFC2024v1.12_treecover2000,Landsat_C2_L2_GEE,CLCD_v01_zenodo.18180184,2026-06-10
SAIH_AFF_r21c33,117.270401,42.405662,2003,partial_forest,0.7598,0.8114,0.01263,0.00633,0.1498,0.9695,2022,0,stable_restoration,rising,regimeC_v0_CLCD+NDVI,RS_derived,ESA_WorldCover_2021_v200,Hansen_GFC2024v1.12_treecover2000,Landsat_C2_L2_GEE,CLCD_v01_zenodo.18180184,2026-06-10
SAIH_AFF_r21c34,117.282452,42.405662,1990,stable_forest,0.9188,0.9739,0.00602,0.00711,0.1608,0.9694,2022,0,stable_restoration,rising,regimeC_v0_CLCD+NDVI,RS_derived,ESA_WorldCover_2021_v200,Hansen_GFC2024v1.12_treecover2000,Landsat_C2_L2_GEE,CLCD_v01_zenodo.18180184,2026-06-10
SAIH_AFF_r21c35,117.294502,42.405662,1997,partial_forest,0.8171,0.881,0.00432,0.00565,0.1471,0.9722,2019,1,stable_restoration,rising,regimeC_v0_CLCD+NDVI,RS_derived,ESA_WorldCover_2021_v200,Hansen_GFC2024v1.12_treecover2000,Landsat_C2_L2_GEE,CLCD_v01_zenodo.18180184,2026-06-10
SAIH_AFF_r21c36,117.306553,42.405662,1997,partial_forest,0.7821,0.8068,0.00858,0.00666,0.176,0.9624,2019,0,stable_restoration,rising,regimeC_v0_CLCD+NDVI,RS_derived,ESA_WorldCover_2021_v200,Hansen_GFC2024v1.12_treecover2000,Landsat_C2_L2_GEE,CLCD_v01_zenodo.18180184,2026-06-10
SAIH_AFF_r21c37,117.318604,42.405662,1985,stable_forest,0.8811,0.9155,0.00151,0.00641,0.1499,0.9752,2021,1,stable_restoration,rising,regimeC_v0_CLCD+NDVI,RS_derived,ESA_WorldCover_2021_v200,Hansen_GFC2024v1.12_treecover2000,Landsat_C2_L2_GEE,CLCD_v01_zenodo.18180184,2026-06-10
SAIH_AFF_r21c38,117.330655,42.405662,1985,stable_forest,0.9305,0.9722,0.00328,0.0056,0.1578,0.9544,2017,0,stable_restoration,rising,regimeC_v0_CLCD+NDVI,RS_derived,ESA_WorldCover_2021_v200,Hansen_GFC2024v1.12_treecover2000,Landsat_C2_L2_GEE,CLCD_v01_zenodo.18180184,2026-06-10
SAIH_AFF_r21c39,117.342705,42.405662,1985,stable_forest,0.9571,1.0054,0.00302,0.00691,0.1753,0.9671,2021,0,stable_restoration,rising,regimeC_v0_CLCD+NDVI,RS_derived,ESA_WorldCover_2021_v200,Hansen_GFC2024v1.12_treecover2000,Landsat_C2_L2_GEE,CLCD_v01_zenodo.18180184,2026-06-10
SAIH_AFF_r21c40,117.354756,42.405662,1985,stable_forest,0.9276,0.9668,0.00304,0.0076,0.177,0.9597,2021,0,stable_restoration,rising,regimeC_v0_CLCD+NDVI,RS_derived,ESA_WorldCover_2021_v200,Hansen_GFC2024v1.12_treecover2000,Landsat_C2_L2_GEE,CLCD_v01_zenodo.18180184,2026-06-10
SAIH_AFF_r21c41,117.366807,42.405662,1985,stable_forest,0.8884,0.9247,0.00297,0.00494,0.1281,0.9404,2021,1,stable_restoration,rising,regimeC_v0_CLCD+NDVI,RS_derived,ESA_WorldCover_2021_v200,Hansen_GFC2024v1.12_treecover2000,Landsat_C2_L2_GEE,CLCD_v01_zenodo.18180184,2026-06-10
SAIH_AFF_r21c42,117.378858,42.405662,1985,stable_forest,0.8583,0.8932,0.00416,0.00473,0.1233,0.9584,2022,1,stable_restoration,rising,regimeC_v0_CLCD+NDVI,RS_derived,ESA_WorldCover_2021_v200,Hansen_GFC2024v1.12_treecover2000,Landsat_C2_L2_GEE,CLCD_v01_zenodo.18180184,2026-06-10
SAIH_AFF_r21c43,117.390908,42.405662,1985,stable_forest,0.9391,0.9762,0.00186,0.00519,0.1236,0.9502,2021,0,stable_restoration,rising,regimeC_v0_CLCD+NDVI,RS_derived,ESA_WorldCover_2021_v200,Hansen_GFC2024v1.12_treecover2000,Landsat_C2_L2_GEE,CLCD_v01_zenodo.18180184,2026-06-10
SAIH_AFF_r21c44,117.402959,42.405662,1985,stable_forest,0.9916,1.0317,0.00222,0.00507,0.13,0.9605,2021,0,stable_restoration,rising,regimeC_v0_CLCD+NDVI,RS_derived,ESA_WorldCover_2021_v200,Hansen_GFC2024v1.12_treecover2000,Landsat_C2_L2_GEE,CLCD_v01_zenodo.18180184,2026-06-10
SAIH_AFF_r21c45,117.41501,42.405662,1985,stable_forest,0.9844,1.0155,0.00255,0.00467,0.1168,0.9753,2022,1,stable_restoration,rising,regimeC_v0_CLCD+NDVI,RS_derived,ESA_WorldCover_2021_v200,Hansen_GFC2024v1.12_treecover2000,Landsat_C2_L2_GEE,CLCD_v01_zenodo.18180184,2026-06-10
SAIH_AFF_r21c46,117.427061,42.405662,1985,stable_forest,0.7249,0.7531,0.00351,0.00455,0.1322,0.9782,2019,1,stable_restoration,rising,regimeC_v0_CLCD+NDVI,RS_derived,ESA_WorldCover_2021_v200,Hansen_GFC2024v1.12_treecover2000,Landsat_C2_L2_GEE,CLCD_v01_zenodo.18180184,2026-06-10
SAIH_AFF_r21c47,117.439112,42.405662,1985,stable_forest,0.9121,0.9471,0.00205,0.00574,0.147,0.9879,0,0,stable_restoration,rising,regimeC_v0_CLCD+NDVI,RS_derived,ESA_WorldCover_2021_v200,Hansen_GFC2024v1.12_treecover2000,Landsat_C2_L2_GEE,CLCD_v01_zenodo.18180184,2026-06-10
SAIH_AFF_r21c48,117.451162,42.405662,1985,stable_forest,0.9507,0.9876,0.00204,0.00714,0.1705,0.9841,2005,0,stable_restoration,rising,regimeC_v0_CLCD+NDVI,RS_derived,ESA_WorldCover_2021_v200,Hansen_GFC2024v1.12_treecover2000,Landsat_C2_L2_GEE,CLCD_v01_zenodo.18180184,2026-06-10
SAIH_AFF_r21c49,117.463213,42.405662,1985,stable_forest,0.7402,0.769,0.00295,0.00524,0.1372,0.9622,0,0,stable_restoration,rising,regimeC_v0_CLCD+NDVI,RS_derived,ESA_WorldCover_2021_v200,Hansen_GFC2024v1.12_treecover2000,Landsat_C2_L2_GEE,CLCD_v01_zenodo.18180184,2026-06-10
SAIH_AFF_r21c50,117.475264,42.405662,1985,stable_forest,0.7913,0.8232,0.00358,0.00545,0.1346,0.9615,2024,0,stable_restoration,rising,regimeC_v0_CLCD+NDVI,RS_derived,ESA_WorldCover_2021_v200,Hansen_GFC2024v1.12_treecover2000,Landsat_C2_L2_GEE,CLCD_v01_zenodo.18180184,2026-06-10
SAIH_AFF_r21c51,117.487315,42.405662,0,partial_forest,0.3619,0.3828,0.00325,0.00736,0.1582,0.954,2024,0,early_restoration,rising,regimeC_v0_CLCD+NDVI,RS_derived,ESA_WorldCover_2021_v200,Hansen_GFC2024v1.12_treecover2000,Landsat_C2_L2_GEE,CLCD_v01_zenodo.18180184,2026-06-10
SAIH_AFF_r21c52,117.499365,42.405662,1985,stable_forest,0.75,0.7863,0.00186,0.00601,0.1347,0.96,2021,0,stable_restoration,rising,regimeC_v0_CLCD+NDVI,RS_derived,ESA_WorldCover_2021_v200,Hansen_GFC2024v1.12_treecover2000,Landsat_C2_L2_GEE,CLCD_v01_zenodo.18180184,2026-06-10
SAIH_AFF_r21c53,117.511416,42.405662,2006,partial_forest,0.649,0.6781,0.00938,0.00891,0.1867,0.9696,2024,0,stable_restoration,rising,regimeC_v0_CLCD+NDVI,RS_derived,ESA_WorldCover_2021_v200,Hansen_GFC2024v1.12_treecover2000,Landsat_C2_L2_GEE,CLCD_v01_zenodo.18180184,2026-06-10
SAIH_AFF_r21c54,117.523467,42.405662,1985,stable_forest,0.6563,0.6855,0.00472,0.01067,0.2281,0.97,0,0,stable_restoration,rising,regimeC_v0_CLCD+NDVI,RS_derived,ESA_WorldCover_2021_v200,Hansen_GFC2024v1.12_treecover2000,Landsat_C2_L2_GEE,CLCD_v01_zenodo.18180184,2026-06-10
SAIH_AFF_r21c55,117.535518,42.405662,0,non_forest,0.2041,0.2164,0.00521,0.01028,0.2288,0.9517,0,0,degraded,rising,regimeC_v0_CLCD+NDVI,RS_derived,ESA_WorldCover_2021_v200,Hansen_GFC2024v1.12_treecover2000,Landsat_C2_L2_GEE,CLCD_v01_zenodo.18180184,2026-06-10
SAIH_AFF_r21c56,117.547568,42.405662,0,non_forest,0.2784,0.3216,0.01227,0.00973,0.192,0.9581,2024,0,degraded,rising,regimeC_v0_CLCD+NDVI,RS_derived,ESA_WorldCover_2021_v200,Hansen_GFC2024v1.12_treecover2000,Landsat_C2_L2_GEE,CLCD_v01_zenodo.18180184,2026-06-10
SAIH_AFF_r21c57,117.559619,42.405662,0,non_forest,0.2674,0.3719,0.01395,0.01066,0.2034,0.9625,0,0,early_restoration,rising,regimeC_v0_CLCD+NDVI,RS_derived,ESA_WorldCover_2021_v200,Hansen_GFC2024v1.12_treecover2000,Landsat_C2_L2_GEE,CLCD_v01_zenodo.18180184,2026-06-10
SAIH_AFF_r21c58,117.57167,42.405662,2023,partial_forest,0.4919,0.7565,0.02251,0.01262,0.2315,0.9693,0,0,stable_restoration,rising,regimeC_v0_CLCD+NDVI,RS_derived,ESA_WorldCover_2021_v200,Hansen_GFC2024v1.12_treecover2000,Landsat_C2_L2_GEE,CLCD_v01_zenodo.18180184,2026-06-10
SAIH_AFF_r21c59,117.583721,42.405662,2022,partial_forest,0.5161,0.5693,0.00456,0.00693,0.1368,0.9584,0,0,early_restoration,rising,regimeC_v0_CLCD+NDVI,RS_derived,ESA_WorldCover_2021_v200,Hansen_GFC2024v1.12_treecover2000,Landsat_C2_L2_GEE,CLCD_v01_zenodo.18180184,2026-06-10
SAIH_AFF_r21c60,117.595772,42.405662,2002,partial_forest,0.6983,0.7257,0.00968,0.00822,0.1549,0.957,2024,0,stable_restoration,rising,regimeC_v0_CLCD+NDVI,RS_derived,ESA_WorldCover_2021_v200,Hansen_GFC2024v1.12_treecover2000,Landsat_C2_L2_GEE,CLCD_v01_zenodo.18180184,2026-06-10
SAIH_AFF_r21c61,117.607822,42.405662,2013,afforested,0.6048,0.6323,0.01122,0.00913,0.1917,0.954,2024,1,early_restoration,rising,regimeC_v0_CLCD+NDVI,RS_derived,ESA_WorldCover_2021_v200,Hansen_GFC2024v1.12_treecover2000,Landsat_C2_L2_GEE,CLCD_v01_zenodo.18180184,2026-06-10
SAIH_AFF_r21c62,117.619873,42.405662,0,non_forest,0.2331,0.2427,0.00487,0.01136,0.2512,0.93,0,0,degraded,rising,regimeC_v0_CLCD+NDVI,RS_derived,ESA_WorldCover_2021_v200,Hansen_GFC2024v1.12_treecover2000,Landsat_C2_L2_GEE,CLCD_v01_zenodo.18180184,2026-06-10
SAIH_AFF_r21c63,117.631924,42.405662,0,non_forest,0.2646,0.2907,0.01167,0.01064,0.2005,0.9647,0,0,degraded,rising,regimeC_v0_CLCD+NDVI,RS_derived,ESA_WorldCover_2021_v200,Hansen_GFC2024v1.12_treecover2000,Landsat_C2_L2_GEE,CLCD_v01_zenodo.18180184,2026-06-10
SAIH_AFF_r21c64,117.643975,42.405662,0,non_forest,0.2042,0.2215,0.00879,0.01155,0.2294,0.946,2023,0,degraded,rising,regimeC_v0_CLCD+NDVI,RS_derived,ESA_WorldCover_2021_v200,Hansen_GFC2024v1.12_treecover2000,Landsat_C2_L2_GEE,CLCD_v01_zenodo.18180184,2026-06-10
SAIH_AFF_r22c03,116.908878,42.396623,0,partial_forest,0.3969,0.4372,0.01863,0.00747,0.1499,0.9758,2020,0,early_restoration,rising,regimeC_v0_CLCD+NDVI,RS_derived,ESA_WorldCover_2021_v200,Hansen_GFC2024v1.12_treecover2000,Landsat_C2_L2_GEE,CLCD_v01_zenodo.18180184,2026-06-10
SAIH_AFF_r22c04,116.920928,42.396623,2016,afforested,0.7144,0.7622,0.03789,0.0137,0.277,0.9735,2022,0,stable_restoration,rising,regimeC_v0_CLCD+NDVI,RS_derived,ESA_WorldCover_2021_v200,Hansen_GFC2024v1.12_treecover2000,Landsat_C2_L2_GEE,CLCD_v01_zenodo.18180184,2026-06-10
SAIH_AFF_r22c05,116.932979,42.396623,2012,afforested,0.9365,0.9887,0.04987,0.01412,0.2824,0.9768,0,0,stable_restoration,rising,regimeC_v0_CLCD+NDVI,RS_derived,ESA_WorldCover_2021_v200,Hansen_GFC2024v1.12_treecover2000,Landsat_C2_L2_GEE,CLCD_v01_zenodo.18180184,2026-06-10
SAIH_AFF_r22c06,116.94503,42.396623,2009,afforested,0.9303,0.9762,0.04064,0.01338,0.2762,0.9865,0,0,stable_restoration,rising,regimeC_v0_CLCD+NDVI,RS_derived,ESA_WorldCover_2021_v200,Hansen_GFC2024v1.12_treecover2000,Landsat_C2_L2_GEE,CLCD_v01_zenodo.18180184,2026-06-10
SAIH_AFF_r22c07,116.957081,42.396623,2010,afforested,0.926,0.9785,0.03687,0.01312,0.2769,0.9789,2021,0,stable_restoration,rising,regimeC_v0_CLCD+NDVI,RS_derived,ESA_WorldCover_2021_v200,Hansen_GFC2024v1.12_treecover2000,Landsat_C2_L2_GEE,CLCD_v01_zenodo.18180184,2026-06-10
SAIH_AFF_r22c08,116.969132,42.396623,2010,afforested,0.8089,0.8773,0.03079,0.0125,0.2589,0.9502,2021,0,stable_restoration,rising,regimeC_v0_CLCD+NDVI,RS_derived,ESA_WorldCover_2021_v200,Hansen_GFC2024v1.12_treecover2000,Landsat_C2_L2_GEE,CLCD_v01_zenodo.18180184,2026-06-10
SAIH_AFF_r22c09,116.981182,42.396623,2015,afforested,0.7017,0.7702,0.03055,0.01184,0.254,0.9444,0,0,stable_restoration,rising,regimeC_v0_CLCD+NDVI,RS_derived,ESA_WorldCover_2021_v200,Hansen_GFC2024v1.12_treecover2000,Landsat_C2_L2_GEE,CLCD_v01_zenodo.18180184,2026-06-10
SAIH_AFF_r22c10,116.993233,42.396623,2014,afforested,0.799,0.8686,0.04194,0.01274,0.2593,0.9558,0,0,stable_restoration,rising,regimeC_v0_CLCD+NDVI,RS_derived,ESA_WorldCover_2021_v200,Hansen_GFC2024v1.12_treecover2000,Landsat_C2_L2_GEE,CLCD_v01_zenodo.18180184,2026-06-10
SAIH_AFF_r22c11,117.005284,42.396623,2004,afforested,0.9232,0.971,0.02866,0.01286,0.2562,0.9775,2001,0,stable_restoration,rising,regimeC_v0_CLCD+NDVI,RS_derived,ESA_WorldCover_2021_v200,Hansen_GFC2024v1.12_treecover2000,Landsat_C2_L2_GEE,CLCD_v01_zenodo.18180184,2026-06-10
SAIH_AFF_r22c12,117.017335,42.396623,2010,afforested,0.8309,0.8778,0.0313,0.01303,0.2674,0.9704,0,0,stable_restoration,rising,regimeC_v0_CLCD+NDVI,RS_derived,ESA_WorldCover_2021_v200,Hansen_GFC2024v1.12_treecover2000,Landsat_C2_L2_GEE,CLCD_v01_zenodo.18180184,2026-06-10
SAIH_AFF_r22c13,117.029385,42.396623,2008,afforested,0.9395,0.9922,0.04116,0.01275,0.2522,0.9684,0,0,stable_restoration,rising,regimeC_v0_CLCD+NDVI,RS_derived,ESA_WorldCover_2021_v200,Hansen_GFC2024v1.12_treecover2000,Landsat_C2_L2_GEE,CLCD_v01_zenodo.18180184,2026-06-10
SAIH_AFF_r22c14,117.041436,42.396623,2022,afforested,0.5386,0.5871,0.0242,0.01008,0.1921,0.978,2007,0,early_restoration,rising,regimeC_v0_CLCD+NDVI,RS_derived,ESA_WorldCover_2021_v200,Hansen_GFC2024v1.12_treecover2000,Landsat_C2_L2_GEE,CLCD_v01_zenodo.18180184,2026-06-10
SAIH_AFF_r22c15,117.053487,42.396623,0,non_forest,0.2631,0.3028,0.01,0.00977,0.1845,0.9745,2011,0,degraded,rising,regimeC_v0_CLCD+NDVI,RS_derived,ESA_WorldCover_2021_v200,Hansen_GFC2024v1.12_treecover2000,Landsat_C2_L2_GEE,CLCD_v01_zenodo.18180184,2026-06-10
SAIH_AFF_r22c16,117.065538,42.396623,0,non_forest,0.1215,0.1413,0.00499,0.0094,0.1822,0.9563,2009,0,degraded,rising,regimeC_v0_CLCD+NDVI,RS_derived,ESA_WorldCover_2021_v200,Hansen_GFC2024v1.12_treecover2000,Landsat_C2_L2_GEE,CLCD_v01_zenodo.18180184,2026-06-10
SAIH_AFF_r22c17,117.077588,42.396623,0,non_forest,0.1828,0.202,0.00757,0.009,0.1811,0.9567,0,0,degraded,rising,regimeC_v0_CLCD+NDVI,RS_derived,ESA_WorldCover_2021_v200,Hansen_GFC2024v1.12_treecover2000,Landsat_C2_L2_GEE,CLCD_v01_zenodo.18180184,2026-06-10
SAIH_AFF_r22c18,117.089639,42.396623,0,partial_forest,0.4142,0.4612,0.01371,0.00978,0.2102,0.9732,0,0,early_restoration,rising,regimeC_v0_CLCD+NDVI,RS_derived,ESA_WorldCover_2021_v200,Hansen_GFC2024v1.12_treecover2000,Landsat_C2_L2_GEE,CLCD_v01_zenodo.18180184,2026-06-10
SAIH_AFF_r22c19,117.10169,42.396623,2025,partial_forest,0.4677,0.519,0.01297,0.00965,0.2102,0.9739,2012,0,early_restoration,rising,regimeC_v0_CLCD+NDVI,RS_derived,ESA_WorldCover_2021_v200,Hansen_GFC2024v1.12_treecover2000,Landsat_C2_L2_GEE,CLCD_v01_zenodo.18180184,2026-06-10
SAIH_AFF_r22c21,117.125792,42.396623,0,non_forest,0.1144,0.1294,0.00458,0.008,0.1659,0.9586,0,0,degraded,rising,regimeC_v0_CLCD+NDVI,RS_derived,ESA_WorldCover_2021_v200,Hansen_GFC2024v1.12_treecover2000,Landsat_C2_L2_GEE,CLCD_v01_zenodo.18180184,2026-06-10
SAIH_AFF_r22c26,117.186045,42.396623,0,partial_forest,0.3117,0.3227,0.01349,0.00986,0.2179,0.9658,2011,0,degraded,rising,regimeC_v0_CLCD+NDVI,RS_derived,ESA_WorldCover_2021_v200,Hansen_GFC2024v1.12_treecover2000,Landsat_C2_L2_GEE,CLCD_v01_zenodo.18180184,2026-06-10
SAIH_AFF_r22c27,117.198096,42.396623,0,partial_forest,0.3709,0.3942,0.02007,0.01103,0.2411,0.9707,0,0,early_restoration,rising,regimeC_v0_CLCD+NDVI,RS_derived,ESA_WorldCover_2021_v200,Hansen_GFC2024v1.12_treecover2000,Landsat_C2_L2_GEE,CLCD_v01_zenodo.18180184,2026-06-10
SAIH_AFF_r22c30,117.234248,42.396623,0,non_forest,0.2987,0.3163,0.01106,0.00809,0.2004,0.968,2015,0,degraded,rising,regimeC_v0_CLCD+NDVI,RS_derived,ESA_WorldCover_2021_v200,Hansen_GFC2024v1.12_treecover2000,Landsat_C2_L2_GEE,CLCD_v01_zenodo.18180184,2026-06-10
SAIH_AFF_r22c31,117.246299,42.396623,1991,partial_forest,0.7287,0.7713,0.00423,0.00551,0.1415,0.9675,2024,0,stable_restoration,rising,regimeC_v0_CLCD+NDVI,RS_derived,ESA_WorldCover_2021_v200,Hansen_GFC2024v1.12_treecover2000,Landsat_C2_L2_GEE,CLCD_v01_zenodo.18180184,2026-06-10
SAIH_AFF_r22c32,117.25835,42.396623,1985,stable_forest,0.9305,0.9671,0.00163,0.00683,0.1454,0.9793,0,0,stable_restoration,rising,regimeC_v0_CLCD+NDVI,RS_derived,ESA_WorldCover_2021_v200,Hansen_GFC2024v1.12_treecover2000,Landsat_C2_L2_GEE,CLCD_v01_zenodo.18180184,2026-06-10
SAIH_AFF_r22c33,117.270401,42.396623,1991,stable_forest,0.9524,0.9911,0.00382,0.00639,0.1499,0.966,0,0,stable_restoration,rising,regimeC_v0_CLCD+NDVI,RS_derived,ESA_WorldCover_2021_v200,Hansen_GFC2024v1.12_treecover2000,Landsat_C2_L2_GEE,CLCD_v01_zenodo.18180184,2026-06-10
SAIH_AFF_r22c34,117.282452,42.396623,1985,stable_forest,0.9659,1.0094,0.00334,0.00616,0.1434,0.9747,2001,0,stable_restoration,rising,regimeC_v0_CLCD+NDVI,RS_derived,ESA_WorldCover_2021_v200,Hansen_GFC2024v1.12_treecover2000,Landsat_C2_L2_GEE,CLCD_v01_zenodo.18180184,2026-06-10
SAIH_AFF_r22c35,117.294502,42.396623,1991,stable_forest,0.9152,0.96,0.00508,0.00673,0.156,0.9695,2019,0,stable_restoration,rising,regimeC_v0_CLCD+NDVI,RS_derived,ESA_WorldCover_2021_v200,Hansen_GFC2024v1.12_treecover2000,Landsat_C2_L2_GEE,CLCD_v01_zenodo.18180184,2026-06-10
SAIH_AFF_r22c36,117.306553,42.396623,1985,stable_forest,0.9588,1.0002,0.00181,0.00521,0.1232,0.97,2021,0,stable_restoration,rising,regimeC_v0_CLCD+NDVI,RS_derived,ESA_WorldCover_2021_v200,Hansen_GFC2024v1.12_treecover2000,Landsat_C2_L2_GEE,CLCD_v01_zenodo.18180184,2026-06-10
SAIH_AFF_r22c37,117.318604,42.396623,1985,stable_forest,0.9503,1.0054,0.00547,0.00645,0.1475,0.9614,2011,0,stable_restoration,rising,regimeC_v0_CLCD+NDVI,RS_derived,ESA_WorldCover_2021_v200,Hansen_GFC2024v1.12_treecover2000,Landsat_C2_L2_GEE,CLCD_v01_zenodo.18180184,2026-06-10
SAIH_AFF_r22c38,117.330655,42.396623,1985,stable_forest,0.9315,0.9705,0.00237,0.00722,0.1734,0.9556,2012,0,stable_restoration,rising,regimeC_v0_CLCD+NDVI,RS_derived,ESA_WorldCover_2021_v200,Hansen_GFC2024v1.12_treecover2000,Landsat_C2_L2_GEE,CLCD_v01_zenodo.18180184,2026-06-10
SAIH_AFF_r22c39,117.342705,42.396623,1985,stable_forest,0.9241,0.9705,0.00562,0.00594,0.1485,0.97,2021,0,stable_restoration,rising,regimeC_v0_CLCD+NDVI,RS_derived,ESA_WorldCover_2021_v200,Hansen_GFC2024v1.12_treecover2000,Landsat_C2_L2_GEE,CLCD_v01_zenodo.18180184,2026-06-10
SAIH_AFF_r22c40,117.354756,42.396623,1985,stable_forest,0.9236,0.9768,0.00163,0.00448,0.1163,0.9547,2021,1,stable_restoration,rising,regimeC_v0_CLCD+NDVI,RS_derived,ESA_WorldCover_2021_v200,Hansen_GFC2024v1.12_treecover2000,Landsat_C2_L2_GEE,CLCD_v01_zenodo.18180184,2026-06-10
SAIH_AFF_r22c41,117.366807,42.396623,1985,stable_forest,0.9154,0.951,0.00488,0.00468,0.1047,0.9688,2021,1,stable_restoration,rising,regimeC_v0_CLCD+NDVI,RS_derived,ESA_WorldCover_2021_v200,Hansen_GFC2024v1.12_treecover2000,Landsat_C2_L2_GEE,CLCD_v01_zenodo.18180184,2026-06-10
SAIH_AFF_r22c42,117.378858,42.396623,1985,stable_forest,0.9411,0.9733,0.0047,0.00482,0.1208,0.9634,2021,1,stable_restoration,rising,regimeC_v0_CLCD+NDVI,RS_derived,ESA_WorldCover_2021_v200,Hansen_GFC2024v1.12_treecover2000,Landsat_C2_L2_GEE,CLCD_v01_zenodo.18180184,2026-06-10
SAIH_AFF_r22c43,117.390908,42.396623,1985,stable_forest,0.7946,0.8389,0.00537,0.00692,0.1719,0.9539,2007,0,stable_restoration,rising,regimeC_v0_CLCD+NDVI,RS_derived,ESA_WorldCover_2021_v200,Hansen_GFC2024v1.12_treecover2000,Landsat_C2_L2_GEE,CLCD_v01_zenodo.18180184,2026-06-10
SAIH_AFF_r22c44,117.402959,42.396623,1990,stable_forest,0.7082,0.7519,0.00674,0.00648,0.1653,0.9519,0,0,stable_restoration,rising,regimeC_v0_CLCD+NDVI,RS_derived,ESA_WorldCover_2021_v200,Hansen_GFC2024v1.12_treecover2000,Landsat_C2_L2_GEE,CLCD_v01_zenodo.18180184,2026-06-10
SAIH_AFF_r22c45,117.41501,42.396623,1995,partial_forest,0.6639,0.697,0.00586,0.00723,0.181,0.9681,2021,0,stable_restoration,rising,regimeC_v0_CLCD+NDVI,RS_derived,ESA_WorldCover_2021_v200,Hansen_GFC2024v1.12_treecover2000,Landsat_C2_L2_GEE,CLCD_v01_zenodo.18180184,2026-06-10
SAIH_AFF_r22c46,117.427061,42.396623,1985,stable_forest,0.6988,0.7301,0.00376,0.00591,0.1574,0.9675,0,0,stable_restoration,rising,regimeC_v0_CLCD+NDVI,RS_derived,ESA_WorldCover_2021_v200,Hansen_GFC2024v1.12_treecover2000,Landsat_C2_L2_GEE,CLCD_v01_zenodo.18180184,2026-06-10
SAIH_AFF_r22c47,117.439112,42.396623,1985,stable_forest,0.7212,0.7536,0.00812,0.00801,0.1936,0.972,0,0,stable_restoration,rising,regimeC_v0_CLCD+NDVI,RS_derived,ESA_WorldCover_2021_v200,Hansen_GFC2024v1.12_treecover2000,Landsat_C2_L2_GEE,CLCD_v01_zenodo.18180184,2026-06-10
SAIH_AFF_r22c48,117.451162,42.396623,1985,stable_forest,0.8215,0.8543,0.00362,0.00799,0.1941,0.971,0,0,stable_restoration,rising,regimeC_v0_CLCD+NDVI,RS_derived,ESA_WorldCover_2021_v200,Hansen_GFC2024v1.12_treecover2000,Landsat_C2_L2_GEE,CLCD_v01_zenodo.18180184,2026-06-10
SAIH_AFF_r22c49,117.463213,42.396623,1985,stable_forest,0.6146,0.6398,0.00166,0.00778,0.191,0.9708,0,0,early_restoration,rising,regimeC_v0_CLCD+NDVI,RS_derived,ESA_WorldCover_2021_v200,Hansen_GFC2024v1.12_treecover2000,Landsat_C2_L2_GEE,CLCD_v01_zenodo.18180184,2026-06-10
SAIH_AFF_r22c50,117.475264,42.396623,1985,stable_forest,0.6568,0.6864,0.00457,0.00753,0.1717,0.9707,0,0,stable_restoration,rising,regimeC_v0_CLCD+NDVI,RS_derived,ESA_WorldCover_2021_v200,Hansen_GFC2024v1.12_treecover2000,Landsat_C2_L2_GEE,CLCD_v01_zenodo.18180184,2026-06-10
SAIH_AFF_r22c51,117.487315,42.396623,1985,stable_forest,0.5784,0.6032,0.00218,0.00709,0.1606,0.9524,0,0,early_restoration,rising,regimeC_v0_CLCD+NDVI,RS_derived,ESA_WorldCover_2021_v200,Hansen_GFC2024v1.12_treecover2000,Landsat_C2_L2_GEE,CLCD_v01_zenodo.18180184,2026-06-10
SAIH_AFF_r22c52,117.499365,42.396623,0,partial_forest,0.3324,0.348,0.00188,0.00751,0.1581,0.9595,0,0,early_restoration,rising,regimeC_v0_CLCD+NDVI,RS_derived,ESA_WorldCover_2021_v200,Hansen_GFC2024v1.12_treecover2000,Landsat_C2_L2_GEE,CLCD_v01_zenodo.18180184,2026-06-10
SAIH_AFF_r22c53,117.511416,42.396623,1990,stable_forest,0.6312,0.6575,0.00448,0.00955,0.1942,0.9699,2001,0,early_restoration,rising,regimeC_v0_CLCD+NDVI,RS_derived,ESA_WorldCover_2021_v200,Hansen_GFC2024v1.12_treecover2000,Landsat_C2_L2_GEE,CLCD_v01_zenodo.18180184,2026-06-10
SAIH_AFF_r22c54,117.523467,42.396623,2020,afforested,0.5199,0.5459,0.01544,0.01342,0.2715,0.9621,2013,0,early_restoration,rising,regimeC_v0_CLCD+NDVI,RS_derived,ESA_WorldCover_2021_v200,Hansen_GFC2024v1.12_treecover2000,Landsat_C2_L2_GEE,CLCD_v01_zenodo.18180184,2026-06-10
SAIH_AFF_r22c55,117.535518,42.396623,0,non_forest,0.2027,0.2147,0.00495,0.01111,0.25,0.9322,2024,0,degraded,rising,regimeC_v0_CLCD+NDVI,RS_derived,ESA_WorldCover_2021_v200,Hansen_GFC2024v1.12_treecover2000,Landsat_C2_L2_GEE,CLCD_v01_zenodo.18180184,2026-06-10
SAIH_AFF_r22c56,117.547568,42.396623,0,non_forest,0.2751,0.2953,0.0059,0.00979,0.2094,0.9737,2024,1,degraded,rising,regimeC_v0_CLCD+NDVI,RS_derived,ESA_WorldCover_2021_v200,Hansen_GFC2024v1.12_treecover2000,Landsat_C2_L2_GEE,CLCD_v01_zenodo.18180184,2026-06-10
SAIH_AFF_r22c57,117.559619,42.396623,0,non_forest,0.1114,0.1179,0.00361,0.00863,0.1869,0.9586,2024,0,degraded,rising,regimeC_v0_CLCD+NDVI,RS_derived,ESA_WorldCover_2021_v200,Hansen_GFC2024v1.12_treecover2000,Landsat_C2_L2_GEE,CLCD_v01_zenodo.18180184,2026-06-10
SAIH_AFF_r22c58,117.57167,42.396623,0,non_forest,0.1637,0.1774,0.00264,0.00929,0.1906,0.9492,2024,0,degraded,rising,regimeC_v0_CLCD+NDVI,RS_derived,ESA_WorldCover_2021_v200,Hansen_GFC2024v1.12_treecover2000,Landsat_C2_L2_GEE,CLCD_v01_zenodo.18180184,2026-06-10
SAIH_AFF_r22c59,117.583721,42.396623,0,partial_forest,0.339,0.4012,0.00882,0.00971,0.1791,0.9505,2013,0,early_restoration,rising,regimeC_v0_CLCD+NDVI,RS_derived,ESA_WorldCover_2021_v200,Hansen_GFC2024v1.12_treecover2000,Landsat_C2_L2_GEE,CLCD_v01_zenodo.18180184,2026-06-10
SAIH_AFF_r22c60,117.595772,42.396623,0,non_forest,0.2558,0.3387,0.0103,0.0094,0.1889,0.9551,0,0,early_restoration,rising,regimeC_v0_CLCD+NDVI,RS_derived,ESA_WorldCover_2021_v200,Hansen_GFC2024v1.12_treecover2000,Landsat_C2_L2_GEE,CLCD_v01_zenodo.18180184,2026-06-10
SAIH_AFF_r22c61,117.607822,42.396623,0,partial_forest,0.4845,0.5156,0.00504,0.0081,0.172,0.9792,2011,0,early_restoration,rising,regimeC_v0_CLCD+NDVI,RS_derived,ESA_WorldCover_2021_v200,Hansen_GFC2024v1.12_treecover2000,Landsat_C2_L2_GEE,CLCD_v01_zenodo.18180184,2026-06-10
SAIH_AFF_r22c62,117.619873,42.396623,2010,partial_forest,0.6345,0.6546,0.01355,0.00905,0.1894,0.9768,2021,1,early_restoration,rising,regimeC_v0_CLCD+NDVI,RS_derived,ESA_WorldCover_2021_v200,Hansen_GFC2024v1.12_treecover2000,Landsat_C2_L2_GEE,CLCD_v01_zenodo.18180184,2026-06-10
SAIH_AFF_r22c63,117.631924,42.396623,0,non_forest,0.1927,0.2015,0.00789,0.01046,0.219,0.9421,2007,0,degraded,rising,regimeC_v0_CLCD+NDVI,RS_derived,ESA_WorldCover_2021_v200,Hansen_GFC2024v1.12_treecover2000,Landsat_C2_L2_GEE,CLCD_v01_zenodo.18180184,2026-06-10
SAIH_AFF_r22c64,117.643975,42.396623,0,partial_forest,0.434,0.4593,0.00873,0.01119,0.2294,0.9535,2024,1,early_restoration,rising,regimeC_v0_CLCD+NDVI,RS_derived,ESA_WorldCover_2021_v200,Hansen_GFC2024v1.12_treecover2000,Landsat_C2_L2_GEE,CLCD_v01_zenodo.18180184,2026-06-10
SAIH_AFF_r23c02,116.896827,42.387584,0,partial_forest,0.3974,0.4424,0.01994,0.0092,0.1848,0.9837,2024,0,early_restoration,rising,regimeC_v0_CLCD+NDVI,RS_derived,ESA_WorldCover_2021_v200,Hansen_GFC2024v1.12_treecover2000,Landsat_C2_L2_GEE,CLCD_v01_zenodo.18180184,2026-06-10
SAIH_AFF_r23c03,116.908878,42.387584,2016,afforested,0.7358,0.8005,0.03865,0.01311,0.2571,0.9727,0,0,stable_restoration,rising,regimeC_v0_CLCD+NDVI,RS_derived,ESA_WorldCover_2021_v200,Hansen_GFC2024v1.12_treecover2000,Landsat_C2_L2_GEE,CLCD_v01_zenodo.18180184,2026-06-10
SAIH_AFF_r23c04,116.920928,42.387584,2011,afforested,0.9561,1.0042,0.04613,0.01532,0.3036,0.9848,0,0,stable_restoration,rising,regimeC_v0_CLCD+NDVI,RS_derived,ESA_WorldCover_2021_v200,Hansen_GFC2024v1.12_treecover2000,Landsat_C2_L2_GEE,CLCD_v01_zenodo.18180184,2026-06-10
SAIH_AFF_r23c05,116.932979,42.387584,2010,afforested,0.9377,0.9887,0.04223,0.01381,0.269,0.985,0,0,stable_restoration,rising,regimeC_v0_CLCD+NDVI,RS_derived,ESA_WorldCover_2021_v200,Hansen_GFC2024v1.12_treecover2000,Landsat_C2_L2_GEE,CLCD_v01_zenodo.18180184,2026-06-10
SAIH_AFF_r23c06,116.94503,42.387584,2010,afforested,0.8859,0.9328,0.03895,0.01358,0.2656,0.9758,0,0,stable_restoration,rising,regimeC_v0_CLCD+NDVI,RS_derived,ESA_WorldCover_2021_v200,Hansen_GFC2024v1.12_treecover2000,Landsat_C2_L2_GEE,CLCD_v01_zenodo.18180184,2026-06-10
SAIH_AFF_r23c07,116.957081,42.387584,2014,afforested,0.7929,0.8675,0.02964,0.01179,0.2478,0.9699,0,0,stable_restoration,rising,regimeC_v0_CLCD+NDVI,RS_derived,ESA_WorldCover_2021_v200,Hansen_GFC2024v1.12_treecover2000,Landsat_C2_L2_GEE,CLCD_v01_zenodo.18180184,2026-06-10
SAIH_AFF_r23c08,116.969132,42.387584,2018,afforested,0.6434,0.7078,0.03102,0.01248,0.2541,0.9433,2023,0,stable_restoration,rising,regimeC_v0_CLCD+NDVI,RS_derived,ESA_WorldCover_2021_v200,Hansen_GFC2024v1.12_treecover2000,Landsat_C2_L2_GEE,CLCD_v01_zenodo.18180184,2026-06-10
SAIH_AFF_r23c09,116.981182,42.387584,2022,afforested,0.556,0.622,0.02776,0.01041,0.2358,0.9436,0,0,early_restoration,rising,regimeC_v0_CLCD+NDVI,RS_derived,ESA_WorldCover_2021_v200,Hansen_GFC2024v1.12_treecover2000,Landsat_C2_L2_GEE,CLCD_v01_zenodo.18180184,2026-06-10
SAIH_AFF_r23c10,116.993233,42.387584,0,partial_forest,0.4268,0.4789,0.02094,0.0092,0.207,0.945,2007,0,early_restoration,rising,regimeC_v0_CLCD+NDVI,RS_derived,ESA_WorldCover_2021_v200,Hansen_GFC2024v1.12_treecover2000,Landsat_C2_L2_GEE,CLCD_v01_zenodo.18180184,2026-06-10
SAIH_AFF_r23c11,117.005284,42.387584,2018,afforested,0.6202,0.6792,0.03051,0.01097,0.2381,0.9341,2024,0,stable_restoration,rising,regimeC_v0_CLCD+NDVI,RS_derived,ESA_WorldCover_2021_v200,Hansen_GFC2024v1.12_treecover2000,Landsat_C2_L2_GEE,CLCD_v01_zenodo.18180184,2026-06-10
SAIH_AFF_r23c12,117.017335,42.387584,2007,afforested,0.8657,0.9116,0.02989,0.01104,0.2181,0.9597,2005,0,stable_restoration,rising,regimeC_v0_CLCD+NDVI,RS_derived,ESA_WorldCover_2021_v200,Hansen_GFC2024v1.12_treecover2000,Landsat_C2_L2_GEE,CLCD_v01_zenodo.18180184,2026-06-10
SAIH_AFF_r23c13,117.029385,42.387584,2015,afforested,0.6062,0.658,0.01883,0.00938,0.1897,0.9397,2005,0,early_restoration,rising,regimeC_v0_CLCD+NDVI,RS_derived,ESA_WorldCover_2021_v200,Hansen_GFC2024v1.12_treecover2000,Landsat_C2_L2_GEE,CLCD_v01_zenodo.18180184,2026-06-10
SAIH_AFF_r23c15,117.053487,42.387584,0,non_forest,0.1979,0.2327,0.01015,0.01097,0.2056,0.972,2007,0,degraded,rising,regimeC_v0_CLCD+NDVI,RS_derived,ESA_WorldCover_2021_v200,Hansen_GFC2024v1.12_treecover2000,Landsat_C2_L2_GEE,CLCD_v01_zenodo.18180184,2026-06-10
SAIH_AFF_r23c16,117.065538,42.387584,0,non_forest,0.1844,0.2404,0.00863,0.01141,0.2178,0.9702,0,0,degraded,rising,regimeC_v0_CLCD+NDVI,RS_derived,ESA_WorldCover_2021_v200,Hansen_GFC2024v1.12_treecover2000,Landsat_C2_L2_GEE,CLCD_v01_zenodo.18180184,2026-06-10
SAIH_AFF_r23c17,117.077588,42.387584,0,partial_forest,0.3624,0.4126,0.01948,0.01171,0.2305,0.9745,0,0,early_restoration,rising,regimeC_v0_CLCD+NDVI,RS_derived,ESA_WorldCover_2021_v200,Hansen_GFC2024v1.12_treecover2000,Landsat_C2_L2_GEE,CLCD_v01_zenodo.18180184,2026-06-10
SAIH_AFF_r23c18,117.089639,42.387584,0,partial_forest,0.477,0.5179,0.02132,0.01197,0.2378,0.9834,2011,0,early_restoration,rising,regimeC_v0_CLCD+NDVI,RS_derived,ESA_WorldCover_2021_v200,Hansen_GFC2024v1.12_treecover2000,Landsat_C2_L2_GEE,CLCD_v01_zenodo.18180184,2026-06-10
SAIH_AFF_r23c19,117.10169,42.387584,2016,afforested,0.6031,0.6575,0.03033,0.01414,0.2821,0.9743,2011,0,early_restoration,rising,regimeC_v0_CLCD+NDVI,RS_derived,ESA_WorldCover_2021_v200,Hansen_GFC2024v1.12_treecover2000,Landsat_C2_L2_GEE,CLCD_v01_zenodo.18180184,2026-06-10
SAIH_AFF_r23c20,117.113741,42.387584,0,non_forest,0.2312,0.2562,0.01083,0.0107,0.2392,0.9666,2006,0,degraded,rising,regimeC_v0_CLCD+NDVI,RS_derived,ESA_WorldCover_2021_v200,Hansen_GFC2024v1.12_treecover2000,Landsat_C2_L2_GEE,CLCD_v01_zenodo.18180184,2026-06-10
SAIH_AFF_r23c21,117.125792,42.387584,0,non_forest,0.1994,0.2106,0.00443,0.00713,0.1584,0.9623,0,0,degraded,rising,regimeC_v0_CLCD+NDVI,RS_derived,ESA_WorldCover_2021_v200,Hansen_GFC2024v1.12_treecover2000,Landsat_C2_L2_GEE,CLCD_v01_zenodo.18180184,2026-06-10
SAIH_AFF_r23c22,117.137842,42.387584,0,partial_forest,0.3099,0.3548,0.01248,0.01071,0.2284,0.9666,2009,0,early_restoration,rising,regimeC_v0_CLCD+NDVI,RS_derived,ESA_WorldCover_2021_v200,Hansen_GFC2024v1.12_treecover2000,Landsat_C2_L2_GEE,CLCD_v01_zenodo.18180184,2026-06-10
SAIH_AFF_r23c23,117.149893,42.387584,0,non_forest,0.2426,0.2666,0.01078,0.01009,0.2333,0.9634,2012,0,degraded,rising,regimeC_v0_CLCD+NDVI,RS_derived,ESA_WorldCover_2021_v200,Hansen_GFC2024v1.12_treecover2000,Landsat_C2_L2_GEE,CLCD_v01_zenodo.18180184,2026-06-10
SAIH_AFF_r23c24,117.161944,42.387584,0,partial_forest,0.4124,0.4417,0.00872,0.0088,0.2088,0.9799,2009,0,early_restoration,rising,regimeC_v0_CLCD+NDVI,RS_derived,ESA_WorldCover_2021_v200,Hansen_GFC2024v1.12_treecover2000,Landsat_C2_L2_GEE,CLCD_v01_zenodo.18180184,2026-06-10
SAIH_AFF_r23c25,117.173995,42.387584,0,non_forest,0.2795,0.3096,0.00723,0.00863,0.1992,0.9691,0,0,degraded,rising,regimeC_v0_CLCD+NDVI,RS_derived,ESA_WorldCover_2021_v200,Hansen_GFC2024v1.12_treecover2000,Landsat_C2_L2_GEE,CLCD_v01_zenodo.18180184,2026-06-10
SAIH_AFF_r23c26,117.186045,42.387584,0,non_forest,0.2112,0.2506,0.00891,0.00971,0.2237,0.964,0,0,degraded,rising,regimeC_v0_CLCD+NDVI,RS_derived,ESA_WorldCover_2021_v200,Hansen_GFC2024v1.12_treecover2000,Landsat_C2_L2_GEE,CLCD_v01_zenodo.18180184,2026-06-10
SAIH_AFF_r23c27,117.198096,42.387584,0,partial_forest,0.4516,0.5133,0.02481,0.01339,0.2899,0.9554,0,0,early_restoration,rising,regimeC_v0_CLCD+NDVI,RS_derived,ESA_WorldCover_2021_v200,Hansen_GFC2024v1.12_treecover2000,Landsat_C2_L2_GEE,CLCD_v01_zenodo.18180184,2026-06-10
SAIH_AFF_r23c28,117.210147,42.387584,0,non_forest,0.2274,0.257,0.01215,0.00983,0.2135,0.9492,0,0,degraded,rising,regimeC_v0_CLCD+NDVI,RS_derived,ESA_WorldCover_2021_v200,Hansen_GFC2024v1.12_treecover2000,Landsat_C2_L2_GEE,CLCD_v01_zenodo.18180184,2026-06-10
SAIH_AFF_r23c30,117.234248,42.387584,0,non_forest,0.2147,0.2467,0.01125,0.01227,0.2712,0.9462,2023,0,degraded,rising,regimeC_v0_CLCD+NDVI,RS_derived,ESA_WorldCover_2021_v200,Hansen_GFC2024v1.12_treecover2000,Landsat_C2_L2_GEE,CLCD_v01_zenodo.18180184,2026-06-10
SAIH_AFF_r23c31,117.246299,42.387584,0,partial_forest,0.43,0.4509,0.01598,0.01208,0.2736,0.9641,2001,0,early_restoration,rising,regimeC_v0_CLCD+NDVI,RS_derived,ESA_WorldCover_2021_v200,Hansen_GFC2024v1.12_treecover2000,Landsat_C2_L2_GEE,CLCD_v01_zenodo.18180184,2026-06-10
SAIH_AFF_r23c32,117.25835,42.387584,1990,stable_forest,0.7339,0.7668,0.00686,0.0092,0.202,0.9864,2024,1,stable_restoration,rising,regimeC_v0_CLCD+NDVI,RS_derived,ESA_WorldCover_2021_v200,Hansen_GFC2024v1.12_treecover2000,Landsat_C2_L2_GEE,CLCD_v01_zenodo.18180184,2026-06-10
SAIH_AFF_r23c33,117.270401,42.387584,1985,stable_forest,0.9595,0.9997,0.00144,0.00688,0.1601,0.9802,2019,1,stable_restoration,rising,regimeC_v0_CLCD+NDVI,RS_derived,ESA_WorldCover_2021_v200,Hansen_GFC2024v1.12_treecover2000,Landsat_C2_L2_GEE,CLCD_v01_zenodo.18180184,2026-06-10
SAIH_AFF_r23c34,117.282452,42.387584,1985,stable_forest,0.965,0.9951,0.00171,0.0059,0.1342,0.9868,2021,1,stable_restoration,rising,regimeC_v0_CLCD+NDVI,RS_derived,ESA_WorldCover_2021_v200,Hansen_GFC2024v1.12_treecover2000,Landsat_C2_L2_GEE,CLCD_v01_zenodo.18180184,2026-06-10
SAIH_AFF_r23c35,117.294502,42.387584,1985,stable_forest,0.9435,0.9791,0.00218,0.00561,0.1209,0.9823,2022,0,stable_restoration,rising,regimeC_v0_CLCD+NDVI,RS_derived,ESA_WorldCover_2021_v200,Hansen_GFC2024v1.12_treecover2000,Landsat_C2_L2_GEE,CLCD_v01_zenodo.18180184,2026-06-10
SAIH_AFF_r23c36,117.306553,42.387584,1985,stable_forest,0.9785,1.0156,0.00137,0.00516,0.1087,0.9753,2021,0,stable_restoration,rising,regimeC_v0_CLCD+NDVI,RS_derived,ESA_WorldCover_2021_v200,Hansen_GFC2024v1.12_treecover2000,Landsat_C2_L2_GEE,CLCD_v01_zenodo.18180184,2026-06-10
SAIH_AFF_r23c37,117.318604,42.387584,1985,stable_forest,0.956,0.9997,0.00269,0.00566,0.1254,0.972,0,0,stable_restoration,rising,regimeC_v0_CLCD+NDVI,RS_derived,ESA_WorldCover_2021_v200,Hansen_GFC2024v1.12_treecover2000,Landsat_C2_L2_GEE,CLCD_v01_zenodo.18180184,2026-06-10
SAIH_AFF_r23c38,117.330655,42.387584,1985,stable_forest,0.951,0.9922,0.00304,0.00772,0.1766,0.9635,2012,0,stable_restoration,rising,regimeC_v0_CLCD+NDVI,RS_derived,ESA_WorldCover_2021_v200,Hansen_GFC2024v1.12_treecover2000,Landsat_C2_L2_GEE,CLCD_v01_zenodo.18180184,2026-06-10
SAIH_AFF_r23c39,117.342705,42.387584,1985,stable_forest,0.9997,1.0374,0.00038,0.00741,0.1724,0.9704,2012,0,stable_restoration,rising,regimeC_v0_CLCD+NDVI,RS_derived,ESA_WorldCover_2021_v200,Hansen_GFC2024v1.12_treecover2000,Landsat_C2_L2_GEE,CLCD_v01_zenodo.18180184,2026-06-10
SAIH_AFF_r23c40,117.354756,42.387584,1985,stable_forest,0.9908,1.0318,0.00205,0.00426,0.1024,0.9412,2019,1,stable_restoration,rising,regimeC_v0_CLCD+NDVI,RS_derived,ESA_WorldCover_2021_v200,Hansen_GFC2024v1.12_treecover2000,Landsat_C2_L2_GEE,CLCD_v01_zenodo.18180184,2026-06-10
SAIH_AFF_r23c41,117.366807,42.387584,1985,stable_forest,0.9846,1.0306,-0.00037,0.00505,0.1155,0.9532,2019,1,stable_restoration,rising,regimeC_v0_CLCD+NDVI,RS_derived,ESA_WorldCover_2021_v200,Hansen_GFC2024v1.12_treecover2000,Landsat_C2_L2_GEE,CLCD_v01_zenodo.18180184,2026-06-10
SAIH_AFF_r23c42,117.378858,42.387584,1985,stable_forest,0.9406,0.9962,0.00098,0.00637,0.1365,0.9607,2021,1,stable_restoration,rising,regimeC_v0_CLCD+NDVI,RS_derived,ESA_WorldCover_2021_v200,Hansen_GFC2024v1.12_treecover2000,Landsat_C2_L2_GEE,CLCD_v01_zenodo.18180184,2026-06-10
SAIH_AFF_r23c43,117.390908,42.387584,1985,stable_forest,0.9428,0.9665,8e-05,0.00531,0.1216,0.9656,2016,0,stable_restoration,rising,regimeC_v0_CLCD+NDVI,RS_derived,ESA_WorldCover_2021_v200,Hansen_GFC2024v1.12_treecover2000,Landsat_C2_L2_GEE,CLCD_v01_zenodo.18180184,2026-06-10
SAIH_AFF_r23c44,117.402959,42.387584,1985,stable_forest,0.7288,0.757,0.00432,0.00597,0.1413,0.9573,0,0,stable_restoration,rising,regimeC_v0_CLCD+NDVI,RS_derived,ESA_WorldCover_2021_v200,Hansen_GFC2024v1.12_treecover2000,Landsat_C2_L2_GEE,CLCD_v01_zenodo.18180184,2026-06-10
SAIH_AFF_r23c45,117.41501,42.387584,1985,stable_forest,0.7305,0.7598,0.00465,0.00585,0.1195,0.957,2005,0,stable_restoration,rising,regimeC_v0_CLCD+NDVI,RS_derived,ESA_WorldCover_2021_v200,Hansen_GFC2024v1.12_treecover2000,Landsat_C2_L2_GEE,CLCD_v01_zenodo.18180184,2026-06-10
SAIH_AFF_r23c46,117.427061,42.387584,1985,stable_forest,0.8229,0.8548,0.00298,0.00657,0.141,0.9617,2006,0,stable_restoration,rising,regimeC_v0_CLCD+NDVI,RS_derived,ESA_WorldCover_2021_v200,Hansen_GFC2024v1.12_treecover2000,Landsat_C2_L2_GEE,CLCD_v01_zenodo.18180184,2026-06-10
SAIH_AFF_r23c47,117.439112,42.387584,1985,stable_forest,0.6592,0.6861,0.00336,0.0083,0.1774,0.9636,0,0,stable_restoration,rising,regimeC_v0_CLCD+NDVI,RS_derived,ESA_WorldCover_2021_v200,Hansen_GFC2024v1.12_treecover2000,Landsat_C2_L2_GEE,CLCD_v01_zenodo.18180184,2026-06-10
SAIH_AFF_r23c48,117.451162,42.387584,1990,stable_forest,0.7257,0.7611,0.00975,0.01009,0.2136,0.9627,0,0,stable_restoration,rising,regimeC_v0_CLCD+NDVI,RS_derived,ESA_WorldCover_2021_v200,Hansen_GFC2024v1.12_treecover2000,Landsat_C2_L2_GEE,CLCD_v01_zenodo.18180184,2026-06-10
SAIH_AFF_r23c49,117.463213,42.387584,1985,stable_forest,0.7916,0.8234,0.00372,0.00948,0.2023,0.9698,0,0,stable_restoration,rising,regimeC_v0_CLCD+NDVI,RS_derived,ESA_WorldCover_2021_v200,Hansen_GFC2024v1.12_treecover2000,Landsat_C2_L2_GEE,CLCD_v01_zenodo.18180184,2026-06-10
SAIH_AFF_r23c50,117.475264,42.387584,1985,stable_forest,0.6966,0.7257,0.00187,0.0088,0.1969,0.9646,0,0,stable_restoration,rising,regimeC_v0_CLCD+NDVI,RS_derived,ESA_WorldCover_2021_v200,Hansen_GFC2024v1.12_treecover2000,Landsat_C2_L2_GEE,CLCD_v01_zenodo.18180184,2026-06-10
SAIH_AFF_r23c51,117.487315,42.387584,1991,partial_forest,0.5683,0.5962,0.00307,0.00925,0.1916,0.9574,0,0,early_restoration,rising,regimeC_v0_CLCD+NDVI,RS_derived,ESA_WorldCover_2021_v200,Hansen_GFC2024v1.12_treecover2000,Landsat_C2_L2_GEE,CLCD_v01_zenodo.18180184,2026-06-10
SAIH_AFF_r23c52,117.499365,42.387584,1985,stable_forest,0.6973,0.7301,0.00592,0.01053,0.2061,0.9507,2001,0,stable_restoration,rising,regimeC_v0_CLCD+NDVI,RS_derived,ESA_WorldCover_2021_v200,Hansen_GFC2024v1.12_treecover2000,Landsat_C2_L2_GEE,CLCD_v01_zenodo.18180184,2026-06-10
SAIH_AFF_r23c53,117.511416,42.387584,0,non_forest,0.1994,0.2152,0.00485,0.01199,0.2562,0.9351,2001,0,degraded,rising,regimeC_v0_CLCD+NDVI,RS_derived,ESA_WorldCover_2021_v200,Hansen_GFC2024v1.12_treecover2000,Landsat_C2_L2_GEE,CLCD_v01_zenodo.18180184,2026-06-10
SAIH_AFF_r23c54,117.523467,42.387584,0,non_forest,0.1577,0.1763,0.00398,0.01192,0.2438,0.9562,2008,0,degraded,rising,regimeC_v0_CLCD+NDVI,RS_derived,ESA_WorldCover_2021_v200,Hansen_GFC2024v1.12_treecover2000,Landsat_C2_L2_GEE,CLCD_v01_zenodo.18180184,2026-06-10
SAIH_AFF_r23c59,117.583721,42.387584,0,partial_forest,0.4154,0.4326,0.00466,0.01104,0.2176,0.9478,2023,0,early_restoration,rising,regimeC_v0_CLCD+NDVI,RS_derived,ESA_WorldCover_2021_v200,Hansen_GFC2024v1.12_treecover2000,Landsat_C2_L2_GEE,CLCD_v01_zenodo.18180184,2026-06-10
SAIH_AFF_r23c60,117.595772,42.387584,0,non_forest,0.2639,0.3068,0.00471,0.00967,0.1892,0.9413,0,0,degraded,rising,regimeC_v0_CLCD+NDVI,RS_derived,ESA_WorldCover_2021_v200,Hansen_GFC2024v1.12_treecover2000,Landsat_C2_L2_GEE,CLCD_v01_zenodo.18180184,2026-06-10
SAIH_AFF_r23c61,117.607822,42.387584,0,non_forest,0.2693,0.2964,0.00872,0.01007,0.2114,0.9731,0,0,degraded,rising,regimeC_v0_CLCD+NDVI,RS_derived,ESA_WorldCover_2021_v200,Hansen_GFC2024v1.12_treecover2000,Landsat_C2_L2_GEE,CLCD_v01_zenodo.18180184,2026-06-10
SAIH_AFF_r23c62,117.619873,42.387584,0,partial_forest,0.4427,0.4549,0.00728,0.00891,0.1899,0.9698,2023,0,early_restoration,rising,regimeC_v0_CLCD+NDVI,RS_derived,ESA_WorldCover_2021_v200,Hansen_GFC2024v1.12_treecover2000,Landsat_C2_L2_GEE,CLCD_v01_zenodo.18180184,2026-06-10
SAIH_AFF_r23c63,117.631924,42.387584,0,non_forest,0.284,0.2947,0.01129,0.01141,0.233,0.9438,2023,0,degraded,rising,regimeC_v0_CLCD+NDVI,RS_derived,ESA_WorldCover_2021_v200,Hansen_GFC2024v1.12_treecover2000,Landsat_C2_L2_GEE,CLCD_v01_zenodo.18180184,2026-06-10
SAIH_AFF_r23c64,117.643975,42.387584,0,partial_forest,0.3506,0.3628,0.01497,0.01358,0.2785,0.94,2024,0,early_restoration,rising,regimeC_v0_CLCD+NDVI,RS_derived,ESA_WorldCover_2021_v200,Hansen_GFC2024v1.12_treecover2000,Landsat_C2_L2_GEE,CLCD_v01_zenodo.18180184,2026-06-10
SAIH_AFF_r24c02,116.896827,42.378545,2022,partial_forest,0.4833,0.5648,0.02312,0.01171,0.2273,0.9666,2024,0,early_restoration,rising,regimeC_v0_CLCD+NDVI,RS_derived,ESA_WorldCover_2021_v200,Hansen_GFC2024v1.12_treecover2000,Landsat_C2_L2_GEE,CLCD_v01_zenodo.18180184,2026-06-10
SAIH_AFF_r24c03,116.908878,42.378545,2016,afforested,0.8305,0.9012,0.04313,0.01483,0.2891,0.9856,0,0,stable_restoration,rising,regimeC_v0_CLCD+NDVI,RS_derived,ESA_WorldCover_2021_v200,Hansen_GFC2024v1.12_treecover2000,Landsat_C2_L2_GEE,CLCD_v01_zenodo.18180184,2026-06-10
SAIH_AFF_r24c04,116.920928,42.378545,2015,afforested,0.8036,0.8526,0.03749,0.01295,0.2515,0.9801,0,0,stable_restoration,rising,regimeC_v0_CLCD+NDVI,RS_derived,ESA_WorldCover_2021_v200,Hansen_GFC2024v1.12_treecover2000,Landsat_C2_L2_GEE,CLCD_v01_zenodo.18180184,2026-06-10
SAIH_AFF_r24c05,116.932979,42.378545,2012,afforested,0.7932,0.8574,0.03874,0.01327,0.266,0.9678,0,0,stable_restoration,rising,regimeC_v0_CLCD+NDVI,RS_derived,ESA_WorldCover_2021_v200,Hansen_GFC2024v1.12_treecover2000,Landsat_C2_L2_GEE,CLCD_v01_zenodo.18180184,2026-06-10
SAIH_AFF_r24c06,116.94503,42.378545,2018,afforested,0.6287,0.6935,0.0327,0.01379,0.2776,0.9708,0,0,stable_restoration,rising,regimeC_v0_CLCD+NDVI,RS_derived,ESA_WorldCover_2021_v200,Hansen_GFC2024v1.12_treecover2000,Landsat_C2_L2_GEE,CLCD_v01_zenodo.18180184,2026-06-10
SAIH_AFF_r24c07,116.957081,42.378545,2016,afforested,0.6782,0.7365,0.03534,0.01476,0.3021,0.9791,0,0,stable_restoration,rising,regimeC_v0_CLCD+NDVI,RS_derived,ESA_WorldCover_2021_v200,Hansen_GFC2024v1.12_treecover2000,Landsat_C2_L2_GEE,CLCD_v01_zenodo.18180184,2026-06-10
SAIH_AFF_r24c08,116.969132,42.378545,2022,partial_forest,0.488,0.5711,0.02447,0.01316,0.2916,0.9655,0,0,early_restoration,rising,regimeC_v0_CLCD+NDVI,RS_derived,ESA_WorldCover_2021_v200,Hansen_GFC2024v1.12_treecover2000,Landsat_C2_L2_GEE,CLCD_v01_zenodo.18180184,2026-06-10
SAIH_AFF_r24c09,116.981182,42.378545,0,non_forest,0.287,0.3376,0.01363,0.01149,0.2454,0.967,0,0,early_restoration,rising,regimeC_v0_CLCD+NDVI,RS_derived,ESA_WorldCover_2021_v200,Hansen_GFC2024v1.12_treecover2000,Landsat_C2_L2_GEE,CLCD_v01_zenodo.18180184,2026-06-10
SAIH_AFF_r24c11,117.005284,42.378545,0,non_forest,0.2088,0.2311,0.01039,0.01066,0.2306,0.9504,0,0,degraded,rising,regimeC_v0_CLCD+NDVI,RS_derived,ESA_WorldCover_2021_v200,Hansen_GFC2024v1.12_treecover2000,Landsat_C2_L2_GEE,CLCD_v01_zenodo.18180184,2026-06-10
SAIH_AFF_r24c12,117.017335,42.378545,0,partial_forest,0.4071,0.4509,0.01878,0.0095,0.1974,0.9606,0,0,early_restoration,rising,regimeC_v0_CLCD+NDVI,RS_derived,ESA_WorldCover_2021_v200,Hansen_GFC2024v1.12_treecover2000,Landsat_C2_L2_GEE,CLCD_v01_zenodo.18180184,2026-06-10
SAIH_AFF_r24c13,117.029385,42.378545,0,partial_forest,0.3627,0.4538,0.01494,0.01047,0.1989,0.9354,0,0,early_restoration,rising,regimeC_v0_CLCD+NDVI,RS_derived,ESA_WorldCover_2021_v200,Hansen_GFC2024v1.12_treecover2000,Landsat_C2_L2_GEE,CLCD_v01_zenodo.18180184,2026-06-10
SAIH_AFF_r24c14,117.041436,42.378545,0,partial_forest,0.3074,0.3491,0.00844,0.00843,0.166,0.9806,0,0,early_restoration,rising,regimeC_v0_CLCD+NDVI,RS_derived,ESA_WorldCover_2021_v200,Hansen_GFC2024v1.12_treecover2000,Landsat_C2_L2_GEE,CLCD_v01_zenodo.18180184,2026-06-10
SAIH_AFF_r24c16,117.065538,42.378545,0,partial_forest,0.3782,0.4629,0.01832,0.01227,0.2295,0.9712,0,0,early_restoration,rising,regimeC_v0_CLCD+NDVI,RS_derived,ESA_WorldCover_2021_v200,Hansen_GFC2024v1.12_treecover2000,Landsat_C2_L2_GEE,CLCD_v01_zenodo.18180184,2026-06-10
SAIH_AFF_r24c17,117.077588,42.378545,2022,afforested,0.5197,0.5636,0.02867,0.01297,0.249,0.9726,0,0,early_restoration,rising,regimeC_v0_CLCD+NDVI,RS_derived,ESA_WorldCover_2021_v200,Hansen_GFC2024v1.12_treecover2000,Landsat_C2_L2_GEE,CLCD_v01_zenodo.18180184,2026-06-10
SAIH_AFF_r24c18,117.089639,42.378545,0,partial_forest,0.3514,0.3971,0.01508,0.00889,0.1828,0.968,2011,0,early_restoration,rising,regimeC_v0_CLCD+NDVI,RS_derived,ESA_WorldCover_2021_v200,Hansen_GFC2024v1.12_treecover2000,Landsat_C2_L2_GEE,CLCD_v01_zenodo.18180184,2026-06-10
SAIH_AFF_r24c19,117.10169,42.378545,0,non_forest,0.1487,0.1694,0.00722,0.00849,0.1837,0.9694,0,0,degraded,rising,regimeC_v0_CLCD+NDVI,RS_derived,ESA_WorldCover_2021_v200,Hansen_GFC2024v1.12_treecover2000,Landsat_C2_L2_GEE,CLCD_v01_zenodo.18180184,2026-06-10
SAIH_AFF_r24c20,117.113741,42.378545,0,non_forest,0.1859,0.1951,0.00462,0.00715,0.158,0.9812,0,0,degraded,rising,regimeC_v0_CLCD+NDVI,RS_derived,ESA_WorldCover_2021_v200,Hansen_GFC2024v1.12_treecover2000,Landsat_C2_L2_GEE,CLCD_v01_zenodo.18180184,2026-06-10
SAIH_AFF_r24c21,117.125792,42.378545,0,non_forest,0.1728,0.1808,0.00464,0.00835,0.1849,0.9764,0,0,degraded,rising,regimeC_v0_CLCD+NDVI,RS_derived,ESA_WorldCover_2021_v200,Hansen_GFC2024v1.12_treecover2000,Landsat_C2_L2_GEE,CLCD_v01_zenodo.18180184,2026-06-10
SAIH_AFF_r24c22,117.137842,42.378545,2022,afforested,0.5111,0.5384,0.01201,0.00883,0.2044,0.9731,0,0,early_restoration,rising,regimeC_v0_CLCD+NDVI,RS_derived,ESA_WorldCover_2021_v200,Hansen_GFC2024v1.12_treecover2000,Landsat_C2_L2_GEE,CLCD_v01_zenodo.18180184,2026-06-10
SAIH_AFF_r24c23,117.149893,42.378545,0,partial_forest,0.4097,0.436,0.01755,0.01075,0.2371,0.9753,2009,0,early_restoration,rising,regimeC_v0_CLCD+NDVI,RS_derived,ESA_WorldCover_2021_v200,Hansen_GFC2024v1.12_treecover2000,Landsat_C2_L2_GEE,CLCD_v01_zenodo.18180184,2026-06-10
SAIH_AFF_r24c24,117.161944,42.378545,0,partial_forest,0.3141,0.3399,0.01454,0.01053,0.2301,0.981,0,0,early_restoration,rising,regimeC_v0_CLCD+NDVI,RS_derived,ESA_WorldCover_2021_v200,Hansen_GFC2024v1.12_treecover2000,Landsat_C2_L2_GEE,CLCD_v01_zenodo.18180184,2026-06-10
SAIH_AFF_r24c25,117.173995,42.378545,0,non_forest,0.0434,0.0482,0.00224,0.00943,0.2141,0.9745,0,0,degraded,rising,regimeC_v0_CLCD+NDVI,RS_derived,ESA_WorldCover_2021_v200,Hansen_GFC2024v1.12_treecover2000,Landsat_C2_L2_GEE,CLCD_v01_zenodo.18180184,2026-06-10
SAIH_AFF_r24c27,117.198096,42.378545,0,partial_forest,0.3365,0.3805,0.01231,0.00872,0.1933,0.9657,0,0,early_restoration,rising,regimeC_v0_CLCD+NDVI,RS_derived,ESA_WorldCover_2021_v200,Hansen_GFC2024v1.12_treecover2000,Landsat_C2_L2_GEE,CLCD_v01_zenodo.18180184,2026-06-10
SAIH_AFF_r24c28,117.210147,42.378545,0,partial_forest,0.4295,0.4749,0.0223,0.0109,0.2275,0.9688,0,0,early_restoration,rising,regimeC_v0_CLCD+NDVI,RS_derived,ESA_WorldCover_2021_v200,Hansen_GFC2024v1.12_treecover2000,Landsat_C2_L2_GEE,CLCD_v01_zenodo.18180184,2026-06-10
SAIH_AFF_r24c29,117.222198,42.378545,0,non_forest,0.1162,0.1419,0.00587,0.00937,0.2067,0.9556,0,0,degraded,rising,regimeC_v0_CLCD+NDVI,RS_derived,ESA_WorldCover_2021_v200,Hansen_GFC2024v1.12_treecover2000,Landsat_C2_L2_GEE,CLCD_v01_zenodo.18180184,2026-06-10
SAIH_AFF_r24c30,117.234248,42.378545,0,non_forest,0.2744,0.2928,0.01481,0.01137,0.2522,0.9247,0,0,degraded,rising,regimeC_v0_CLCD+NDVI,RS_derived,ESA_WorldCover_2021_v200,Hansen_GFC2024v1.12_treecover2000,Landsat_C2_L2_GEE,CLCD_v01_zenodo.18180184,2026-06-10
SAIH_AFF_r24c31,117.246299,42.378545,0,partial_forest,0.4005,0.4172,0.02264,0.01236,0.2675,0.9783,0,0,early_restoration,rising,regimeC_v0_CLCD+NDVI,RS_derived,ESA_WorldCover_2021_v200,Hansen_GFC2024v1.12_treecover2000,Landsat_C2_L2_GEE,CLCD_v01_zenodo.18180184,2026-06-10
SAIH_AFF_r24c32,117.25835,42.378545,0,partial_forest,0.3568,0.3668,0.01617,0.00935,0.2192,0.9775,0,0,early_restoration,rising,regimeC_v0_CLCD+NDVI,RS_derived,ESA_WorldCover_2021_v200,Hansen_GFC2024v1.12_treecover2000,Landsat_C2_L2_GEE,CLCD_v01_zenodo.18180184,2026-06-10
SAIH_AFF_r24c33,117.270401,42.378545,2012,afforested,0.8243,0.8698,0.02997,0.01138,0.2668,0.9837,2019,1,stable_restoration,rising,regimeC_v0_CLCD+NDVI,RS_derived,ESA_WorldCover_2021_v200,Hansen_GFC2024v1.12_treecover2000,Landsat_C2_L2_GEE,CLCD_v01_zenodo.18180184,2026-06-10
SAIH_AFF_r24c34,117.282452,42.378545,1985,stable_forest,0.8052,0.8354,0.00345,0.00666,0.1566,0.9738,2021,1,stable_restoration,rising,regimeC_v0_CLCD+NDVI,RS_derived,ESA_WorldCover_2021_v200,Hansen_GFC2024v1.12_treecover2000,Landsat_C2_L2_GEE,CLCD_v01_zenodo.18180184,2026-06-10
SAIH_AFF_r24c35,117.294502,42.378545,1985,stable_forest,0.7043,0.7313,0.00373,0.00586,0.1365,0.9568,0,0,stable_restoration,rising,regimeC_v0_CLCD+NDVI,RS_derived,ESA_WorldCover_2021_v200,Hansen_GFC2024v1.12_treecover2000,Landsat_C2_L2_GEE,CLCD_v01_zenodo.18180184,2026-06-10
SAIH_AFF_r24c36,117.306553,42.378545,1985,stable_forest,0.7532,0.784,0.00646,0.00779,0.1806,0.9604,0,0,stable_restoration,rising,regimeC_v0_CLCD+NDVI,RS_derived,ESA_WorldCover_2021_v200,Hansen_GFC2024v1.12_treecover2000,Landsat_C2_L2_GEE,CLCD_v01_zenodo.18180184,2026-06-10
SAIH_AFF_r24c37,117.318604,42.378545,1985,stable_forest,0.742,0.772,0.00605,0.00782,0.1857,0.9567,0,0,stable_restoration,rising,regimeC_v0_CLCD+NDVI,RS_derived,ESA_WorldCover_2021_v200,Hansen_GFC2024v1.12_treecover2000,Landsat_C2_L2_GEE,CLCD_v01_zenodo.18180184,2026-06-10
SAIH_AFF_r24c38,117.330655,42.378545,1985,stable_forest,0.717,0.745,0.0033,0.00912,0.2216,0.9639,2012,0,stable_restoration,rising,regimeC_v0_CLCD+NDVI,RS_derived,ESA_WorldCover_2021_v200,Hansen_GFC2024v1.12_treecover2000,Landsat_C2_L2_GEE,CLCD_v01_zenodo.18180184,2026-06-10
SAIH_AFF_r24c39,117.342705,42.378545,1985,stable_forest,0.9209,0.9562,0.00212,0.0081,0.1847,0.9736,2012,0,stable_restoration,rising,regimeC_v0_CLCD+NDVI,RS_derived,ESA_WorldCover_2021_v200,Hansen_GFC2024v1.12_treecover2000,Landsat_C2_L2_GEE,CLCD_v01_zenodo.18180184,2026-06-10
SAIH_AFF_r24c40,117.354756,42.378545,1985,stable_forest,0.8529,0.895,0.00267,0.00585,0.1359,0.9601,2019,0,stable_restoration,rising,regimeC_v0_CLCD+NDVI,RS_derived,ESA_WorldCover_2021_v200,Hansen_GFC2024v1.12_treecover2000,Landsat_C2_L2_GEE,CLCD_v01_zenodo.18180184,2026-06-10
SAIH_AFF_r24c41,117.366807,42.378545,1985,stable_forest,0.7261,0.7508,0.00444,0.00499,0.1114,0.9754,2021,0,stable_restoration,rising,regimeC_v0_CLCD+NDVI,RS_derived,ESA_WorldCover_2021_v200,Hansen_GFC2024v1.12_treecover2000,Landsat_C2_L2_GEE,CLCD_v01_zenodo.18180184,2026-06-10
SAIH_AFF_r24c42,117.378858,42.378545,1985,stable_forest,0.9302,0.9601,0.00034,0.00474,0.1092,0.9634,2021,0,stable_restoration,rising,regimeC_v0_CLCD+NDVI,RS_derived,ESA_WorldCover_2021_v200,Hansen_GFC2024v1.12_treecover2000,Landsat_C2_L2_GEE,CLCD_v01_zenodo.18180184,2026-06-10
SAIH_AFF_r24c43,117.390908,42.378545,1985,stable_forest,0.9561,0.9894,0.00144,0.00268,0.0623,0.9594,2019,1,stable_restoration,flat,regimeC_v0_CLCD+NDVI,RS_derived,ESA_WorldCover_2021_v200,Hansen_GFC2024v1.12_treecover2000,Landsat_C2_L2_GEE,CLCD_v01_zenodo.18180184,2026-06-10
SAIH_AFF_r24c44,117.402959,42.378545,1985,stable_forest,0.978,1.0111,0.00096,0.00395,0.0726,0.9694,2019,0,stable_restoration,rising,regimeC_v0_CLCD+NDVI,RS_derived,ESA_WorldCover_2021_v200,Hansen_GFC2024v1.12_treecover2000,Landsat_C2_L2_GEE,CLCD_v01_zenodo.18180184,2026-06-10
SAIH_AFF_r24c45,117.41501,42.378545,1985,stable_forest,0.8796,0.9152,0.00449,0.00509,0.0972,0.9659,2001,0,stable_restoration,rising,regimeC_v0_CLCD+NDVI,RS_derived,ESA_WorldCover_2021_v200,Hansen_GFC2024v1.12_treecover2000,Landsat_C2_L2_GEE,CLCD_v01_zenodo.18180184,2026-06-10
SAIH_AFF_r24c46,117.427061,42.378545,1985,stable_forest,0.8241,0.8589,0.00384,0.00519,0.0912,0.956,2015,0,stable_restoration,rising,regimeC_v0_CLCD+NDVI,RS_derived,ESA_WorldCover_2021_v200,Hansen_GFC2024v1.12_treecover2000,Landsat_C2_L2_GEE,CLCD_v01_zenodo.18180184,2026-06-10
SAIH_AFF_r24c47,117.439112,42.378545,1998,partial_forest,0.5475,0.5591,0.00262,0.00679,0.1222,0.9494,2021,0,early_restoration,rising,regimeC_v0_CLCD+NDVI,RS_derived,ESA_WorldCover_2021_v200,Hansen_GFC2024v1.12_treecover2000,Landsat_C2_L2_GEE,CLCD_v01_zenodo.18180184,2026-06-10
SAIH_AFF_r24c48,117.451162,42.378545,0,partial_forest,0.3656,0.3765,0.00314,0.00986,0.1945,0.9341,0,0,early_restoration,rising,regimeC_v0_CLCD+NDVI,RS_derived,ESA_WorldCover_2021_v200,Hansen_GFC2024v1.12_treecover2000,Landsat_C2_L2_GEE,CLCD_v01_zenodo.18180184,2026-06-10
SAIH_AFF_r24c49,117.463213,42.378545,2021,partial_forest,0.5205,0.5539,0.00665,0.01147,0.2345,0.9708,0,0,early_restoration,rising,regimeC_v0_CLCD+NDVI,RS_derived,ESA_WorldCover_2021_v200,Hansen_GFC2024v1.12_treecover2000,Landsat_C2_L2_GEE,CLCD_v01_zenodo.18180184,2026-06-10
SAIH_AFF_r24c50,117.475264,42.378545,1985,stable_forest,0.7205,0.7526,0.00651,0.00988,0.1963,0.9658,0,0,stable_restoration,rising,regimeC_v0_CLCD+NDVI,RS_derived,ESA_WorldCover_2021_v200,Hansen_GFC2024v1.12_treecover2000,Landsat_C2_L2_GEE,CLCD_v01_zenodo.18180184,2026-06-10
SAIH_AFF_r24c51,117.487315,42.378545,1985,stable_forest,0.7385,0.7616,0.00196,0.00934,0.1961,0.9556,0,0,stable_restoration,rising,regimeC_v0_CLCD+NDVI,RS_derived,ESA_WorldCover_2021_v200,Hansen_GFC2024v1.12_treecover2000,Landsat_C2_L2_GEE,CLCD_v01_zenodo.18180184,2026-06-10
SAIH_AFF_r24c52,117.499365,42.378545,0,partial_forest,0.3604,0.3919,0.00838,0.01217,0.2546,0.9516,2001,0,early_restoration,rising,regimeC_v0_CLCD+NDVI,RS_derived,ESA_WorldCover_2021_v200,Hansen_GFC2024v1.12_treecover2000,Landsat_C2_L2_GEE,CLCD_v01_zenodo.18180184,2026-06-10
SAIH_AFF_r24c53,117.511416,42.378545,0,non_forest,0.2454,0.2638,0.00411,0.01185,0.2492,0.9427,2006,0,degraded,rising,regimeC_v0_CLCD+NDVI,RS_derived,ESA_WorldCover_2021_v200,Hansen_GFC2024v1.12_treecover2000,Landsat_C2_L2_GEE,CLCD_v01_zenodo.18180184,2026-06-10
SAIH_AFF_r24c54,117.523467,42.378545,1985,stable_forest,0.6708,0.6901,0.00262,0.01105,0.2417,0.9654,0,0,stable_restoration,rising,regimeC_v0_CLCD+NDVI,RS_derived,ESA_WorldCover_2021_v200,Hansen_GFC2024v1.12_treecover2000,Landsat_C2_L2_GEE,CLCD_v01_zenodo.18180184,2026-06-10
SAIH_AFF_r24c55,117.535518,42.378545,2011,partial_forest,0.6278,0.706,0.00744,0.01368,0.2891,0.9514,2001,0,stable_restoration,rising,regimeC_v0_CLCD+NDVI,RS_derived,ESA_WorldCover_2021_v200,Hansen_GFC2024v1.12_treecover2000,Landsat_C2_L2_GEE,CLCD_v01_zenodo.18180184,2026-06-10
SAIH_AFF_r24c56,117.547568,42.378545,1985,stable_forest,0.6811,0.7215,0.00219,0.00933,0.1974,0.9749,2012,0,stable_restoration,rising,regimeC_v0_CLCD+NDVI,RS_derived,ESA_WorldCover_2021_v200,Hansen_GFC2024v1.12_treecover2000,Landsat_C2_L2_GEE,CLCD_v01_zenodo.18180184,2026-06-10
SAIH_AFF_r24c57,117.559619,42.378545,1985,stable_forest,0.8717,0.9069,0.00661,0.00998,0.2117,0.9847,0,0,stable_restoration,rising,regimeC_v0_CLCD+NDVI,RS_derived,ESA_WorldCover_2021_v200,Hansen_GFC2024v1.12_treecover2000,Landsat_C2_L2_GEE,CLCD_v01_zenodo.18180184,2026-06-10
SAIH_AFF_r24c58,117.57167,42.378545,1992,partial_forest,0.5743,0.5968,0.00331,0.01017,0.2119,0.9742,0,0,early_restoration,rising,regimeC_v0_CLCD+NDVI,RS_derived,ESA_WorldCover_2021_v200,Hansen_GFC2024v1.12_treecover2000,Landsat_C2_L2_GEE,CLCD_v01_zenodo.18180184,2026-06-10
SAIH_AFF_r24c59,117.583721,42.378545,0,non_forest,0.1801,0.1894,0.00509,0.01186,0.2494,0.9568,2024,0,degraded,rising,regimeC_v0_CLCD+NDVI,RS_derived,ESA_WorldCover_2021_v200,Hansen_GFC2024v1.12_treecover2000,Landsat_C2_L2_GEE,CLCD_v01_zenodo.18180184,2026-06-10
SAIH_AFF_r24c60,117.595772,42.378545,0,non_forest,0.2969,0.3117,0.00287,0.0101,0.2142,0.9469,0,0,degraded,rising,regimeC_v0_CLCD+NDVI,RS_derived,ESA_WorldCover_2021_v200,Hansen_GFC2024v1.12_treecover2000,Landsat_C2_L2_GEE,CLCD_v01_zenodo.18180184,2026-06-10
SAIH_AFF_r24c61,117.607822,42.378545,0,partial_forest,0.3551,0.3696,0.00558,0.00971,0.2057,0.9551,0,0,early_restoration,rising,regimeC_v0_CLCD+NDVI,RS_derived,ESA_WorldCover_2021_v200,Hansen_GFC2024v1.12_treecover2000,Landsat_C2_L2_GEE,CLCD_v01_zenodo.18180184,2026-06-10
SAIH_AFF_r24c62,117.619873,42.378545,2020,afforested,0.5383,0.5705,0.00994,0.00875,0.1835,0.9597,2023,1,early_restoration,rising,regimeC_v0_CLCD+NDVI,RS_derived,ESA_WorldCover_2021_v200,Hansen_GFC2024v1.12_treecover2000,Landsat_C2_L2_GEE,CLCD_v01_zenodo.18180184,2026-06-10
SAIH_AFF_r24c63,117.631924,42.378545,2015,afforested,0.6382,0.6924,0.01552,0.01027,0.2092,0.9614,2023,1,stable_restoration,rising,regimeC_v0_CLCD+NDVI,RS_derived,ESA_WorldCover_2021_v200,Hansen_GFC2024v1.12_treecover2000,Landsat_C2_L2_GEE,CLCD_v01_zenodo.18180184,2026-06-10
SAIH_AFF_r24c64,117.643975,42.378545,0,non_forest,0.2034,0.2316,0.00746,0.01146,0.2437,0.9246,2020,0,degraded,rising,regimeC_v0_CLCD+NDVI,RS_derived,ESA_WorldCover_2021_v200,Hansen_GFC2024v1.12_treecover2000,Landsat_C2_L2_GEE,CLCD_v01_zenodo.18180184,2026-06-10
SAIH_AFF_r25c02,116.896827,42.369506,0,partial_forest,0.326,0.3483,0.00861,0.00585,0.116,0.9775,2024,0,early_restoration,rising,regimeC_v0_CLCD+NDVI,RS_derived,ESA_WorldCover_2021_v200,Hansen_GFC2024v1.12_treecover2000,Landsat_C2_L2_GEE,CLCD_v01_zenodo.18180184,2026-06-10
SAIH_AFF_r25c03,116.908878,42.369506,0,partial_forest,0.3063,0.3906,0.01534,0.00975,0.1974,0.9705,2023,0,early_restoration,rising,regimeC_v0_CLCD+NDVI,RS_derived,ESA_WorldCover_2021_v200,Hansen_GFC2024v1.12_treecover2000,Landsat_C2_L2_GEE,CLCD_v01_zenodo.18180184,2026-06-10
SAIH_AFF_r25c04,116.920928,42.369506,0,partial_forest,0.3648,0.3979,0.01904,0.00859,0.1578,0.9751,2021,0,early_restoration,rising,regimeC_v0_CLCD+NDVI,RS_derived,ESA_WorldCover_2021_v200,Hansen_GFC2024v1.12_treecover2000,Landsat_C2_L2_GEE,CLCD_v01_zenodo.18180184,2026-06-10
SAIH_AFF_r25c05,116.932979,42.369506,0,non_forest,0.1308,0.1501,0.00556,0.00588,0.1207,0.9715,0,0,degraded,rising,regimeC_v0_CLCD+NDVI,RS_derived,ESA_WorldCover_2021_v200,Hansen_GFC2024v1.12_treecover2000,Landsat_C2_L2_GEE,CLCD_v01_zenodo.18180184,2026-06-10
SAIH_AFF_r25c06,116.94503,42.369506,0,non_forest,0.1535,0.181,0.00685,0.00934,0.2069,0.9654,0,0,degraded,rising,regimeC_v0_CLCD+NDVI,RS_derived,ESA_WorldCover_2021_v200,Hansen_GFC2024v1.12_treecover2000,Landsat_C2_L2_GEE,CLCD_v01_zenodo.18180184,2026-06-10
SAIH_AFF_r25c07,116.957081,42.369506,0,non_forest,0.2249,0.2446,0.00779,0.01085,0.2459,0.9626,0,0,degraded,rising,regimeC_v0_CLCD+NDVI,RS_derived,ESA_WorldCover_2021_v200,Hansen_GFC2024v1.12_treecover2000,Landsat_C2_L2_GEE,CLCD_v01_zenodo.18180184,2026-06-10
SAIH_AFF_r25c08,116.969132,42.369506,0,non_forest,0.1758,0.2123,0.00704,0.01075,0.2398,0.9737,0,0,degraded,rising,regimeC_v0_CLCD+NDVI,RS_derived,ESA_WorldCover_2021_v200,Hansen_GFC2024v1.12_treecover2000,Landsat_C2_L2_GEE,CLCD_v01_zenodo.18180184,2026-06-10
SAIH_AFF_r25c11,117.005284,42.369506,0,non_forest,0.2526,0.2898,0.01146,0.01,0.2071,0.9828,0,0,degraded,rising,regimeC_v0_CLCD+NDVI,RS_derived,ESA_WorldCover_2021_v200,Hansen_GFC2024v1.12_treecover2000,Landsat_C2_L2_GEE,CLCD_v01_zenodo.18180184,2026-06-10
SAIH_AFF_r25c12,117.017335,42.369506,0,non_forest,0.1453,0.1633,0.00656,0.00897,0.193,0.9716,0,0,degraded,rising,regimeC_v0_CLCD+NDVI,RS_derived,ESA_WorldCover_2021_v200,Hansen_GFC2024v1.12_treecover2000,Landsat_C2_L2_GEE,CLCD_v01_zenodo.18180184,2026-06-10
SAIH_AFF_r25c13,117.029385,42.369506,0,non_forest,0.2321,0.2802,0.01186,0.00919,0.1943,0.963,0,0,degraded,rising,regimeC_v0_CLCD+NDVI,RS_derived,ESA_WorldCover_2021_v200,Hansen_GFC2024v1.12_treecover2000,Landsat_C2_L2_GEE,CLCD_v01_zenodo.18180184,2026-06-10
SAIH_AFF_r25c14,117.041436,42.369506,0,non_forest,0.1727,0.1978,0.00703,0.00902,0.1841,0.9577,0,0,degraded,rising,regimeC_v0_CLCD+NDVI,RS_derived,ESA_WorldCover_2021_v200,Hansen_GFC2024v1.12_treecover2000,Landsat_C2_L2_GEE,CLCD_v01_zenodo.18180184,2026-06-10
SAIH_AFF_r25c15,117.053487,42.369506,0,non_forest,0.1352,0.172,0.00495,0.00812,0.1734,0.9769,2004,0,degraded,rising,regimeC_v0_CLCD+NDVI,RS_derived,ESA_WorldCover_2021_v200,Hansen_GFC2024v1.12_treecover2000,Landsat_C2_L2_GEE,CLCD_v01_zenodo.18180184,2026-06-10
SAIH_AFF_r25c16,117.065538,42.369506,0,non_forest,0.1822,0.1922,0.00559,0.00671,0.1408,0.9813,2009,0,degraded,rising,regimeC_v0_CLCD+NDVI,RS_derived,ESA_WorldCover_2021_v200,Hansen_GFC2024v1.12_treecover2000,Landsat_C2_L2_GEE,CLCD_v01_zenodo.18180184,2026-06-10
SAIH_AFF_r25c17,117.077588,42.369506,0,non_forest,0.204,0.2207,0.0055,0.0076,0.1664,0.9815,0,0,degraded,rising,regimeC_v0_CLCD+NDVI,RS_derived,ESA_WorldCover_2021_v200,Hansen_GFC2024v1.12_treecover2000,Landsat_C2_L2_GEE,CLCD_v01_zenodo.18180184,2026-06-10
SAIH_AFF_r25c18,117.089639,42.369506,0,non_forest,0.0994,0.1164,0.00391,0.00653,0.1301,0.9749,2007,0,degraded,rising,regimeC_v0_CLCD+NDVI,RS_derived,ESA_WorldCover_2021_v200,Hansen_GFC2024v1.12_treecover2000,Landsat_C2_L2_GEE,CLCD_v01_zenodo.18180184,2026-06-10
SAIH_AFF_r25c20,117.113741,42.369506,0,non_forest,0.1926,0.2004,0.00278,0.00734,0.1769,0.9676,0,0,degraded,rising,regimeC_v0_CLCD+NDVI,RS_derived,ESA_WorldCover_2021_v200,Hansen_GFC2024v1.12_treecover2000,Landsat_C2_L2_GEE,CLCD_v01_zenodo.18180184,2026-06-10
SAIH_AFF_r25c21,117.125792,42.369506,0,non_forest,0.2734,0.2881,0.004,0.00792,0.1754,0.9531,0,0,degraded,rising,regimeC_v0_CLCD+NDVI,RS_derived,ESA_WorldCover_2021_v200,Hansen_GFC2024v1.12_treecover2000,Landsat_C2_L2_GEE,CLCD_v01_zenodo.18180184,2026-06-10
SAIH_AFF_r25c23,117.149893,42.369506,0,non_forest,0.125,0.1359,0.00368,0.00854,0.1979,0.9578,0,0,degraded,rising,regimeC_v0_CLCD+NDVI,RS_derived,ESA_WorldCover_2021_v200,Hansen_GFC2024v1.12_treecover2000,Landsat_C2_L2_GEE,CLCD_v01_zenodo.18180184,2026-06-10
SAIH_AFF_r25c24,117.161944,42.369506,0,partial_forest,0.3571,0.4078,0.01365,0.00948,0.2178,0.9718,0,0,early_restoration,rising,regimeC_v0_CLCD+NDVI,RS_derived,ESA_WorldCover_2021_v200,Hansen_GFC2024v1.12_treecover2000,Landsat_C2_L2_GEE,CLCD_v01_zenodo.18180184,2026-06-10
SAIH_AFF_r25c25,117.173995,42.369506,0,non_forest,0.1379,0.1643,0.00638,0.00834,0.197,0.9774,0,0,degraded,rising,regimeC_v0_CLCD+NDVI,RS_derived,ESA_WorldCover_2021_v200,Hansen_GFC2024v1.12_treecover2000,Landsat_C2_L2_GEE,CLCD_v01_zenodo.18180184,2026-06-10
SAIH_AFF_r25c30,117.234248,42.369506,0,partial_forest,0.3563,0.3778,0.02021,0.01176,0.2529,0.9629,0,0,early_restoration,rising,regimeC_v0_CLCD+NDVI,RS_derived,ESA_WorldCover_2021_v200,Hansen_GFC2024v1.12_treecover2000,Landsat_C2_L2_GEE,CLCD_v01_zenodo.18180184,2026-06-10
SAIH_AFF_r25c31,117.246299,42.369506,2015,afforested,0.7069,0.7193,0.03951,0.01339,0.2886,0.9813,2007,0,stable_restoration,rising,regimeC_v0_CLCD+NDVI,RS_derived,ESA_WorldCover_2021_v200,Hansen_GFC2024v1.12_treecover2000,Landsat_C2_L2_GEE,CLCD_v01_zenodo.18180184,2026-06-10
SAIH_AFF_r25c32,117.25835,42.369506,2010,afforested,0.8239,0.8396,0.03632,0.01213,0.2801,0.9668,0,0,stable_restoration,rising,regimeC_v0_CLCD+NDVI,RS_derived,ESA_WorldCover_2021_v200,Hansen_GFC2024v1.12_treecover2000,Landsat_C2_L2_GEE,CLCD_v01_zenodo.18180184,2026-06-10
SAIH_AFF_r25c33,117.270401,42.369506,2010,afforested,0.7131,0.7382,0.02086,0.01029,0.2324,0.9736,0,0,stable_restoration,rising,regimeC_v0_CLCD+NDVI,RS_derived,ESA_WorldCover_2021_v200,Hansen_GFC2024v1.12_treecover2000,Landsat_C2_L2_GEE,CLCD_v01_zenodo.18180184,2026-06-10
SAIH_AFF_r25c34,117.282452,42.369506,2018,partial_forest,0.5218,0.5505,0.00445,0.00634,0.1513,0.9786,2011,0,early_restoration,rising,regimeC_v0_CLCD+NDVI,RS_derived,ESA_WorldCover_2021_v200,Hansen_GFC2024v1.12_treecover2000,Landsat_C2_L2_GEE,CLCD_v01_zenodo.18180184,2026-06-10
SAIH_AFF_r25c35,117.294502,42.369506,2010,partial_forest,0.5918,0.6159,0.01003,0.00557,0.1472,0.9528,2011,0,early_restoration,rising,regimeC_v0_CLCD+NDVI,RS_derived,ESA_WorldCover_2021_v200,Hansen_GFC2024v1.12_treecover2000,Landsat_C2_L2_GEE,CLCD_v01_zenodo.18180184,2026-06-10
SAIH_AFF_r25c36,117.306553,42.369506,2010,afforested,0.6446,0.6769,0.02474,0.01055,0.2562,0.9658,0,0,stable_restoration,rising,regimeC_v0_CLCD+NDVI,RS_derived,ESA_WorldCover_2021_v200,Hansen_GFC2024v1.12_treecover2000,Landsat_C2_L2_GEE,CLCD_v01_zenodo.18180184,2026-06-10
SAIH_AFF_r25c37,117.318604,42.369506,2015,afforested,0.5599,0.5833,0.01768,0.01037,0.2555,0.9633,2011,0,early_restoration,rising,regimeC_v0_CLCD+NDVI,RS_derived,ESA_WorldCover_2021_v200,Hansen_GFC2024v1.12_treecover2000,Landsat_C2_L2_GEE,CLCD_v01_zenodo.18180184,2026-06-10
SAIH_AFF_r25c38,117.330655,42.369506,2010,partial_forest,0.7591,0.7911,0.01921,0.01014,0.2375,0.9755,2011,0,stable_restoration,rising,regimeC_v0_CLCD+NDVI,RS_derived,ESA_WorldCover_2021_v200,Hansen_GFC2024v1.12_treecover2000,Landsat_C2_L2_GEE,CLCD_v01_zenodo.18180184,2026-06-10
SAIH_AFF_r25c39,117.342705,42.369506,2016,partial_forest,0.5354,0.5572,0.00866,0.00734,0.1867,0.9595,0,0,early_restoration,rising,regimeC_v0_CLCD+NDVI,RS_derived,ESA_WorldCover_2021_v200,Hansen_GFC2024v1.12_treecover2000,Landsat_C2_L2_GEE,CLCD_v01_zenodo.18180184,2026-06-10
SAIH_AFF_r25c40,117.354756,42.369506,2016,partial_forest,0.5751,0.599,0.0091,0.00452,0.1356,0.9678,0,0,early_restoration,rising,regimeC_v0_CLCD+NDVI,RS_derived,ESA_WorldCover_2021_v200,Hansen_GFC2024v1.12_treecover2000,Landsat_C2_L2_GEE,CLCD_v01_zenodo.18180184,2026-06-10
SAIH_AFF_r25c41,117.366807,42.369506,0,partial_forest,0.3985,0.4123,0.00732,0.00522,0.1369,0.9774,2021,0,early_restoration,rising,regimeC_v0_CLCD+NDVI,RS_derived,ESA_WorldCover_2021_v200,Hansen_GFC2024v1.12_treecover2000,Landsat_C2_L2_GEE,CLCD_v01_zenodo.18180184,2026-06-10
SAIH_AFF_r25c42,117.378858,42.369506,1985,stable_forest,0.9273,0.9622,0.00347,0.00526,0.1267,0.9826,2021,1,stable_restoration,rising,regimeC_v0_CLCD+NDVI,RS_derived,ESA_WorldCover_2021_v200,Hansen_GFC2024v1.12_treecover2000,Landsat_C2_L2_GEE,CLCD_v01_zenodo.18180184,2026-06-10
SAIH_AFF_r25c43,117.390908,42.369506,1985,stable_forest,0.9941,1.0274,0.00194,0.0066,0.141,0.9732,2001,0,stable_restoration,rising,regimeC_v0_CLCD+NDVI,RS_derived,ESA_WorldCover_2021_v200,Hansen_GFC2024v1.12_treecover2000,Landsat_C2_L2_GEE,CLCD_v01_zenodo.18180184,2026-06-10
SAIH_AFF_r25c44,117.402959,42.369506,1985,stable_forest,0.9836,1.0174,0.00163,0.00536,0.1038,0.9777,0,0,stable_restoration,rising,regimeC_v0_CLCD+NDVI,RS_derived,ESA_WorldCover_2021_v200,Hansen_GFC2024v1.12_treecover2000,Landsat_C2_L2_GEE,CLCD_v01_zenodo.18180184,2026-06-10
SAIH_AFF_r25c45,117.41501,42.369506,1985,stable_forest,0.9219,0.9578,0.00293,0.00632,0.1158,0.9719,2001,0,stable_restoration,rising,regimeC_v0_CLCD+NDVI,RS_derived,ESA_WorldCover_2021_v200,Hansen_GFC2024v1.12_treecover2000,Landsat_C2_L2_GEE,CLCD_v01_zenodo.18180184,2026-06-10
SAIH_AFF_r25c46,117.427061,42.369506,1985,stable_forest,0.9719,1.009,0.00208,0.0065,0.1113,0.971,0,0,stable_restoration,rising,regimeC_v0_CLCD+NDVI,RS_derived,ESA_WorldCover_2021_v200,Hansen_GFC2024v1.12_treecover2000,Landsat_C2_L2_GEE,CLCD_v01_zenodo.18180184,2026-06-10
SAIH_AFF_r25c47,117.439112,42.369506,1985,stable_forest,0.9107,0.9455,0.00307,0.00671,0.1041,0.9626,0,0,stable_restoration,rising,regimeC_v0_CLCD+NDVI,RS_derived,ESA_WorldCover_2021_v200,Hansen_GFC2024v1.12_treecover2000,Landsat_C2_L2_GEE,CLCD_v01_zenodo.18180184,2026-06-10
SAIH_AFF_r25c48,117.451162,42.369506,2016,partial_forest,0.5157,0.5271,0.00251,0.0076,0.1402,0.9362,0,0,early_restoration,rising,regimeC_v0_CLCD+NDVI,RS_derived,ESA_WorldCover_2021_v200,Hansen_GFC2024v1.12_treecover2000,Landsat_C2_L2_GEE,CLCD_v01_zenodo.18180184,2026-06-10
SAIH_AFF_r25c49,117.463213,42.369506,0,partial_forest,0.3931,0.3939,0.00071,0.00815,0.1566,0.9418,0,0,early_restoration,rising,regimeC_v0_CLCD+NDVI,RS_derived,ESA_WorldCover_2021_v200,Hansen_GFC2024v1.12_treecover2000,Landsat_C2_L2_GEE,CLCD_v01_zenodo.18180184,2026-06-10
SAIH_AFF_r25c50,117.475264,42.369506,0,partial_forest,0.3437,0.362,0.01005,0.00824,0.1668,0.9447,0,0,early_restoration,rising,regimeC_v0_CLCD+NDVI,RS_derived,ESA_WorldCover_2021_v200,Hansen_GFC2024v1.12_treecover2000,Landsat_C2_L2_GEE,CLCD_v01_zenodo.18180184,2026-06-10
SAIH_AFF_r25c51,117.487315,42.369506,0,partial_forest,0.384,0.4023,0.00253,0.00706,0.14,0.9544,0,0,early_restoration,rising,regimeC_v0_CLCD+NDVI,RS_derived,ESA_WorldCover_2021_v200,Hansen_GFC2024v1.12_treecover2000,Landsat_C2_L2_GEE,CLCD_v01_zenodo.18180184,2026-06-10
SAIH_AFF_r25c52,117.499365,42.369506,0,partial_forest,0.3682,0.3711,0.00023,0.00836,0.1781,0.9269,2005,0,early_restoration,rising,regimeC_v0_CLCD+NDVI,RS_derived,ESA_WorldCover_2021_v200,Hansen_GFC2024v1.12_treecover2000,Landsat_C2_L2_GEE,CLCD_v01_zenodo.18180184,2026-06-10
SAIH_AFF_r25c53,117.511416,42.369506,1985,stable_forest,0.9355,0.955,-0.00101,0.00821,0.1747,0.9623,2005,0,stable_restoration,rising,regimeC_v0_CLCD+NDVI,RS_derived,ESA_WorldCover_2021_v200,Hansen_GFC2024v1.12_treecover2000,Landsat_C2_L2_GEE,CLCD_v01_zenodo.18180184,2026-06-10
SAIH_AFF_r25c54,117.523467,42.369506,1985,stable_forest,0.9402,0.9672,-0.00022,0.00891,0.1937,0.9783,2007,0,stable_restoration,rising,regimeC_v0_CLCD+NDVI,RS_derived,ESA_WorldCover_2021_v200,Hansen_GFC2024v1.12_treecover2000,Landsat_C2_L2_GEE,CLCD_v01_zenodo.18180184,2026-06-10
SAIH_AFF_r25c55,117.535518,42.369506,1985,stable_forest,0.8697,0.9255,0.00714,0.0105,0.2218,0.9735,0,0,stable_restoration,rising,regimeC_v0_CLCD+NDVI,RS_derived,ESA_WorldCover_2021_v200,Hansen_GFC2024v1.12_treecover2000,Landsat_C2_L2_GEE,CLCD_v01_zenodo.18180184,2026-06-10
SAIH_AFF_r25c56,117.547568,42.369506,1990,stable_forest,0.8682,0.9265,0.00865,0.00723,0.1562,0.976,0,0,stable_restoration,rising,regimeC_v0_CLCD+NDVI,RS_derived,ESA_WorldCover_2021_v200,Hansen_GFC2024v1.12_treecover2000,Landsat_C2_L2_GEE,CLCD_v01_zenodo.18180184,2026-06-10
SAIH_AFF_r25c57,117.559619,42.369506,2022,partial_forest,0.5855,0.6602,0.00708,0.00945,0.1939,0.9817,2019,0,stable_restoration,rising,regimeC_v0_CLCD+NDVI,RS_derived,ESA_WorldCover_2021_v200,Hansen_GFC2024v1.12_treecover2000,Landsat_C2_L2_GEE,CLCD_v01_zenodo.18180184,2026-06-10
SAIH_AFF_r25c58,117.57167,42.369506,2000,partial_forest,0.734,0.7739,0.01059,0.01035,0.2169,0.9696,0,0,stable_restoration,rising,regimeC_v0_CLCD+NDVI,RS_derived,ESA_WorldCover_2021_v200,Hansen_GFC2024v1.12_treecover2000,Landsat_C2_L2_GEE,CLCD_v01_zenodo.18180184,2026-06-10
SAIH_AFF_r25c61,117.607822,42.369506,0,non_forest,0.0956,0.1053,0.00394,0.01098,0.238,0.9562,0,0,degraded,rising,regimeC_v0_CLCD+NDVI,RS_derived,ESA_WorldCover_2021_v200,Hansen_GFC2024v1.12_treecover2000,Landsat_C2_L2_GEE,CLCD_v01_zenodo.18180184,2026-06-10
SAIH_AFF_r25c62,117.619873,42.369506,0,non_forest,0.2073,0.2184,0.00744,0.01226,0.2545,0.9595,2019,0,degraded,rising,regimeC_v0_CLCD+NDVI,RS_derived,ESA_WorldCover_2021_v200,Hansen_GFC2024v1.12_treecover2000,Landsat_C2_L2_GEE,CLCD_v01_zenodo.18180184,2026-06-10
SAIH_AFF_r25c63,117.631924,42.369506,0,non_forest,0.2422,0.2585,0.01266,0.01355,0.2778,0.9481,2019,0,degraded,rising,regimeC_v0_CLCD+NDVI,RS_derived,ESA_WorldCover_2021_v200,Hansen_GFC2024v1.12_treecover2000,Landsat_C2_L2_GEE,CLCD_v01_zenodo.18180184,2026-06-10
SAIH_AFF_r25c64,117.643975,42.369506,0,non_forest,0.1654,0.2031,0.00805,0.01423,0.295,0.9351,2007,0,degraded,rising,regimeC_v0_CLCD+NDVI,RS_derived,ESA_WorldCover_2021_v200,Hansen_GFC2024v1.12_treecover2000,Landsat_C2_L2_GEE,CLCD_v01_zenodo.18180184,2026-06-10
SAIH_AFF_r26c02,116.896827,42.360467,0,partial_forest,0.4431,0.4709,0.01142,0.00872,0.1744,0.9732,2024,0,early_restoration,rising,regimeC_v0_CLCD+NDVI,RS_derived,ESA_WorldCover_2021_v200,Hansen_GFC2024v1.12_treecover2000,Landsat_C2_L2_GEE,CLCD_v01_zenodo.18180184,2026-06-10
SAIH_AFF_r26c03,116.908878,42.360467,0,partial_forest,0.3703,0.3926,0.00935,0.00847,0.1637,0.9712,0,0,early_restoration,rising,regimeC_v0_CLCD+NDVI,RS_derived,ESA_WorldCover_2021_v200,Hansen_GFC2024v1.12_treecover2000,Landsat_C2_L2_GEE,CLCD_v01_zenodo.18180184,2026-06-10
SAIH_AFF_r26c08,116.969132,42.360467,2024,partial_forest,0.4674,0.5218,0.02275,0.01451,0.3021,0.9757,0,0,early_restoration,rising,regimeC_v0_CLCD+NDVI,RS_derived,ESA_WorldCover_2021_v200,Hansen_GFC2024v1.12_treecover2000,Landsat_C2_L2_GEE,CLCD_v01_zenodo.18180184,2026-06-10
SAIH_AFF_r26c09,116.981182,42.360467,2023,partial_forest,0.46,0.535,0.02275,0.01142,0.2256,0.9664,0,0,early_restoration,rising,regimeC_v0_CLCD+NDVI,RS_derived,ESA_WorldCover_2021_v200,Hansen_GFC2024v1.12_treecover2000,Landsat_C2_L2_GEE,CLCD_v01_zenodo.18180184,2026-06-10
SAIH_AFF_r26c10,116.993233,42.360467,0,partial_forest,0.3799,0.4581,0.01635,0.00989,0.1987,0.9767,0,0,early_restoration,rising,regimeC_v0_CLCD+NDVI,RS_derived,ESA_WorldCover_2021_v200,Hansen_GFC2024v1.12_treecover2000,Landsat_C2_L2_GEE,CLCD_v01_zenodo.18180184,2026-06-10
SAIH_AFF_r26c11,117.005284,42.360467,0,partial_forest,0.3434,0.3714,0.01446,0.00944,0.1891,0.9743,2011,0,early_restoration,rising,regimeC_v0_CLCD+NDVI,RS_derived,ESA_WorldCover_2021_v200,Hansen_GFC2024v1.12_treecover2000,Landsat_C2_L2_GEE,CLCD_v01_zenodo.18180184,2026-06-10
SAIH_AFF_r26c16,117.065538,42.360467,0,non_forest,0.24,0.2787,0.00841,0.00816,0.1805,0.9741,2008,0,degraded,rising,regimeC_v0_CLCD+NDVI,RS_derived,ESA_WorldCover_2021_v200,Hansen_GFC2024v1.12_treecover2000,Landsat_C2_L2_GEE,CLCD_v01_zenodo.18180184,2026-06-10
SAIH_AFF_r26c17,117.077588,42.360467,0,non_forest,0.2486,0.3216,0.01008,0.0075,0.1671,0.9848,0,0,degraded,rising,regimeC_v0_CLCD+NDVI,RS_derived,ESA_WorldCover_2021_v200,Hansen_GFC2024v1.12_treecover2000,Landsat_C2_L2_GEE,CLCD_v01_zenodo.18180184,2026-06-10
SAIH_AFF_r26c18,117.089639,42.360467,0,non_forest,0.156,0.1751,0.00405,0.0058,0.1187,0.9725,2007,0,degraded,rising,regimeC_v0_CLCD+NDVI,RS_derived,ESA_WorldCover_2021_v200,Hansen_GFC2024v1.12_treecover2000,Landsat_C2_L2_GEE,CLCD_v01_zenodo.18180184,2026-06-10
SAIH_AFF_r26c21,117.125792,42.360467,0,partial_forest,0.3192,0.333,0.00618,0.00739,0.1659,0.9718,0,0,early_restoration,rising,regimeC_v0_CLCD+NDVI,RS_derived,ESA_WorldCover_2021_v200,Hansen_GFC2024v1.12_treecover2000,Landsat_C2_L2_GEE,CLCD_v01_zenodo.18180184,2026-06-10
SAIH_AFF_r26c23,117.149893,42.360467,0,non_forest,0.2445,0.2552,0.00417,0.00619,0.147,0.9692,0,0,degraded,rising,regimeC_v0_CLCD+NDVI,RS_derived,ESA_WorldCover_2021_v200,Hansen_GFC2024v1.12_treecover2000,Landsat_C2_L2_GEE,CLCD_v01_zenodo.18180184,2026-06-10
SAIH_AFF_r26c24,117.161944,42.360467,1990,stable_forest,0.6712,0.6964,0.00448,0.00592,0.1491,0.9718,0,0,stable_restoration,rising,regimeC_v0_CLCD+NDVI,RS_derived,ESA_WorldCover_2021_v200,Hansen_GFC2024v1.12_treecover2000,Landsat_C2_L2_GEE,CLCD_v01_zenodo.18180184,2026-06-10
SAIH_AFF_r26c25,117.173995,42.360467,0,non_forest,0.289,0.304,0.00711,0.00374,0.104,0.9807,0,0,degraded,rising,regimeC_v0_CLCD+NDVI,RS_derived,ESA_WorldCover_2021_v200,Hansen_GFC2024v1.12_treecover2000,Landsat_C2_L2_GEE,CLCD_v01_zenodo.18180184,2026-06-10
SAIH_AFF_r26c26,117.186045,42.360467,0,non_forest,0.2012,0.2197,0.00421,0.00619,0.1439,0.9677,2004,0,degraded,rising,regimeC_v0_CLCD+NDVI,RS_derived,ESA_WorldCover_2021_v200,Hansen_GFC2024v1.12_treecover2000,Landsat_C2_L2_GEE,CLCD_v01_zenodo.18180184,2026-06-10
SAIH_AFF_r26c30,117.234248,42.360467,0,non_forest,0.1419,0.1385,0.00797,0.00843,0.206,0.9265,0,0,degraded,rising,regimeC_v0_CLCD+NDVI,RS_derived,ESA_WorldCover_2021_v200,Hansen_GFC2024v1.12_treecover2000,Landsat_C2_L2_GEE,CLCD_v01_zenodo.18180184,2026-06-10
SAIH_AFF_r26c31,117.246299,42.360467,0,partial_forest,0.3591,0.3782,0.02018,0.01287,0.2802,0.9739,0,0,early_restoration,rising,regimeC_v0_CLCD+NDVI,RS_derived,ESA_WorldCover_2021_v200,Hansen_GFC2024v1.12_treecover2000,Landsat_C2_L2_GEE,CLCD_v01_zenodo.18180184,2026-06-10
SAIH_AFF_r26c32,117.25835,42.360467,2015,afforested,0.7685,0.8091,0.04189,0.01393,0.2974,0.9804,0,0,stable_restoration,rising,regimeC_v0_CLCD+NDVI,RS_derived,ESA_WorldCover_2021_v200,Hansen_GFC2024v1.12_treecover2000,Landsat_C2_L2_GEE,CLCD_v01_zenodo.18180184,2026-06-10
SAIH_AFF_r26c33,117.270401,42.360467,0,partial_forest,0.4578,0.4858,0.019,0.0096,0.2148,0.9694,0,0,early_restoration,rising,regimeC_v0_CLCD+NDVI,RS_derived,ESA_WorldCover_2021_v200,Hansen_GFC2024v1.12_treecover2000,Landsat_C2_L2_GEE,CLCD_v01_zenodo.18180184,2026-06-10
SAIH_AFF_r26c34,117.282452,42.360467,0,partial_forest,0.3457,0.361,0.00785,0.00829,0.204,0.9559,0,0,early_restoration,rising,regimeC_v0_CLCD+NDVI,RS_derived,ESA_WorldCover_2021_v200,Hansen_GFC2024v1.12_treecover2000,Landsat_C2_L2_GEE,CLCD_v01_zenodo.18180184,2026-06-10
SAIH_AFF_r26c35,117.294502,42.360467,2011,afforested,0.6468,0.6701,0.02059,0.01016,0.2298,0.969,0,0,stable_restoration,rising,regimeC_v0_CLCD+NDVI,RS_derived,ESA_WorldCover_2021_v200,Hansen_GFC2024v1.12_treecover2000,Landsat_C2_L2_GEE,CLCD_v01_zenodo.18180184,2026-06-10
SAIH_AFF_r26c36,117.306553,42.360467,2006,partial_forest,0.7529,0.7868,0.01765,0.01024,0.242,0.9507,0,0,stable_restoration,rising,regimeC_v0_CLCD+NDVI,RS_derived,ESA_WorldCover_2021_v200,Hansen_GFC2024v1.12_treecover2000,Landsat_C2_L2_GEE,CLCD_v01_zenodo.18180184,2026-06-10
SAIH_AFF_r26c37,117.318604,42.360467,2006,partial_forest,0.8608,0.8944,0.0196,0.01136,0.2806,0.969,0,0,stable_restoration,rising,regimeC_v0_CLCD+NDVI,RS_derived,ESA_WorldCover_2021_v200,Hansen_GFC2024v1.12_treecover2000,Landsat_C2_L2_GEE,CLCD_v01_zenodo.18180184,2026-06-10
SAIH_AFF_r26c38,117.330655,42.360467,2017,afforested,0.5466,0.5843,0.01353,0.01016,0.2497,0.9761,2011,0,early_restoration,rising,regimeC_v0_CLCD+NDVI,RS_derived,ESA_WorldCover_2021_v200,Hansen_GFC2024v1.12_treecover2000,Landsat_C2_L2_GEE,CLCD_v01_zenodo.18180184,2026-06-10
SAIH_AFF_r26c39,117.342705,42.360467,2016,partial_forest,0.5145,0.535,0.00392,0.00697,0.1819,0.9716,2007,0,early_restoration,rising,regimeC_v0_CLCD+NDVI,RS_derived,ESA_WorldCover_2021_v200,Hansen_GFC2024v1.12_treecover2000,Landsat_C2_L2_GEE,CLCD_v01_zenodo.18180184,2026-06-10
SAIH_AFF_r26c40,117.354756,42.360467,2015,partial_forest,0.5932,0.6174,0.01253,0.00613,0.1503,0.9556,0,0,early_restoration,rising,regimeC_v0_CLCD+NDVI,RS_derived,ESA_WorldCover_2021_v200,Hansen_GFC2024v1.12_treecover2000,Landsat_C2_L2_GEE,CLCD_v01_zenodo.18180184,2026-06-10
SAIH_AFF_r26c41,117.366807,42.360467,0,partial_forest,0.4717,0.4961,0.01203,0.00592,0.1461,0.9501,0,0,early_restoration,rising,regimeC_v0_CLCD+NDVI,RS_derived,ESA_WorldCover_2021_v200,Hansen_GFC2024v1.12_treecover2000,Landsat_C2_L2_GEE,CLCD_v01_zenodo.18180184,2026-06-10
SAIH_AFF_r26c42,117.378858,42.360467,2014,partial_forest,0.7405,0.7639,0.02019,0.00872,0.2048,0.9753,2021,0,stable_restoration,rising,regimeC_v0_CLCD+NDVI,RS_derived,ESA_WorldCover_2021_v200,Hansen_GFC2024v1.12_treecover2000,Landsat_C2_L2_GEE,CLCD_v01_zenodo.18180184,2026-06-10
SAIH_AFF_r26c43,117.390908,42.360467,1985,stable_forest,0.9299,0.9682,0.00232,0.00627,0.1423,0.9705,0,0,stable_restoration,rising,regimeC_v0_CLCD+NDVI,RS_derived,ESA_WorldCover_2021_v200,Hansen_GFC2024v1.12_treecover2000,Landsat_C2_L2_GEE,CLCD_v01_zenodo.18180184,2026-06-10
SAIH_AFF_r26c44,117.402959,42.360467,1985,stable_forest,0.9023,0.9401,0.00411,0.00721,0.1463,0.9744,0,0,stable_restoration,rising,regimeC_v0_CLCD+NDVI,RS_derived,ESA_WorldCover_2021_v200,Hansen_GFC2024v1.12_treecover2000,Landsat_C2_L2_GEE,CLCD_v01_zenodo.18180184,2026-06-10
SAIH_AFF_r26c45,117.41501,42.360467,1985,stable_forest,0.8649,0.8889,0.00289,0.00652,0.1356,0.956,2019,0,stable_restoration,rising,regimeC_v0_CLCD+NDVI,RS_derived,ESA_WorldCover_2021_v200,Hansen_GFC2024v1.12_treecover2000,Landsat_C2_L2_GEE,CLCD_v01_zenodo.18180184,2026-06-10
SAIH_AFF_r26c46,117.427061,42.360467,1985,stable_forest,0.8013,0.8366,0.00214,0.00475,0.0921,0.9564,2019,0,stable_restoration,rising,regimeC_v0_CLCD+NDVI,RS_derived,ESA_WorldCover_2021_v200,Hansen_GFC2024v1.12_treecover2000,Landsat_C2_L2_GEE,CLCD_v01_zenodo.18180184,2026-06-10
SAIH_AFF_r26c47,117.439112,42.360467,1985,stable_forest,0.8085,0.8418,0.00549,0.00672,0.1281,0.9613,0,0,stable_restoration,rising,regimeC_v0_CLCD+NDVI,RS_derived,ESA_WorldCover_2021_v200,Hansen_GFC2024v1.12_treecover2000,Landsat_C2_L2_GEE,CLCD_v01_zenodo.18180184,2026-06-10
SAIH_AFF_r26c48,117.451162,42.360467,1985,stable_forest,0.8696,0.903,0.00367,0.00891,0.1799,0.9831,0,0,stable_restoration,rising,regimeC_v0_CLCD+NDVI,RS_derived,ESA_WorldCover_2021_v200,Hansen_GFC2024v1.12_treecover2000,Landsat_C2_L2_GEE,CLCD_v01_zenodo.18180184,2026-06-10
SAIH_AFF_r26c49,117.463213,42.360467,1985,stable_forest,0.6264,0.6232,0.00072,0.00846,0.1672,0.9643,0,0,early_restoration,rising,regimeC_v0_CLCD+NDVI,RS_derived,ESA_WorldCover_2021_v200,Hansen_GFC2024v1.12_treecover2000,Landsat_C2_L2_GEE,CLCD_v01_zenodo.18180184,2026-06-10
SAIH_AFF_r26c50,117.475264,42.360467,1985,stable_forest,0.741,0.7621,0.00196,0.00747,0.1497,0.9511,0,0,stable_restoration,rising,regimeC_v0_CLCD+NDVI,RS_derived,ESA_WorldCover_2021_v200,Hansen_GFC2024v1.12_treecover2000,Landsat_C2_L2_GEE,CLCD_v01_zenodo.18180184,2026-06-10
SAIH_AFF_r26c51,117.487315,42.360467,1985,stable_forest,0.5852,0.5808,0.0008,0.00601,0.1189,0.9526,0,0,early_restoration,rising,regimeC_v0_CLCD+NDVI,RS_derived,ESA_WorldCover_2021_v200,Hansen_GFC2024v1.12_treecover2000,Landsat_C2_L2_GEE,CLCD_v01_zenodo.18180184,2026-06-10
SAIH_AFF_r26c52,117.499365,42.360467,1991,partial_forest,0.6071,0.6203,0.00517,0.00795,0.1553,0.9486,2005,0,early_restoration,rising,regimeC_v0_CLCD+NDVI,RS_derived,ESA_WorldCover_2021_v200,Hansen_GFC2024v1.12_treecover2000,Landsat_C2_L2_GEE,CLCD_v01_zenodo.18180184,2026-06-10
SAIH_AFF_r26c53,117.511416,42.360467,1985,stable_forest,0.8454,0.8801,0.00143,0.00811,0.1497,0.9858,2007,0,stable_restoration,rising,regimeC_v0_CLCD+NDVI,RS_derived,ESA_WorldCover_2021_v200,Hansen_GFC2024v1.12_treecover2000,Landsat_C2_L2_GEE,CLCD_v01_zenodo.18180184,2026-06-10
SAIH_AFF_r26c54,117.523467,42.360467,1985,stable_forest,0.8577,0.9413,-0.00292,0.00587,0.1296,0.9618,2013,0,stable_restoration,rising,regimeC_v0_CLCD+NDVI,RS_derived,ESA_WorldCover_2021_v200,Hansen_GFC2024v1.12_treecover2000,Landsat_C2_L2_GEE,CLCD_v01_zenodo.18180184,2026-06-10
SAIH_AFF_r26c55,117.535518,42.360467,1985,stable_forest,0.8986,0.9757,0.0006,0.00611,0.1427,0.9722,2014,0,stable_restoration,rising,regimeC_v0_CLCD+NDVI,RS_derived,ESA_WorldCover_2021_v200,Hansen_GFC2024v1.12_treecover2000,Landsat_C2_L2_GEE,CLCD_v01_zenodo.18180184,2026-06-10
SAIH_AFF_r26c56,117.547568,42.360467,1991,partial_forest,0.7318,0.784,0.01046,0.00813,0.1642,0.9701,2011,0,stable_restoration,rising,regimeC_v0_CLCD+NDVI,RS_derived,ESA_WorldCover_2021_v200,Hansen_GFC2024v1.12_treecover2000,Landsat_C2_L2_GEE,CLCD_v01_zenodo.18180184,2026-06-10
SAIH_AFF_r26c57,117.559619,42.360467,1990,stable_forest,0.7751,0.812,-0.00076,0.00049,0.0192,0.9728,2021,0,stable_restoration,flat,regimeC_v0_CLCD+NDVI,RS_derived,ESA_WorldCover_2021_v200,Hansen_GFC2024v1.12_treecover2000,Landsat_C2_L2_GEE,CLCD_v01_zenodo.18180184,2026-06-10
SAIH_AFF_r26c58,117.57167,42.360467,1990,stable_forest,0.8653,0.8984,0.00552,0.00618,0.1159,0.9738,2001,0,stable_restoration,rising,regimeC_v0_CLCD+NDVI,RS_derived,ESA_WorldCover_2021_v200,Hansen_GFC2024v1.12_treecover2000,Landsat_C2_L2_GEE,CLCD_v01_zenodo.18180184,2026-06-10
SAIH_AFF_r26c59,117.583721,42.360467,1985,stable_forest,0.7939,0.8297,0.00874,0.01008,0.1924,0.9735,0,0,stable_restoration,rising,regimeC_v0_CLCD+NDVI,RS_derived,ESA_WorldCover_2021_v200,Hansen_GFC2024v1.12_treecover2000,Landsat_C2_L2_GEE,CLCD_v01_zenodo.18180184,2026-06-10
SAIH_AFF_r26c60,117.595772,42.360467,2008,partial_forest,0.7368,0.7862,0.01739,0.01515,0.3006,0.968,0,0,stable_restoration,rising,regimeC_v0_CLCD+NDVI,RS_derived,ESA_WorldCover_2021_v200,Hansen_GFC2024v1.12_treecover2000,Landsat_C2_L2_GEE,CLCD_v01_zenodo.18180184,2026-06-10
SAIH_AFF_r26c61,117.607822,42.360467,2005,partial_forest,0.7124,0.7422,0.01291,0.01214,0.2427,0.9704,0,0,stable_restoration,rising,regimeC_v0_CLCD+NDVI,RS_derived,ESA_WorldCover_2021_v200,Hansen_GFC2024v1.12_treecover2000,Landsat_C2_L2_GEE,CLCD_v01_zenodo.18180184,2026-06-10
SAIH_AFF_r26c62,117.619873,42.360467,0,non_forest,0.1915,0.2031,0.00593,0.00986,0.2013,0.9495,0,0,degraded,rising,regimeC_v0_CLCD+NDVI,RS_derived,ESA_WorldCover_2021_v200,Hansen_GFC2024v1.12_treecover2000,Landsat_C2_L2_GEE,CLCD_v01_zenodo.18180184,2026-06-10
SAIH_AFF_r26c64,117.643975,42.360467,0,non_forest,0.1293,0.1592,0.00618,0.01116,0.2396,0.9194,0,0,degraded,rising,regimeC_v0_CLCD+NDVI,RS_derived,ESA_WorldCover_2021_v200,Hansen_GFC2024v1.12_treecover2000,Landsat_C2_L2_GEE,CLCD_v01_zenodo.18180184,2026-06-10
SAIH_AFF_r27c02,116.896827,42.351428,0,non_forest,0.1737,0.2038,0.00661,0.00978,0.1988,0.9774,2024,0,degraded,rising,regimeC_v0_CLCD+NDVI,RS_derived,ESA_WorldCover_2021_v200,Hansen_GFC2024v1.12_treecover2000,Landsat_C2_L2_GEE,CLCD_v01_zenodo.18180184,2026-06-10
SAIH_AFF_r27c07,116.957081,42.351428,0,non_forest,0.1797,0.2003,0.00829,0.00844,0.1948,0.964,0,0,degraded,rising,regimeC_v0_CLCD+NDVI,RS_derived,ESA_WorldCover_2021_v200,Hansen_GFC2024v1.12_treecover2000,Landsat_C2_L2_GEE,CLCD_v01_zenodo.18180184,2026-06-10
SAIH_AFF_r27c08,116.969132,42.351428,0,partial_forest,0.4317,0.4761,0.02273,0.01198,0.2551,0.9764,0,0,early_restoration,rising,regimeC_v0_CLCD+NDVI,RS_derived,ESA_WorldCover_2021_v200,Hansen_GFC2024v1.12_treecover2000,Landsat_C2_L2_GEE,CLCD_v01_zenodo.18180184,2026-06-10
SAIH_AFF_r27c09,116.981182,42.351428,2017,afforested,0.5982,0.6455,0.02652,0.00999,0.2016,0.9777,0,0,early_restoration,rising,regimeC_v0_CLCD+NDVI,RS_derived,ESA_WorldCover_2021_v200,Hansen_GFC2024v1.12_treecover2000,Landsat_C2_L2_GEE,CLCD_v01_zenodo.18180184,2026-06-10
SAIH_AFF_r27c10,116.993233,42.351428,2025,partial_forest,0.4136,0.521,0.01964,0.0102,0.2005,0.9737,0,0,early_restoration,rising,regimeC_v0_CLCD+NDVI,RS_derived,ESA_WorldCover_2021_v200,Hansen_GFC2024v1.12_treecover2000,Landsat_C2_L2_GEE,CLCD_v01_zenodo.18180184,2026-06-10
SAIH_AFF_r27c11,117.005284,42.351428,2019,afforested,0.5825,0.6392,0.02773,0.01257,0.2443,0.9787,2011,0,early_restoration,rising,regimeC_v0_CLCD+NDVI,RS_derived,ESA_WorldCover_2021_v200,Hansen_GFC2024v1.12_treecover2000,Landsat_C2_L2_GEE,CLCD_v01_zenodo.18180184,2026-06-10
SAIH_AFF_r27c12,117.017335,42.351428,0,non_forest,0.2433,0.2586,0.00931,0.00754,0.1591,0.9759,2011,0,degraded,rising,regimeC_v0_CLCD+NDVI,RS_derived,ESA_WorldCover_2021_v200,Hansen_GFC2024v1.12_treecover2000,Landsat_C2_L2_GEE,CLCD_v01_zenodo.18180184,2026-06-10
SAIH_AFF_r27c15,117.053487,42.351428,0,non_forest,0.2744,0.3287,0.0101,0.00929,0.2029,0.9654,0,0,degraded,rising,regimeC_v0_CLCD+NDVI,RS_derived,ESA_WorldCover_2021_v200,Hansen_GFC2024v1.12_treecover2000,Landsat_C2_L2_GEE,CLCD_v01_zenodo.18180184,2026-06-10
SAIH_AFF_r27c16,117.065538,42.351428,0,non_forest,0.298,0.3462,0.01056,0.00873,0.1799,0.9821,0,0,early_restoration,rising,regimeC_v0_CLCD+NDVI,RS_derived,ESA_WorldCover_2021_v200,Hansen_GFC2024v1.12_treecover2000,Landsat_C2_L2_GEE,CLCD_v01_zenodo.18180184,2026-06-10
SAIH_AFF_r27c17,117.077588,42.351428,0,non_forest,0.232,0.2781,0.01024,0.00698,0.1498,0.9769,0,0,degraded,rising,regimeC_v0_CLCD+NDVI,RS_derived,ESA_WorldCover_2021_v200,Hansen_GFC2024v1.12_treecover2000,Landsat_C2_L2_GEE,CLCD_v01_zenodo.18180184,2026-06-10
SAIH_AFF_r27c18,117.089639,42.351428,0,partial_forest,0.336,0.4697,0.01248,0.00817,0.1677,0.9894,0,0,early_restoration,rising,regimeC_v0_CLCD+NDVI,RS_derived,ESA_WorldCover_2021_v200,Hansen_GFC2024v1.12_treecover2000,Landsat_C2_L2_GEE,CLCD_v01_zenodo.18180184,2026-06-10
SAIH_AFF_r27c19,117.10169,42.351428,0,non_forest,0.1654,0.2152,0.0064,0.00626,0.1369,0.9795,2007,0,degraded,rising,regimeC_v0_CLCD+NDVI,RS_derived,ESA_WorldCover_2021_v200,Hansen_GFC2024v1.12_treecover2000,Landsat_C2_L2_GEE,CLCD_v01_zenodo.18180184,2026-06-10
SAIH_AFF_r27c23,117.149893,42.351428,2020,partial_forest,0.506,0.5275,0.00532,0.00624,0.1523,0.9723,2003,0,early_restoration,rising,regimeC_v0_CLCD+NDVI,RS_derived,ESA_WorldCover_2021_v200,Hansen_GFC2024v1.12_treecover2000,Landsat_C2_L2_GEE,CLCD_v01_zenodo.18180184,2026-06-10
SAIH_AFF_r27c24,117.161944,42.351428,2013,partial_forest,0.7204,0.7559,0.01738,0.00711,0.1637,0.9808,0,0,stable_restoration,rising,regimeC_v0_CLCD+NDVI,RS_derived,ESA_WorldCover_2021_v200,Hansen_GFC2024v1.12_treecover2000,Landsat_C2_L2_GEE,CLCD_v01_zenodo.18180184,2026-06-10
SAIH_AFF_r27c25,117.173995,42.351428,0,partial_forest,0.474,0.4957,0.00689,0.00484,0.1178,0.9715,0,0,early_restoration,rising,regimeC_v0_CLCD+NDVI,RS_derived,ESA_WorldCover_2021_v200,Hansen_GFC2024v1.12_treecover2000,Landsat_C2_L2_GEE,CLCD_v01_zenodo.18180184,2026-06-10
SAIH_AFF_r27c26,117.186045,42.351428,0,non_forest,0.2736,0.3078,0.00778,0.00562,0.1387,0.964,2004,0,degraded,rising,regimeC_v0_CLCD+NDVI,RS_derived,ESA_WorldCover_2021_v200,Hansen_GFC2024v1.12_treecover2000,Landsat_C2_L2_GEE,CLCD_v01_zenodo.18180184,2026-06-10
SAIH_AFF_r27c27,117.198096,42.351428,0,partial_forest,0.3603,0.4131,0.01662,0.0089,0.2027,0.9658,2005,0,early_restoration,rising,regimeC_v0_CLCD+NDVI,RS_derived,ESA_WorldCover_2021_v200,Hansen_GFC2024v1.12_treecover2000,Landsat_C2_L2_GEE,CLCD_v01_zenodo.18180184,2026-06-10
SAIH_AFF_r27c28,117.210147,42.351428,0,non_forest,0.2967,0.3285,0.01153,0.00737,0.1748,0.9676,2007,0,degraded,rising,regimeC_v0_CLCD+NDVI,RS_derived,ESA_WorldCover_2021_v200,Hansen_GFC2024v1.12_treecover2000,Landsat_C2_L2_GEE,CLCD_v01_zenodo.18180184,2026-06-10
SAIH_AFF_r27c29,117.222198,42.351428,0,non_forest,0.2767,0.2987,0.00977,0.00892,0.2238,0.9609,2007,0,degraded,rising,regimeC_v0_CLCD+NDVI,RS_derived,ESA_WorldCover_2021_v200,Hansen_GFC2024v1.12_treecover2000,Landsat_C2_L2_GEE,CLCD_v01_zenodo.18180184,2026-06-10
SAIH_AFF_r27c30,117.234248,42.351428,0,non_forest,0.1264,0.1744,0.00507,0.00922,0.2296,0.9546,0,0,degraded,rising,regimeC_v0_CLCD+NDVI,RS_derived,ESA_WorldCover_2021_v200,Hansen_GFC2024v1.12_treecover2000,Landsat_C2_L2_GEE,CLCD_v01_zenodo.18180184,2026-06-10
SAIH_AFF_r27c31,117.246299,42.351428,0,non_forest,0.1812,0.2152,0.0096,0.00793,0.1892,0.9559,2013,0,degraded,rising,regimeC_v0_CLCD+NDVI,RS_derived,ESA_WorldCover_2021_v200,Hansen_GFC2024v1.12_treecover2000,Landsat_C2_L2_GEE,CLCD_v01_zenodo.18180184,2026-06-10
SAIH_AFF_r27c32,117.25835,42.351428,0,partial_forest,0.3394,0.3537,0.01816,0.01101,0.2478,0.9603,0,0,early_restoration,rising,regimeC_v0_CLCD+NDVI,RS_derived,ESA_WorldCover_2021_v200,Hansen_GFC2024v1.12_treecover2000,Landsat_C2_L2_GEE,CLCD_v01_zenodo.18180184,2026-06-10
SAIH_AFF_r27c33,117.270401,42.351428,0,partial_forest,0.4323,0.4761,0.01958,0.00973,0.203,0.9685,0,0,early_restoration,rising,regimeC_v0_CLCD+NDVI,RS_derived,ESA_WorldCover_2021_v200,Hansen_GFC2024v1.12_treecover2000,Landsat_C2_L2_GEE,CLCD_v01_zenodo.18180184,2026-06-10
SAIH_AFF_r27c34,117.282452,42.351428,0,partial_forest,0.4034,0.4463,0.01267,0.01014,0.2239,0.9717,0,0,early_restoration,rising,regimeC_v0_CLCD+NDVI,RS_derived,ESA_WorldCover_2021_v200,Hansen_GFC2024v1.12_treecover2000,Landsat_C2_L2_GEE,CLCD_v01_zenodo.18180184,2026-06-10
SAIH_AFF_r27c35,117.294502,42.351428,2016,afforested,0.5754,0.6022,0.01595,0.00898,0.195,0.9662,0,0,early_restoration,rising,regimeC_v0_CLCD+NDVI,RS_derived,ESA_WorldCover_2021_v200,Hansen_GFC2024v1.12_treecover2000,Landsat_C2_L2_GEE,CLCD_v01_zenodo.18180184,2026-06-10
SAIH_AFF_r27c36,117.306553,42.351428,0,partial_forest,0.443,0.4624,0.00815,0.00765,0.1787,0.9554,0,0,early_restoration,rising,regimeC_v0_CLCD+NDVI,RS_derived,ESA_WorldCover_2021_v200,Hansen_GFC2024v1.12_treecover2000,Landsat_C2_L2_GEE,CLCD_v01_zenodo.18180184,2026-06-10
SAIH_AFF_r27c37,117.318604,42.351428,0,partial_forest,0.4427,0.4635,0.00857,0.00747,0.2004,0.9727,2011,0,early_restoration,rising,regimeC_v0_CLCD+NDVI,RS_derived,ESA_WorldCover_2021_v200,Hansen_GFC2024v1.12_treecover2000,Landsat_C2_L2_GEE,CLCD_v01_zenodo.18180184,2026-06-10
SAIH_AFF_r27c38,117.330655,42.351428,2016,afforested,0.5641,0.606,0.0186,0.00781,0.2025,0.9588,2011,0,early_restoration,rising,regimeC_v0_CLCD+NDVI,RS_derived,ESA_WorldCover_2021_v200,Hansen_GFC2024v1.12_treecover2000,Landsat_C2_L2_GEE,CLCD_v01_zenodo.18180184,2026-06-10
SAIH_AFF_r27c39,117.342705,42.351428,0,partial_forest,0.3638,0.376,0.01158,0.00719,0.1875,0.9697,0,0,early_restoration,rising,regimeC_v0_CLCD+NDVI,RS_derived,ESA_WorldCover_2021_v200,Hansen_GFC2024v1.12_treecover2000,Landsat_C2_L2_GEE,CLCD_v01_zenodo.18180184,2026-06-10
SAIH_AFF_r27c40,117.354756,42.351428,2021,afforested,0.5182,0.5507,0.02627,0.01119,0.2467,0.9665,0,0,early_restoration,rising,regimeC_v0_CLCD+NDVI,RS_derived,ESA_WorldCover_2021_v200,Hansen_GFC2024v1.12_treecover2000,Landsat_C2_L2_GEE,CLCD_v01_zenodo.18180184,2026-06-10
SAIH_AFF_r27c41,117.366807,42.351428,2015,afforested,0.7667,0.8,0.03554,0.01147,0.2623,0.972,0,0,stable_restoration,rising,regimeC_v0_CLCD+NDVI,RS_derived,ESA_WorldCover_2021_v200,Hansen_GFC2024v1.12_treecover2000,Landsat_C2_L2_GEE,CLCD_v01_zenodo.18180184,2026-06-10
SAIH_AFF_r27c42,117.378858,42.351428,2015,afforested,0.6225,0.6478,0.02343,0.01232,0.2729,0.9888,2017,0,early_restoration,rising,regimeC_v0_CLCD+NDVI,RS_derived,ESA_WorldCover_2021_v200,Hansen_GFC2024v1.12_treecover2000,Landsat_C2_L2_GEE,CLCD_v01_zenodo.18180184,2026-06-10
SAIH_AFF_r27c43,117.390908,42.351428,1990,stable_forest,0.6446,0.6803,0.0023,0.00692,0.1651,0.9773,2011,0,stable_restoration,rising,regimeC_v0_CLCD+NDVI,RS_derived,ESA_WorldCover_2021_v200,Hansen_GFC2024v1.12_treecover2000,Landsat_C2_L2_GEE,CLCD_v01_zenodo.18180184,2026-06-10
SAIH_AFF_r27c44,117.402959,42.351428,1985,stable_forest,0.9334,0.9871,0.00786,0.00778,0.1712,0.9612,2017,0,stable_restoration,rising,regimeC_v0_CLCD+NDVI,RS_derived,ESA_WorldCover_2021_v200,Hansen_GFC2024v1.12_treecover2000,Landsat_C2_L2_GEE,CLCD_v01_zenodo.18180184,2026-06-10
SAIH_AFF_r27c45,117.41501,42.351428,1985,stable_forest,0.981,1.0099,0.00223,0.00648,0.1293,0.9847,2021,1,stable_restoration,rising,regimeC_v0_CLCD+NDVI,RS_derived,ESA_WorldCover_2021_v200,Hansen_GFC2024v1.12_treecover2000,Landsat_C2_L2_GEE,CLCD_v01_zenodo.18180184,2026-06-10
SAIH_AFF_r27c46,117.427061,42.351428,1985,stable_forest,0.9436,0.9808,0.00383,0.00463,0.0983,0.98,2019,0,stable_restoration,rising,regimeC_v0_CLCD+NDVI,RS_derived,ESA_WorldCover_2021_v200,Hansen_GFC2024v1.12_treecover2000,Landsat_C2_L2_GEE,CLCD_v01_zenodo.18180184,2026-06-10
SAIH_AFF_r27c47,117.439112,42.351428,1985,stable_forest,0.8736,0.9058,0.00239,0.00705,0.1541,0.9658,0,0,stable_restoration,rising,regimeC_v0_CLCD+NDVI,RS_derived,ESA_WorldCover_2021_v200,Hansen_GFC2024v1.12_treecover2000,Landsat_C2_L2_GEE,CLCD_v01_zenodo.18180184,2026-06-10
SAIH_AFF_r27c48,117.451162,42.351428,1985,stable_forest,0.9006,0.9219,0.00099,0.00844,0.1881,0.9625,0,0,stable_restoration,rising,regimeC_v0_CLCD+NDVI,RS_derived,ESA_WorldCover_2021_v200,Hansen_GFC2024v1.12_treecover2000,Landsat_C2_L2_GEE,CLCD_v01_zenodo.18180184,2026-06-10
SAIH_AFF_r27c49,117.463213,42.351428,1985,stable_forest,0.861,0.8939,0.00353,0.00872,0.1894,0.9636,0,0,stable_restoration,rising,regimeC_v0_CLCD+NDVI,RS_derived,ESA_WorldCover_2021_v200,Hansen_GFC2024v1.12_treecover2000,Landsat_C2_L2_GEE,CLCD_v01_zenodo.18180184,2026-06-10
SAIH_AFF_r27c50,117.475264,42.351428,1985,stable_forest,0.8824,0.9073,0.00126,0.00736,0.1624,0.9711,2001,0,stable_restoration,rising,regimeC_v0_CLCD+NDVI,RS_derived,ESA_WorldCover_2021_v200,Hansen_GFC2024v1.12_treecover2000,Landsat_C2_L2_GEE,CLCD_v01_zenodo.18180184,2026-06-10
SAIH_AFF_r27c51,117.487315,42.351428,1985,stable_forest,0.7762,0.8109,0.00814,0.00969,0.1977,0.9698,2001,0,stable_restoration,rising,regimeC_v0_CLCD+NDVI,RS_derived,ESA_WorldCover_2021_v200,Hansen_GFC2024v1.12_treecover2000,Landsat_C2_L2_GEE,CLCD_v01_zenodo.18180184,2026-06-10
SAIH_AFF_r27c52,117.499365,42.351428,1985,stable_forest,0.7022,0.7353,0.00351,0.00729,0.1536,0.9614,2001,0,stable_restoration,rising,regimeC_v0_CLCD+NDVI,RS_derived,ESA_WorldCover_2021_v200,Hansen_GFC2024v1.12_treecover2000,Landsat_C2_L2_GEE,CLCD_v01_zenodo.18180184,2026-06-10
SAIH_AFF_r27c53,117.511416,42.351428,1985,stable_forest,0.8492,0.8823,0.00305,0.00688,0.1231,0.9687,2011,0,stable_restoration,rising,regimeC_v0_CLCD+NDVI,RS_derived,ESA_WorldCover_2021_v200,Hansen_GFC2024v1.12_treecover2000,Landsat_C2_L2_GEE,CLCD_v01_zenodo.18180184,2026-06-10
SAIH_AFF_r27c54,117.523467,42.351428,1985,stable_forest,0.9741,1.0122,0.00304,0.01116,0.2139,0.9732,2011,0,stable_restoration,rising,regimeC_v0_CLCD+NDVI,RS_derived,ESA_WorldCover_2021_v200,Hansen_GFC2024v1.12_treecover2000,Landsat_C2_L2_GEE,CLCD_v01_zenodo.18180184,2026-06-10
SAIH_AFF_r27c55,117.535518,42.351428,1985,stable_forest,0.8214,0.8636,0.0051,0.00843,0.1727,0.9786,2011,0,stable_restoration,rising,regimeC_v0_CLCD+NDVI,RS_derived,ESA_WorldCover_2021_v200,Hansen_GFC2024v1.12_treecover2000,Landsat_C2_L2_GEE,CLCD_v01_zenodo.18180184,2026-06-10
SAIH_AFF_r27c56,117.547568,42.351428,1990,stable_forest,0.7293,0.7782,0.00398,0.00774,0.1547,0.9806,2017,0,stable_restoration,rising,regimeC_v0_CLCD+NDVI,RS_derived,ESA_WorldCover_2021_v200,Hansen_GFC2024v1.12_treecover2000,Landsat_C2_L2_GEE,CLCD_v01_zenodo.18180184,2026-06-10
SAIH_AFF_r27c57,117.559619,42.351428,1990,stable_forest,0.7956,0.8618,0.00074,0.00299,0.0579,0.9775,2019,1,stable_restoration,flat,regimeC_v0_CLCD+NDVI,RS_derived,ESA_WorldCover_2021_v200,Hansen_GFC2024v1.12_treecover2000,Landsat_C2_L2_GEE,CLCD_v01_zenodo.18180184,2026-06-10
SAIH_AFF_r27c58,117.57167,42.351428,0,partial_forest,0.3216,0.3399,0.00279,0.00756,0.1442,0.9644,0,0,early_restoration,rising,regimeC_v0_CLCD+NDVI,RS_derived,ESA_WorldCover_2021_v200,Hansen_GFC2024v1.12_treecover2000,Landsat_C2_L2_GEE,CLCD_v01_zenodo.18180184,2026-06-10
SAIH_AFF_r27c59,117.583721,42.351428,2018,afforested,0.5129,0.5361,0.00843,0.00817,0.1537,0.9785,0,0,early_restoration,rising,regimeC_v0_CLCD+NDVI,RS_derived,ESA_WorldCover_2021_v200,Hansen_GFC2024v1.12_treecover2000,Landsat_C2_L2_GEE,CLCD_v01_zenodo.18180184,2026-06-10
SAIH_AFF_r27c60,117.595772,42.351428,2000,partial_forest,0.8685,0.904,0.01617,0.00896,0.1672,0.9769,2001,0,stable_restoration,rising,regimeC_v0_CLCD+NDVI,RS_derived,ESA_WorldCover_2021_v200,Hansen_GFC2024v1.12_treecover2000,Landsat_C2_L2_GEE,CLCD_v01_zenodo.18180184,2026-06-10
SAIH_AFF_r27c61,117.607822,42.351428,2005,partial_forest,0.7463,0.7777,0.01448,0.01198,0.2284,0.9841,0,0,stable_restoration,rising,regimeC_v0_CLCD+NDVI,RS_derived,ESA_WorldCover_2021_v200,Hansen_GFC2024v1.12_treecover2000,Landsat_C2_L2_GEE,CLCD_v01_zenodo.18180184,2026-06-10
SAIH_AFF_r27c62,117.619873,42.351428,2017,afforested,0.6547,0.6953,0.02367,0.01308,0.2542,0.9823,2023,0,stable_restoration,rising,regimeC_v0_CLCD+NDVI,RS_derived,ESA_WorldCover_2021_v200,Hansen_GFC2024v1.12_treecover2000,Landsat_C2_L2_GEE,CLCD_v01_zenodo.18180184,2026-06-10
SAIH_AFF_r27c64,117.643975,42.351428,0,partial_forest,0.3676,0.3835,0.01288,0.01185,0.2401,0.9575,0,0,early_restoration,rising,regimeC_v0_CLCD+NDVI,RS_derived,ESA_WorldCover_2021_v200,Hansen_GFC2024v1.12_treecover2000,Landsat_C2_L2_GEE,CLCD_v01_zenodo.18180184,2026-06-10
SAIH_AFF_r28c02,116.896827,42.342389,0,non_forest,0.1903,0.2129,0.00809,0.00964,0.193,0.9725,2024,0,degraded,rising,regimeC_v0_CLCD+NDVI,RS_derived,ESA_WorldCover_2021_v200,Hansen_GFC2024v1.12_treecover2000,Landsat_C2_L2_GEE,CLCD_v01_zenodo.18180184,2026-06-10
SAIH_AFF_r28c04,116.920928,42.342389,0,non_forest,0.2577,0.2816,0.01388,0.01074,0.2204,0.973,0,0,degraded,rising,regimeC_v0_CLCD+NDVI,RS_derived,ESA_WorldCover_2021_v200,Hansen_GFC2024v1.12_treecover2000,Landsat_C2_L2_GEE,CLCD_v01_zenodo.18180184,2026-06-10
SAIH_AFF_r28c07,116.957081,42.342389,0,non_forest,0.196,0.2145,0.00639,0.00778,0.1857,0.9678,0,0,degraded,rising,regimeC_v0_CLCD+NDVI,RS_derived,ESA_WorldCover_2021_v200,Hansen_GFC2024v1.12_treecover2000,Landsat_C2_L2_GEE,CLCD_v01_zenodo.18180184,2026-06-10
SAIH_AFF_r28c08,116.969132,42.342389,0,partial_forest,0.3218,0.4097,0.01698,0.01298,0.28,0.9672,0,0,early_restoration,rising,regimeC_v0_CLCD+NDVI,RS_derived,ESA_WorldCover_2021_v200,Hansen_GFC2024v1.12_treecover2000,Landsat_C2_L2_GEE,CLCD_v01_zenodo.18180184,2026-06-10
SAIH_AFF_r28c09,116.981182,42.342389,2023,partial_forest,0.491,0.5677,0.02399,0.01202,0.2474,0.9721,2011,0,early_restoration,rising,regimeC_v0_CLCD+NDVI,RS_derived,ESA_WorldCover_2021_v200,Hansen_GFC2024v1.12_treecover2000,Landsat_C2_L2_GEE,CLCD_v01_zenodo.18180184,2026-06-10
SAIH_AFF_r28c11,117.005284,42.342389,0,non_forest,0.2507,0.2781,0.01332,0.00961,0.1881,0.9643,0,0,degraded,rising,regimeC_v0_CLCD+NDVI,RS_derived,ESA_WorldCover_2021_v200,Hansen_GFC2024v1.12_treecover2000,Landsat_C2_L2_GEE,CLCD_v01_zenodo.18180184,2026-06-10
SAIH_AFF_r28c14,117.041436,42.342389,0,partial_forest,0.3856,0.4893,0.01738,0.01241,0.2495,0.9803,0,0,early_restoration,rising,regimeC_v0_CLCD+NDVI,RS_derived,ESA_WorldCover_2021_v200,Hansen_GFC2024v1.12_treecover2000,Landsat_C2_L2_GEE,CLCD_v01_zenodo.18180184,2026-06-10
SAIH_AFF_r28c15,117.053487,42.342389,0,partial_forest,0.4223,0.498,0.01655,0.00872,0.172,0.9597,0,0,early_restoration,rising,regimeC_v0_CLCD+NDVI,RS_derived,ESA_WorldCover_2021_v200,Hansen_GFC2024v1.12_treecover2000,Landsat_C2_L2_GEE,CLCD_v01_zenodo.18180184,2026-06-10
SAIH_AFF_r28c16,117.065538,42.342389,0,non_forest,0.2811,0.3885,0.01428,0.00945,0.1947,0.9422,0,0,early_restoration,rising,regimeC_v0_CLCD+NDVI,RS_derived,ESA_WorldCover_2021_v200,Hansen_GFC2024v1.12_treecover2000,Landsat_C2_L2_GEE,CLCD_v01_zenodo.18180184,2026-06-10
SAIH_AFF_r28c17,117.077588,42.342389,0,non_forest,0.1861,0.1951,0.00585,0.00578,0.1311,0.9702,2011,0,degraded,rising,regimeC_v0_CLCD+NDVI,RS_derived,ESA_WorldCover_2021_v200,Hansen_GFC2024v1.12_treecover2000,Landsat_C2_L2_GEE,CLCD_v01_zenodo.18180184,2026-06-10
SAIH_AFF_r28c18,117.089639,42.342389,0,partial_forest,0.3461,0.3674,0.00754,0.00633,0.1348,0.9807,2011,0,early_restoration,rising,regimeC_v0_CLCD+NDVI,RS_derived,ESA_WorldCover_2021_v200,Hansen_GFC2024v1.12_treecover2000,Landsat_C2_L2_GEE,CLCD_v01_zenodo.18180184,2026-06-10
SAIH_AFF_r28c19,117.10169,42.342389,0,non_forest,0.1929,0.2289,0.00579,0.00688,0.1516,0.9803,0,0,degraded,rising,regimeC_v0_CLCD+NDVI,RS_derived,ESA_WorldCover_2021_v200,Hansen_GFC2024v1.12_treecover2000,Landsat_C2_L2_GEE,CLCD_v01_zenodo.18180184,2026-06-10
SAIH_AFF_r28c23,117.149893,42.342389,2018,partial_forest,0.5389,0.5607,0.00539,0.00693,0.163,0.9575,2012,0,early_restoration,rising,regimeC_v0_CLCD+NDVI,RS_derived,ESA_WorldCover_2021_v200,Hansen_GFC2024v1.12_treecover2000,Landsat_C2_L2_GEE,CLCD_v01_zenodo.18180184,2026-06-10
SAIH_AFF_r28c24,117.161944,42.342389,2022,afforested,0.5097,0.5545,0.0247,0.00991,0.2132,0.9777,0,0,early_restoration,rising,regimeC_v0_CLCD+NDVI,RS_derived,ESA_WorldCover_2021_v200,Hansen_GFC2024v1.12_treecover2000,Landsat_C2_L2_GEE,CLCD_v01_zenodo.18180184,2026-06-10
SAIH_AFF_r28c25,117.173995,42.342389,2016,afforested,0.6142,0.6437,0.02911,0.01156,0.2512,0.9677,0,0,early_restoration,rising,regimeC_v0_CLCD+NDVI,RS_derived,ESA_WorldCover_2021_v200,Hansen_GFC2024v1.12_treecover2000,Landsat_C2_L2_GEE,CLCD_v01_zenodo.18180184,2026-06-10
SAIH_AFF_r28c26,117.186045,42.342389,2012,afforested,0.6378,0.6689,0.01629,0.00788,0.1919,0.9738,0,0,stable_restoration,rising,regimeC_v0_CLCD+NDVI,RS_derived,ESA_WorldCover_2021_v200,Hansen_GFC2024v1.12_treecover2000,Landsat_C2_L2_GEE,CLCD_v01_zenodo.18180184,2026-06-10
SAIH_AFF_r28c27,117.198096,42.342389,0,partial_forest,0.3347,0.3559,0.01357,0.00722,0.1656,0.9626,2004,0,early_restoration,rising,regimeC_v0_CLCD+NDVI,RS_derived,ESA_WorldCover_2021_v200,Hansen_GFC2024v1.12_treecover2000,Landsat_C2_L2_GEE,CLCD_v01_zenodo.18180184,2026-06-10
SAIH_AFF_r28c28,117.210147,42.342389,2025,partial_forest,0.4948,0.519,0.02287,0.01081,0.2452,0.9436,2012,0,early_restoration,rising,regimeC_v0_CLCD+NDVI,RS_derived,ESA_WorldCover_2021_v200,Hansen_GFC2024v1.12_treecover2000,Landsat_C2_L2_GEE,CLCD_v01_zenodo.18180184,2026-06-10
SAIH_AFF_r28c29,117.222198,42.342389,2015,afforested,0.5798,0.6071,0.0333,0.01211,0.2807,0.9877,0,0,early_restoration,rising,regimeC_v0_CLCD+NDVI,RS_derived,ESA_WorldCover_2021_v200,Hansen_GFC2024v1.12_treecover2000,Landsat_C2_L2_GEE,CLCD_v01_zenodo.18180184,2026-06-10
SAIH_AFF_r28c30,117.234248,42.342389,0,partial_forest,0.3362,0.3616,0.01841,0.0105,0.2573,0.9708,0,0,early_restoration,rising,regimeC_v0_CLCD+NDVI,RS_derived,ESA_WorldCover_2021_v200,Hansen_GFC2024v1.12_treecover2000,Landsat_C2_L2_GEE,CLCD_v01_zenodo.18180184,2026-06-10
SAIH_AFF_r28c31,117.246299,42.342389,0,partial_forest,0.4186,0.4452,0.02117,0.00864,0.2088,0.9617,2012,0,early_restoration,rising,regimeC_v0_CLCD+NDVI,RS_derived,ESA_WorldCover_2021_v200,Hansen_GFC2024v1.12_treecover2000,Landsat_C2_L2_GEE,CLCD_v01_zenodo.18180184,2026-06-10
SAIH_AFF_r28c32,117.25835,42.342389,0,non_forest,0.1737,0.1963,0.00625,0.00541,0.1532,0.974,2011,0,degraded,rising,regimeC_v0_CLCD+NDVI,RS_derived,ESA_WorldCover_2021_v200,Hansen_GFC2024v1.12_treecover2000,Landsat_C2_L2_GEE,CLCD_v01_zenodo.18180184,2026-06-10
SAIH_AFF_r28c33,117.270401,42.342389,0,non_forest,0.0246,0.028,0.00062,0.00507,0.1611,0.9624,2012,0,degraded,rising,regimeC_v0_CLCD+NDVI,RS_derived,ESA_WorldCover_2021_v200,Hansen_GFC2024v1.12_treecover2000,Landsat_C2_L2_GEE,CLCD_v01_zenodo.18180184,2026-06-10
SAIH_AFF_r28c34,117.282452,42.342389,0,non_forest,0.1622,0.1734,0.00927,0.0087,0.2158,0.9771,0,0,degraded,rising,regimeC_v0_CLCD+NDVI,RS_derived,ESA_WorldCover_2021_v200,Hansen_GFC2024v1.12_treecover2000,Landsat_C2_L2_GEE,CLCD_v01_zenodo.18180184,2026-06-10
SAIH_AFF_r28c35,117.294502,42.342389,0,partial_forest,0.322,0.3432,0.01775,0.00847,0.2034,0.9586,0,0,early_restoration,rising,regimeC_v0_CLCD+NDVI,RS_derived,ESA_WorldCover_2021_v200,Hansen_GFC2024v1.12_treecover2000,Landsat_C2_L2_GEE,CLCD_v01_zenodo.18180184,2026-06-10
SAIH_AFF_r28c36,117.306553,42.342389,2015,afforested,0.6485,0.6717,0.03312,0.0133,0.2869,0.9562,0,0,stable_restoration,rising,regimeC_v0_CLCD+NDVI,RS_derived,ESA_WorldCover_2021_v200,Hansen_GFC2024v1.12_treecover2000,Landsat_C2_L2_GEE,CLCD_v01_zenodo.18180184,2026-06-10
SAIH_AFF_r28c37,117.318604,42.342389,0,partial_forest,0.4349,0.4567,0.01285,0.00857,0.21,0.963,2011,0,early_restoration,rising,regimeC_v0_CLCD+NDVI,RS_derived,ESA_WorldCover_2021_v200,Hansen_GFC2024v1.12_treecover2000,Landsat_C2_L2_GEE,CLCD_v01_zenodo.18180184,2026-06-10
SAIH_AFF_r28c38,117.330655,42.342389,2025,partial_forest,0.4838,0.5195,0.0267,0.00943,0.2247,0.9787,2012,0,early_restoration,rising,regimeC_v0_CLCD+NDVI,RS_derived,ESA_WorldCover_2021_v200,Hansen_GFC2024v1.12_treecover2000,Landsat_C2_L2_GEE,CLCD_v01_zenodo.18180184,2026-06-10
SAIH_AFF_r28c39,117.342705,42.342389,0,partial_forest,0.4244,0.4474,0.01653,0.00823,0.204,0.9658,0,0,early_restoration,rising,regimeC_v0_CLCD+NDVI,RS_derived,ESA_WorldCover_2021_v200,Hansen_GFC2024v1.12_treecover2000,Landsat_C2_L2_GEE,CLCD_v01_zenodo.18180184,2026-06-10
SAIH_AFF_r28c40,117.354756,42.342389,0,non_forest,0.2921,0.3145,0.01115,0.00892,0.2106,0.9626,0,0,degraded,rising,regimeC_v0_CLCD+NDVI,RS_derived,ESA_WorldCover_2021_v200,Hansen_GFC2024v1.12_treecover2000,Landsat_C2_L2_GEE,CLCD_v01_zenodo.18180184,2026-06-10
SAIH_AFF_r28c41,117.366807,42.342389,2015,partial_forest,0.5676,0.5911,0.01153,0.0082,0.2095,0.9727,2019,0,early_restoration,rising,regimeC_v0_CLCD+NDVI,RS_derived,ESA_WorldCover_2021_v200,Hansen_GFC2024v1.12_treecover2000,Landsat_C2_L2_GEE,CLCD_v01_zenodo.18180184,2026-06-10
SAIH_AFF_r28c42,117.378858,42.342389,2015,afforested,0.5721,0.5968,0.02418,0.00971,0.2294,0.9784,2024,0,early_restoration,rising,regimeC_v0_CLCD+NDVI,RS_derived,ESA_WorldCover_2021_v200,Hansen_GFC2024v1.12_treecover2000,Landsat_C2_L2_GEE,CLCD_v01_zenodo.18180184,2026-06-10
SAIH_AFF_r28c43,117.390908,42.342389,2006,afforested,0.7792,0.8109,0.02412,0.00698,0.1646,0.9864,2014,0,stable_restoration,rising,regimeC_v0_CLCD+NDVI,RS_derived,ESA_WorldCover_2021_v200,Hansen_GFC2024v1.12_treecover2000,Landsat_C2_L2_GEE,CLCD_v01_zenodo.18180184,2026-06-10
SAIH_AFF_r28c44,117.402959,42.342389,1991,partial_forest,0.6349,0.6803,0.00504,0.00646,0.1595,0.9735,2015,0,stable_restoration,rising,regimeC_v0_CLCD+NDVI,RS_derived,ESA_WorldCover_2021_v200,Hansen_GFC2024v1.12_treecover2000,Landsat_C2_L2_GEE,CLCD_v01_zenodo.18180184,2026-06-10
SAIH_AFF_r28c45,117.41501,42.342389,1985,stable_forest,0.9423,0.9875,0.00027,0.00441,0.1201,0.989,2019,1,stable_restoration,rising,regimeC_v0_CLCD+NDVI,RS_derived,ESA_WorldCover_2021_v200,Hansen_GFC2024v1.12_treecover2000,Landsat_C2_L2_GEE,CLCD_v01_zenodo.18180184,2026-06-10
SAIH_AFF_r28c46,117.427061,42.342389,1985,stable_forest,0.9641,0.9945,0.0023,0.00463,0.1151,0.9729,2019,1,stable_restoration,rising,regimeC_v0_CLCD+NDVI,RS_derived,ESA_WorldCover_2021_v200,Hansen_GFC2024v1.12_treecover2000,Landsat_C2_L2_GEE,CLCD_v01_zenodo.18180184,2026-06-10
SAIH_AFF_r28c47,117.439112,42.342389,1985,stable_forest,0.894,0.9276,0.00213,0.0064,0.1509,0.9725,2016,0,stable_restoration,rising,regimeC_v0_CLCD+NDVI,RS_derived,ESA_WorldCover_2021_v200,Hansen_GFC2024v1.12_treecover2000,Landsat_C2_L2_GEE,CLCD_v01_zenodo.18180184,2026-06-10
SAIH_AFF_r28c48,117.451162,42.342389,1985,stable_forest,0.9388,0.9745,0.00368,0.00696,0.1573,0.9767,0,0,stable_restoration,rising,regimeC_v0_CLCD+NDVI,RS_derived,ESA_WorldCover_2021_v200,Hansen_GFC2024v1.12_treecover2000,Landsat_C2_L2_GEE,CLCD_v01_zenodo.18180184,2026-06-10
SAIH_AFF_r28c49,117.463213,42.342389,1985,stable_forest,0.9823,1.0203,0.00166,0.00758,0.1719,0.9728,0,0,stable_restoration,rising,regimeC_v0_CLCD+NDVI,RS_derived,ESA_WorldCover_2021_v200,Hansen_GFC2024v1.12_treecover2000,Landsat_C2_L2_GEE,CLCD_v01_zenodo.18180184,2026-06-10
SAIH_AFF_r28c50,117.475264,42.342389,1985,stable_forest,0.8984,0.9337,0.00102,0.00785,0.1835,0.9748,2011,0,stable_restoration,rising,regimeC_v0_CLCD+NDVI,RS_derived,ESA_WorldCover_2021_v200,Hansen_GFC2024v1.12_treecover2000,Landsat_C2_L2_GEE,CLCD_v01_zenodo.18180184,2026-06-10
SAIH_AFF_r28c51,117.487315,42.342389,1985,stable_forest,0.9321,0.9722,0.0033,0.00946,0.2004,0.9647,2001,0,stable_restoration,rising,regimeC_v0_CLCD+NDVI,RS_derived,ESA_WorldCover_2021_v200,Hansen_GFC2024v1.12_treecover2000,Landsat_C2_L2_GEE,CLCD_v01_zenodo.18180184,2026-06-10
SAIH_AFF_r28c52,117.499365,42.342389,1985,stable_forest,0.8648,0.9046,0.00441,0.00755,0.1622,0.9637,2013,0,stable_restoration,rising,regimeC_v0_CLCD+NDVI,RS_derived,ESA_WorldCover_2021_v200,Hansen_GFC2024v1.12_treecover2000,Landsat_C2_L2_GEE,CLCD_v01_zenodo.18180184,2026-06-10
SAIH_AFF_r28c53,117.511416,42.342389,1985,stable_forest,0.84,0.8801,0.00219,0.00598,0.1144,0.9686,2020,1,stable_restoration,rising,regimeC_v0_CLCD+NDVI,RS_derived,ESA_WorldCover_2021_v200,Hansen_GFC2024v1.12_treecover2000,Landsat_C2_L2_GEE,CLCD_v01_zenodo.18180184,2026-06-10
SAIH_AFF_r28c54,117.523467,42.342389,1985,stable_forest,0.896,0.9613,0.00368,0.00982,0.1941,0.9767,2012,0,stable_restoration,rising,regimeC_v0_CLCD+NDVI,RS_derived,ESA_WorldCover_2021_v200,Hansen_GFC2024v1.12_treecover2000,Landsat_C2_L2_GEE,CLCD_v01_zenodo.18180184,2026-06-10
SAIH_AFF_r28c55,117.535518,42.342389,1985,stable_forest,0.8224,0.9202,0.00582,0.01018,0.2296,0.9874,2011,0,stable_restoration,rising,regimeC_v0_CLCD+NDVI,RS_derived,ESA_WorldCover_2021_v200,Hansen_GFC2024v1.12_treecover2000,Landsat_C2_L2_GEE,CLCD_v01_zenodo.18180184,2026-06-10
SAIH_AFF_r28c56,117.547568,42.342389,1985,stable_forest,0.8138,0.9556,-0.00395,0.00392,0.0889,0.9763,2011,0,stable_restoration,rising,regimeC_v0_CLCD+NDVI,RS_derived,ESA_WorldCover_2021_v200,Hansen_GFC2024v1.12_treecover2000,Landsat_C2_L2_GEE,CLCD_v01_zenodo.18180184,2026-06-10
SAIH_AFF_r28c57,117.559619,42.342389,2000,partial_forest,0.6432,0.6724,0.00725,0.00867,0.1647,0.97,2011,0,stable_restoration,rising,regimeC_v0_CLCD+NDVI,RS_derived,ESA_WorldCover_2021_v200,Hansen_GFC2024v1.12_treecover2000,Landsat_C2_L2_GEE,CLCD_v01_zenodo.18180184,2026-06-10
SAIH_AFF_r28c58,117.57167,42.342389,1985,stable_forest,0.7808,0.8114,0.00357,0.00843,0.1538,0.9837,2011,0,stable_restoration,rising,regimeC_v0_CLCD+NDVI,RS_derived,ESA_WorldCover_2021_v200,Hansen_GFC2024v1.12_treecover2000,Landsat_C2_L2_GEE,CLCD_v01_zenodo.18180184,2026-06-10
SAIH_AFF_r28c59,117.583721,42.342389,0,partial_forest,0.4964,0.5173,0.00282,0.00916,0.1731,0.9713,0,0,early_restoration,rising,regimeC_v0_CLCD+NDVI,RS_derived,ESA_WorldCover_2021_v200,Hansen_GFC2024v1.12_treecover2000,Landsat_C2_L2_GEE,CLCD_v01_zenodo.18180184,2026-06-10
SAIH_AFF_r28c60,117.595772,42.342389,1985,stable_forest,0.8645,0.8989,0.00576,0.00986,0.185,0.9806,0,0,stable_restoration,rising,regimeC_v0_CLCD+NDVI,RS_derived,ESA_WorldCover_2021_v200,Hansen_GFC2024v1.12_treecover2000,Landsat_C2_L2_GEE,CLCD_v01_zenodo.18180184,2026-06-10
SAIH_AFF_r28c61,117.607822,42.342389,2019,afforested,0.5428,0.5728,0.01871,0.01104,0.2232,0.9817,2008,0,early_restoration,rising,regimeC_v0_CLCD+NDVI,RS_derived,ESA_WorldCover_2021_v200,Hansen_GFC2024v1.12_treecover2000,Landsat_C2_L2_GEE,CLCD_v01_zenodo.18180184,2026-06-10
SAIH_AFF_r28c62,117.619873,42.342389,2018,afforested,0.5665,0.6082,0.03006,0.01495,0.2982,0.9694,0,0,early_restoration,rising,regimeC_v0_CLCD+NDVI,RS_derived,ESA_WorldCover_2021_v200,Hansen_GFC2024v1.12_treecover2000,Landsat_C2_L2_GEE,CLCD_v01_zenodo.18180184,2026-06-10
SAIH_AFF_r28c63,117.631924,42.342389,0,non_forest,0.1828,0.1934,0.00476,0.01096,0.2229,0.9485,0,0,degraded,rising,regimeC_v0_CLCD+NDVI,RS_derived,ESA_WorldCover_2021_v200,Hansen_GFC2024v1.12_treecover2000,Landsat_C2_L2_GEE,CLCD_v01_zenodo.18180184,2026-06-10
SAIH_AFF_r28c64,117.643975,42.342389,2009,partial_forest,0.6763,0.7049,0.01489,0.01358,0.2582,0.9687,2020,0,stable_restoration,rising,regimeC_v0_CLCD+NDVI,RS_derived,ESA_WorldCover_2021_v200,Hansen_GFC2024v1.12_treecover2000,Landsat_C2_L2_GEE,CLCD_v01_zenodo.18180184,2026-06-10
SAIH_AFF_r29c02,116.896827,42.33335,0,non_forest,0.1363,0.1608,0.00717,0.01095,0.221,0.9725,2024,0,degraded,rising,regimeC_v0_CLCD+NDVI,RS_derived,ESA_WorldCover_2021_v200,Hansen_GFC2024v1.12_treecover2000,Landsat_C2_L2_GEE,CLCD_v01_zenodo.18180184,2026-06-10
SAIH_AFF_r29c04,116.920928,42.33335,0,non_forest,0.1983,0.2238,0.0102,0.01042,0.2169,0.9755,0,0,degraded,rising,regimeC_v0_CLCD+NDVI,RS_derived,ESA_WorldCover_2021_v200,Hansen_GFC2024v1.12_treecover2000,Landsat_C2_L2_GEE,CLCD_v01_zenodo.18180184,2026-06-10
SAIH_AFF_r29c06,116.94503,42.33335,0,non_forest,0.1808,0.2209,0.00915,0.01223,0.2605,0.968,0,0,degraded,rising,regimeC_v0_CLCD+NDVI,RS_derived,ESA_WorldCover_2021_v200,Hansen_GFC2024v1.12_treecover2000,Landsat_C2_L2_GEE,CLCD_v01_zenodo.18180184,2026-06-10
SAIH_AFF_r29c10,116.993233,42.33335,0,non_forest,0.2107,0.2361,0.01105,0.00985,0.1897,0.9654,0,0,degraded,rising,regimeC_v0_CLCD+NDVI,RS_derived,ESA_WorldCover_2021_v200,Hansen_GFC2024v1.12_treecover2000,Landsat_C2_L2_GEE,CLCD_v01_zenodo.18180184,2026-06-10
SAIH_AFF_r29c11,117.005284,42.33335,0,partial_forest,0.3253,0.3748,0.012,0.00866,0.1588,0.9711,2011,0,early_restoration,rising,regimeC_v0_CLCD+NDVI,RS_derived,ESA_WorldCover_2021_v200,Hansen_GFC2024v1.12_treecover2000,Landsat_C2_L2_GEE,CLCD_v01_zenodo.18180184,2026-06-10
SAIH_AFF_r29c12,117.017335,42.33335,0,partial_forest,0.3981,0.4194,0.00947,0.00613,0.1142,0.9825,0,0,early_restoration,rising,regimeC_v0_CLCD+NDVI,RS_derived,ESA_WorldCover_2021_v200,Hansen_GFC2024v1.12_treecover2000,Landsat_C2_L2_GEE,CLCD_v01_zenodo.18180184,2026-06-10
SAIH_AFF_r29c15,117.053487,42.33335,0,partial_forest,0.3092,0.3297,0.00705,0.00772,0.1501,0.9671,0,0,degraded,rising,regimeC_v0_CLCD+NDVI,RS_derived,ESA_WorldCover_2021_v200,Hansen_GFC2024v1.12_treecover2000,Landsat_C2_L2_GEE,CLCD_v01_zenodo.18180184,2026-06-10
SAIH_AFF_r29c22,117.137842,42.33335,0,non_forest,0.2718,0.2901,0.00376,0.0069,0.1519,0.9732,2004,0,degraded,rising,regimeC_v0_CLCD+NDVI,RS_derived,ESA_WorldCover_2021_v200,Hansen_GFC2024v1.12_treecover2000,Landsat_C2_L2_GEE,CLCD_v01_zenodo.18180184,2026-06-10
SAIH_AFF_r29c23,117.149893,42.33335,0,non_forest,0.2319,0.2449,0.00475,0.00654,0.1409,0.9775,0,0,degraded,rising,regimeC_v0_CLCD+NDVI,RS_derived,ESA_WorldCover_2021_v200,Hansen_GFC2024v1.12_treecover2000,Landsat_C2_L2_GEE,CLCD_v01_zenodo.18180184,2026-06-10
SAIH_AFF_r29c24,117.161944,42.33335,0,partial_forest,0.3161,0.3537,0.01632,0.01086,0.2261,0.9639,0,0,early_restoration,rising,regimeC_v0_CLCD+NDVI,RS_derived,ESA_WorldCover_2021_v200,Hansen_GFC2024v1.12_treecover2000,Landsat_C2_L2_GEE,CLCD_v01_zenodo.18180184,2026-06-10
SAIH_AFF_r29c25,117.173995,42.33335,2016,afforested,0.5982,0.655,0.02817,0.01188,0.2479,0.9774,0,0,early_restoration,rising,regimeC_v0_CLCD+NDVI,RS_derived,ESA_WorldCover_2021_v200,Hansen_GFC2024v1.12_treecover2000,Landsat_C2_L2_GEE,CLCD_v01_zenodo.18180184,2026-06-10
SAIH_AFF_r29c26,117.186045,42.33335,0,partial_forest,0.3458,0.3657,0.01376,0.00732,0.18,0.9685,0,0,early_restoration,rising,regimeC_v0_CLCD+NDVI,RS_derived,ESA_WorldCover_2021_v200,Hansen_GFC2024v1.12_treecover2000,Landsat_C2_L2_GEE,CLCD_v01_zenodo.18180184,2026-06-10
SAIH_AFF_r29c27,117.198096,42.33335,0,partial_forest,0.4515,0.4733,0.0138,0.00621,0.1429,0.9653,0,0,early_restoration,rising,regimeC_v0_CLCD+NDVI,RS_derived,ESA_WorldCover_2021_v200,Hansen_GFC2024v1.12_treecover2000,Landsat_C2_L2_GEE,CLCD_v01_zenodo.18180184,2026-06-10
SAIH_AFF_r29c28,117.210147,42.33335,2015,afforested,0.551,0.5859,0.01949,0.00858,0.1937,0.97,2014,0,early_restoration,rising,regimeC_v0_CLCD+NDVI,RS_derived,ESA_WorldCover_2021_v200,Hansen_GFC2024v1.12_treecover2000,Landsat_C2_L2_GEE,CLCD_v01_zenodo.18180184,2026-06-10
SAIH_AFF_r29c29,117.222198,42.33335,2015,afforested,0.645,0.7078,0.02502,0.00949,0.2278,0.969,0,0,stable_restoration,rising,regimeC_v0_CLCD+NDVI,RS_derived,ESA_WorldCover_2021_v200,Hansen_GFC2024v1.12_treecover2000,Landsat_C2_L2_GEE,CLCD_v01_zenodo.18180184,2026-06-10
SAIH_AFF_r29c30,117.234248,42.33335,2015,afforested,0.664,0.7279,0.0332,0.01181,0.2728,0.9569,0,0,stable_restoration,rising,regimeC_v0_CLCD+NDVI,RS_derived,ESA_WorldCover_2021_v200,Hansen_GFC2024v1.12_treecover2000,Landsat_C2_L2_GEE,CLCD_v01_zenodo.18180184,2026-06-10
SAIH_AFF_r29c31,117.246299,42.33335,2025,partial_forest,0.4842,0.5202,0.02752,0.01096,0.2576,0.963,0,0,early_restoration,rising,regimeC_v0_CLCD+NDVI,RS_derived,ESA_WorldCover_2021_v200,Hansen_GFC2024v1.12_treecover2000,Landsat_C2_L2_GEE,CLCD_v01_zenodo.18180184,2026-06-10
SAIH_AFF_r29c32,117.25835,42.33335,2015,afforested,0.5415,0.5728,0.03086,0.01075,0.2557,0.9839,0,0,early_restoration,rising,regimeC_v0_CLCD+NDVI,RS_derived,ESA_WorldCover_2021_v200,Hansen_GFC2024v1.12_treecover2000,Landsat_C2_L2_GEE,CLCD_v01_zenodo.18180184,2026-06-10
SAIH_AFF_r29c33,117.270401,42.33335,0,partial_forest,0.3295,0.3565,0.01777,0.00916,0.2474,0.9608,0,0,early_restoration,rising,regimeC_v0_CLCD+NDVI,RS_derived,ESA_WorldCover_2021_v200,Hansen_GFC2024v1.12_treecover2000,Landsat_C2_L2_GEE,CLCD_v01_zenodo.18180184,2026-06-10
SAIH_AFF_r29c34,117.282452,42.33335,0,partial_forest,0.3989,0.4126,0.02217,0.00795,0.201,0.9644,0,0,early_restoration,rising,regimeC_v0_CLCD+NDVI,RS_derived,ESA_WorldCover_2021_v200,Hansen_GFC2024v1.12_treecover2000,Landsat_C2_L2_GEE,CLCD_v01_zenodo.18180184,2026-06-10
SAIH_AFF_r29c36,117.306553,42.33335,0,partial_forest,0.3096,0.3605,0.01002,0.00806,0.1785,0.9712,0,0,early_restoration,rising,regimeC_v0_CLCD+NDVI,RS_derived,ESA_WorldCover_2021_v200,Hansen_GFC2024v1.12_treecover2000,Landsat_C2_L2_GEE,CLCD_v01_zenodo.18180184,2026-06-10
SAIH_AFF_r29c38,117.330655,42.33335,0,partial_forest,0.3258,0.3233,0.01459,0.00923,0.234,0.9559,2004,0,degraded,rising,regimeC_v0_CLCD+NDVI,RS_derived,ESA_WorldCover_2021_v200,Hansen_GFC2024v1.12_treecover2000,Landsat_C2_L2_GEE,CLCD_v01_zenodo.18180184,2026-06-10
SAIH_AFF_r29c40,117.354756,42.33335,2016,afforested,0.6427,0.6931,0.0312,0.01291,0.2708,0.973,0,0,stable_restoration,rising,regimeC_v0_CLCD+NDVI,RS_derived,ESA_WorldCover_2021_v200,Hansen_GFC2024v1.12_treecover2000,Landsat_C2_L2_GEE,CLCD_v01_zenodo.18180184,2026-06-10
SAIH_AFF_r29c41,117.366807,42.33335,2015,afforested,0.6087,0.6375,0.0282,0.01148,0.257,0.9774,0,0,early_restoration,rising,regimeC_v0_CLCD+NDVI,RS_derived,ESA_WorldCover_2021_v200,Hansen_GFC2024v1.12_treecover2000,Landsat_C2_L2_GEE,CLCD_v01_zenodo.18180184,2026-06-10
SAIH_AFF_r29c42,117.378858,42.33335,2010,afforested,0.7187,0.7479,0.03183,0.00945,0.2184,0.9852,0,0,stable_restoration,rising,regimeC_v0_CLCD+NDVI,RS_derived,ESA_WorldCover_2021_v200,Hansen_GFC2024v1.12_treecover2000,Landsat_C2_L2_GEE,CLCD_v01_zenodo.18180184,2026-06-10
SAIH_AFF_r29c43,117.390908,42.33335,2015,afforested,0.5857,0.6243,0.02599,0.01008,0.2354,0.9755,0,0,early_restoration,rising,regimeC_v0_CLCD+NDVI,RS_derived,ESA_WorldCover_2021_v200,Hansen_GFC2024v1.12_treecover2000,Landsat_C2_L2_GEE,CLCD_v01_zenodo.18180184,2026-06-10
SAIH_AFF_r29c44,117.402959,42.33335,0,partial_forest,0.3245,0.3622,0.00889,0.00804,0.1967,0.9591,2012,0,early_restoration,rising,regimeC_v0_CLCD+NDVI,RS_derived,ESA_WorldCover_2021_v200,Hansen_GFC2024v1.12_treecover2000,Landsat_C2_L2_GEE,CLCD_v01_zenodo.18180184,2026-06-10
SAIH_AFF_r29c45,117.41501,42.33335,1985,stable_forest,0.7966,0.854,0.00325,0.00444,0.1276,0.9793,2014,0,stable_restoration,rising,regimeC_v0_CLCD+NDVI,RS_derived,ESA_WorldCover_2021_v200,Hansen_GFC2024v1.12_treecover2000,Landsat_C2_L2_GEE,CLCD_v01_zenodo.18180184,2026-06-10
SAIH_AFF_r29c46,117.427061,42.33335,1985,stable_forest,0.9735,1.0111,0.00331,0.00773,0.1704,0.983,2017,0,stable_restoration,rising,regimeC_v0_CLCD+NDVI,RS_derived,ESA_WorldCover_2021_v200,Hansen_GFC2024v1.12_treecover2000,Landsat_C2_L2_GEE,CLCD_v01_zenodo.18180184,2026-06-10
SAIH_AFF_r29c47,117.439112,42.33335,1985,stable_forest,0.9875,1.0272,0.00166,0.00796,0.175,0.9829,2001,0,stable_restoration,rising,regimeC_v0_CLCD+NDVI,RS_derived,ESA_WorldCover_2021_v200,Hansen_GFC2024v1.12_treecover2000,Landsat_C2_L2_GEE,CLCD_v01_zenodo.18180184,2026-06-10
SAIH_AFF_r29c48,117.451162,42.33335,1985,stable_forest,0.9801,1.0168,0.00116,0.00641,0.1501,0.9855,2019,1,stable_restoration,rising,regimeC_v0_CLCD+NDVI,RS_derived,ESA_WorldCover_2021_v200,Hansen_GFC2024v1.12_treecover2000,Landsat_C2_L2_GEE,CLCD_v01_zenodo.18180184,2026-06-10
SAIH_AFF_r29c49,117.463213,42.33335,1985,stable_forest,0.9952,1.0329,0.00115,0.0067,0.1539,0.97,2021,0,stable_restoration,rising,regimeC_v0_CLCD+NDVI,RS_derived,ESA_WorldCover_2021_v200,Hansen_GFC2024v1.12_treecover2000,Landsat_C2_L2_GEE,CLCD_v01_zenodo.18180184,2026-06-10
SAIH_AFF_r29c50,117.475264,42.33335,1985,stable_forest,0.9807,1.0178,0.00079,0.00683,0.1488,0.9697,2007,0,stable_restoration,rising,regimeC_v0_CLCD+NDVI,RS_derived,ESA_WorldCover_2021_v200,Hansen_GFC2024v1.12_treecover2000,Landsat_C2_L2_GEE,CLCD_v01_zenodo.18180184,2026-06-10
SAIH_AFF_r29c51,117.487315,42.33335,1985,stable_forest,0.8251,0.8618,0.00405,0.00953,0.2063,0.9649,2013,0,stable_restoration,rising,regimeC_v0_CLCD+NDVI,RS_derived,ESA_WorldCover_2021_v200,Hansen_GFC2024v1.12_treecover2000,Landsat_C2_L2_GEE,CLCD_v01_zenodo.18180184,2026-06-10
SAIH_AFF_r29c52,117.499365,42.33335,1985,stable_forest,0.8077,0.8486,0.00415,0.0098,0.2072,0.9692,2007,0,stable_restoration,rising,regimeC_v0_CLCD+NDVI,RS_derived,ESA_WorldCover_2021_v200,Hansen_GFC2024v1.12_treecover2000,Landsat_C2_L2_GEE,CLCD_v01_zenodo.18180184,2026-06-10
SAIH_AFF_r29c53,117.511416,42.33335,1985,stable_forest,0.9018,0.9476,0.00398,0.00914,0.1791,0.9663,2005,0,stable_restoration,rising,regimeC_v0_CLCD+NDVI,RS_derived,ESA_WorldCover_2021_v200,Hansen_GFC2024v1.12_treecover2000,Landsat_C2_L2_GEE,CLCD_v01_zenodo.18180184,2026-06-10
SAIH_AFF_r29c54,117.523467,42.33335,1985,stable_forest,0.7978,0.8607,-0.00082,0.00462,0.1043,0.9599,2011,0,stable_restoration,rising,regimeC_v0_CLCD+NDVI,RS_derived,ESA_WorldCover_2021_v200,Hansen_GFC2024v1.12_treecover2000,Landsat_C2_L2_GEE,CLCD_v01_zenodo.18180184,2026-06-10
SAIH_AFF_r29c55,117.535518,42.33335,1990,partial_forest,0.755,0.7912,0.00748,0.00724,0.1473,0.9883,2011,0,stable_restoration,rising,regimeC_v0_CLCD+NDVI,RS_derived,ESA_WorldCover_2021_v200,Hansen_GFC2024v1.12_treecover2000,Landsat_C2_L2_GEE,CLCD_v01_zenodo.18180184,2026-06-10
SAIH_AFF_r29c56,117.547568,42.33335,2010,partial_forest,0.5781,0.6048,0.00742,0.00724,0.1404,0.9677,2001,0,early_restoration,rising,regimeC_v0_CLCD+NDVI,RS_derived,ESA_WorldCover_2021_v200,Hansen_GFC2024v1.12_treecover2000,Landsat_C2_L2_GEE,CLCD_v01_zenodo.18180184,2026-06-10
SAIH_AFF_r29c57,117.559619,42.33335,0,partial_forest,0.4455,0.4635,0.00125,0.00497,0.0885,0.9579,2008,0,early_restoration,rising,regimeC_v0_CLCD+NDVI,RS_derived,ESA_WorldCover_2021_v200,Hansen_GFC2024v1.12_treecover2000,Landsat_C2_L2_GEE,CLCD_v01_zenodo.18180184,2026-06-10
SAIH_AFF_r29c58,117.57167,42.33335,2014,afforested,0.686,0.7199,0.01672,0.00772,0.1431,0.9741,2024,1,stable_restoration,rising,regimeC_v0_CLCD+NDVI,RS_derived,ESA_WorldCover_2021_v200,Hansen_GFC2024v1.12_treecover2000,Landsat_C2_L2_GEE,CLCD_v01_zenodo.18180184,2026-06-10
SAIH_AFF_r29c59,117.583721,42.33335,2003,partial_forest,0.7049,0.7376,0.01112,0.01119,0.2102,0.9855,2001,0,stable_restoration,rising,regimeC_v0_CLCD+NDVI,RS_derived,ESA_WorldCover_2021_v200,Hansen_GFC2024v1.12_treecover2000,Landsat_C2_L2_GEE,CLCD_v01_zenodo.18180184,2026-06-10
SAIH_AFF_r29c60,117.595772,42.33335,0,partial_forest,0.4579,0.4756,0.00605,0.01123,0.2278,0.9718,0,0,early_restoration,rising,regimeC_v0_CLCD+NDVI,RS_derived,ESA_WorldCover_2021_v200,Hansen_GFC2024v1.12_treecover2000,Landsat_C2_L2_GEE,CLCD_v01_zenodo.18180184,2026-06-10
SAIH_AFF_r29c61,117.607822,42.33335,2013,afforested,0.6335,0.666,0.01455,0.01208,0.2459,0.9761,2008,0,stable_restoration,rising,regimeC_v0_CLCD+NDVI,RS_derived,ESA_WorldCover_2021_v200,Hansen_GFC2024v1.12_treecover2000,Landsat_C2_L2_GEE,CLCD_v01_zenodo.18180184,2026-06-10
SAIH_AFF_r29c62,117.619873,42.33335,0,non_forest,0.2625,0.2666,0.01466,0.01482,0.3065,0.9335,0,0,degraded,rising,regimeC_v0_CLCD+NDVI,RS_derived,ESA_WorldCover_2021_v200,Hansen_GFC2024v1.12_treecover2000,Landsat_C2_L2_GEE,CLCD_v01_zenodo.18180184,2026-06-10
SAIH_AFF_r29c63,117.631924,42.33335,0,non_forest,0.2961,0.3159,0.00651,0.01118,0.2153,0.9501,2008,0,degraded,rising,regimeC_v0_CLCD+NDVI,RS_derived,ESA_WorldCover_2021_v200,Hansen_GFC2024v1.12_treecover2000,Landsat_C2_L2_GEE,CLCD_v01_zenodo.18180184,2026-06-10
SAIH_AFF_r29c64,117.643975,42.33335,2009,afforested,0.5724,0.5961,0.0087,0.01144,0.2181,0.9675,2020,0,early_restoration,rising,regimeC_v0_CLCD+NDVI,RS_derived,ESA_WorldCover_2021_v200,Hansen_GFC2024v1.12_treecover2000,Landsat_C2_L2_GEE,CLCD_v01_zenodo.18180184,2026-06-10
SAIH_AFF_r30c02,116.896827,42.324311,0,non_forest,0.0765,0.1007,0.00388,0.0107,0.2131,0.979,2024,0,degraded,rising,regimeC_v0_CLCD+NDVI,RS_derived,ESA_WorldCover_2021_v200,Hansen_GFC2024v1.12_treecover2000,Landsat_C2_L2_GEE,CLCD_v01_zenodo.18180184,2026-06-10
SAIH_AFF_r30c03,116.908878,42.324311,0,non_forest,0.1032,0.1105,0.00368,0.00753,0.1569,0.9708,0,0,degraded,rising,regimeC_v0_CLCD+NDVI,RS_derived,ESA_WorldCover_2021_v200,Hansen_GFC2024v1.12_treecover2000,Landsat_C2_L2_GEE,CLCD_v01_zenodo.18180184,2026-06-10
SAIH_AFF_r30c09,116.981182,42.324311,0,partial_forest,0.3739,0.4349,0.02025,0.01092,0.2104,0.9532,0,0,early_restoration,rising,regimeC_v0_CLCD+NDVI,RS_derived,ESA_WorldCover_2021_v200,Hansen_GFC2024v1.12_treecover2000,Landsat_C2_L2_GEE,CLCD_v01_zenodo.18180184,2026-06-10
SAIH_AFF_r30c10,116.993233,42.324311,0,partial_forest,0.4456,0.4761,0.02432,0.01075,0.2022,0.9682,0,0,early_restoration,rising,regimeC_v0_CLCD+NDVI,RS_derived,ESA_WorldCover_2021_v200,Hansen_GFC2024v1.12_treecover2000,Landsat_C2_L2_GEE,CLCD_v01_zenodo.18180184,2026-06-10
SAIH_AFF_r30c12,117.017335,42.324311,1997,afforested,0.8502,0.8875,0.00559,0.0066,0.1223,0.9809,2009,0,stable_restoration,rising,regimeC_v0_CLCD+NDVI,RS_derived,ESA_WorldCover_2021_v200,Hansen_GFC2024v1.12_treecover2000,Landsat_C2_L2_GEE,CLCD_v01_zenodo.18180184,2026-06-10
SAIH_AFF_r30c13,117.029385,42.324311,0,non_forest,0.2901,0.3136,0.00736,0.00726,0.1459,0.9752,2009,0,degraded,rising,regimeC_v0_CLCD+NDVI,RS_derived,ESA_WorldCover_2021_v200,Hansen_GFC2024v1.12_treecover2000,Landsat_C2_L2_GEE,CLCD_v01_zenodo.18180184,2026-06-10
SAIH_AFF_r30c19,117.10169,42.324311,0,non_forest,0.1964,0.2243,0.00432,0.0075,0.1686,0.9687,2024,0,degraded,rising,regimeC_v0_CLCD+NDVI,RS_derived,ESA_WorldCover_2021_v200,Hansen_GFC2024v1.12_treecover2000,Landsat_C2_L2_GEE,CLCD_v01_zenodo.18180184,2026-06-10
SAIH_AFF_r30c20,117.113741,42.324311,0,partial_forest,0.414,0.429,0.00418,0.00557,0.1219,0.9632,0,0,early_restoration,rising,regimeC_v0_CLCD+NDVI,RS_derived,ESA_WorldCover_2021_v200,Hansen_GFC2024v1.12_treecover2000,Landsat_C2_L2_GEE,CLCD_v01_zenodo.18180184,2026-06-10
SAIH_AFF_r30c21,117.125792,42.324311,2017,partial_forest,0.5416,0.5648,0.0052,0.00592,0.1279,0.9749,0,0,early_restoration,rising,regimeC_v0_CLCD+NDVI,RS_derived,ESA_WorldCover_2021_v200,Hansen_GFC2024v1.12_treecover2000,Landsat_C2_L2_GEE,CLCD_v01_zenodo.18180184,2026-06-10
SAIH_AFF_r30c22,117.137842,42.324311,0,non_forest,0.2858,0.3021,0.00879,0.00587,0.1371,0.9807,2011,0,degraded,rising,regimeC_v0_CLCD+NDVI,RS_derived,ESA_WorldCover_2021_v200,Hansen_GFC2024v1.12_treecover2000,Landsat_C2_L2_GEE,CLCD_v01_zenodo.18180184,2026-06-10
SAIH_AFF_r30c23,117.149893,42.324311,0,partial_forest,0.3582,0.3788,0.01107,0.00704,0.1532,0.9929,2011,0,early_restoration,rising,regimeC_v0_CLCD+NDVI,RS_derived,ESA_WorldCover_2021_v200,Hansen_GFC2024v1.12_treecover2000,Landsat_C2_L2_GEE,CLCD_v01_zenodo.18180184,2026-06-10
SAIH_AFF_r30c24,117.161944,42.324311,0,non_forest,0.126,0.1419,0.00508,0.00643,0.1407,0.9697,0,0,degraded,rising,regimeC_v0_CLCD+NDVI,RS_derived,ESA_WorldCover_2021_v200,Hansen_GFC2024v1.12_treecover2000,Landsat_C2_L2_GEE,CLCD_v01_zenodo.18180184,2026-06-10
SAIH_AFF_r30c26,117.186045,42.324311,0,non_forest,0.2677,0.2873,0.01501,0.00867,0.1866,0.9521,2022,0,degraded,rising,regimeC_v0_CLCD+NDVI,RS_derived,ESA_WorldCover_2021_v200,Hansen_GFC2024v1.12_treecover2000,Landsat_C2_L2_GEE,CLCD_v01_zenodo.18180184,2026-06-10
SAIH_AFF_r30c27,117.198096,42.324311,0,non_forest,0.1985,0.2111,0.00474,0.00527,0.1305,0.9342,0,0,degraded,rising,regimeC_v0_CLCD+NDVI,RS_derived,ESA_WorldCover_2021_v200,Hansen_GFC2024v1.12_treecover2000,Landsat_C2_L2_GEE,CLCD_v01_zenodo.18180184,2026-06-10
SAIH_AFF_r30c28,117.210147,42.324311,0,partial_forest,0.4649,0.4995,0.02205,0.01164,0.2394,0.9563,2023,0,early_restoration,rising,regimeC_v0_CLCD+NDVI,RS_derived,ESA_WorldCover_2021_v200,Hansen_GFC2024v1.12_treecover2000,Landsat_C2_L2_GEE,CLCD_v01_zenodo.18180184,2026-06-10
SAIH_AFF_r30c29,117.222198,42.324311,0,partial_forest,0.4046,0.5029,0.01725,0.01016,0.2306,0.9543,2007,0,early_restoration,rising,regimeC_v0_CLCD+NDVI,RS_derived,ESA_WorldCover_2021_v200,Hansen_GFC2024v1.12_treecover2000,Landsat_C2_L2_GEE,CLCD_v01_zenodo.18180184,2026-06-10
SAIH_AFF_r30c30,117.234248,42.324311,0,non_forest,0.2358,0.2844,0.01019,0.00826,0.2083,0.9486,0,0,degraded,rising,regimeC_v0_CLCD+NDVI,RS_derived,ESA_WorldCover_2021_v200,Hansen_GFC2024v1.12_treecover2000,Landsat_C2_L2_GEE,CLCD_v01_zenodo.18180184,2026-06-10
SAIH_AFF_r30c31,117.246299,42.324311,0,partial_forest,0.362,0.3999,0.01594,0.00829,0.2075,0.9702,0,0,early_restoration,rising,regimeC_v0_CLCD+NDVI,RS_derived,ESA_WorldCover_2021_v200,Hansen_GFC2024v1.12_treecover2000,Landsat_C2_L2_GEE,CLCD_v01_zenodo.18180184,2026-06-10
SAIH_AFF_r30c32,117.25835,42.324311,0,partial_forest,0.3116,0.3382,0.01569,0.00787,0.2021,0.9676,0,0,early_restoration,rising,regimeC_v0_CLCD+NDVI,RS_derived,ESA_WorldCover_2021_v200,Hansen_GFC2024v1.12_treecover2000,Landsat_C2_L2_GEE,CLCD_v01_zenodo.18180184,2026-06-10
SAIH_AFF_r30c34,117.282452,42.324311,0,non_forest,0.2332,0.257,0.01328,0.01062,0.2631,0.9546,0,0,degraded,rising,regimeC_v0_CLCD+NDVI,RS_derived,ESA_WorldCover_2021_v200,Hansen_GFC2024v1.12_treecover2000,Landsat_C2_L2_GEE,CLCD_v01_zenodo.18180184,2026-06-10
SAIH_AFF_r30c35,117.294502,42.324311,0,partial_forest,0.4374,0.4795,0.01962,0.01004,0.2237,0.9647,0,0,early_restoration,rising,regimeC_v0_CLCD+NDVI,RS_derived,ESA_WorldCover_2021_v200,Hansen_GFC2024v1.12_treecover2000,Landsat_C2_L2_GEE,CLCD_v01_zenodo.18180184,2026-06-10
SAIH_AFF_r30c36,117.306553,42.324311,0,non_forest,0.25,0.2752,0.00918,0.00675,0.1622,0.952,2005,0,degraded,rising,regimeC_v0_CLCD+NDVI,RS_derived,ESA_WorldCover_2021_v200,Hansen_GFC2024v1.12_treecover2000,Landsat_C2_L2_GEE,CLCD_v01_zenodo.18180184,2026-06-10
SAIH_AFF_r30c38,117.330655,42.324311,0,non_forest,0.2879,0.2975,0.00505,0.00693,0.1811,0.9336,0,0,degraded,rising,regimeC_v0_CLCD+NDVI,RS_derived,ESA_WorldCover_2021_v200,Hansen_GFC2024v1.12_treecover2000,Landsat_C2_L2_GEE,CLCD_v01_zenodo.18180184,2026-06-10
SAIH_AFF_r30c39,117.342705,42.324311,0,non_forest,0.1967,0.2129,0.00824,0.00641,0.1697,0.9279,0,0,degraded,rising,regimeC_v0_CLCD+NDVI,RS_derived,ESA_WorldCover_2021_v200,Hansen_GFC2024v1.12_treecover2000,Landsat_C2_L2_GEE,CLCD_v01_zenodo.18180184,2026-06-10
SAIH_AFF_r30c40,117.354756,42.324311,0,partial_forest,0.4577,0.4907,0.01507,0.00784,0.19,0.9619,0,0,early_restoration,rising,regimeC_v0_CLCD+NDVI,RS_derived,ESA_WorldCover_2021_v200,Hansen_GFC2024v1.12_treecover2000,Landsat_C2_L2_GEE,CLCD_v01_zenodo.18180184,2026-06-10
SAIH_AFF_r30c41,117.366807,42.324311,2016,partial_forest,0.5984,0.6312,0.01209,0.01023,0.2335,0.9788,0,0,early_restoration,rising,regimeC_v0_CLCD+NDVI,RS_derived,ESA_WorldCover_2021_v200,Hansen_GFC2024v1.12_treecover2000,Landsat_C2_L2_GEE,CLCD_v01_zenodo.18180184,2026-06-10
SAIH_AFF_r30c42,117.378858,42.324311,2010,afforested,0.7587,0.7805,0.03714,0.01185,0.2743,0.9674,2005,0,stable_restoration,rising,regimeC_v0_CLCD+NDVI,RS_derived,ESA_WorldCover_2021_v200,Hansen_GFC2024v1.12_treecover2000,Landsat_C2_L2_GEE,CLCD_v01_zenodo.18180184,2026-06-10
SAIH_AFF_r30c43,117.390908,42.324311,0,partial_forest,0.4879,0.5059,0.02315,0.01133,0.2633,0.9644,0,0,early_restoration,rising,regimeC_v0_CLCD+NDVI,RS_derived,ESA_WorldCover_2021_v200,Hansen_GFC2024v1.12_treecover2000,Landsat_C2_L2_GEE,CLCD_v01_zenodo.18180184,2026-06-10
SAIH_AFF_r30c44,117.402959,42.324311,0,non_forest,0.2263,0.2449,0.01243,0.00986,0.2304,0.9589,2005,0,degraded,rising,regimeC_v0_CLCD+NDVI,RS_derived,ESA_WorldCover_2021_v200,Hansen_GFC2024v1.12_treecover2000,Landsat_C2_L2_GEE,CLCD_v01_zenodo.18180184,2026-06-10
SAIH_AFF_r30c45,117.41501,42.324311,2016,partial_forest,0.5041,0.5311,0.00682,0.00567,0.127,0.9817,2012,0,early_restoration,rising,regimeC_v0_CLCD+NDVI,RS_derived,ESA_WorldCover_2021_v200,Hansen_GFC2024v1.12_treecover2000,Landsat_C2_L2_GEE,CLCD_v01_zenodo.18180184,2026-06-10
SAIH_AFF_r30c46,117.427061,42.324311,1985,stable_forest,0.88,0.883,0.00665,0.00442,0.1069,0.9695,2019,1,stable_restoration,rising,regimeC_v0_CLCD+NDVI,RS_derived,ESA_WorldCover_2021_v200,Hansen_GFC2024v1.12_treecover2000,Landsat_C2_L2_GEE,CLCD_v01_zenodo.18180184,2026-06-10
SAIH_AFF_r30c47,117.439112,42.324311,1985,stable_forest,0.9271,0.9636,0.00203,0.00529,0.1254,0.9796,2021,0,stable_restoration,rising,regimeC_v0_CLCD+NDVI,RS_derived,ESA_WorldCover_2021_v200,Hansen_GFC2024v1.12_treecover2000,Landsat_C2_L2_GEE,CLCD_v01_zenodo.18180184,2026-06-10
SAIH_AFF_r30c48,117.451162,42.324311,1985,stable_forest,0.9726,1.0088,0.00014,0.00501,0.1208,0.9679,2022,1,stable_restoration,rising,regimeC_v0_CLCD+NDVI,RS_derived,ESA_WorldCover_2021_v200,Hansen_GFC2024v1.12_treecover2000,Landsat_C2_L2_GEE,CLCD_v01_zenodo.18180184,2026-06-10
SAIH_AFF_r30c49,117.463213,42.324311,1985,stable_forest,0.9767,1.0128,0.00433,0.00646,0.1414,0.9802,2022,1,stable_restoration,rising,regimeC_v0_CLCD+NDVI,RS_derived,ESA_WorldCover_2021_v200,Hansen_GFC2024v1.12_treecover2000,Landsat_C2_L2_GEE,CLCD_v01_zenodo.18180184,2026-06-10
SAIH_AFF_r30c50,117.475264,42.324311,1985,stable_forest,0.919,0.9567,0.00437,0.00743,0.1558,0.9741,2021,0,stable_restoration,rising,regimeC_v0_CLCD+NDVI,RS_derived,ESA_WorldCover_2021_v200,Hansen_GFC2024v1.12_treecover2000,Landsat_C2_L2_GEE,CLCD_v01_zenodo.18180184,2026-06-10
SAIH_AFF_r30c51,117.487315,42.324311,1985,stable_forest,0.9083,0.9624,0.00481,0.00816,0.1896,0.9686,2013,0,stable_restoration,rising,regimeC_v0_CLCD+NDVI,RS_derived,ESA_WorldCover_2021_v200,Hansen_GFC2024v1.12_treecover2000,Landsat_C2_L2_GEE,CLCD_v01_zenodo.18180184,2026-06-10
SAIH_AFF_r30c52,117.499365,42.324311,1985,stable_forest,0.8362,0.8726,0.00386,0.00843,0.174,0.9723,2013,0,stable_restoration,rising,regimeC_v0_CLCD+NDVI,RS_derived,ESA_WorldCover_2021_v200,Hansen_GFC2024v1.12_treecover2000,Landsat_C2_L2_GEE,CLCD_v01_zenodo.18180184,2026-06-10
SAIH_AFF_r30c53,117.511416,42.324311,1985,stable_forest,0.8883,0.9247,0.00709,0.00938,0.194,0.9728,0,0,stable_restoration,rising,regimeC_v0_CLCD+NDVI,RS_derived,ESA_WorldCover_2021_v200,Hansen_GFC2024v1.12_treecover2000,Landsat_C2_L2_GEE,CLCD_v01_zenodo.18180184,2026-06-10
SAIH_AFF_r30c54,117.523467,42.324311,1985,stable_forest,0.7936,0.888,-0.00171,0.00698,0.1535,0.9809,2012,0,stable_restoration,rising,regimeC_v0_CLCD+NDVI,RS_derived,ESA_WorldCover_2021_v200,Hansen_GFC2024v1.12_treecover2000,Landsat_C2_L2_GEE,CLCD_v01_zenodo.18180184,2026-06-10
SAIH_AFF_r30c55,117.535518,42.324311,1990,stable_forest,0.7435,0.8552,0.0052,0.00579,0.131,0.9823,2013,0,stable_restoration,rising,regimeC_v0_CLCD+NDVI,RS_derived,ESA_WorldCover_2021_v200,Hansen_GFC2024v1.12_treecover2000,Landsat_C2_L2_GEE,CLCD_v01_zenodo.18180184,2026-06-10
SAIH_AFF_r30c56,117.547568,42.324311,2004,partial_forest,0.5591,0.6294,0.00275,0.00666,0.1277,0.9685,0,0,early_restoration,rising,regimeC_v0_CLCD+NDVI,RS_derived,ESA_WorldCover_2021_v200,Hansen_GFC2024v1.12_treecover2000,Landsat_C2_L2_GEE,CLCD_v01_zenodo.18180184,2026-06-10
SAIH_AFF_r30c57,117.559619,42.324311,0,partial_forest,0.4926,0.5138,0.00132,0.0069,0.1285,0.9713,2001,0,early_restoration,rising,regimeC_v0_CLCD+NDVI,RS_derived,ESA_WorldCover_2021_v200,Hansen_GFC2024v1.12_treecover2000,Landsat_C2_L2_GEE,CLCD_v01_zenodo.18180184,2026-06-10
SAIH_AFF_r30c58,117.57167,42.324311,0,partial_forest,0.3962,0.4212,0.00571,0.00869,0.1704,0.9826,2021,1,early_restoration,rising,regimeC_v0_CLCD+NDVI,RS_derived,ESA_WorldCover_2021_v200,Hansen_GFC2024v1.12_treecover2000,Landsat_C2_L2_GEE,CLCD_v01_zenodo.18180184,2026-06-10
SAIH_AFF_r30c59,117.583721,42.324311,2001,partial_forest,0.6881,0.7256,0.00941,0.00946,0.1774,0.9822,2021,0,stable_restoration,rising,regimeC_v0_CLCD+NDVI,RS_derived,ESA_WorldCover_2021_v200,Hansen_GFC2024v1.12_treecover2000,Landsat_C2_L2_GEE,CLCD_v01_zenodo.18180184,2026-06-10
SAIH_AFF_r30c60,117.595772,42.324311,2017,partial_forest,0.5434,0.5726,0.01117,0.01184,0.2316,0.9734,0,0,early_restoration,rising,regimeC_v0_CLCD+NDVI,RS_derived,ESA_WorldCover_2021_v200,Hansen_GFC2024v1.12_treecover2000,Landsat_C2_L2_GEE,CLCD_v01_zenodo.18180184,2026-06-10
SAIH_AFF_r30c61,117.607822,42.324311,0,non_forest,0.2832,0.2993,0.00782,0.012,0.2443,0.9588,0,0,degraded,rising,regimeC_v0_CLCD+NDVI,RS_derived,ESA_WorldCover_2021_v200,Hansen_GFC2024v1.12_treecover2000,Landsat_C2_L2_GEE,CLCD_v01_zenodo.18180184,2026-06-10
SAIH_AFF_r30c62,117.619873,42.324311,0,partial_forest,0.4448,0.4555,0.01695,0.01437,0.2913,0.9702,2012,0,early_restoration,rising,regimeC_v0_CLCD+NDVI,RS_derived,ESA_WorldCover_2021_v200,Hansen_GFC2024v1.12_treecover2000,Landsat_C2_L2_GEE,CLCD_v01_zenodo.18180184,2026-06-10
SAIH_AFF_r31c02,116.896827,42.315272,0,non_forest,0.283,0.325,0.01335,0.00965,0.1882,0.975,2024,0,degraded,rising,regimeC_v0_CLCD+NDVI,RS_derived,ESA_WorldCover_2021_v200,Hansen_GFC2024v1.12_treecover2000,Landsat_C2_L2_GEE,CLCD_v01_zenodo.18180184,2026-06-10
SAIH_AFF_r31c03,116.908878,42.315272,0,partial_forest,0.4206,0.4818,0.01932,0.01235,0.2481,0.9786,2024,0,early_restoration,rising,regimeC_v0_CLCD+NDVI,RS_derived,ESA_WorldCover_2021_v200,Hansen_GFC2024v1.12_treecover2000,Landsat_C2_L2_GEE,CLCD_v01_zenodo.18180184,2026-06-10
SAIH_AFF_r31c04,116.920928,42.315272,0,non_forest,0.1966,0.2209,0.01028,0.0109,0.2232,0.9773,0,0,degraded,rising,regimeC_v0_CLCD+NDVI,RS_derived,ESA_WorldCover_2021_v200,Hansen_GFC2024v1.12_treecover2000,Landsat_C2_L2_GEE,CLCD_v01_zenodo.18180184,2026-06-10
SAIH_AFF_r31c06,116.94503,42.315272,0,non_forest,0.1891,0.2249,0.00919,0.00908,0.2011,0.9738,0,0,degraded,rising,regimeC_v0_CLCD+NDVI,RS_derived,ESA_WorldCover_2021_v200,Hansen_GFC2024v1.12_treecover2000,Landsat_C2_L2_GEE,CLCD_v01_zenodo.18180184,2026-06-10
SAIH_AFF_r31c10,116.993233,42.315272,0,partial_forest,0.3537,0.3835,0.01782,0.01007,0.1836,0.9689,0,0,early_restoration,rising,regimeC_v0_CLCD+NDVI,RS_derived,ESA_WorldCover_2021_v200,Hansen_GFC2024v1.12_treecover2000,Landsat_C2_L2_GEE,CLCD_v01_zenodo.18180184,2026-06-10
SAIH_AFF_r31c12,117.017335,42.315272,0,partial_forest,0.3725,0.3965,0.00418,0.00584,0.1101,0.9685,2001,0,early_restoration,rising,regimeC_v0_CLCD+NDVI,RS_derived,ESA_WorldCover_2021_v200,Hansen_GFC2024v1.12_treecover2000,Landsat_C2_L2_GEE,CLCD_v01_zenodo.18180184,2026-06-10
SAIH_AFF_r31c20,117.113741,42.315272,2018,partial_forest,0.5294,0.5513,0.00658,0.00565,0.1262,0.9658,2012,0,early_restoration,rising,regimeC_v0_CLCD+NDVI,RS_derived,ESA_WorldCover_2021_v200,Hansen_GFC2024v1.12_treecover2000,Landsat_C2_L2_GEE,CLCD_v01_zenodo.18180184,2026-06-10
SAIH_AFF_r31c21,117.125792,42.315272,0,non_forest,0.2604,0.2707,0.00461,0.00495,0.111,0.9618,0,0,degraded,rising,regimeC_v0_CLCD+NDVI,RS_derived,ESA_WorldCover_2021_v200,Hansen_GFC2024v1.12_treecover2000,Landsat_C2_L2_GEE,CLCD_v01_zenodo.18180184,2026-06-10
SAIH_AFF_r31c25,117.173995,42.315272,0,non_forest,0.1676,0.1783,0.00301,0.00728,0.1574,0.9588,0,0,degraded,rising,regimeC_v0_CLCD+NDVI,RS_derived,ESA_WorldCover_2021_v200,Hansen_GFC2024v1.12_treecover2000,Landsat_C2_L2_GEE,CLCD_v01_zenodo.18180184,2026-06-10
SAIH_AFF_r31c28,117.210147,42.315272,2025,partial_forest,0.4568,0.5213,0.01999,0.01093,0.2421,0.9408,2024,0,early_restoration,rising,regimeC_v0_CLCD+NDVI,RS_derived,ESA_WorldCover_2021_v200,Hansen_GFC2024v1.12_treecover2000,Landsat_C2_L2_GEE,CLCD_v01_zenodo.18180184,2026-06-10
SAIH_AFF_r31c29,117.222198,42.315272,0,non_forest,0.1905,0.2295,0.01055,0.00844,0.21,0.9624,0,0,degraded,rising,regimeC_v0_CLCD+NDVI,RS_derived,ESA_WorldCover_2021_v200,Hansen_GFC2024v1.12_treecover2000,Landsat_C2_L2_GEE,CLCD_v01_zenodo.18180184,2026-06-10
SAIH_AFF_r31c30,117.234248,42.315272,2016,afforested,0.6011,0.6567,0.0315,0.0097,0.2209,0.974,0,0,early_restoration,rising,regimeC_v0_CLCD+NDVI,RS_derived,ESA_WorldCover_2021_v200,Hansen_GFC2024v1.12_treecover2000,Landsat_C2_L2_GEE,CLCD_v01_zenodo.18180184,2026-06-10
SAIH_AFF_r31c31,117.246299,42.315272,2016,afforested,0.5583,0.5911,0.03129,0.0089,0.1899,0.9743,0,0,early_restoration,rising,regimeC_v0_CLCD+NDVI,RS_derived,ESA_WorldCover_2021_v200,Hansen_GFC2024v1.12_treecover2000,Landsat_C2_L2_GEE,CLCD_v01_zenodo.18180184,2026-06-10
SAIH_AFF_r31c32,117.25835,42.315272,0,partial_forest,0.4171,0.4458,0.02381,0.00996,0.218,0.9752,0,0,early_restoration,rising,regimeC_v0_CLCD+NDVI,RS_derived,ESA_WorldCover_2021_v200,Hansen_GFC2024v1.12_treecover2000,Landsat_C2_L2_GEE,CLCD_v01_zenodo.18180184,2026-06-10
SAIH_AFF_r31c34,117.282452,42.315272,0,non_forest,0.128,0.1379,0.00562,0.00665,0.1785,0.9715,0,0,degraded,rising,regimeC_v0_CLCD+NDVI,RS_derived,ESA_WorldCover_2021_v200,Hansen_GFC2024v1.12_treecover2000,Landsat_C2_L2_GEE,CLCD_v01_zenodo.18180184,2026-06-10
SAIH_AFF_r31c35,117.294502,42.315272,0,partial_forest,0.4756,0.5002,0.02133,0.00804,0.1881,0.9655,0,0,early_restoration,rising,regimeC_v0_CLCD+NDVI,RS_derived,ESA_WorldCover_2021_v200,Hansen_GFC2024v1.12_treecover2000,Landsat_C2_L2_GEE,CLCD_v01_zenodo.18180184,2026-06-10
SAIH_AFF_r31c36,117.306553,42.315272,0,partial_forest,0.4206,0.4531,0.02126,0.00896,0.1988,0.964,2004,0,early_restoration,rising,regimeC_v0_CLCD+NDVI,RS_derived,ESA_WorldCover_2021_v200,Hansen_GFC2024v1.12_treecover2000,Landsat_C2_L2_GEE,CLCD_v01_zenodo.18180184,2026-06-10
SAIH_AFF_r31c37,117.318604,42.315272,0,partial_forest,0.3366,0.3582,0.00737,0.00824,0.1924,0.9658,0,0,early_restoration,rising,regimeC_v0_CLCD+NDVI,RS_derived,ESA_WorldCover_2021_v200,Hansen_GFC2024v1.12_treecover2000,Landsat_C2_L2_GEE,CLCD_v01_zenodo.18180184,2026-06-10
SAIH_AFF_r31c38,117.330655,42.315272,2020,afforested,0.5598,0.6054,0.0157,0.01189,0.2723,0.9622,2004,0,early_restoration,rising,regimeC_v0_CLCD+NDVI,RS_derived,ESA_WorldCover_2021_v200,Hansen_GFC2024v1.12_treecover2000,Landsat_C2_L2_GEE,CLCD_v01_zenodo.18180184,2026-06-10
SAIH_AFF_r31c39,117.342705,42.315272,0,non_forest,0.2619,0.2918,0.01301,0.01071,0.2514,0.9423,2005,0,degraded,rising,regimeC_v0_CLCD+NDVI,RS_derived,ESA_WorldCover_2021_v200,Hansen_GFC2024v1.12_treecover2000,Landsat_C2_L2_GEE,CLCD_v01_zenodo.18180184,2026-06-10
SAIH_AFF_r31c40,117.354756,42.315272,2016,afforested,0.6854,0.7604,0.02842,0.01162,0.2617,0.945,0,0,stable_restoration,rising,regimeC_v0_CLCD+NDVI,RS_derived,ESA_WorldCover_2021_v200,Hansen_GFC2024v1.12_treecover2000,Landsat_C2_L2_GEE,CLCD_v01_zenodo.18180184,2026-06-10
SAIH_AFF_r31c41,117.366807,42.315272,2020,afforested,0.5494,0.6009,0.03003,0.01302,0.299,0.9662,0,0,early_restoration,rising,regimeC_v0_CLCD+NDVI,RS_derived,ESA_WorldCover_2021_v200,Hansen_GFC2024v1.12_treecover2000,Landsat_C2_L2_GEE,CLCD_v01_zenodo.18180184,2026-06-10
SAIH_AFF_r31c42,117.378858,42.315272,2020,afforested,0.5272,0.5545,0.02636,0.01107,0.2592,0.9437,2005,0,early_restoration,rising,regimeC_v0_CLCD+NDVI,RS_derived,ESA_WorldCover_2021_v200,Hansen_GFC2024v1.12_treecover2000,Landsat_C2_L2_GEE,CLCD_v01_zenodo.18180184,2026-06-10
SAIH_AFF_r31c43,117.390908,42.315272,0,non_forest,0.191,0.2008,0.01042,0.00954,0.2242,0.9098,0,0,degraded,rising,regimeC_v0_CLCD+NDVI,RS_derived,ESA_WorldCover_2021_v200,Hansen_GFC2024v1.12_treecover2000,Landsat_C2_L2_GEE,CLCD_v01_zenodo.18180184,2026-06-10
SAIH_AFF_r31c44,117.402959,42.315272,0,non_forest,0.2274,0.2484,0.00932,0.00791,0.1871,0.9461,2003,0,degraded,rising,regimeC_v0_CLCD+NDVI,RS_derived,ESA_WorldCover_2021_v200,Hansen_GFC2024v1.12_treecover2000,Landsat_C2_L2_GEE,CLCD_v01_zenodo.18180184,2026-06-10
SAIH_AFF_r31c45,117.41501,42.315272,1990,stable_forest,0.7141,0.7761,0.00208,0.00599,0.1486,0.9738,2022,1,stable_restoration,rising,regimeC_v0_CLCD+NDVI,RS_derived,ESA_WorldCover_2021_v200,Hansen_GFC2024v1.12_treecover2000,Landsat_C2_L2_GEE,CLCD_v01_zenodo.18180184,2026-06-10
SAIH_AFF_r31c46,117.427061,42.315272,1985,stable_forest,0.7964,0.8589,0.00032,0.00527,0.1209,0.9595,2017,0,stable_restoration,rising,regimeC_v0_CLCD+NDVI,RS_derived,ESA_WorldCover_2021_v200,Hansen_GFC2024v1.12_treecover2000,Landsat_C2_L2_GEE,CLCD_v01_zenodo.18180184,2026-06-10
SAIH_AFF_r31c47,117.439112,42.315272,1985,stable_forest,0.9429,0.9767,0.00275,0.00779,0.1749,0.9777,2003,0,stable_restoration,rising,regimeC_v0_CLCD+NDVI,RS_derived,ESA_WorldCover_2021_v200,Hansen_GFC2024v1.12_treecover2000,Landsat_C2_L2_GEE,CLCD_v01_zenodo.18180184,2026-06-10
SAIH_AFF_r31c48,117.451162,42.315272,1985,stable_forest,0.9507,0.9785,0.00119,0.00398,0.1177,0.9641,2019,1,stable_restoration,rising,regimeC_v0_CLCD+NDVI,RS_derived,ESA_WorldCover_2021_v200,Hansen_GFC2024v1.12_treecover2000,Landsat_C2_L2_GEE,CLCD_v01_zenodo.18180184,2026-06-10
SAIH_AFF_r31c49,117.463213,42.315272,1985,stable_forest,0.9703,1.0026,0.00017,0.00567,0.1469,0.9657,2021,1,stable_restoration,rising,regimeC_v0_CLCD+NDVI,RS_derived,ESA_WorldCover_2021_v200,Hansen_GFC2024v1.12_treecover2000,Landsat_C2_L2_GEE,CLCD_v01_zenodo.18180184,2026-06-10
SAIH_AFF_r31c50,117.475264,42.315272,1985,stable_forest,0.9359,0.9719,0.00347,0.0078,0.1716,0.9807,2021,0,stable_restoration,rising,regimeC_v0_CLCD+NDVI,RS_derived,ESA_WorldCover_2021_v200,Hansen_GFC2024v1.12_treecover2000,Landsat_C2_L2_GEE,CLCD_v01_zenodo.18180184,2026-06-10
SAIH_AFF_r31c51,117.487315,42.315272,1991,stable_forest,0.7311,0.7679,0.00881,0.0091,0.1987,0.9759,2006,0,stable_restoration,rising,regimeC_v0_CLCD+NDVI,RS_derived,ESA_WorldCover_2021_v200,Hansen_GFC2024v1.12_treecover2000,Landsat_C2_L2_GEE,CLCD_v01_zenodo.18180184,2026-06-10
SAIH_AFF_r31c52,117.499365,42.315272,2010,partial_forest,0.6185,0.6632,0.00768,0.01061,0.2263,0.9806,0,0,stable_restoration,rising,regimeC_v0_CLCD+NDVI,RS_derived,ESA_WorldCover_2021_v200,Hansen_GFC2024v1.12_treecover2000,Landsat_C2_L2_GEE,CLCD_v01_zenodo.18180184,2026-06-10
SAIH_AFF_r31c53,117.511416,42.315272,1985,stable_forest,0.7404,0.7708,0.0021,0.00878,0.1732,0.9761,0,0,stable_restoration,rising,regimeC_v0_CLCD+NDVI,RS_derived,ESA_WorldCover_2021_v200,Hansen_GFC2024v1.12_treecover2000,Landsat_C2_L2_GEE,CLCD_v01_zenodo.18180184,2026-06-10
SAIH_AFF_r31c54,117.523467,42.315272,1990,stable_forest,0.6478,0.6849,0.00169,0.0077,0.1729,0.9745,2012,0,stable_restoration,rising,regimeC_v0_CLCD+NDVI,RS_derived,ESA_WorldCover_2021_v200,Hansen_GFC2024v1.12_treecover2000,Landsat_C2_L2_GEE,CLCD_v01_zenodo.18180184,2026-06-10
SAIH_AFF_r31c55,117.535518,42.315272,1985,stable_forest,0.9258,0.9673,0.00984,0.00699,0.1332,0.9682,2012,0,stable_restoration,rising,regimeC_v0_CLCD+NDVI,RS_derived,ESA_WorldCover_2021_v200,Hansen_GFC2024v1.12_treecover2000,Landsat_C2_L2_GEE,CLCD_v01_zenodo.18180184,2026-06-10
SAIH_AFF_r31c56,117.547568,42.315272,1985,stable_forest,0.9629,0.9997,0.00322,0.00788,0.1461,0.9829,2007,0,stable_restoration,rising,regimeC_v0_CLCD+NDVI,RS_derived,ESA_WorldCover_2021_v200,Hansen_GFC2024v1.12_treecover2000,Landsat_C2_L2_GEE,CLCD_v01_zenodo.18180184,2026-06-10
SAIH_AFF_r31c57,117.559619,42.315272,1985,stable_forest,0.6867,0.717,0.00499,0.00824,0.1604,0.9796,0,0,stable_restoration,rising,regimeC_v0_CLCD+NDVI,RS_derived,ESA_WorldCover_2021_v200,Hansen_GFC2024v1.12_treecover2000,Landsat_C2_L2_GEE,CLCD_v01_zenodo.18180184,2026-06-10
SAIH_AFF_r31c58,117.57167,42.315272,1993,partial_forest,0.6127,0.6494,0.00484,0.00959,0.2018,0.9823,2011,0,early_restoration,rising,regimeC_v0_CLCD+NDVI,RS_derived,ESA_WorldCover_2021_v200,Hansen_GFC2024v1.12_treecover2000,Landsat_C2_L2_GEE,CLCD_v01_zenodo.18180184,2026-06-10
SAIH_AFF_r31c59,117.583721,42.315272,0,partial_forest,0.4875,0.5099,0.00398,0.00827,0.169,0.9734,2006,0,early_restoration,rising,regimeC_v0_CLCD+NDVI,RS_derived,ESA_WorldCover_2021_v200,Hansen_GFC2024v1.12_treecover2000,Landsat_C2_L2_GEE,CLCD_v01_zenodo.18180184,2026-06-10
SAIH_AFF_r31c60,117.595772,42.315272,0,non_forest,0.2193,0.2282,0.00131,0.00816,0.1609,0.9587,0,0,degraded,rising,regimeC_v0_CLCD+NDVI,RS_derived,ESA_WorldCover_2021_v200,Hansen_GFC2024v1.12_treecover2000,Landsat_C2_L2_GEE,CLCD_v01_zenodo.18180184,2026-06-10
SAIH_AFF_r32c05,116.932979,42.306233,0,non_forest,0.2378,0.2512,0.01261,0.0112,0.2322,0.972,0,0,degraded,rising,regimeC_v0_CLCD+NDVI,RS_derived,ESA_WorldCover_2021_v200,Hansen_GFC2024v1.12_treecover2000,Landsat_C2_L2_GEE,CLCD_v01_zenodo.18180184,2026-06-10
SAIH_AFF_r32c06,116.94503,42.306233,0,non_forest,0.1082,0.1154,0.00498,0.00814,0.1795,0.9756,0,0,degraded,rising,regimeC_v0_CLCD+NDVI,RS_derived,ESA_WorldCover_2021_v200,Hansen_GFC2024v1.12_treecover2000,Landsat_C2_L2_GEE,CLCD_v01_zenodo.18180184,2026-06-10
SAIH_AFF_r32c15,117.053487,42.306233,0,non_forest,0.2676,0.2948,0.00529,0.0059,0.1209,0.9754,2010,0,degraded,rising,regimeC_v0_CLCD+NDVI,RS_derived,ESA_WorldCover_2021_v200,Hansen_GFC2024v1.12_treecover2000,Landsat_C2_L2_GEE,CLCD_v01_zenodo.18180184,2026-06-10
SAIH_AFF_r32c16,117.065538,42.306233,0,partial_forest,0.3583,0.3838,0.00501,0.00577,0.127,0.98,0,0,early_restoration,rising,regimeC_v0_CLCD+NDVI,RS_derived,ESA_WorldCover_2021_v200,Hansen_GFC2024v1.12_treecover2000,Landsat_C2_L2_GEE,CLCD_v01_zenodo.18180184,2026-06-10
SAIH_AFF_r32c20,117.113741,42.306233,0,non_forest,0.2936,0.3069,0.00638,0.00439,0.1019,0.9669,2010,0,degraded,rising,regimeC_v0_CLCD+NDVI,RS_derived,ESA_WorldCover_2021_v200,Hansen_GFC2024v1.12_treecover2000,Landsat_C2_L2_GEE,CLCD_v01_zenodo.18180184,2026-06-10
SAIH_AFF_r32c24,117.161944,42.306233,0,partial_forest,0.4339,0.4775,0.02394,0.00979,0.2088,0.9641,0,0,early_restoration,rising,regimeC_v0_CLCD+NDVI,RS_derived,ESA_WorldCover_2021_v200,Hansen_GFC2024v1.12_treecover2000,Landsat_C2_L2_GEE,CLCD_v01_zenodo.18180184,2026-06-10
SAIH_AFF_r32c25,117.173995,42.306233,2022,afforested,0.5161,0.5619,0.02417,0.01138,0.2356,0.9628,0,0,early_restoration,rising,regimeC_v0_CLCD+NDVI,RS_derived,ESA_WorldCover_2021_v200,Hansen_GFC2024v1.12_treecover2000,Landsat_C2_L2_GEE,CLCD_v01_zenodo.18180184,2026-06-10
SAIH_AFF_r32c26,117.186045,42.306233,2017,afforested,0.6271,0.6614,0.02086,0.01238,0.2612,0.9571,2022,0,stable_restoration,rising,regimeC_v0_CLCD+NDVI,RS_derived,ESA_WorldCover_2021_v200,Hansen_GFC2024v1.12_treecover2000,Landsat_C2_L2_GEE,CLCD_v01_zenodo.18180184,2026-06-10
SAIH_AFF_r32c27,117.198096,42.306233,0,non_forest,0.296,0.326,0.01448,0.00884,0.2043,0.951,2023,0,degraded,rising,regimeC_v0_CLCD+NDVI,RS_derived,ESA_WorldCover_2021_v200,Hansen_GFC2024v1.12_treecover2000,Landsat_C2_L2_GEE,CLCD_v01_zenodo.18180184,2026-06-10
SAIH_AFF_r32c28,117.210147,42.306233,2018,afforested,0.5286,0.5483,0.02509,0.01083,0.2307,0.9708,2024,0,early_restoration,rising,regimeC_v0_CLCD+NDVI,RS_derived,ESA_WorldCover_2021_v200,Hansen_GFC2024v1.12_treecover2000,Landsat_C2_L2_GEE,CLCD_v01_zenodo.18180184,2026-06-10
SAIH_AFF_r32c29,117.222198,42.306233,0,partial_forest,0.3688,0.4251,0.02066,0.01082,0.2498,0.9608,0,0,early_restoration,rising,regimeC_v0_CLCD+NDVI,RS_derived,ESA_WorldCover_2021_v200,Hansen_GFC2024v1.12_treecover2000,Landsat_C2_L2_GEE,CLCD_v01_zenodo.18180184,2026-06-10
SAIH_AFF_r32c30,117.234248,42.306233,2025,partial_forest,0.4806,0.5214,0.02555,0.00968,0.2023,0.961,0,0,early_restoration,rising,regimeC_v0_CLCD+NDVI,RS_derived,ESA_WorldCover_2021_v200,Hansen_GFC2024v1.12_treecover2000,Landsat_C2_L2_GEE,CLCD_v01_zenodo.18180184,2026-06-10
SAIH_AFF_r32c31,117.246299,42.306233,2023,partial_forest,0.4908,0.5316,0.0262,0.00934,0.1931,0.9818,0,0,early_restoration,rising,regimeC_v0_CLCD+NDVI,RS_derived,ESA_WorldCover_2021_v200,Hansen_GFC2024v1.12_treecover2000,Landsat_C2_L2_GEE,CLCD_v01_zenodo.18180184,2026-06-10
SAIH_AFF_r32c32,117.25835,42.306233,0,non_forest,0.2456,0.2686,0.00942,0.00576,0.1304,0.9683,2012,0,degraded,rising,regimeC_v0_CLCD+NDVI,RS_derived,ESA_WorldCover_2021_v200,Hansen_GFC2024v1.12_treecover2000,Landsat_C2_L2_GEE,CLCD_v01_zenodo.18180184,2026-06-10
SAIH_AFF_r32c33,117.270401,42.306233,0,partial_forest,0.3844,0.4207,0.01709,0.00702,0.1587,0.9694,0,0,early_restoration,rising,regimeC_v0_CLCD+NDVI,RS_derived,ESA_WorldCover_2021_v200,Hansen_GFC2024v1.12_treecover2000,Landsat_C2_L2_GEE,CLCD_v01_zenodo.18180184,2026-06-10
SAIH_AFF_r32c34,117.282452,42.306233,0,non_forest,0.2462,0.263,0.00927,0.00453,0.1205,0.964,0,0,degraded,rising,regimeC_v0_CLCD+NDVI,RS_derived,ESA_WorldCover_2021_v200,Hansen_GFC2024v1.12_treecover2000,Landsat_C2_L2_GEE,CLCD_v01_zenodo.18180184,2026-06-10
SAIH_AFF_r32c35,117.294502,42.306233,2016,afforested,0.5664,0.5952,0.024,0.00739,0.1708,0.9676,0,0,early_restoration,rising,regimeC_v0_CLCD+NDVI,RS_derived,ESA_WorldCover_2021_v200,Hansen_GFC2024v1.12_treecover2000,Landsat_C2_L2_GEE,CLCD_v01_zenodo.18180184,2026-06-10
SAIH_AFF_r32c36,117.306553,42.306233,2007,afforested,0.7424,0.7817,0.02139,0.00741,0.1737,0.9724,0,0,stable_restoration,rising,regimeC_v0_CLCD+NDVI,RS_derived,ESA_WorldCover_2021_v200,Hansen_GFC2024v1.12_treecover2000,Landsat_C2_L2_GEE,CLCD_v01_zenodo.18180184,2026-06-10
SAIH_AFF_r32c37,117.318604,42.306233,2013,afforested,0.6789,0.7143,0.02579,0.00999,0.217,0.9656,0,0,stable_restoration,rising,regimeC_v0_CLCD+NDVI,RS_derived,ESA_WorldCover_2021_v200,Hansen_GFC2024v1.12_treecover2000,Landsat_C2_L2_GEE,CLCD_v01_zenodo.18180184,2026-06-10
SAIH_AFF_r32c38,117.330655,42.306233,2012,partial_forest,0.5763,0.6151,0.00692,0.00838,0.1999,0.9792,2009,0,early_restoration,rising,regimeC_v0_CLCD+NDVI,RS_derived,ESA_WorldCover_2021_v200,Hansen_GFC2024v1.12_treecover2000,Landsat_C2_L2_GEE,CLCD_v01_zenodo.18180184,2026-06-10
SAIH_AFF_r32c39,117.342705,42.306233,2017,afforested,0.567,0.6078,0.02828,0.01214,0.2827,0.9438,2009,0,early_restoration,rising,regimeC_v0_CLCD+NDVI,RS_derived,ESA_WorldCover_2021_v200,Hansen_GFC2024v1.12_treecover2000,Landsat_C2_L2_GEE,CLCD_v01_zenodo.18180184,2026-06-10
SAIH_AFF_r32c40,117.354756,42.306233,2017,afforested,0.596,0.6476,0.03276,0.01257,0.2877,0.9441,0,0,early_restoration,rising,regimeC_v0_CLCD+NDVI,RS_derived,ESA_WorldCover_2021_v200,Hansen_GFC2024v1.12_treecover2000,Landsat_C2_L2_GEE,CLCD_v01_zenodo.18180184,2026-06-10
SAIH_AFF_r32c41,117.366807,42.306233,0,partial_forest,0.372,0.3972,0.02076,0.01168,0.2698,0.9452,0,0,early_restoration,rising,regimeC_v0_CLCD+NDVI,RS_derived,ESA_WorldCover_2021_v200,Hansen_GFC2024v1.12_treecover2000,Landsat_C2_L2_GEE,CLCD_v01_zenodo.18180184,2026-06-10
SAIH_AFF_r32c42,117.378858,42.306233,0,partial_forest,0.4336,0.4663,0.01961,0.01038,0.2376,0.9654,2001,0,early_restoration,rising,regimeC_v0_CLCD+NDVI,RS_derived,ESA_WorldCover_2021_v200,Hansen_GFC2024v1.12_treecover2000,Landsat_C2_L2_GEE,CLCD_v01_zenodo.18180184,2026-06-10
SAIH_AFF_r32c44,117.402959,42.306233,2014,afforested,0.6165,0.6491,0.01686,0.00777,0.1885,0.9681,2004,0,early_restoration,rising,regimeC_v0_CLCD+NDVI,RS_derived,ESA_WorldCover_2021_v200,Hansen_GFC2024v1.12_treecover2000,Landsat_C2_L2_GEE,CLCD_v01_zenodo.18180184,2026-06-10
SAIH_AFF_r32c45,117.41501,42.306233,2003,partial_forest,0.6868,0.7737,0.00865,0.00604,0.1576,0.9764,2020,1,stable_restoration,rising,regimeC_v0_CLCD+NDVI,RS_derived,ESA_WorldCover_2021_v200,Hansen_GFC2024v1.12_treecover2000,Landsat_C2_L2_GEE,CLCD_v01_zenodo.18180184,2026-06-10
SAIH_AFF_r32c46,117.427061,42.306233,1985,stable_forest,0.9322,0.9745,0.00672,0.0082,0.1629,0.9829,2012,0,stable_restoration,rising,regimeC_v0_CLCD+NDVI,RS_derived,ESA_WorldCover_2021_v200,Hansen_GFC2024v1.12_treecover2000,Landsat_C2_L2_GEE,CLCD_v01_zenodo.18180184,2026-06-10
SAIH_AFF_r32c47,117.439112,42.306233,1985,stable_forest,0.8527,0.8853,0.0047,0.00786,0.1804,0.9829,0,0,stable_restoration,rising,regimeC_v0_CLCD+NDVI,RS_derived,ESA_WorldCover_2021_v200,Hansen_GFC2024v1.12_treecover2000,Landsat_C2_L2_GEE,CLCD_v01_zenodo.18180184,2026-06-10
SAIH_AFF_r32c48,117.451162,42.306233,1985,stable_forest,0.8404,0.872,0.00244,0.00696,0.1662,0.9659,0,0,stable_restoration,rising,regimeC_v0_CLCD+NDVI,RS_derived,ESA_WorldCover_2021_v200,Hansen_GFC2024v1.12_treecover2000,Landsat_C2_L2_GEE,CLCD_v01_zenodo.18180184,2026-06-10
SAIH_AFF_r32c49,117.463213,42.306233,1985,stable_forest,0.9243,0.9538,0.00188,0.00305,0.0885,0.9448,2019,1,stable_restoration,rising,regimeC_v0_CLCD+NDVI,RS_derived,ESA_WorldCover_2021_v200,Hansen_GFC2024v1.12_treecover2000,Landsat_C2_L2_GEE,CLCD_v01_zenodo.18180184,2026-06-10
SAIH_AFF_r32c50,117.475264,42.306233,1985,stable_forest,0.8168,0.8496,0.00429,0.00837,0.1826,0.9612,2014,0,stable_restoration,rising,regimeC_v0_CLCD+NDVI,RS_derived,ESA_WorldCover_2021_v200,Hansen_GFC2024v1.12_treecover2000,Landsat_C2_L2_GEE,CLCD_v01_zenodo.18180184,2026-06-10
SAIH_AFF_r32c51,117.487315,42.306233,1985,stable_forest,0.964,1.0045,0.00125,0.00702,0.1593,0.9651,2011,0,stable_restoration,rising,regimeC_v0_CLCD+NDVI,RS_derived,ESA_WorldCover_2021_v200,Hansen_GFC2024v1.12_treecover2000,Landsat_C2_L2_GEE,CLCD_v01_zenodo.18180184,2026-06-10
SAIH_AFF_r32c52,117.499365,42.306233,1985,stable_forest,0.8702,0.9054,0.00166,0.00764,0.1611,0.9655,2021,1,stable_restoration,rising,regimeC_v0_CLCD+NDVI,RS_derived,ESA_WorldCover_2021_v200,Hansen_GFC2024v1.12_treecover2000,Landsat_C2_L2_GEE,CLCD_v01_zenodo.18180184,2026-06-10
SAIH_AFF_r32c53,117.511416,42.306233,2017,partial_forest,0.5503,0.5761,0.00755,0.00876,0.17,0.9827,2020,0,early_restoration,rising,regimeC_v0_CLCD+NDVI,RS_derived,ESA_WorldCover_2021_v200,Hansen_GFC2024v1.12_treecover2000,Landsat_C2_L2_GEE,CLCD_v01_zenodo.18180184,2026-06-10
SAIH_AFF_r32c54,117.523467,42.306233,1985,stable_forest,0.9148,0.9494,0.00354,0.0081,0.1619,0.9931,2015,0,stable_restoration,rising,regimeC_v0_CLCD+NDVI,RS_derived,ESA_WorldCover_2021_v200,Hansen_GFC2024v1.12_treecover2000,Landsat_C2_L2_GEE,CLCD_v01_zenodo.18180184,2026-06-10
SAIH_AFF_r32c55,117.535518,42.306233,1985,stable_forest,0.8148,0.8584,0.00666,0.00612,0.1102,0.9728,2015,0,stable_restoration,rising,regimeC_v0_CLCD+NDVI,RS_derived,ESA_WorldCover_2021_v200,Hansen_GFC2024v1.12_treecover2000,Landsat_C2_L2_GEE,CLCD_v01_zenodo.18180184,2026-06-10
SAIH_AFF_r32c56,117.547568,42.306233,1990,stable_forest,0.9093,0.9589,0.01175,0.00503,0.1034,0.9813,2011,0,stable_restoration,rising,regimeC_v0_CLCD+NDVI,RS_derived,ESA_WorldCover_2021_v200,Hansen_GFC2024v1.12_treecover2000,Landsat_C2_L2_GEE,CLCD_v01_zenodo.18180184,2026-06-10
SAIH_AFF_r32c57,117.559619,42.306233,1985,stable_forest,0.7748,0.8057,0.00486,0.00685,0.1314,0.9707,2012,0,stable_restoration,rising,regimeC_v0_CLCD+NDVI,RS_derived,ESA_WorldCover_2021_v200,Hansen_GFC2024v1.12_treecover2000,Landsat_C2_L2_GEE,CLCD_v01_zenodo.18180184,2026-06-10
SAIH_AFF_r32c58,117.57167,42.306233,1985,stable_forest,0.8095,0.8441,0.00386,0.00809,0.1534,0.9852,2001,0,stable_restoration,rising,regimeC_v0_CLCD+NDVI,RS_derived,ESA_WorldCover_2021_v200,Hansen_GFC2024v1.12_treecover2000,Landsat_C2_L2_GEE,CLCD_v01_zenodo.18180184,2026-06-10
SAIH_AFF_r32c59,117.583721,42.306233,1990,stable_forest,0.7048,0.7416,0.0079,0.00871,0.1688,0.9767,0,0,stable_restoration,rising,regimeC_v0_CLCD+NDVI,RS_derived,ESA_WorldCover_2021_v200,Hansen_GFC2024v1.12_treecover2000,Landsat_C2_L2_GEE,CLCD_v01_zenodo.18180184,2026-06-10
SAIH_AFF_r32c60,117.595772,42.306233,1985,stable_forest,0.8546,0.8982,0.00726,0.01072,0.2021,0.9731,0,0,stable_restoration,rising,regimeC_v0_CLCD+NDVI,RS_derived,ESA_WorldCover_2021_v200,Hansen_GFC2024v1.12_treecover2000,Landsat_C2_L2_GEE,CLCD_v01_zenodo.18180184,2026-06-10
SAIH_AFF_r32c61,117.607822,42.306233,1991,stable_forest,0.671,0.6964,0.00611,0.00971,0.1951,0.9676,0,0,stable_restoration,rising,regimeC_v0_CLCD+NDVI,RS_derived,ESA_WorldCover_2021_v200,Hansen_GFC2024v1.12_treecover2000,Landsat_C2_L2_GEE,CLCD_v01_zenodo.18180184,2026-06-10
SAIH_AFF_r32c62,117.619873,42.306233,0,non_forest,0.2453,0.2463,0.004,0.01,0.2,0.9348,2005,0,degraded,rising,regimeC_v0_CLCD+NDVI,RS_derived,ESA_WorldCover_2021_v200,Hansen_GFC2024v1.12_treecover2000,Landsat_C2_L2_GEE,CLCD_v01_zenodo.18180184,2026-06-10
SAIH_AFF_r32c63,117.631924,42.306233,1990,stable_forest,0.7926,0.8391,0.00544,0.00928,0.1723,0.9608,2020,1,stable_restoration,rising,regimeC_v0_CLCD+NDVI,RS_derived,ESA_WorldCover_2021_v200,Hansen_GFC2024v1.12_treecover2000,Landsat_C2_L2_GEE,CLCD_v01_zenodo.18180184,2026-06-10
SAIH_AFF_r32c64,117.643975,42.306233,2004,partial_forest,0.7391,0.7819,0.01386,0.00986,0.197,0.9634,2015,0,stable_restoration,rising,regimeC_v0_CLCD+NDVI,RS_derived,ESA_WorldCover_2021_v200,Hansen_GFC2024v1.12_treecover2000,Landsat_C2_L2_GEE,CLCD_v01_zenodo.18180184,2026-06-10
SAIH_AFF_r33c09,116.981182,42.297194,0,partial_forest,0.4273,0.4909,0.02227,0.01002,0.1849,0.9773,0,0,early_restoration,rising,regimeC_v0_CLCD+NDVI,RS_derived,ESA_WorldCover_2021_v200,Hansen_GFC2024v1.12_treecover2000,Landsat_C2_L2_GEE,CLCD_v01_zenodo.18180184,2026-06-10
SAIH_AFF_r33c15,117.053487,42.297194,0,partial_forest,0.3463,0.3667,0.0063,0.00701,0.1351,0.976,0,0,early_restoration,rising,regimeC_v0_CLCD+NDVI,RS_derived,ESA_WorldCover_2021_v200,Hansen_GFC2024v1.12_treecover2000,Landsat_C2_L2_GEE,CLCD_v01_zenodo.18180184,2026-06-10
SAIH_AFF_r33c16,117.065538,42.297194,0,partial_forest,0.3087,0.3387,0.00752,0.00703,0.1615,0.9781,0,0,early_restoration,rising,regimeC_v0_CLCD+NDVI,RS_derived,ESA_WorldCover_2021_v200,Hansen_GFC2024v1.12_treecover2000,Landsat_C2_L2_GEE,CLCD_v01_zenodo.18180184,2026-06-10
SAIH_AFF_r33c23,117.149893,42.297194,0,non_forest,0.2855,0.3113,0.00869,0.00699,0.1643,0.9787,0,0,degraded,rising,regimeC_v0_CLCD+NDVI,RS_derived,ESA_WorldCover_2021_v200,Hansen_GFC2024v1.12_treecover2000,Landsat_C2_L2_GEE,CLCD_v01_zenodo.18180184,2026-06-10
SAIH_AFF_r33c24,117.161944,42.297194,0,partial_forest,0.3855,0.4154,0.01829,0.00975,0.2195,0.9565,2021,0,early_restoration,rising,regimeC_v0_CLCD+NDVI,RS_derived,ESA_WorldCover_2021_v200,Hansen_GFC2024v1.12_treecover2000,Landsat_C2_L2_GEE,CLCD_v01_zenodo.18180184,2026-06-10
SAIH_AFF_r33c25,117.173995,42.297194,2015,afforested,0.7134,0.7565,0.04026,0.01399,0.2644,0.9621,2019,0,stable_restoration,rising,regimeC_v0_CLCD+NDVI,RS_derived,ESA_WorldCover_2021_v200,Hansen_GFC2024v1.12_treecover2000,Landsat_C2_L2_GEE,CLCD_v01_zenodo.18180184,2026-06-10
SAIH_AFF_r33c26,117.186045,42.297194,2008,afforested,0.5777,0.606,0.00551,0.00851,0.1667,0.9638,2022,0,early_restoration,rising,regimeC_v0_CLCD+NDVI,RS_derived,ESA_WorldCover_2021_v200,Hansen_GFC2024v1.12_treecover2000,Landsat_C2_L2_GEE,CLCD_v01_zenodo.18180184,2026-06-10
SAIH_AFF_r33c27,117.198096,42.297194,2017,afforested,0.5267,0.5636,0.0254,0.01176,0.2304,0.9679,0,0,early_restoration,rising,regimeC_v0_CLCD+NDVI,RS_derived,ESA_WorldCover_2021_v200,Hansen_GFC2024v1.12_treecover2000,Landsat_C2_L2_GEE,CLCD_v01_zenodo.18180184,2026-06-10
SAIH_AFF_r33c28,117.210147,42.297194,0,partial_forest,0.376,0.4303,0.02057,0.01133,0.2381,0.9761,0,0,early_restoration,rising,regimeC_v0_CLCD+NDVI,RS_derived,ESA_WorldCover_2021_v200,Hansen_GFC2024v1.12_treecover2000,Landsat_C2_L2_GEE,CLCD_v01_zenodo.18180184,2026-06-10
SAIH_AFF_r33c29,117.222198,42.297194,0,non_forest,0.218,0.2593,0.01147,0.01086,0.2444,0.9724,0,0,degraded,rising,regimeC_v0_CLCD+NDVI,RS_derived,ESA_WorldCover_2021_v200,Hansen_GFC2024v1.12_treecover2000,Landsat_C2_L2_GEE,CLCD_v01_zenodo.18180184,2026-06-10
SAIH_AFF_r33c30,117.234248,42.297194,0,non_forest,0.1768,0.2058,0.00901,0.00714,0.1668,0.9617,0,0,degraded,rising,regimeC_v0_CLCD+NDVI,RS_derived,ESA_WorldCover_2021_v200,Hansen_GFC2024v1.12_treecover2000,Landsat_C2_L2_GEE,CLCD_v01_zenodo.18180184,2026-06-10
SAIH_AFF_r33c31,117.246299,42.297194,0,non_forest,0.2857,0.3055,0.01079,0.00751,0.1671,0.9537,0,0,degraded,rising,regimeC_v0_CLCD+NDVI,RS_derived,ESA_WorldCover_2021_v200,Hansen_GFC2024v1.12_treecover2000,Landsat_C2_L2_GEE,CLCD_v01_zenodo.18180184,2026-06-10
SAIH_AFF_r33c32,117.25835,42.297194,0,non_forest,0.2441,0.2563,0.00855,0.00529,0.1379,0.9588,0,0,degraded,rising,regimeC_v0_CLCD+NDVI,RS_derived,ESA_WorldCover_2021_v200,Hansen_GFC2024v1.12_treecover2000,Landsat_C2_L2_GEE,CLCD_v01_zenodo.18180184,2026-06-10
SAIH_AFF_r33c33,117.270401,42.297194,2025,partial_forest,0.4775,0.5356,0.01218,0.00724,0.1752,0.98,0,0,early_restoration,rising,regimeC_v0_CLCD+NDVI,RS_derived,ESA_WorldCover_2021_v200,Hansen_GFC2024v1.12_treecover2000,Landsat_C2_L2_GEE,CLCD_v01_zenodo.18180184,2026-06-10
SAIH_AFF_r33c34,117.282452,42.297194,2015,afforested,0.6828,0.7301,0.02904,0.00967,0.2181,0.965,0,0,stable_restoration,rising,regimeC_v0_CLCD+NDVI,RS_derived,ESA_WorldCover_2021_v200,Hansen_GFC2024v1.12_treecover2000,Landsat_C2_L2_GEE,CLCD_v01_zenodo.18180184,2026-06-10
SAIH_AFF_r33c35,117.294502,42.297194,2015,afforested,0.689,0.7257,0.03416,0.00987,0.2118,0.9801,2019,0,stable_restoration,rising,regimeC_v0_CLCD+NDVI,RS_derived,ESA_WorldCover_2021_v200,Hansen_GFC2024v1.12_treecover2000,Landsat_C2_L2_GEE,CLCD_v01_zenodo.18180184,2026-06-10
SAIH_AFF_r33c36,117.306553,42.297194,2008,afforested,0.7649,0.8011,0.02584,0.0079,0.1741,0.9771,2019,0,stable_restoration,rising,regimeC_v0_CLCD+NDVI,RS_derived,ESA_WorldCover_2021_v200,Hansen_GFC2024v1.12_treecover2000,Landsat_C2_L2_GEE,CLCD_v01_zenodo.18180184,2026-06-10
SAIH_AFF_r33c37,117.318604,42.297194,2016,afforested,0.5308,0.5642,0.02042,0.0081,0.1977,0.9624,2014,0,early_restoration,rising,regimeC_v0_CLCD+NDVI,RS_derived,ESA_WorldCover_2021_v200,Hansen_GFC2024v1.12_treecover2000,Landsat_C2_L2_GEE,CLCD_v01_zenodo.18180184,2026-06-10
SAIH_AFF_r33c38,117.330655,42.297194,0,partial_forest,0.4046,0.452,0.01365,0.00798,0.2051,0.9647,2024,0,early_restoration,rising,regimeC_v0_CLCD+NDVI,RS_derived,ESA_WorldCover_2021_v200,Hansen_GFC2024v1.12_treecover2000,Landsat_C2_L2_GEE,CLCD_v01_zenodo.18180184,2026-06-10
SAIH_AFF_r33c40,117.354756,42.297194,0,partial_forest,0.3744,0.3959,0.01853,0.00995,0.2331,0.9568,0,0,early_restoration,rising,regimeC_v0_CLCD+NDVI,RS_derived,ESA_WorldCover_2021_v200,Hansen_GFC2024v1.12_treecover2000,Landsat_C2_L2_GEE,CLCD_v01_zenodo.18180184,2026-06-10
SAIH_AFF_r33c41,117.366807,42.297194,0,partial_forest,0.3232,0.3502,0.01578,0.00934,0.2109,0.9651,0,0,early_restoration,rising,regimeC_v0_CLCD+NDVI,RS_derived,ESA_WorldCover_2021_v200,Hansen_GFC2024v1.12_treecover2000,Landsat_C2_L2_GEE,CLCD_v01_zenodo.18180184,2026-06-10
SAIH_AFF_r33c42,117.378858,42.297194,2020,afforested,0.5508,0.602,0.02559,0.01081,0.2452,0.9581,2012,0,early_restoration,rising,regimeC_v0_CLCD+NDVI,RS_derived,ESA_WorldCover_2021_v200,Hansen_GFC2024v1.12_treecover2000,Landsat_C2_L2_GEE,CLCD_v01_zenodo.18180184,2026-06-10
SAIH_AFF_r33c43,117.390908,42.297194,2015,afforested,0.5228,0.5448,0.01074,0.0069,0.1703,0.965,2008,0,early_restoration,rising,regimeC_v0_CLCD+NDVI,RS_derived,ESA_WorldCover_2021_v200,Hansen_GFC2024v1.12_treecover2000,Landsat_C2_L2_GEE,CLCD_v01_zenodo.18180184,2026-06-10
SAIH_AFF_r33c44,117.402959,42.297194,1985,stable_forest,0.9324,0.9756,0.00724,0.00695,0.1645,0.9743,2010,0,stable_restoration,rising,regimeC_v0_CLCD+NDVI,RS_derived,ESA_WorldCover_2021_v200,Hansen_GFC2024v1.12_treecover2000,Landsat_C2_L2_GEE,CLCD_v01_zenodo.18180184,2026-06-10
SAIH_AFF_r33c45,117.41501,42.297194,2005,partial_forest,0.7661,0.8322,0.01591,0.00616,0.1519,0.9653,2015,0,stable_restoration,rising,regimeC_v0_CLCD+NDVI,RS_derived,ESA_WorldCover_2021_v200,Hansen_GFC2024v1.12_treecover2000,Landsat_C2_L2_GEE,CLCD_v01_zenodo.18180184,2026-06-10
SAIH_AFF_r33c46,117.427061,42.297194,2005,partial_forest,0.8462,0.9007,0.02049,0.00598,0.1394,0.9759,2012,0,stable_restoration,rising,regimeC_v0_CLCD+NDVI,RS_derived,ESA_WorldCover_2021_v200,Hansen_GFC2024v1.12_treecover2000,Landsat_C2_L2_GEE,CLCD_v01_zenodo.18180184,2026-06-10
SAIH_AFF_r33c47,117.439112,42.297194,1985,stable_forest,0.8513,0.8841,0.00478,0.00727,0.1619,0.9826,0,0,stable_restoration,rising,regimeC_v0_CLCD+NDVI,RS_derived,ESA_WorldCover_2021_v200,Hansen_GFC2024v1.12_treecover2000,Landsat_C2_L2_GEE,CLCD_v01_zenodo.18180184,2026-06-10
SAIH_AFF_r33c48,117.451162,42.297194,1985,stable_forest,0.7154,0.7422,0.00122,0.00757,0.1736,0.9842,0,0,stable_restoration,rising,regimeC_v0_CLCD+NDVI,RS_derived,ESA_WorldCover_2021_v200,Hansen_GFC2024v1.12_treecover2000,Landsat_C2_L2_GEE,CLCD_v01_zenodo.18180184,2026-06-10
SAIH_AFF_r33c49,117.463213,42.297194,1990,stable_forest,0.5837,0.606,0.00046,0.00521,0.119,0.9609,2019,1,early_restoration,rising,regimeC_v0_CLCD+NDVI,RS_derived,ESA_WorldCover_2021_v200,Hansen_GFC2024v1.12_treecover2000,Landsat_C2_L2_GEE,CLCD_v01_zenodo.18180184,2026-06-10
SAIH_AFF_r33c50,117.475264,42.297194,1985,stable_forest,0.9187,0.955,0.00463,0.00903,0.1745,0.9757,2016,0,stable_restoration,rising,regimeC_v0_CLCD+NDVI,RS_derived,ESA_WorldCover_2021_v200,Hansen_GFC2024v1.12_treecover2000,Landsat_C2_L2_GEE,CLCD_v01_zenodo.18180184,2026-06-10
SAIH_AFF_r33c51,117.487315,42.297194,1985,stable_forest,0.8611,0.9046,0.01306,0.00733,0.1781,0.9601,2012,0,stable_restoration,rising,regimeC_v0_CLCD+NDVI,RS_derived,ESA_WorldCover_2021_v200,Hansen_GFC2024v1.12_treecover2000,Landsat_C2_L2_GEE,CLCD_v01_zenodo.18180184,2026-06-10
SAIH_AFF_r33c52,117.499365,42.297194,1985,stable_forest,0.8188,0.86,0.00625,0.00574,0.1167,0.9654,2021,1,stable_restoration,rising,regimeC_v0_CLCD+NDVI,RS_derived,ESA_WorldCover_2021_v200,Hansen_GFC2024v1.12_treecover2000,Landsat_C2_L2_GEE,CLCD_v01_zenodo.18180184,2026-06-10
SAIH_AFF_r33c53,117.511416,42.297194,0,partial_forest,0.43,0.452,0.00362,0.00711,0.1447,0.9653,2022,0,early_restoration,rising,regimeC_v0_CLCD+NDVI,RS_derived,ESA_WorldCover_2021_v200,Hansen_GFC2024v1.12_treecover2000,Landsat_C2_L2_GEE,CLCD_v01_zenodo.18180184,2026-06-10
SAIH_AFF_r33c54,117.523467,42.297194,2008,partial_forest,0.6735,0.7049,0.01021,0.009,0.1733,0.9703,0,0,stable_restoration,rising,regimeC_v0_CLCD+NDVI,RS_derived,ESA_WorldCover_2021_v200,Hansen_GFC2024v1.12_treecover2000,Landsat_C2_L2_GEE,CLCD_v01_zenodo.18180184,2026-06-10
SAIH_AFF_r33c55,117.535518,42.297194,2000,partial_forest,0.7297,0.7576,0.00953,0.00668,0.1307,0.9726,2005,0,stable_restoration,rising,regimeC_v0_CLCD+NDVI,RS_derived,ESA_WorldCover_2021_v200,Hansen_GFC2024v1.12_treecover2000,Landsat_C2_L2_GEE,CLCD_v01_zenodo.18180184,2026-06-10
SAIH_AFF_r33c56,117.547568,42.297194,1985,stable_forest,0.8076,0.8406,0.01194,0.00852,0.1639,0.9782,2005,0,stable_restoration,rising,regimeC_v0_CLCD+NDVI,RS_derived,ESA_WorldCover_2021_v200,Hansen_GFC2024v1.12_treecover2000,Landsat_C2_L2_GEE,CLCD_v01_zenodo.18180184,2026-06-10
SAIH_AFF_r33c57,117.559619,42.297194,1985,stable_forest,0.7295,0.7593,0.00886,0.00889,0.1649,0.9683,2012,0,stable_restoration,rising,regimeC_v0_CLCD+NDVI,RS_derived,ESA_WorldCover_2021_v200,Hansen_GFC2024v1.12_treecover2000,Landsat_C2_L2_GEE,CLCD_v01_zenodo.18180184,2026-06-10
SAIH_AFF_r33c58,117.57167,42.297194,2015,partial_forest,0.5504,0.578,0.00976,0.00908,0.1657,0.9751,0,0,early_restoration,rising,regimeC_v0_CLCD+NDVI,RS_derived,ESA_WorldCover_2021_v200,Hansen_GFC2024v1.12_treecover2000,Landsat_C2_L2_GEE,CLCD_v01_zenodo.18180184,2026-06-10
SAIH_AFF_r33c59,117.583721,42.297194,1985,stable_forest,0.8423,0.8778,0.01498,0.01012,0.1854,0.9736,0,0,stable_restoration,rising,regimeC_v0_CLCD+NDVI,RS_derived,ESA_WorldCover_2021_v200,Hansen_GFC2024v1.12_treecover2000,Landsat_C2_L2_GEE,CLCD_v01_zenodo.18180184,2026-06-10
SAIH_AFF_r33c60,117.595772,42.297194,2014,partial_forest,0.6401,0.6696,0.01108,0.01103,0.2062,0.9768,2008,0,stable_restoration,rising,regimeC_v0_CLCD+NDVI,RS_derived,ESA_WorldCover_2021_v200,Hansen_GFC2024v1.12_treecover2000,Landsat_C2_L2_GEE,CLCD_v01_zenodo.18180184,2026-06-10
SAIH_AFF_r33c61,117.607822,42.297194,0,partial_forest,0.46,0.4835,0.00686,0.01154,0.2322,0.9578,2008,0,early_restoration,rising,regimeC_v0_CLCD+NDVI,RS_derived,ESA_WorldCover_2021_v200,Hansen_GFC2024v1.12_treecover2000,Landsat_C2_L2_GEE,CLCD_v01_zenodo.18180184,2026-06-10
SAIH_AFF_r33c62,117.619873,42.297194,1985,stable_forest,0.8474,0.8869,0.00356,0.00898,0.1697,0.9575,2021,0,stable_restoration,rising,regimeC_v0_CLCD+NDVI,RS_derived,ESA_WorldCover_2021_v200,Hansen_GFC2024v1.12_treecover2000,Landsat_C2_L2_GEE,CLCD_v01_zenodo.18180184,2026-06-10
SAIH_AFF_r33c63,117.631924,42.297194,1985,stable_forest,0.9457,0.9854,0.00728,0.00647,0.1139,0.9709,2022,1,stable_restoration,rising,regimeC_v0_CLCD+NDVI,RS_derived,ESA_WorldCover_2021_v200,Hansen_GFC2024v1.12_treecover2000,Landsat_C2_L2_GEE,CLCD_v01_zenodo.18180184,2026-06-10
SAIH_AFF_r33c64,117.643975,42.297194,2002,partial_forest,0.6622,0.6875,0.00622,0.00492,0.084,0.9581,2016,0,stable_restoration,rising,regimeC_v0_CLCD+NDVI,RS_derived,ESA_WorldCover_2021_v200,Hansen_GFC2024v1.12_treecover2000,Landsat_C2_L2_GEE,CLCD_v01_zenodo.18180184,2026-06-10
SAIH_AFF_r34c12,117.017335,42.288155,0,non_forest,0.1696,0.2043,0.00789,0.00942,0.188,0.9856,0,0,degraded,rising,regimeC_v0_CLCD+NDVI,RS_derived,ESA_WorldCover_2021_v200,Hansen_GFC2024v1.12_treecover2000,Landsat_C2_L2_GEE,CLCD_v01_zenodo.18180184,2026-06-10
SAIH_AFF_r34c13,117.029385,42.288155,0,non_forest,0.2033,0.2254,0.00937,0.00828,0.1655,0.9844,0,0,degraded,rising,regimeC_v0_CLCD+NDVI,RS_derived,ESA_WorldCover_2021_v200,Hansen_GFC2024v1.12_treecover2000,Landsat_C2_L2_GEE,CLCD_v01_zenodo.18180184,2026-06-10
SAIH_AFF_r34c22,117.137842,42.288155,2024,partial_forest,0.4863,0.519,0.02098,0.00917,0.1902,0.9621,0,0,early_restoration,rising,regimeC_v0_CLCD+NDVI,RS_derived,ESA_WorldCover_2021_v200,Hansen_GFC2024v1.12_treecover2000,Landsat_C2_L2_GEE,CLCD_v01_zenodo.18180184,2026-06-10
SAIH_AFF_r34c23,117.149893,42.288155,0,partial_forest,0.4067,0.4406,0.01187,0.00678,0.1628,0.9581,0,0,early_restoration,rising,regimeC_v0_CLCD+NDVI,RS_derived,ESA_WorldCover_2021_v200,Hansen_GFC2024v1.12_treecover2000,Landsat_C2_L2_GEE,CLCD_v01_zenodo.18180184,2026-06-10
SAIH_AFF_r34c24,117.161944,42.288155,0,partial_forest,0.3118,0.3359,0.01216,0.00831,0.1715,0.9537,0,0,early_restoration,rising,regimeC_v0_CLCD+NDVI,RS_derived,ESA_WorldCover_2021_v200,Hansen_GFC2024v1.12_treecover2000,Landsat_C2_L2_GEE,CLCD_v01_zenodo.18180184,2026-06-10
SAIH_AFF_r34c27,117.198096,42.288155,0,non_forest,0.2144,0.2484,0.01127,0.00841,0.1726,0.9651,2019,0,degraded,rising,regimeC_v0_CLCD+NDVI,RS_derived,ESA_WorldCover_2021_v200,Hansen_GFC2024v1.12_treecover2000,Landsat_C2_L2_GEE,CLCD_v01_zenodo.18180184,2026-06-10
SAIH_AFF_r34c28,117.210147,42.288155,0,partial_forest,0.4515,0.4922,0.02534,0.01123,0.2293,0.9686,2019,0,early_restoration,rising,regimeC_v0_CLCD+NDVI,RS_derived,ESA_WorldCover_2021_v200,Hansen_GFC2024v1.12_treecover2000,Landsat_C2_L2_GEE,CLCD_v01_zenodo.18180184,2026-06-10
SAIH_AFF_r34c29,117.222198,42.288155,0,non_forest,0.2529,0.2844,0.01415,0.01089,0.2364,0.9745,0,0,degraded,rising,regimeC_v0_CLCD+NDVI,RS_derived,ESA_WorldCover_2021_v200,Hansen_GFC2024v1.12_treecover2000,Landsat_C2_L2_GEE,CLCD_v01_zenodo.18180184,2026-06-10
SAIH_AFF_r34c30,117.234248,42.288155,0,partial_forest,0.3525,0.3891,0.0195,0.01038,0.2163,0.9609,0,0,early_restoration,rising,regimeC_v0_CLCD+NDVI,RS_derived,ESA_WorldCover_2021_v200,Hansen_GFC2024v1.12_treecover2000,Landsat_C2_L2_GEE,CLCD_v01_zenodo.18180184,2026-06-10
SAIH_AFF_r34c31,117.246299,42.288155,0,non_forest,0.1949,0.2038,0.00333,0.00507,0.1109,0.965,0,0,degraded,rising,regimeC_v0_CLCD+NDVI,RS_derived,ESA_WorldCover_2021_v200,Hansen_GFC2024v1.12_treecover2000,Landsat_C2_L2_GEE,CLCD_v01_zenodo.18180184,2026-06-10
SAIH_AFF_r34c32,117.25835,42.288155,0,partial_forest,0.3933,0.416,0.02064,0.00845,0.187,0.9681,0,0,early_restoration,rising,regimeC_v0_CLCD+NDVI,RS_derived,ESA_WorldCover_2021_v200,Hansen_GFC2024v1.12_treecover2000,Landsat_C2_L2_GEE,CLCD_v01_zenodo.18180184,2026-06-10
SAIH_AFF_r34c33,117.270401,42.288155,0,non_forest,0.1996,0.2306,0.00986,0.00718,0.163,0.9746,0,0,degraded,rising,regimeC_v0_CLCD+NDVI,RS_derived,ESA_WorldCover_2021_v200,Hansen_GFC2024v1.12_treecover2000,Landsat_C2_L2_GEE,CLCD_v01_zenodo.18180184,2026-06-10
SAIH_AFF_r34c34,117.282452,42.288155,2016,afforested,0.6583,0.7187,0.02548,0.0102,0.2247,0.9734,0,0,stable_restoration,rising,regimeC_v0_CLCD+NDVI,RS_derived,ESA_WorldCover_2021_v200,Hansen_GFC2024v1.12_treecover2000,Landsat_C2_L2_GEE,CLCD_v01_zenodo.18180184,2026-06-10
SAIH_AFF_r34c35,117.294502,42.288155,2010,partial_forest,0.8885,0.9511,0.03043,0.01038,0.2296,0.978,0,0,stable_restoration,rising,regimeC_v0_CLCD+NDVI,RS_derived,ESA_WorldCover_2021_v200,Hansen_GFC2024v1.12_treecover2000,Landsat_C2_L2_GEE,CLCD_v01_zenodo.18180184,2026-06-10
SAIH_AFF_r34c36,117.306553,42.288155,2010,afforested,0.7374,0.7662,0.03371,0.01043,0.245,0.9643,0,0,stable_restoration,rising,regimeC_v0_CLCD+NDVI,RS_derived,ESA_WorldCover_2021_v200,Hansen_GFC2024v1.12_treecover2000,Landsat_C2_L2_GEE,CLCD_v01_zenodo.18180184,2026-06-10
SAIH_AFF_r34c38,117.330655,42.288155,0,non_forest,0.2219,0.2484,0.01233,0.00999,0.2465,0.9526,2024,0,degraded,rising,regimeC_v0_CLCD+NDVI,RS_derived,ESA_WorldCover_2021_v200,Hansen_GFC2024v1.12_treecover2000,Landsat_C2_L2_GEE,CLCD_v01_zenodo.18180184,2026-06-10
SAIH_AFF_r34c39,117.342705,42.288155,0,non_forest,0.2368,0.2736,0.01144,0.00939,0.2355,0.9476,0,0,degraded,rising,regimeC_v0_CLCD+NDVI,RS_derived,ESA_WorldCover_2021_v200,Hansen_GFC2024v1.12_treecover2000,Landsat_C2_L2_GEE,CLCD_v01_zenodo.18180184,2026-06-10
SAIH_AFF_r34c42,117.378858,42.288155,0,partial_forest,0.3312,0.3519,0.0081,0.00781,0.1884,0.9479,2011,0,early_restoration,rising,regimeC_v0_CLCD+NDVI,RS_derived,ESA_WorldCover_2021_v200,Hansen_GFC2024v1.12_treecover2000,Landsat_C2_L2_GEE,CLCD_v01_zenodo.18180184,2026-06-10
SAIH_AFF_r34c43,117.390908,42.288155,1985,stable_forest,0.958,0.9974,0.00398,0.00649,0.1586,0.9686,2011,0,stable_restoration,rising,regimeC_v0_CLCD+NDVI,RS_derived,ESA_WorldCover_2021_v200,Hansen_GFC2024v1.12_treecover2000,Landsat_C2_L2_GEE,CLCD_v01_zenodo.18180184,2026-06-10
SAIH_AFF_r34c44,117.402959,42.288155,1985,stable_forest,0.9503,0.9888,0.00793,0.0061,0.1405,0.9676,2024,1,stable_restoration,rising,regimeC_v0_CLCD+NDVI,RS_derived,ESA_WorldCover_2021_v200,Hansen_GFC2024v1.12_treecover2000,Landsat_C2_L2_GEE,CLCD_v01_zenodo.18180184,2026-06-10
SAIH_AFF_r34c45,117.41501,42.288155,1985,stable_forest,0.8459,0.8798,0.00446,0.00673,0.1332,0.9758,2006,0,stable_restoration,rising,regimeC_v0_CLCD+NDVI,RS_derived,ESA_WorldCover_2021_v200,Hansen_GFC2024v1.12_treecover2000,Landsat_C2_L2_GEE,CLCD_v01_zenodo.18180184,2026-06-10
SAIH_AFF_r34c46,117.427061,42.288155,1990,stable_forest,0.7425,0.7736,0.00637,0.00537,0.1085,0.9814,0,0,stable_restoration,rising,regimeC_v0_CLCD+NDVI,RS_derived,ESA_WorldCover_2021_v200,Hansen_GFC2024v1.12_treecover2000,Landsat_C2_L2_GEE,CLCD_v01_zenodo.18180184,2026-06-10
SAIH_AFF_r34c47,117.439112,42.288155,1990,stable_forest,0.7372,0.792,0.00853,0.00736,0.155,0.9805,0,0,stable_restoration,rising,regimeC_v0_CLCD+NDVI,RS_derived,ESA_WorldCover_2021_v200,Hansen_GFC2024v1.12_treecover2000,Landsat_C2_L2_GEE,CLCD_v01_zenodo.18180184,2026-06-10
SAIH_AFF_r34c48,117.451162,42.288155,0,partial_forest,0.4675,0.4863,0.00455,0.00697,0.152,0.9629,0,0,early_restoration,rising,regimeC_v0_CLCD+NDVI,RS_derived,ESA_WorldCover_2021_v200,Hansen_GFC2024v1.12_treecover2000,Landsat_C2_L2_GEE,CLCD_v01_zenodo.18180184,2026-06-10
SAIH_AFF_r34c49,117.463213,42.288155,1985,stable_forest,0.701,0.7319,0.00321,0.00771,0.1647,0.9775,2001,0,stable_restoration,rising,regimeC_v0_CLCD+NDVI,RS_derived,ESA_WorldCover_2021_v200,Hansen_GFC2024v1.12_treecover2000,Landsat_C2_L2_GEE,CLCD_v01_zenodo.18180184,2026-06-10
SAIH_AFF_r34c50,117.475264,42.288155,2017,partial_forest,0.5694,0.5972,0.00997,0.00836,0.1698,0.9829,2007,0,early_restoration,rising,regimeC_v0_CLCD+NDVI,RS_derived,ESA_WorldCover_2021_v200,Hansen_GFC2024v1.12_treecover2000,Landsat_C2_L2_GEE,CLCD_v01_zenodo.18180184,2026-06-10
SAIH_AFF_r34c51,117.487315,42.288155,2015,partial_forest,0.6542,0.6826,0.01578,0.0096,0.2093,0.97,0,0,stable_restoration,rising,regimeC_v0_CLCD+NDVI,RS_derived,ESA_WorldCover_2021_v200,Hansen_GFC2024v1.12_treecover2000,Landsat_C2_L2_GEE,CLCD_v01_zenodo.18180184,2026-06-10
SAIH_AFF_r34c52,117.499365,42.288155,2010,partial_forest,0.7228,0.7582,0.01857,0.00971,0.2022,0.976,2021,0,stable_restoration,rising,regimeC_v0_CLCD+NDVI,RS_derived,ESA_WorldCover_2021_v200,Hansen_GFC2024v1.12_treecover2000,Landsat_C2_L2_GEE,CLCD_v01_zenodo.18180184,2026-06-10
SAIH_AFF_r34c53,117.511416,42.288155,2017,afforested,0.5445,0.5677,0.01355,0.0097,0.1999,0.9516,2022,0,early_restoration,rising,regimeC_v0_CLCD+NDVI,RS_derived,ESA_WorldCover_2021_v200,Hansen_GFC2024v1.12_treecover2000,Landsat_C2_L2_GEE,CLCD_v01_zenodo.18180184,2026-06-10
SAIH_AFF_r34c54,117.523467,42.288155,1990,stable_forest,0.5851,0.6071,0.0025,0.00906,0.1796,0.9568,0,0,early_restoration,rising,regimeC_v0_CLCD+NDVI,RS_derived,ESA_WorldCover_2021_v200,Hansen_GFC2024v1.12_treecover2000,Landsat_C2_L2_GEE,CLCD_v01_zenodo.18180184,2026-06-10
SAIH_AFF_r34c55,117.535518,42.288155,1985,stable_forest,0.8369,0.8686,0.01078,0.00907,0.1841,0.9679,0,0,stable_restoration,rising,regimeC_v0_CLCD+NDVI,RS_derived,ESA_WorldCover_2021_v200,Hansen_GFC2024v1.12_treecover2000,Landsat_C2_L2_GEE,CLCD_v01_zenodo.18180184,2026-06-10
SAIH_AFF_r34c56,117.547568,42.288155,1985,stable_forest,0.7971,0.8268,0.0069,0.00841,0.156,0.9731,0,0,stable_restoration,rising,regimeC_v0_CLCD+NDVI,RS_derived,ESA_WorldCover_2021_v200,Hansen_GFC2024v1.12_treecover2000,Landsat_C2_L2_GEE,CLCD_v01_zenodo.18180184,2026-06-10
SAIH_AFF_r34c57,117.559619,42.288155,1985,stable_forest,0.7744,0.8045,0.00241,0.0087,0.159,0.9594,0,0,stable_restoration,rising,regimeC_v0_CLCD+NDVI,RS_derived,ESA_WorldCover_2021_v200,Hansen_GFC2024v1.12_treecover2000,Landsat_C2_L2_GEE,CLCD_v01_zenodo.18180184,2026-06-10
SAIH_AFF_r34c58,117.57167,42.288155,2019,partial_forest,0.5135,0.5368,0.00711,0.01114,0.2164,0.9567,0,0,early_restoration,rising,regimeC_v0_CLCD+NDVI,RS_derived,ESA_WorldCover_2021_v200,Hansen_GFC2024v1.12_treecover2000,Landsat_C2_L2_GEE,CLCD_v01_zenodo.18180184,2026-06-10
SAIH_AFF_r34c59,117.583721,42.288155,0,partial_forest,0.4582,0.4841,0.01417,0.01254,0.2393,0.9678,0,0,early_restoration,rising,regimeC_v0_CLCD+NDVI,RS_derived,ESA_WorldCover_2021_v200,Hansen_GFC2024v1.12_treecover2000,Landsat_C2_L2_GEE,CLCD_v01_zenodo.18180184,2026-06-10
SAIH_AFF_r34c60,117.595772,42.288155,0,partial_forest,0.4295,0.4486,0.00957,0.01109,0.2141,0.9756,2012,0,early_restoration,rising,regimeC_v0_CLCD+NDVI,RS_derived,ESA_WorldCover_2021_v200,Hansen_GFC2024v1.12_treecover2000,Landsat_C2_L2_GEE,CLCD_v01_zenodo.18180184,2026-06-10
SAIH_AFF_r34c61,117.607822,42.288155,1985,stable_forest,0.7478,0.7668,0.00281,0.01278,0.2428,0.9717,2015,0,stable_restoration,rising,regimeC_v0_CLCD+NDVI,RS_derived,ESA_WorldCover_2021_v200,Hansen_GFC2024v1.12_treecover2000,Landsat_C2_L2_GEE,CLCD_v01_zenodo.18180184,2026-06-10
SAIH_AFF_r34c62,117.619873,42.288155,1985,stable_forest,0.8119,0.8434,0.00116,0.00588,0.106,0.9663,2022,1,stable_restoration,rising,regimeC_v0_CLCD+NDVI,RS_derived,ESA_WorldCover_2021_v200,Hansen_GFC2024v1.12_treecover2000,Landsat_C2_L2_GEE,CLCD_v01_zenodo.18180184,2026-06-10
SAIH_AFF_r34c63,117.631924,42.288155,0,partial_forest,0.3786,0.3971,0.0069,0.00511,0.0753,0.9666,2024,1,early_restoration,rising,regimeC_v0_CLCD+NDVI,RS_derived,ESA_WorldCover_2021_v200,Hansen_GFC2024v1.12_treecover2000,Landsat_C2_L2_GEE,CLCD_v01_zenodo.18180184,2026-06-10
SAIH_AFF_r34c64,117.643975,42.288155,0,non_forest,0.1816,0.1884,0.00228,0.0076,0.1378,0.9425,0,0,degraded,rising,regimeC_v0_CLCD+NDVI,RS_derived,ESA_WorldCover_2021_v200,Hansen_GFC2024v1.12_treecover2000,Landsat_C2_L2_GEE,CLCD_v01_zenodo.18180184,2026-06-10
SAIH_AFF_r35c12,117.017335,42.279116,0,non_forest,0.2199,0.2466,0.00697,0.00747,0.1526,0.9848,0,0,degraded,rising,regimeC_v0_CLCD+NDVI,RS_derived,ESA_WorldCover_2021_v200,Hansen_GFC2024v1.12_treecover2000,Landsat_C2_L2_GEE,CLCD_v01_zenodo.18180184,2026-06-10
SAIH_AFF_r35c13,117.029385,42.279116,0,non_forest,0.1924,0.2095,0.00759,0.00758,0.1575,0.9904,0,0,degraded,rising,regimeC_v0_CLCD+NDVI,RS_derived,ESA_WorldCover_2021_v200,Hansen_GFC2024v1.12_treecover2000,Landsat_C2_L2_GEE,CLCD_v01_zenodo.18180184,2026-06-10
SAIH_AFF_r35c14,117.041436,42.279116,0,non_forest,0.1055,0.1064,0.00371,0.0079,0.1596,0.9869,0,0,degraded,rising,regimeC_v0_CLCD+NDVI,RS_derived,ESA_WorldCover_2021_v200,Hansen_GFC2024v1.12_treecover2000,Landsat_C2_L2_GEE,CLCD_v01_zenodo.18180184,2026-06-10
SAIH_AFF_r35c21,117.125792,42.279116,0,non_forest,0.2951,0.321,0.00914,0.00912,0.1865,0.9688,0,0,degraded,rising,regimeC_v0_CLCD+NDVI,RS_derived,ESA_WorldCover_2021_v200,Hansen_GFC2024v1.12_treecover2000,Landsat_C2_L2_GEE,CLCD_v01_zenodo.18180184,2026-06-10
SAIH_AFF_r35c24,117.161944,42.279116,0,non_forest,0.1726,0.1849,0.00864,0.00663,0.1401,0.9597,0,0,degraded,rising,regimeC_v0_CLCD+NDVI,RS_derived,ESA_WorldCover_2021_v200,Hansen_GFC2024v1.12_treecover2000,Landsat_C2_L2_GEE,CLCD_v01_zenodo.18180184,2026-06-10
SAIH_AFF_r35c29,117.222198,42.279116,0,non_forest,0.2869,0.3393,0.0149,0.00966,0.2032,0.9668,2001,0,early_restoration,rising,regimeC_v0_CLCD+NDVI,RS_derived,ESA_WorldCover_2021_v200,Hansen_GFC2024v1.12_treecover2000,Landsat_C2_L2_GEE,CLCD_v01_zenodo.18180184,2026-06-10
SAIH_AFF_r35c30,117.234248,42.279116,0,non_forest,0.2341,0.3202,0.01174,0.00971,0.2097,0.9634,0,0,degraded,rising,regimeC_v0_CLCD+NDVI,RS_derived,ESA_WorldCover_2021_v200,Hansen_GFC2024v1.12_treecover2000,Landsat_C2_L2_GEE,CLCD_v01_zenodo.18180184,2026-06-10
SAIH_AFF_r35c34,117.282452,42.279116,2019,afforested,0.5532,0.5894,0.02579,0.0094,0.2059,0.974,0,0,early_restoration,rising,regimeC_v0_CLCD+NDVI,RS_derived,ESA_WorldCover_2021_v200,Hansen_GFC2024v1.12_treecover2000,Landsat_C2_L2_GEE,CLCD_v01_zenodo.18180184,2026-06-10
SAIH_AFF_r35c35,117.294502,42.279116,2008,partial_forest,0.8069,0.8484,0.01805,0.00848,0.1747,0.9728,0,0,stable_restoration,rising,regimeC_v0_CLCD+NDVI,RS_derived,ESA_WorldCover_2021_v200,Hansen_GFC2024v1.12_treecover2000,Landsat_C2_L2_GEE,CLCD_v01_zenodo.18180184,2026-06-10
SAIH_AFF_r35c36,117.306553,42.279116,0,partial_forest,0.3559,0.3737,0.00938,0.00664,0.1727,0.9718,0,0,early_restoration,rising,regimeC_v0_CLCD+NDVI,RS_derived,ESA_WorldCover_2021_v200,Hansen_GFC2024v1.12_treecover2000,Landsat_C2_L2_GEE,CLCD_v01_zenodo.18180184,2026-06-10
SAIH_AFF_r35c42,117.378858,42.279116,2016,partial_forest,0.509,0.5288,0.00483,0.00586,0.1409,0.9594,2016,0,early_restoration,rising,regimeC_v0_CLCD+NDVI,RS_derived,ESA_WorldCover_2021_v200,Hansen_GFC2024v1.12_treecover2000,Landsat_C2_L2_GEE,CLCD_v01_zenodo.18180184,2026-06-10
SAIH_AFF_r35c43,117.390908,42.279116,1985,stable_forest,0.9761,1.014,0.00236,0.00697,0.1539,0.9717,2023,0,stable_restoration,rising,regimeC_v0_CLCD+NDVI,RS_derived,ESA_WorldCover_2021_v200,Hansen_GFC2024v1.12_treecover2000,Landsat_C2_L2_GEE,CLCD_v01_zenodo.18180184,2026-06-10
SAIH_AFF_r35c44,117.402959,42.279116,1985,stable_forest,0.9847,1.022,0.00102,0.00596,0.1369,0.9756,2021,0,stable_restoration,rising,regimeC_v0_CLCD+NDVI,RS_derived,ESA_WorldCover_2021_v200,Hansen_GFC2024v1.12_treecover2000,Landsat_C2_L2_GEE,CLCD_v01_zenodo.18180184,2026-06-10
SAIH_AFF_r35c45,117.41501,42.279116,1985,stable_forest,0.9394,0.9757,0.00562,0.00819,0.1704,0.9707,2001,0,stable_restoration,rising,regimeC_v0_CLCD+NDVI,RS_derived,ESA_WorldCover_2021_v200,Hansen_GFC2024v1.12_treecover2000,Landsat_C2_L2_GEE,CLCD_v01_zenodo.18180184,2026-06-10
SAIH_AFF_r35c46,117.427061,42.279116,1985,stable_forest,0.9602,1.0014,0.00275,0.00654,0.1392,0.9795,2016,0,stable_restoration,rising,regimeC_v0_CLCD+NDVI,RS_derived,ESA_WorldCover_2021_v200,Hansen_GFC2024v1.12_treecover2000,Landsat_C2_L2_GEE,CLCD_v01_zenodo.18180184,2026-06-10
SAIH_AFF_r35c47,117.439112,42.279116,1985,stable_forest,0.9216,0.9579,0.00239,0.0072,0.1478,0.9854,2012,0,stable_restoration,rising,regimeC_v0_CLCD+NDVI,RS_derived,ESA_WorldCover_2021_v200,Hansen_GFC2024v1.12_treecover2000,Landsat_C2_L2_GEE,CLCD_v01_zenodo.18180184,2026-06-10
SAIH_AFF_r35c48,117.451162,42.279116,1985,stable_forest,0.9405,0.9767,0.00254,0.00637,0.1267,0.9792,0,0,stable_restoration,rising,regimeC_v0_CLCD+NDVI,RS_derived,ESA_WorldCover_2021_v200,Hansen_GFC2024v1.12_treecover2000,Landsat_C2_L2_GEE,CLCD_v01_zenodo.18180184,2026-06-10
SAIH_AFF_r35c49,117.463213,42.279116,2005,partial_forest,0.5645,0.5916,0.00351,0.00723,0.1593,0.9661,0,0,early_restoration,rising,regimeC_v0_CLCD+NDVI,RS_derived,ESA_WorldCover_2021_v200,Hansen_GFC2024v1.12_treecover2000,Landsat_C2_L2_GEE,CLCD_v01_zenodo.18180184,2026-06-10
SAIH_AFF_r35c50,117.475264,42.279116,1985,stable_forest,0.8341,0.8658,0.01326,0.00974,0.2071,0.9722,0,0,stable_restoration,rising,regimeC_v0_CLCD+NDVI,RS_derived,ESA_WorldCover_2021_v200,Hansen_GFC2024v1.12_treecover2000,Landsat_C2_L2_GEE,CLCD_v01_zenodo.18180184,2026-06-10
SAIH_AFF_r35c51,117.487315,42.279116,2019,partial_forest,0.5224,0.5441,0.00921,0.00907,0.1809,0.9693,0,0,early_restoration,rising,regimeC_v0_CLCD+NDVI,RS_derived,ESA_WorldCover_2021_v200,Hansen_GFC2024v1.12_treecover2000,Landsat_C2_L2_GEE,CLCD_v01_zenodo.18180184,2026-06-10
SAIH_AFF_r35c52,117.499365,42.279116,2020,afforested,0.5297,0.5568,0.01323,0.00936,0.179,0.9677,2023,0,early_restoration,rising,regimeC_v0_CLCD+NDVI,RS_derived,ESA_WorldCover_2021_v200,Hansen_GFC2024v1.12_treecover2000,Landsat_C2_L2_GEE,CLCD_v01_zenodo.18180184,2026-06-10
SAIH_AFF_r35c53,117.511416,42.279116,2020,afforested,0.5497,0.5911,0.02019,0.01176,0.233,0.9624,0,0,early_restoration,rising,regimeC_v0_CLCD+NDVI,RS_derived,ESA_WorldCover_2021_v200,Hansen_GFC2024v1.12_treecover2000,Landsat_C2_L2_GEE,CLCD_v01_zenodo.18180184,2026-06-10
SAIH_AFF_r35c54,117.523467,42.279116,1985,stable_forest,0.9322,0.9694,0.00687,0.00918,0.173,0.9789,0,0,stable_restoration,rising,regimeC_v0_CLCD+NDVI,RS_derived,ESA_WorldCover_2021_v200,Hansen_GFC2024v1.12_treecover2000,Landsat_C2_L2_GEE,CLCD_v01_zenodo.18180184,2026-06-10
SAIH_AFF_r35c55,117.535518,42.279116,1990,stable_forest,0.824,0.8568,0.00986,0.00656,0.137,0.9739,0,0,stable_restoration,rising,regimeC_v0_CLCD+NDVI,RS_derived,ESA_WorldCover_2021_v200,Hansen_GFC2024v1.12_treecover2000,Landsat_C2_L2_GEE,CLCD_v01_zenodo.18180184,2026-06-10
SAIH_AFF_r35c56,117.547568,42.279116,1985,stable_forest,0.8553,0.8892,0.00644,0.00808,0.1493,0.9625,0,0,stable_restoration,rising,regimeC_v0_CLCD+NDVI,RS_derived,ESA_WorldCover_2021_v200,Hansen_GFC2024v1.12_treecover2000,Landsat_C2_L2_GEE,CLCD_v01_zenodo.18180184,2026-06-10
SAIH_AFF_r35c57,117.559619,42.279116,1985,stable_forest,0.7663,0.8102,0.01171,0.00835,0.1421,0.9559,0,0,stable_restoration,rising,regimeC_v0_CLCD+NDVI,RS_derived,ESA_WorldCover_2021_v200,Hansen_GFC2024v1.12_treecover2000,Landsat_C2_L2_GEE,CLCD_v01_zenodo.18180184,2026-06-10
SAIH_AFF_r35c58,117.57167,42.279116,1985,stable_forest,0.8457,0.8846,0.00727,0.00909,0.1678,0.9686,0,0,stable_restoration,rising,regimeC_v0_CLCD+NDVI,RS_derived,ESA_WorldCover_2021_v200,Hansen_GFC2024v1.12_treecover2000,Landsat_C2_L2_GEE,CLCD_v01_zenodo.18180184,2026-06-10
SAIH_AFF_r35c59,117.583721,42.279116,1985,stable_forest,0.8077,0.8389,0.00268,0.00896,0.1758,0.9615,0,0,stable_restoration,rising,regimeC_v0_CLCD+NDVI,RS_derived,ESA_WorldCover_2021_v200,Hansen_GFC2024v1.12_treecover2000,Landsat_C2_L2_GEE,CLCD_v01_zenodo.18180184,2026-06-10
SAIH_AFF_r35c60,117.595772,42.279116,1985,stable_forest,0.9232,0.9589,0.00497,0.00864,0.1741,0.9791,0,0,stable_restoration,rising,regimeC_v0_CLCD+NDVI,RS_derived,ESA_WorldCover_2021_v200,Hansen_GFC2024v1.12_treecover2000,Landsat_C2_L2_GEE,CLCD_v01_zenodo.18180184,2026-06-10
SAIH_AFF_r35c61,117.607822,42.279116,1985,stable_forest,0.9696,1.0111,0.00887,0.00567,0.1076,0.9723,2021,1,stable_restoration,rising,regimeC_v0_CLCD+NDVI,RS_derived,ESA_WorldCover_2021_v200,Hansen_GFC2024v1.12_treecover2000,Landsat_C2_L2_GEE,CLCD_v01_zenodo.18180184,2026-06-10
SAIH_AFF_r35c62,117.619873,42.279116,2006,partial_forest,0.6207,0.6603,0.00973,0.00391,0.0673,0.9647,2021,1,stable_restoration,rising,regimeC_v0_CLCD+NDVI,RS_derived,ESA_WorldCover_2021_v200,Hansen_GFC2024v1.12_treecover2000,Landsat_C2_L2_GEE,CLCD_v01_zenodo.18180184,2026-06-10
SAIH_AFF_r35c63,117.631924,42.279116,0,partial_forest,0.4847,0.5179,0.00377,0.00872,0.1655,0.9559,2019,0,early_restoration,rising,regimeC_v0_CLCD+NDVI,RS_derived,ESA_WorldCover_2021_v200,Hansen_GFC2024v1.12_treecover2000,Landsat_C2_L2_GEE,CLCD_v01_zenodo.18180184,2026-06-10
SAIH_AFF_r35c64,117.643975,42.279116,1985,stable_forest,0.915,0.9539,0.00791,0.0077,0.1501,0.9826,2023,1,stable_restoration,rising,regimeC_v0_CLCD+NDVI,RS_derived,ESA_WorldCover_2021_v200,Hansen_GFC2024v1.12_treecover2000,Landsat_C2_L2_GEE,CLCD_v01_zenodo.18180184,2026-06-10
SAIH_AFF_r36c08,116.969132,42.270077,0,non_forest,0.2359,0.2506,0.01257,0.00887,0.1583,0.9701,0,0,degraded,rising,regimeC_v0_CLCD+NDVI,RS_derived,ESA_WorldCover_2021_v200,Hansen_GFC2024v1.12_treecover2000,Landsat_C2_L2_GEE,CLCD_v01_zenodo.18180184,2026-06-10
SAIH_AFF_r36c09,116.981182,42.270077,0,non_forest,0.2406,0.2718,0.01138,0.01021,0.1861,0.9845,0,0,degraded,rising,regimeC_v0_CLCD+NDVI,RS_derived,ESA_WorldCover_2021_v200,Hansen_GFC2024v1.12_treecover2000,Landsat_C2_L2_GEE,CLCD_v01_zenodo.18180184,2026-06-10
SAIH_AFF_r36c12,117.017335,42.270077,0,non_forest,0.1526,0.1676,0.00547,0.00841,0.1608,0.9862,0,0,degraded,rising,regimeC_v0_CLCD+NDVI,RS_derived,ESA_WorldCover_2021_v200,Hansen_GFC2024v1.12_treecover2000,Landsat_C2_L2_GEE,CLCD_v01_zenodo.18180184,2026-06-10
SAIH_AFF_r36c13,117.029385,42.270077,0,partial_forest,0.4472,0.4904,0.01294,0.00943,0.1797,0.9849,0,0,early_restoration,rising,regimeC_v0_CLCD+NDVI,RS_derived,ESA_WorldCover_2021_v200,Hansen_GFC2024v1.12_treecover2000,Landsat_C2_L2_GEE,CLCD_v01_zenodo.18180184,2026-06-10
SAIH_AFF_r36c14,117.041436,42.270077,0,non_forest,0.1152,0.1265,0.00357,0.00837,0.1759,0.9768,0,0,degraded,rising,regimeC_v0_CLCD+NDVI,RS_derived,ESA_WorldCover_2021_v200,Hansen_GFC2024v1.12_treecover2000,Landsat_C2_L2_GEE,CLCD_v01_zenodo.18180184,2026-06-10
SAIH_AFF_r36c30,117.234248,42.270077,0,partial_forest,0.3032,0.3611,0.00989,0.00986,0.2046,0.9466,0,0,early_restoration,rising,regimeC_v0_CLCD+NDVI,RS_derived,ESA_WorldCover_2021_v200,Hansen_GFC2024v1.12_treecover2000,Landsat_C2_L2_GEE,CLCD_v01_zenodo.18180184,2026-06-10
SAIH_AFF_r36c32,117.25835,42.270077,0,partial_forest,0.3663,0.412,0.01394,0.00652,0.1626,0.9632,0,0,early_restoration,rising,regimeC_v0_CLCD+NDVI,RS_derived,ESA_WorldCover_2021_v200,Hansen_GFC2024v1.12_treecover2000,Landsat_C2_L2_GEE,CLCD_v01_zenodo.18180184,2026-06-10
SAIH_AFF_r36c33,117.270401,42.270077,0,partial_forest,0.4223,0.4555,0.01332,0.00553,0.13,0.974,0,0,early_restoration,rising,regimeC_v0_CLCD+NDVI,RS_derived,ESA_WorldCover_2021_v200,Hansen_GFC2024v1.12_treecover2000,Landsat_C2_L2_GEE,CLCD_v01_zenodo.18180184,2026-06-10
SAIH_AFF_r36c34,117.282452,42.270077,0,partial_forest,0.4501,0.4756,0.01001,0.00427,0.1059,0.9666,0,0,early_restoration,rising,regimeC_v0_CLCD+NDVI,RS_derived,ESA_WorldCover_2021_v200,Hansen_GFC2024v1.12_treecover2000,Landsat_C2_L2_GEE,CLCD_v01_zenodo.18180184,2026-06-10
SAIH_AFF_r36c35,117.294502,42.270077,0,partial_forest,0.3377,0.3712,0.00486,0.00516,0.1301,0.9668,0,0,early_restoration,rising,regimeC_v0_CLCD+NDVI,RS_derived,ESA_WorldCover_2021_v200,Hansen_GFC2024v1.12_treecover2000,Landsat_C2_L2_GEE,CLCD_v01_zenodo.18180184,2026-06-10
SAIH_AFF_r36c36,117.306553,42.270077,0,non_forest,0.2322,0.2455,0.00396,0.0056,0.1473,0.9687,2005,0,degraded,rising,regimeC_v0_CLCD+NDVI,RS_derived,ESA_WorldCover_2021_v200,Hansen_GFC2024v1.12_treecover2000,Landsat_C2_L2_GEE,CLCD_v01_zenodo.18180184,2026-06-10
SAIH_AFF_r36c42,117.378858,42.270077,1985,stable_forest,0.6023,0.6232,0.00279,0.00481,0.122,0.9523,2021,0,early_restoration,rising,regimeC_v0_CLCD+NDVI,RS_derived,ESA_WorldCover_2021_v200,Hansen_GFC2024v1.12_treecover2000,Landsat_C2_L2_GEE,CLCD_v01_zenodo.18180184,2026-06-10
SAIH_AFF_r36c43,117.390908,42.270077,1985,stable_forest,0.9945,1.0317,0.00152,0.00552,0.1293,0.9615,2021,1,stable_restoration,rising,regimeC_v0_CLCD+NDVI,RS_derived,ESA_WorldCover_2021_v200,Hansen_GFC2024v1.12_treecover2000,Landsat_C2_L2_GEE,CLCD_v01_zenodo.18180184,2026-06-10
SAIH_AFF_r36c44,117.402959,42.270077,1985,stable_forest,0.9736,1.0111,0.00155,0.00453,0.1032,0.9668,2015,0,stable_restoration,rising,regimeC_v0_CLCD+NDVI,RS_derived,ESA_WorldCover_2021_v200,Hansen_GFC2024v1.12_treecover2000,Landsat_C2_L2_GEE,CLCD_v01_zenodo.18180184,2026-06-10
SAIH_AFF_r36c45,117.41501,42.270077,1985,stable_forest,0.9389,0.974,0.00218,0.0063,0.1255,0.9814,2021,0,stable_restoration,rising,regimeC_v0_CLCD+NDVI,RS_derived,ESA_WorldCover_2021_v200,Hansen_GFC2024v1.12_treecover2000,Landsat_C2_L2_GEE,CLCD_v01_zenodo.18180184,2026-06-10
SAIH_AFF_r36c46,117.427061,42.270077,1985,stable_forest,0.9851,1.022,0.00176,0.00584,0.1128,0.988,0,0,stable_restoration,rising,regimeC_v0_CLCD+NDVI,RS_derived,ESA_WorldCover_2021_v200,Hansen_GFC2024v1.12_treecover2000,Landsat_C2_L2_GEE,CLCD_v01_zenodo.18180184,2026-06-10
SAIH_AFF_r36c47,117.439112,42.270077,1985,stable_forest,0.9417,0.979,0.00438,0.00841,0.1657,0.9862,2009,0,stable_restoration,rising,regimeC_v0_CLCD+NDVI,RS_derived,ESA_WorldCover_2021_v200,Hansen_GFC2024v1.12_treecover2000,Landsat_C2_L2_GEE,CLCD_v01_zenodo.18180184,2026-06-10
SAIH_AFF_r36c48,117.451162,42.270077,1985,stable_forest,0.9326,0.9745,0.00518,0.00784,0.1582,0.9801,2007,0,stable_restoration,rising,regimeC_v0_CLCD+NDVI,RS_derived,ESA_WorldCover_2021_v200,Hansen_GFC2024v1.12_treecover2000,Landsat_C2_L2_GEE,CLCD_v01_zenodo.18180184,2026-06-10
SAIH_AFF_r36c49,117.463213,42.270077,2017,partial_forest,0.5385,0.5591,0.00515,0.00775,0.1581,0.9748,0,0,early_restoration,rising,regimeC_v0_CLCD+NDVI,RS_derived,ESA_WorldCover_2021_v200,Hansen_GFC2024v1.12_treecover2000,Landsat_C2_L2_GEE,CLCD_v01_zenodo.18180184,2026-06-10
SAIH_AFF_r36c50,117.475264,42.270077,2015,afforested,0.6834,0.7133,0.02251,0.01198,0.2396,0.9798,0,0,stable_restoration,rising,regimeC_v0_CLCD+NDVI,RS_derived,ESA_WorldCover_2021_v200,Hansen_GFC2024v1.12_treecover2000,Landsat_C2_L2_GEE,CLCD_v01_zenodo.18180184,2026-06-10
SAIH_AFF_r36c51,117.487315,42.270077,0,partial_forest,0.4631,0.4875,0.01759,0.00814,0.1582,0.9653,2007,0,early_restoration,rising,regimeC_v0_CLCD+NDVI,RS_derived,ESA_WorldCover_2021_v200,Hansen_GFC2024v1.12_treecover2000,Landsat_C2_L2_GEE,CLCD_v01_zenodo.18180184,2026-06-10
SAIH_AFF_r36c52,117.499365,42.270077,1985,stable_forest,0.7416,0.7697,0.00465,0.00878,0.1571,0.9579,2023,0,stable_restoration,rising,regimeC_v0_CLCD+NDVI,RS_derived,ESA_WorldCover_2021_v200,Hansen_GFC2024v1.12_treecover2000,Landsat_C2_L2_GEE,CLCD_v01_zenodo.18180184,2026-06-10
SAIH_AFF_r36c53,117.511416,42.270077,1985,stable_forest,0.9826,1.0208,0.00195,0.00809,0.1575,0.9723,2001,0,stable_restoration,rising,regimeC_v0_CLCD+NDVI,RS_derived,ESA_WorldCover_2021_v200,Hansen_GFC2024v1.12_treecover2000,Landsat_C2_L2_GEE,CLCD_v01_zenodo.18180184,2026-06-10
SAIH_AFF_r36c54,117.523467,42.270077,1985,stable_forest,0.9917,1.0288,0.00296,0.00481,0.088,0.9637,2021,1,stable_restoration,rising,regimeC_v0_CLCD+NDVI,RS_derived,ESA_WorldCover_2021_v200,Hansen_GFC2024v1.12_treecover2000,Landsat_C2_L2_GEE,CLCD_v01_zenodo.18180184,2026-06-10
SAIH_AFF_r36c55,117.535518,42.270077,2000,partial_forest,0.7862,0.8243,0.01457,0.00685,0.1348,0.97,2017,0,stable_restoration,rising,regimeC_v0_CLCD+NDVI,RS_derived,ESA_WorldCover_2021_v200,Hansen_GFC2024v1.12_treecover2000,Landsat_C2_L2_GEE,CLCD_v01_zenodo.18180184,2026-06-10
SAIH_AFF_r36c56,117.547568,42.270077,1985,stable_forest,0.8651,0.9012,0.00485,0.00919,0.1653,0.9683,0,0,stable_restoration,rising,regimeC_v0_CLCD+NDVI,RS_derived,ESA_WorldCover_2021_v200,Hansen_GFC2024v1.12_treecover2000,Landsat_C2_L2_GEE,CLCD_v01_zenodo.18180184,2026-06-10
SAIH_AFF_r36c57,117.559619,42.270077,1985,stable_forest,0.8901,0.9235,0.00618,0.0086,0.1524,0.9726,0,0,stable_restoration,rising,regimeC_v0_CLCD+NDVI,RS_derived,ESA_WorldCover_2021_v200,Hansen_GFC2024v1.12_treecover2000,Landsat_C2_L2_GEE,CLCD_v01_zenodo.18180184,2026-06-10
SAIH_AFF_r36c58,117.57167,42.270077,1985,stable_forest,0.8323,0.8669,0.0046,0.00617,0.1145,0.9774,2019,0,stable_restoration,rising,regimeC_v0_CLCD+NDVI,RS_derived,ESA_WorldCover_2021_v200,Hansen_GFC2024v1.12_treecover2000,Landsat_C2_L2_GEE,CLCD_v01_zenodo.18180184,2026-06-10
SAIH_AFF_r36c59,117.583721,42.270077,1985,stable_forest,0.9037,0.9407,0.00427,0.00696,0.1365,0.9802,0,0,stable_restoration,rising,regimeC_v0_CLCD+NDVI,RS_derived,ESA_WorldCover_2021_v200,Hansen_GFC2024v1.12_treecover2000,Landsat_C2_L2_GEE,CLCD_v01_zenodo.18180184,2026-06-10
SAIH_AFF_r36c60,117.595772,42.270077,1985,stable_forest,0.948,0.9831,0.01142,0.00899,0.1779,0.9784,2012,0,stable_restoration,rising,regimeC_v0_CLCD+NDVI,RS_derived,ESA_WorldCover_2021_v200,Hansen_GFC2024v1.12_treecover2000,Landsat_C2_L2_GEE,CLCD_v01_zenodo.18180184,2026-06-10
SAIH_AFF_r36c61,117.607822,42.270077,2011,afforested,0.8467,0.8778,0.03189,0.0077,0.1469,0.967,2022,1,stable_restoration,rising,regimeC_v0_CLCD+NDVI,RS_derived,ESA_WorldCover_2021_v200,Hansen_GFC2024v1.12_treecover2000,Landsat_C2_L2_GEE,CLCD_v01_zenodo.18180184,2026-06-10
SAIH_AFF_r36c62,117.619873,42.270077,1985,stable_forest,0.8863,0.9276,0.00705,0.00274,0.054,0.962,2021,1,stable_restoration,flat,regimeC_v0_CLCD+NDVI,RS_derived,ESA_WorldCover_2021_v200,Hansen_GFC2024v1.12_treecover2000,Landsat_C2_L2_GEE,CLCD_v01_zenodo.18180184,2026-06-10
SAIH_AFF_r36c63,117.631924,42.270077,1985,stable_forest,0.9134,0.951,0.00021,0.00598,0.1192,0.9692,2014,0,stable_restoration,rising,regimeC_v0_CLCD+NDVI,RS_derived,ESA_WorldCover_2021_v200,Hansen_GFC2024v1.12_treecover2000,Landsat_C2_L2_GEE,CLCD_v01_zenodo.18180184,2026-06-10
SAIH_AFF_r36c64,117.643975,42.270077,1991,stable_forest,0.9086,0.9466,0.01533,0.00617,0.1284,0.977,0,0,stable_restoration,rising,regimeC_v0_CLCD+NDVI,RS_derived,ESA_WorldCover_2021_v200,Hansen_GFC2024v1.12_treecover2000,Landsat_C2_L2_GEE,CLCD_v01_zenodo.18180184,2026-06-10
SAIH_AFF_r37c08,116.969132,42.261038,0,non_forest,0.2264,0.242,0.01235,0.00858,0.1559,0.973,0,0,degraded,rising,regimeC_v0_CLCD+NDVI,RS_derived,ESA_WorldCover_2021_v200,Hansen_GFC2024v1.12_treecover2000,Landsat_C2_L2_GEE,CLCD_v01_zenodo.18180184,2026-06-10
SAIH_AFF_r37c09,116.981182,42.261038,0,non_forest,0.1264,0.1413,0.00532,0.00981,0.1817,0.9757,0,0,degraded,rising,regimeC_v0_CLCD+NDVI,RS_derived,ESA_WorldCover_2021_v200,Hansen_GFC2024v1.12_treecover2000,Landsat_C2_L2_GEE,CLCD_v01_zenodo.18180184,2026-06-10
SAIH_AFF_r37c12,117.017335,42.261038,0,non_forest,0.1118,0.1219,0.00418,0.00728,0.1322,0.9837,2010,0,degraded,rising,regimeC_v0_CLCD+NDVI,RS_derived,ESA_WorldCover_2021_v200,Hansen_GFC2024v1.12_treecover2000,Landsat_C2_L2_GEE,CLCD_v01_zenodo.18180184,2026-06-10
SAIH_AFF_r37c13,117.029385,42.261038,0,non_forest,0.2524,0.2741,0.00698,0.00864,0.162,0.991,0,0,degraded,rising,regimeC_v0_CLCD+NDVI,RS_derived,ESA_WorldCover_2021_v200,Hansen_GFC2024v1.12_treecover2000,Landsat_C2_L2_GEE,CLCD_v01_zenodo.18180184,2026-06-10
SAIH_AFF_r37c33,117.270401,42.261038,2022,partial_forest,0.5077,0.5441,0.00558,0.0055,0.1133,0.9748,0,0,early_restoration,rising,regimeC_v0_CLCD+NDVI,RS_derived,ESA_WorldCover_2021_v200,Hansen_GFC2024v1.12_treecover2000,Landsat_C2_L2_GEE,CLCD_v01_zenodo.18180184,2026-06-10
SAIH_AFF_r37c34,117.282452,42.261038,0,partial_forest,0.4166,0.4354,0.004,0.00421,0.1028,0.9836,0,0,early_restoration,rising,regimeC_v0_CLCD+NDVI,RS_derived,ESA_WorldCover_2021_v200,Hansen_GFC2024v1.12_treecover2000,Landsat_C2_L2_GEE,CLCD_v01_zenodo.18180184,2026-06-10
SAIH_AFF_r37c35,117.294502,42.261038,0,non_forest,0.1567,0.1688,0.0015,0.00227,0.065,0.9792,0,0,degraded,flat,regimeC_v0_CLCD+NDVI,RS_derived,ESA_WorldCover_2021_v200,Hansen_GFC2024v1.12_treecover2000,Landsat_C2_L2_GEE,CLCD_v01_zenodo.18180184,2026-06-10
SAIH_AFF_r37c36,117.306553,42.261038,0,non_forest,0.149,0.1597,0.00306,0.00379,0.101,0.9715,2010,0,degraded,rising,regimeC_v0_CLCD+NDVI,RS_derived,ESA_WorldCover_2021_v200,Hansen_GFC2024v1.12_treecover2000,Landsat_C2_L2_GEE,CLCD_v01_zenodo.18180184,2026-06-10
SAIH_AFF_r37c38,117.330655,42.261038,0,partial_forest,0.3136,0.3302,0.00665,0.00465,0.1301,0.9682,2019,0,early_restoration,rising,regimeC_v0_CLCD+NDVI,RS_derived,ESA_WorldCover_2021_v200,Hansen_GFC2024v1.12_treecover2000,Landsat_C2_L2_GEE,CLCD_v01_zenodo.18180184,2026-06-10
SAIH_AFF_r37c39,117.342705,42.261038,0,partial_forest,0.4824,0.5099,0.00922,0.00565,0.1423,0.9637,2019,0,early_restoration,rising,regimeC_v0_CLCD+NDVI,RS_derived,ESA_WorldCover_2021_v200,Hansen_GFC2024v1.12_treecover2000,Landsat_C2_L2_GEE,CLCD_v01_zenodo.18180184,2026-06-10
SAIH_AFF_r37c41,117.366807,42.261038,0,partial_forest,0.4139,0.4308,0.00678,0.00651,0.1491,0.9554,2011,0,early_restoration,rising,regimeC_v0_CLCD+NDVI,RS_derived,ESA_WorldCover_2021_v200,Hansen_GFC2024v1.12_treecover2000,Landsat_C2_L2_GEE,CLCD_v01_zenodo.18180184,2026-06-10
SAIH_AFF_r37c42,117.378858,42.261038,1985,stable_forest,0.9448,0.9808,0.00079,0.00502,0.0965,0.9603,2021,1,stable_restoration,rising,regimeC_v0_CLCD+NDVI,RS_derived,ESA_WorldCover_2021_v200,Hansen_GFC2024v1.12_treecover2000,Landsat_C2_L2_GEE,CLCD_v01_zenodo.18180184,2026-06-10
SAIH_AFF_r37c43,117.390908,42.261038,1985,stable_forest,0.9505,0.9876,0.0026,0.00455,0.097,0.9794,2021,1,stable_restoration,rising,regimeC_v0_CLCD+NDVI,RS_derived,ESA_WorldCover_2021_v200,Hansen_GFC2024v1.12_treecover2000,Landsat_C2_L2_GEE,CLCD_v01_zenodo.18180184,2026-06-10
SAIH_AFF_r37c44,117.402959,42.261038,1985,stable_forest,0.9524,0.9917,0.00029,0.00364,0.0893,0.9557,2019,1,stable_restoration,rising,regimeC_v0_CLCD+NDVI,RS_derived,ESA_WorldCover_2021_v200,Hansen_GFC2024v1.12_treecover2000,Landsat_C2_L2_GEE,CLCD_v01_zenodo.18180184,2026-06-10
SAIH_AFF_r37c45,117.41501,42.261038,1985,stable_forest,0.9639,1.0004,0.00259,0.00674,0.1319,0.9724,0,0,stable_restoration,rising,regimeC_v0_CLCD+NDVI,RS_derived,ESA_WorldCover_2021_v200,Hansen_GFC2024v1.12_treecover2000,Landsat_C2_L2_GEE,CLCD_v01_zenodo.18180184,2026-06-10
SAIH_AFF_r37c46,117.427061,42.261038,1985,stable_forest,0.9767,1.0134,0.0024,0.00663,0.1434,0.9844,0,0,stable_restoration,rising,regimeC_v0_CLCD+NDVI,RS_derived,ESA_WorldCover_2021_v200,Hansen_GFC2024v1.12_treecover2000,Landsat_C2_L2_GEE,CLCD_v01_zenodo.18180184,2026-06-10
SAIH_AFF_r37c47,117.439112,42.261038,1985,stable_forest,0.9865,1.0237,0.00251,0.00633,0.1402,0.9776,0,0,stable_restoration,rising,regimeC_v0_CLCD+NDVI,RS_derived,ESA_WorldCover_2021_v200,Hansen_GFC2024v1.12_treecover2000,Landsat_C2_L2_GEE,CLCD_v01_zenodo.18180184,2026-06-10
SAIH_AFF_r37c48,117.451162,42.261038,1985,stable_forest,0.9607,0.9968,0.00356,0.00717,0.1553,0.9746,0,0,stable_restoration,rising,regimeC_v0_CLCD+NDVI,RS_derived,ESA_WorldCover_2021_v200,Hansen_GFC2024v1.12_treecover2000,Landsat_C2_L2_GEE,CLCD_v01_zenodo.18180184,2026-06-10
SAIH_AFF_r37c49,117.463213,42.261038,1985,stable_forest,0.9457,0.979,0.00115,0.00722,0.1482,0.9705,0,0,stable_restoration,rising,regimeC_v0_CLCD+NDVI,RS_derived,ESA_WorldCover_2021_v200,Hansen_GFC2024v1.12_treecover2000,Landsat_C2_L2_GEE,CLCD_v01_zenodo.18180184,2026-06-10
SAIH_AFF_r37c50,117.475264,42.261038,0,partial_forest,0.4111,0.4268,0.00506,0.00899,0.1817,0.9683,0,0,early_restoration,rising,regimeC_v0_CLCD+NDVI,RS_derived,ESA_WorldCover_2021_v200,Hansen_GFC2024v1.12_treecover2000,Landsat_C2_L2_GEE,CLCD_v01_zenodo.18180184,2026-06-10
SAIH_AFF_r37c51,117.487315,42.261038,0,non_forest,0.2793,0.2953,0.0029,0.00902,0.1799,0.9658,2020,0,degraded,rising,regimeC_v0_CLCD+NDVI,RS_derived,ESA_WorldCover_2021_v200,Hansen_GFC2024v1.12_treecover2000,Landsat_C2_L2_GEE,CLCD_v01_zenodo.18180184,2026-06-10
SAIH_AFF_r37c52,117.499365,42.261038,1985,stable_forest,0.866,0.9007,0.00195,0.00914,0.1729,0.9731,0,0,stable_restoration,rising,regimeC_v0_CLCD+NDVI,RS_derived,ESA_WorldCover_2021_v200,Hansen_GFC2024v1.12_treecover2000,Landsat_C2_L2_GEE,CLCD_v01_zenodo.18180184,2026-06-10
SAIH_AFF_r37c53,117.511416,42.261038,1985,stable_forest,0.881,0.9155,0.00651,0.00806,0.1642,0.963,0,0,stable_restoration,rising,regimeC_v0_CLCD+NDVI,RS_derived,ESA_WorldCover_2021_v200,Hansen_GFC2024v1.12_treecover2000,Landsat_C2_L2_GEE,CLCD_v01_zenodo.18180184,2026-06-10
SAIH_AFF_r37c54,117.523467,42.261038,2000,partial_forest,0.9566,0.9956,0.01914,0.00457,0.09,0.9795,2024,1,stable_restoration,rising,regimeC_v0_CLCD+NDVI,RS_derived,ESA_WorldCover_2021_v200,Hansen_GFC2024v1.12_treecover2000,Landsat_C2_L2_GEE,CLCD_v01_zenodo.18180184,2026-06-10
SAIH_AFF_r37c55,117.535518,42.261038,2000,partial_forest,0.7474,0.775,0.00553,0.00391,0.0753,0.9674,2024,1,stable_restoration,rising,regimeC_v0_CLCD+NDVI,RS_derived,ESA_WorldCover_2021_v200,Hansen_GFC2024v1.12_treecover2000,Landsat_C2_L2_GEE,CLCD_v01_zenodo.18180184,2026-06-10
SAIH_AFF_r37c56,117.547568,42.261038,1985,stable_forest,0.816,0.8498,0.005,0.0084,0.1627,0.971,0,0,stable_restoration,rising,regimeC_v0_CLCD+NDVI,RS_derived,ESA_WorldCover_2021_v200,Hansen_GFC2024v1.12_treecover2000,Landsat_C2_L2_GEE,CLCD_v01_zenodo.18180184,2026-06-10
SAIH_AFF_r37c57,117.559619,42.261038,2000,partial_forest,0.5704,0.5916,0.00371,0.00745,0.1459,0.9554,0,0,early_restoration,rising,regimeC_v0_CLCD+NDVI,RS_derived,ESA_WorldCover_2021_v200,Hansen_GFC2024v1.12_treecover2000,Landsat_C2_L2_GEE,CLCD_v01_zenodo.18180184,2026-06-10
SAIH_AFF_r37c58,117.57167,42.261038,1985,stable_forest,0.9377,0.9717,0.00075,0.00667,0.1194,0.9753,0,0,stable_restoration,rising,regimeC_v0_CLCD+NDVI,RS_derived,ESA_WorldCover_2021_v200,Hansen_GFC2024v1.12_treecover2000,Landsat_C2_L2_GEE,CLCD_v01_zenodo.18180184,2026-06-10
SAIH_AFF_r37c59,117.583721,42.261038,1985,stable_forest,0.9515,0.9871,0.00116,0.00549,0.1002,0.9711,0,0,stable_restoration,rising,regimeC_v0_CLCD+NDVI,RS_derived,ESA_WorldCover_2021_v200,Hansen_GFC2024v1.12_treecover2000,Landsat_C2_L2_GEE,CLCD_v01_zenodo.18180184,2026-06-10
SAIH_AFF_r37c60,117.595772,42.261038,1985,stable_forest,0.9279,0.9606,0.00606,0.00628,0.1085,0.9724,2024,1,stable_restoration,rising,regimeC_v0_CLCD+NDVI,RS_derived,ESA_WorldCover_2021_v200,Hansen_GFC2024v1.12_treecover2000,Landsat_C2_L2_GEE,CLCD_v01_zenodo.18180184,2026-06-10
SAIH_AFF_r37c61,117.607822,42.261038,1985,stable_forest,0.7864,0.8206,0.0044,0.00768,0.1204,0.9748,2012,0,stable_restoration,rising,regimeC_v0_CLCD+NDVI,RS_derived,ESA_WorldCover_2021_v200,Hansen_GFC2024v1.12_treecover2000,Landsat_C2_L2_GEE,CLCD_v01_zenodo.18180184,2026-06-10
SAIH_AFF_r37c62,117.619873,42.261038,1985,stable_forest,0.8654,0.9012,0.0061,0.00568,0.1197,0.9598,2005,0,stable_restoration,rising,regimeC_v0_CLCD+NDVI,RS_derived,ESA_WorldCover_2021_v200,Hansen_GFC2024v1.12_treecover2000,Landsat_C2_L2_GEE,CLCD_v01_zenodo.18180184,2026-06-10
SAIH_AFF_r37c63,117.631924,42.261038,1985,stable_forest,0.9515,0.9905,0.00817,0.00743,0.1748,0.9632,2016,0,stable_restoration,rising,regimeC_v0_CLCD+NDVI,RS_derived,ESA_WorldCover_2021_v200,Hansen_GFC2024v1.12_treecover2000,Landsat_C2_L2_GEE,CLCD_v01_zenodo.18180184,2026-06-10
SAIH_AFF_r37c64,117.643975,42.261038,2003,partial_forest,0.976,1.0127,0.02593,0.00886,0.1915,0.9661,2001,0,stable_restoration,rising,regimeC_v0_CLCD+NDVI,RS_derived,ESA_WorldCover_2021_v200,Hansen_GFC2024v1.12_treecover2000,Landsat_C2_L2_GEE,CLCD_v01_zenodo.18180184,2026-06-10
SAIH_AFF_r38c08,116.969132,42.251999,0,non_forest,0.2382,0.2764,0.01284,0.01129,0.2126,0.9687,0,0,degraded,rising,regimeC_v0_CLCD+NDVI,RS_derived,ESA_WorldCover_2021_v200,Hansen_GFC2024v1.12_treecover2000,Landsat_C2_L2_GEE,CLCD_v01_zenodo.18180184,2026-06-10
SAIH_AFF_r38c37,117.318604,42.251999,0,partial_forest,0.3882,0.4134,0.00428,0.00495,0.1129,0.9484,0,0,early_restoration,rising,regimeC_v0_CLCD+NDVI,RS_derived,ESA_WorldCover_2021_v200,Hansen_GFC2024v1.12_treecover2000,Landsat_C2_L2_GEE,CLCD_v01_zenodo.18180184,2026-06-10
SAIH_AFF_r38c38,117.330655,42.251999,0,partial_forest,0.4091,0.4385,0.00866,0.00638,0.1445,0.9497,2019,0,early_restoration,rising,regimeC_v0_CLCD+NDVI,RS_derived,ESA_WorldCover_2021_v200,Hansen_GFC2024v1.12_treecover2000,Landsat_C2_L2_GEE,CLCD_v01_zenodo.18180184,2026-06-10
SAIH_AFF_r38c39,117.342705,42.251999,1997,partial_forest,0.8049,0.8463,0.00725,0.00436,0.0996,0.9708,2019,0,stable_restoration,rising,regimeC_v0_CLCD+NDVI,RS_derived,ESA_WorldCover_2021_v200,Hansen_GFC2024v1.12_treecover2000,Landsat_C2_L2_GEE,CLCD_v01_zenodo.18180184,2026-06-10
SAIH_AFF_r38c40,117.354756,42.251999,1985,stable_forest,0.8355,0.8709,0.00162,0.003,0.0575,0.9689,2012,0,stable_restoration,flat,regimeC_v0_CLCD+NDVI,RS_derived,ESA_WorldCover_2021_v200,Hansen_GFC2024v1.12_treecover2000,Landsat_C2_L2_GEE,CLCD_v01_zenodo.18180184,2026-06-10
SAIH_AFF_r38c41,117.366807,42.251999,1985,stable_forest,0.9603,0.9968,-5e-05,0.00352,0.0779,0.9568,2019,1,stable_restoration,rising,regimeC_v0_CLCD+NDVI,RS_derived,ESA_WorldCover_2021_v200,Hansen_GFC2024v1.12_treecover2000,Landsat_C2_L2_GEE,CLCD_v01_zenodo.18180184,2026-06-10
SAIH_AFF_r38c42,117.378858,42.251999,1985,stable_forest,0.9612,0.9979,0.00134,0.00576,0.099,0.9614,2019,1,stable_restoration,rising,regimeC_v0_CLCD+NDVI,RS_derived,ESA_WorldCover_2021_v200,Hansen_GFC2024v1.12_treecover2000,Landsat_C2_L2_GEE,CLCD_v01_zenodo.18180184,2026-06-10
SAIH_AFF_r38c43,117.390908,42.251999,1985,stable_forest,0.9814,1.0184,0.00273,0.00526,0.0994,0.9623,2019,0,stable_restoration,rising,regimeC_v0_CLCD+NDVI,RS_derived,ESA_WorldCover_2021_v200,Hansen_GFC2024v1.12_treecover2000,Landsat_C2_L2_GEE,CLCD_v01_zenodo.18180184,2026-06-10
SAIH_AFF_r38c44,117.402959,42.251999,1985,stable_forest,0.9835,1.0207,0.00271,0.00584,0.1169,0.9672,2019,0,stable_restoration,rising,regimeC_v0_CLCD+NDVI,RS_derived,ESA_WorldCover_2021_v200,Hansen_GFC2024v1.12_treecover2000,Landsat_C2_L2_GEE,CLCD_v01_zenodo.18180184,2026-06-10
SAIH_AFF_r38c45,117.41501,42.251999,1985,stable_forest,0.8947,0.9348,0.00335,0.00548,0.1199,0.9717,2012,0,stable_restoration,rising,regimeC_v0_CLCD+NDVI,RS_derived,ESA_WorldCover_2021_v200,Hansen_GFC2024v1.12_treecover2000,Landsat_C2_L2_GEE,CLCD_v01_zenodo.18180184,2026-06-10
SAIH_AFF_r38c46,117.427061,42.251999,1985,stable_forest,0.9556,0.9918,0.00356,0.00691,0.1461,0.973,2001,0,stable_restoration,rising,regimeC_v0_CLCD+NDVI,RS_derived,ESA_WorldCover_2021_v200,Hansen_GFC2024v1.12_treecover2000,Landsat_C2_L2_GEE,CLCD_v01_zenodo.18180184,2026-06-10
SAIH_AFF_r38c47,117.439112,42.251999,1985,stable_forest,0.9377,0.975,0.00457,0.00676,0.1521,0.9862,0,0,stable_restoration,rising,regimeC_v0_CLCD+NDVI,RS_derived,ESA_WorldCover_2021_v200,Hansen_GFC2024v1.12_treecover2000,Landsat_C2_L2_GEE,CLCD_v01_zenodo.18180184,2026-06-10
SAIH_AFF_r38c48,117.451162,42.251999,1985,stable_forest,0.7564,0.7906,0.00565,0.00748,0.1629,0.959,2023,0,stable_restoration,rising,regimeC_v0_CLCD+NDVI,RS_derived,ESA_WorldCover_2021_v200,Hansen_GFC2024v1.12_treecover2000,Landsat_C2_L2_GEE,CLCD_v01_zenodo.18180184,2026-06-10
SAIH_AFF_r38c49,117.463213,42.251999,1985,stable_forest,0.8859,0.9199,0.00304,0.00757,0.1455,0.975,2012,0,stable_restoration,rising,regimeC_v0_CLCD+NDVI,RS_derived,ESA_WorldCover_2021_v200,Hansen_GFC2024v1.12_treecover2000,Landsat_C2_L2_GEE,CLCD_v01_zenodo.18180184,2026-06-10
SAIH_AFF_r38c50,117.475264,42.251999,1985,stable_forest,0.8161,0.8502,0.00762,0.00788,0.1393,0.9832,0,0,stable_restoration,rising,regimeC_v0_CLCD+NDVI,RS_derived,ESA_WorldCover_2021_v200,Hansen_GFC2024v1.12_treecover2000,Landsat_C2_L2_GEE,CLCD_v01_zenodo.18180184,2026-06-10
SAIH_AFF_r38c51,117.487315,42.251999,0,partial_forest,0.3007,0.3159,0.00975,0.00991,0.2031,0.9556,0,0,degraded,rising,regimeC_v0_CLCD+NDVI,RS_derived,ESA_WorldCover_2021_v200,Hansen_GFC2024v1.12_treecover2000,Landsat_C2_L2_GEE,CLCD_v01_zenodo.18180184,2026-06-10
SAIH_AFF_r38c52,117.499365,42.251999,1991,partial_forest,0.7491,0.7817,0.01094,0.011,0.2207,0.9708,0,0,stable_restoration,rising,regimeC_v0_CLCD+NDVI,RS_derived,ESA_WorldCover_2021_v200,Hansen_GFC2024v1.12_treecover2000,Landsat_C2_L2_GEE,CLCD_v01_zenodo.18180184,2026-06-10
SAIH_AFF_r38c53,117.511416,42.251999,2017,partial_forest,0.563,0.5878,0.00835,0.00828,0.168,0.9569,0,0,early_restoration,rising,regimeC_v0_CLCD+NDVI,RS_derived,ESA_WorldCover_2021_v200,Hansen_GFC2024v1.12_treecover2000,Landsat_C2_L2_GEE,CLCD_v01_zenodo.18180184,2026-06-10
SAIH_AFF_r38c54,117.523467,42.251999,2004,partial_forest,0.763,0.7934,0.01492,0.00671,0.1395,0.9598,2021,1,stable_restoration,rising,regimeC_v0_CLCD+NDVI,RS_derived,ESA_WorldCover_2021_v200,Hansen_GFC2024v1.12_treecover2000,Landsat_C2_L2_GEE,CLCD_v01_zenodo.18180184,2026-06-10
SAIH_AFF_r38c55,117.535518,42.251999,1985,stable_forest,0.8883,0.9233,0.00896,0.00622,0.1238,0.9777,2021,1,stable_restoration,rising,regimeC_v0_CLCD+NDVI,RS_derived,ESA_WorldCover_2021_v200,Hansen_GFC2024v1.12_treecover2000,Landsat_C2_L2_GEE,CLCD_v01_zenodo.18180184,2026-06-10
SAIH_AFF_r38c56,117.547568,42.251999,1985,stable_forest,0.7294,0.7594,0.00852,0.00793,0.1752,0.9766,0,0,stable_restoration,rising,regimeC_v0_CLCD+NDVI,RS_derived,ESA_WorldCover_2021_v200,Hansen_GFC2024v1.12_treecover2000,Landsat_C2_L2_GEE,CLCD_v01_zenodo.18180184,2026-06-10
SAIH_AFF_r38c57,117.559619,42.251999,1991,partial_forest,0.5745,0.5918,0.00271,0.00691,0.1454,0.9584,2012,0,early_restoration,rising,regimeC_v0_CLCD+NDVI,RS_derived,ESA_WorldCover_2021_v200,Hansen_GFC2024v1.12_treecover2000,Landsat_C2_L2_GEE,CLCD_v01_zenodo.18180184,2026-06-10
SAIH_AFF_r38c58,117.57167,42.251999,1985,stable_forest,0.8985,0.9333,0.00189,0.00823,0.1517,0.9788,0,0,stable_restoration,rising,regimeC_v0_CLCD+NDVI,RS_derived,ESA_WorldCover_2021_v200,Hansen_GFC2024v1.12_treecover2000,Landsat_C2_L2_GEE,CLCD_v01_zenodo.18180184,2026-06-10
SAIH_AFF_r38c59,117.583721,42.251999,1985,stable_forest,0.8126,0.8435,0.00246,0.00657,0.1257,0.9792,0,0,stable_restoration,rising,regimeC_v0_CLCD+NDVI,RS_derived,ESA_WorldCover_2021_v200,Hansen_GFC2024v1.12_treecover2000,Landsat_C2_L2_GEE,CLCD_v01_zenodo.18180184,2026-06-10
SAIH_AFF_r38c60,117.595772,42.251999,1985,stable_forest,0.9402,0.9757,0.00537,0.00806,0.1413,0.9841,2012,0,stable_restoration,rising,regimeC_v0_CLCD+NDVI,RS_derived,ESA_WorldCover_2021_v200,Hansen_GFC2024v1.12_treecover2000,Landsat_C2_L2_GEE,CLCD_v01_zenodo.18180184,2026-06-10
SAIH_AFF_r38c61,117.607822,42.251999,1985,stable_forest,0.9657,1.0029,0.00572,0.00988,0.1322,0.9745,2012,0,stable_restoration,rising,regimeC_v0_CLCD+NDVI,RS_derived,ESA_WorldCover_2021_v200,Hansen_GFC2024v1.12_treecover2000,Landsat_C2_L2_GEE,CLCD_v01_zenodo.18180184,2026-06-10
SAIH_AFF_r38c62,117.619873,42.251999,1985,stable_forest,0.9932,1.0308,0.00786,0.00815,0.149,0.9649,2013,0,stable_restoration,rising,regimeC_v0_CLCD+NDVI,RS_derived,ESA_WorldCover_2021_v200,Hansen_GFC2024v1.12_treecover2000,Landsat_C2_L2_GEE,CLCD_v01_zenodo.18180184,2026-06-10
SAIH_AFF_r38c63,117.631924,42.251999,1985,stable_forest,0.9552,1.0079,0.00062,0.00767,0.1527,0.9659,2011,0,stable_restoration,rising,regimeC_v0_CLCD+NDVI,RS_derived,ESA_WorldCover_2021_v200,Hansen_GFC2024v1.12_treecover2000,Landsat_C2_L2_GEE,CLCD_v01_zenodo.18180184,2026-06-10
SAIH_AFF_r38c64,117.643975,42.251999,1985,stable_forest,0.9012,0.9337,0.00687,0.00511,0.132,0.9685,2021,1,stable_restoration,rising,regimeC_v0_CLCD+NDVI,RS_derived,ESA_WorldCover_2021_v200,Hansen_GFC2024v1.12_treecover2000,Landsat_C2_L2_GEE,CLCD_v01_zenodo.18180184,2026-06-10
SAIH_AFF_r39c05,116.932979,42.24296,0,non_forest,0.2131,0.2692,0.01111,0.01217,0.2362,0.9718,0,0,degraded,rising,regimeC_v0_CLCD+NDVI,RS_derived,ESA_WorldCover_2021_v200,Hansen_GFC2024v1.12_treecover2000,Landsat_C2_L2_GEE,CLCD_v01_zenodo.18180184,2026-06-10
SAIH_AFF_r39c07,116.957081,42.24296,0,partial_forest,0.3588,0.4126,0.01836,0.01136,0.2156,0.9826,0,0,early_restoration,rising,regimeC_v0_CLCD+NDVI,RS_derived,ESA_WorldCover_2021_v200,Hansen_GFC2024v1.12_treecover2000,Landsat_C2_L2_GEE,CLCD_v01_zenodo.18180184,2026-06-10
SAIH_AFF_r39c08,116.969132,42.24296,0,non_forest,0.2388,0.2593,0.01301,0.01003,0.1887,0.9778,0,0,degraded,rising,regimeC_v0_CLCD+NDVI,RS_derived,ESA_WorldCover_2021_v200,Hansen_GFC2024v1.12_treecover2000,Landsat_C2_L2_GEE,CLCD_v01_zenodo.18180184,2026-06-10
SAIH_AFF_r39c36,117.306553,42.24296,0,partial_forest,0.3685,0.3965,0.00378,0.00373,0.0794,0.952,0,0,early_restoration,rising,regimeC_v0_CLCD+NDVI,RS_derived,ESA_WorldCover_2021_v200,Hansen_GFC2024v1.12_treecover2000,Landsat_C2_L2_GEE,CLCD_v01_zenodo.18180184,2026-06-10
SAIH_AFF_r39c38,117.330655,42.24296,0,non_forest,0.2443,0.2563,0.00256,0.00455,0.1155,0.949,2001,0,degraded,rising,regimeC_v0_CLCD+NDVI,RS_derived,ESA_WorldCover_2021_v200,Hansen_GFC2024v1.12_treecover2000,Landsat_C2_L2_GEE,CLCD_v01_zenodo.18180184,2026-06-10
SAIH_AFF_r39c39,117.342705,42.24296,1990,stable_forest,0.701,0.7388,0.00643,0.00344,0.0812,0.9619,2019,0,stable_restoration,rising,regimeC_v0_CLCD+NDVI,RS_derived,ESA_WorldCover_2021_v200,Hansen_GFC2024v1.12_treecover2000,Landsat_C2_L2_GEE,CLCD_v01_zenodo.18180184,2026-06-10
SAIH_AFF_r39c40,117.354756,42.24296,1985,stable_forest,0.9379,0.9831,0.00268,0.00539,0.0949,0.977,2021,0,stable_restoration,rising,regimeC_v0_CLCD+NDVI,RS_derived,ESA_WorldCover_2021_v200,Hansen_GFC2024v1.12_treecover2000,Landsat_C2_L2_GEE,CLCD_v01_zenodo.18180184,2026-06-10
SAIH_AFF_r39c41,117.366807,42.24296,1985,stable_forest,0.9681,1.0088,0.00187,0.00513,0.1019,0.96,2021,1,stable_restoration,rising,regimeC_v0_CLCD+NDVI,RS_derived,ESA_WorldCover_2021_v200,Hansen_GFC2024v1.12_treecover2000,Landsat_C2_L2_GEE,CLCD_v01_zenodo.18180184,2026-06-10
SAIH_AFF_r39c42,117.378858,42.24296,1985,stable_forest,0.9811,1.0179,0.00053,0.00513,0.0872,0.9727,2012,0,stable_restoration,rising,regimeC_v0_CLCD+NDVI,RS_derived,ESA_WorldCover_2021_v200,Hansen_GFC2024v1.12_treecover2000,Landsat_C2_L2_GEE,CLCD_v01_zenodo.18180184,2026-06-10
SAIH_AFF_r39c43,117.390908,42.24296,1985,stable_forest,0.9641,0.999,0.00263,0.00529,0.1121,0.968,2024,0,stable_restoration,rising,regimeC_v0_CLCD+NDVI,RS_derived,ESA_WorldCover_2021_v200,Hansen_GFC2024v1.12_treecover2000,Landsat_C2_L2_GEE,CLCD_v01_zenodo.18180184,2026-06-10
SAIH_AFF_r39c44,117.402959,42.24296,1985,stable_forest,0.9428,0.9819,0.0024,0.00525,0.1107,0.9572,2012,0,stable_restoration,rising,regimeC_v0_CLCD+NDVI,RS_derived,ESA_WorldCover_2021_v200,Hansen_GFC2024v1.12_treecover2000,Landsat_C2_L2_GEE,CLCD_v01_zenodo.18180184,2026-06-10
SAIH_AFF_r39c45,117.41501,42.24296,1985,stable_forest,0.9197,0.978,0.01292,0.01016,0.222,0.9605,2012,0,stable_restoration,rising,regimeC_v0_CLCD+NDVI,RS_derived,ESA_WorldCover_2021_v200,Hansen_GFC2024v1.12_treecover2000,Landsat_C2_L2_GEE,CLCD_v01_zenodo.18180184,2026-06-10
SAIH_AFF_r39c46,117.427061,42.24296,1985,stable_forest,0.8687,0.903,0.0033,0.00657,0.1234,0.9735,2012,0,stable_restoration,rising,regimeC_v0_CLCD+NDVI,RS_derived,ESA_WorldCover_2021_v200,Hansen_GFC2024v1.12_treecover2000,Landsat_C2_L2_GEE,CLCD_v01_zenodo.18180184,2026-06-10
SAIH_AFF_r39c47,117.439112,42.24296,1985,stable_forest,0.9231,0.959,0.00474,0.00644,0.1341,0.9841,0,0,stable_restoration,rising,regimeC_v0_CLCD+NDVI,RS_derived,ESA_WorldCover_2021_v200,Hansen_GFC2024v1.12_treecover2000,Landsat_C2_L2_GEE,CLCD_v01_zenodo.18180184,2026-06-10
SAIH_AFF_r39c48,117.451162,42.24296,1990,stable_forest,0.7146,0.7604,0.00885,0.0087,0.1802,0.976,2006,0,stable_restoration,rising,regimeC_v0_CLCD+NDVI,RS_derived,ESA_WorldCover_2021_v200,Hansen_GFC2024v1.12_treecover2000,Landsat_C2_L2_GEE,CLCD_v01_zenodo.18180184,2026-06-10
SAIH_AFF_r39c49,117.463213,42.24296,0,partial_forest,0.4105,0.4337,0.00258,0.008,0.1598,0.9724,2012,0,early_restoration,rising,regimeC_v0_CLCD+NDVI,RS_derived,ESA_WorldCover_2021_v200,Hansen_GFC2024v1.12_treecover2000,Landsat_C2_L2_GEE,CLCD_v01_zenodo.18180184,2026-06-10
SAIH_AFF_r39c50,117.475264,42.24296,1985,stable_forest,0.8741,0.909,0.00622,0.00758,0.1371,0.983,2012,0,stable_restoration,rising,regimeC_v0_CLCD+NDVI,RS_derived,ESA_WorldCover_2021_v200,Hansen_GFC2024v1.12_treecover2000,Landsat_C2_L2_GEE,CLCD_v01_zenodo.18180184,2026-06-10
SAIH_AFF_r39c51,117.487315,42.24296,1985,stable_forest,0.7917,0.8229,0.0137,0.01054,0.2041,0.962,0,0,stable_restoration,rising,regimeC_v0_CLCD+NDVI,RS_derived,ESA_WorldCover_2021_v200,Hansen_GFC2024v1.12_treecover2000,Landsat_C2_L2_GEE,CLCD_v01_zenodo.18180184,2026-06-10
SAIH_AFF_r39c52,117.499365,42.24296,0,partial_forest,0.4444,0.4618,0.01357,0.01118,0.2271,0.9546,2023,0,early_restoration,rising,regimeC_v0_CLCD+NDVI,RS_derived,ESA_WorldCover_2021_v200,Hansen_GFC2024v1.12_treecover2000,Landsat_C2_L2_GEE,CLCD_v01_zenodo.18180184,2026-06-10
SAIH_AFF_r39c53,117.511416,42.24296,2015,afforested,0.6499,0.6838,0.02551,0.01443,0.2843,0.972,2001,0,stable_restoration,rising,regimeC_v0_CLCD+NDVI,RS_derived,ESA_WorldCover_2021_v200,Hansen_GFC2024v1.12_treecover2000,Landsat_C2_L2_GEE,CLCD_v01_zenodo.18180184,2026-06-10
SAIH_AFF_r39c54,117.523467,42.24296,1991,partial_forest,0.7392,0.7674,0.01073,0.00981,0.1922,0.9646,0,0,stable_restoration,rising,regimeC_v0_CLCD+NDVI,RS_derived,ESA_WorldCover_2021_v200,Hansen_GFC2024v1.12_treecover2000,Landsat_C2_L2_GEE,CLCD_v01_zenodo.18180184,2026-06-10
SAIH_AFF_r39c55,117.535518,42.24296,1985,stable_forest,0.8486,0.8826,0.00545,0.00547,0.1071,0.9674,0,0,stable_restoration,rising,regimeC_v0_CLCD+NDVI,RS_derived,ESA_WorldCover_2021_v200,Hansen_GFC2024v1.12_treecover2000,Landsat_C2_L2_GEE,CLCD_v01_zenodo.18180184,2026-06-10
SAIH_AFF_r39c56,117.547568,42.24296,1985,stable_forest,0.8028,0.84,0.00565,0.00793,0.1549,0.979,0,0,stable_restoration,rising,regimeC_v0_CLCD+NDVI,RS_derived,ESA_WorldCover_2021_v200,Hansen_GFC2024v1.12_treecover2000,Landsat_C2_L2_GEE,CLCD_v01_zenodo.18180184,2026-06-10
SAIH_AFF_r39c57,117.559619,42.24296,1992,partial_forest,0.5837,0.6094,0.00443,0.00867,0.1749,0.9632,0,0,early_restoration,rising,regimeC_v0_CLCD+NDVI,RS_derived,ESA_WorldCover_2021_v200,Hansen_GFC2024v1.12_treecover2000,Landsat_C2_L2_GEE,CLCD_v01_zenodo.18180184,2026-06-10
SAIH_AFF_r39c58,117.57167,42.24296,1985,stable_forest,0.8788,0.9133,0.00211,0.00784,0.1414,0.9792,0,0,stable_restoration,rising,regimeC_v0_CLCD+NDVI,RS_derived,ESA_WorldCover_2021_v200,Hansen_GFC2024v1.12_treecover2000,Landsat_C2_L2_GEE,CLCD_v01_zenodo.18180184,2026-06-10
SAIH_AFF_r39c59,117.583721,42.24296,1985,stable_forest,0.7298,0.7565,0.00208,0.00778,0.1492,0.9828,0,0,stable_restoration,rising,regimeC_v0_CLCD+NDVI,RS_derived,ESA_WorldCover_2021_v200,Hansen_GFC2024v1.12_treecover2000,Landsat_C2_L2_GEE,CLCD_v01_zenodo.18180184,2026-06-10
SAIH_AFF_r39c60,117.595772,42.24296,1985,stable_forest,0.8665,0.9029,0.00263,0.00734,0.1312,0.9725,2011,0,stable_restoration,rising,regimeC_v0_CLCD+NDVI,RS_derived,ESA_WorldCover_2021_v200,Hansen_GFC2024v1.12_treecover2000,Landsat_C2_L2_GEE,CLCD_v01_zenodo.18180184,2026-06-10
SAIH_AFF_r39c61,117.607822,42.24296,1985,stable_forest,0.9026,0.9435,0.00482,0.00722,0.1175,0.9653,2012,0,stable_restoration,rising,regimeC_v0_CLCD+NDVI,RS_derived,ESA_WorldCover_2021_v200,Hansen_GFC2024v1.12_treecover2000,Landsat_C2_L2_GEE,CLCD_v01_zenodo.18180184,2026-06-10
SAIH_AFF_r39c62,117.619873,42.24296,1985,stable_forest,0.9151,0.9516,0.01164,0.00779,0.152,0.9677,2008,0,stable_restoration,rising,regimeC_v0_CLCD+NDVI,RS_derived,ESA_WorldCover_2021_v200,Hansen_GFC2024v1.12_treecover2000,Landsat_C2_L2_GEE,CLCD_v01_zenodo.18180184,2026-06-10
SAIH_AFF_r39c63,117.631924,42.24296,1985,stable_forest,0.9362,0.9928,0.00025,0.00575,0.1312,0.9653,2012,0,stable_restoration,rising,regimeC_v0_CLCD+NDVI,RS_derived,ESA_WorldCover_2021_v200,Hansen_GFC2024v1.12_treecover2000,Landsat_C2_L2_GEE,CLCD_v01_zenodo.18180184,2026-06-10
SAIH_AFF_r39c64,117.643975,42.24296,1991,partial_forest,0.6662,0.7021,0.00257,0.0027,0.0743,0.9499,2024,1,stable_restoration,flat,regimeC_v0_CLCD+NDVI,RS_derived,ESA_WorldCover_2021_v200,Hansen_GFC2024v1.12_treecover2000,Landsat_C2_L2_GEE,CLCD_v01_zenodo.18180184,2026-06-10
SAIH_AFF_r40c05,116.932979,42.233921,2023,partial_forest,0.4967,0.6219,0.02654,0.01532,0.2959,0.9738,0,0,early_restoration,rising,regimeC_v0_CLCD+NDVI,RS_derived,ESA_WorldCover_2021_v200,Hansen_GFC2024v1.12_treecover2000,Landsat_C2_L2_GEE,CLCD_v01_zenodo.18180184,2026-06-10
SAIH_AFF_r40c09,116.981182,42.233921,0,non_forest,0.1704,0.1872,0.00966,0.01094,0.2123,0.9721,0,0,degraded,rising,regimeC_v0_CLCD+NDVI,RS_derived,ESA_WorldCover_2021_v200,Hansen_GFC2024v1.12_treecover2000,Landsat_C2_L2_GEE,CLCD_v01_zenodo.18180184,2026-06-10
SAIH_AFF_r40c26,117.186045,42.233921,0,non_forest,0.1711,0.1883,0.0066,0.00605,0.142,0.9643,0,0,degraded,rising,regimeC_v0_CLCD+NDVI,RS_derived,ESA_WorldCover_2021_v200,Hansen_GFC2024v1.12_treecover2000,Landsat_C2_L2_GEE,CLCD_v01_zenodo.18180184,2026-06-10
SAIH_AFF_r40c35,117.294502,42.233921,0,non_forest,0.2693,0.2893,0.0037,0.00366,0.0838,0.9523,2005,0,degraded,rising,regimeC_v0_CLCD+NDVI,RS_derived,ESA_WorldCover_2021_v200,Hansen_GFC2024v1.12_treecover2000,Landsat_C2_L2_GEE,CLCD_v01_zenodo.18180184,2026-06-10
SAIH_AFF_r40c36,117.306553,42.233921,0,non_forest,0.2982,0.3244,0.00416,0.00276,0.0486,0.9638,2020,0,degraded,flat,regimeC_v0_CLCD+NDVI,RS_derived,ESA_WorldCover_2021_v200,Hansen_GFC2024v1.12_treecover2000,Landsat_C2_L2_GEE,CLCD_v01_zenodo.18180184,2026-06-10
SAIH_AFF_r40c38,117.330655,42.233921,1990,stable_forest,0.7625,0.8034,0.00434,0.00178,0.0567,0.9619,2016,0,stable_restoration,flat,regimeC_v0_CLCD+NDVI,RS_derived,ESA_WorldCover_2021_v200,Hansen_GFC2024v1.12_treecover2000,Landsat_C2_L2_GEE,CLCD_v01_zenodo.18180184,2026-06-10
SAIH_AFF_r40c39,117.342705,42.233921,1985,stable_forest,0.8685,0.903,0.00424,0.00529,0.1037,0.9704,2011,0,stable_restoration,rising,regimeC_v0_CLCD+NDVI,RS_derived,ESA_WorldCover_2021_v200,Hansen_GFC2024v1.12_treecover2000,Landsat_C2_L2_GEE,CLCD_v01_zenodo.18180184,2026-06-10
SAIH_AFF_r40c40,117.354756,42.233921,1985,stable_forest,0.9054,0.9472,0.00102,0.00588,0.1163,0.9708,2011,0,stable_restoration,rising,regimeC_v0_CLCD+NDVI,RS_derived,ESA_WorldCover_2021_v200,Hansen_GFC2024v1.12_treecover2000,Landsat_C2_L2_GEE,CLCD_v01_zenodo.18180184,2026-06-10
SAIH_AFF_r40c41,117.366807,42.233921,1985,stable_forest,0.9266,0.9665,0.00342,0.00548,0.1029,0.9716,2012,0,stable_restoration,rising,regimeC_v0_CLCD+NDVI,RS_derived,ESA_WorldCover_2021_v200,Hansen_GFC2024v1.12_treecover2000,Landsat_C2_L2_GEE,CLCD_v01_zenodo.18180184,2026-06-10
SAIH_AFF_r40c42,117.378858,42.233921,1985,stable_forest,0.9798,1.0179,0.00201,0.0055,0.105,0.9747,2021,0,stable_restoration,rising,regimeC_v0_CLCD+NDVI,RS_derived,ESA_WorldCover_2021_v200,Hansen_GFC2024v1.12_treecover2000,Landsat_C2_L2_GEE,CLCD_v01_zenodo.18180184,2026-06-10
SAIH_AFF_r40c43,117.390908,42.233921,1985,stable_forest,0.9891,1.0265,0.00109,0.0049,0.101,0.9629,2021,0,stable_restoration,rising,regimeC_v0_CLCD+NDVI,RS_derived,ESA_WorldCover_2021_v200,Hansen_GFC2024v1.12_treecover2000,Landsat_C2_L2_GEE,CLCD_v01_zenodo.18180184,2026-06-10
SAIH_AFF_r40c44,117.402959,42.233921,1985,stable_forest,0.9623,1.0054,0.00011,0.00466,0.1032,0.9688,2012,0,stable_restoration,rising,regimeC_v0_CLCD+NDVI,RS_derived,ESA_WorldCover_2021_v200,Hansen_GFC2024v1.12_treecover2000,Landsat_C2_L2_GEE,CLCD_v01_zenodo.18180184,2026-06-10
SAIH_AFF_r40c45,117.41501,42.233921,1985,stable_forest,0.8895,0.9712,0.00685,0.00445,0.1128,0.9473,2016,0,stable_restoration,rising,regimeC_v0_CLCD+NDVI,RS_derived,ESA_WorldCover_2021_v200,Hansen_GFC2024v1.12_treecover2000,Landsat_C2_L2_GEE,CLCD_v01_zenodo.18180184,2026-06-10
SAIH_AFF_r40c46,117.427061,42.233921,1985,stable_forest,0.8583,0.911,0.00503,0.00525,0.1035,0.9688,2016,0,stable_restoration,rising,regimeC_v0_CLCD+NDVI,RS_derived,ESA_WorldCover_2021_v200,Hansen_GFC2024v1.12_treecover2000,Landsat_C2_L2_GEE,CLCD_v01_zenodo.18180184,2026-06-10
SAIH_AFF_r40c47,117.439112,42.233921,1985,stable_forest,0.9881,1.0283,0.00142,0.00353,0.0795,0.9789,2016,0,stable_restoration,rising,regimeC_v0_CLCD+NDVI,RS_derived,ESA_WorldCover_2021_v200,Hansen_GFC2024v1.12_treecover2000,Landsat_C2_L2_GEE,CLCD_v01_zenodo.18180184,2026-06-10
SAIH_AFF_r40c48,117.451162,42.233921,1985,stable_forest,0.8927,0.935,0.00948,0.00745,0.1512,0.9758,2006,0,stable_restoration,rising,regimeC_v0_CLCD+NDVI,RS_derived,ESA_WorldCover_2021_v200,Hansen_GFC2024v1.12_treecover2000,Landsat_C2_L2_GEE,CLCD_v01_zenodo.18180184,2026-06-10
SAIH_AFF_r40c49,117.463213,42.233921,1990,stable_forest,0.8063,0.8452,0.01371,0.00918,0.1714,0.9841,2006,0,stable_restoration,rising,regimeC_v0_CLCD+NDVI,RS_derived,ESA_WorldCover_2021_v200,Hansen_GFC2024v1.12_treecover2000,Landsat_C2_L2_GEE,CLCD_v01_zenodo.18180184,2026-06-10
SAIH_AFF_r40c50,117.475264,42.233921,0,partial_forest,0.3907,0.4436,0.00566,0.00788,0.148,0.9565,2012,0,early_restoration,rising,regimeC_v0_CLCD+NDVI,RS_derived,ESA_WorldCover_2021_v200,Hansen_GFC2024v1.12_treecover2000,Landsat_C2_L2_GEE,CLCD_v01_zenodo.18180184,2026-06-10
SAIH_AFF_r40c51,117.487315,42.233921,1990,stable_forest,0.7603,0.7925,0.00528,0.00998,0.1829,0.9729,2003,0,stable_restoration,rising,regimeC_v0_CLCD+NDVI,RS_derived,ESA_WorldCover_2021_v200,Hansen_GFC2024v1.12_treecover2000,Landsat_C2_L2_GEE,CLCD_v01_zenodo.18180184,2026-06-10
SAIH_AFF_r40c52,117.499365,42.233921,2015,partial_forest,0.6008,0.6351,0.01041,0.01099,0.2149,0.9724,0,0,early_restoration,rising,regimeC_v0_CLCD+NDVI,RS_derived,ESA_WorldCover_2021_v200,Hansen_GFC2024v1.12_treecover2000,Landsat_C2_L2_GEE,CLCD_v01_zenodo.18180184,2026-06-10
SAIH_AFF_r40c53,117.511416,42.233921,0,non_forest,0.2443,0.2615,0.00634,0.00934,0.1903,0.967,2001,0,degraded,rising,regimeC_v0_CLCD+NDVI,RS_derived,ESA_WorldCover_2021_v200,Hansen_GFC2024v1.12_treecover2000,Landsat_C2_L2_GEE,CLCD_v01_zenodo.18180184,2026-06-10
SAIH_AFF_r40c54,117.523467,42.233921,1990,stable_forest,0.7067,0.7342,0.00516,0.01009,0.2,0.9789,0,0,stable_restoration,rising,regimeC_v0_CLCD+NDVI,RS_derived,ESA_WorldCover_2021_v200,Hansen_GFC2024v1.12_treecover2000,Landsat_C2_L2_GEE,CLCD_v01_zenodo.18180184,2026-06-10
SAIH_AFF_r40c55,117.535518,42.233921,1990,stable_forest,0.6949,0.7251,0.00193,0.0074,0.1387,0.9614,0,0,stable_restoration,rising,regimeC_v0_CLCD+NDVI,RS_derived,ESA_WorldCover_2021_v200,Hansen_GFC2024v1.12_treecover2000,Landsat_C2_L2_GEE,CLCD_v01_zenodo.18180184,2026-06-10
SAIH_AFF_r40c56,117.547568,42.233921,1985,stable_forest,0.6578,0.689,0.00175,0.00686,0.1315,0.9778,0,0,stable_restoration,rising,regimeC_v0_CLCD+NDVI,RS_derived,ESA_WorldCover_2021_v200,Hansen_GFC2024v1.12_treecover2000,Landsat_C2_L2_GEE,CLCD_v01_zenodo.18180184,2026-06-10
SAIH_AFF_r40c57,117.559619,42.233921,1985,stable_forest,0.6681,0.6964,0.00151,0.00785,0.1542,0.9687,2001,0,stable_restoration,rising,regimeC_v0_CLCD+NDVI,RS_derived,ESA_WorldCover_2021_v200,Hansen_GFC2024v1.12_treecover2000,Landsat_C2_L2_GEE,CLCD_v01_zenodo.18180184,2026-06-10
SAIH_AFF_r40c58,117.57167,42.233921,1990,stable_forest,0.6137,0.6375,0.00317,0.00747,0.145,0.9771,0,0,early_restoration,rising,regimeC_v0_CLCD+NDVI,RS_derived,ESA_WorldCover_2021_v200,Hansen_GFC2024v1.12_treecover2000,Landsat_C2_L2_GEE,CLCD_v01_zenodo.18180184,2026-06-10
SAIH_AFF_r40c59,117.583721,42.233921,1985,stable_forest,0.8073,0.8383,0.00164,0.00782,0.1492,0.9853,2019,0,stable_restoration,rising,regimeC_v0_CLCD+NDVI,RS_derived,ESA_WorldCover_2021_v200,Hansen_GFC2024v1.12_treecover2000,Landsat_C2_L2_GEE,CLCD_v01_zenodo.18180184,2026-06-10
SAIH_AFF_r40c60,117.595772,42.233921,1985,stable_forest,0.9926,1.0318,0.00229,0.00569,0.1009,0.9809,2020,1,stable_restoration,rising,regimeC_v0_CLCD+NDVI,RS_derived,ESA_WorldCover_2021_v200,Hansen_GFC2024v1.12_treecover2000,Landsat_C2_L2_GEE,CLCD_v01_zenodo.18180184,2026-06-10
SAIH_AFF_r40c61,117.607822,42.233921,1990,stable_forest,0.7098,0.749,0.00686,0.00611,0.1276,0.9738,2009,0,stable_restoration,rising,regimeC_v0_CLCD+NDVI,RS_derived,ESA_WorldCover_2021_v200,Hansen_GFC2024v1.12_treecover2000,Landsat_C2_L2_GEE,CLCD_v01_zenodo.18180184,2026-06-10
SAIH_AFF_r40c62,117.619873,42.233921,1985,stable_forest,0.8043,0.8543,0.01285,0.00988,0.2066,0.9629,2008,0,stable_restoration,rising,regimeC_v0_CLCD+NDVI,RS_derived,ESA_WorldCover_2021_v200,Hansen_GFC2024v1.12_treecover2000,Landsat_C2_L2_GEE,CLCD_v01_zenodo.18180184,2026-06-10
SAIH_AFF_r40c63,117.631924,42.233921,1985,stable_forest,0.7708,0.8143,0.00594,0.00793,0.1529,0.9728,2011,0,stable_restoration,rising,regimeC_v0_CLCD+NDVI,RS_derived,ESA_WorldCover_2021_v200,Hansen_GFC2024v1.12_treecover2000,Landsat_C2_L2_GEE,CLCD_v01_zenodo.18180184,2026-06-10
SAIH_AFF_r40c64,117.643975,42.233921,2006,partial_forest,0.5805,0.6174,0.00513,0.00345,0.0564,0.9719,2024,1,early_restoration,rising,regimeC_v0_CLCD+NDVI,RS_derived,ESA_WorldCover_2021_v200,Hansen_GFC2024v1.12_treecover2000,Landsat_C2_L2_GEE,CLCD_v01_zenodo.18180184,2026-06-10
SAIH_AFF_r41c04,116.920928,42.224882,0,non_forest,0.1558,0.2443,0.00783,0.01295,0.249,0.9839,0,0,degraded,rising,regimeC_v0_CLCD+NDVI,RS_derived,ESA_WorldCover_2021_v200,Hansen_GFC2024v1.12_treecover2000,Landsat_C2_L2_GEE,CLCD_v01_zenodo.18180184,2026-06-10
SAIH_AFF_r41c07,116.957081,42.224882,0,non_forest,0.1945,0.2352,0.01005,0.00888,0.1651,0.9811,0,0,degraded,rising,regimeC_v0_CLCD+NDVI,RS_derived,ESA_WorldCover_2021_v200,Hansen_GFC2024v1.12_treecover2000,Landsat_C2_L2_GEE,CLCD_v01_zenodo.18180184,2026-06-10
SAIH_AFF_r41c08,116.969132,42.224882,0,non_forest,0.1746,0.2449,0.00898,0.01139,0.2126,0.9801,0,0,degraded,rising,regimeC_v0_CLCD+NDVI,RS_derived,ESA_WorldCover_2021_v200,Hansen_GFC2024v1.12_treecover2000,Landsat_C2_L2_GEE,CLCD_v01_zenodo.18180184,2026-06-10
SAIH_AFF_r41c09,116.981182,42.224882,0,non_forest,0.2061,0.2386,0.0113,0.01187,0.226,0.9685,0,0,degraded,rising,regimeC_v0_CLCD+NDVI,RS_derived,ESA_WorldCover_2021_v200,Hansen_GFC2024v1.12_treecover2000,Landsat_C2_L2_GEE,CLCD_v01_zenodo.18180184,2026-06-10
SAIH_AFF_r41c29,117.222198,42.224882,0,non_forest,0.2725,0.3233,0.01354,0.00937,0.2023,0.9755,0,0,degraded,rising,regimeC_v0_CLCD+NDVI,RS_derived,ESA_WorldCover_2021_v200,Hansen_GFC2024v1.12_treecover2000,Landsat_C2_L2_GEE,CLCD_v01_zenodo.18180184,2026-06-10
SAIH_AFF_r41c35,117.294502,42.224882,2022,partial_forest,0.5006,0.522,0.00424,0.00487,0.1178,0.966,2022,0,early_restoration,rising,regimeC_v0_CLCD+NDVI,RS_derived,ESA_WorldCover_2021_v200,Hansen_GFC2024v1.12_treecover2000,Landsat_C2_L2_GEE,CLCD_v01_zenodo.18180184,2026-06-10
SAIH_AFF_r41c36,117.306553,42.224882,2003,partial_forest,0.6195,0.6455,0.00614,0.00349,0.0639,0.9617,2021,0,early_restoration,rising,regimeC_v0_CLCD+NDVI,RS_derived,ESA_WorldCover_2021_v200,Hansen_GFC2024v1.12_treecover2000,Landsat_C2_L2_GEE,CLCD_v01_zenodo.18180184,2026-06-10
SAIH_AFF_r41c37,117.318604,42.224882,1985,stable_forest,0.9187,0.9533,0.00193,0.00118,0.0137,0.9654,2020,1,stable_restoration,flat,regimeC_v0_CLCD+NDVI,RS_derived,ESA_WorldCover_2021_v200,Hansen_GFC2024v1.12_treecover2000,Landsat_C2_L2_GEE,CLCD_v01_zenodo.18180184,2026-06-10
SAIH_AFF_r41c38,117.330655,42.224882,1985,stable_forest,0.8783,0.9269,0.00083,0.00274,0.064,0.974,2011,0,stable_restoration,flat,regimeC_v0_CLCD+NDVI,RS_derived,ESA_WorldCover_2021_v200,Hansen_GFC2024v1.12_treecover2000,Landsat_C2_L2_GEE,CLCD_v01_zenodo.18180184,2026-06-10
SAIH_AFF_r41c39,117.342705,42.224882,1985,stable_forest,0.9498,0.9854,0.0014,0.00554,0.1139,0.9729,2011,0,stable_restoration,rising,regimeC_v0_CLCD+NDVI,RS_derived,ESA_WorldCover_2021_v200,Hansen_GFC2024v1.12_treecover2000,Landsat_C2_L2_GEE,CLCD_v01_zenodo.18180184,2026-06-10
SAIH_AFF_r41c40,117.354756,42.224882,1985,stable_forest,0.9154,0.9511,0.00542,0.00669,0.1316,0.9715,2011,0,stable_restoration,rising,regimeC_v0_CLCD+NDVI,RS_derived,ESA_WorldCover_2021_v200,Hansen_GFC2024v1.12_treecover2000,Landsat_C2_L2_GEE,CLCD_v01_zenodo.18180184,2026-06-10
SAIH_AFF_r41c41,117.366807,42.224882,1985,stable_forest,0.8967,0.9316,0.00589,0.00591,0.1235,0.9689,2021,0,stable_restoration,rising,regimeC_v0_CLCD+NDVI,RS_derived,ESA_WorldCover_2021_v200,Hansen_GFC2024v1.12_treecover2000,Landsat_C2_L2_GEE,CLCD_v01_zenodo.18180184,2026-06-10
SAIH_AFF_r41c42,117.378858,42.224882,1985,stable_forest,0.9052,0.9401,0.00215,0.00487,0.1124,0.9742,2021,0,stable_restoration,rising,regimeC_v0_CLCD+NDVI,RS_derived,ESA_WorldCover_2021_v200,Hansen_GFC2024v1.12_treecover2000,Landsat_C2_L2_GEE,CLCD_v01_zenodo.18180184,2026-06-10
SAIH_AFF_r41c43,117.390908,42.224882,1985,stable_forest,0.9738,1.0117,0.00169,0.00607,0.1244,0.9809,2012,0,stable_restoration,rising,regimeC_v0_CLCD+NDVI,RS_derived,ESA_WorldCover_2021_v200,Hansen_GFC2024v1.12_treecover2000,Landsat_C2_L2_GEE,CLCD_v01_zenodo.18180184,2026-06-10
SAIH_AFF_r41c44,117.402959,42.224882,1985,stable_forest,0.9183,0.9699,0.0014,0.00456,0.1008,0.9686,2016,0,stable_restoration,rising,regimeC_v0_CLCD+NDVI,RS_derived,ESA_WorldCover_2021_v200,Hansen_GFC2024v1.12_treecover2000,Landsat_C2_L2_GEE,CLCD_v01_zenodo.18180184,2026-06-10
SAIH_AFF_r41c45,117.41501,42.224882,1985,stable_forest,1.0,1.0374,0.00038,0.00414,0.0876,0.9777,2016,0,stable_restoration,rising,regimeC_v0_CLCD+NDVI,RS_derived,ESA_WorldCover_2021_v200,Hansen_GFC2024v1.12_treecover2000,Landsat_C2_L2_GEE,CLCD_v01_zenodo.18180184,2026-06-10
SAIH_AFF_r41c46,117.427061,42.224882,1985,stable_forest,0.9989,1.0363,0.00057,0.00481,0.105,0.9686,2021,1,stable_restoration,rising,regimeC_v0_CLCD+NDVI,RS_derived,ESA_WorldCover_2021_v200,Hansen_GFC2024v1.12_treecover2000,Landsat_C2_L2_GEE,CLCD_v01_zenodo.18180184,2026-06-10
SAIH_AFF_r41c47,117.439112,42.224882,1985,stable_forest,0.9507,0.9883,0.00062,0.00316,0.0846,0.9633,2015,0,stable_restoration,rising,regimeC_v0_CLCD+NDVI,RS_derived,ESA_WorldCover_2021_v200,Hansen_GFC2024v1.12_treecover2000,Landsat_C2_L2_GEE,CLCD_v01_zenodo.18180184,2026-06-10
SAIH_AFF_r41c48,117.451162,42.224882,1985,stable_forest,0.9812,1.0179,0.0025,0.00568,0.1171,0.9812,2015,0,stable_restoration,rising,regimeC_v0_CLCD+NDVI,RS_derived,ESA_WorldCover_2021_v200,Hansen_GFC2024v1.12_treecover2000,Landsat_C2_L2_GEE,CLCD_v01_zenodo.18180184,2026-06-10
SAIH_AFF_r41c49,117.463213,42.224882,1985,stable_forest,0.882,0.9184,0.00349,0.00641,0.1201,0.9769,0,0,stable_restoration,rising,regimeC_v0_CLCD+NDVI,RS_derived,ESA_WorldCover_2021_v200,Hansen_GFC2024v1.12_treecover2000,Landsat_C2_L2_GEE,CLCD_v01_zenodo.18180184,2026-06-10
SAIH_AFF_r41c50,117.475264,42.224882,1985,stable_forest,0.9114,0.9656,0.00759,0.00701,0.1325,0.973,2023,1,stable_restoration,rising,regimeC_v0_CLCD+NDVI,RS_derived,ESA_WorldCover_2021_v200,Hansen_GFC2024v1.12_treecover2000,Landsat_C2_L2_GEE,CLCD_v01_zenodo.18180184,2026-06-10
SAIH_AFF_r41c51,117.487315,42.224882,2017,afforested,0.5676,0.6128,0.01769,0.01108,0.2141,0.968,2021,0,early_restoration,rising,regimeC_v0_CLCD+NDVI,RS_derived,ESA_WorldCover_2021_v200,Hansen_GFC2024v1.12_treecover2000,Landsat_C2_L2_GEE,CLCD_v01_zenodo.18180184,2026-06-10
SAIH_AFF_r41c52,117.499365,42.224882,2013,partial_forest,0.6448,0.6764,0.01308,0.01159,0.2211,0.9751,0,0,stable_restoration,rising,regimeC_v0_CLCD+NDVI,RS_derived,ESA_WorldCover_2021_v200,Hansen_GFC2024v1.12_treecover2000,Landsat_C2_L2_GEE,CLCD_v01_zenodo.18180184,2026-06-10
SAIH_AFF_r41c53,117.511416,42.224882,0,non_forest,0.2481,0.2495,0.01006,0.01096,0.2284,0.9748,0,0,degraded,rising,regimeC_v0_CLCD+NDVI,RS_derived,ESA_WorldCover_2021_v200,Hansen_GFC2024v1.12_treecover2000,Landsat_C2_L2_GEE,CLCD_v01_zenodo.18180184,2026-06-10
SAIH_AFF_r41c54,117.523467,42.224882,2000,partial_forest,0.7903,0.8229,0.01416,0.01154,0.2236,0.9862,0,0,stable_restoration,rising,regimeC_v0_CLCD+NDVI,RS_derived,ESA_WorldCover_2021_v200,Hansen_GFC2024v1.12_treecover2000,Landsat_C2_L2_GEE,CLCD_v01_zenodo.18180184,2026-06-10
SAIH_AFF_r41c55,117.535518,42.224882,1985,stable_forest,0.7695,0.8025,0.00542,0.00952,0.1795,0.9743,0,0,stable_restoration,rising,regimeC_v0_CLCD+NDVI,RS_derived,ESA_WorldCover_2021_v200,Hansen_GFC2024v1.12_treecover2000,Landsat_C2_L2_GEE,CLCD_v01_zenodo.18180184,2026-06-10
SAIH_AFF_r41c56,117.547568,42.224882,1991,stable_forest,0.6762,0.7056,0.0064,0.00851,0.1673,0.9786,0,0,stable_restoration,rising,regimeC_v0_CLCD+NDVI,RS_derived,ESA_WorldCover_2021_v200,Hansen_GFC2024v1.12_treecover2000,Landsat_C2_L2_GEE,CLCD_v01_zenodo.18180184,2026-06-10
SAIH_AFF_r41c57,117.559619,42.224882,2018,partial_forest,0.5058,0.5253,0.00515,0.0085,0.177,0.9593,2019,0,early_restoration,rising,regimeC_v0_CLCD+NDVI,RS_derived,ESA_WorldCover_2021_v200,Hansen_GFC2024v1.12_treecover2000,Landsat_C2_L2_GEE,CLCD_v01_zenodo.18180184,2026-06-10
SAIH_AFF_r41c58,117.57167,42.224882,0,partial_forest,0.3766,0.3954,0.00767,0.00847,0.1788,0.9482,0,0,early_restoration,rising,regimeC_v0_CLCD+NDVI,RS_derived,ESA_WorldCover_2021_v200,Hansen_GFC2024v1.12_treecover2000,Landsat_C2_L2_GEE,CLCD_v01_zenodo.18180184,2026-06-10
SAIH_AFF_r41c59,117.583721,42.224882,1985,stable_forest,0.7318,0.7599,0.0032,0.00616,0.114,0.9813,2019,0,stable_restoration,rising,regimeC_v0_CLCD+NDVI,RS_derived,ESA_WorldCover_2021_v200,Hansen_GFC2024v1.12_treecover2000,Landsat_C2_L2_GEE,CLCD_v01_zenodo.18180184,2026-06-10
SAIH_AFF_r41c60,117.595772,42.224882,2007,afforested,0.8614,0.895,0.02866,0.00685,0.1353,0.9774,2020,1,stable_restoration,rising,regimeC_v0_CLCD+NDVI,RS_derived,ESA_WorldCover_2021_v200,Hansen_GFC2024v1.12_treecover2000,Landsat_C2_L2_GEE,CLCD_v01_zenodo.18180184,2026-06-10
SAIH_AFF_r41c61,117.607822,42.224882,2008,partial_forest,0.7575,0.7936,0.01696,0.00799,0.1578,0.9733,0,0,stable_restoration,rising,regimeC_v0_CLCD+NDVI,RS_derived,ESA_WorldCover_2021_v200,Hansen_GFC2024v1.12_treecover2000,Landsat_C2_L2_GEE,CLCD_v01_zenodo.18180184,2026-06-10
SAIH_AFF_r41c62,117.619873,42.224882,2022,partial_forest,0.501,0.5241,0.00428,0.00975,0.2106,0.9616,2001,0,early_restoration,rising,regimeC_v0_CLCD+NDVI,RS_derived,ESA_WorldCover_2021_v200,Hansen_GFC2024v1.12_treecover2000,Landsat_C2_L2_GEE,CLCD_v01_zenodo.18180184,2026-06-10
SAIH_AFF_r41c63,117.631924,42.224882,1985,stable_forest,0.8982,0.9378,0.01085,0.00952,0.1967,0.9812,2020,0,stable_restoration,rising,regimeC_v0_CLCD+NDVI,RS_derived,ESA_WorldCover_2021_v200,Hansen_GFC2024v1.12_treecover2000,Landsat_C2_L2_GEE,CLCD_v01_zenodo.18180184,2026-06-10
SAIH_AFF_r41c64,117.643975,42.224882,1991,stable_forest,0.6654,0.6898,0.00516,0.00713,0.1291,0.9708,2021,1,stable_restoration,rising,regimeC_v0_CLCD+NDVI,RS_derived,ESA_WorldCover_2021_v200,Hansen_GFC2024v1.12_treecover2000,Landsat_C2_L2_GEE,CLCD_v01_zenodo.18180184,2026-06-10
SAIH_AFF_r42c04,116.920928,42.215843,0,non_forest,0.1924,0.3182,0.00943,0.0135,0.2574,0.9809,0,0,degraded,rising,regimeC_v0_CLCD+NDVI,RS_derived,ESA_WorldCover_2021_v200,Hansen_GFC2024v1.12_treecover2000,Landsat_C2_L2_GEE,CLCD_v01_zenodo.18180184,2026-06-10
SAIH_AFF_r42c26,117.186045,42.215843,0,non_forest,0.2659,0.2913,0.01207,0.00571,0.1437,0.9832,0,0,degraded,rising,regimeC_v0_CLCD+NDVI,RS_derived,ESA_WorldCover_2021_v200,Hansen_GFC2024v1.12_treecover2000,Landsat_C2_L2_GEE,CLCD_v01_zenodo.18180184,2026-06-10
SAIH_AFF_r42c27,117.198096,42.215843,0,partial_forest,0.4437,0.4652,0.01855,0.00675,0.1603,0.9709,0,0,early_restoration,rising,regimeC_v0_CLCD+NDVI,RS_derived,ESA_WorldCover_2021_v200,Hansen_GFC2024v1.12_treecover2000,Landsat_C2_L2_GEE,CLCD_v01_zenodo.18180184,2026-06-10
SAIH_AFF_r42c28,117.210147,42.215843,0,partial_forest,0.4105,0.4383,0.01399,0.00624,0.1562,0.9747,0,0,early_restoration,rising,regimeC_v0_CLCD+NDVI,RS_derived,ESA_WorldCover_2021_v200,Hansen_GFC2024v1.12_treecover2000,Landsat_C2_L2_GEE,CLCD_v01_zenodo.18180184,2026-06-10
SAIH_AFF_r42c29,117.222198,42.215843,0,non_forest,0.1924,0.2232,0.00783,0.00739,0.1683,0.9683,0,0,degraded,rising,regimeC_v0_CLCD+NDVI,RS_derived,ESA_WorldCover_2021_v200,Hansen_GFC2024v1.12_treecover2000,Landsat_C2_L2_GEE,CLCD_v01_zenodo.18180184,2026-06-10
SAIH_AFF_r42c32,117.25835,42.215843,0,partial_forest,0.3834,0.4035,0.00578,0.00617,0.1137,0.9745,0,0,early_restoration,rising,regimeC_v0_CLCD+NDVI,RS_derived,ESA_WorldCover_2021_v200,Hansen_GFC2024v1.12_treecover2000,Landsat_C2_L2_GEE,CLCD_v01_zenodo.18180184,2026-06-10
SAIH_AFF_r42c33,117.270401,42.215843,2008,afforested,0.6111,0.6437,0.01229,0.00748,0.1521,0.9697,0,0,early_restoration,rising,regimeC_v0_CLCD+NDVI,RS_derived,ESA_WorldCover_2021_v200,Hansen_GFC2024v1.12_treecover2000,Landsat_C2_L2_GEE,CLCD_v01_zenodo.18180184,2026-06-10
SAIH_AFF_r42c34,117.282452,42.215843,1985,stable_forest,0.8153,0.8457,0.00538,0.00644,0.1418,0.9899,2016,0,stable_restoration,rising,regimeC_v0_CLCD+NDVI,RS_derived,ESA_WorldCover_2021_v200,Hansen_GFC2024v1.12_treecover2000,Landsat_C2_L2_GEE,CLCD_v01_zenodo.18180184,2026-06-10
SAIH_AFF_r42c35,117.294502,42.215843,1985,stable_forest,0.827,0.8586,0.00393,0.00404,0.0916,0.9815,2022,1,stable_restoration,rising,regimeC_v0_CLCD+NDVI,RS_derived,ESA_WorldCover_2021_v200,Hansen_GFC2024v1.12_treecover2000,Landsat_C2_L2_GEE,CLCD_v01_zenodo.18180184,2026-06-10
SAIH_AFF_r42c36,117.306553,42.215843,1985,stable_forest,0.8628,0.8978,0.00349,0.00138,0.0425,0.9607,2022,1,stable_restoration,flat,regimeC_v0_CLCD+NDVI,RS_derived,ESA_WorldCover_2021_v200,Hansen_GFC2024v1.12_treecover2000,Landsat_C2_L2_GEE,CLCD_v01_zenodo.18180184,2026-06-10
SAIH_AFF_r42c37,117.318604,42.215843,1985,stable_forest,0.9901,1.0334,-9e-05,0.00421,0.0689,0.9784,2013,0,stable_restoration,rising,regimeC_v0_CLCD+NDVI,RS_derived,ESA_WorldCover_2021_v200,Hansen_GFC2024v1.12_treecover2000,Landsat_C2_L2_GEE,CLCD_v01_zenodo.18180184,2026-06-10
SAIH_AFF_r42c38,117.330655,42.215843,1985,stable_forest,0.9841,1.0215,0.00027,0.0061,0.1082,0.9674,2024,1,stable_restoration,rising,regimeC_v0_CLCD+NDVI,RS_derived,ESA_WorldCover_2021_v200,Hansen_GFC2024v1.12_treecover2000,Landsat_C2_L2_GEE,CLCD_v01_zenodo.18180184,2026-06-10
SAIH_AFF_r42c39,117.342705,42.215843,1985,stable_forest,0.9967,1.034,0.00019,0.00379,0.0869,0.9651,2019,1,stable_restoration,rising,regimeC_v0_CLCD+NDVI,RS_derived,ESA_WorldCover_2021_v200,Hansen_GFC2024v1.12_treecover2000,Landsat_C2_L2_GEE,CLCD_v01_zenodo.18180184,2026-06-10
SAIH_AFF_r42c40,117.354756,42.215843,1985,stable_forest,0.9338,0.9696,0.0049,0.00619,0.1266,0.9777,0,0,stable_restoration,rising,regimeC_v0_CLCD+NDVI,RS_derived,ESA_WorldCover_2021_v200,Hansen_GFC2024v1.12_treecover2000,Landsat_C2_L2_GEE,CLCD_v01_zenodo.18180184,2026-06-10
SAIH_AFF_r42c41,117.366807,42.215843,2007,partial_forest,0.717,0.7599,0.01457,0.00876,0.183,0.9646,2021,0,stable_restoration,rising,regimeC_v0_CLCD+NDVI,RS_derived,ESA_WorldCover_2021_v200,Hansen_GFC2024v1.12_treecover2000,Landsat_C2_L2_GEE,CLCD_v01_zenodo.18180184,2026-06-10
SAIH_AFF_r42c42,117.378858,42.215843,1985,stable_forest,0.8541,0.8801,0.0035,0.0067,0.1461,0.9677,2019,1,stable_restoration,rising,regimeC_v0_CLCD+NDVI,RS_derived,ESA_WorldCover_2021_v200,Hansen_GFC2024v1.12_treecover2000,Landsat_C2_L2_GEE,CLCD_v01_zenodo.18180184,2026-06-10
SAIH_AFF_r42c43,117.390908,42.215843,1985,stable_forest,0.948,0.9945,0.00175,0.00517,0.118,0.9593,2021,1,stable_restoration,rising,regimeC_v0_CLCD+NDVI,RS_derived,ESA_WorldCover_2021_v200,Hansen_GFC2024v1.12_treecover2000,Landsat_C2_L2_GEE,CLCD_v01_zenodo.18180184,2026-06-10
SAIH_AFF_r42c44,117.402959,42.215843,1985,stable_forest,0.9011,1.0031,-0.00119,0.00536,0.1206,0.9426,2016,0,stable_restoration,rising,regimeC_v0_CLCD+NDVI,RS_derived,ESA_WorldCover_2021_v200,Hansen_GFC2024v1.12_treecover2000,Landsat_C2_L2_GEE,CLCD_v01_zenodo.18180184,2026-06-10
SAIH_AFF_r42c45,117.41501,42.215843,1985,stable_forest,0.988,1.0267,0.00084,0.00499,0.1164,0.9813,2011,0,stable_restoration,rising,regimeC_v0_CLCD+NDVI,RS_derived,ESA_WorldCover_2021_v200,Hansen_GFC2024v1.12_treecover2000,Landsat_C2_L2_GEE,CLCD_v01_zenodo.18180184,2026-06-10
SAIH_AFF_r42c46,117.427061,42.215843,1985,stable_forest,0.9688,1.0054,-9e-05,0.00433,0.1064,0.9655,2007,0,stable_restoration,rising,regimeC_v0_CLCD+NDVI,RS_derived,ESA_WorldCover_2021_v200,Hansen_GFC2024v1.12_treecover2000,Landsat_C2_L2_GEE,CLCD_v01_zenodo.18180184,2026-06-10
SAIH_AFF_r42c47,117.439112,42.215843,1985,stable_forest,1.0,1.0374,0.00014,0.00441,0.0964,0.962,2011,0,stable_restoration,rising,regimeC_v0_CLCD+NDVI,RS_derived,ESA_WorldCover_2021_v200,Hansen_GFC2024v1.12_treecover2000,Landsat_C2_L2_GEE,CLCD_v01_zenodo.18180184,2026-06-10
SAIH_AFF_r42c48,117.451162,42.215843,1985,stable_forest,0.8297,0.8629,0.00873,0.00675,0.1445,0.9754,2012,0,stable_restoration,rising,regimeC_v0_CLCD+NDVI,RS_derived,ESA_WorldCover_2021_v200,Hansen_GFC2024v1.12_treecover2000,Landsat_C2_L2_GEE,CLCD_v01_zenodo.18180184,2026-06-10
SAIH_AFF_r42c49,117.463213,42.215843,1985,stable_forest,0.7375,0.769,0.0083,0.00544,0.1006,0.9778,2012,0,stable_restoration,rising,regimeC_v0_CLCD+NDVI,RS_derived,ESA_WorldCover_2021_v200,Hansen_GFC2024v1.12_treecover2000,Landsat_C2_L2_GEE,CLCD_v01_zenodo.18180184,2026-06-10
SAIH_AFF_r42c50,117.475264,42.215843,2010,afforested,0.7408,0.7784,0.02305,0.00949,0.1866,0.9733,2023,1,stable_restoration,rising,regimeC_v0_CLCD+NDVI,RS_derived,ESA_WorldCover_2021_v200,Hansen_GFC2024v1.12_treecover2000,Landsat_C2_L2_GEE,CLCD_v01_zenodo.18180184,2026-06-10
SAIH_AFF_r42c51,117.487315,42.215843,2021,afforested,0.5404,0.5888,0.02288,0.01229,0.2401,0.974,0,0,early_restoration,rising,regimeC_v0_CLCD+NDVI,RS_derived,ESA_WorldCover_2021_v200,Hansen_GFC2024v1.12_treecover2000,Landsat_C2_L2_GEE,CLCD_v01_zenodo.18180184,2026-06-10
SAIH_AFF_r42c52,117.499365,42.215843,0,partial_forest,0.4095,0.4435,0.01782,0.01244,0.2468,0.9608,0,0,early_restoration,rising,regimeC_v0_CLCD+NDVI,RS_derived,ESA_WorldCover_2021_v200,Hansen_GFC2024v1.12_treecover2000,Landsat_C2_L2_GEE,CLCD_v01_zenodo.18180184,2026-06-10
SAIH_AFF_r42c53,117.511416,42.215843,0,partial_forest,0.4448,0.4555,0.02347,0.01247,0.2513,0.9828,0,0,early_restoration,rising,regimeC_v0_CLCD+NDVI,RS_derived,ESA_WorldCover_2021_v200,Hansen_GFC2024v1.12_treecover2000,Landsat_C2_L2_GEE,CLCD_v01_zenodo.18180184,2026-06-10
SAIH_AFF_r42c54,117.523467,42.215843,2019,partial_forest,0.5171,0.5396,0.00923,0.00894,0.1684,0.975,0,0,early_restoration,rising,regimeC_v0_CLCD+NDVI,RS_derived,ESA_WorldCover_2021_v200,Hansen_GFC2024v1.12_treecover2000,Landsat_C2_L2_GEE,CLCD_v01_zenodo.18180184,2026-06-10
SAIH_AFF_r42c55,117.535518,42.215843,1990,stable_forest,0.675,0.7038,0.00356,0.00882,0.1659,0.9776,0,0,stable_restoration,rising,regimeC_v0_CLCD+NDVI,RS_derived,ESA_WorldCover_2021_v200,Hansen_GFC2024v1.12_treecover2000,Landsat_C2_L2_GEE,CLCD_v01_zenodo.18180184,2026-06-10
SAIH_AFF_r42c56,117.547568,42.215843,1991,stable_forest,0.6062,0.6335,0.00327,0.00779,0.1402,0.9851,0,0,early_restoration,rising,regimeC_v0_CLCD+NDVI,RS_derived,ESA_WorldCover_2021_v200,Hansen_GFC2024v1.12_treecover2000,Landsat_C2_L2_GEE,CLCD_v01_zenodo.18180184,2026-06-10
SAIH_AFF_r42c57,117.559619,42.215843,0,non_forest,0.299,0.3032,0.00243,0.00735,0.1592,0.9351,2001,0,degraded,rising,regimeC_v0_CLCD+NDVI,RS_derived,ESA_WorldCover_2021_v200,Hansen_GFC2024v1.12_treecover2000,Landsat_C2_L2_GEE,CLCD_v01_zenodo.18180184,2026-06-10
SAIH_AFF_r42c58,117.57167,42.215843,1994,partial_forest,0.6263,0.654,0.00601,0.00885,0.1881,0.9588,2006,0,early_restoration,rising,regimeC_v0_CLCD+NDVI,RS_derived,ESA_WorldCover_2021_v200,Hansen_GFC2024v1.12_treecover2000,Landsat_C2_L2_GEE,CLCD_v01_zenodo.18180184,2026-06-10
SAIH_AFF_r42c59,117.583721,42.215843,1985,stable_forest,0.8605,0.8961,0.01063,0.00722,0.1511,0.9846,2001,0,stable_restoration,rising,regimeC_v0_CLCD+NDVI,RS_derived,ESA_WorldCover_2021_v200,Hansen_GFC2024v1.12_treecover2000,Landsat_C2_L2_GEE,CLCD_v01_zenodo.18180184,2026-06-10
SAIH_AFF_r42c60,117.595772,42.215843,2008,partial_forest,0.8274,0.8591,0.02549,0.00742,0.1495,0.9786,0,0,stable_restoration,rising,regimeC_v0_CLCD+NDVI,RS_derived,ESA_WorldCover_2021_v200,Hansen_GFC2024v1.12_treecover2000,Landsat_C2_L2_GEE,CLCD_v01_zenodo.18180184,2026-06-10
SAIH_AFF_r42c61,117.607822,42.215843,2017,afforested,0.5815,0.6346,0.01582,0.0104,0.2015,0.9678,0,0,early_restoration,rising,regimeC_v0_CLCD+NDVI,RS_derived,ESA_WorldCover_2021_v200,Hansen_GFC2024v1.12_treecover2000,Landsat_C2_L2_GEE,CLCD_v01_zenodo.18180184,2026-06-10
SAIH_AFF_r42c62,117.619873,42.215843,1990,stable_forest,0.6286,0.6529,0.00144,0.00816,0.1683,0.9539,2024,1,early_restoration,rising,regimeC_v0_CLCD+NDVI,RS_derived,ESA_WorldCover_2021_v200,Hansen_GFC2024v1.12_treecover2000,Landsat_C2_L2_GEE,CLCD_v01_zenodo.18180184,2026-06-10
SAIH_AFF_r42c63,117.631924,42.215843,1990,stable_forest,0.8436,0.8766,0.0123,0.00778,0.1457,0.9808,2024,1,stable_restoration,rising,regimeC_v0_CLCD+NDVI,RS_derived,ESA_WorldCover_2021_v200,Hansen_GFC2024v1.12_treecover2000,Landsat_C2_L2_GEE,CLCD_v01_zenodo.18180184,2026-06-10
SAIH_AFF_r42c64,117.643975,42.215843,2020,afforested,0.5229,0.553,0.00944,0.00862,0.1799,0.9499,2007,0,early_restoration,rising,regimeC_v0_CLCD+NDVI,RS_derived,ESA_WorldCover_2021_v200,Hansen_GFC2024v1.12_treecover2000,Landsat_C2_L2_GEE,CLCD_v01_zenodo.18180184,2026-06-10
SAIH_AFF_r43c28,117.210147,42.206804,0,partial_forest,0.3513,0.3988,0.0154,0.0074,0.1747,0.9685,0,0,early_restoration,rising,regimeC_v0_CLCD+NDVI,RS_derived,ESA_WorldCover_2021_v200,Hansen_GFC2024v1.12_treecover2000,Landsat_C2_L2_GEE,CLCD_v01_zenodo.18180184,2026-06-10
SAIH_AFF_r43c29,117.222198,42.206804,0,partial_forest,0.3849,0.4292,0.01482,0.00671,0.15,0.9697,0,0,early_restoration,rising,regimeC_v0_CLCD+NDVI,RS_derived,ESA_WorldCover_2021_v200,Hansen_GFC2024v1.12_treecover2000,Landsat_C2_L2_GEE,CLCD_v01_zenodo.18180184,2026-06-10
SAIH_AFF_r43c31,117.246299,42.206804,2000,partial_forest,0.6457,0.6758,0.00606,0.00631,0.1255,0.9729,0,0,stable_restoration,rising,regimeC_v0_CLCD+NDVI,RS_derived,ESA_WorldCover_2021_v200,Hansen_GFC2024v1.12_treecover2000,Landsat_C2_L2_GEE,CLCD_v01_zenodo.18180184,2026-06-10
SAIH_AFF_r43c32,117.25835,42.206804,0,partial_forest,0.4417,0.4692,0.00908,0.00687,0.1404,0.9696,2016,0,early_restoration,rising,regimeC_v0_CLCD+NDVI,RS_derived,ESA_WorldCover_2021_v200,Hansen_GFC2024v1.12_treecover2000,Landsat_C2_L2_GEE,CLCD_v01_zenodo.18180184,2026-06-10
SAIH_AFF_r43c33,117.270401,42.206804,1990,stable_forest,0.9325,0.9642,0.00973,0.00604,0.1277,0.973,2016,0,stable_restoration,rising,regimeC_v0_CLCD+NDVI,RS_derived,ESA_WorldCover_2021_v200,Hansen_GFC2024v1.12_treecover2000,Landsat_C2_L2_GEE,CLCD_v01_zenodo.18180184,2026-06-10
SAIH_AFF_r43c34,117.282452,42.206804,1985,stable_forest,0.8668,0.9012,0.0022,0.00191,0.0528,0.9791,2024,1,stable_restoration,flat,regimeC_v0_CLCD+NDVI,RS_derived,ESA_WorldCover_2021_v200,Hansen_GFC2024v1.12_treecover2000,Landsat_C2_L2_GEE,CLCD_v01_zenodo.18180184,2026-06-10
SAIH_AFF_r43c35,117.294502,42.206804,1985,stable_forest,0.9515,0.9892,0.00573,0.00587,0.1073,0.964,2024,1,stable_restoration,rising,regimeC_v0_CLCD+NDVI,RS_derived,ESA_WorldCover_2021_v200,Hansen_GFC2024v1.12_treecover2000,Landsat_C2_L2_GEE,CLCD_v01_zenodo.18180184,2026-06-10
SAIH_AFF_r43c36,117.306553,42.206804,1985,stable_forest,0.9671,1.0054,0.00561,0.00299,0.0598,0.9711,2021,1,stable_restoration,flat,regimeC_v0_CLCD+NDVI,RS_derived,ESA_WorldCover_2021_v200,Hansen_GFC2024v1.12_treecover2000,Landsat_C2_L2_GEE,CLCD_v01_zenodo.18180184,2026-06-10
SAIH_AFF_r43c37,117.318604,42.206804,1985,stable_forest,0.9524,0.9997,0.00089,0.00223,0.0584,0.9682,2021,1,stable_restoration,flat,regimeC_v0_CLCD+NDVI,RS_derived,ESA_WorldCover_2021_v200,Hansen_GFC2024v1.12_treecover2000,Landsat_C2_L2_GEE,CLCD_v01_zenodo.18180184,2026-06-10
SAIH_AFF_r43c38,117.330655,42.206804,1985,stable_forest,0.9533,1.0002,0.00218,0.00505,0.1084,0.9641,2011,0,stable_restoration,rising,regimeC_v0_CLCD+NDVI,RS_derived,ESA_WorldCover_2021_v200,Hansen_GFC2024v1.12_treecover2000,Landsat_C2_L2_GEE,CLCD_v01_zenodo.18180184,2026-06-10
SAIH_AFF_r43c39,117.342705,42.206804,1985,stable_forest,0.9053,0.9401,0.00232,0.00547,0.1143,0.9717,2011,0,stable_restoration,rising,regimeC_v0_CLCD+NDVI,RS_derived,ESA_WorldCover_2021_v200,Hansen_GFC2024v1.12_treecover2000,Landsat_C2_L2_GEE,CLCD_v01_zenodo.18180184,2026-06-10
SAIH_AFF_r43c40,117.354756,42.206804,1985,stable_forest,0.8452,0.8782,0.00537,0.00661,0.1413,0.9721,2004,0,stable_restoration,rising,regimeC_v0_CLCD+NDVI,RS_derived,ESA_WorldCover_2021_v200,Hansen_GFC2024v1.12_treecover2000,Landsat_C2_L2_GEE,CLCD_v01_zenodo.18180184,2026-06-10
SAIH_AFF_r43c41,117.366807,42.206804,2016,partial_forest,0.5603,0.5866,0.00602,0.00816,0.1692,0.9624,0,0,early_restoration,rising,regimeC_v0_CLCD+NDVI,RS_derived,ESA_WorldCover_2021_v200,Hansen_GFC2024v1.12_treecover2000,Landsat_C2_L2_GEE,CLCD_v01_zenodo.18180184,2026-06-10
SAIH_AFF_r43c42,117.378858,42.206804,2015,partial_forest,0.5575,0.5888,0.00382,0.00743,0.1658,0.9402,2023,0,early_restoration,rising,regimeC_v0_CLCD+NDVI,RS_derived,ESA_WorldCover_2021_v200,Hansen_GFC2024v1.12_treecover2000,Landsat_C2_L2_GEE,CLCD_v01_zenodo.18180184,2026-06-10
SAIH_AFF_r43c43,117.390908,42.206804,1985,stable_forest,0.9723,1.0094,0.00222,0.00522,0.1207,0.9751,2017,0,stable_restoration,rising,regimeC_v0_CLCD+NDVI,RS_derived,ESA_WorldCover_2021_v200,Hansen_GFC2024v1.12_treecover2000,Landsat_C2_L2_GEE,CLCD_v01_zenodo.18180184,2026-06-10
SAIH_AFF_r43c44,117.402959,42.206804,1985,stable_forest,0.9568,0.9962,0.00072,0.00502,0.1292,0.961,2015,0,stable_restoration,rising,regimeC_v0_CLCD+NDVI,RS_derived,ESA_WorldCover_2021_v200,Hansen_GFC2024v1.12_treecover2000,Landsat_C2_L2_GEE,CLCD_v01_zenodo.18180184,2026-06-10
SAIH_AFF_r43c45,117.41501,42.206804,1985,stable_forest,0.9623,1.0122,-0.00032,0.00509,0.1264,0.9776,2015,0,stable_restoration,rising,regimeC_v0_CLCD+NDVI,RS_derived,ESA_WorldCover_2021_v200,Hansen_GFC2024v1.12_treecover2000,Landsat_C2_L2_GEE,CLCD_v01_zenodo.18180184,2026-06-10
SAIH_AFF_r43c46,117.427061,42.206804,1985,stable_forest,0.989,1.026,0.00086,0.00485,0.1007,0.9796,0,0,stable_restoration,rising,regimeC_v0_CLCD+NDVI,RS_derived,ESA_WorldCover_2021_v200,Hansen_GFC2024v1.12_treecover2000,Landsat_C2_L2_GEE,CLCD_v01_zenodo.18180184,2026-06-10
SAIH_AFF_r43c47,117.439112,42.206804,1985,stable_forest,0.9978,1.0351,0.00025,0.00473,0.0973,0.9735,2022,1,stable_restoration,rising,regimeC_v0_CLCD+NDVI,RS_derived,ESA_WorldCover_2021_v200,Hansen_GFC2024v1.12_treecover2000,Landsat_C2_L2_GEE,CLCD_v01_zenodo.18180184,2026-06-10
SAIH_AFF_r43c48,117.451162,42.206804,1985,stable_forest,0.965,1.0083,-1e-05,0.00689,0.1702,0.9674,2012,0,stable_restoration,rising,regimeC_v0_CLCD+NDVI,RS_derived,ESA_WorldCover_2021_v200,Hansen_GFC2024v1.12_treecover2000,Landsat_C2_L2_GEE,CLCD_v01_zenodo.18180184,2026-06-10
SAIH_AFF_r43c49,117.463213,42.206804,1985,stable_forest,0.903,0.9321,0.00186,0.00471,0.0974,0.9697,2019,1,stable_restoration,rising,regimeC_v0_CLCD+NDVI,RS_derived,ESA_WorldCover_2021_v200,Hansen_GFC2024v1.12_treecover2000,Landsat_C2_L2_GEE,CLCD_v01_zenodo.18180184,2026-06-10
SAIH_AFF_r43c50,117.475264,42.206804,1985,stable_forest,0.8629,0.8995,0.01147,0.00842,0.1558,0.9887,2022,0,stable_restoration,rising,regimeC_v0_CLCD+NDVI,RS_derived,ESA_WorldCover_2021_v200,Hansen_GFC2024v1.12_treecover2000,Landsat_C2_L2_GEE,CLCD_v01_zenodo.18180184,2026-06-10
SAIH_AFF_r43c51,117.487315,42.206804,1985,stable_forest,0.8923,0.9287,0.01607,0.01001,0.1873,0.9907,2022,0,stable_restoration,rising,regimeC_v0_CLCD+NDVI,RS_derived,ESA_WorldCover_2021_v200,Hansen_GFC2024v1.12_treecover2000,Landsat_C2_L2_GEE,CLCD_v01_zenodo.18180184,2026-06-10
SAIH_AFF_r43c52,117.499365,42.206804,1985,stable_forest,0.975,1.0122,0.00851,0.00867,0.1607,0.9838,0,0,stable_restoration,rising,regimeC_v0_CLCD+NDVI,RS_derived,ESA_WorldCover_2021_v200,Hansen_GFC2024v1.12_treecover2000,Landsat_C2_L2_GEE,CLCD_v01_zenodo.18180184,2026-06-10
SAIH_AFF_r43c53,117.511416,42.206804,1985,stable_forest,0.8638,0.9046,0.01166,0.00852,0.1517,0.988,2015,0,stable_restoration,rising,regimeC_v0_CLCD+NDVI,RS_derived,ESA_WorldCover_2021_v200,Hansen_GFC2024v1.12_treecover2000,Landsat_C2_L2_GEE,CLCD_v01_zenodo.18180184,2026-06-10
SAIH_AFF_r43c54,117.523467,42.206804,2013,afforested,0.5923,0.6169,0.01586,0.00987,0.1918,0.9741,0,0,early_restoration,rising,regimeC_v0_CLCD+NDVI,RS_derived,ESA_WorldCover_2021_v200,Hansen_GFC2024v1.12_treecover2000,Landsat_C2_L2_GEE,CLCD_v01_zenodo.18180184,2026-06-10
SAIH_AFF_r43c55,117.535518,42.206804,0,non_forest,0.2932,0.3061,0.00541,0.01031,0.1984,0.9614,2023,0,degraded,rising,regimeC_v0_CLCD+NDVI,RS_derived,ESA_WorldCover_2021_v200,Hansen_GFC2024v1.12_treecover2000,Landsat_C2_L2_GEE,CLCD_v01_zenodo.18180184,2026-06-10
SAIH_AFF_r43c56,117.547568,42.206804,2009,partial_forest,0.5952,0.618,0.00765,0.00834,0.1552,0.9646,2006,0,early_restoration,rising,regimeC_v0_CLCD+NDVI,RS_derived,ESA_WorldCover_2021_v200,Hansen_GFC2024v1.12_treecover2000,Landsat_C2_L2_GEE,CLCD_v01_zenodo.18180184,2026-06-10
SAIH_AFF_r43c57,117.559619,42.206804,1990,stable_forest,0.6113,0.6346,0.00059,0.0075,0.1533,0.9526,2005,0,early_restoration,rising,regimeC_v0_CLCD+NDVI,RS_derived,ESA_WorldCover_2021_v200,Hansen_GFC2024v1.12_treecover2000,Landsat_C2_L2_GEE,CLCD_v01_zenodo.18180184,2026-06-10
SAIH_AFF_r43c58,117.57167,42.206804,1990,stable_forest,0.7294,0.7582,0.00336,0.00577,0.1152,0.9728,2001,0,stable_restoration,rising,regimeC_v0_CLCD+NDVI,RS_derived,ESA_WorldCover_2021_v200,Hansen_GFC2024v1.12_treecover2000,Landsat_C2_L2_GEE,CLCD_v01_zenodo.18180184,2026-06-10
SAIH_AFF_r43c59,117.583721,42.206804,2015,partial_forest,0.5462,0.57,0.00881,0.00685,0.1401,0.9698,2001,0,early_restoration,rising,regimeC_v0_CLCD+NDVI,RS_derived,ESA_WorldCover_2021_v200,Hansen_GFC2024v1.12_treecover2000,Landsat_C2_L2_GEE,CLCD_v01_zenodo.18180184,2026-06-10
SAIH_AFF_r43c60,117.595772,42.206804,1990,stable_forest,0.6255,0.655,0.00499,0.00783,0.1433,0.9776,0,0,early_restoration,rising,regimeC_v0_CLCD+NDVI,RS_derived,ESA_WorldCover_2021_v200,Hansen_GFC2024v1.12_treecover2000,Landsat_C2_L2_GEE,CLCD_v01_zenodo.18180184,2026-06-10
SAIH_AFF_r43c61,117.607822,42.206804,0,partial_forest,0.3238,0.3576,0.00648,0.00951,0.19,0.9723,0,0,early_restoration,rising,regimeC_v0_CLCD+NDVI,RS_derived,ESA_WorldCover_2021_v200,Hansen_GFC2024v1.12_treecover2000,Landsat_C2_L2_GEE,CLCD_v01_zenodo.18180184,2026-06-10
SAIH_AFF_r43c62,117.619873,42.206804,1985,stable_forest,0.6189,0.6501,0.00365,0.00787,0.1554,0.9686,0,0,early_restoration,rising,regimeC_v0_CLCD+NDVI,RS_derived,ESA_WorldCover_2021_v200,Hansen_GFC2024v1.12_treecover2000,Landsat_C2_L2_GEE,CLCD_v01_zenodo.18180184,2026-06-10
SAIH_AFF_r43c63,117.631924,42.206804,1991,partial_forest,0.711,0.7445,0.00673,0.00856,0.1739,0.96,2016,0,stable_restoration,rising,regimeC_v0_CLCD+NDVI,RS_derived,ESA_WorldCover_2021_v200,Hansen_GFC2024v1.12_treecover2000,Landsat_C2_L2_GEE,CLCD_v01_zenodo.18180184,2026-06-10
SAIH_AFF_r43c64,117.643975,42.206804,1991,partial_forest,0.7856,0.8227,0.01079,0.00704,0.1301,0.9749,2022,1,stable_restoration,rising,regimeC_v0_CLCD+NDVI,RS_derived,ESA_WorldCover_2021_v200,Hansen_GFC2024v1.12_treecover2000,Landsat_C2_L2_GEE,CLCD_v01_zenodo.18180184,2026-06-10
SAIH_AFF_r44c26,117.186045,42.197765,2014,partial_forest,0.5926,0.6174,0.00701,0.0076,0.1527,0.9799,2011,0,early_restoration,rising,regimeC_v0_CLCD+NDVI,RS_derived,ESA_WorldCover_2021_v200,Hansen_GFC2024v1.12_treecover2000,Landsat_C2_L2_GEE,CLCD_v01_zenodo.18180184,2026-06-10
SAIH_AFF_r44c29,117.222198,42.197765,2022,afforested,0.5076,0.5449,0.01551,0.00984,0.2072,0.9708,0,0,early_restoration,rising,regimeC_v0_CLCD+NDVI,RS_derived,ESA_WorldCover_2021_v200,Hansen_GFC2024v1.12_treecover2000,Landsat_C2_L2_GEE,CLCD_v01_zenodo.18180184,2026-06-10
SAIH_AFF_r44c30,117.234248,42.197765,0,partial_forest,0.4414,0.4816,0.01882,0.00971,0.1965,0.9669,0,0,early_restoration,rising,regimeC_v0_CLCD+NDVI,RS_derived,ESA_WorldCover_2021_v200,Hansen_GFC2024v1.12_treecover2000,Landsat_C2_L2_GEE,CLCD_v01_zenodo.18180184,2026-06-10
SAIH_AFF_r44c31,117.246299,42.197765,1985,stable_forest,0.8087,0.8414,0.0048,0.00556,0.1335,0.9716,2014,0,stable_restoration,rising,regimeC_v0_CLCD+NDVI,RS_derived,ESA_WorldCover_2021_v200,Hansen_GFC2024v1.12_treecover2000,Landsat_C2_L2_GEE,CLCD_v01_zenodo.18180184,2026-06-10
SAIH_AFF_r44c32,117.25835,42.197765,1985,stable_forest,0.9646,1.0052,0.0031,0.00321,0.0988,0.9737,2016,0,stable_restoration,rising,regimeC_v0_CLCD+NDVI,RS_derived,ESA_WorldCover_2021_v200,Hansen_GFC2024v1.12_treecover2000,Landsat_C2_L2_GEE,CLCD_v01_zenodo.18180184,2026-06-10
SAIH_AFF_r44c33,117.270401,42.197765,1985,stable_forest,0.9788,1.0224,0.00393,0.00675,0.1303,0.9813,2016,0,stable_restoration,rising,regimeC_v0_CLCD+NDVI,RS_derived,ESA_WorldCover_2021_v200,Hansen_GFC2024v1.12_treecover2000,Landsat_C2_L2_GEE,CLCD_v01_zenodo.18180184,2026-06-10
SAIH_AFF_r44c34,117.282452,42.197765,1985,stable_forest,0.9672,1.0062,0.00556,0.0063,0.1148,0.9817,2015,0,stable_restoration,rising,regimeC_v0_CLCD+NDVI,RS_derived,ESA_WorldCover_2021_v200,Hansen_GFC2024v1.12_treecover2000,Landsat_C2_L2_GEE,CLCD_v01_zenodo.18180184,2026-06-10
SAIH_AFF_r44c35,117.294502,42.197765,1985,stable_forest,0.9889,1.0276,0.00474,0.00652,0.1198,0.982,2024,1,stable_restoration,rising,regimeC_v0_CLCD+NDVI,RS_derived,ESA_WorldCover_2021_v200,Hansen_GFC2024v1.12_treecover2000,Landsat_C2_L2_GEE,CLCD_v01_zenodo.18180184,2026-06-10
SAIH_AFF_r44c36,117.306553,42.197765,1985,stable_forest,0.9737,1.014,0.00612,0.0053,0.1204,0.9609,2024,0,stable_restoration,rising,regimeC_v0_CLCD+NDVI,RS_derived,ESA_WorldCover_2021_v200,Hansen_GFC2024v1.12_treecover2000,Landsat_C2_L2_GEE,CLCD_v01_zenodo.18180184,2026-06-10
SAIH_AFF_r44c37,117.318604,42.197765,1985,stable_forest,0.9205,0.9667,0.00127,0.00247,0.0775,0.9751,2012,0,stable_restoration,flat,regimeC_v0_CLCD+NDVI,RS_derived,ESA_WorldCover_2021_v200,Hansen_GFC2024v1.12_treecover2000,Landsat_C2_L2_GEE,CLCD_v01_zenodo.18180184,2026-06-10
SAIH_AFF_r44c38,117.330655,42.197765,1985,stable_forest,0.9315,0.9695,-0.00041,0.00738,0.1591,0.9728,2021,1,stable_restoration,rising,regimeC_v0_CLCD+NDVI,RS_derived,ESA_WorldCover_2021_v200,Hansen_GFC2024v1.12_treecover2000,Landsat_C2_L2_GEE,CLCD_v01_zenodo.18180184,2026-06-10
SAIH_AFF_r44c39,117.342705,42.197765,1985,stable_forest,0.8613,0.8971,0.0036,0.00741,0.1628,0.971,0,0,stable_restoration,rising,regimeC_v0_CLCD+NDVI,RS_derived,ESA_WorldCover_2021_v200,Hansen_GFC2024v1.12_treecover2000,Landsat_C2_L2_GEE,CLCD_v01_zenodo.18180184,2026-06-10
SAIH_AFF_r44c40,117.354756,42.197765,1985,stable_forest,0.9522,0.9894,0.00891,0.00707,0.1499,0.9793,0,0,stable_restoration,rising,regimeC_v0_CLCD+NDVI,RS_derived,ESA_WorldCover_2021_v200,Hansen_GFC2024v1.12_treecover2000,Landsat_C2_L2_GEE,CLCD_v01_zenodo.18180184,2026-06-10
SAIH_AFF_r44c41,117.366807,42.197765,1985,stable_forest,0.7834,0.8163,0.00454,0.00811,0.1724,0.9747,0,0,stable_restoration,rising,regimeC_v0_CLCD+NDVI,RS_derived,ESA_WorldCover_2021_v200,Hansen_GFC2024v1.12_treecover2000,Landsat_C2_L2_GEE,CLCD_v01_zenodo.18180184,2026-06-10
SAIH_AFF_r44c42,117.378858,42.197765,1990,stable_forest,0.7359,0.7789,0.00576,0.0068,0.1508,0.9797,0,0,stable_restoration,rising,regimeC_v0_CLCD+NDVI,RS_derived,ESA_WorldCover_2021_v200,Hansen_GFC2024v1.12_treecover2000,Landsat_C2_L2_GEE,CLCD_v01_zenodo.18180184,2026-06-10
SAIH_AFF_r44c43,117.390908,42.197765,1985,stable_forest,0.8606,0.8943,0.00047,0.0068,0.1492,0.9765,2001,0,stable_restoration,rising,regimeC_v0_CLCD+NDVI,RS_derived,ESA_WorldCover_2021_v200,Hansen_GFC2024v1.12_treecover2000,Landsat_C2_L2_GEE,CLCD_v01_zenodo.18180184,2026-06-10
SAIH_AFF_r44c44,117.402959,42.197765,1985,stable_forest,0.9719,1.0202,0.00167,0.00392,0.1079,0.9588,2016,0,stable_restoration,rising,regimeC_v0_CLCD+NDVI,RS_derived,ESA_WorldCover_2021_v200,Hansen_GFC2024v1.12_treecover2000,Landsat_C2_L2_GEE,CLCD_v01_zenodo.18180184,2026-06-10
SAIH_AFF_r44c45,117.41501,42.197765,1985,stable_forest,0.993,1.0304,0.00074,0.00787,0.1651,0.9799,2012,0,stable_restoration,rising,regimeC_v0_CLCD+NDVI,RS_derived,ESA_WorldCover_2021_v200,Hansen_GFC2024v1.12_treecover2000,Landsat_C2_L2_GEE,CLCD_v01_zenodo.18180184,2026-06-10
SAIH_AFF_r44c46,117.427061,42.197765,1985,stable_forest,0.9743,1.0157,0.00275,0.00597,0.1168,0.9793,2005,0,stable_restoration,rising,regimeC_v0_CLCD+NDVI,RS_derived,ESA_WorldCover_2021_v200,Hansen_GFC2024v1.12_treecover2000,Landsat_C2_L2_GEE,CLCD_v01_zenodo.18180184,2026-06-10
SAIH_AFF_r44c47,117.439112,42.197765,1985,stable_forest,0.9995,1.0369,0.00223,0.00588,0.1233,0.9721,2022,0,stable_restoration,rising,regimeC_v0_CLCD+NDVI,RS_derived,ESA_WorldCover_2021_v200,Hansen_GFC2024v1.12_treecover2000,Landsat_C2_L2_GEE,CLCD_v01_zenodo.18180184,2026-06-10
SAIH_AFF_r44c48,117.451162,42.197765,1985,stable_forest,0.978,1.0146,0.00065,0.00896,0.1799,0.9774,2005,0,stable_restoration,rising,regimeC_v0_CLCD+NDVI,RS_derived,ESA_WorldCover_2021_v200,Hansen_GFC2024v1.12_treecover2000,Landsat_C2_L2_GEE,CLCD_v01_zenodo.18180184,2026-06-10
SAIH_AFF_r44c49,117.463213,42.197765,1985,stable_forest,0.9941,1.0313,0.00097,0.00696,0.1508,0.9695,2019,1,stable_restoration,rising,regimeC_v0_CLCD+NDVI,RS_derived,ESA_WorldCover_2021_v200,Hansen_GFC2024v1.12_treecover2000,Landsat_C2_L2_GEE,CLCD_v01_zenodo.18180184,2026-06-10
SAIH_AFF_r44c50,117.475264,42.197765,1985,stable_forest,0.9705,1.0074,0.00124,0.00484,0.1008,0.9738,2019,0,stable_restoration,rising,regimeC_v0_CLCD+NDVI,RS_derived,ESA_WorldCover_2021_v200,Hansen_GFC2024v1.12_treecover2000,Landsat_C2_L2_GEE,CLCD_v01_zenodo.18180184,2026-06-10
SAIH_AFF_r44c51,117.487315,42.197765,1985,stable_forest,0.9954,1.0335,0.00186,0.00629,0.1202,0.9822,0,0,stable_restoration,rising,regimeC_v0_CLCD+NDVI,RS_derived,ESA_WorldCover_2021_v200,Hansen_GFC2024v1.12_treecover2000,Landsat_C2_L2_GEE,CLCD_v01_zenodo.18180184,2026-06-10
SAIH_AFF_r44c52,117.499365,42.197765,1985,stable_forest,0.969,1.0118,0.01458,0.00677,0.1238,0.9773,0,0,stable_restoration,rising,regimeC_v0_CLCD+NDVI,RS_derived,ESA_WorldCover_2021_v200,Hansen_GFC2024v1.12_treecover2000,Landsat_C2_L2_GEE,CLCD_v01_zenodo.18180184,2026-06-10
SAIH_AFF_r44c53,117.511416,42.197765,1985,stable_forest,0.8816,0.9131,0.0145,0.00668,0.1144,0.981,2015,0,stable_restoration,rising,regimeC_v0_CLCD+NDVI,RS_derived,ESA_WorldCover_2021_v200,Hansen_GFC2024v1.12_treecover2000,Landsat_C2_L2_GEE,CLCD_v01_zenodo.18180184,2026-06-10
SAIH_AFF_r44c54,117.523467,42.197765,2012,partial_forest,0.7137,0.7449,0.02071,0.00911,0.1582,0.9769,2020,1,stable_restoration,rising,regimeC_v0_CLCD+NDVI,RS_derived,ESA_WorldCover_2021_v200,Hansen_GFC2024v1.12_treecover2000,Landsat_C2_L2_GEE,CLCD_v01_zenodo.18180184,2026-06-10
SAIH_AFF_r44c55,117.535518,42.197765,0,partial_forest,0.479,0.4909,0.02711,0.01398,0.2648,0.9628,2024,0,early_restoration,rising,regimeC_v0_CLCD+NDVI,RS_derived,ESA_WorldCover_2021_v200,Hansen_GFC2024v1.12_treecover2000,Landsat_C2_L2_GEE,CLCD_v01_zenodo.18180184,2026-06-10
SAIH_AFF_r44c56,117.547568,42.197765,0,partial_forest,0.3609,0.3716,0.00788,0.00943,0.1743,0.9597,2023,0,early_restoration,rising,regimeC_v0_CLCD+NDVI,RS_derived,ESA_WorldCover_2021_v200,Hansen_GFC2024v1.12_treecover2000,Landsat_C2_L2_GEE,CLCD_v01_zenodo.18180184,2026-06-10
SAIH_AFF_r44c57,117.559619,42.197765,2019,partial_forest,0.5308,0.5594,0.00785,0.00953,0.188,0.9546,2015,0,early_restoration,rising,regimeC_v0_CLCD+NDVI,RS_derived,ESA_WorldCover_2021_v200,Hansen_GFC2024v1.12_treecover2000,Landsat_C2_L2_GEE,CLCD_v01_zenodo.18180184,2026-06-10
SAIH_AFF_r44c58,117.57167,42.197765,0,partial_forest,0.3713,0.3934,0.00617,0.00798,0.1631,0.9637,2014,0,early_restoration,rising,regimeC_v0_CLCD+NDVI,RS_derived,ESA_WorldCover_2021_v200,Hansen_GFC2024v1.12_treecover2000,Landsat_C2_L2_GEE,CLCD_v01_zenodo.18180184,2026-06-10
SAIH_AFF_r44c59,117.583721,42.197765,1985,stable_forest,0.7767,0.8085,0.00569,0.00856,0.1658,0.962,2001,0,stable_restoration,rising,regimeC_v0_CLCD+NDVI,RS_derived,ESA_WorldCover_2021_v200,Hansen_GFC2024v1.12_treecover2000,Landsat_C2_L2_GEE,CLCD_v01_zenodo.18180184,2026-06-10
SAIH_AFF_r44c60,117.595772,42.197765,2015,partial_forest,0.6269,0.6579,0.01312,0.00915,0.17,0.9749,0,0,early_restoration,rising,regimeC_v0_CLCD+NDVI,RS_derived,ESA_WorldCover_2021_v200,Hansen_GFC2024v1.12_treecover2000,Landsat_C2_L2_GEE,CLCD_v01_zenodo.18180184,2026-06-10
SAIH_AFF_r44c61,117.607822,42.197765,0,partial_forest,0.3617,0.3789,0.00156,0.00984,0.1991,0.9595,2015,0,early_restoration,rising,regimeC_v0_CLCD+NDVI,RS_derived,ESA_WorldCover_2021_v200,Hansen_GFC2024v1.12_treecover2000,Landsat_C2_L2_GEE,CLCD_v01_zenodo.18180184,2026-06-10
SAIH_AFF_r44c62,117.619873,42.197765,0,non_forest,0.2382,0.2513,0.00501,0.00812,0.1641,0.9411,2021,0,degraded,rising,regimeC_v0_CLCD+NDVI,RS_derived,ESA_WorldCover_2021_v200,Hansen_GFC2024v1.12_treecover2000,Landsat_C2_L2_GEE,CLCD_v01_zenodo.18180184,2026-06-10
SAIH_AFF_r44c63,117.631924,42.197765,1994,partial_forest,0.6619,0.6926,0.00905,0.00939,0.1864,0.9519,2020,0,stable_restoration,rising,regimeC_v0_CLCD+NDVI,RS_derived,ESA_WorldCover_2021_v200,Hansen_GFC2024v1.12_treecover2000,Landsat_C2_L2_GEE,CLCD_v01_zenodo.18180184,2026-06-10
SAIH_AFF_r44c64,117.643975,42.197765,1997,partial_forest,0.8902,0.9255,0.00876,0.00493,0.0775,0.9659,2022,1,stable_restoration,rising,regimeC_v0_CLCD+NDVI,RS_derived,ESA_WorldCover_2021_v200,Hansen_GFC2024v1.12_treecover2000,Landsat_C2_L2_GEE,CLCD_v01_zenodo.18180184,2026-06-10
SAIH_AFF_r45c03,116.908878,42.188726,0,non_forest,0.1088,0.154,0.00573,0.01305,0.2499,0.9685,0,0,degraded,rising,regimeC_v0_CLCD+NDVI,RS_derived,ESA_WorldCover_2021_v200,Hansen_GFC2024v1.12_treecover2000,Landsat_C2_L2_GEE,CLCD_v01_zenodo.18180184,2026-06-10
SAIH_AFF_r45c26,117.186045,42.188726,2020,partial_forest,0.5054,0.5264,0.00388,0.00534,0.0912,0.9801,2019,0,early_restoration,rising,regimeC_v0_CLCD+NDVI,RS_derived,ESA_WorldCover_2021_v200,Hansen_GFC2024v1.12_treecover2000,Landsat_C2_L2_GEE,CLCD_v01_zenodo.18180184,2026-06-10
SAIH_AFF_r45c27,117.198096,42.188726,2007,partial_forest,0.6939,0.7267,0.01108,0.00712,0.1511,0.9701,0,0,stable_restoration,rising,regimeC_v0_CLCD+NDVI,RS_derived,ESA_WorldCover_2021_v200,Hansen_GFC2024v1.12_treecover2000,Landsat_C2_L2_GEE,CLCD_v01_zenodo.18180184,2026-06-10
SAIH_AFF_r45c28,117.210147,42.188726,2019,partial_forest,0.6089,0.6392,0.01245,0.00662,0.1481,0.9591,0,0,early_restoration,rising,regimeC_v0_CLCD+NDVI,RS_derived,ESA_WorldCover_2021_v200,Hansen_GFC2024v1.12_treecover2000,Landsat_C2_L2_GEE,CLCD_v01_zenodo.18180184,2026-06-10
SAIH_AFF_r45c29,117.222198,42.188726,1985,stable_forest,0.958,0.994,0.0078,0.00642,0.1389,0.98,2018,0,stable_restoration,rising,regimeC_v0_CLCD+NDVI,RS_derived,ESA_WorldCover_2021_v200,Hansen_GFC2024v1.12_treecover2000,Landsat_C2_L2_GEE,CLCD_v01_zenodo.18180184,2026-06-10
SAIH_AFF_r45c30,117.234248,42.188726,2004,partial_forest,0.7854,0.8266,0.01449,0.00763,0.1847,0.971,0,0,stable_restoration,rising,regimeC_v0_CLCD+NDVI,RS_derived,ESA_WorldCover_2021_v200,Hansen_GFC2024v1.12_treecover2000,Landsat_C2_L2_GEE,CLCD_v01_zenodo.18180184,2026-06-10
SAIH_AFF_r45c31,117.246299,42.188726,1985,stable_forest,0.8955,0.9567,0.00664,0.0062,0.155,0.9775,2024,1,stable_restoration,rising,regimeC_v0_CLCD+NDVI,RS_derived,ESA_WorldCover_2021_v200,Hansen_GFC2024v1.12_treecover2000,Landsat_C2_L2_GEE,CLCD_v01_zenodo.18180184,2026-06-10
SAIH_AFF_r45c32,117.25835,42.188726,1985,stable_forest,0.9185,0.9671,0.00819,0.00687,0.1558,0.985,2010,0,stable_restoration,rising,regimeC_v0_CLCD+NDVI,RS_derived,ESA_WorldCover_2021_v200,Hansen_GFC2024v1.12_treecover2000,Landsat_C2_L2_GEE,CLCD_v01_zenodo.18180184,2026-06-10
SAIH_AFF_r45c33,117.270401,42.188726,1985,stable_forest,0.9689,1.0106,0.00419,0.00526,0.1117,0.9888,2023,1,stable_restoration,rising,regimeC_v0_CLCD+NDVI,RS_derived,ESA_WorldCover_2021_v200,Hansen_GFC2024v1.12_treecover2000,Landsat_C2_L2_GEE,CLCD_v01_zenodo.18180184,2026-06-10
SAIH_AFF_r45c34,117.282452,42.188726,1985,stable_forest,0.9185,0.9619,0.01005,0.00717,0.1594,0.9818,2012,0,stable_restoration,rising,regimeC_v0_CLCD+NDVI,RS_derived,ESA_WorldCover_2021_v200,Hansen_GFC2024v1.12_treecover2000,Landsat_C2_L2_GEE,CLCD_v01_zenodo.18180184,2026-06-10
SAIH_AFF_r45c35,117.294502,42.188726,1985,stable_forest,0.969,1.0083,0.00249,0.00698,0.1449,0.9863,2024,1,stable_restoration,rising,regimeC_v0_CLCD+NDVI,RS_derived,ESA_WorldCover_2021_v200,Hansen_GFC2024v1.12_treecover2000,Landsat_C2_L2_GEE,CLCD_v01_zenodo.18180184,2026-06-10
SAIH_AFF_r45c36,117.306553,42.188726,1985,stable_forest,0.9795,1.0203,0.00501,0.00485,0.1047,0.9671,2023,0,stable_restoration,rising,regimeC_v0_CLCD+NDVI,RS_derived,ESA_WorldCover_2021_v200,Hansen_GFC2024v1.12_treecover2000,Landsat_C2_L2_GEE,CLCD_v01_zenodo.18180184,2026-06-10
SAIH_AFF_r45c37,117.318604,42.188726,1985,stable_forest,0.8574,0.9362,-1e-05,0.00226,0.0695,0.9808,2023,1,stable_restoration,flat,regimeC_v0_CLCD+NDVI,RS_derived,ESA_WorldCover_2021_v200,Hansen_GFC2024v1.12_treecover2000,Landsat_C2_L2_GEE,CLCD_v01_zenodo.18180184,2026-06-10
SAIH_AFF_r45c38,117.330655,42.188726,1985,stable_forest,0.966,1.0094,0.00036,0.00696,0.1397,0.9688,2021,1,stable_restoration,rising,regimeC_v0_CLCD+NDVI,RS_derived,ESA_WorldCover_2021_v200,Hansen_GFC2024v1.12_treecover2000,Landsat_C2_L2_GEE,CLCD_v01_zenodo.18180184,2026-06-10
SAIH_AFF_r45c39,117.342705,42.188726,1985,stable_forest,0.9525,0.9933,0.00226,0.00634,0.1269,0.9748,2009,0,stable_restoration,rising,regimeC_v0_CLCD+NDVI,RS_derived,ESA_WorldCover_2021_v200,Hansen_GFC2024v1.12_treecover2000,Landsat_C2_L2_GEE,CLCD_v01_zenodo.18180184,2026-06-10
SAIH_AFF_r45c40,117.354756,42.188726,1985,stable_forest,0.8428,0.8838,0.01191,0.00586,0.1228,0.9824,0,0,stable_restoration,rising,regimeC_v0_CLCD+NDVI,RS_derived,ESA_WorldCover_2021_v200,Hansen_GFC2024v1.12_treecover2000,Landsat_C2_L2_GEE,CLCD_v01_zenodo.18180184,2026-06-10
SAIH_AFF_r45c41,117.366807,42.188726,2016,partial_forest,0.7137,0.7656,0.01507,0.00834,0.1747,0.9677,0,0,stable_restoration,rising,regimeC_v0_CLCD+NDVI,RS_derived,ESA_WorldCover_2021_v200,Hansen_GFC2024v1.12_treecover2000,Landsat_C2_L2_GEE,CLCD_v01_zenodo.18180184,2026-06-10
SAIH_AFF_r45c42,117.378858,42.188726,2013,partial_forest,0.789,0.86,0.01867,0.00909,0.2052,0.9693,0,0,stable_restoration,rising,regimeC_v0_CLCD+NDVI,RS_derived,ESA_WorldCover_2021_v200,Hansen_GFC2024v1.12_treecover2000,Landsat_C2_L2_GEE,CLCD_v01_zenodo.18180184,2026-06-10
SAIH_AFF_r45c43,117.390908,42.188726,1985,stable_forest,0.8952,0.9287,0.00119,0.0062,0.1354,0.9676,2011,0,stable_restoration,rising,regimeC_v0_CLCD+NDVI,RS_derived,ESA_WorldCover_2021_v200,Hansen_GFC2024v1.12_treecover2000,Landsat_C2_L2_GEE,CLCD_v01_zenodo.18180184,2026-06-10
SAIH_AFF_r45c44,117.402959,42.188726,1985,stable_forest,0.995,1.0322,0.00065,0.00591,0.112,0.982,2012,0,stable_restoration,rising,regimeC_v0_CLCD+NDVI,RS_derived,ESA_WorldCover_2021_v200,Hansen_GFC2024v1.12_treecover2000,Landsat_C2_L2_GEE,CLCD_v01_zenodo.18180184,2026-06-10
SAIH_AFF_r45c45,117.41501,42.188726,1985,stable_forest,0.9865,1.0239,0.00084,0.00745,0.1384,0.981,0,0,stable_restoration,rising,regimeC_v0_CLCD+NDVI,RS_derived,ESA_WorldCover_2021_v200,Hansen_GFC2024v1.12_treecover2000,Landsat_C2_L2_GEE,CLCD_v01_zenodo.18180184,2026-06-10
SAIH_AFF_r45c46,117.427061,42.188726,1985,stable_forest,0.9548,0.994,0.00696,0.0074,0.1562,0.9772,0,0,stable_restoration,rising,regimeC_v0_CLCD+NDVI,RS_derived,ESA_WorldCover_2021_v200,Hansen_GFC2024v1.12_treecover2000,Landsat_C2_L2_GEE,CLCD_v01_zenodo.18180184,2026-06-10
SAIH_AFF_r45c47,117.439112,42.188726,1985,stable_forest,0.9627,1.0008,0.00824,0.00751,0.1577,0.9833,2002,0,stable_restoration,rising,regimeC_v0_CLCD+NDVI,RS_derived,ESA_WorldCover_2021_v200,Hansen_GFC2024v1.12_treecover2000,Landsat_C2_L2_GEE,CLCD_v01_zenodo.18180184,2026-06-10
SAIH_AFF_r45c48,117.451162,42.188726,1985,stable_forest,0.9719,1.0083,0.00153,0.00629,0.1136,0.9882,2011,0,stable_restoration,rising,regimeC_v0_CLCD+NDVI,RS_derived,ESA_WorldCover_2021_v200,Hansen_GFC2024v1.12_treecover2000,Landsat_C2_L2_GEE,CLCD_v01_zenodo.18180184,2026-06-10
SAIH_AFF_r45c49,117.463213,42.188726,1985,stable_forest,0.986,1.0272,0.00041,0.00375,0.1011,0.9652,2017,0,stable_restoration,rising,regimeC_v0_CLCD+NDVI,RS_derived,ESA_WorldCover_2021_v200,Hansen_GFC2024v1.12_treecover2000,Landsat_C2_L2_GEE,CLCD_v01_zenodo.18180184,2026-06-10
SAIH_AFF_r45c50,117.475264,42.188726,1985,stable_forest,0.9261,0.9623,0.00154,0.00653,0.148,0.9755,2015,0,stable_restoration,rising,regimeC_v0_CLCD+NDVI,RS_derived,ESA_WorldCover_2021_v200,Hansen_GFC2024v1.12_treecover2000,Landsat_C2_L2_GEE,CLCD_v01_zenodo.18180184,2026-06-10
SAIH_AFF_r45c51,117.487315,42.188726,1985,stable_forest,0.8649,0.9018,0.00894,0.0081,0.1732,0.9775,2007,0,stable_restoration,rising,regimeC_v0_CLCD+NDVI,RS_derived,ESA_WorldCover_2021_v200,Hansen_GFC2024v1.12_treecover2000,Landsat_C2_L2_GEE,CLCD_v01_zenodo.18180184,2026-06-10
SAIH_AFF_r45c52,117.499365,42.188726,1985,stable_forest,0.9664,1.0077,0.00978,0.00622,0.1233,0.9845,0,0,stable_restoration,rising,regimeC_v0_CLCD+NDVI,RS_derived,ESA_WorldCover_2021_v200,Hansen_GFC2024v1.12_treecover2000,Landsat_C2_L2_GEE,CLCD_v01_zenodo.18180184,2026-06-10
SAIH_AFF_r45c53,117.511416,42.188726,2011,afforested,0.826,0.8486,0.03295,0.0067,0.1068,0.9906,0,0,stable_restoration,rising,regimeC_v0_CLCD+NDVI,RS_derived,ESA_WorldCover_2021_v200,Hansen_GFC2024v1.12_treecover2000,Landsat_C2_L2_GEE,CLCD_v01_zenodo.18180184,2026-06-10
SAIH_AFF_r45c54,117.523467,42.188726,2017,afforested,0.6186,0.6512,0.02026,0.01011,0.1729,0.9672,2020,0,early_restoration,rising,regimeC_v0_CLCD+NDVI,RS_derived,ESA_WorldCover_2021_v200,Hansen_GFC2024v1.12_treecover2000,Landsat_C2_L2_GEE,CLCD_v01_zenodo.18180184,2026-06-10
SAIH_AFF_r45c55,117.535518,42.188726,0,partial_forest,0.4664,0.4952,0.02483,0.01339,0.2486,0.9501,0,0,early_restoration,rising,regimeC_v0_CLCD+NDVI,RS_derived,ESA_WorldCover_2021_v200,Hansen_GFC2024v1.12_treecover2000,Landsat_C2_L2_GEE,CLCD_v01_zenodo.18180184,2026-06-10
SAIH_AFF_r45c58,117.57167,42.188726,0,partial_forest,0.3045,0.3267,0.00561,0.01017,0.2162,0.9295,2012,0,degraded,rising,regimeC_v0_CLCD+NDVI,RS_derived,ESA_WorldCover_2021_v200,Hansen_GFC2024v1.12_treecover2000,Landsat_C2_L2_GEE,CLCD_v01_zenodo.18180184,2026-06-10
SAIH_AFF_r45c59,117.583721,42.188726,1991,partial_forest,0.6259,0.6506,0.00386,0.00851,0.1729,0.9696,2012,0,early_restoration,rising,regimeC_v0_CLCD+NDVI,RS_derived,ESA_WorldCover_2021_v200,Hansen_GFC2024v1.12_treecover2000,Landsat_C2_L2_GEE,CLCD_v01_zenodo.18180184,2026-06-10
SAIH_AFF_r45c60,117.595772,42.188726,0,partial_forest,0.3625,0.3858,0.00927,0.01121,0.226,0.9614,0,0,early_restoration,rising,regimeC_v0_CLCD+NDVI,RS_derived,ESA_WorldCover_2021_v200,Hansen_GFC2024v1.12_treecover2000,Landsat_C2_L2_GEE,CLCD_v01_zenodo.18180184,2026-06-10
SAIH_AFF_r45c61,117.607822,42.188726,1992,stable_forest,0.6259,0.6564,0.00512,0.01042,0.2024,0.9622,2012,0,early_restoration,rising,regimeC_v0_CLCD+NDVI,RS_derived,ESA_WorldCover_2021_v200,Hansen_GFC2024v1.12_treecover2000,Landsat_C2_L2_GEE,CLCD_v01_zenodo.18180184,2026-06-10
SAIH_AFF_r45c62,117.619873,42.188726,1985,stable_forest,0.8269,0.8595,0.00669,0.00981,0.1907,0.9748,0,0,stable_restoration,rising,regimeC_v0_CLCD+NDVI,RS_derived,ESA_WorldCover_2021_v200,Hansen_GFC2024v1.12_treecover2000,Landsat_C2_L2_GEE,CLCD_v01_zenodo.18180184,2026-06-10
SAIH_AFF_r45c63,117.631924,42.188726,1985,stable_forest,0.9952,1.0329,0.00527,0.00554,0.1032,0.9781,2022,1,stable_restoration,rising,regimeC_v0_CLCD+NDVI,RS_derived,ESA_WorldCover_2021_v200,Hansen_GFC2024v1.12_treecover2000,Landsat_C2_L2_GEE,CLCD_v01_zenodo.18180184,2026-06-10
SAIH_AFF_r45c64,117.643975,42.188726,1991,stable_forest,0.8114,0.8418,0.00698,0.00276,0.0359,0.9644,2022,1,stable_restoration,flat,regimeC_v0_CLCD+NDVI,RS_derived,ESA_WorldCover_2021_v200,Hansen_GFC2024v1.12_treecover2000,Landsat_C2_L2_GEE,CLCD_v01_zenodo.18180184,2026-06-10
SAIH_AFF_r46c04,116.920928,42.179687,0,non_forest,0.2498,0.2873,0.01301,0.01157,0.2226,0.9858,0,0,degraded,rising,regimeC_v0_CLCD+NDVI,RS_derived,ESA_WorldCover_2021_v200,Hansen_GFC2024v1.12_treecover2000,Landsat_C2_L2_GEE,CLCD_v01_zenodo.18180184,2026-06-10
SAIH_AFF_r46c22,117.137842,42.179687,0,non_forest,0.14,0.1551,0.00739,0.01134,0.2024,0.9443,0,0,degraded,rising,regimeC_v0_CLCD+NDVI,RS_derived,ESA_WorldCover_2021_v200,Hansen_GFC2024v1.12_treecover2000,Landsat_C2_L2_GEE,CLCD_v01_zenodo.18180184,2026-06-10
SAIH_AFF_r46c25,117.173995,42.179687,0,non_forest,0.2255,0.2361,0.00635,0.00708,0.1444,0.9694,2008,0,degraded,rising,regimeC_v0_CLCD+NDVI,RS_derived,ESA_WorldCover_2021_v200,Hansen_GFC2024v1.12_treecover2000,Landsat_C2_L2_GEE,CLCD_v01_zenodo.18180184,2026-06-10
SAIH_AFF_r46c26,117.186045,42.179687,0,partial_forest,0.4199,0.4372,0.00422,0.0065,0.1179,0.9797,2019,0,early_restoration,rising,regimeC_v0_CLCD+NDVI,RS_derived,ESA_WorldCover_2021_v200,Hansen_GFC2024v1.12_treecover2000,Landsat_C2_L2_GEE,CLCD_v01_zenodo.18180184,2026-06-10
SAIH_AFF_r46c27,117.198096,42.179687,1985,stable_forest,0.7782,0.8137,0.0061,0.00601,0.1149,0.9899,2018,0,stable_restoration,rising,regimeC_v0_CLCD+NDVI,RS_derived,ESA_WorldCover_2021_v200,Hansen_GFC2024v1.12_treecover2000,Landsat_C2_L2_GEE,CLCD_v01_zenodo.18180184,2026-06-10
SAIH_AFF_r46c28,117.210147,42.179687,1985,stable_forest,0.9945,1.0317,0.00174,0.0053,0.1087,0.9831,2018,0,stable_restoration,rising,regimeC_v0_CLCD+NDVI,RS_derived,ESA_WorldCover_2021_v200,Hansen_GFC2024v1.12_treecover2000,Landsat_C2_L2_GEE,CLCD_v01_zenodo.18180184,2026-06-10
SAIH_AFF_r46c29,117.222198,42.179687,1985,stable_forest,0.9287,0.9653,0.00559,0.00527,0.1187,0.98,2019,0,stable_restoration,rising,regimeC_v0_CLCD+NDVI,RS_derived,ESA_WorldCover_2021_v200,Hansen_GFC2024v1.12_treecover2000,Landsat_C2_L2_GEE,CLCD_v01_zenodo.18180184,2026-06-10
SAIH_AFF_r46c30,117.234248,42.179687,1985,stable_forest,0.9336,0.9847,0.0093,0.00593,0.1436,0.985,2024,1,stable_restoration,rising,regimeC_v0_CLCD+NDVI,RS_derived,ESA_WorldCover_2021_v200,Hansen_GFC2024v1.12_treecover2000,Landsat_C2_L2_GEE,CLCD_v01_zenodo.18180184,2026-06-10
SAIH_AFF_r46c31,117.246299,42.179687,1985,stable_forest,0.8997,0.9567,0.01056,0.0076,0.1707,0.9746,0,0,stable_restoration,rising,regimeC_v0_CLCD+NDVI,RS_derived,ESA_WorldCover_2021_v200,Hansen_GFC2024v1.12_treecover2000,Landsat_C2_L2_GEE,CLCD_v01_zenodo.18180184,2026-06-10
SAIH_AFF_r46c32,117.25835,42.179687,1985,stable_forest,0.8556,0.9075,0.01216,0.0098,0.2008,0.9737,0,0,stable_restoration,rising,regimeC_v0_CLCD+NDVI,RS_derived,ESA_WorldCover_2021_v200,Hansen_GFC2024v1.12_treecover2000,Landsat_C2_L2_GEE,CLCD_v01_zenodo.18180184,2026-06-10
SAIH_AFF_r46c33,117.270401,42.179687,1990,partial_forest,0.7919,0.8423,0.01101,0.00755,0.1634,0.9885,2012,0,stable_restoration,rising,regimeC_v0_CLCD+NDVI,RS_derived,ESA_WorldCover_2021_v200,Hansen_GFC2024v1.12_treecover2000,Landsat_C2_L2_GEE,CLCD_v01_zenodo.18180184,2026-06-10
SAIH_AFF_r46c34,117.282452,42.179687,1985,stable_forest,0.8511,0.9064,0.00899,0.00823,0.1752,0.9847,2005,0,stable_restoration,rising,regimeC_v0_CLCD+NDVI,RS_derived,ESA_WorldCover_2021_v200,Hansen_GFC2024v1.12_treecover2000,Landsat_C2_L2_GEE,CLCD_v01_zenodo.18180184,2026-06-10
SAIH_AFF_r46c35,117.294502,42.179687,1985,stable_forest,0.9512,0.9898,0.00659,0.00803,0.1571,0.9924,2024,1,stable_restoration,rising,regimeC_v0_CLCD+NDVI,RS_derived,ESA_WorldCover_2021_v200,Hansen_GFC2024v1.12_treecover2000,Landsat_C2_L2_GEE,CLCD_v01_zenodo.18180184,2026-06-10
SAIH_AFF_r46c36,117.306553,42.179687,1985,stable_forest,0.9312,0.9733,0.00814,0.00716,0.1542,0.9803,2005,0,stable_restoration,rising,regimeC_v0_CLCD+NDVI,RS_derived,ESA_WorldCover_2021_v200,Hansen_GFC2024v1.12_treecover2000,Landsat_C2_L2_GEE,CLCD_v01_zenodo.18180184,2026-06-10
SAIH_AFF_r46c37,117.318604,42.179687,1985,stable_forest,0.8756,0.9241,-0.00065,0.00382,0.0957,0.9815,2012,0,stable_restoration,rising,regimeC_v0_CLCD+NDVI,RS_derived,ESA_WorldCover_2021_v200,Hansen_GFC2024v1.12_treecover2000,Landsat_C2_L2_GEE,CLCD_v01_zenodo.18180184,2026-06-10
SAIH_AFF_r46c38,117.330655,42.179687,1985,stable_forest,0.9929,1.0363,0.00083,0.00464,0.1103,0.9757,2024,1,stable_restoration,rising,regimeC_v0_CLCD+NDVI,RS_derived,ESA_WorldCover_2021_v200,Hansen_GFC2024v1.12_treecover2000,Landsat_C2_L2_GEE,CLCD_v01_zenodo.18180184,2026-06-10
SAIH_AFF_r46c39,117.342705,42.179687,1985,stable_forest,0.9778,1.0208,0.00149,0.00672,0.1216,0.9675,2022,1,stable_restoration,rising,regimeC_v0_CLCD+NDVI,RS_derived,ESA_WorldCover_2021_v200,Hansen_GFC2024v1.12_treecover2000,Landsat_C2_L2_GEE,CLCD_v01_zenodo.18180184,2026-06-10
SAIH_AFF_r46c40,117.354756,42.179687,1985,stable_forest,0.9575,0.9948,0.0037,0.00531,0.0912,0.976,2011,0,stable_restoration,rising,regimeC_v0_CLCD+NDVI,RS_derived,ESA_WorldCover_2021_v200,Hansen_GFC2024v1.12_treecover2000,Landsat_C2_L2_GEE,CLCD_v01_zenodo.18180184,2026-06-10
SAIH_AFF_r46c41,117.366807,42.179687,1985,stable_forest,0.9379,0.9751,0.00285,0.00665,0.1411,0.9772,2012,0,stable_restoration,rising,regimeC_v0_CLCD+NDVI,RS_derived,ESA_WorldCover_2021_v200,Hansen_GFC2024v1.12_treecover2000,Landsat_C2_L2_GEE,CLCD_v01_zenodo.18180184,2026-06-10
SAIH_AFF_r46c42,117.378858,42.179687,1991,stable_forest,0.6435,0.681,0.00626,0.00618,0.1451,0.9504,2022,0,stable_restoration,rising,regimeC_v0_CLCD+NDVI,RS_derived,ESA_WorldCover_2021_v200,Hansen_GFC2024v1.12_treecover2000,Landsat_C2_L2_GEE,CLCD_v01_zenodo.18180184,2026-06-10
SAIH_AFF_r46c43,117.390908,42.179687,1985,stable_forest,0.8072,0.8406,0.00422,0.00653,0.1351,0.9762,0,0,stable_restoration,rising,regimeC_v0_CLCD+NDVI,RS_derived,ESA_WorldCover_2021_v200,Hansen_GFC2024v1.12_treecover2000,Landsat_C2_L2_GEE,CLCD_v01_zenodo.18180184,2026-06-10
SAIH_AFF_r46c44,117.402959,42.179687,1985,stable_forest,0.9093,0.9435,0.00258,0.00676,0.1245,0.9831,0,0,stable_restoration,rising,regimeC_v0_CLCD+NDVI,RS_derived,ESA_WorldCover_2021_v200,Hansen_GFC2024v1.12_treecover2000,Landsat_C2_L2_GEE,CLCD_v01_zenodo.18180184,2026-06-10
SAIH_AFF_r46c45,117.41501,42.179687,1985,stable_forest,0.9459,0.9819,0.00042,0.00635,0.1179,0.9791,2001,0,stable_restoration,rising,regimeC_v0_CLCD+NDVI,RS_derived,ESA_WorldCover_2021_v200,Hansen_GFC2024v1.12_treecover2000,Landsat_C2_L2_GEE,CLCD_v01_zenodo.18180184,2026-06-10
SAIH_AFF_r46c46,117.427061,42.179687,1985,stable_forest,0.8764,0.9201,0.00855,0.00635,0.1351,0.973,2019,0,stable_restoration,rising,regimeC_v0_CLCD+NDVI,RS_derived,ESA_WorldCover_2021_v200,Hansen_GFC2024v1.12_treecover2000,Landsat_C2_L2_GEE,CLCD_v01_zenodo.18180184,2026-06-10
SAIH_AFF_r46c47,117.439112,42.179687,1985,stable_forest,0.9744,1.0111,0.00175,0.00698,0.1438,0.9849,2001,0,stable_restoration,rising,regimeC_v0_CLCD+NDVI,RS_derived,ESA_WorldCover_2021_v200,Hansen_GFC2024v1.12_treecover2000,Landsat_C2_L2_GEE,CLCD_v01_zenodo.18180184,2026-06-10
SAIH_AFF_r46c48,117.451162,42.179687,1985,stable_forest,0.9504,0.986,0.00105,0.00574,0.1075,0.9797,2004,0,stable_restoration,rising,regimeC_v0_CLCD+NDVI,RS_derived,ESA_WorldCover_2021_v200,Hansen_GFC2024v1.12_treecover2000,Landsat_C2_L2_GEE,CLCD_v01_zenodo.18180184,2026-06-10
SAIH_AFF_r46c49,117.463213,42.179687,1985,stable_forest,0.9581,1.0031,0.00091,0.00588,0.1097,0.9824,2021,0,stable_restoration,rising,regimeC_v0_CLCD+NDVI,RS_derived,ESA_WorldCover_2021_v200,Hansen_GFC2024v1.12_treecover2000,Landsat_C2_L2_GEE,CLCD_v01_zenodo.18180184,2026-06-10
SAIH_AFF_r46c50,117.475264,42.179687,1985,stable_forest,0.9366,0.9813,0.00303,0.00682,0.1419,0.9789,2010,0,stable_restoration,rising,regimeC_v0_CLCD+NDVI,RS_derived,ESA_WorldCover_2021_v200,Hansen_GFC2024v1.12_treecover2000,Landsat_C2_L2_GEE,CLCD_v01_zenodo.18180184,2026-06-10
SAIH_AFF_r46c51,117.487315,42.179687,1991,stable_forest,0.6346,0.6592,0.00593,0.00805,0.1707,0.9606,2003,0,early_restoration,rising,regimeC_v0_CLCD+NDVI,RS_derived,ESA_WorldCover_2021_v200,Hansen_GFC2024v1.12_treecover2000,Landsat_C2_L2_GEE,CLCD_v01_zenodo.18180184,2026-06-10
SAIH_AFF_r46c52,117.499365,42.179687,1985,stable_forest,0.9038,0.9401,0.00495,0.00627,0.1183,0.9856,0,0,stable_restoration,rising,regimeC_v0_CLCD+NDVI,RS_derived,ESA_WorldCover_2021_v200,Hansen_GFC2024v1.12_treecover2000,Landsat_C2_L2_GEE,CLCD_v01_zenodo.18180184,2026-06-10
SAIH_AFF_r46c53,117.511416,42.179687,2010,partial_forest,0.808,0.8446,0.01972,0.00898,0.1393,0.9807,2012,0,stable_restoration,rising,regimeC_v0_CLCD+NDVI,RS_derived,ESA_WorldCover_2021_v200,Hansen_GFC2024v1.12_treecover2000,Landsat_C2_L2_GEE,CLCD_v01_zenodo.18180184,2026-06-10
SAIH_AFF_r46c54,117.523467,42.179687,2017,partial_forest,0.5722,0.6071,0.0136,0.01051,0.1891,0.9843,2007,0,early_restoration,rising,regimeC_v0_CLCD+NDVI,RS_derived,ESA_WorldCover_2021_v200,Hansen_GFC2024v1.12_treecover2000,Landsat_C2_L2_GEE,CLCD_v01_zenodo.18180184,2026-06-10
SAIH_AFF_r46c55,117.535518,42.179687,2012,partial_forest,0.7329,0.7744,0.02206,0.01118,0.1984,0.9726,2001,0,stable_restoration,rising,regimeC_v0_CLCD+NDVI,RS_derived,ESA_WorldCover_2021_v200,Hansen_GFC2024v1.12_treecover2000,Landsat_C2_L2_GEE,CLCD_v01_zenodo.18180184,2026-06-10
SAIH_AFF_r46c56,117.547568,42.179687,0,partial_forest,0.3195,0.3319,0.00987,0.0103,0.2109,0.9361,2001,0,early_restoration,rising,regimeC_v0_CLCD+NDVI,RS_derived,ESA_WorldCover_2021_v200,Hansen_GFC2024v1.12_treecover2000,Landsat_C2_L2_GEE,CLCD_v01_zenodo.18180184,2026-06-10
SAIH_AFF_r46c58,117.57167,42.179687,2015,afforested,0.6409,0.6546,0.01476,0.01009,0.1942,0.9574,2022,1,early_restoration,rising,regimeC_v0_CLCD+NDVI,RS_derived,ESA_WorldCover_2021_v200,Hansen_GFC2024v1.12_treecover2000,Landsat_C2_L2_GEE,CLCD_v01_zenodo.18180184,2026-06-10
SAIH_AFF_r46c59,117.583721,42.179687,0,partial_forest,0.4584,0.4829,0.0126,0.01056,0.2127,0.9571,2020,0,early_restoration,rising,regimeC_v0_CLCD+NDVI,RS_derived,ESA_WorldCover_2021_v200,Hansen_GFC2024v1.12_treecover2000,Landsat_C2_L2_GEE,CLCD_v01_zenodo.18180184,2026-06-10
SAIH_AFF_r46c60,117.595772,42.179687,1985,stable_forest,0.7576,0.8019,0.00322,0.01083,0.2133,0.9656,0,0,stable_restoration,rising,regimeC_v0_CLCD+NDVI,RS_derived,ESA_WorldCover_2021_v200,Hansen_GFC2024v1.12_treecover2000,Landsat_C2_L2_GEE,CLCD_v01_zenodo.18180184,2026-06-10
SAIH_AFF_r46c61,117.607822,42.179687,1985,stable_forest,0.9507,0.9871,0.00109,0.00779,0.1493,0.9779,0,0,stable_restoration,rising,regimeC_v0_CLCD+NDVI,RS_derived,ESA_WorldCover_2021_v200,Hansen_GFC2024v1.12_treecover2000,Landsat_C2_L2_GEE,CLCD_v01_zenodo.18180184,2026-06-10
SAIH_AFF_r46c62,117.619873,42.179687,1985,stable_forest,0.9681,1.0054,0.00485,0.00791,0.1496,0.9827,2019,0,stable_restoration,rising,regimeC_v0_CLCD+NDVI,RS_derived,ESA_WorldCover_2021_v200,Hansen_GFC2024v1.12_treecover2000,Landsat_C2_L2_GEE,CLCD_v01_zenodo.18180184,2026-06-10
SAIH_AFF_r46c63,117.631924,42.179687,2016,partial_forest,0.5867,0.6169,0.00834,0.00784,0.1523,0.9846,2022,1,early_restoration,rising,regimeC_v0_CLCD+NDVI,RS_derived,ESA_WorldCover_2021_v200,Hansen_GFC2024v1.12_treecover2000,Landsat_C2_L2_GEE,CLCD_v01_zenodo.18180184,2026-06-10
SAIH_AFF_r46c64,117.643975,42.179687,2005,afforested,0.6531,0.6786,0.01014,0.00515,0.0919,0.9827,2022,1,stable_restoration,rising,regimeC_v0_CLCD+NDVI,RS_derived,ESA_WorldCover_2021_v200,Hansen_GFC2024v1.12_treecover2000,Landsat_C2_L2_GEE,CLCD_v01_zenodo.18180184,2026-06-10
SAIH_AFF_r47c25,117.173995,42.170648,2015,partial_forest,0.5798,0.6045,0.01012,0.00585,0.1122,0.9659,2020,0,early_restoration,rising,regimeC_v0_CLCD+NDVI,RS_derived,ESA_WorldCover_2021_v200,Hansen_GFC2024v1.12_treecover2000,Landsat_C2_L2_GEE,CLCD_v01_zenodo.18180184,2026-06-10
SAIH_AFF_r47c26,117.186045,42.170648,1985,stable_forest,0.6742,0.7021,0.00536,0.00504,0.0899,0.9703,2008,0,stable_restoration,rising,regimeC_v0_CLCD+NDVI,RS_derived,ESA_WorldCover_2021_v200,Hansen_GFC2024v1.12_treecover2000,Landsat_C2_L2_GEE,CLCD_v01_zenodo.18180184,2026-06-10
SAIH_AFF_r47c27,117.198096,42.170648,1985,stable_forest,0.9338,0.9705,0.00221,0.00289,0.0507,0.9734,2009,0,stable_restoration,flat,regimeC_v0_CLCD+NDVI,RS_derived,ESA_WorldCover_2021_v200,Hansen_GFC2024v1.12_treecover2000,Landsat_C2_L2_GEE,CLCD_v01_zenodo.18180184,2026-06-10
SAIH_AFF_r47c28,117.210147,42.170648,1985,stable_forest,0.9958,1.0329,0.00058,0.00404,0.0832,0.9748,2019,1,stable_restoration,rising,regimeC_v0_CLCD+NDVI,RS_derived,ESA_WorldCover_2021_v200,Hansen_GFC2024v1.12_treecover2000,Landsat_C2_L2_GEE,CLCD_v01_zenodo.18180184,2026-06-10
SAIH_AFF_r47c29,117.222198,42.170648,1985,stable_forest,1.0,1.0374,0.00085,0.00345,0.0783,0.9868,2012,0,stable_restoration,rising,regimeC_v0_CLCD+NDVI,RS_derived,ESA_WorldCover_2021_v200,Hansen_GFC2024v1.12_treecover2000,Landsat_C2_L2_GEE,CLCD_v01_zenodo.18180184,2026-06-10
SAIH_AFF_r47c30,117.234248,42.170648,1985,stable_forest,0.9614,0.9993,0.00405,0.00577,0.1269,0.9877,0,0,stable_restoration,rising,regimeC_v0_CLCD+NDVI,RS_derived,ESA_WorldCover_2021_v200,Hansen_GFC2024v1.12_treecover2000,Landsat_C2_L2_GEE,CLCD_v01_zenodo.18180184,2026-06-10
SAIH_AFF_r47c31,117.246299,42.170648,1985,stable_forest,0.9642,1.0014,0.00148,0.00722,0.1496,0.9809,0,0,stable_restoration,rising,regimeC_v0_CLCD+NDVI,RS_derived,ESA_WorldCover_2021_v200,Hansen_GFC2024v1.12_treecover2000,Landsat_C2_L2_GEE,CLCD_v01_zenodo.18180184,2026-06-10
SAIH_AFF_r47c32,117.25835,42.170648,2015,partial_forest,0.7521,0.8206,0.01933,0.01167,0.2458,0.9841,0,0,stable_restoration,rising,regimeC_v0_CLCD+NDVI,RS_derived,ESA_WorldCover_2021_v200,Hansen_GFC2024v1.12_treecover2000,Landsat_C2_L2_GEE,CLCD_v01_zenodo.18180184,2026-06-10
SAIH_AFF_r47c33,117.270401,42.170648,1985,stable_forest,0.7007,0.749,0.00439,0.00847,0.1765,0.9784,0,0,stable_restoration,rising,regimeC_v0_CLCD+NDVI,RS_derived,ESA_WorldCover_2021_v200,Hansen_GFC2024v1.12_treecover2000,Landsat_C2_L2_GEE,CLCD_v01_zenodo.18180184,2026-06-10
SAIH_AFF_r47c34,117.282452,42.170648,1985,stable_forest,0.8911,0.9499,0.01201,0.00846,0.1691,0.9851,0,0,stable_restoration,rising,regimeC_v0_CLCD+NDVI,RS_derived,ESA_WorldCover_2021_v200,Hansen_GFC2024v1.12_treecover2000,Landsat_C2_L2_GEE,CLCD_v01_zenodo.18180184,2026-06-10
SAIH_AFF_r47c35,117.294502,42.170648,2015,afforested,0.7516,0.8148,0.02219,0.01085,0.222,0.9926,0,0,stable_restoration,rising,regimeC_v0_CLCD+NDVI,RS_derived,ESA_WorldCover_2021_v200,Hansen_GFC2024v1.12_treecover2000,Landsat_C2_L2_GEE,CLCD_v01_zenodo.18180184,2026-06-10
SAIH_AFF_r47c36,117.306553,42.170648,2002,partial_forest,0.8385,0.8875,0.01695,0.00928,0.1873,0.9849,0,0,stable_restoration,rising,regimeC_v0_CLCD+NDVI,RS_derived,ESA_WorldCover_2021_v200,Hansen_GFC2024v1.12_treecover2000,Landsat_C2_L2_GEE,CLCD_v01_zenodo.18180184,2026-06-10
SAIH_AFF_r47c37,117.318604,42.170648,1985,stable_forest,0.9709,1.0088,0.00748,0.00757,0.1553,0.9812,2021,0,stable_restoration,rising,regimeC_v0_CLCD+NDVI,RS_derived,ESA_WorldCover_2021_v200,Hansen_GFC2024v1.12_treecover2000,Landsat_C2_L2_GEE,CLCD_v01_zenodo.18180184,2026-06-10
SAIH_AFF_r47c38,117.330655,42.170648,1985,stable_forest,0.9351,0.9344,0.00103,0.00291,0.0895,0.9688,2021,1,stable_restoration,flat,regimeC_v0_CLCD+NDVI,RS_derived,ESA_WorldCover_2021_v200,Hansen_GFC2024v1.12_treecover2000,Landsat_C2_L2_GEE,CLCD_v01_zenodo.18180184,2026-06-10
SAIH_AFF_r47c39,117.342705,42.170648,1985,stable_forest,0.9949,1.0345,0.00069,0.00436,0.0932,0.9857,2022,1,stable_restoration,rising,regimeC_v0_CLCD+NDVI,RS_derived,ESA_WorldCover_2021_v200,Hansen_GFC2024v1.12_treecover2000,Landsat_C2_L2_GEE,CLCD_v01_zenodo.18180184,2026-06-10
SAIH_AFF_r47c40,117.354756,42.170648,1985,stable_forest,0.9605,1.0078,-0.00011,0.00488,0.1115,0.9725,2011,0,stable_restoration,rising,regimeC_v0_CLCD+NDVI,RS_derived,ESA_WorldCover_2021_v200,Hansen_GFC2024v1.12_treecover2000,Landsat_C2_L2_GEE,CLCD_v01_zenodo.18180184,2026-06-10
SAIH_AFF_r47c41,117.366807,42.170648,1985,stable_forest,0.961,0.9974,0.00114,0.00544,0.105,0.9809,2011,0,stable_restoration,rising,regimeC_v0_CLCD+NDVI,RS_derived,ESA_WorldCover_2021_v200,Hansen_GFC2024v1.12_treecover2000,Landsat_C2_L2_GEE,CLCD_v01_zenodo.18180184,2026-06-10
SAIH_AFF_r47c42,117.378858,42.170648,1985,stable_forest,0.7174,0.7485,0.00238,0.00669,0.1453,0.9704,2011,0,stable_restoration,rising,regimeC_v0_CLCD+NDVI,RS_derived,ESA_WorldCover_2021_v200,Hansen_GFC2024v1.12_treecover2000,Landsat_C2_L2_GEE,CLCD_v01_zenodo.18180184,2026-06-10
SAIH_AFF_r47c43,117.390908,42.170648,0,partial_forest,0.453,0.4863,0.00783,0.00837,0.1933,0.9484,2024,0,early_restoration,rising,regimeC_v0_CLCD+NDVI,RS_derived,ESA_WorldCover_2021_v200,Hansen_GFC2024v1.12_treecover2000,Landsat_C2_L2_GEE,CLCD_v01_zenodo.18180184,2026-06-10
SAIH_AFF_r47c44,117.402959,42.170648,2016,partial_forest,0.5966,0.6421,0.01005,0.00815,0.1725,0.9759,0,0,early_restoration,rising,regimeC_v0_CLCD+NDVI,RS_derived,ESA_WorldCover_2021_v200,Hansen_GFC2024v1.12_treecover2000,Landsat_C2_L2_GEE,CLCD_v01_zenodo.18180184,2026-06-10
SAIH_AFF_r47c45,117.41501,42.170648,1985,stable_forest,0.9787,1.0155,0.0016,0.00601,0.1056,0.9816,0,0,stable_restoration,rising,regimeC_v0_CLCD+NDVI,RS_derived,ESA_WorldCover_2021_v200,Hansen_GFC2024v1.12_treecover2000,Landsat_C2_L2_GEE,CLCD_v01_zenodo.18180184,2026-06-10
SAIH_AFF_r47c46,117.427061,42.170648,1985,stable_forest,0.8889,0.9373,0.01165,0.00678,0.1303,0.977,0,0,stable_restoration,rising,regimeC_v0_CLCD+NDVI,RS_derived,ESA_WorldCover_2021_v200,Hansen_GFC2024v1.12_treecover2000,Landsat_C2_L2_GEE,CLCD_v01_zenodo.18180184,2026-06-10
SAIH_AFF_r47c47,117.439112,42.170648,1985,stable_forest,0.9855,1.0231,0.00618,0.00744,0.1396,0.9814,0,0,stable_restoration,rising,regimeC_v0_CLCD+NDVI,RS_derived,ESA_WorldCover_2021_v200,Hansen_GFC2024v1.12_treecover2000,Landsat_C2_L2_GEE,CLCD_v01_zenodo.18180184,2026-06-10
SAIH_AFF_r47c48,117.451162,42.170648,1985,stable_forest,0.9245,0.9624,0.00444,0.00715,0.1358,0.9863,0,0,stable_restoration,rising,regimeC_v0_CLCD+NDVI,RS_derived,ESA_WorldCover_2021_v200,Hansen_GFC2024v1.12_treecover2000,Landsat_C2_L2_GEE,CLCD_v01_zenodo.18180184,2026-06-10
SAIH_AFF_r47c49,117.463213,42.170648,1985,stable_forest,0.9296,0.9699,0.0013,0.00616,0.11,0.98,0,0,stable_restoration,rising,regimeC_v0_CLCD+NDVI,RS_derived,ESA_WorldCover_2021_v200,Hansen_GFC2024v1.12_treecover2000,Landsat_C2_L2_GEE,CLCD_v01_zenodo.18180184,2026-06-10
SAIH_AFF_r47c50,117.475264,42.170648,1985,stable_forest,0.9275,0.9673,0.00312,0.0063,0.1211,0.9751,2023,0,stable_restoration,rising,regimeC_v0_CLCD+NDVI,RS_derived,ESA_WorldCover_2021_v200,Hansen_GFC2024v1.12_treecover2000,Landsat_C2_L2_GEE,CLCD_v01_zenodo.18180184,2026-06-10
SAIH_AFF_r47c51,117.487315,42.170648,1985,stable_forest,0.7269,0.7565,0.0097,0.00765,0.1425,0.9657,2023,0,stable_restoration,rising,regimeC_v0_CLCD+NDVI,RS_derived,ESA_WorldCover_2021_v200,Hansen_GFC2024v1.12_treecover2000,Landsat_C2_L2_GEE,CLCD_v01_zenodo.18180184,2026-06-10
SAIH_AFF_r47c52,117.499365,42.170648,1985,stable_forest,0.8821,0.9178,0.00119,0.00658,0.1174,0.9792,0,0,stable_restoration,rising,regimeC_v0_CLCD+NDVI,RS_derived,ESA_WorldCover_2021_v200,Hansen_GFC2024v1.12_treecover2000,Landsat_C2_L2_GEE,CLCD_v01_zenodo.18180184,2026-06-10
SAIH_AFF_r47c53,117.511416,42.170648,1990,stable_forest,0.7812,0.8548,0.01219,0.0093,0.1589,0.9753,2001,0,stable_restoration,rising,regimeC_v0_CLCD+NDVI,RS_derived,ESA_WorldCover_2021_v200,Hansen_GFC2024v1.12_treecover2000,Landsat_C2_L2_GEE,CLCD_v01_zenodo.18180184,2026-06-10
SAIH_AFF_r47c54,117.523467,42.170648,2018,afforested,0.6253,0.717,0.01572,0.01185,0.2184,0.9737,0,0,stable_restoration,rising,regimeC_v0_CLCD+NDVI,RS_derived,ESA_WorldCover_2021_v200,Hansen_GFC2024v1.12_treecover2000,Landsat_C2_L2_GEE,CLCD_v01_zenodo.18180184,2026-06-10
SAIH_AFF_r47c55,117.535518,42.170648,0,partial_forest,0.472,0.4912,0.01108,0.00831,0.1568,0.9466,2020,0,early_restoration,rising,regimeC_v0_CLCD+NDVI,RS_derived,ESA_WorldCover_2021_v200,Hansen_GFC2024v1.12_treecover2000,Landsat_C2_L2_GEE,CLCD_v01_zenodo.18180184,2026-06-10
SAIH_AFF_r47c56,117.547568,42.170648,2015,afforested,0.6469,0.6712,0.02066,0.01081,0.2094,0.9454,2012,0,stable_restoration,rising,regimeC_v0_CLCD+NDVI,RS_derived,ESA_WorldCover_2021_v200,Hansen_GFC2024v1.12_treecover2000,Landsat_C2_L2_GEE,CLCD_v01_zenodo.18180184,2026-06-10
SAIH_AFF_r47c57,117.559619,42.170648,0,non_forest,0.1775,0.1374,0.0107,0.00957,0.1671,0.9319,2024,1,degraded,rising,regimeC_v0_CLCD+NDVI,RS_derived,ESA_WorldCover_2021_v200,Hansen_GFC2024v1.12_treecover2000,Landsat_C2_L2_GEE,CLCD_v01_zenodo.18180184,2026-06-10
SAIH_AFF_r47c58,117.57167,42.170648,0,partial_forest,0.4236,0.4326,0.01157,0.00977,0.1862,0.95,2021,0,early_restoration,rising,regimeC_v0_CLCD+NDVI,RS_derived,ESA_WorldCover_2021_v200,Hansen_GFC2024v1.12_treecover2000,Landsat_C2_L2_GEE,CLCD_v01_zenodo.18180184,2026-06-10
SAIH_AFF_r47c59,117.583721,42.170648,1990,stable_forest,0.6584,0.6844,0.00498,0.01031,0.2011,0.9571,0,0,stable_restoration,rising,regimeC_v0_CLCD+NDVI,RS_derived,ESA_WorldCover_2021_v200,Hansen_GFC2024v1.12_treecover2000,Landsat_C2_L2_GEE,CLCD_v01_zenodo.18180184,2026-06-10
SAIH_AFF_r47c60,117.595772,42.170648,1985,stable_forest,0.78,0.8092,0.00212,0.00655,0.124,0.9742,2022,0,stable_restoration,rising,regimeC_v0_CLCD+NDVI,RS_derived,ESA_WorldCover_2021_v200,Hansen_GFC2024v1.12_treecover2000,Landsat_C2_L2_GEE,CLCD_v01_zenodo.18180184,2026-06-10
SAIH_AFF_r47c61,117.607822,42.170648,1985,stable_forest,0.8134,0.8452,0.00193,0.00667,0.1395,0.984,0,0,stable_restoration,rising,regimeC_v0_CLCD+NDVI,RS_derived,ESA_WorldCover_2021_v200,Hansen_GFC2024v1.12_treecover2000,Landsat_C2_L2_GEE,CLCD_v01_zenodo.18180184,2026-06-10
SAIH_AFF_r47c62,117.619873,42.170648,1991,stable_forest,0.6948,0.7261,0.00532,0.00838,0.1634,0.9717,2019,0,stable_restoration,rising,regimeC_v0_CLCD+NDVI,RS_derived,ESA_WorldCover_2021_v200,Hansen_GFC2024v1.12_treecover2000,Landsat_C2_L2_GEE,CLCD_v01_zenodo.18180184,2026-06-10
SAIH_AFF_r47c63,117.631924,42.170648,0,partial_forest,0.3618,0.3817,0.00852,0.01002,0.2019,0.9633,2021,0,early_restoration,rising,regimeC_v0_CLCD+NDVI,RS_derived,ESA_WorldCover_2021_v200,Hansen_GFC2024v1.12_treecover2000,Landsat_C2_L2_GEE,CLCD_v01_zenodo.18180184,2026-06-10
SAIH_AFF_r47c64,117.643975,42.170648,0,partial_forest,0.4294,0.4475,0.00139,0.00781,0.1575,0.9761,2012,0,early_restoration,rising,regimeC_v0_CLCD+NDVI,RS_derived,ESA_WorldCover_2021_v200,Hansen_GFC2024v1.12_treecover2000,Landsat_C2_L2_GEE,CLCD_v01_zenodo.18180184,2026-06-10
SAIH_AFF_r48c25,117.173995,42.161609,0,partial_forest,0.4214,0.4413,0.00526,0.00622,0.1013,0.9584,0,0,early_restoration,rising,regimeC_v0_CLCD+NDVI,RS_derived,ESA_WorldCover_2021_v200,Hansen_GFC2024v1.12_treecover2000,Landsat_C2_L2_GEE,CLCD_v01_zenodo.18180184,2026-06-10
SAIH_AFF_r48c26,117.186045,42.161609,1985,stable_forest,0.6782,0.7038,0.00396,0.00541,0.1057,0.9659,2019,1,stable_restoration,rising,regimeC_v0_CLCD+NDVI,RS_derived,ESA_WorldCover_2021_v200,Hansen_GFC2024v1.12_treecover2000,Landsat_C2_L2_GEE,CLCD_v01_zenodo.18180184,2026-06-10
SAIH_AFF_r48c27,117.198096,42.161609,1985,stable_forest,0.9625,0.9997,0.00202,0.00469,0.0848,0.9844,2012,0,stable_restoration,rising,regimeC_v0_CLCD+NDVI,RS_derived,ESA_WorldCover_2021_v200,Hansen_GFC2024v1.12_treecover2000,Landsat_C2_L2_GEE,CLCD_v01_zenodo.18180184,2026-06-10
SAIH_AFF_r48c28,117.210147,42.161609,1985,stable_forest,0.9706,1.0083,0.00189,0.0035,0.0747,0.9817,2011,0,stable_restoration,rising,regimeC_v0_CLCD+NDVI,RS_derived,ESA_WorldCover_2021_v200,Hansen_GFC2024v1.12_treecover2000,Landsat_C2_L2_GEE,CLCD_v01_zenodo.18180184,2026-06-10
SAIH_AFF_r48c29,117.222198,42.161609,1985,stable_forest,0.9879,1.0254,0.00286,0.0044,0.0943,0.9858,0,0,stable_restoration,rising,regimeC_v0_CLCD+NDVI,RS_derived,ESA_WorldCover_2021_v200,Hansen_GFC2024v1.12_treecover2000,Landsat_C2_L2_GEE,CLCD_v01_zenodo.18180184,2026-06-10
SAIH_AFF_r48c30,117.234248,42.161609,1985,stable_forest,0.9948,1.0323,0.00178,0.00451,0.0991,0.9868,0,0,stable_restoration,rising,regimeC_v0_CLCD+NDVI,RS_derived,ESA_WorldCover_2021_v200,Hansen_GFC2024v1.12_treecover2000,Landsat_C2_L2_GEE,CLCD_v01_zenodo.18180184,2026-06-10
SAIH_AFF_r48c31,117.246299,42.161609,1985,stable_forest,0.8545,0.9053,0.00587,0.00536,0.114,0.9831,0,0,stable_restoration,rising,regimeC_v0_CLCD+NDVI,RS_derived,ESA_WorldCover_2021_v200,Hansen_GFC2024v1.12_treecover2000,Landsat_C2_L2_GEE,CLCD_v01_zenodo.18180184,2026-06-10
SAIH_AFF_r48c32,117.25835,42.161609,1990,stable_forest,0.871,0.9264,0.01817,0.00893,0.1895,0.9856,0,0,stable_restoration,rising,regimeC_v0_CLCD+NDVI,RS_derived,ESA_WorldCover_2021_v200,Hansen_GFC2024v1.12_treecover2000,Landsat_C2_L2_GEE,CLCD_v01_zenodo.18180184,2026-06-10
SAIH_AFF_r48c33,117.270401,42.161609,2015,partial_forest,0.6674,0.7433,0.00975,0.00879,0.1911,0.9775,0,0,stable_restoration,rising,regimeC_v0_CLCD+NDVI,RS_derived,ESA_WorldCover_2021_v200,Hansen_GFC2024v1.12_treecover2000,Landsat_C2_L2_GEE,CLCD_v01_zenodo.18180184,2026-06-10
SAIH_AFF_r48c34,117.282452,42.161609,1985,stable_forest,0.9285,0.9682,0.00399,0.00672,0.132,0.9873,0,0,stable_restoration,rising,regimeC_v0_CLCD+NDVI,RS_derived,ESA_WorldCover_2021_v200,Hansen_GFC2024v1.12_treecover2000,Landsat_C2_L2_GEE,CLCD_v01_zenodo.18180184,2026-06-10
SAIH_AFF_r48c35,117.294502,42.161609,2015,partial_forest,0.7356,0.78,0.0171,0.01066,0.2107,0.9902,2018,0,stable_restoration,rising,regimeC_v0_CLCD+NDVI,RS_derived,ESA_WorldCover_2021_v200,Hansen_GFC2024v1.12_treecover2000,Landsat_C2_L2_GEE,CLCD_v01_zenodo.18180184,2026-06-10
SAIH_AFF_r48c36,117.306553,42.161609,1985,stable_forest,0.8887,0.9293,0.01181,0.00811,0.1582,0.9794,2001,0,stable_restoration,rising,regimeC_v0_CLCD+NDVI,RS_derived,ESA_WorldCover_2021_v200,Hansen_GFC2024v1.12_treecover2000,Landsat_C2_L2_GEE,CLCD_v01_zenodo.18180184,2026-06-10
SAIH_AFF_r48c37,117.318604,42.161609,1985,stable_forest,0.9593,1.0042,0.0169,0.01022,0.2143,0.9916,0,0,stable_restoration,rising,regimeC_v0_CLCD+NDVI,RS_derived,ESA_WorldCover_2021_v200,Hansen_GFC2024v1.12_treecover2000,Landsat_C2_L2_GEE,CLCD_v01_zenodo.18180184,2026-06-10
SAIH_AFF_r48c38,117.330655,42.161609,1985,stable_forest,0.933,0.9653,0.00428,0.00453,0.0942,0.9693,2024,1,stable_restoration,rising,regimeC_v0_CLCD+NDVI,RS_derived,ESA_WorldCover_2021_v200,Hansen_GFC2024v1.12_treecover2000,Landsat_C2_L2_GEE,CLCD_v01_zenodo.18180184,2026-06-10
SAIH_AFF_r48c39,117.342705,42.161609,1985,stable_forest,0.9739,1.0111,0.00041,0.00396,0.0897,0.9754,2022,1,stable_restoration,rising,regimeC_v0_CLCD+NDVI,RS_derived,ESA_WorldCover_2021_v200,Hansen_GFC2024v1.12_treecover2000,Landsat_C2_L2_GEE,CLCD_v01_zenodo.18180184,2026-06-10
SAIH_AFF_r48c40,117.354756,42.161609,1985,stable_forest,0.9897,1.0274,0.00054,0.0077,0.1605,0.9833,0,0,stable_restoration,rising,regimeC_v0_CLCD+NDVI,RS_derived,ESA_WorldCover_2021_v200,Hansen_GFC2024v1.12_treecover2000,Landsat_C2_L2_GEE,CLCD_v01_zenodo.18180184,2026-06-10
SAIH_AFF_r48c41,117.366807,42.161609,1985,stable_forest,0.9871,1.0243,0.00013,0.00535,0.1005,0.9863,2024,0,stable_restoration,rising,regimeC_v0_CLCD+NDVI,RS_derived,ESA_WorldCover_2021_v200,Hansen_GFC2024v1.12_treecover2000,Landsat_C2_L2_GEE,CLCD_v01_zenodo.18180184,2026-06-10
SAIH_AFF_r48c42,117.378858,42.161609,1985,stable_forest,0.9338,0.9688,0.00063,0.0047,0.0936,0.982,2024,0,stable_restoration,rising,regimeC_v0_CLCD+NDVI,RS_derived,ESA_WorldCover_2021_v200,Hansen_GFC2024v1.12_treecover2000,Landsat_C2_L2_GEE,CLCD_v01_zenodo.18180184,2026-06-10
SAIH_AFF_r48c43,117.390908,42.161609,1985,stable_forest,0.8619,0.895,0.00314,0.00636,0.1299,0.9779,2024,0,stable_restoration,rising,regimeC_v0_CLCD+NDVI,RS_derived,ESA_WorldCover_2021_v200,Hansen_GFC2024v1.12_treecover2000,Landsat_C2_L2_GEE,CLCD_v01_zenodo.18180184,2026-06-10
SAIH_AFF_r48c44,117.402959,42.161609,2016,partial_forest,0.6008,0.6237,0.01238,0.0088,0.19,0.9718,2023,0,early_restoration,rising,regimeC_v0_CLCD+NDVI,RS_derived,ESA_WorldCover_2021_v200,Hansen_GFC2024v1.12_treecover2000,Landsat_C2_L2_GEE,CLCD_v01_zenodo.18180184,2026-06-10
SAIH_AFF_r48c45,117.41501,42.161609,1985,stable_forest,0.7756,0.8125,0.00686,0.00779,0.1593,0.9819,0,0,stable_restoration,rising,regimeC_v0_CLCD+NDVI,RS_derived,ESA_WorldCover_2021_v200,Hansen_GFC2024v1.12_treecover2000,Landsat_C2_L2_GEE,CLCD_v01_zenodo.18180184,2026-06-10
SAIH_AFF_r48c46,117.427061,42.161609,1992,partial_forest,0.762,0.8097,0.01363,0.00807,0.1633,0.9725,0,0,stable_restoration,rising,regimeC_v0_CLCD+NDVI,RS_derived,ESA_WorldCover_2021_v200,Hansen_GFC2024v1.12_treecover2000,Landsat_C2_L2_GEE,CLCD_v01_zenodo.18180184,2026-06-10
SAIH_AFF_r48c47,117.439112,42.161609,1985,stable_forest,0.9681,1.006,0.0025,0.00518,0.0935,0.9866,0,0,stable_restoration,rising,regimeC_v0_CLCD+NDVI,RS_derived,ESA_WorldCover_2021_v200,Hansen_GFC2024v1.12_treecover2000,Landsat_C2_L2_GEE,CLCD_v01_zenodo.18180184,2026-06-10
SAIH_AFF_r48c48,117.451162,42.161609,1985,stable_forest,0.9192,0.9579,0.00585,0.00652,0.1199,0.9856,0,0,stable_restoration,rising,regimeC_v0_CLCD+NDVI,RS_derived,ESA_WorldCover_2021_v200,Hansen_GFC2024v1.12_treecover2000,Landsat_C2_L2_GEE,CLCD_v01_zenodo.18180184,2026-06-10
SAIH_AFF_r48c49,117.463213,42.161609,1985,stable_forest,0.8742,0.9585,0.00917,0.00848,0.1652,0.9746,0,0,stable_restoration,rising,regimeC_v0_CLCD+NDVI,RS_derived,ESA_WorldCover_2021_v200,Hansen_GFC2024v1.12_treecover2000,Landsat_C2_L2_GEE,CLCD_v01_zenodo.18180184,2026-06-10
SAIH_AFF_r48c50,117.475264,42.161609,1985,stable_forest,0.9222,0.9578,0.00316,0.00579,0.1092,0.9722,0,0,stable_restoration,rising,regimeC_v0_CLCD+NDVI,RS_derived,ESA_WorldCover_2021_v200,Hansen_GFC2024v1.12_treecover2000,Landsat_C2_L2_GEE,CLCD_v01_zenodo.18180184,2026-06-10
SAIH_AFF_r48c51,117.487315,42.161609,2015,partial_forest,0.6401,0.6632,0.00865,0.00793,0.1542,0.9666,2023,0,stable_restoration,rising,regimeC_v0_CLCD+NDVI,RS_derived,ESA_WorldCover_2021_v200,Hansen_GFC2024v1.12_treecover2000,Landsat_C2_L2_GEE,CLCD_v01_zenodo.18180184,2026-06-10
SAIH_AFF_r48c52,117.499365,42.161609,1985,stable_forest,0.8417,0.8801,0.00862,0.00801,0.1532,0.9745,0,0,stable_restoration,rising,regimeC_v0_CLCD+NDVI,RS_derived,ESA_WorldCover_2021_v200,Hansen_GFC2024v1.12_treecover2000,Landsat_C2_L2_GEE,CLCD_v01_zenodo.18180184,2026-06-10
SAIH_AFF_r48c53,117.511416,42.161609,1985,stable_forest,0.8948,0.9316,0.00647,0.00597,0.1005,0.9817,2007,0,stable_restoration,rising,regimeC_v0_CLCD+NDVI,RS_derived,ESA_WorldCover_2021_v200,Hansen_GFC2024v1.12_treecover2000,Landsat_C2_L2_GEE,CLCD_v01_zenodo.18180184,2026-06-10
SAIH_AFF_r48c54,117.523467,42.161609,1985,stable_forest,0.8012,0.8337,0.00472,0.00679,0.1108,0.9902,2022,1,stable_restoration,rising,regimeC_v0_CLCD+NDVI,RS_derived,ESA_WorldCover_2021_v200,Hansen_GFC2024v1.12_treecover2000,Landsat_C2_L2_GEE,CLCD_v01_zenodo.18180184,2026-06-10
SAIH_AFF_r48c55,117.535518,42.161609,1990,stable_forest,0.6732,0.7049,0.00422,0.00682,0.1174,0.9867,2024,0,stable_restoration,rising,regimeC_v0_CLCD+NDVI,RS_derived,ESA_WorldCover_2021_v200,Hansen_GFC2024v1.12_treecover2000,Landsat_C2_L2_GEE,CLCD_v01_zenodo.18180184,2026-06-10
SAIH_AFF_r48c56,117.547568,42.161609,2008,partial_forest,0.6908,0.7301,0.01089,0.00967,0.1801,0.9758,2010,0,stable_restoration,rising,regimeC_v0_CLCD+NDVI,RS_derived,ESA_WorldCover_2021_v200,Hansen_GFC2024v1.12_treecover2000,Landsat_C2_L2_GEE,CLCD_v01_zenodo.18180184,2026-06-10
SAIH_AFF_r48c57,117.559619,42.161609,0,partial_forest,0.3227,0.2895,0.01267,0.00991,0.1855,0.9388,2010,0,degraded,rising,regimeC_v0_CLCD+NDVI,RS_derived,ESA_WorldCover_2021_v200,Hansen_GFC2024v1.12_treecover2000,Landsat_C2_L2_GEE,CLCD_v01_zenodo.18180184,2026-06-10
SAIH_AFF_r48c59,117.583721,42.161609,1993,partial_forest,0.7002,0.7342,0.00955,0.00968,0.1691,0.9639,0,0,stable_restoration,rising,regimeC_v0_CLCD+NDVI,RS_derived,ESA_WorldCover_2021_v200,Hansen_GFC2024v1.12_treecover2000,Landsat_C2_L2_GEE,CLCD_v01_zenodo.18180184,2026-06-10
SAIH_AFF_r48c60,117.595772,42.161609,0,partial_forest,0.3968,0.429,0.0079,0.00753,0.1262,0.9608,2024,1,early_restoration,rising,regimeC_v0_CLCD+NDVI,RS_derived,ESA_WorldCover_2021_v200,Hansen_GFC2024v1.12_treecover2000,Landsat_C2_L2_GEE,CLCD_v01_zenodo.18180184,2026-06-10
SAIH_AFF_r48c61,117.607822,42.161609,2015,partial_forest,0.5222,0.5425,0.00234,0.00592,0.1159,0.9669,0,0,early_restoration,rising,regimeC_v0_CLCD+NDVI,RS_derived,ESA_WorldCover_2021_v200,Hansen_GFC2024v1.12_treecover2000,Landsat_C2_L2_GEE,CLCD_v01_zenodo.18180184,2026-06-10
SAIH_AFF_r48c62,117.619873,42.161609,1999,partial_forest,0.8129,0.8469,0.01185,0.00737,0.1371,0.9624,2022,1,stable_restoration,rising,regimeC_v0_CLCD+NDVI,RS_derived,ESA_WorldCover_2021_v200,Hansen_GFC2024v1.12_treecover2000,Landsat_C2_L2_GEE,CLCD_v01_zenodo.18180184,2026-06-10
SAIH_AFF_r48c63,117.631924,42.161609,2007,partial_forest,0.6443,0.6672,0.00937,0.00936,0.1879,0.9778,2022,1,stable_restoration,rising,regimeC_v0_CLCD+NDVI,RS_derived,ESA_WorldCover_2021_v200,Hansen_GFC2024v1.12_treecover2000,Landsat_C2_L2_GEE,CLCD_v01_zenodo.18180184,2026-06-10
SAIH_AFF_r48c64,117.643975,42.161609,0,partial_forest,0.3945,0.4082,0.00443,0.00938,0.1959,0.9473,2021,0,early_restoration,rising,regimeC_v0_CLCD+NDVI,RS_derived,ESA_WorldCover_2021_v200,Hansen_GFC2024v1.12_treecover2000,Landsat_C2_L2_GEE,CLCD_v01_zenodo.18180184,2026-06-10
SAIH_AFF_r49c20,117.113741,42.15257,0,partial_forest,0.3027,0.3252,0.01629,0.00994,0.2102,0.9204,0,0,degraded,rising,regimeC_v0_CLCD+NDVI,RS_derived,ESA_WorldCover_2021_v200,Hansen_GFC2024v1.12_treecover2000,Landsat_C2_L2_GEE,CLCD_v01_zenodo.18180184,2026-06-10
SAIH_AFF_r49c22,117.137842,42.15257,0,non_forest,0.2128,0.2363,0.00521,0.0061,0.1192,0.9422,2023,0,degraded,rising,regimeC_v0_CLCD+NDVI,RS_derived,ESA_WorldCover_2021_v200,Hansen_GFC2024v1.12_treecover2000,Landsat_C2_L2_GEE,CLCD_v01_zenodo.18180184,2026-06-10
SAIH_AFF_r49c23,117.149893,42.15257,0,non_forest,0.2597,0.2901,0.00771,0.00676,0.1184,0.9684,0,0,degraded,rising,regimeC_v0_CLCD+NDVI,RS_derived,ESA_WorldCover_2021_v200,Hansen_GFC2024v1.12_treecover2000,Landsat_C2_L2_GEE,CLCD_v01_zenodo.18180184,2026-06-10
SAIH_AFF_r49c24,117.161944,42.15257,0,partial_forest,0.3888,0.4286,0.00968,0.00471,0.0706,0.9725,2017,0,early_restoration,rising,regimeC_v0_CLCD+NDVI,RS_derived,ESA_WorldCover_2021_v200,Hansen_GFC2024v1.12_treecover2000,Landsat_C2_L2_GEE,CLCD_v01_zenodo.18180184,2026-06-10
SAIH_AFF_r49c25,117.173995,42.15257,2010,afforested,0.7014,0.7621,0.01621,0.00433,0.0751,0.9727,2017,0,stable_restoration,rising,regimeC_v0_CLCD+NDVI,RS_derived,ESA_WorldCover_2021_v200,Hansen_GFC2024v1.12_treecover2000,Landsat_C2_L2_GEE,CLCD_v01_zenodo.18180184,2026-06-10
SAIH_AFF_r49c26,117.186045,42.15257,1985,stable_forest,0.9454,0.9917,0.00701,0.00404,0.0786,0.9856,2016,0,stable_restoration,rising,regimeC_v0_CLCD+NDVI,RS_derived,ESA_WorldCover_2021_v200,Hansen_GFC2024v1.12_treecover2000,Landsat_C2_L2_GEE,CLCD_v01_zenodo.18180184,2026-06-10
SAIH_AFF_r49c27,117.198096,42.15257,1985,stable_forest,0.9842,1.0243,0.00105,0.00448,0.0909,0.9813,2012,0,stable_restoration,rising,regimeC_v0_CLCD+NDVI,RS_derived,ESA_WorldCover_2021_v200,Hansen_GFC2024v1.12_treecover2000,Landsat_C2_L2_GEE,CLCD_v01_zenodo.18180184,2026-06-10
SAIH_AFF_r49c28,117.210147,42.15257,1985,stable_forest,0.9811,1.0185,0.00193,0.00382,0.0782,0.9864,2011,0,stable_restoration,rising,regimeC_v0_CLCD+NDVI,RS_derived,ESA_WorldCover_2021_v200,Hansen_GFC2024v1.12_treecover2000,Landsat_C2_L2_GEE,CLCD_v01_zenodo.18180184,2026-06-10
SAIH_AFF_r49c29,117.222198,42.15257,1985,stable_forest,0.9125,0.9539,0.00617,0.00528,0.1169,0.9843,0,0,stable_restoration,rising,regimeC_v0_CLCD+NDVI,RS_derived,ESA_WorldCover_2021_v200,Hansen_GFC2024v1.12_treecover2000,Landsat_C2_L2_GEE,CLCD_v01_zenodo.18180184,2026-06-10
SAIH_AFF_r49c30,117.234248,42.15257,1985,stable_forest,0.9077,0.9483,0.0084,0.00609,0.1399,0.9804,0,0,stable_restoration,rising,regimeC_v0_CLCD+NDVI,RS_derived,ESA_WorldCover_2021_v200,Hansen_GFC2024v1.12_treecover2000,Landsat_C2_L2_GEE,CLCD_v01_zenodo.18180184,2026-06-10
SAIH_AFF_r49c31,117.246299,42.15257,1985,stable_forest,0.9848,1.0231,0.00161,0.00561,0.119,0.9902,0,0,stable_restoration,rising,regimeC_v0_CLCD+NDVI,RS_derived,ESA_WorldCover_2021_v200,Hansen_GFC2024v1.12_treecover2000,Landsat_C2_L2_GEE,CLCD_v01_zenodo.18180184,2026-06-10
SAIH_AFF_r49c32,117.25835,42.15257,1985,stable_forest,0.9482,0.9933,0.00719,0.00549,0.1123,0.9843,0,0,stable_restoration,rising,regimeC_v0_CLCD+NDVI,RS_derived,ESA_WorldCover_2021_v200,Hansen_GFC2024v1.12_treecover2000,Landsat_C2_L2_GEE,CLCD_v01_zenodo.18180184,2026-06-10
SAIH_AFF_r49c33,117.270401,42.15257,2024,partial_forest,0.4653,0.5288,0.01232,0.00825,0.1795,0.9726,0,0,early_restoration,rising,regimeC_v0_CLCD+NDVI,RS_derived,ESA_WorldCover_2021_v200,Hansen_GFC2024v1.12_treecover2000,Landsat_C2_L2_GEE,CLCD_v01_zenodo.18180184,2026-06-10
SAIH_AFF_r49c34,117.282452,42.15257,1985,stable_forest,0.8564,0.8996,0.01031,0.00855,0.1726,0.9866,0,0,stable_restoration,rising,regimeC_v0_CLCD+NDVI,RS_derived,ESA_WorldCover_2021_v200,Hansen_GFC2024v1.12_treecover2000,Landsat_C2_L2_GEE,CLCD_v01_zenodo.18180184,2026-06-10
SAIH_AFF_r49c35,117.294502,42.15257,2009,partial_forest,0.7733,0.8372,0.01682,0.01228,0.2429,0.9837,0,0,stable_restoration,rising,regimeC_v0_CLCD+NDVI,RS_derived,ESA_WorldCover_2021_v200,Hansen_GFC2024v1.12_treecover2000,Landsat_C2_L2_GEE,CLCD_v01_zenodo.18180184,2026-06-10
SAIH_AFF_r49c36,117.306553,42.15257,1985,stable_forest,0.861,0.8996,0.00563,0.00753,0.1448,0.9891,2001,0,stable_restoration,rising,regimeC_v0_CLCD+NDVI,RS_derived,ESA_WorldCover_2021_v200,Hansen_GFC2024v1.12_treecover2000,Landsat_C2_L2_GEE,CLCD_v01_zenodo.18180184,2026-06-10
SAIH_AFF_r49c37,117.318604,42.15257,1985,stable_forest,0.8738,0.9196,0.00664,0.00584,0.1308,0.9823,0,0,stable_restoration,rising,regimeC_v0_CLCD+NDVI,RS_derived,ESA_WorldCover_2021_v200,Hansen_GFC2024v1.12_treecover2000,Landsat_C2_L2_GEE,CLCD_v01_zenodo.18180184,2026-06-10
SAIH_AFF_r49c38,117.330655,42.15257,1985,stable_forest,0.9255,0.963,0.00476,0.0046,0.1034,0.9754,2022,1,stable_restoration,rising,regimeC_v0_CLCD+NDVI,RS_derived,ESA_WorldCover_2021_v200,Hansen_GFC2024v1.12_treecover2000,Landsat_C2_L2_GEE,CLCD_v01_zenodo.18180184,2026-06-10
SAIH_AFF_r49c39,117.342705,42.15257,1985,stable_forest,0.9726,1.0099,0.00193,0.00472,0.1021,0.9776,2022,0,stable_restoration,rising,regimeC_v0_CLCD+NDVI,RS_derived,ESA_WorldCover_2021_v200,Hansen_GFC2024v1.12_treecover2000,Landsat_C2_L2_GEE,CLCD_v01_zenodo.18180184,2026-06-10
SAIH_AFF_r49c40,117.354756,42.15257,1985,stable_forest,0.953,0.9908,0.00199,0.00471,0.0886,0.9654,2012,0,stable_restoration,rising,regimeC_v0_CLCD+NDVI,RS_derived,ESA_WorldCover_2021_v200,Hansen_GFC2024v1.12_treecover2000,Landsat_C2_L2_GEE,CLCD_v01_zenodo.18180184,2026-06-10
SAIH_AFF_r49c41,117.366807,42.15257,1985,stable_forest,0.9912,1.0283,0.00094,0.00436,0.0828,0.9702,2022,0,stable_restoration,rising,regimeC_v0_CLCD+NDVI,RS_derived,ESA_WorldCover_2021_v200,Hansen_GFC2024v1.12_treecover2000,Landsat_C2_L2_GEE,CLCD_v01_zenodo.18180184,2026-06-10
SAIH_AFF_r49c42,117.378858,42.15257,1985,stable_forest,0.9978,1.0351,0.00018,0.00356,0.0611,0.9876,2022,1,stable_restoration,rising,regimeC_v0_CLCD+NDVI,RS_derived,ESA_WorldCover_2021_v200,Hansen_GFC2024v1.12_treecover2000,Landsat_C2_L2_GEE,CLCD_v01_zenodo.18180184,2026-06-10
SAIH_AFF_r49c43,117.390908,42.15257,1985,stable_forest,0.9863,1.0243,0.00232,0.00487,0.0932,0.9788,2016,0,stable_restoration,rising,regimeC_v0_CLCD+NDVI,RS_derived,ESA_WorldCover_2021_v200,Hansen_GFC2024v1.12_treecover2000,Landsat_C2_L2_GEE,CLCD_v01_zenodo.18180184,2026-06-10
SAIH_AFF_r49c44,117.402959,42.15257,1985,stable_forest,0.8706,0.903,0.00356,0.00586,0.1118,0.9754,2016,0,stable_restoration,rising,regimeC_v0_CLCD+NDVI,RS_derived,ESA_WorldCover_2021_v200,Hansen_GFC2024v1.12_treecover2000,Landsat_C2_L2_GEE,CLCD_v01_zenodo.18180184,2026-06-10
SAIH_AFF_r49c45,117.41501,42.15257,1985,stable_forest,0.7445,0.7901,0.00724,0.00705,0.1404,0.9643,0,0,stable_restoration,rising,regimeC_v0_CLCD+NDVI,RS_derived,ESA_WorldCover_2021_v200,Hansen_GFC2024v1.12_treecover2000,Landsat_C2_L2_GEE,CLCD_v01_zenodo.18180184,2026-06-10
SAIH_AFF_r49c46,117.427061,42.15257,0,partial_forest,0.3781,0.404,0.00564,0.00759,0.1635,0.9504,0,0,early_restoration,rising,regimeC_v0_CLCD+NDVI,RS_derived,ESA_WorldCover_2021_v200,Hansen_GFC2024v1.12_treecover2000,Landsat_C2_L2_GEE,CLCD_v01_zenodo.18180184,2026-06-10
SAIH_AFF_r49c47,117.439112,42.15257,2019,partial_forest,0.5266,0.5511,0.0075,0.00843,0.164,0.9597,0,0,early_restoration,rising,regimeC_v0_CLCD+NDVI,RS_derived,ESA_WorldCover_2021_v200,Hansen_GFC2024v1.12_treecover2000,Landsat_C2_L2_GEE,CLCD_v01_zenodo.18180184,2026-06-10
SAIH_AFF_r49c48,117.451162,42.15257,1985,stable_forest,0.8121,0.8446,0.00619,0.0078,0.14,0.9817,0,0,stable_restoration,rising,regimeC_v0_CLCD+NDVI,RS_derived,ESA_WorldCover_2021_v200,Hansen_GFC2024v1.12_treecover2000,Landsat_C2_L2_GEE,CLCD_v01_zenodo.18180184,2026-06-10
SAIH_AFF_r49c49,117.463213,42.15257,1990,stable_forest,0.7063,0.7388,0.00651,0.00729,0.1363,0.9782,2020,0,stable_restoration,rising,regimeC_v0_CLCD+NDVI,RS_derived,ESA_WorldCover_2021_v200,Hansen_GFC2024v1.12_treecover2000,Landsat_C2_L2_GEE,CLCD_v01_zenodo.18180184,2026-06-10
SAIH_AFF_r49c50,117.475264,42.15257,1985,stable_forest,0.9319,0.9668,0.0013,0.00632,0.1124,0.9788,0,0,stable_restoration,rising,regimeC_v0_CLCD+NDVI,RS_derived,ESA_WorldCover_2021_v200,Hansen_GFC2024v1.12_treecover2000,Landsat_C2_L2_GEE,CLCD_v01_zenodo.18180184,2026-06-10
SAIH_AFF_r49c51,117.487315,42.15257,1990,stable_forest,0.8203,0.8703,0.00984,0.00731,0.1275,0.9842,0,0,stable_restoration,rising,regimeC_v0_CLCD+NDVI,RS_derived,ESA_WorldCover_2021_v200,Hansen_GFC2024v1.12_treecover2000,Landsat_C2_L2_GEE,CLCD_v01_zenodo.18180184,2026-06-10
SAIH_AFF_r49c52,117.499365,42.15257,1985,stable_forest,0.956,0.9951,0.00336,0.00546,0.0965,0.9777,0,0,stable_restoration,rising,regimeC_v0_CLCD+NDVI,RS_derived,ESA_WorldCover_2021_v200,Hansen_GFC2024v1.12_treecover2000,Landsat_C2_L2_GEE,CLCD_v01_zenodo.18180184,2026-06-10
SAIH_AFF_r49c53,117.511416,42.15257,2007,partial_forest,0.5676,0.5894,0.0039,0.00464,0.077,0.9762,2022,0,early_restoration,rising,regimeC_v0_CLCD+NDVI,RS_derived,ESA_WorldCover_2021_v200,Hansen_GFC2024v1.12_treecover2000,Landsat_C2_L2_GEE,CLCD_v01_zenodo.18180184,2026-06-10
SAIH_AFF_r49c54,117.523467,42.15257,1993,partial_forest,0.5993,0.6255,0.00468,0.00593,0.0976,0.9859,0,0,early_restoration,rising,regimeC_v0_CLCD+NDVI,RS_derived,ESA_WorldCover_2021_v200,Hansen_GFC2024v1.12_treecover2000,Landsat_C2_L2_GEE,CLCD_v01_zenodo.18180184,2026-06-10
SAIH_AFF_r49c55,117.535518,42.15257,0,partial_forest,0.4426,0.4767,0.00732,0.00703,0.1261,0.9665,2024,0,early_restoration,rising,regimeC_v0_CLCD+NDVI,RS_derived,ESA_WorldCover_2021_v200,Hansen_GFC2024v1.12_treecover2000,Landsat_C2_L2_GEE,CLCD_v01_zenodo.18180184,2026-06-10
SAIH_AFF_r49c56,117.547568,42.15257,2022,partial_forest,0.4983,0.5224,0.00843,0.00728,0.1386,0.9647,2015,0,early_restoration,rising,regimeC_v0_CLCD+NDVI,RS_derived,ESA_WorldCover_2021_v200,Hansen_GFC2024v1.12_treecover2000,Landsat_C2_L2_GEE,CLCD_v01_zenodo.18180184,2026-06-10
SAIH_AFF_r49c57,117.559619,42.15257,0,partial_forest,0.3283,0.3416,0.01454,0.01004,0.1945,0.9445,2022,0,early_restoration,rising,regimeC_v0_CLCD+NDVI,RS_derived,ESA_WorldCover_2021_v200,Hansen_GFC2024v1.12_treecover2000,Landsat_C2_L2_GEE,CLCD_v01_zenodo.18180184,2026-06-10
SAIH_AFF_r49c59,117.583721,42.15257,0,partial_forest,0.3493,0.3639,0.00781,0.00807,0.1287,0.9727,2022,1,early_restoration,rising,regimeC_v0_CLCD+NDVI,RS_derived,ESA_WorldCover_2021_v200,Hansen_GFC2024v1.12_treecover2000,Landsat_C2_L2_GEE,CLCD_v01_zenodo.18180184,2026-06-10
SAIH_AFF_r49c60,117.595772,42.15257,2015,partial_forest,0.5948,0.6348,0.00852,0.00994,0.1709,0.9703,2023,0,early_restoration,rising,regimeC_v0_CLCD+NDVI,RS_derived,ESA_WorldCover_2021_v200,Hansen_GFC2024v1.12_treecover2000,Landsat_C2_L2_GEE,CLCD_v01_zenodo.18180184,2026-06-10
SAIH_AFF_r49c61,117.607822,42.15257,0,partial_forest,0.4563,0.4767,0.00696,0.00779,0.1448,0.9574,0,0,early_restoration,rising,regimeC_v0_CLCD+NDVI,RS_derived,ESA_WorldCover_2021_v200,Hansen_GFC2024v1.12_treecover2000,Landsat_C2_L2_GEE,CLCD_v01_zenodo.18180184,2026-06-10
SAIH_AFF_r49c62,117.619873,42.15257,0,partial_forest,0.4817,0.5001,0.00429,0.0072,0.142,0.9526,2022,0,early_restoration,rising,regimeC_v0_CLCD+NDVI,RS_derived,ESA_WorldCover_2021_v200,Hansen_GFC2024v1.12_treecover2000,Landsat_C2_L2_GEE,CLCD_v01_zenodo.18180184,2026-06-10
SAIH_AFF_r49c63,117.631924,42.15257,1985,stable_forest,0.9421,0.9774,0.00346,0.00676,0.1353,0.9824,2022,1,stable_restoration,rising,regimeC_v0_CLCD+NDVI,RS_derived,ESA_WorldCover_2021_v200,Hansen_GFC2024v1.12_treecover2000,Landsat_C2_L2_GEE,CLCD_v01_zenodo.18180184,2026-06-10
SAIH_AFF_r49c64,117.643975,42.15257,1990,stable_forest,0.8962,0.9297,0.00833,0.00774,0.1488,0.9832,2021,0,stable_restoration,rising,regimeC_v0_CLCD+NDVI,RS_derived,ESA_WorldCover_2021_v200,Hansen_GFC2024v1.12_treecover2000,Landsat_C2_L2_GEE,CLCD_v01_zenodo.18180184,2026-06-10
SAIH_AFF_r50c23,117.149893,42.143531,0,non_forest,0.2238,0.2506,0.00879,0.00835,0.1669,0.9477,0,0,degraded,rising,regimeC_v0_CLCD+NDVI,RS_derived,ESA_WorldCover_2021_v200,Hansen_GFC2024v1.12_treecover2000,Landsat_C2_L2_GEE,CLCD_v01_zenodo.18180184,2026-06-10
SAIH_AFF_r50c24,117.161944,42.143531,2021,afforested,0.5451,0.5923,0.01804,0.009,0.1763,0.9686,0,0,early_restoration,rising,regimeC_v0_CLCD+NDVI,RS_derived,ESA_WorldCover_2021_v200,Hansen_GFC2024v1.12_treecover2000,Landsat_C2_L2_GEE,CLCD_v01_zenodo.18180184,2026-06-10
SAIH_AFF_r50c25,117.173995,42.143531,1985,stable_forest,0.9605,1.0027,0.00547,0.00459,0.0812,0.9762,2017,0,stable_restoration,rising,regimeC_v0_CLCD+NDVI,RS_derived,ESA_WorldCover_2021_v200,Hansen_GFC2024v1.12_treecover2000,Landsat_C2_L2_GEE,CLCD_v01_zenodo.18180184,2026-06-10
SAIH_AFF_r50c26,117.186045,42.143531,1985,stable_forest,0.9485,0.986,0.00234,0.00473,0.0762,0.977,2008,0,stable_restoration,rising,regimeC_v0_CLCD+NDVI,RS_derived,ESA_WorldCover_2021_v200,Hansen_GFC2024v1.12_treecover2000,Landsat_C2_L2_GEE,CLCD_v01_zenodo.18180184,2026-06-10
SAIH_AFF_r50c27,117.198096,42.143531,1985,stable_forest,0.9356,0.9785,0.00365,0.00386,0.0831,0.9909,2007,0,stable_restoration,rising,regimeC_v0_CLCD+NDVI,RS_derived,ESA_WorldCover_2021_v200,Hansen_GFC2024v1.12_treecover2000,Landsat_C2_L2_GEE,CLCD_v01_zenodo.18180184,2026-06-10
SAIH_AFF_r50c28,117.210147,42.143531,1985,stable_forest,0.9974,1.0351,0.00026,0.00557,0.1118,0.9889,0,0,stable_restoration,rising,regimeC_v0_CLCD+NDVI,RS_derived,ESA_WorldCover_2021_v200,Hansen_GFC2024v1.12_treecover2000,Landsat_C2_L2_GEE,CLCD_v01_zenodo.18180184,2026-06-10
SAIH_AFF_r50c29,117.222198,42.143531,1985,stable_forest,0.9972,1.0345,0.0033,0.00756,0.1482,0.9869,0,0,stable_restoration,rising,regimeC_v0_CLCD+NDVI,RS_derived,ESA_WorldCover_2021_v200,Hansen_GFC2024v1.12_treecover2000,Landsat_C2_L2_GEE,CLCD_v01_zenodo.18180184,2026-06-10
SAIH_AFF_r50c30,117.234248,42.143531,1985,stable_forest,0.9441,0.9831,0.01418,0.00822,0.1754,0.9851,0,0,stable_restoration,rising,regimeC_v0_CLCD+NDVI,RS_derived,ESA_WorldCover_2021_v200,Hansen_GFC2024v1.12_treecover2000,Landsat_C2_L2_GEE,CLCD_v01_zenodo.18180184,2026-06-10
SAIH_AFF_r50c31,117.246299,42.143531,1985,stable_forest,0.9778,1.0163,0.00482,0.00653,0.1366,0.9848,0,0,stable_restoration,rising,regimeC_v0_CLCD+NDVI,RS_derived,ESA_WorldCover_2021_v200,Hansen_GFC2024v1.12_treecover2000,Landsat_C2_L2_GEE,CLCD_v01_zenodo.18180184,2026-06-10
SAIH_AFF_r50c32,117.25835,42.143531,1985,stable_forest,0.871,0.9167,0.00824,0.00697,0.1449,0.9865,2001,0,stable_restoration,rising,regimeC_v0_CLCD+NDVI,RS_derived,ESA_WorldCover_2021_v200,Hansen_GFC2024v1.12_treecover2000,Landsat_C2_L2_GEE,CLCD_v01_zenodo.18180184,2026-06-10
SAIH_AFF_r50c33,117.270401,42.143531,1985,stable_forest,0.7284,0.7599,0.00254,0.00535,0.1167,0.9787,2010,0,stable_restoration,rising,regimeC_v0_CLCD+NDVI,RS_derived,ESA_WorldCover_2021_v200,Hansen_GFC2024v1.12_treecover2000,Landsat_C2_L2_GEE,CLCD_v01_zenodo.18180184,2026-06-10
SAIH_AFF_r50c34,117.282452,42.143531,2015,partial_forest,0.5503,0.5739,0.00728,0.00726,0.1593,0.9644,0,0,early_restoration,rising,regimeC_v0_CLCD+NDVI,RS_derived,ESA_WorldCover_2021_v200,Hansen_GFC2024v1.12_treecover2000,Landsat_C2_L2_GEE,CLCD_v01_zenodo.18180184,2026-06-10
SAIH_AFF_r50c35,117.294502,42.143531,0,partial_forest,0.3871,0.4301,0.00821,0.01009,0.2133,0.9695,0,0,early_restoration,rising,regimeC_v0_CLCD+NDVI,RS_derived,ESA_WorldCover_2021_v200,Hansen_GFC2024v1.12_treecover2000,Landsat_C2_L2_GEE,CLCD_v01_zenodo.18180184,2026-06-10
SAIH_AFF_r50c36,117.306553,42.143531,1985,stable_forest,0.6735,0.7067,0.00435,0.00797,0.1607,0.9968,0,0,stable_restoration,rising,regimeC_v0_CLCD+NDVI,RS_derived,ESA_WorldCover_2021_v200,Hansen_GFC2024v1.12_treecover2000,Landsat_C2_L2_GEE,CLCD_v01_zenodo.18180184,2026-06-10
SAIH_AFF_r50c37,117.318604,42.143531,1985,stable_forest,0.9113,0.9494,0.0054,0.00745,0.1616,0.9887,2005,0,stable_restoration,rising,regimeC_v0_CLCD+NDVI,RS_derived,ESA_WorldCover_2021_v200,Hansen_GFC2024v1.12_treecover2000,Landsat_C2_L2_GEE,CLCD_v01_zenodo.18180184,2026-06-10
SAIH_AFF_r50c38,117.330655,42.143531,1985,stable_forest,0.9658,1.0134,0.0096,0.00655,0.1613,0.9767,2024,1,stable_restoration,rising,regimeC_v0_CLCD+NDVI,RS_derived,ESA_WorldCover_2021_v200,Hansen_GFC2024v1.12_treecover2000,Landsat_C2_L2_GEE,CLCD_v01_zenodo.18180184,2026-06-10
SAIH_AFF_r50c39,117.342705,42.143531,1985,stable_forest,0.9948,1.034,0.00431,0.00458,0.1124,0.9699,2020,1,stable_restoration,rising,regimeC_v0_CLCD+NDVI,RS_derived,ESA_WorldCover_2021_v200,Hansen_GFC2024v1.12_treecover2000,Landsat_C2_L2_GEE,CLCD_v01_zenodo.18180184,2026-06-10
SAIH_AFF_r50c40,117.354756,42.143531,1985,stable_forest,0.9834,1.0218,-0.00085,0.00336,0.0742,0.969,2020,1,stable_restoration,rising,regimeC_v0_CLCD+NDVI,RS_derived,ESA_WorldCover_2021_v200,Hansen_GFC2024v1.12_treecover2000,Landsat_C2_L2_GEE,CLCD_v01_zenodo.18180184,2026-06-10
SAIH_AFF_r50c41,117.366807,42.143531,1985,stable_forest,0.9945,1.0317,0.00021,0.00433,0.087,0.964,2022,1,stable_restoration,rising,regimeC_v0_CLCD+NDVI,RS_derived,ESA_WorldCover_2021_v200,Hansen_GFC2024v1.12_treecover2000,Landsat_C2_L2_GEE,CLCD_v01_zenodo.18180184,2026-06-10
SAIH_AFF_r50c42,117.378858,42.143531,1985,stable_forest,0.9515,0.9871,0.00076,0.0042,0.074,0.9813,2022,0,stable_restoration,rising,regimeC_v0_CLCD+NDVI,RS_derived,ESA_WorldCover_2021_v200,Hansen_GFC2024v1.12_treecover2000,Landsat_C2_L2_GEE,CLCD_v01_zenodo.18180184,2026-06-10
SAIH_AFF_r50c43,117.390908,42.143531,1985,stable_forest,0.968,1.0042,0.00052,0.00494,0.0879,0.9812,2022,0,stable_restoration,rising,regimeC_v0_CLCD+NDVI,RS_derived,ESA_WorldCover_2021_v200,Hansen_GFC2024v1.12_treecover2000,Landsat_C2_L2_GEE,CLCD_v01_zenodo.18180184,2026-06-10
SAIH_AFF_r50c44,117.402959,42.143531,1985,stable_forest,0.9884,1.026,0.00288,0.00554,0.0978,0.9738,2022,0,stable_restoration,rising,regimeC_v0_CLCD+NDVI,RS_derived,ESA_WorldCover_2021_v200,Hansen_GFC2024v1.12_treecover2000,Landsat_C2_L2_GEE,CLCD_v01_zenodo.18180184,2026-06-10
SAIH_AFF_r50c45,117.41501,42.143531,1985,stable_forest,0.7762,0.8092,0.0051,0.00744,0.1468,0.9813,0,0,stable_restoration,rising,regimeC_v0_CLCD+NDVI,RS_derived,ESA_WorldCover_2021_v200,Hansen_GFC2024v1.12_treecover2000,Landsat_C2_L2_GEE,CLCD_v01_zenodo.18180184,2026-06-10
SAIH_AFF_r50c46,117.427061,42.143531,1985,stable_forest,0.743,0.7811,0.0102,0.00962,0.1925,0.9728,2016,0,stable_restoration,rising,regimeC_v0_CLCD+NDVI,RS_derived,ESA_WorldCover_2021_v200,Hansen_GFC2024v1.12_treecover2000,Landsat_C2_L2_GEE,CLCD_v01_zenodo.18180184,2026-06-10
SAIH_AFF_r50c47,117.439112,42.143531,2013,afforested,0.672,0.7027,0.01763,0.0088,0.1568,0.9672,2021,1,stable_restoration,rising,regimeC_v0_CLCD+NDVI,RS_derived,ESA_WorldCover_2021_v200,Hansen_GFC2024v1.12_treecover2000,Landsat_C2_L2_GEE,CLCD_v01_zenodo.18180184,2026-06-10
SAIH_AFF_r50c48,117.451162,42.143531,2017,afforested,0.5933,0.6255,0.01732,0.00933,0.1783,0.9627,2023,0,early_restoration,rising,regimeC_v0_CLCD+NDVI,RS_derived,ESA_WorldCover_2021_v200,Hansen_GFC2024v1.12_treecover2000,Landsat_C2_L2_GEE,CLCD_v01_zenodo.18180184,2026-06-10
SAIH_AFF_r50c49,117.463213,42.143531,2015,partial_forest,0.6372,0.6803,0.0114,0.00908,0.175,0.9667,2020,0,stable_restoration,rising,regimeC_v0_CLCD+NDVI,RS_derived,ESA_WorldCover_2021_v200,Hansen_GFC2024v1.12_treecover2000,Landsat_C2_L2_GEE,CLCD_v01_zenodo.18180184,2026-06-10
SAIH_AFF_r50c50,117.475264,42.143531,1985,stable_forest,0.9798,1.0172,0.00268,0.00691,0.1269,0.974,2011,0,stable_restoration,rising,regimeC_v0_CLCD+NDVI,RS_derived,ESA_WorldCover_2021_v200,Hansen_GFC2024v1.12_treecover2000,Landsat_C2_L2_GEE,CLCD_v01_zenodo.18180184,2026-06-10
SAIH_AFF_r50c51,117.487315,42.143531,1985,stable_forest,0.7876,0.8291,0.00789,0.00788,0.1583,0.9679,0,0,stable_restoration,rising,regimeC_v0_CLCD+NDVI,RS_derived,ESA_WorldCover_2021_v200,Hansen_GFC2024v1.12_treecover2000,Landsat_C2_L2_GEE,CLCD_v01_zenodo.18180184,2026-06-10
SAIH_AFF_r50c52,117.499365,42.143531,1985,stable_forest,0.923,0.9608,0.00428,0.00517,0.0932,0.9752,0,0,stable_restoration,rising,regimeC_v0_CLCD+NDVI,RS_derived,ESA_WorldCover_2021_v200,Hansen_GFC2024v1.12_treecover2000,Landsat_C2_L2_GEE,CLCD_v01_zenodo.18180184,2026-06-10
SAIH_AFF_r50c53,117.511416,42.143531,1985,stable_forest,0.6698,0.6981,0.00424,0.0066,0.12,0.9818,2015,0,stable_restoration,rising,regimeC_v0_CLCD+NDVI,RS_derived,ESA_WorldCover_2021_v200,Hansen_GFC2024v1.12_treecover2000,Landsat_C2_L2_GEE,CLCD_v01_zenodo.18180184,2026-06-10
SAIH_AFF_r50c54,117.523467,42.143531,0,partial_forest,0.3497,0.3657,0.00312,0.00832,0.1499,0.9487,2015,0,early_restoration,rising,regimeC_v0_CLCD+NDVI,RS_derived,ESA_WorldCover_2021_v200,Hansen_GFC2024v1.12_treecover2000,Landsat_C2_L2_GEE,CLCD_v01_zenodo.18180184,2026-06-10
SAIH_AFF_r50c55,117.535518,42.143531,0,partial_forest,0.3342,0.3516,0.00759,0.00931,0.1702,0.9482,2021,0,early_restoration,rising,regimeC_v0_CLCD+NDVI,RS_derived,ESA_WorldCover_2021_v200,Hansen_GFC2024v1.12_treecover2000,Landsat_C2_L2_GEE,CLCD_v01_zenodo.18180184,2026-06-10
SAIH_AFF_r50c56,117.547568,42.143531,0,partial_forest,0.4238,0.4492,0.00807,0.01013,0.1873,0.9597,2014,0,early_restoration,rising,regimeC_v0_CLCD+NDVI,RS_derived,ESA_WorldCover_2021_v200,Hansen_GFC2024v1.12_treecover2000,Landsat_C2_L2_GEE,CLCD_v01_zenodo.18180184,2026-06-10
SAIH_AFF_r50c57,117.559619,42.143531,0,non_forest,0.2674,0.2793,0.00923,0.01086,0.1987,0.9727,2022,0,degraded,rising,regimeC_v0_CLCD+NDVI,RS_derived,ESA_WorldCover_2021_v200,Hansen_GFC2024v1.12_treecover2000,Landsat_C2_L2_GEE,CLCD_v01_zenodo.18180184,2026-06-10
SAIH_AFF_r50c60,117.595772,42.143531,2016,partial_forest,0.6087,0.6465,0.01199,0.01271,0.2297,0.9877,0,0,early_restoration,rising,regimeC_v0_CLCD+NDVI,RS_derived,ESA_WorldCover_2021_v200,Hansen_GFC2024v1.12_treecover2000,Landsat_C2_L2_GEE,CLCD_v01_zenodo.18180184,2026-06-10
SAIH_AFF_r50c61,117.607822,42.143531,2015,partial_forest,0.7056,0.7347,0.01777,0.01096,0.1989,0.987,0,0,stable_restoration,rising,regimeC_v0_CLCD+NDVI,RS_derived,ESA_WorldCover_2021_v200,Hansen_GFC2024v1.12_treecover2000,Landsat_C2_L2_GEE,CLCD_v01_zenodo.18180184,2026-06-10
SAIH_AFF_r50c62,117.619873,42.143531,2002,partial_forest,0.701,0.7301,0.00975,0.00724,0.1383,0.9759,2021,0,stable_restoration,rising,regimeC_v0_CLCD+NDVI,RS_derived,ESA_WorldCover_2021_v200,Hansen_GFC2024v1.12_treecover2000,Landsat_C2_L2_GEE,CLCD_v01_zenodo.18180184,2026-06-10
SAIH_AFF_r50c63,117.631924,42.143531,1990,stable_forest,0.7886,0.8182,0.00393,0.005,0.0795,0.9829,2022,1,stable_restoration,rising,regimeC_v0_CLCD+NDVI,RS_derived,ESA_WorldCover_2021_v200,Hansen_GFC2024v1.12_treecover2000,Landsat_C2_L2_GEE,CLCD_v01_zenodo.18180184,2026-06-10
SAIH_AFF_r50c64,117.643975,42.143531,0,partial_forest,0.4351,0.4525,0.00896,0.00915,0.1741,0.9813,0,0,early_restoration,rising,regimeC_v0_CLCD+NDVI,RS_derived,ESA_WorldCover_2021_v200,Hansen_GFC2024v1.12_treecover2000,Landsat_C2_L2_GEE,CLCD_v01_zenodo.18180184,2026-06-10
SAIH_AFF_r51c11,117.005284,42.134492,0,non_forest,0.1454,0.1805,0.00669,0.00874,0.19,0.9526,0,0,degraded,rising,regimeC_v0_CLCD+NDVI,RS_derived,ESA_WorldCover_2021_v200,Hansen_GFC2024v1.12_treecover2000,Landsat_C2_L2_GEE,CLCD_v01_zenodo.18180184,2026-06-10
SAIH_AFF_r51c20,117.113741,42.134492,0,non_forest,0.2733,0.2872,0.00994,0.00612,0.1287,0.9313,2019,0,degraded,rising,regimeC_v0_CLCD+NDVI,RS_derived,ESA_WorldCover_2021_v200,Hansen_GFC2024v1.12_treecover2000,Landsat_C2_L2_GEE,CLCD_v01_zenodo.18180184,2026-06-10
SAIH_AFF_r51c21,117.125792,42.134492,0,partial_forest,0.4825,0.5143,0.01395,0.00684,0.1436,0.9501,2022,0,early_restoration,rising,regimeC_v0_CLCD+NDVI,RS_derived,ESA_WorldCover_2021_v200,Hansen_GFC2024v1.12_treecover2000,Landsat_C2_L2_GEE,CLCD_v01_zenodo.18180184,2026-06-10
SAIH_AFF_r51c22,117.137842,42.134492,0,partial_forest,0.4545,0.4875,0.00577,0.00518,0.1154,0.9454,2012,0,early_restoration,rising,regimeC_v0_CLCD+NDVI,RS_derived,ESA_WorldCover_2021_v200,Hansen_GFC2024v1.12_treecover2000,Landsat_C2_L2_GEE,CLCD_v01_zenodo.18180184,2026-06-10
SAIH_AFF_r51c23,117.149893,42.134492,0,partial_forest,0.396,0.4491,0.00765,0.00545,0.1268,0.9615,0,0,early_restoration,rising,regimeC_v0_CLCD+NDVI,RS_derived,ESA_WorldCover_2021_v200,Hansen_GFC2024v1.12_treecover2000,Landsat_C2_L2_GEE,CLCD_v01_zenodo.18180184,2026-06-10
SAIH_AFF_r51c24,117.161944,42.134492,1985,stable_forest,0.8585,0.9082,0.00713,0.00533,0.1127,0.9822,2014,0,stable_restoration,rising,regimeC_v0_CLCD+NDVI,RS_derived,ESA_WorldCover_2021_v200,Hansen_GFC2024v1.12_treecover2000,Landsat_C2_L2_GEE,CLCD_v01_zenodo.18180184,2026-06-10
SAIH_AFF_r51c25,117.173995,42.134492,1985,stable_forest,0.9409,0.9817,0.00248,0.00394,0.0671,0.9629,2008,0,stable_restoration,rising,regimeC_v0_CLCD+NDVI,RS_derived,ESA_WorldCover_2021_v200,Hansen_GFC2024v1.12_treecover2000,Landsat_C2_L2_GEE,CLCD_v01_zenodo.18180184,2026-06-10
SAIH_AFF_r51c26,117.186045,42.134492,1985,stable_forest,0.9588,0.9956,0.00255,0.00406,0.0694,0.9822,2005,0,stable_restoration,rising,regimeC_v0_CLCD+NDVI,RS_derived,ESA_WorldCover_2021_v200,Hansen_GFC2024v1.12_treecover2000,Landsat_C2_L2_GEE,CLCD_v01_zenodo.18180184,2026-06-10
SAIH_AFF_r51c27,117.198096,42.134492,1985,stable_forest,0.9615,0.9979,0.00141,0.00421,0.0914,0.9798,0,0,stable_restoration,rising,regimeC_v0_CLCD+NDVI,RS_derived,ESA_WorldCover_2021_v200,Hansen_GFC2024v1.12_treecover2000,Landsat_C2_L2_GEE,CLCD_v01_zenodo.18180184,2026-06-10
SAIH_AFF_r51c28,117.210147,42.134492,1985,stable_forest,0.974,1.0107,0.00102,0.00567,0.1181,0.9865,0,0,stable_restoration,rising,regimeC_v0_CLCD+NDVI,RS_derived,ESA_WorldCover_2021_v200,Hansen_GFC2024v1.12_treecover2000,Landsat_C2_L2_GEE,CLCD_v01_zenodo.18180184,2026-06-10
SAIH_AFF_r51c29,117.222198,42.134492,1985,stable_forest,1.0,1.0374,0.00042,0.00717,0.1451,0.987,0,0,stable_restoration,rising,regimeC_v0_CLCD+NDVI,RS_derived,ESA_WorldCover_2021_v200,Hansen_GFC2024v1.12_treecover2000,Landsat_C2_L2_GEE,CLCD_v01_zenodo.18180184,2026-06-10
SAIH_AFF_r51c30,117.234248,42.134492,1985,stable_forest,0.9701,1.0074,0.00809,0.00737,0.1616,0.9866,0,0,stable_restoration,rising,regimeC_v0_CLCD+NDVI,RS_derived,ESA_WorldCover_2021_v200,Hansen_GFC2024v1.12_treecover2000,Landsat_C2_L2_GEE,CLCD_v01_zenodo.18180184,2026-06-10
SAIH_AFF_r51c31,117.246299,42.134492,1985,stable_forest,0.7834,0.8235,0.01063,0.00678,0.1563,0.9788,0,0,stable_restoration,rising,regimeC_v0_CLCD+NDVI,RS_derived,ESA_WorldCover_2021_v200,Hansen_GFC2024v1.12_treecover2000,Landsat_C2_L2_GEE,CLCD_v01_zenodo.18180184,2026-06-10
SAIH_AFF_r51c32,117.25835,42.134492,1985,stable_forest,0.964,1.004,0.00243,0.00596,0.1276,0.9824,0,0,stable_restoration,rising,regimeC_v0_CLCD+NDVI,RS_derived,ESA_WorldCover_2021_v200,Hansen_GFC2024v1.12_treecover2000,Landsat_C2_L2_GEE,CLCD_v01_zenodo.18180184,2026-06-10
SAIH_AFF_r51c33,117.270401,42.134492,1985,stable_forest,0.9875,1.0274,0.00195,0.00547,0.1185,0.9877,0,0,stable_restoration,rising,regimeC_v0_CLCD+NDVI,RS_derived,ESA_WorldCover_2021_v200,Hansen_GFC2024v1.12_treecover2000,Landsat_C2_L2_GEE,CLCD_v01_zenodo.18180184,2026-06-10
SAIH_AFF_r51c34,117.282452,42.134492,1985,stable_forest,0.9799,1.0219,0.00418,0.00645,0.136,0.9837,2010,0,stable_restoration,rising,regimeC_v0_CLCD+NDVI,RS_derived,ESA_WorldCover_2021_v200,Hansen_GFC2024v1.12_treecover2000,Landsat_C2_L2_GEE,CLCD_v01_zenodo.18180184,2026-06-10
SAIH_AFF_r51c35,117.294502,42.134492,0,partial_forest,0.3863,0.4063,0.00249,0.00808,0.1752,0.9428,0,0,early_restoration,rising,regimeC_v0_CLCD+NDVI,RS_derived,ESA_WorldCover_2021_v200,Hansen_GFC2024v1.12_treecover2000,Landsat_C2_L2_GEE,CLCD_v01_zenodo.18180184,2026-06-10
SAIH_AFF_r51c36,117.306553,42.134492,2022,partial_forest,0.5155,0.5554,0.01029,0.01108,0.228,0.9693,0,0,early_restoration,rising,regimeC_v0_CLCD+NDVI,RS_derived,ESA_WorldCover_2021_v200,Hansen_GFC2024v1.12_treecover2000,Landsat_C2_L2_GEE,CLCD_v01_zenodo.18180184,2026-06-10
SAIH_AFF_r51c37,117.318604,42.134492,1985,stable_forest,0.9528,0.9895,0.00518,0.00702,0.1411,0.99,0,0,stable_restoration,rising,regimeC_v0_CLCD+NDVI,RS_derived,ESA_WorldCover_2021_v200,Hansen_GFC2024v1.12_treecover2000,Landsat_C2_L2_GEE,CLCD_v01_zenodo.18180184,2026-06-10
SAIH_AFF_r51c38,117.330655,42.134492,1985,stable_forest,0.9982,1.0358,0.00092,0.00638,0.1424,0.9802,0,0,stable_restoration,rising,regimeC_v0_CLCD+NDVI,RS_derived,ESA_WorldCover_2021_v200,Hansen_GFC2024v1.12_treecover2000,Landsat_C2_L2_GEE,CLCD_v01_zenodo.18180184,2026-06-10
SAIH_AFF_r51c39,117.342705,42.134492,1985,stable_forest,0.9769,1.0163,0.00189,0.007,0.163,0.9788,2007,0,stable_restoration,rising,regimeC_v0_CLCD+NDVI,RS_derived,ESA_WorldCover_2021_v200,Hansen_GFC2024v1.12_treecover2000,Landsat_C2_L2_GEE,CLCD_v01_zenodo.18180184,2026-06-10
SAIH_AFF_r51c40,117.354756,42.134492,1985,stable_forest,0.9999,1.0374,0.00046,0.0053,0.1224,0.9687,2011,0,stable_restoration,rising,regimeC_v0_CLCD+NDVI,RS_derived,ESA_WorldCover_2021_v200,Hansen_GFC2024v1.12_treecover2000,Landsat_C2_L2_GEE,CLCD_v01_zenodo.18180184,2026-06-10
SAIH_AFF_r51c41,117.366807,42.134492,1985,stable_forest,0.9797,1.0168,0.00039,0.00407,0.0833,0.9766,2021,1,stable_restoration,rising,regimeC_v0_CLCD+NDVI,RS_derived,ESA_WorldCover_2021_v200,Hansen_GFC2024v1.12_treecover2000,Landsat_C2_L2_GEE,CLCD_v01_zenodo.18180184,2026-06-10
SAIH_AFF_r51c42,117.378858,42.134492,1985,stable_forest,0.9968,1.0341,0.00016,0.00343,0.0593,0.9879,2021,0,stable_restoration,rising,regimeC_v0_CLCD+NDVI,RS_derived,ESA_WorldCover_2021_v200,Hansen_GFC2024v1.12_treecover2000,Landsat_C2_L2_GEE,CLCD_v01_zenodo.18180184,2026-06-10
SAIH_AFF_r51c43,117.390908,42.134492,1985,stable_forest,0.9799,1.0168,0.00077,0.0043,0.0776,0.9909,2018,0,stable_restoration,rising,regimeC_v0_CLCD+NDVI,RS_derived,ESA_WorldCover_2021_v200,Hansen_GFC2024v1.12_treecover2000,Landsat_C2_L2_GEE,CLCD_v01_zenodo.18180184,2026-06-10
SAIH_AFF_r51c44,117.402959,42.134492,1985,stable_forest,0.9897,1.0268,0.00452,0.00744,0.1428,0.9821,2005,0,stable_restoration,rising,regimeC_v0_CLCD+NDVI,RS_derived,ESA_WorldCover_2021_v200,Hansen_GFC2024v1.12_treecover2000,Landsat_C2_L2_GEE,CLCD_v01_zenodo.18180184,2026-06-10
SAIH_AFF_r51c45,117.41501,42.134492,1985,stable_forest,0.899,0.9353,0.0155,0.01012,0.2151,0.9766,0,0,stable_restoration,rising,regimeC_v0_CLCD+NDVI,RS_derived,ESA_WorldCover_2021_v200,Hansen_GFC2024v1.12_treecover2000,Landsat_C2_L2_GEE,CLCD_v01_zenodo.18180184,2026-06-10
SAIH_AFF_r51c46,117.427061,42.134492,1991,stable_forest,0.8025,0.848,0.01346,0.00928,0.1945,0.9679,2016,0,stable_restoration,rising,regimeC_v0_CLCD+NDVI,RS_derived,ESA_WorldCover_2021_v200,Hansen_GFC2024v1.12_treecover2000,Landsat_C2_L2_GEE,CLCD_v01_zenodo.18180184,2026-06-10
SAIH_AFF_r51c47,117.439112,42.134492,1985,stable_forest,0.8661,0.9082,0.01265,0.00772,0.1428,0.9757,2021,0,stable_restoration,rising,regimeC_v0_CLCD+NDVI,RS_derived,ESA_WorldCover_2021_v200,Hansen_GFC2024v1.12_treecover2000,Landsat_C2_L2_GEE,CLCD_v01_zenodo.18180184,2026-06-10
SAIH_AFF_r51c48,117.451162,42.134492,1985,stable_forest,0.745,0.7834,0.00624,0.0077,0.1396,0.9678,2023,0,stable_restoration,rising,regimeC_v0_CLCD+NDVI,RS_derived,ESA_WorldCover_2021_v200,Hansen_GFC2024v1.12_treecover2000,Landsat_C2_L2_GEE,CLCD_v01_zenodo.18180184,2026-06-10
SAIH_AFF_r51c49,117.463213,42.134492,0,partial_forest,0.3401,0.3538,0.0026,0.00806,0.1807,0.9351,2023,0,early_restoration,rising,regimeC_v0_CLCD+NDVI,RS_derived,ESA_WorldCover_2021_v200,Hansen_GFC2024v1.12_treecover2000,Landsat_C2_L2_GEE,CLCD_v01_zenodo.18180184,2026-06-10
SAIH_AFF_r51c50,117.475264,42.134492,1985,stable_forest,0.7376,0.7655,0.00132,0.00688,0.1351,0.9806,2019,0,stable_restoration,rising,regimeC_v0_CLCD+NDVI,RS_derived,ESA_WorldCover_2021_v200,Hansen_GFC2024v1.12_treecover2000,Landsat_C2_L2_GEE,CLCD_v01_zenodo.18180184,2026-06-10
SAIH_AFF_r51c51,117.487315,42.134492,1985,stable_forest,0.667,0.6981,0.00314,0.00736,0.1459,0.976,2014,0,stable_restoration,rising,regimeC_v0_CLCD+NDVI,RS_derived,ESA_WorldCover_2021_v200,Hansen_GFC2024v1.12_treecover2000,Landsat_C2_L2_GEE,CLCD_v01_zenodo.18180184,2026-06-10
SAIH_AFF_r51c52,117.499365,42.134492,1985,stable_forest,0.9603,0.9968,0.00267,0.00653,0.1306,0.9787,2007,0,stable_restoration,rising,regimeC_v0_CLCD+NDVI,RS_derived,ESA_WorldCover_2021_v200,Hansen_GFC2024v1.12_treecover2000,Landsat_C2_L2_GEE,CLCD_v01_zenodo.18180184,2026-06-10
SAIH_AFF_r51c53,117.511416,42.134492,1985,stable_forest,0.8247,0.8837,0.0047,0.00603,0.112,0.9842,2008,0,stable_restoration,rising,regimeC_v0_CLCD+NDVI,RS_derived,ESA_WorldCover_2021_v200,Hansen_GFC2024v1.12_treecover2000,Landsat_C2_L2_GEE,CLCD_v01_zenodo.18180184,2026-06-10
SAIH_AFF_r51c54,117.523467,42.134492,1985,stable_forest,0.7241,0.7583,0.00298,0.00612,0.1138,0.9794,2012,0,stable_restoration,rising,regimeC_v0_CLCD+NDVI,RS_derived,ESA_WorldCover_2021_v200,Hansen_GFC2024v1.12_treecover2000,Landsat_C2_L2_GEE,CLCD_v01_zenodo.18180184,2026-06-10
SAIH_AFF_r51c55,117.535518,42.134492,1985,stable_forest,0.7036,0.7327,0.00372,0.0067,0.1273,0.977,0,0,stable_restoration,rising,regimeC_v0_CLCD+NDVI,RS_derived,ESA_WorldCover_2021_v200,Hansen_GFC2024v1.12_treecover2000,Landsat_C2_L2_GEE,CLCD_v01_zenodo.18180184,2026-06-10
SAIH_AFF_r51c56,117.547568,42.134492,1991,partial_forest,0.6549,0.6931,0.00712,0.00846,0.1551,0.9711,0,0,stable_restoration,rising,regimeC_v0_CLCD+NDVI,RS_derived,ESA_WorldCover_2021_v200,Hansen_GFC2024v1.12_treecover2000,Landsat_C2_L2_GEE,CLCD_v01_zenodo.18180184,2026-06-10
SAIH_AFF_r51c57,117.559619,42.134492,2008,afforested,0.7542,0.7918,0.01858,0.01049,0.1945,0.9855,2022,0,stable_restoration,rising,regimeC_v0_CLCD+NDVI,RS_derived,ESA_WorldCover_2021_v200,Hansen_GFC2024v1.12_treecover2000,Landsat_C2_L2_GEE,CLCD_v01_zenodo.18180184,2026-06-10
SAIH_AFF_r51c58,117.57167,42.134492,0,partial_forest,0.4156,0.4379,0.01905,0.01274,0.2531,0.9465,2022,0,early_restoration,rising,regimeC_v0_CLCD+NDVI,RS_derived,ESA_WorldCover_2021_v200,Hansen_GFC2024v1.12_treecover2000,Landsat_C2_L2_GEE,CLCD_v01_zenodo.18180184,2026-06-10
SAIH_AFF_r51c59,117.583721,42.134492,0,non_forest,0.0488,0.0401,0.00274,0.01162,0.216,0.9497,2024,0,degraded,rising,regimeC_v0_CLCD+NDVI,RS_derived,ESA_WorldCover_2021_v200,Hansen_GFC2024v1.12_treecover2000,Landsat_C2_L2_GEE,CLCD_v01_zenodo.18180184,2026-06-10
SAIH_AFF_r51c60,117.595772,42.134492,0,partial_forest,0.4021,0.422,0.01683,0.01305,0.2526,0.9584,0,0,early_restoration,rising,regimeC_v0_CLCD+NDVI,RS_derived,ESA_WorldCover_2021_v200,Hansen_GFC2024v1.12_treecover2000,Landsat_C2_L2_GEE,CLCD_v01_zenodo.18180184,2026-06-10
SAIH_AFF_r51c61,117.607822,42.134492,0,partial_forest,0.4913,0.5121,0.01209,0.01247,0.2293,0.9844,0,0,early_restoration,rising,regimeC_v0_CLCD+NDVI,RS_derived,ESA_WorldCover_2021_v200,Hansen_GFC2024v1.12_treecover2000,Landsat_C2_L2_GEE,CLCD_v01_zenodo.18180184,2026-06-10
SAIH_AFF_r51c62,117.619873,42.134492,0,partial_forest,0.4345,0.4508,0.00229,0.00708,0.1242,0.9876,0,0,early_restoration,rising,regimeC_v0_CLCD+NDVI,RS_derived,ESA_WorldCover_2021_v200,Hansen_GFC2024v1.12_treecover2000,Landsat_C2_L2_GEE,CLCD_v01_zenodo.18180184,2026-06-10
SAIH_AFF_r51c63,117.631924,42.134492,0,partial_forest,0.3517,0.366,0.00356,0.00739,0.1307,0.9778,2002,0,early_restoration,rising,regimeC_v0_CLCD+NDVI,RS_derived,ESA_WorldCover_2021_v200,Hansen_GFC2024v1.12_treecover2000,Landsat_C2_L2_GEE,CLCD_v01_zenodo.18180184,2026-06-10
SAIH_AFF_r51c64,117.643975,42.134492,0,partial_forest,0.4523,0.4707,0.00887,0.00658,0.1078,0.9847,2022,1,early_restoration,rising,regimeC_v0_CLCD+NDVI,RS_derived,ESA_WorldCover_2021_v200,Hansen_GFC2024v1.12_treecover2000,Landsat_C2_L2_GEE,CLCD_v01_zenodo.18180184,2026-06-10
SAIH_AFF_r52c14,117.041436,42.125453,0,non_forest,0.1663,0.1888,0.00854,0.00948,0.1845,0.9591,0,0,degraded,rising,regimeC_v0_CLCD+NDVI,RS_derived,ESA_WorldCover_2021_v200,Hansen_GFC2024v1.12_treecover2000,Landsat_C2_L2_GEE,CLCD_v01_zenodo.18180184,2026-06-10
SAIH_AFF_r52c21,117.125792,42.125453,0,partial_forest,0.3561,0.3748,0.00108,0.00571,0.1165,0.9674,2005,0,early_restoration,rising,regimeC_v0_CLCD+NDVI,RS_derived,ESA_WorldCover_2021_v200,Hansen_GFC2024v1.12_treecover2000,Landsat_C2_L2_GEE,CLCD_v01_zenodo.18180184,2026-06-10
SAIH_AFF_r52c22,117.137842,42.125453,1985,stable_forest,0.9028,0.9442,0.00167,0.00383,0.0889,0.9649,2011,0,stable_restoration,rising,regimeC_v0_CLCD+NDVI,RS_derived,ESA_WorldCover_2021_v200,Hansen_GFC2024v1.12_treecover2000,Landsat_C2_L2_GEE,CLCD_v01_zenodo.18180184,2026-06-10
SAIH_AFF_r52c23,117.149893,42.125453,1985,stable_forest,0.9054,0.9413,0.00343,0.00492,0.1122,0.9846,2011,0,stable_restoration,rising,regimeC_v0_CLCD+NDVI,RS_derived,ESA_WorldCover_2021_v200,Hansen_GFC2024v1.12_treecover2000,Landsat_C2_L2_GEE,CLCD_v01_zenodo.18180184,2026-06-10
SAIH_AFF_r52c24,117.161944,42.125453,1985,stable_forest,0.8009,0.8389,0.00479,0.00438,0.1084,0.9794,0,0,stable_restoration,rising,regimeC_v0_CLCD+NDVI,RS_derived,ESA_WorldCover_2021_v200,Hansen_GFC2024v1.12_treecover2000,Landsat_C2_L2_GEE,CLCD_v01_zenodo.18180184,2026-06-10
SAIH_AFF_r52c25,117.173995,42.125453,1985,stable_forest,0.7905,0.8227,0.00471,0.00498,0.1012,0.9517,0,0,stable_restoration,rising,regimeC_v0_CLCD+NDVI,RS_derived,ESA_WorldCover_2021_v200,Hansen_GFC2024v1.12_treecover2000,Landsat_C2_L2_GEE,CLCD_v01_zenodo.18180184,2026-06-10
SAIH_AFF_r52c26,117.186045,42.125453,1985,stable_forest,0.9304,0.9653,0.00185,0.00471,0.09,0.9731,0,0,stable_restoration,rising,regimeC_v0_CLCD+NDVI,RS_derived,ESA_WorldCover_2021_v200,Hansen_GFC2024v1.12_treecover2000,Landsat_C2_L2_GEE,CLCD_v01_zenodo.18180184,2026-06-10
SAIH_AFF_r52c27,117.198096,42.125453,1985,stable_forest,0.9752,1.0128,0.00172,0.00382,0.072,0.9816,0,0,stable_restoration,rising,regimeC_v0_CLCD+NDVI,RS_derived,ESA_WorldCover_2021_v200,Hansen_GFC2024v1.12_treecover2000,Landsat_C2_L2_GEE,CLCD_v01_zenodo.18180184,2026-06-10
SAIH_AFF_r52c28,117.210147,42.125453,1985,stable_forest,0.9221,0.9567,0.003,0.00471,0.0909,0.988,2023,0,stable_restoration,rising,regimeC_v0_CLCD+NDVI,RS_derived,ESA_WorldCover_2021_v200,Hansen_GFC2024v1.12_treecover2000,Landsat_C2_L2_GEE,CLCD_v01_zenodo.18180184,2026-06-10
SAIH_AFF_r52c29,117.222198,42.125453,1985,stable_forest,1.0,1.0374,0.0004,0.00574,0.1219,0.9869,0,0,stable_restoration,rising,regimeC_v0_CLCD+NDVI,RS_derived,ESA_WorldCover_2021_v200,Hansen_GFC2024v1.12_treecover2000,Landsat_C2_L2_GEE,CLCD_v01_zenodo.18180184,2026-06-10
SAIH_AFF_r52c30,117.234248,42.125453,1985,stable_forest,0.9968,1.0346,0.00084,0.00687,0.1586,0.9927,0,0,stable_restoration,rising,regimeC_v0_CLCD+NDVI,RS_derived,ESA_WorldCover_2021_v200,Hansen_GFC2024v1.12_treecover2000,Landsat_C2_L2_GEE,CLCD_v01_zenodo.18180184,2026-06-10
SAIH_AFF_r52c31,117.246299,42.125453,1985,stable_forest,1.0,1.0374,0.00067,0.00593,0.1232,0.9888,0,0,stable_restoration,rising,regimeC_v0_CLCD+NDVI,RS_derived,ESA_WorldCover_2021_v200,Hansen_GFC2024v1.12_treecover2000,Landsat_C2_L2_GEE,CLCD_v01_zenodo.18180184,2026-06-10
SAIH_AFF_r52c32,117.25835,42.125453,1985,stable_forest,1.0,1.0374,0.00124,0.00735,0.1613,0.9852,2019,0,stable_restoration,rising,regimeC_v0_CLCD+NDVI,RS_derived,ESA_WorldCover_2021_v200,Hansen_GFC2024v1.12_treecover2000,Landsat_C2_L2_GEE,CLCD_v01_zenodo.18180184,2026-06-10
SAIH_AFF_r52c33,117.270401,42.125453,1985,stable_forest,0.9185,0.9556,0.00319,0.00537,0.1166,0.9909,0,0,stable_restoration,rising,regimeC_v0_CLCD+NDVI,RS_derived,ESA_WorldCover_2021_v200,Hansen_GFC2024v1.12_treecover2000,Landsat_C2_L2_GEE,CLCD_v01_zenodo.18180184,2026-06-10
SAIH_AFF_r52c34,117.282452,42.125453,1985,stable_forest,0.8123,0.8514,0.00456,0.00548,0.1076,0.9899,0,0,stable_restoration,rising,regimeC_v0_CLCD+NDVI,RS_derived,ESA_WorldCover_2021_v200,Hansen_GFC2024v1.12_treecover2000,Landsat_C2_L2_GEE,CLCD_v01_zenodo.18180184,2026-06-10
SAIH_AFF_r52c35,117.294502,42.125453,2007,partial_forest,0.6572,0.688,0.00888,0.00734,0.1471,0.982,0,0,stable_restoration,rising,regimeC_v0_CLCD+NDVI,RS_derived,ESA_WorldCover_2021_v200,Hansen_GFC2024v1.12_treecover2000,Landsat_C2_L2_GEE,CLCD_v01_zenodo.18180184,2026-06-10
SAIH_AFF_r52c37,117.318604,42.125453,1985,stable_forest,0.7755,0.8045,0.00499,0.007,0.1415,0.9866,0,0,stable_restoration,rising,regimeC_v0_CLCD+NDVI,RS_derived,ESA_WorldCover_2021_v200,Hansen_GFC2024v1.12_treecover2000,Landsat_C2_L2_GEE,CLCD_v01_zenodo.18180184,2026-06-10
SAIH_AFF_r52c38,117.330655,42.125453,1985,stable_forest,0.9312,0.9671,0.00235,0.00618,0.129,0.9836,2001,0,stable_restoration,rising,regimeC_v0_CLCD+NDVI,RS_derived,ESA_WorldCover_2021_v200,Hansen_GFC2024v1.12_treecover2000,Landsat_C2_L2_GEE,CLCD_v01_zenodo.18180184,2026-06-10
SAIH_AFF_r52c39,117.342705,42.125453,1985,stable_forest,0.9974,1.0351,0.00123,0.00477,0.1119,0.9838,2014,0,stable_restoration,rising,regimeC_v0_CLCD+NDVI,RS_derived,ESA_WorldCover_2021_v200,Hansen_GFC2024v1.12_treecover2000,Landsat_C2_L2_GEE,CLCD_v01_zenodo.18180184,2026-06-10
SAIH_AFF_r52c40,117.354756,42.125453,1985,stable_forest,0.9815,1.0206,0.0027,0.00467,0.1021,0.9857,2024,1,stable_restoration,rising,regimeC_v0_CLCD+NDVI,RS_derived,ESA_WorldCover_2021_v200,Hansen_GFC2024v1.12_treecover2000,Landsat_C2_L2_GEE,CLCD_v01_zenodo.18180184,2026-06-10
SAIH_AFF_r52c41,117.366807,42.125453,1985,stable_forest,0.9884,1.014,0.00065,0.00396,0.0822,0.9838,2024,0,stable_restoration,rising,regimeC_v0_CLCD+NDVI,RS_derived,ESA_WorldCover_2021_v200,Hansen_GFC2024v1.12_treecover2000,Landsat_C2_L2_GEE,CLCD_v01_zenodo.18180184,2026-06-10
SAIH_AFF_r52c42,117.378858,42.125453,1985,stable_forest,0.9983,1.0357,3e-05,0.0047,0.0886,0.9913,0,0,stable_restoration,rising,regimeC_v0_CLCD+NDVI,RS_derived,ESA_WorldCover_2021_v200,Hansen_GFC2024v1.12_treecover2000,Landsat_C2_L2_GEE,CLCD_v01_zenodo.18180184,2026-06-10
SAIH_AFF_r52c43,117.390908,42.125453,1985,stable_forest,0.9939,1.0311,0.00025,0.00435,0.065,0.9864,2018,0,stable_restoration,rising,regimeC_v0_CLCD+NDVI,RS_derived,ESA_WorldCover_2021_v200,Hansen_GFC2024v1.12_treecover2000,Landsat_C2_L2_GEE,CLCD_v01_zenodo.18180184,2026-06-10
SAIH_AFF_r52c44,117.402959,42.125453,1985,stable_forest,0.9945,1.0317,0.00234,0.00632,0.1129,0.975,2012,0,stable_restoration,rising,regimeC_v0_CLCD+NDVI,RS_derived,ESA_WorldCover_2021_v200,Hansen_GFC2024v1.12_treecover2000,Landsat_C2_L2_GEE,CLCD_v01_zenodo.18180184,2026-06-10
SAIH_AFF_r52c45,117.41501,42.125453,1985,stable_forest,0.9259,0.9679,0.01519,0.00948,0.1885,0.9811,0,0,stable_restoration,rising,regimeC_v0_CLCD+NDVI,RS_derived,ESA_WorldCover_2021_v200,Hansen_GFC2024v1.12_treecover2000,Landsat_C2_L2_GEE,CLCD_v01_zenodo.18180184,2026-06-10
SAIH_AFF_r52c46,117.427061,42.125453,1985,stable_forest,0.9528,0.9894,0.00927,0.00836,0.1735,0.9765,0,0,stable_restoration,rising,regimeC_v0_CLCD+NDVI,RS_derived,ESA_WorldCover_2021_v200,Hansen_GFC2024v1.12_treecover2000,Landsat_C2_L2_GEE,CLCD_v01_zenodo.18180184,2026-06-10
SAIH_AFF_r52c47,117.439112,42.125453,1985,stable_forest,0.9698,1.0088,0.0046,0.00936,0.1918,0.9783,2004,0,stable_restoration,rising,regimeC_v0_CLCD+NDVI,RS_derived,ESA_WorldCover_2021_v200,Hansen_GFC2024v1.12_treecover2000,Landsat_C2_L2_GEE,CLCD_v01_zenodo.18180184,2026-06-10
SAIH_AFF_r52c48,117.451162,42.125453,2009,partial_forest,0.8187,0.8572,0.02157,0.00965,0.1922,0.9755,0,0,stable_restoration,rising,regimeC_v0_CLCD+NDVI,RS_derived,ESA_WorldCover_2021_v200,Hansen_GFC2024v1.12_treecover2000,Landsat_C2_L2_GEE,CLCD_v01_zenodo.18180184,2026-06-10
SAIH_AFF_r52c49,117.463213,42.125453,2024,partial_forest,0.4812,0.5379,0.0153,0.01078,0.2228,0.9401,2023,0,early_restoration,rising,regimeC_v0_CLCD+NDVI,RS_derived,ESA_WorldCover_2021_v200,Hansen_GFC2024v1.12_treecover2000,Landsat_C2_L2_GEE,CLCD_v01_zenodo.18180184,2026-06-10
SAIH_AFF_r52c50,117.475264,42.125453,2022,partial_forest,0.5049,0.5333,0.00532,0.00944,0.1886,0.9581,0,0,early_restoration,rising,regimeC_v0_CLCD+NDVI,RS_derived,ESA_WorldCover_2021_v200,Hansen_GFC2024v1.12_treecover2000,Landsat_C2_L2_GEE,CLCD_v01_zenodo.18180184,2026-06-10
SAIH_AFF_r52c51,117.487315,42.125453,1985,stable_forest,0.9564,0.9922,0.00055,0.00568,0.1113,0.9715,2005,0,stable_restoration,rising,regimeC_v0_CLCD+NDVI,RS_derived,ESA_WorldCover_2021_v200,Hansen_GFC2024v1.12_treecover2000,Landsat_C2_L2_GEE,CLCD_v01_zenodo.18180184,2026-06-10
SAIH_AFF_r52c52,117.499365,42.125453,1985,stable_forest,0.9928,1.03,0.0006,0.00803,0.1824,0.9854,2005,0,stable_restoration,rising,regimeC_v0_CLCD+NDVI,RS_derived,ESA_WorldCover_2021_v200,Hansen_GFC2024v1.12_treecover2000,Landsat_C2_L2_GEE,CLCD_v01_zenodo.18180184,2026-06-10
SAIH_AFF_r52c53,117.511416,42.125453,1985,stable_forest,0.9499,0.9883,0.00369,0.00696,0.1353,0.9841,2021,0,stable_restoration,rising,regimeC_v0_CLCD+NDVI,RS_derived,ESA_WorldCover_2021_v200,Hansen_GFC2024v1.12_treecover2000,Landsat_C2_L2_GEE,CLCD_v01_zenodo.18180184,2026-06-10
SAIH_AFF_r52c54,117.523467,42.125453,1990,stable_forest,0.7655,0.8057,0.01027,0.00704,0.1355,0.981,0,0,stable_restoration,rising,regimeC_v0_CLCD+NDVI,RS_derived,ESA_WorldCover_2021_v200,Hansen_GFC2024v1.12_treecover2000,Landsat_C2_L2_GEE,CLCD_v01_zenodo.18180184,2026-06-10
SAIH_AFF_r52c55,117.535518,42.125453,1985,stable_forest,0.8398,0.872,0.00346,0.00717,0.1338,0.9899,2001,0,stable_restoration,rising,regimeC_v0_CLCD+NDVI,RS_derived,ESA_WorldCover_2021_v200,Hansen_GFC2024v1.12_treecover2000,Landsat_C2_L2_GEE,CLCD_v01_zenodo.18180184,2026-06-10
SAIH_AFF_r52c56,117.547568,42.125453,1985,stable_forest,0.7961,0.8303,0.0065,0.00864,0.1583,0.9903,0,0,stable_restoration,rising,regimeC_v0_CLCD+NDVI,RS_derived,ESA_WorldCover_2021_v200,Hansen_GFC2024v1.12_treecover2000,Landsat_C2_L2_GEE,CLCD_v01_zenodo.18180184,2026-06-10
SAIH_AFF_r52c57,117.559619,42.125453,2018,afforested,0.6799,0.7301,0.01943,0.0132,0.2486,0.9797,2022,0,stable_restoration,rising,regimeC_v0_CLCD+NDVI,RS_derived,ESA_WorldCover_2021_v200,Hansen_GFC2024v1.12_treecover2000,Landsat_C2_L2_GEE,CLCD_v01_zenodo.18180184,2026-06-10
SAIH_AFF_r52c58,117.57167,42.125453,2022,afforested,0.5029,0.5396,0.01758,0.01211,0.24,0.9473,2022,0,early_restoration,rising,regimeC_v0_CLCD+NDVI,RS_derived,ESA_WorldCover_2021_v200,Hansen_GFC2024v1.12_treecover2000,Landsat_C2_L2_GEE,CLCD_v01_zenodo.18180184,2026-06-10
SAIH_AFF_r52c59,117.583721,42.125453,0,non_forest,0.2536,0.2975,0.01289,0.01102,0.2128,0.9608,0,0,degraded,rising,regimeC_v0_CLCD+NDVI,RS_derived,ESA_WorldCover_2021_v200,Hansen_GFC2024v1.12_treecover2000,Landsat_C2_L2_GEE,CLCD_v01_zenodo.18180184,2026-06-10
SAIH_AFF_r52c62,117.619873,42.125453,0,non_forest,0.2626,0.2729,0.00471,0.00927,0.1768,0.9723,0,0,degraded,rising,regimeC_v0_CLCD+NDVI,RS_derived,ESA_WorldCover_2021_v200,Hansen_GFC2024v1.12_treecover2000,Landsat_C2_L2_GEE,CLCD_v01_zenodo.18180184,2026-06-10
SAIH_AFF_r52c63,117.631924,42.125453,0,non_forest,0.2011,0.2095,0.00604,0.00944,0.1836,0.9808,0,0,degraded,rising,regimeC_v0_CLCD+NDVI,RS_derived,ESA_WorldCover_2021_v200,Hansen_GFC2024v1.12_treecover2000,Landsat_C2_L2_GEE,CLCD_v01_zenodo.18180184,2026-06-10
SAIH_AFF_r52c64,117.643975,42.125453,0,partial_forest,0.4016,0.4178,0.00951,0.00872,0.1719,0.9779,0,0,early_restoration,rising,regimeC_v0_CLCD+NDVI,RS_derived,ESA_WorldCover_2021_v200,Hansen_GFC2024v1.12_treecover2000,Landsat_C2_L2_GEE,CLCD_v01_zenodo.18180184,2026-06-10
SAIH_AFF_r53c01,116.884776,42.116414,0,partial_forest,0.3187,0.3703,0.00905,0.00917,0.1676,0.9813,2002,0,early_restoration,rising,regimeC_v0_CLCD+NDVI,RS_derived,ESA_WorldCover_2021_v200,Hansen_GFC2024v1.12_treecover2000,Landsat_C2_L2_GEE,CLCD_v01_zenodo.18180184,2026-06-10
SAIH_AFF_r53c16,117.065538,42.116414,0,non_forest,0.2174,0.2575,0.01112,0.00948,0.1815,0.9554,0,0,degraded,rising,regimeC_v0_CLCD+NDVI,RS_derived,ESA_WorldCover_2021_v200,Hansen_GFC2024v1.12_treecover2000,Landsat_C2_L2_GEE,CLCD_v01_zenodo.18180184,2026-06-10
SAIH_AFF_r53c17,117.077588,42.116414,0,non_forest,0.2899,0.3216,0.01314,0.00926,0.1738,0.9648,2014,0,degraded,rising,regimeC_v0_CLCD+NDVI,RS_derived,ESA_WorldCover_2021_v200,Hansen_GFC2024v1.12_treecover2000,Landsat_C2_L2_GEE,CLCD_v01_zenodo.18180184,2026-06-10
SAIH_AFF_r53c18,117.089639,42.116414,0,partial_forest,0.3107,0.3342,0.00828,0.0061,0.1307,0.9505,2014,0,early_restoration,rising,regimeC_v0_CLCD+NDVI,RS_derived,ESA_WorldCover_2021_v200,Hansen_GFC2024v1.12_treecover2000,Landsat_C2_L2_GEE,CLCD_v01_zenodo.18180184,2026-06-10
SAIH_AFF_r53c19,117.10169,42.116414,0,partial_forest,0.4201,0.4595,0.00281,0.00479,0.0975,0.9433,2007,0,early_restoration,rising,regimeC_v0_CLCD+NDVI,RS_derived,ESA_WorldCover_2021_v200,Hansen_GFC2024v1.12_treecover2000,Landsat_C2_L2_GEE,CLCD_v01_zenodo.18180184,2026-06-10
SAIH_AFF_r53c20,117.113741,42.116414,1991,stable_forest,0.6915,0.7267,0.00675,0.00429,0.0953,0.957,2009,0,stable_restoration,rising,regimeC_v0_CLCD+NDVI,RS_derived,ESA_WorldCover_2021_v200,Hansen_GFC2024v1.12_treecover2000,Landsat_C2_L2_GEE,CLCD_v01_zenodo.18180184,2026-06-10
SAIH_AFF_r53c21,117.125792,42.116414,1985,stable_forest,0.8334,0.8709,0.00353,0.00232,0.0576,0.9727,2017,0,stable_restoration,flat,regimeC_v0_CLCD+NDVI,RS_derived,ESA_WorldCover_2021_v200,Hansen_GFC2024v1.12_treecover2000,Landsat_C2_L2_GEE,CLCD_v01_zenodo.18180184,2026-06-10
SAIH_AFF_r53c22,117.137842,42.116414,1985,stable_forest,0.9369,0.9785,0.00344,0.00238,0.0591,0.9735,2014,0,stable_restoration,flat,regimeC_v0_CLCD+NDVI,RS_derived,ESA_WorldCover_2021_v200,Hansen_GFC2024v1.12_treecover2000,Landsat_C2_L2_GEE,CLCD_v01_zenodo.18180184,2026-06-10
SAIH_AFF_r53c23,117.149893,42.116414,1985,stable_forest,0.9298,0.9676,0.00353,0.00491,0.0982,0.9758,0,0,stable_restoration,rising,regimeC_v0_CLCD+NDVI,RS_derived,ESA_WorldCover_2021_v200,Hansen_GFC2024v1.12_treecover2000,Landsat_C2_L2_GEE,CLCD_v01_zenodo.18180184,2026-06-10
SAIH_AFF_r53c24,117.161944,42.116414,1985,stable_forest,0.9074,0.9424,0.0015,0.00548,0.1173,0.9744,2005,0,stable_restoration,rising,regimeC_v0_CLCD+NDVI,RS_derived,ESA_WorldCover_2021_v200,Hansen_GFC2024v1.12_treecover2000,Landsat_C2_L2_GEE,CLCD_v01_zenodo.18180184,2026-06-10
SAIH_AFF_r53c25,117.173995,42.116414,1985,stable_forest,0.9706,1.0071,0.00117,0.00544,0.105,0.9668,0,0,stable_restoration,rising,regimeC_v0_CLCD+NDVI,RS_derived,ESA_WorldCover_2021_v200,Hansen_GFC2024v1.12_treecover2000,Landsat_C2_L2_GEE,CLCD_v01_zenodo.18180184,2026-06-10
SAIH_AFF_r53c26,117.186045,42.116414,1985,stable_forest,0.9469,0.9848,0.00238,0.00464,0.0899,0.9839,0,0,stable_restoration,rising,regimeC_v0_CLCD+NDVI,RS_derived,ESA_WorldCover_2021_v200,Hansen_GFC2024v1.12_treecover2000,Landsat_C2_L2_GEE,CLCD_v01_zenodo.18180184,2026-06-10
SAIH_AFF_r53c27,117.198096,42.116414,1985,stable_forest,0.9518,0.9888,0.0034,0.00574,0.1189,0.974,0,0,stable_restoration,rising,regimeC_v0_CLCD+NDVI,RS_derived,ESA_WorldCover_2021_v200,Hansen_GFC2024v1.12_treecover2000,Landsat_C2_L2_GEE,CLCD_v01_zenodo.18180184,2026-06-10
SAIH_AFF_r53c28,117.210147,42.116414,1985,stable_forest,0.9381,0.9733,0.0018,0.00505,0.0999,0.9837,0,0,stable_restoration,rising,regimeC_v0_CLCD+NDVI,RS_derived,ESA_WorldCover_2021_v200,Hansen_GFC2024v1.12_treecover2000,Landsat_C2_L2_GEE,CLCD_v01_zenodo.18180184,2026-06-10
SAIH_AFF_r53c29,117.222198,42.116414,1985,stable_forest,0.8473,0.8807,0.00497,0.00558,0.1146,0.9844,0,0,stable_restoration,rising,regimeC_v0_CLCD+NDVI,RS_derived,ESA_WorldCover_2021_v200,Hansen_GFC2024v1.12_treecover2000,Landsat_C2_L2_GEE,CLCD_v01_zenodo.18180184,2026-06-10
SAIH_AFF_r53c30,117.234248,42.116414,1985,stable_forest,0.9457,0.9813,0.00258,0.00528,0.1083,0.9816,0,0,stable_restoration,rising,regimeC_v0_CLCD+NDVI,RS_derived,ESA_WorldCover_2021_v200,Hansen_GFC2024v1.12_treecover2000,Landsat_C2_L2_GEE,CLCD_v01_zenodo.18180184,2026-06-10
SAIH_AFF_r53c31,117.246299,42.116414,1985,stable_forest,1.0,1.0374,0.00036,0.00558,0.1075,0.9837,0,0,stable_restoration,rising,regimeC_v0_CLCD+NDVI,RS_derived,ESA_WorldCover_2021_v200,Hansen_GFC2024v1.12_treecover2000,Landsat_C2_L2_GEE,CLCD_v01_zenodo.18180184,2026-06-10
SAIH_AFF_r53c32,117.25835,42.116414,1985,stable_forest,0.8017,0.8332,0.00648,0.004,0.086,0.9829,2019,0,stable_restoration,rising,regimeC_v0_CLCD+NDVI,RS_derived,ESA_WorldCover_2021_v200,Hansen_GFC2024v1.12_treecover2000,Landsat_C2_L2_GEE,CLCD_v01_zenodo.18180184,2026-06-10
SAIH_AFF_r53c33,117.270401,42.116414,1985,stable_forest,0.8159,0.8469,0.00441,0.00063,0.0167,0.9865,2019,0,stable_restoration,flat,regimeC_v0_CLCD+NDVI,RS_derived,ESA_WorldCover_2021_v200,Hansen_GFC2024v1.12_treecover2000,Landsat_C2_L2_GEE,CLCD_v01_zenodo.18180184,2026-06-10
SAIH_AFF_r53c34,117.282452,42.116414,1985,stable_forest,0.9247,0.9613,0.00276,0.0038,0.0681,0.9853,2012,0,stable_restoration,rising,regimeC_v0_CLCD+NDVI,RS_derived,ESA_WorldCover_2021_v200,Hansen_GFC2024v1.12_treecover2000,Landsat_C2_L2_GEE,CLCD_v01_zenodo.18180184,2026-06-10
SAIH_AFF_r53c35,117.294502,42.116414,1985,stable_forest,0.9452,0.9824,0.00355,0.00535,0.1114,0.9824,2011,0,stable_restoration,rising,regimeC_v0_CLCD+NDVI,RS_derived,ESA_WorldCover_2021_v200,Hansen_GFC2024v1.12_treecover2000,Landsat_C2_L2_GEE,CLCD_v01_zenodo.18180184,2026-06-10
SAIH_AFF_r53c36,117.306553,42.116414,0,partial_forest,0.4846,0.5122,0.00556,0.00647,0.1311,0.9672,2001,0,early_restoration,rising,regimeC_v0_CLCD+NDVI,RS_derived,ESA_WorldCover_2021_v200,Hansen_GFC2024v1.12_treecover2000,Landsat_C2_L2_GEE,CLCD_v01_zenodo.18180184,2026-06-10
SAIH_AFF_r53c37,117.318604,42.116414,1992,stable_forest,0.656,0.6798,0.00699,0.00778,0.1515,0.9881,0,0,stable_restoration,rising,regimeC_v0_CLCD+NDVI,RS_derived,ESA_WorldCover_2021_v200,Hansen_GFC2024v1.12_treecover2000,Landsat_C2_L2_GEE,CLCD_v01_zenodo.18180184,2026-06-10
SAIH_AFF_r53c38,117.330655,42.116414,1985,stable_forest,0.7725,0.8011,0.00764,0.00779,0.1489,0.9865,0,0,stable_restoration,rising,regimeC_v0_CLCD+NDVI,RS_derived,ESA_WorldCover_2021_v200,Hansen_GFC2024v1.12_treecover2000,Landsat_C2_L2_GEE,CLCD_v01_zenodo.18180184,2026-06-10
SAIH_AFF_r53c39,117.342705,42.116414,1985,stable_forest,0.8874,0.9207,0.00278,0.00605,0.1167,0.9842,2011,0,stable_restoration,rising,regimeC_v0_CLCD+NDVI,RS_derived,ESA_WorldCover_2021_v200,Hansen_GFC2024v1.12_treecover2000,Landsat_C2_L2_GEE,CLCD_v01_zenodo.18180184,2026-06-10
SAIH_AFF_r53c40,117.354756,42.116414,1985,stable_forest,0.9854,1.0267,0.00282,0.0058,0.1309,0.9813,2023,0,stable_restoration,rising,regimeC_v0_CLCD+NDVI,RS_derived,ESA_WorldCover_2021_v200,Hansen_GFC2024v1.12_treecover2000,Landsat_C2_L2_GEE,CLCD_v01_zenodo.18180184,2026-06-10
SAIH_AFF_r53c41,117.366807,42.116414,1985,stable_forest,0.993,1.0322,0.00475,0.0046,0.1092,0.9847,2024,0,stable_restoration,rising,regimeC_v0_CLCD+NDVI,RS_derived,ESA_WorldCover_2021_v200,Hansen_GFC2024v1.12_treecover2000,Landsat_C2_L2_GEE,CLCD_v01_zenodo.18180184,2026-06-10
SAIH_AFF_r53c42,117.378858,42.116414,1985,stable_forest,1.0,1.0374,0.00027,0.00374,0.0619,0.9879,2024,0,stable_restoration,rising,regimeC_v0_CLCD+NDVI,RS_derived,ESA_WorldCover_2021_v200,Hansen_GFC2024v1.12_treecover2000,Landsat_C2_L2_GEE,CLCD_v01_zenodo.18180184,2026-06-10
SAIH_AFF_r53c43,117.390908,42.116414,1985,stable_forest,0.9848,1.022,0.0011,0.00497,0.0754,0.9904,2019,0,stable_restoration,rising,regimeC_v0_CLCD+NDVI,RS_derived,ESA_WorldCover_2021_v200,Hansen_GFC2024v1.12_treecover2000,Landsat_C2_L2_GEE,CLCD_v01_zenodo.18180184,2026-06-10
SAIH_AFF_r53c44,117.402959,42.116414,1985,stable_forest,0.8831,0.9184,0.00563,0.00484,0.0854,0.9815,2019,1,stable_restoration,rising,regimeC_v0_CLCD+NDVI,RS_derived,ESA_WorldCover_2021_v200,Hansen_GFC2024v1.12_treecover2000,Landsat_C2_L2_GEE,CLCD_v01_zenodo.18180184,2026-06-10
SAIH_AFF_r53c45,117.41501,42.116414,1985,stable_forest,0.8986,0.9342,0.00547,0.00713,0.1385,0.9764,2022,0,stable_restoration,rising,regimeC_v0_CLCD+NDVI,RS_derived,ESA_WorldCover_2021_v200,Hansen_GFC2024v1.12_treecover2000,Landsat_C2_L2_GEE,CLCD_v01_zenodo.18180184,2026-06-10
SAIH_AFF_r53c46,117.427061,42.116414,1985,stable_forest,0.8607,0.8955,0.00525,0.00718,0.1377,0.9894,2022,0,stable_restoration,rising,regimeC_v0_CLCD+NDVI,RS_derived,ESA_WorldCover_2021_v200,Hansen_GFC2024v1.12_treecover2000,Landsat_C2_L2_GEE,CLCD_v01_zenodo.18180184,2026-06-10
SAIH_AFF_r53c47,117.439112,42.116414,1985,stable_forest,0.9482,0.9837,0.00783,0.00868,0.1734,0.971,2007,0,stable_restoration,rising,regimeC_v0_CLCD+NDVI,RS_derived,ESA_WorldCover_2021_v200,Hansen_GFC2024v1.12_treecover2000,Landsat_C2_L2_GEE,CLCD_v01_zenodo.18180184,2026-06-10
SAIH_AFF_r53c48,117.451162,42.116414,1985,stable_forest,0.9291,0.9665,0.01017,0.00825,0.1562,0.9697,2001,0,stable_restoration,rising,regimeC_v0_CLCD+NDVI,RS_derived,ESA_WorldCover_2021_v200,Hansen_GFC2024v1.12_treecover2000,Landsat_C2_L2_GEE,CLCD_v01_zenodo.18180184,2026-06-10
SAIH_AFF_r53c49,117.463213,42.116414,0,partial_forest,0.4386,0.507,0.01475,0.01119,0.2298,0.9468,2023,0,early_restoration,rising,regimeC_v0_CLCD+NDVI,RS_derived,ESA_WorldCover_2021_v200,Hansen_GFC2024v1.12_treecover2000,Landsat_C2_L2_GEE,CLCD_v01_zenodo.18180184,2026-06-10
SAIH_AFF_r53c50,117.475264,42.116414,1991,stable_forest,0.7622,0.812,0.00923,0.00913,0.1781,0.9631,2016,0,stable_restoration,rising,regimeC_v0_CLCD+NDVI,RS_derived,ESA_WorldCover_2021_v200,Hansen_GFC2024v1.12_treecover2000,Landsat_C2_L2_GEE,CLCD_v01_zenodo.18180184,2026-06-10
SAIH_AFF_r53c51,117.487315,42.116414,1985,stable_forest,0.8963,0.9298,0.00312,0.00592,0.1148,0.9879,2014,0,stable_restoration,rising,regimeC_v0_CLCD+NDVI,RS_derived,ESA_WorldCover_2021_v200,Hansen_GFC2024v1.12_treecover2000,Landsat_C2_L2_GEE,CLCD_v01_zenodo.18180184,2026-06-10
SAIH_AFF_r53c52,117.499365,42.116414,1985,stable_forest,0.9129,0.9494,0.00112,0.00506,0.0981,0.9833,2021,0,stable_restoration,rising,regimeC_v0_CLCD+NDVI,RS_derived,ESA_WorldCover_2021_v200,Hansen_GFC2024v1.12_treecover2000,Landsat_C2_L2_GEE,CLCD_v01_zenodo.18180184,2026-06-10
SAIH_AFF_r53c53,117.511416,42.116414,1985,stable_forest,0.8388,0.8709,0.00327,0.00635,0.1127,0.9832,0,0,stable_restoration,rising,regimeC_v0_CLCD+NDVI,RS_derived,ESA_WorldCover_2021_v200,Hansen_GFC2024v1.12_treecover2000,Landsat_C2_L2_GEE,CLCD_v01_zenodo.18180184,2026-06-10
SAIH_AFF_r53c54,117.523467,42.116414,1985,stable_forest,0.8161,0.8491,0.00646,0.00579,0.1124,0.9872,2001,0,stable_restoration,rising,regimeC_v0_CLCD+NDVI,RS_derived,ESA_WorldCover_2021_v200,Hansen_GFC2024v1.12_treecover2000,Landsat_C2_L2_GEE,CLCD_v01_zenodo.18180184,2026-06-10
SAIH_AFF_r53c55,117.535518,42.116414,2002,partial_forest,0.6622,0.7027,0.00806,0.00884,0.1762,0.98,0,0,stable_restoration,rising,regimeC_v0_CLCD+NDVI,RS_derived,ESA_WorldCover_2021_v200,Hansen_GFC2024v1.12_treecover2000,Landsat_C2_L2_GEE,CLCD_v01_zenodo.18180184,2026-06-10
SAIH_AFF_r53c56,117.547568,42.116414,2016,partial_forest,0.6356,0.6678,0.01076,0.00876,0.1698,0.9939,0,0,stable_restoration,rising,regimeC_v0_CLCD+NDVI,RS_derived,ESA_WorldCover_2021_v200,Hansen_GFC2024v1.12_treecover2000,Landsat_C2_L2_GEE,CLCD_v01_zenodo.18180184,2026-06-10
SAIH_AFF_r53c57,117.559619,42.116414,2019,partial_forest,0.5307,0.5527,0.00791,0.00918,0.1709,0.9902,2022,1,early_restoration,rising,regimeC_v0_CLCD+NDVI,RS_derived,ESA_WorldCover_2021_v200,Hansen_GFC2024v1.12_treecover2000,Landsat_C2_L2_GEE,CLCD_v01_zenodo.18180184,2026-06-10
SAIH_AFF_r53c58,117.57167,42.116414,1985,stable_forest,0.8829,0.919,0.00955,0.00991,0.1869,0.9932,2018,0,stable_restoration,rising,regimeC_v0_CLCD+NDVI,RS_derived,ESA_WorldCover_2021_v200,Hansen_GFC2024v1.12_treecover2000,Landsat_C2_L2_GEE,CLCD_v01_zenodo.18180184,2026-06-10
SAIH_AFF_r53c59,117.583721,42.116414,2005,partial_forest,0.9111,0.9619,0.02218,0.01179,0.2305,0.9807,0,0,stable_restoration,rising,regimeC_v0_CLCD+NDVI,RS_derived,ESA_WorldCover_2021_v200,Hansen_GFC2024v1.12_treecover2000,Landsat_C2_L2_GEE,CLCD_v01_zenodo.18180184,2026-06-10
SAIH_AFF_r53c60,117.595772,42.116414,1985,stable_forest,0.9375,0.9729,0.01662,0.01104,0.224,0.9882,2022,0,stable_restoration,rising,regimeC_v0_CLCD+NDVI,RS_derived,ESA_WorldCover_2021_v200,Hansen_GFC2024v1.12_treecover2000,Landsat_C2_L2_GEE,CLCD_v01_zenodo.18180184,2026-06-10
SAIH_AFF_r53c61,117.607822,42.116414,2018,afforested,0.5625,0.5905,0.01232,0.0112,0.2287,0.9526,0,0,early_restoration,rising,regimeC_v0_CLCD+NDVI,RS_derived,ESA_WorldCover_2021_v200,Hansen_GFC2024v1.12_treecover2000,Landsat_C2_L2_GEE,CLCD_v01_zenodo.18180184,2026-06-10
SAIH_AFF_r53c64,117.643975,42.116414,0,non_forest,0.2599,0.3213,0.01119,0.01142,0.2339,0.9405,0,0,degraded,rising,regimeC_v0_CLCD+NDVI,RS_derived,ESA_WorldCover_2021_v200,Hansen_GFC2024v1.12_treecover2000,Landsat_C2_L2_GEE,CLCD_v01_zenodo.18180184,2026-06-10
SAIH_AFF_r54c01,116.884776,42.107375,1985,stable_forest,0.9066,0.9419,0.01079,0.00841,0.1483,0.9839,2021,0,stable_restoration,rising,regimeC_v0_CLCD+NDVI,RS_derived,ESA_WorldCover_2021_v200,Hansen_GFC2024v1.12_treecover2000,Landsat_C2_L2_GEE,CLCD_v01_zenodo.18180184,2026-06-10
SAIH_AFF_r54c02,116.896827,42.107375,0,partial_forest,0.4582,0.4778,0.00866,0.00398,0.0611,0.982,2022,0,early_restoration,rising,regimeC_v0_CLCD+NDVI,RS_derived,ESA_WorldCover_2021_v200,Hansen_GFC2024v1.12_treecover2000,Landsat_C2_L2_GEE,CLCD_v01_zenodo.18180184,2026-06-10
SAIH_AFF_r54c10,116.993233,42.107375,0,non_forest,0.1507,0.1592,0.00879,0.00818,0.1621,0.9729,0,0,degraded,rising,regimeC_v0_CLCD+NDVI,RS_derived,ESA_WorldCover_2021_v200,Hansen_GFC2024v1.12_treecover2000,Landsat_C2_L2_GEE,CLCD_v01_zenodo.18180184,2026-06-10
SAIH_AFF_r54c17,117.077588,42.107375,2021,afforested,0.5229,0.5573,0.02371,0.01013,0.2016,0.9539,0,0,early_restoration,rising,regimeC_v0_CLCD+NDVI,RS_derived,ESA_WorldCover_2021_v200,Hansen_GFC2024v1.12_treecover2000,Landsat_C2_L2_GEE,CLCD_v01_zenodo.18180184,2026-06-10
SAIH_AFF_r54c18,117.089639,42.107375,1991,stable_forest,0.9063,0.9505,0.01614,0.0061,0.1285,0.977,2022,0,stable_restoration,rising,regimeC_v0_CLCD+NDVI,RS_derived,ESA_WorldCover_2021_v200,Hansen_GFC2024v1.12_treecover2000,Landsat_C2_L2_GEE,CLCD_v01_zenodo.18180184,2026-06-10
SAIH_AFF_r54c19,117.10169,42.107375,2010,partial_forest,0.937,0.9802,0.03294,0.00958,0.1906,0.9819,2023,1,stable_restoration,rising,regimeC_v0_CLCD+NDVI,RS_derived,ESA_WorldCover_2021_v200,Hansen_GFC2024v1.12_treecover2000,Landsat_C2_L2_GEE,CLCD_v01_zenodo.18180184,2026-06-10
SAIH_AFF_r54c20,117.113741,42.107375,2000,partial_forest,0.7422,0.7778,0.01243,0.00761,0.1476,0.9689,2001,0,stable_restoration,rising,regimeC_v0_CLCD+NDVI,RS_derived,ESA_WorldCover_2021_v200,Hansen_GFC2024v1.12_treecover2000,Landsat_C2_L2_GEE,CLCD_v01_zenodo.18180184,2026-06-10
SAIH_AFF_r54c21,117.125792,42.107375,1985,stable_forest,0.8652,0.9007,0.00593,0.00704,0.15,0.975,0,0,stable_restoration,rising,regimeC_v0_CLCD+NDVI,RS_derived,ESA_WorldCover_2021_v200,Hansen_GFC2024v1.12_treecover2000,Landsat_C2_L2_GEE,CLCD_v01_zenodo.18180184,2026-06-10
SAIH_AFF_r54c22,117.137842,42.107375,1985,stable_forest,0.9856,1.0243,0.00382,0.00552,0.1139,0.9778,2021,0,stable_restoration,rising,regimeC_v0_CLCD+NDVI,RS_derived,ESA_WorldCover_2021_v200,Hansen_GFC2024v1.12_treecover2000,Landsat_C2_L2_GEE,CLCD_v01_zenodo.18180184,2026-06-10
SAIH_AFF_r54c23,117.149893,42.107375,1985,stable_forest,0.9432,0.979,0.00184,0.00631,0.1233,0.9776,0,0,stable_restoration,rising,regimeC_v0_CLCD+NDVI,RS_derived,ESA_WorldCover_2021_v200,Hansen_GFC2024v1.12_treecover2000,Landsat_C2_L2_GEE,CLCD_v01_zenodo.18180184,2026-06-10
SAIH_AFF_r54c24,117.161944,42.107375,1985,stable_forest,0.9556,0.9933,0.00293,0.00534,0.1063,0.98,0,0,stable_restoration,rising,regimeC_v0_CLCD+NDVI,RS_derived,ESA_WorldCover_2021_v200,Hansen_GFC2024v1.12_treecover2000,Landsat_C2_L2_GEE,CLCD_v01_zenodo.18180184,2026-06-10
SAIH_AFF_r54c25,117.173995,42.107375,1985,stable_forest,0.9984,1.0358,0.00075,0.00514,0.0971,0.9763,0,0,stable_restoration,rising,regimeC_v0_CLCD+NDVI,RS_derived,ESA_WorldCover_2021_v200,Hansen_GFC2024v1.12_treecover2000,Landsat_C2_L2_GEE,CLCD_v01_zenodo.18180184,2026-06-10
SAIH_AFF_r54c26,117.186045,42.107375,1985,stable_forest,1.0,1.0374,0.00057,0.00578,0.1073,0.9834,0,0,stable_restoration,rising,regimeC_v0_CLCD+NDVI,RS_derived,ESA_WorldCover_2021_v200,Hansen_GFC2024v1.12_treecover2000,Landsat_C2_L2_GEE,CLCD_v01_zenodo.18180184,2026-06-10
SAIH_AFF_r54c27,117.198096,42.107375,1985,stable_forest,0.8254,0.8584,0.00417,0.00661,0.1262,0.9754,0,0,stable_restoration,rising,regimeC_v0_CLCD+NDVI,RS_derived,ESA_WorldCover_2021_v200,Hansen_GFC2024v1.12_treecover2000,Landsat_C2_L2_GEE,CLCD_v01_zenodo.18180184,2026-06-10
SAIH_AFF_r54c28,117.210147,42.107375,1985,stable_forest,0.9774,1.0156,0.00372,0.00671,0.134,0.9827,0,0,stable_restoration,rising,regimeC_v0_CLCD+NDVI,RS_derived,ESA_WorldCover_2021_v200,Hansen_GFC2024v1.12_treecover2000,Landsat_C2_L2_GEE,CLCD_v01_zenodo.18180184,2026-06-10
SAIH_AFF_r54c29,117.222198,42.107375,1985,stable_forest,0.9877,1.0249,0.00025,0.00471,0.1005,0.986,0,0,stable_restoration,rising,regimeC_v0_CLCD+NDVI,RS_derived,ESA_WorldCover_2021_v200,Hansen_GFC2024v1.12_treecover2000,Landsat_C2_L2_GEE,CLCD_v01_zenodo.18180184,2026-06-10
SAIH_AFF_r54c30,117.234248,42.107375,1985,stable_forest,0.8678,0.9045,0.00466,0.00521,0.1071,0.9884,0,0,stable_restoration,rising,regimeC_v0_CLCD+NDVI,RS_derived,ESA_WorldCover_2021_v200,Hansen_GFC2024v1.12_treecover2000,Landsat_C2_L2_GEE,CLCD_v01_zenodo.18180184,2026-06-10
SAIH_AFF_r54c31,117.246299,42.107375,1985,stable_forest,0.9505,0.9865,0.00132,0.00697,0.1393,0.9858,0,0,stable_restoration,rising,regimeC_v0_CLCD+NDVI,RS_derived,ESA_WorldCover_2021_v200,Hansen_GFC2024v1.12_treecover2000,Landsat_C2_L2_GEE,CLCD_v01_zenodo.18180184,2026-06-10
SAIH_AFF_r54c32,117.25835,42.107375,1985,stable_forest,0.9849,1.0226,0.00519,0.00668,0.14,0.9816,0,0,stable_restoration,rising,regimeC_v0_CLCD+NDVI,RS_derived,ESA_WorldCover_2021_v200,Hansen_GFC2024v1.12_treecover2000,Landsat_C2_L2_GEE,CLCD_v01_zenodo.18180184,2026-06-10
SAIH_AFF_r54c33,117.270401,42.107375,1985,stable_forest,0.8258,0.8572,0.00203,0.00293,0.0512,0.989,0,0,stable_restoration,flat,regimeC_v0_CLCD+NDVI,RS_derived,ESA_WorldCover_2021_v200,Hansen_GFC2024v1.12_treecover2000,Landsat_C2_L2_GEE,CLCD_v01_zenodo.18180184,2026-06-10
SAIH_AFF_r54c34,117.282452,42.107375,1985,stable_forest,0.7002,0.729,0.00259,0.00256,0.036,0.9888,0,0,stable_restoration,flat,regimeC_v0_CLCD+NDVI,RS_derived,ESA_WorldCover_2021_v200,Hansen_GFC2024v1.12_treecover2000,Landsat_C2_L2_GEE,CLCD_v01_zenodo.18180184,2026-06-10
SAIH_AFF_r54c35,117.294502,42.107375,1991,stable_forest,0.7058,0.7346,0.00376,0.00304,0.0615,0.9912,2001,0,stable_restoration,rising,regimeC_v0_CLCD+NDVI,RS_derived,ESA_WorldCover_2021_v200,Hansen_GFC2024v1.12_treecover2000,Landsat_C2_L2_GEE,CLCD_v01_zenodo.18180184,2026-06-10
SAIH_AFF_r54c36,117.306553,42.107375,1985,stable_forest,0.647,0.6741,0.00614,0.00618,0.117,0.9825,2001,0,stable_restoration,rising,regimeC_v0_CLCD+NDVI,RS_derived,ESA_WorldCover_2021_v200,Hansen_GFC2024v1.12_treecover2000,Landsat_C2_L2_GEE,CLCD_v01_zenodo.18180184,2026-06-10
SAIH_AFF_r54c38,117.330655,42.107375,0,partial_forest,0.4781,0.507,0.00591,0.00769,0.1447,0.9849,2001,0,early_restoration,rising,regimeC_v0_CLCD+NDVI,RS_derived,ESA_WorldCover_2021_v200,Hansen_GFC2024v1.12_treecover2000,Landsat_C2_L2_GEE,CLCD_v01_zenodo.18180184,2026-06-10
SAIH_AFF_r54c39,117.342705,42.107375,1985,stable_forest,0.9101,0.9442,0.00185,0.0048,0.0849,0.9839,2011,0,stable_restoration,rising,regimeC_v0_CLCD+NDVI,RS_derived,ESA_WorldCover_2021_v200,Hansen_GFC2024v1.12_treecover2000,Landsat_C2_L2_GEE,CLCD_v01_zenodo.18180184,2026-06-10
SAIH_AFF_r54c40,117.354756,42.107375,1985,stable_forest,0.9789,1.0155,0.00155,0.00436,0.0792,0.9767,2001,0,stable_restoration,rising,regimeC_v0_CLCD+NDVI,RS_derived,ESA_WorldCover_2021_v200,Hansen_GFC2024v1.12_treecover2000,Landsat_C2_L2_GEE,CLCD_v01_zenodo.18180184,2026-06-10
SAIH_AFF_r54c41,117.366807,42.107375,1985,stable_forest,0.996,1.034,0.00073,0.00322,0.0702,0.9759,2019,1,stable_restoration,rising,regimeC_v0_CLCD+NDVI,RS_derived,ESA_WorldCover_2021_v200,Hansen_GFC2024v1.12_treecover2000,Landsat_C2_L2_GEE,CLCD_v01_zenodo.18180184,2026-06-10
SAIH_AFF_r54c42,117.378858,42.107375,1985,stable_forest,0.9774,1.0237,0.00391,0.00441,0.0995,0.9788,2024,1,stable_restoration,rising,regimeC_v0_CLCD+NDVI,RS_derived,ESA_WorldCover_2021_v200,Hansen_GFC2024v1.12_treecover2000,Landsat_C2_L2_GEE,CLCD_v01_zenodo.18180184,2026-06-10
SAIH_AFF_r54c43,117.390908,42.107375,1985,stable_forest,0.9954,1.0272,0.00052,0.00481,0.1003,0.9835,2024,1,stable_restoration,rising,regimeC_v0_CLCD+NDVI,RS_derived,ESA_WorldCover_2021_v200,Hansen_GFC2024v1.12_treecover2000,Landsat_C2_L2_GEE,CLCD_v01_zenodo.18180184,2026-06-10
SAIH_AFF_r54c44,117.402959,42.107375,1985,stable_forest,0.9336,0.9665,0.00655,0.00781,0.1582,0.9819,0,0,stable_restoration,rising,regimeC_v0_CLCD+NDVI,RS_derived,ESA_WorldCover_2021_v200,Hansen_GFC2024v1.12_treecover2000,Landsat_C2_L2_GEE,CLCD_v01_zenodo.18180184,2026-06-10
SAIH_AFF_r54c45,117.41501,42.107375,2016,afforested,0.6196,0.6493,0.01422,0.00862,0.1726,0.9505,2022,0,early_restoration,rising,regimeC_v0_CLCD+NDVI,RS_derived,ESA_WorldCover_2021_v200,Hansen_GFC2024v1.12_treecover2000,Landsat_C2_L2_GEE,CLCD_v01_zenodo.18180184,2026-06-10
SAIH_AFF_r54c46,117.427061,42.107375,2015,partial_forest,0.597,0.6248,0.00835,0.00762,0.1573,0.9533,0,0,early_restoration,rising,regimeC_v0_CLCD+NDVI,RS_derived,ESA_WorldCover_2021_v200,Hansen_GFC2024v1.12_treecover2000,Landsat_C2_L2_GEE,CLCD_v01_zenodo.18180184,2026-06-10
SAIH_AFF_r54c47,117.439112,42.107375,2019,afforested,0.5173,0.5407,0.01405,0.00854,0.1705,0.9542,2023,0,early_restoration,rising,regimeC_v0_CLCD+NDVI,RS_derived,ESA_WorldCover_2021_v200,Hansen_GFC2024v1.12_treecover2000,Landsat_C2_L2_GEE,CLCD_v01_zenodo.18180184,2026-06-10
SAIH_AFF_r54c48,117.451162,42.107375,1991,stable_forest,0.7701,0.8029,0.00972,0.00867,0.1679,0.9631,2024,0,stable_restoration,rising,regimeC_v0_CLCD+NDVI,RS_derived,ESA_WorldCover_2021_v200,Hansen_GFC2024v1.12_treecover2000,Landsat_C2_L2_GEE,CLCD_v01_zenodo.18180184,2026-06-10
SAIH_AFF_r54c49,117.463213,42.107375,2014,afforested,0.6829,0.6987,0.01736,0.00982,0.1929,0.9518,2022,0,stable_restoration,rising,regimeC_v0_CLCD+NDVI,RS_derived,ESA_WorldCover_2021_v200,Hansen_GFC2024v1.12_treecover2000,Landsat_C2_L2_GEE,CLCD_v01_zenodo.18180184,2026-06-10
SAIH_AFF_r54c50,117.475264,42.107375,2017,afforested,0.6793,0.7122,0.02171,0.01122,0.2311,0.9644,2016,0,stable_restoration,rising,regimeC_v0_CLCD+NDVI,RS_derived,ESA_WorldCover_2021_v200,Hansen_GFC2024v1.12_treecover2000,Landsat_C2_L2_GEE,CLCD_v01_zenodo.18180184,2026-06-10
SAIH_AFF_r54c51,117.487315,42.107375,1985,stable_forest,0.8338,0.8664,0.00402,0.00617,0.1184,0.9819,2016,0,stable_restoration,rising,regimeC_v0_CLCD+NDVI,RS_derived,ESA_WorldCover_2021_v200,Hansen_GFC2024v1.12_treecover2000,Landsat_C2_L2_GEE,CLCD_v01_zenodo.18180184,2026-06-10
SAIH_AFF_r54c52,117.499365,42.107375,1985,stable_forest,0.8385,0.8714,0.00403,0.00585,0.1011,0.9859,2021,0,stable_restoration,rising,regimeC_v0_CLCD+NDVI,RS_derived,ESA_WorldCover_2021_v200,Hansen_GFC2024v1.12_treecover2000,Landsat_C2_L2_GEE,CLCD_v01_zenodo.18180184,2026-06-10
SAIH_AFF_r54c53,117.511416,42.107375,1985,stable_forest,0.8445,0.8789,0.00412,0.008,0.1453,0.9858,2005,0,stable_restoration,rising,regimeC_v0_CLCD+NDVI,RS_derived,ESA_WorldCover_2021_v200,Hansen_GFC2024v1.12_treecover2000,Landsat_C2_L2_GEE,CLCD_v01_zenodo.18180184,2026-06-10
SAIH_AFF_r54c54,117.523467,42.107375,1990,stable_forest,0.618,0.6443,0.00328,0.00926,0.1782,0.9731,0,0,early_restoration,rising,regimeC_v0_CLCD+NDVI,RS_derived,ESA_WorldCover_2021_v200,Hansen_GFC2024v1.12_treecover2000,Landsat_C2_L2_GEE,CLCD_v01_zenodo.18180184,2026-06-10
SAIH_AFF_r54c55,117.535518,42.107375,2015,partial_forest,0.6056,0.6376,0.00654,0.00958,0.1884,0.9854,0,0,early_restoration,rising,regimeC_v0_CLCD+NDVI,RS_derived,ESA_WorldCover_2021_v200,Hansen_GFC2024v1.12_treecover2000,Landsat_C2_L2_GEE,CLCD_v01_zenodo.18180184,2026-06-10
SAIH_AFF_r54c56,117.547568,42.107375,1990,stable_forest,0.7273,0.7559,0.00754,0.00781,0.1462,0.9814,2001,0,stable_restoration,rising,regimeC_v0_CLCD+NDVI,RS_derived,ESA_WorldCover_2021_v200,Hansen_GFC2024v1.12_treecover2000,Landsat_C2_L2_GEE,CLCD_v01_zenodo.18180184,2026-06-10
SAIH_AFF_r54c57,117.559619,42.107375,0,partial_forest,0.471,0.4933,0.00923,0.00985,0.1887,0.9781,2020,0,early_restoration,rising,regimeC_v0_CLCD+NDVI,RS_derived,ESA_WorldCover_2021_v200,Hansen_GFC2024v1.12_treecover2000,Landsat_C2_L2_GEE,CLCD_v01_zenodo.18180184,2026-06-10
SAIH_AFF_r54c58,117.57167,42.107375,0,partial_forest,0.4698,0.4898,0.00274,0.00886,0.1657,0.9878,2001,0,early_restoration,rising,regimeC_v0_CLCD+NDVI,RS_derived,ESA_WorldCover_2021_v200,Hansen_GFC2024v1.12_treecover2000,Landsat_C2_L2_GEE,CLCD_v01_zenodo.18180184,2026-06-10
SAIH_AFF_r54c59,117.583721,42.107375,1990,stable_forest,0.7049,0.7353,0.00692,0.00883,0.1711,0.9833,0,0,stable_restoration,rising,regimeC_v0_CLCD+NDVI,RS_derived,ESA_WorldCover_2021_v200,Hansen_GFC2024v1.12_treecover2000,Landsat_C2_L2_GEE,CLCD_v01_zenodo.18180184,2026-06-10
SAIH_AFF_r54c60,117.595772,42.107375,2015,afforested,0.7158,0.7458,0.02152,0.01088,0.2189,0.9833,2022,0,stable_restoration,rising,regimeC_v0_CLCD+NDVI,RS_derived,ESA_WorldCover_2021_v200,Hansen_GFC2024v1.12_treecover2000,Landsat_C2_L2_GEE,CLCD_v01_zenodo.18180184,2026-06-10
SAIH_AFF_r54c61,117.607822,42.107375,1985,stable_forest,0.9441,0.9813,0.00822,0.00908,0.1837,0.9892,2021,0,stable_restoration,rising,regimeC_v0_CLCD+NDVI,RS_derived,ESA_WorldCover_2021_v200,Hansen_GFC2024v1.12_treecover2000,Landsat_C2_L2_GEE,CLCD_v01_zenodo.18180184,2026-06-10
SAIH_AFF_r54c62,117.619873,42.107375,2015,partial_forest,0.6896,0.717,0.01647,0.01197,0.2343,0.971,0,0,stable_restoration,rising,regimeC_v0_CLCD+NDVI,RS_derived,ESA_WorldCover_2021_v200,Hansen_GFC2024v1.12_treecover2000,Landsat_C2_L2_GEE,CLCD_v01_zenodo.18180184,2026-06-10
SAIH_AFF_r54c63,117.631924,42.107375,0,non_forest,0.1998,0.2049,0.00328,0.0075,0.147,0.9218,0,0,degraded,rising,regimeC_v0_CLCD+NDVI,RS_derived,ESA_WorldCover_2021_v200,Hansen_GFC2024v1.12_treecover2000,Landsat_C2_L2_GEE,CLCD_v01_zenodo.18180184,2026-06-10
SAIH_AFF_r55c00,116.872725,42.098336,2014,partial_forest,0.5914,0.6135,0.00977,0.00772,0.1355,0.9786,0,0,early_restoration,rising,regimeC_v0_CLCD+NDVI,RS_derived,ESA_WorldCover_2021_v200,Hansen_GFC2024v1.12_treecover2000,Landsat_C2_L2_GEE,CLCD_v01_zenodo.18180184,2026-06-10
SAIH_AFF_r55c01,116.884776,42.098336,1985,stable_forest,0.8296,0.8612,0.00942,0.00741,0.125,0.9871,0,0,stable_restoration,rising,regimeC_v0_CLCD+NDVI,RS_derived,ESA_WorldCover_2021_v200,Hansen_GFC2024v1.12_treecover2000,Landsat_C2_L2_GEE,CLCD_v01_zenodo.18180184,2026-06-10
SAIH_AFF_r55c02,116.896827,42.098336,0,non_forest,0.2747,0.285,0.00518,0.00318,0.0363,0.979,2022,0,degraded,rising,regimeC_v0_CLCD+NDVI,RS_derived,ESA_WorldCover_2021_v200,Hansen_GFC2024v1.12_treecover2000,Landsat_C2_L2_GEE,CLCD_v01_zenodo.18180184,2026-06-10
SAIH_AFF_r55c14,117.041436,42.098336,0,non_forest,0.1955,0.2054,0.00525,0.0029,0.0645,0.9842,2019,0,degraded,flat,regimeC_v0_CLCD+NDVI,RS_derived,ESA_WorldCover_2021_v200,Hansen_GFC2024v1.12_treecover2000,Landsat_C2_L2_GEE,CLCD_v01_zenodo.18180184,2026-06-10
SAIH_AFF_r55c15,117.053487,42.098336,0,partial_forest,0.339,0.373,0.00438,0.0057,0.1327,0.9403,2019,1,early_restoration,rising,regimeC_v0_CLCD+NDVI,RS_derived,ESA_WorldCover_2021_v200,Hansen_GFC2024v1.12_treecover2000,Landsat_C2_L2_GEE,CLCD_v01_zenodo.18180184,2026-06-10
SAIH_AFF_r55c17,117.077588,42.098336,1999,partial_forest,0.7433,0.777,0.01311,0.00587,0.1233,0.9745,2024,1,stable_restoration,rising,regimeC_v0_CLCD+NDVI,RS_derived,ESA_WorldCover_2021_v200,Hansen_GFC2024v1.12_treecover2000,Landsat_C2_L2_GEE,CLCD_v01_zenodo.18180184,2026-06-10
SAIH_AFF_r55c18,117.089639,42.098336,2015,afforested,0.7765,0.808,0.03722,0.01088,0.2213,0.9691,2024,0,stable_restoration,rising,regimeC_v0_CLCD+NDVI,RS_derived,ESA_WorldCover_2021_v200,Hansen_GFC2024v1.12_treecover2000,Landsat_C2_L2_GEE,CLCD_v01_zenodo.18180184,2026-06-10
SAIH_AFF_r55c19,117.10169,42.098336,2011,afforested,0.9464,0.986,0.04527,0.01402,0.2704,0.9755,2023,0,stable_restoration,rising,regimeC_v0_CLCD+NDVI,RS_derived,ESA_WorldCover_2021_v200,Hansen_GFC2024v1.12_treecover2000,Landsat_C2_L2_GEE,CLCD_v01_zenodo.18180184,2026-06-10
SAIH_AFF_r55c20,117.113741,42.098336,1990,stable_forest,0.8014,0.849,0.0134,0.00885,0.1786,0.9624,2005,0,stable_restoration,rising,regimeC_v0_CLCD+NDVI,RS_derived,ESA_WorldCover_2021_v200,Hansen_GFC2024v1.12_treecover2000,Landsat_C2_L2_GEE,CLCD_v01_zenodo.18180184,2026-06-10
SAIH_AFF_r55c21,117.125792,42.098336,1985,stable_forest,0.8252,0.8623,0.00756,0.00865,0.184,0.9728,0,0,stable_restoration,rising,regimeC_v0_CLCD+NDVI,RS_derived,ESA_WorldCover_2021_v200,Hansen_GFC2024v1.12_treecover2000,Landsat_C2_L2_GEE,CLCD_v01_zenodo.18180184,2026-06-10
SAIH_AFF_r55c22,117.137842,42.098336,1985,stable_forest,0.992,1.0288,0.00179,0.00531,0.112,0.9831,2021,0,stable_restoration,rising,regimeC_v0_CLCD+NDVI,RS_derived,ESA_WorldCover_2021_v200,Hansen_GFC2024v1.12_treecover2000,Landsat_C2_L2_GEE,CLCD_v01_zenodo.18180184,2026-06-10
SAIH_AFF_r55c23,117.149893,42.098336,1985,stable_forest,0.8935,0.9298,0.004,0.00643,0.1325,0.982,0,0,stable_restoration,rising,regimeC_v0_CLCD+NDVI,RS_derived,ESA_WorldCover_2021_v200,Hansen_GFC2024v1.12_treecover2000,Landsat_C2_L2_GEE,CLCD_v01_zenodo.18180184,2026-06-10
SAIH_AFF_r55c24,117.161944,42.098336,1985,stable_forest,0.8958,0.9328,0.00172,0.00601,0.1206,0.9839,0,0,stable_restoration,rising,regimeC_v0_CLCD+NDVI,RS_derived,ESA_WorldCover_2021_v200,Hansen_GFC2024v1.12_treecover2000,Landsat_C2_L2_GEE,CLCD_v01_zenodo.18180184,2026-06-10
SAIH_AFF_r55c25,117.173995,42.098336,1985,stable_forest,0.9989,1.0363,0.00069,0.00527,0.1051,0.9872,0,0,stable_restoration,rising,regimeC_v0_CLCD+NDVI,RS_derived,ESA_WorldCover_2021_v200,Hansen_GFC2024v1.12_treecover2000,Landsat_C2_L2_GEE,CLCD_v01_zenodo.18180184,2026-06-10
SAIH_AFF_r55c26,117.186045,42.098336,1985,stable_forest,0.9942,1.0317,0.00382,0.0068,0.1373,0.9954,0,0,stable_restoration,rising,regimeC_v0_CLCD+NDVI,RS_derived,ESA_WorldCover_2021_v200,Hansen_GFC2024v1.12_treecover2000,Landsat_C2_L2_GEE,CLCD_v01_zenodo.18180184,2026-06-10
SAIH_AFF_r55c27,117.198096,42.098336,1985,stable_forest,0.9216,0.9544,0.0056,0.00697,0.1317,0.9914,0,0,stable_restoration,rising,regimeC_v0_CLCD+NDVI,RS_derived,ESA_WorldCover_2021_v200,Hansen_GFC2024v1.12_treecover2000,Landsat_C2_L2_GEE,CLCD_v01_zenodo.18180184,2026-06-10
SAIH_AFF_r55c28,117.210147,42.098336,1985,stable_forest,0.7202,0.7467,0.00609,0.00763,0.1554,0.9851,0,0,stable_restoration,rising,regimeC_v0_CLCD+NDVI,RS_derived,ESA_WorldCover_2021_v200,Hansen_GFC2024v1.12_treecover2000,Landsat_C2_L2_GEE,CLCD_v01_zenodo.18180184,2026-06-10
SAIH_AFF_r55c29,117.222198,42.098336,1985,stable_forest,0.9422,0.9796,0.00209,0.00579,0.1233,0.985,0,0,stable_restoration,rising,regimeC_v0_CLCD+NDVI,RS_derived,ESA_WorldCover_2021_v200,Hansen_GFC2024v1.12_treecover2000,Landsat_C2_L2_GEE,CLCD_v01_zenodo.18180184,2026-06-10
SAIH_AFF_r55c30,117.234248,42.098336,1985,stable_forest,0.8995,0.9309,0.00139,0.00507,0.1102,0.9819,0,0,stable_restoration,rising,regimeC_v0_CLCD+NDVI,RS_derived,ESA_WorldCover_2021_v200,Hansen_GFC2024v1.12_treecover2000,Landsat_C2_L2_GEE,CLCD_v01_zenodo.18180184,2026-06-10
SAIH_AFF_r55c31,117.246299,42.098336,1985,stable_forest,0.9459,0.9813,0.00057,0.00555,0.1104,0.985,2005,0,stable_restoration,rising,regimeC_v0_CLCD+NDVI,RS_derived,ESA_WorldCover_2021_v200,Hansen_GFC2024v1.12_treecover2000,Landsat_C2_L2_GEE,CLCD_v01_zenodo.18180184,2026-06-10
SAIH_AFF_r55c32,117.25835,42.098336,1985,stable_forest,0.9727,1.0099,0.00076,0.00593,0.1188,0.9894,2016,0,stable_restoration,rising,regimeC_v0_CLCD+NDVI,RS_derived,ESA_WorldCover_2021_v200,Hansen_GFC2024v1.12_treecover2000,Landsat_C2_L2_GEE,CLCD_v01_zenodo.18180184,2026-06-10
SAIH_AFF_r55c33,117.270401,42.098336,1985,stable_forest,0.9597,0.9962,0.00133,0.00574,0.1175,0.9842,0,0,stable_restoration,rising,regimeC_v0_CLCD+NDVI,RS_derived,ESA_WorldCover_2021_v200,Hansen_GFC2024v1.12_treecover2000,Landsat_C2_L2_GEE,CLCD_v01_zenodo.18180184,2026-06-10
SAIH_AFF_r55c34,117.282452,42.098336,1985,stable_forest,0.7989,0.8309,0.00133,0.0047,0.0803,0.9862,0,0,stable_restoration,rising,regimeC_v0_CLCD+NDVI,RS_derived,ESA_WorldCover_2021_v200,Hansen_GFC2024v1.12_treecover2000,Landsat_C2_L2_GEE,CLCD_v01_zenodo.18180184,2026-06-10
SAIH_AFF_r55c35,117.294502,42.098336,1985,stable_forest,0.6443,0.6701,0.00162,0.0027,0.0535,0.9832,0,0,stable_restoration,flat,regimeC_v0_CLCD+NDVI,RS_derived,ESA_WorldCover_2021_v200,Hansen_GFC2024v1.12_treecover2000,Landsat_C2_L2_GEE,CLCD_v01_zenodo.18180184,2026-06-10
SAIH_AFF_r55c36,117.306553,42.098336,1985,stable_forest,0.667,0.6953,0.00151,0.00343,0.0709,0.9907,0,0,stable_restoration,rising,regimeC_v0_CLCD+NDVI,RS_derived,ESA_WorldCover_2021_v200,Hansen_GFC2024v1.12_treecover2000,Landsat_C2_L2_GEE,CLCD_v01_zenodo.18180184,2026-06-10
SAIH_AFF_r55c37,117.318604,42.098336,0,partial_forest,0.3502,0.3668,0.00426,0.0074,0.15,0.9707,2004,0,early_restoration,rising,regimeC_v0_CLCD+NDVI,RS_derived,ESA_WorldCover_2021_v200,Hansen_GFC2024v1.12_treecover2000,Landsat_C2_L2_GEE,CLCD_v01_zenodo.18180184,2026-06-10
SAIH_AFF_r55c38,117.330655,42.098336,0,partial_forest,0.4865,0.5127,0.00429,0.0069,0.1432,0.977,0,0,early_restoration,rising,regimeC_v0_CLCD+NDVI,RS_derived,ESA_WorldCover_2021_v200,Hansen_GFC2024v1.12_treecover2000,Landsat_C2_L2_GEE,CLCD_v01_zenodo.18180184,2026-06-10
SAIH_AFF_r55c39,117.342705,42.098336,1985,stable_forest,0.867,0.9018,0.00287,0.00524,0.1004,0.9882,0,0,stable_restoration,rising,regimeC_v0_CLCD+NDVI,RS_derived,ESA_WorldCover_2021_v200,Hansen_GFC2024v1.12_treecover2000,Landsat_C2_L2_GEE,CLCD_v01_zenodo.18180184,2026-06-10
SAIH_AFF_r55c40,117.354756,42.098336,1985,stable_forest,0.8886,0.9225,0.00433,0.00602,0.1198,0.9859,0,0,stable_restoration,rising,regimeC_v0_CLCD+NDVI,RS_derived,ESA_WorldCover_2021_v200,Hansen_GFC2024v1.12_treecover2000,Landsat_C2_L2_GEE,CLCD_v01_zenodo.18180184,2026-06-10
SAIH_AFF_r55c41,117.366807,42.098336,1985,stable_forest,0.9917,1.0288,0.00019,0.00604,0.1066,0.9881,2011,0,stable_restoration,rising,regimeC_v0_CLCD+NDVI,RS_derived,ESA_WorldCover_2021_v200,Hansen_GFC2024v1.12_treecover2000,Landsat_C2_L2_GEE,CLCD_v01_zenodo.18180184,2026-06-10
SAIH_AFF_r55c42,117.378858,42.098336,1985,stable_forest,0.9956,1.0334,0.00054,0.00631,0.1171,0.9827,2024,1,stable_restoration,rising,regimeC_v0_CLCD+NDVI,RS_derived,ESA_WorldCover_2021_v200,Hansen_GFC2024v1.12_treecover2000,Landsat_C2_L2_GEE,CLCD_v01_zenodo.18180184,2026-06-10
SAIH_AFF_r55c43,117.390908,42.098336,1985,stable_forest,0.9925,1.0317,0.00425,0.00619,0.1268,0.9784,2024,1,stable_restoration,rising,regimeC_v0_CLCD+NDVI,RS_derived,ESA_WorldCover_2021_v200,Hansen_GFC2024v1.12_treecover2000,Landsat_C2_L2_GEE,CLCD_v01_zenodo.18180184,2026-06-10
SAIH_AFF_r55c44,117.402959,42.098336,1985,stable_forest,0.9806,1.0208,0.00405,0.00538,0.1028,0.9854,2024,1,stable_restoration,rising,regimeC_v0_CLCD+NDVI,RS_derived,ESA_WorldCover_2021_v200,Hansen_GFC2024v1.12_treecover2000,Landsat_C2_L2_GEE,CLCD_v01_zenodo.18180184,2026-06-10
SAIH_AFF_r55c45,117.41501,42.098336,1985,stable_forest,0.9522,0.9908,0.00107,0.00579,0.1093,0.9798,0,0,stable_restoration,rising,regimeC_v0_CLCD+NDVI,RS_derived,ESA_WorldCover_2021_v200,Hansen_GFC2024v1.12_treecover2000,Landsat_C2_L2_GEE,CLCD_v01_zenodo.18180184,2026-06-10
SAIH_AFF_r55c46,117.427061,42.098336,1985,stable_forest,0.9669,1.0054,0.00063,0.00482,0.0962,0.9755,2001,0,stable_restoration,rising,regimeC_v0_CLCD+NDVI,RS_derived,ESA_WorldCover_2021_v200,Hansen_GFC2024v1.12_treecover2000,Landsat_C2_L2_GEE,CLCD_v01_zenodo.18180184,2026-06-10
SAIH_AFF_r55c47,117.439112,42.098336,1985,stable_forest,0.7653,0.8034,0.00624,0.00671,0.1274,0.967,2023,0,stable_restoration,rising,regimeC_v0_CLCD+NDVI,RS_derived,ESA_WorldCover_2021_v200,Hansen_GFC2024v1.12_treecover2000,Landsat_C2_L2_GEE,CLCD_v01_zenodo.18180184,2026-06-10
SAIH_AFF_r55c48,117.451162,42.098336,0,partial_forest,0.4861,0.5156,0.00751,0.00918,0.181,0.951,2001,0,early_restoration,rising,regimeC_v0_CLCD+NDVI,RS_derived,ESA_WorldCover_2021_v200,Hansen_GFC2024v1.12_treecover2000,Landsat_C2_L2_GEE,CLCD_v01_zenodo.18180184,2026-06-10
SAIH_AFF_r55c49,117.463213,42.098336,2012,partial_forest,0.7794,0.8131,0.01692,0.01016,0.1916,0.9688,2008,0,stable_restoration,rising,regimeC_v0_CLCD+NDVI,RS_derived,ESA_WorldCover_2021_v200,Hansen_GFC2024v1.12_treecover2000,Landsat_C2_L2_GEE,CLCD_v01_zenodo.18180184,2026-06-10
SAIH_AFF_r55c50,117.475264,42.098336,2023,partial_forest,0.4975,0.5288,0.01042,0.01033,0.2036,0.9528,2021,0,early_restoration,rising,regimeC_v0_CLCD+NDVI,RS_derived,ESA_WorldCover_2021_v200,Hansen_GFC2024v1.12_treecover2000,Landsat_C2_L2_GEE,CLCD_v01_zenodo.18180184,2026-06-10
SAIH_AFF_r55c51,117.487315,42.098336,1985,stable_forest,0.875,0.9116,0.0062,0.00778,0.1558,0.9786,0,0,stable_restoration,rising,regimeC_v0_CLCD+NDVI,RS_derived,ESA_WorldCover_2021_v200,Hansen_GFC2024v1.12_treecover2000,Landsat_C2_L2_GEE,CLCD_v01_zenodo.18180184,2026-06-10
SAIH_AFF_r55c52,117.499365,42.098336,1985,stable_forest,0.7505,0.784,0.00487,0.00731,0.1382,0.9857,0,0,stable_restoration,rising,regimeC_v0_CLCD+NDVI,RS_derived,ESA_WorldCover_2021_v200,Hansen_GFC2024v1.12_treecover2000,Landsat_C2_L2_GEE,CLCD_v01_zenodo.18180184,2026-06-10
SAIH_AFF_r55c53,117.511416,42.098336,1985,stable_forest,0.83,0.8623,0.00502,0.00828,0.1516,0.9921,0,0,stable_restoration,rising,regimeC_v0_CLCD+NDVI,RS_derived,ESA_WorldCover_2021_v200,Hansen_GFC2024v1.12_treecover2000,Landsat_C2_L2_GEE,CLCD_v01_zenodo.18180184,2026-06-10
SAIH_AFF_r55c54,117.523467,42.098336,2015,partial_forest,0.6134,0.6398,0.00739,0.00914,0.1639,0.9832,0,0,early_restoration,rising,regimeC_v0_CLCD+NDVI,RS_derived,ESA_WorldCover_2021_v200,Hansen_GFC2024v1.12_treecover2000,Landsat_C2_L2_GEE,CLCD_v01_zenodo.18180184,2026-06-10
SAIH_AFF_r55c55,117.535518,42.098336,0,partial_forest,0.4627,0.4823,0.0036,0.00919,0.172,0.98,2007,0,early_restoration,rising,regimeC_v0_CLCD+NDVI,RS_derived,ESA_WorldCover_2021_v200,Hansen_GFC2024v1.12_treecover2000,Landsat_C2_L2_GEE,CLCD_v01_zenodo.18180184,2026-06-10
SAIH_AFF_r55c56,117.547568,42.098336,1985,stable_forest,0.721,0.7519,0.00414,0.00906,0.1768,0.9768,2001,0,stable_restoration,rising,regimeC_v0_CLCD+NDVI,RS_derived,ESA_WorldCover_2021_v200,Hansen_GFC2024v1.12_treecover2000,Landsat_C2_L2_GEE,CLCD_v01_zenodo.18180184,2026-06-10
SAIH_AFF_r55c57,117.559619,42.098336,1999,partial_forest,0.6614,0.689,0.00612,0.00853,0.1601,0.9772,2019,0,stable_restoration,rising,regimeC_v0_CLCD+NDVI,RS_derived,ESA_WorldCover_2021_v200,Hansen_GFC2024v1.12_treecover2000,Landsat_C2_L2_GEE,CLCD_v01_zenodo.18180184,2026-06-10
SAIH_AFF_r55c58,117.57167,42.098336,0,partial_forest,0.3578,0.381,0.00947,0.00898,0.1667,0.9846,2021,1,early_restoration,rising,regimeC_v0_CLCD+NDVI,RS_derived,ESA_WorldCover_2021_v200,Hansen_GFC2024v1.12_treecover2000,Landsat_C2_L2_GEE,CLCD_v01_zenodo.18180184,2026-06-10
SAIH_AFF_r55c59,117.583721,42.098336,0,partial_forest,0.3984,0.4154,0.00933,0.00882,0.1737,0.9814,2021,0,early_restoration,rising,regimeC_v0_CLCD+NDVI,RS_derived,ESA_WorldCover_2021_v200,Hansen_GFC2024v1.12_treecover2000,Landsat_C2_L2_GEE,CLCD_v01_zenodo.18180184,2026-06-10
SAIH_AFF_r55c60,117.595772,42.098336,2022,afforested,0.5263,0.572,0.02375,0.01206,0.2421,0.9683,2021,0,early_restoration,rising,regimeC_v0_CLCD+NDVI,RS_derived,ESA_WorldCover_2021_v200,Hansen_GFC2024v1.12_treecover2000,Landsat_C2_L2_GEE,CLCD_v01_zenodo.18180184,2026-06-10
SAIH_AFF_r55c61,117.607822,42.098336,1998,partial_forest,0.9503,0.9922,0.01949,0.00987,0.1954,0.9805,2024,1,stable_restoration,rising,regimeC_v0_CLCD+NDVI,RS_derived,ESA_WorldCover_2021_v200,Hansen_GFC2024v1.12_treecover2000,Landsat_C2_L2_GEE,CLCD_v01_zenodo.18180184,2026-06-10
SAIH_AFF_r55c62,117.619873,42.098336,1991,stable_forest,0.963,1.0014,0.01303,0.00818,0.1553,0.9927,2021,1,stable_restoration,rising,regimeC_v0_CLCD+NDVI,RS_derived,ESA_WorldCover_2021_v200,Hansen_GFC2024v1.12_treecover2000,Landsat_C2_L2_GEE,CLCD_v01_zenodo.18180184,2026-06-10
SAIH_AFF_r55c63,117.631924,42.098336,1999,partial_forest,0.8652,0.9139,0.01579,0.01107,0.2189,0.9867,0,0,stable_restoration,rising,regimeC_v0_CLCD+NDVI,RS_derived,ESA_WorldCover_2021_v200,Hansen_GFC2024v1.12_treecover2000,Landsat_C2_L2_GEE,CLCD_v01_zenodo.18180184,2026-06-10
SAIH_AFF_r55c64,117.643975,42.098336,0,partial_forest,0.3266,0.342,0.01116,0.00649,0.1293,0.9637,0,0,early_restoration,rising,regimeC_v0_CLCD+NDVI,RS_derived,ESA_WorldCover_2021_v200,Hansen_GFC2024v1.12_treecover2000,Landsat_C2_L2_GEE,CLCD_v01_zenodo.18180184,2026-06-10
SAIH_AFF_r56c00,116.872725,42.089297,0,partial_forest,0.3704,0.3847,0.002,0.00561,0.0946,0.9791,0,0,early_restoration,rising,regimeC_v0_CLCD+NDVI,RS_derived,ESA_WorldCover_2021_v200,Hansen_GFC2024v1.12_treecover2000,Landsat_C2_L2_GEE,CLCD_v01_zenodo.18180184,2026-06-10
SAIH_AFF_r56c01,116.884776,42.089297,2011,partial_forest,0.7167,0.7456,0.01528,0.00783,0.1326,0.9776,0,0,stable_restoration,rising,regimeC_v0_CLCD+NDVI,RS_derived,ESA_WorldCover_2021_v200,Hansen_GFC2024v1.12_treecover2000,Landsat_C2_L2_GEE,CLCD_v01_zenodo.18180184,2026-06-10
SAIH_AFF_r56c02,116.896827,42.089297,2015,partial_forest,0.5797,0.602,0.008,0.0067,0.1066,0.9785,0,0,early_restoration,rising,regimeC_v0_CLCD+NDVI,RS_derived,ESA_WorldCover_2021_v200,Hansen_GFC2024v1.12_treecover2000,Landsat_C2_L2_GEE,CLCD_v01_zenodo.18180184,2026-06-10
SAIH_AFF_r56c10,116.993233,42.089297,0,non_forest,0.1777,0.1851,0.00641,0.00748,0.1361,0.9827,0,0,degraded,rising,regimeC_v0_CLCD+NDVI,RS_derived,ESA_WorldCover_2021_v200,Hansen_GFC2024v1.12_treecover2000,Landsat_C2_L2_GEE,CLCD_v01_zenodo.18180184,2026-06-10
SAIH_AFF_r56c14,117.041436,42.089297,0,partial_forest,0.3377,0.3685,0.0184,0.00647,0.1511,0.9638,2019,0,early_restoration,rising,regimeC_v0_CLCD+NDVI,RS_derived,ESA_WorldCover_2021_v200,Hansen_GFC2024v1.12_treecover2000,Landsat_C2_L2_GEE,CLCD_v01_zenodo.18180184,2026-06-10
SAIH_AFF_r56c15,117.053487,42.089297,1990,stable_forest,0.6601,0.697,0.00121,0.00459,0.083,0.9708,2019,1,stable_restoration,rising,regimeC_v0_CLCD+NDVI,RS_derived,ESA_WorldCover_2021_v200,Hansen_GFC2024v1.12_treecover2000,Landsat_C2_L2_GEE,CLCD_v01_zenodo.18180184,2026-06-10
SAIH_AFF_r56c16,117.065538,42.089297,1985,stable_forest,0.791,0.8309,0.00189,0.00584,0.1281,0.9688,2022,1,stable_restoration,rising,regimeC_v0_CLCD+NDVI,RS_derived,ESA_WorldCover_2021_v200,Hansen_GFC2024v1.12_treecover2000,Landsat_C2_L2_GEE,CLCD_v01_zenodo.18180184,2026-06-10
SAIH_AFF_r56c17,117.077588,42.089297,1985,stable_forest,0.8763,0.9121,0.00092,0.00723,0.1606,0.9628,2024,1,stable_restoration,rising,regimeC_v0_CLCD+NDVI,RS_derived,ESA_WorldCover_2021_v200,Hansen_GFC2024v1.12_treecover2000,Landsat_C2_L2_GEE,CLCD_v01_zenodo.18180184,2026-06-10
SAIH_AFF_r56c18,117.089639,42.089297,1985,stable_forest,0.8616,0.9001,0.01458,0.0087,0.1743,0.9892,2022,0,stable_restoration,rising,regimeC_v0_CLCD+NDVI,RS_derived,ESA_WorldCover_2021_v200,Hansen_GFC2024v1.12_treecover2000,Landsat_C2_L2_GEE,CLCD_v01_zenodo.18180184,2026-06-10
SAIH_AFF_r56c19,117.10169,42.089297,2010,partial_forest,0.9129,0.9544,0.02726,0.01117,0.2245,0.9798,2019,0,stable_restoration,rising,regimeC_v0_CLCD+NDVI,RS_derived,ESA_WorldCover_2021_v200,Hansen_GFC2024v1.12_treecover2000,Landsat_C2_L2_GEE,CLCD_v01_zenodo.18180184,2026-06-10
SAIH_AFF_r56c20,117.113741,42.089297,1985,stable_forest,0.8257,0.8731,0.01242,0.00782,0.1657,0.969,0,0,stable_restoration,rising,regimeC_v0_CLCD+NDVI,RS_derived,ESA_WorldCover_2021_v200,Hansen_GFC2024v1.12_treecover2000,Landsat_C2_L2_GEE,CLCD_v01_zenodo.18180184,2026-06-10
SAIH_AFF_r56c21,117.125792,42.089297,1985,stable_forest,0.973,1.0128,0.00291,0.00881,0.1766,0.9833,0,0,stable_restoration,rising,regimeC_v0_CLCD+NDVI,RS_derived,ESA_WorldCover_2021_v200,Hansen_GFC2024v1.12_treecover2000,Landsat_C2_L2_GEE,CLCD_v01_zenodo.18180184,2026-06-10
SAIH_AFF_r56c22,117.137842,42.089297,1985,stable_forest,0.9326,0.9751,0.00386,0.00687,0.1445,0.9766,0,0,stable_restoration,rising,regimeC_v0_CLCD+NDVI,RS_derived,ESA_WorldCover_2021_v200,Hansen_GFC2024v1.12_treecover2000,Landsat_C2_L2_GEE,CLCD_v01_zenodo.18180184,2026-06-10
SAIH_AFF_r56c23,117.149893,42.089297,1985,stable_forest,0.7421,0.7742,0.00364,0.00658,0.1409,0.9676,0,0,stable_restoration,rising,regimeC_v0_CLCD+NDVI,RS_derived,ESA_WorldCover_2021_v200,Hansen_GFC2024v1.12_treecover2000,Landsat_C2_L2_GEE,CLCD_v01_zenodo.18180184,2026-06-10
SAIH_AFF_r56c24,117.161944,42.089297,1985,stable_forest,0.9147,0.9551,0.00657,0.00699,0.1384,0.9831,0,0,stable_restoration,rising,regimeC_v0_CLCD+NDVI,RS_derived,ESA_WorldCover_2021_v200,Hansen_GFC2024v1.12_treecover2000,Landsat_C2_L2_GEE,CLCD_v01_zenodo.18180184,2026-06-10
SAIH_AFF_r56c25,117.173995,42.089297,1985,stable_forest,0.9995,1.0369,0.00153,0.00692,0.1428,0.9938,0,0,stable_restoration,rising,regimeC_v0_CLCD+NDVI,RS_derived,ESA_WorldCover_2021_v200,Hansen_GFC2024v1.12_treecover2000,Landsat_C2_L2_GEE,CLCD_v01_zenodo.18180184,2026-06-10
SAIH_AFF_r56c26,117.186045,42.089297,1985,stable_forest,0.9584,0.9951,0.00539,0.00588,0.1292,0.9886,0,0,stable_restoration,rising,regimeC_v0_CLCD+NDVI,RS_derived,ESA_WorldCover_2021_v200,Hansen_GFC2024v1.12_treecover2000,Landsat_C2_L2_GEE,CLCD_v01_zenodo.18180184,2026-06-10
SAIH_AFF_r56c27,117.198096,42.089297,1985,stable_forest,0.9345,0.9705,0.00517,0.00691,0.1472,0.9834,0,0,stable_restoration,rising,regimeC_v0_CLCD+NDVI,RS_derived,ESA_WorldCover_2021_v200,Hansen_GFC2024v1.12_treecover2000,Landsat_C2_L2_GEE,CLCD_v01_zenodo.18180184,2026-06-10
SAIH_AFF_r56c28,117.210147,42.089297,1985,stable_forest,0.6977,0.7353,0.00848,0.00665,0.1481,0.9737,0,0,stable_restoration,rising,regimeC_v0_CLCD+NDVI,RS_derived,ESA_WorldCover_2021_v200,Hansen_GFC2024v1.12_treecover2000,Landsat_C2_L2_GEE,CLCD_v01_zenodo.18180184,2026-06-10
SAIH_AFF_r56c29,117.222198,42.089297,1985,stable_forest,0.7588,0.7948,0.00671,0.00585,0.1306,0.9894,0,0,stable_restoration,rising,regimeC_v0_CLCD+NDVI,RS_derived,ESA_WorldCover_2021_v200,Hansen_GFC2024v1.12_treecover2000,Landsat_C2_L2_GEE,CLCD_v01_zenodo.18180184,2026-06-10
SAIH_AFF_r56c30,117.234248,42.089297,1985,stable_forest,0.9556,0.9915,0.00115,0.00449,0.0934,0.984,0,0,stable_restoration,rising,regimeC_v0_CLCD+NDVI,RS_derived,ESA_WorldCover_2021_v200,Hansen_GFC2024v1.12_treecover2000,Landsat_C2_L2_GEE,CLCD_v01_zenodo.18180184,2026-06-10
SAIH_AFF_r56c31,117.246299,42.089297,1985,stable_forest,0.7062,0.7336,0.00233,0.00316,0.0684,0.9706,0,0,stable_restoration,rising,regimeC_v0_CLCD+NDVI,RS_derived,ESA_WorldCover_2021_v200,Hansen_GFC2024v1.12_treecover2000,Landsat_C2_L2_GEE,CLCD_v01_zenodo.18180184,2026-06-10
SAIH_AFF_r56c32,117.25835,42.089297,1985,stable_forest,0.8983,0.9321,0.00092,0.00479,0.0972,0.9837,0,0,stable_restoration,rising,regimeC_v0_CLCD+NDVI,RS_derived,ESA_WorldCover_2021_v200,Hansen_GFC2024v1.12_treecover2000,Landsat_C2_L2_GEE,CLCD_v01_zenodo.18180184,2026-06-10
SAIH_AFF_r56c33,117.270401,42.089297,1985,stable_forest,0.8997,0.9385,0.00216,0.00566,0.1135,0.9882,2001,0,stable_restoration,rising,regimeC_v0_CLCD+NDVI,RS_derived,ESA_WorldCover_2021_v200,Hansen_GFC2024v1.12_treecover2000,Landsat_C2_L2_GEE,CLCD_v01_zenodo.18180184,2026-06-10
SAIH_AFF_r56c34,117.282452,42.089297,1985,stable_forest,0.7217,0.7524,0.00473,0.00503,0.094,0.9887,0,0,stable_restoration,rising,regimeC_v0_CLCD+NDVI,RS_derived,ESA_WorldCover_2021_v200,Hansen_GFC2024v1.12_treecover2000,Landsat_C2_L2_GEE,CLCD_v01_zenodo.18180184,2026-06-10
SAIH_AFF_r56c35,117.294502,42.089297,1985,stable_forest,0.7525,0.7812,0.00146,0.00395,0.0803,0.9893,0,0,stable_restoration,rising,regimeC_v0_CLCD+NDVI,RS_derived,ESA_WorldCover_2021_v200,Hansen_GFC2024v1.12_treecover2000,Landsat_C2_L2_GEE,CLCD_v01_zenodo.18180184,2026-06-10
SAIH_AFF_r56c36,117.306553,42.089297,2002,partial_forest,0.5739,0.598,0.0039,0.00424,0.1002,0.9801,0,0,early_restoration,rising,regimeC_v0_CLCD+NDVI,RS_derived,ESA_WorldCover_2021_v200,Hansen_GFC2024v1.12_treecover2000,Landsat_C2_L2_GEE,CLCD_v01_zenodo.18180184,2026-06-10
SAIH_AFF_r56c37,117.318604,42.089297,2018,partial_forest,0.5564,0.5791,0.01184,0.00693,0.1569,0.9687,0,0,early_restoration,rising,regimeC_v0_CLCD+NDVI,RS_derived,ESA_WorldCover_2021_v200,Hansen_GFC2024v1.12_treecover2000,Landsat_C2_L2_GEE,CLCD_v01_zenodo.18180184,2026-06-10
SAIH_AFF_r56c38,117.330655,42.089297,0,partial_forest,0.3494,0.3674,0.00513,0.00608,0.1465,0.9331,2012,0,early_restoration,rising,regimeC_v0_CLCD+NDVI,RS_derived,ESA_WorldCover_2021_v200,Hansen_GFC2024v1.12_treecover2000,Landsat_C2_L2_GEE,CLCD_v01_zenodo.18180184,2026-06-10
SAIH_AFF_r56c39,117.342705,42.089297,1985,stable_forest,0.7357,0.7697,0.00784,0.00698,0.1462,0.9863,0,0,stable_restoration,rising,regimeC_v0_CLCD+NDVI,RS_derived,ESA_WorldCover_2021_v200,Hansen_GFC2024v1.12_treecover2000,Landsat_C2_L2_GEE,CLCD_v01_zenodo.18180184,2026-06-10
SAIH_AFF_r56c40,117.354756,42.089297,1985,stable_forest,0.9136,0.9511,0.00329,0.0062,0.1251,0.9882,0,0,stable_restoration,rising,regimeC_v0_CLCD+NDVI,RS_derived,ESA_WorldCover_2021_v200,Hansen_GFC2024v1.12_treecover2000,Landsat_C2_L2_GEE,CLCD_v01_zenodo.18180184,2026-06-10
SAIH_AFF_r56c41,117.366807,42.089297,1985,stable_forest,0.9244,0.9613,0.00156,0.00627,0.1124,0.9835,2004,0,stable_restoration,rising,regimeC_v0_CLCD+NDVI,RS_derived,ESA_WorldCover_2021_v200,Hansen_GFC2024v1.12_treecover2000,Landsat_C2_L2_GEE,CLCD_v01_zenodo.18180184,2026-06-10
SAIH_AFF_r56c42,117.378858,42.089297,1985,stable_forest,0.9347,0.9717,0.00144,0.00592,0.112,0.9727,2007,0,stable_restoration,rising,regimeC_v0_CLCD+NDVI,RS_derived,ESA_WorldCover_2021_v200,Hansen_GFC2024v1.12_treecover2000,Landsat_C2_L2_GEE,CLCD_v01_zenodo.18180184,2026-06-10
SAIH_AFF_r56c43,117.390908,42.089297,1985,stable_forest,0.9641,1.002,0.00111,0.00613,0.1073,0.9701,2006,0,stable_restoration,rising,regimeC_v0_CLCD+NDVI,RS_derived,ESA_WorldCover_2021_v200,Hansen_GFC2024v1.12_treecover2000,Landsat_C2_L2_GEE,CLCD_v01_zenodo.18180184,2026-06-10
SAIH_AFF_r56c44,117.402959,42.089297,1985,stable_forest,0.9416,0.9813,0.00541,0.00727,0.1382,0.975,2024,1,stable_restoration,rising,regimeC_v0_CLCD+NDVI,RS_derived,ESA_WorldCover_2021_v200,Hansen_GFC2024v1.12_treecover2000,Landsat_C2_L2_GEE,CLCD_v01_zenodo.18180184,2026-06-10
SAIH_AFF_r56c45,117.41501,42.089297,2017,partial_forest,0.5816,0.623,0.00786,0.00779,0.1542,0.9488,2020,0,early_restoration,rising,regimeC_v0_CLCD+NDVI,RS_derived,ESA_WorldCover_2021_v200,Hansen_GFC2024v1.12_treecover2000,Landsat_C2_L2_GEE,CLCD_v01_zenodo.18180184,2026-06-10
SAIH_AFF_r56c46,117.427061,42.089297,1985,stable_forest,0.8336,0.8664,0.00167,0.00637,0.1288,0.9702,2021,1,stable_restoration,rising,regimeC_v0_CLCD+NDVI,RS_derived,ESA_WorldCover_2021_v200,Hansen_GFC2024v1.12_treecover2000,Landsat_C2_L2_GEE,CLCD_v01_zenodo.18180184,2026-06-10
SAIH_AFF_r56c47,117.439112,42.089297,1985,stable_forest,0.7883,0.8211,0.00441,0.00449,0.0832,0.9801,2022,1,stable_restoration,rising,regimeC_v0_CLCD+NDVI,RS_derived,ESA_WorldCover_2021_v200,Hansen_GFC2024v1.12_treecover2000,Landsat_C2_L2_GEE,CLCD_v01_zenodo.18180184,2026-06-10
SAIH_AFF_r56c48,117.451162,42.089297,2017,partial_forest,0.5662,0.5951,0.00684,0.00818,0.1649,0.959,2023,0,early_restoration,rising,regimeC_v0_CLCD+NDVI,RS_derived,ESA_WorldCover_2021_v200,Hansen_GFC2024v1.12_treecover2000,Landsat_C2_L2_GEE,CLCD_v01_zenodo.18180184,2026-06-10
SAIH_AFF_r56c49,117.463213,42.089297,1985,stable_forest,0.7431,0.7805,0.00889,0.00854,0.1611,0.9607,2008,0,stable_restoration,rising,regimeC_v0_CLCD+NDVI,RS_derived,ESA_WorldCover_2021_v200,Hansen_GFC2024v1.12_treecover2000,Landsat_C2_L2_GEE,CLCD_v01_zenodo.18180184,2026-06-10
SAIH_AFF_r56c50,117.475264,42.089297,2017,partial_forest,0.5575,0.6,0.00987,0.0081,0.1516,0.9623,0,0,early_restoration,rising,regimeC_v0_CLCD+NDVI,RS_derived,ESA_WorldCover_2021_v200,Hansen_GFC2024v1.12_treecover2000,Landsat_C2_L2_GEE,CLCD_v01_zenodo.18180184,2026-06-10
SAIH_AFF_r56c51,117.487315,42.089297,2019,afforested,0.5204,0.5539,0.01109,0.00759,0.1487,0.9596,2012,0,early_restoration,rising,regimeC_v0_CLCD+NDVI,RS_derived,ESA_WorldCover_2021_v200,Hansen_GFC2024v1.12_treecover2000,Landsat_C2_L2_GEE,CLCD_v01_zenodo.18180184,2026-06-10
SAIH_AFF_r56c52,117.499365,42.089297,1985,stable_forest,0.8712,0.9064,0.00664,0.00798,0.1445,0.9854,0,0,stable_restoration,rising,regimeC_v0_CLCD+NDVI,RS_derived,ESA_WorldCover_2021_v200,Hansen_GFC2024v1.12_treecover2000,Landsat_C2_L2_GEE,CLCD_v01_zenodo.18180184,2026-06-10
SAIH_AFF_r56c53,117.511416,42.089297,2018,afforested,0.5493,0.5722,0.01185,0.00942,0.1724,0.9798,0,0,early_restoration,rising,regimeC_v0_CLCD+NDVI,RS_derived,ESA_WorldCover_2021_v200,Hansen_GFC2024v1.12_treecover2000,Landsat_C2_L2_GEE,CLCD_v01_zenodo.18180184,2026-06-10
SAIH_AFF_r56c54,117.523467,42.089297,0,partial_forest,0.4346,0.4526,0.00822,0.00957,0.1779,0.9595,2001,0,early_restoration,rising,regimeC_v0_CLCD+NDVI,RS_derived,ESA_WorldCover_2021_v200,Hansen_GFC2024v1.12_treecover2000,Landsat_C2_L2_GEE,CLCD_v01_zenodo.18180184,2026-06-10
SAIH_AFF_r56c55,117.535518,42.089297,2005,partial_forest,0.6639,0.7027,0.01096,0.01014,0.1851,0.9596,0,0,stable_restoration,rising,regimeC_v0_CLCD+NDVI,RS_derived,ESA_WorldCover_2021_v200,Hansen_GFC2024v1.12_treecover2000,Landsat_C2_L2_GEE,CLCD_v01_zenodo.18180184,2026-06-10
SAIH_AFF_r56c56,117.547568,42.089297,1990,stable_forest,0.8642,0.9046,0.00692,0.01076,0.1955,0.9813,2024,0,stable_restoration,rising,regimeC_v0_CLCD+NDVI,RS_derived,ESA_WorldCover_2021_v200,Hansen_GFC2024v1.12_treecover2000,Landsat_C2_L2_GEE,CLCD_v01_zenodo.18180184,2026-06-10
SAIH_AFF_r56c57,117.559619,42.089297,1998,partial_forest,0.7349,0.7616,0.00826,0.00919,0.1682,0.9829,2019,1,stable_restoration,rising,regimeC_v0_CLCD+NDVI,RS_derived,ESA_WorldCover_2021_v200,Hansen_GFC2024v1.12_treecover2000,Landsat_C2_L2_GEE,CLCD_v01_zenodo.18180184,2026-06-10
SAIH_AFF_r56c58,117.57167,42.089297,0,partial_forest,0.4571,0.4778,0.00658,0.00937,0.1827,0.9706,2024,0,early_restoration,rising,regimeC_v0_CLCD+NDVI,RS_derived,ESA_WorldCover_2021_v200,Hansen_GFC2024v1.12_treecover2000,Landsat_C2_L2_GEE,CLCD_v01_zenodo.18180184,2026-06-10
SAIH_AFF_r56c59,117.583721,42.089297,0,non_forest,0.1927,0.2026,0.00917,0.01145,0.2206,0.9354,0,0,degraded,rising,regimeC_v0_CLCD+NDVI,RS_derived,ESA_WorldCover_2021_v200,Hansen_GFC2024v1.12_treecover2000,Landsat_C2_L2_GEE,CLCD_v01_zenodo.18180184,2026-06-10
SAIH_AFF_r56c60,117.595772,42.089297,2015,afforested,0.6521,0.6942,0.01903,0.01231,0.2366,0.9681,2009,0,stable_restoration,rising,regimeC_v0_CLCD+NDVI,RS_derived,ESA_WorldCover_2021_v200,Hansen_GFC2024v1.12_treecover2000,Landsat_C2_L2_GEE,CLCD_v01_zenodo.18180184,2026-06-10
SAIH_AFF_r56c61,117.607822,42.089297,2015,afforested,0.7637,0.808,0.02303,0.01034,0.2126,0.9772,2021,0,stable_restoration,rising,regimeC_v0_CLCD+NDVI,RS_derived,ESA_WorldCover_2021_v200,Hansen_GFC2024v1.12_treecover2000,Landsat_C2_L2_GEE,CLCD_v01_zenodo.18180184,2026-06-10
SAIH_AFF_r56c62,117.619873,42.089297,2015,afforested,0.6989,0.7296,0.01925,0.00953,0.1905,0.9659,2024,1,stable_restoration,rising,regimeC_v0_CLCD+NDVI,RS_derived,ESA_WorldCover_2021_v200,Hansen_GFC2024v1.12_treecover2000,Landsat_C2_L2_GEE,CLCD_v01_zenodo.18180184,2026-06-10
SAIH_AFF_r56c63,117.631924,42.089297,2018,afforested,0.5833,0.6077,0.01739,0.01033,0.2011,0.9602,2015,0,early_restoration,rising,regimeC_v0_CLCD+NDVI,RS_derived,ESA_WorldCover_2021_v200,Hansen_GFC2024v1.12_treecover2000,Landsat_C2_L2_GEE,CLCD_v01_zenodo.18180184,2026-06-10
SAIH_AFF_r56c64,117.643975,42.089297,2023,partial_forest,0.483,0.5316,0.01465,0.00902,0.1838,0.9682,2004,0,early_restoration,rising,regimeC_v0_CLCD+NDVI,RS_derived,ESA_WorldCover_2021_v200,Hansen_GFC2024v1.12_treecover2000,Landsat_C2_L2_GEE,CLCD_v01_zenodo.18180184,2026-06-10
SAIH_AFF_r57c01,116.884776,42.080258,2011,partial_forest,0.7468,0.7778,0.01611,0.00736,0.1345,0.9844,0,0,stable_restoration,rising,regimeC_v0_CLCD+NDVI,RS_derived,ESA_WorldCover_2021_v200,Hansen_GFC2024v1.12_treecover2000,Landsat_C2_L2_GEE,CLCD_v01_zenodo.18180184,2026-06-10
SAIH_AFF_r57c02,116.896827,42.080258,1985,stable_forest,0.7382,0.7672,0.0097,0.00603,0.1028,0.9861,2012,0,stable_restoration,rising,regimeC_v0_CLCD+NDVI,RS_derived,ESA_WorldCover_2021_v200,Hansen_GFC2024v1.12_treecover2000,Landsat_C2_L2_GEE,CLCD_v01_zenodo.18180184,2026-06-10
SAIH_AFF_r57c03,116.908878,42.080258,2015,partial_forest,0.6207,0.644,0.00863,0.00517,0.087,0.9819,0,0,early_restoration,rising,regimeC_v0_CLCD+NDVI,RS_derived,ESA_WorldCover_2021_v200,Hansen_GFC2024v1.12_treecover2000,Landsat_C2_L2_GEE,CLCD_v01_zenodo.18180184,2026-06-10
SAIH_AFF_r57c04,116.920928,42.080258,0,partial_forest,0.3451,0.3582,0.00248,0.00413,0.0572,0.9771,0,0,early_restoration,rising,regimeC_v0_CLCD+NDVI,RS_derived,ESA_WorldCover_2021_v200,Hansen_GFC2024v1.12_treecover2000,Landsat_C2_L2_GEE,CLCD_v01_zenodo.18180184,2026-06-10
SAIH_AFF_r57c13,117.029385,42.080258,0,non_forest,0.252,0.2713,0.0132,0.00921,0.2234,0.9361,0,0,degraded,rising,regimeC_v0_CLCD+NDVI,RS_derived,ESA_WorldCover_2021_v200,Hansen_GFC2024v1.12_treecover2000,Landsat_C2_L2_GEE,CLCD_v01_zenodo.18180184,2026-06-10
SAIH_AFF_r57c15,117.053487,42.080258,1985,stable_forest,0.8752,0.9156,0.00157,0.00313,0.0653,0.9681,2009,0,stable_restoration,rising,regimeC_v0_CLCD+NDVI,RS_derived,ESA_WorldCover_2021_v200,Hansen_GFC2024v1.12_treecover2000,Landsat_C2_L2_GEE,CLCD_v01_zenodo.18180184,2026-06-10
SAIH_AFF_r57c16,117.065538,42.080258,1985,stable_forest,0.8321,0.8736,0.00268,0.00649,0.1195,0.9772,2019,1,stable_restoration,rising,regimeC_v0_CLCD+NDVI,RS_derived,ESA_WorldCover_2021_v200,Hansen_GFC2024v1.12_treecover2000,Landsat_C2_L2_GEE,CLCD_v01_zenodo.18180184,2026-06-10
SAIH_AFF_r57c17,117.077588,42.080258,1985,stable_forest,0.666,0.7004,0.00373,0.00792,0.1623,0.957,2024,1,stable_restoration,rising,regimeC_v0_CLCD+NDVI,RS_derived,ESA_WorldCover_2021_v200,Hansen_GFC2024v1.12_treecover2000,Landsat_C2_L2_GEE,CLCD_v01_zenodo.18180184,2026-06-10
SAIH_AFF_r57c18,117.089639,42.080258,1985,stable_forest,0.9797,1.0184,0.0088,0.011,0.2274,0.9755,2007,0,stable_restoration,rising,regimeC_v0_CLCD+NDVI,RS_derived,ESA_WorldCover_2021_v200,Hansen_GFC2024v1.12_treecover2000,Landsat_C2_L2_GEE,CLCD_v01_zenodo.18180184,2026-06-10
SAIH_AFF_r57c19,117.10169,42.080258,1985,stable_forest,0.9346,0.9739,0.00894,0.00648,0.1349,0.9762,0,0,stable_restoration,rising,regimeC_v0_CLCD+NDVI,RS_derived,ESA_WorldCover_2021_v200,Hansen_GFC2024v1.12_treecover2000,Landsat_C2_L2_GEE,CLCD_v01_zenodo.18180184,2026-06-10
SAIH_AFF_r57c20,117.113741,42.080258,1985,stable_forest,0.8656,0.9277,0.01343,0.00861,0.1859,0.9736,0,0,stable_restoration,rising,regimeC_v0_CLCD+NDVI,RS_derived,ESA_WorldCover_2021_v200,Hansen_GFC2024v1.12_treecover2000,Landsat_C2_L2_GEE,CLCD_v01_zenodo.18180184,2026-06-10
SAIH_AFF_r57c21,117.125792,42.080258,1985,stable_forest,0.9367,0.9789,0.0074,0.00852,0.1813,0.9768,2012,0,stable_restoration,rising,regimeC_v0_CLCD+NDVI,RS_derived,ESA_WorldCover_2021_v200,Hansen_GFC2024v1.12_treecover2000,Landsat_C2_L2_GEE,CLCD_v01_zenodo.18180184,2026-06-10
SAIH_AFF_r57c22,117.137842,42.080258,1985,stable_forest,0.9453,0.9895,0.00581,0.00733,0.1528,0.9839,0,0,stable_restoration,rising,regimeC_v0_CLCD+NDVI,RS_derived,ESA_WorldCover_2021_v200,Hansen_GFC2024v1.12_treecover2000,Landsat_C2_L2_GEE,CLCD_v01_zenodo.18180184,2026-06-10
SAIH_AFF_r57c23,117.149893,42.080258,1985,stable_forest,0.6685,0.6959,0.00386,0.00678,0.1515,0.9744,0,0,stable_restoration,rising,regimeC_v0_CLCD+NDVI,RS_derived,ESA_WorldCover_2021_v200,Hansen_GFC2024v1.12_treecover2000,Landsat_C2_L2_GEE,CLCD_v01_zenodo.18180184,2026-06-10
SAIH_AFF_r57c24,117.161944,42.080258,1985,stable_forest,0.945,0.9817,0.00137,0.00631,0.1405,0.9859,0,0,stable_restoration,rising,regimeC_v0_CLCD+NDVI,RS_derived,ESA_WorldCover_2021_v200,Hansen_GFC2024v1.12_treecover2000,Landsat_C2_L2_GEE,CLCD_v01_zenodo.18180184,2026-06-10
SAIH_AFF_r57c25,117.173995,42.080258,1985,stable_forest,0.9752,1.0123,0.00301,0.00613,0.1359,0.9854,2012,0,stable_restoration,rising,regimeC_v0_CLCD+NDVI,RS_derived,ESA_WorldCover_2021_v200,Hansen_GFC2024v1.12_treecover2000,Landsat_C2_L2_GEE,CLCD_v01_zenodo.18180184,2026-06-10
SAIH_AFF_r57c26,117.186045,42.080258,1985,stable_forest,0.9688,1.0085,0.00613,0.00559,0.1279,0.9916,2008,0,stable_restoration,rising,regimeC_v0_CLCD+NDVI,RS_derived,ESA_WorldCover_2021_v200,Hansen_GFC2024v1.12_treecover2000,Landsat_C2_L2_GEE,CLCD_v01_zenodo.18180184,2026-06-10
SAIH_AFF_r57c27,117.198096,42.080258,1985,stable_forest,0.8699,0.9037,0.0047,0.00577,0.1351,0.9904,2001,0,stable_restoration,rising,regimeC_v0_CLCD+NDVI,RS_derived,ESA_WorldCover_2021_v200,Hansen_GFC2024v1.12_treecover2000,Landsat_C2_L2_GEE,CLCD_v01_zenodo.18180184,2026-06-10
SAIH_AFF_r57c28,117.210147,42.080258,1985,stable_forest,0.839,0.8714,0.00362,0.00516,0.1188,0.9837,0,0,stable_restoration,rising,regimeC_v0_CLCD+NDVI,RS_derived,ESA_WorldCover_2021_v200,Hansen_GFC2024v1.12_treecover2000,Landsat_C2_L2_GEE,CLCD_v01_zenodo.18180184,2026-06-10
SAIH_AFF_r57c29,117.222198,42.080258,1985,stable_forest,0.8497,0.8837,0.00358,0.00377,0.0765,0.9901,0,0,stable_restoration,rising,regimeC_v0_CLCD+NDVI,RS_derived,ESA_WorldCover_2021_v200,Hansen_GFC2024v1.12_treecover2000,Landsat_C2_L2_GEE,CLCD_v01_zenodo.18180184,2026-06-10
SAIH_AFF_r57c30,117.234248,42.080258,1990,stable_forest,0.6598,0.6847,0.00223,0.00212,0.038,0.9905,0,0,stable_restoration,flat,regimeC_v0_CLCD+NDVI,RS_derived,ESA_WorldCover_2021_v200,Hansen_GFC2024v1.12_treecover2000,Landsat_C2_L2_GEE,CLCD_v01_zenodo.18180184,2026-06-10
SAIH_AFF_r57c31,117.246299,42.080258,1985,stable_forest,0.6414,0.667,0.00126,0.00198,0.0363,0.9927,0,0,stable_restoration,flat,regimeC_v0_CLCD+NDVI,RS_derived,ESA_WorldCover_2021_v200,Hansen_GFC2024v1.12_treecover2000,Landsat_C2_L2_GEE,CLCD_v01_zenodo.18180184,2026-06-10
SAIH_AFF_r57c32,117.25835,42.080258,1985,stable_forest,0.6727,0.7004,0.00194,0.00334,0.0756,0.9763,2005,0,stable_restoration,rising,regimeC_v0_CLCD+NDVI,RS_derived,ESA_WorldCover_2021_v200,Hansen_GFC2024v1.12_treecover2000,Landsat_C2_L2_GEE,CLCD_v01_zenodo.18180184,2026-06-10
SAIH_AFF_r57c33,117.270401,42.080258,1985,stable_forest,0.8925,0.9277,0.00191,0.00399,0.0828,0.9879,0,0,stable_restoration,rising,regimeC_v0_CLCD+NDVI,RS_derived,ESA_WorldCover_2021_v200,Hansen_GFC2024v1.12_treecover2000,Landsat_C2_L2_GEE,CLCD_v01_zenodo.18180184,2026-06-10
SAIH_AFF_r57c34,117.282452,42.080258,1990,stable_forest,0.6062,0.6341,0.00399,0.005,0.1065,0.987,0,0,early_restoration,rising,regimeC_v0_CLCD+NDVI,RS_derived,ESA_WorldCover_2021_v200,Hansen_GFC2024v1.12_treecover2000,Landsat_C2_L2_GEE,CLCD_v01_zenodo.18180184,2026-06-10
SAIH_AFF_r57c35,117.294502,42.080258,1992,partial_forest,0.5625,0.5853,0.0027,0.00444,0.0995,0.9831,0,0,early_restoration,rising,regimeC_v0_CLCD+NDVI,RS_derived,ESA_WorldCover_2021_v200,Hansen_GFC2024v1.12_treecover2000,Landsat_C2_L2_GEE,CLCD_v01_zenodo.18180184,2026-06-10
SAIH_AFF_r57c36,117.306553,42.080258,2010,partial_forest,0.564,0.5878,0.0055,0.00447,0.1108,0.974,2003,0,early_restoration,rising,regimeC_v0_CLCD+NDVI,RS_derived,ESA_WorldCover_2021_v200,Hansen_GFC2024v1.12_treecover2000,Landsat_C2_L2_GEE,CLCD_v01_zenodo.18180184,2026-06-10
SAIH_AFF_r57c37,117.318604,42.080258,0,partial_forest,0.4147,0.4424,0.00481,0.0058,0.151,0.9509,2001,0,early_restoration,rising,regimeC_v0_CLCD+NDVI,RS_derived,ESA_WorldCover_2021_v200,Hansen_GFC2024v1.12_treecover2000,Landsat_C2_L2_GEE,CLCD_v01_zenodo.18180184,2026-06-10
SAIH_AFF_r57c39,117.342705,42.080258,0,partial_forest,0.4581,0.4842,0.00571,0.00796,0.1683,0.9841,0,0,early_restoration,rising,regimeC_v0_CLCD+NDVI,RS_derived,ESA_WorldCover_2021_v200,Hansen_GFC2024v1.12_treecover2000,Landsat_C2_L2_GEE,CLCD_v01_zenodo.18180184,2026-06-10
SAIH_AFF_r57c40,117.354756,42.080258,1985,stable_forest,0.9068,0.9419,0.00382,0.00618,0.1313,0.9863,0,0,stable_restoration,rising,regimeC_v0_CLCD+NDVI,RS_derived,ESA_WorldCover_2021_v200,Hansen_GFC2024v1.12_treecover2000,Landsat_C2_L2_GEE,CLCD_v01_zenodo.18180184,2026-06-10
SAIH_AFF_r57c41,117.366807,42.080258,1985,stable_forest,0.9066,0.9416,0.00113,0.00577,0.1183,0.9904,2004,0,stable_restoration,rising,regimeC_v0_CLCD+NDVI,RS_derived,ESA_WorldCover_2021_v200,Hansen_GFC2024v1.12_treecover2000,Landsat_C2_L2_GEE,CLCD_v01_zenodo.18180184,2026-06-10
SAIH_AFF_r57c42,117.378858,42.080258,1985,stable_forest,0.7693,0.8001,0.00166,0.00475,0.0878,0.9684,0,0,stable_restoration,rising,regimeC_v0_CLCD+NDVI,RS_derived,ESA_WorldCover_2021_v200,Hansen_GFC2024v1.12_treecover2000,Landsat_C2_L2_GEE,CLCD_v01_zenodo.18180184,2026-06-10
SAIH_AFF_r57c43,117.390908,42.080258,1985,stable_forest,0.8818,0.9154,0.00099,0.00504,0.0834,0.9626,0,0,stable_restoration,rising,regimeC_v0_CLCD+NDVI,RS_derived,ESA_WorldCover_2021_v200,Hansen_GFC2024v1.12_treecover2000,Landsat_C2_L2_GEE,CLCD_v01_zenodo.18180184,2026-06-10
SAIH_AFF_r57c44,117.402959,42.080258,1985,stable_forest,0.8527,0.8954,0.00465,0.00671,0.1255,0.9636,0,0,stable_restoration,rising,regimeC_v0_CLCD+NDVI,RS_derived,ESA_WorldCover_2021_v200,Hansen_GFC2024v1.12_treecover2000,Landsat_C2_L2_GEE,CLCD_v01_zenodo.18180184,2026-06-10
SAIH_AFF_r57c45,117.41501,42.080258,1985,stable_forest,0.7306,0.7769,0.00461,0.00767,0.1542,0.9643,2012,0,stable_restoration,rising,regimeC_v0_CLCD+NDVI,RS_derived,ESA_WorldCover_2021_v200,Hansen_GFC2024v1.12_treecover2000,Landsat_C2_L2_GEE,CLCD_v01_zenodo.18180184,2026-06-10
SAIH_AFF_r57c46,117.427061,42.080258,0,partial_forest,0.4375,0.4552,0.00276,0.00729,0.1474,0.956,2021,0,early_restoration,rising,regimeC_v0_CLCD+NDVI,RS_derived,ESA_WorldCover_2021_v200,Hansen_GFC2024v1.12_treecover2000,Landsat_C2_L2_GEE,CLCD_v01_zenodo.18180184,2026-06-10
SAIH_AFF_r57c47,117.439112,42.080258,1985,stable_forest,0.9187,0.9566,0.00294,0.00563,0.1119,0.9744,2022,1,stable_restoration,rising,regimeC_v0_CLCD+NDVI,RS_derived,ESA_WorldCover_2021_v200,Hansen_GFC2024v1.12_treecover2000,Landsat_C2_L2_GEE,CLCD_v01_zenodo.18180184,2026-06-10
SAIH_AFF_r57c48,117.451162,42.080258,1985,stable_forest,0.9751,1.0118,0.00123,0.00577,0.1186,0.9804,2001,0,stable_restoration,rising,regimeC_v0_CLCD+NDVI,RS_derived,ESA_WorldCover_2021_v200,Hansen_GFC2024v1.12_treecover2000,Landsat_C2_L2_GEE,CLCD_v01_zenodo.18180184,2026-06-10
SAIH_AFF_r57c49,117.463213,42.080258,1985,stable_forest,0.949,0.9845,0.0005,0.00643,0.1335,0.9762,2001,0,stable_restoration,rising,regimeC_v0_CLCD+NDVI,RS_derived,ESA_WorldCover_2021_v200,Hansen_GFC2024v1.12_treecover2000,Landsat_C2_L2_GEE,CLCD_v01_zenodo.18180184,2026-06-10
SAIH_AFF_r57c50,117.475264,42.080258,1985,stable_forest,0.8871,0.9222,0.0071,0.00736,0.1369,0.982,0,0,stable_restoration,rising,regimeC_v0_CLCD+NDVI,RS_derived,ESA_WorldCover_2021_v200,Hansen_GFC2024v1.12_treecover2000,Landsat_C2_L2_GEE,CLCD_v01_zenodo.18180184,2026-06-10
SAIH_AFF_r57c51,117.487315,42.080258,0,non_forest,0.1891,0.2084,0.00652,0.00675,0.1279,0.9443,2021,0,degraded,rising,regimeC_v0_CLCD+NDVI,RS_derived,ESA_WorldCover_2021_v200,Hansen_GFC2024v1.12_treecover2000,Landsat_C2_L2_GEE,CLCD_v01_zenodo.18180184,2026-06-10
SAIH_AFF_r57c52,117.499365,42.080258,2016,afforested,0.636,0.6658,0.01719,0.00884,0.1636,0.9731,0,0,stable_restoration,rising,regimeC_v0_CLCD+NDVI,RS_derived,ESA_WorldCover_2021_v200,Hansen_GFC2024v1.12_treecover2000,Landsat_C2_L2_GEE,CLCD_v01_zenodo.18180184,2026-06-10
SAIH_AFF_r57c53,117.511416,42.080258,2005,partial_forest,0.8142,0.8497,0.0176,0.00962,0.1686,0.9824,0,0,stable_restoration,rising,regimeC_v0_CLCD+NDVI,RS_derived,ESA_WorldCover_2021_v200,Hansen_GFC2024v1.12_treecover2000,Landsat_C2_L2_GEE,CLCD_v01_zenodo.18180184,2026-06-10
SAIH_AFF_r57c54,117.523467,42.080258,0,partial_forest,0.4736,0.4953,0.01125,0.01073,0.1867,0.9577,2022,0,early_restoration,rising,regimeC_v0_CLCD+NDVI,RS_derived,ESA_WorldCover_2021_v200,Hansen_GFC2024v1.12_treecover2000,Landsat_C2_L2_GEE,CLCD_v01_zenodo.18180184,2026-06-10
SAIH_AFF_r57c55,117.535518,42.080258,1985,stable_forest,0.9603,0.9932,0.01065,0.0104,0.1946,0.982,0,0,stable_restoration,rising,regimeC_v0_CLCD+NDVI,RS_derived,ESA_WorldCover_2021_v200,Hansen_GFC2024v1.12_treecover2000,Landsat_C2_L2_GEE,CLCD_v01_zenodo.18180184,2026-06-10
SAIH_AFF_r57c56,117.547568,42.080258,2000,partial_forest,0.8812,0.9138,0.01759,0.01055,0.1963,0.9797,2024,1,stable_restoration,rising,regimeC_v0_CLCD+NDVI,RS_derived,ESA_WorldCover_2021_v200,Hansen_GFC2024v1.12_treecover2000,Landsat_C2_L2_GEE,CLCD_v01_zenodo.18180184,2026-06-10
SAIH_AFF_r57c57,117.559619,42.080258,2015,afforested,0.6967,0.7388,0.01733,0.01206,0.2314,0.9939,2019,0,stable_restoration,rising,regimeC_v0_CLCD+NDVI,RS_derived,ESA_WorldCover_2021_v200,Hansen_GFC2024v1.12_treecover2000,Landsat_C2_L2_GEE,CLCD_v01_zenodo.18180184,2026-06-10
SAIH_AFF_r57c58,117.57167,42.080258,2015,afforested,0.59,0.6156,0.01171,0.01072,0.2052,0.9801,2016,0,early_restoration,rising,regimeC_v0_CLCD+NDVI,RS_derived,ESA_WorldCover_2021_v200,Hansen_GFC2024v1.12_treecover2000,Landsat_C2_L2_GEE,CLCD_v01_zenodo.18180184,2026-06-10
SAIH_AFF_r57c59,117.583721,42.080258,2010,afforested,0.7349,0.7661,0.01848,0.01163,0.2162,0.9732,2010,0,stable_restoration,rising,regimeC_v0_CLCD+NDVI,RS_derived,ESA_WorldCover_2021_v200,Hansen_GFC2024v1.12_treecover2000,Landsat_C2_L2_GEE,CLCD_v01_zenodo.18180184,2026-06-10
SAIH_AFF_r57c60,117.595772,42.080258,0,partial_forest,0.3843,0.4035,0.01644,0.01203,0.2159,0.9454,2022,0,early_restoration,rising,regimeC_v0_CLCD+NDVI,RS_derived,ESA_WorldCover_2021_v200,Hansen_GFC2024v1.12_treecover2000,Landsat_C2_L2_GEE,CLCD_v01_zenodo.18180184,2026-06-10
SAIH_AFF_r57c61,117.607822,42.080258,0,partial_forest,0.3337,0.3549,0.01394,0.01098,0.2086,0.9536,2012,0,early_restoration,rising,regimeC_v0_CLCD+NDVI,RS_derived,ESA_WorldCover_2021_v200,Hansen_GFC2024v1.12_treecover2000,Landsat_C2_L2_GEE,CLCD_v01_zenodo.18180184,2026-06-10
SAIH_AFF_r57c62,117.619873,42.080258,2015,afforested,0.7395,0.7688,0.02195,0.01041,0.203,0.9783,2024,0,stable_restoration,rising,regimeC_v0_CLCD+NDVI,RS_derived,ESA_WorldCover_2021_v200,Hansen_GFC2024v1.12_treecover2000,Landsat_C2_L2_GEE,CLCD_v01_zenodo.18180184,2026-06-10
SAIH_AFF_r57c63,117.631924,42.080258,2017,afforested,0.6017,0.6273,0.01763,0.01015,0.1976,0.9841,0,0,early_restoration,rising,regimeC_v0_CLCD+NDVI,RS_derived,ESA_WorldCover_2021_v200,Hansen_GFC2024v1.12_treecover2000,Landsat_C2_L2_GEE,CLCD_v01_zenodo.18180184,2026-06-10
SAIH_AFF_r57c64,117.643975,42.080258,2016,afforested,0.7481,0.7792,0.02661,0.00935,0.1986,0.9767,2014,0,stable_restoration,rising,regimeC_v0_CLCD+NDVI,RS_derived,ESA_WorldCover_2021_v200,Hansen_GFC2024v1.12_treecover2000,Landsat_C2_L2_GEE,CLCD_v01_zenodo.18180184,2026-06-10
SAIH_AFF_r58c00,116.872725,42.071219,2011,partial_forest,0.7439,0.7772,0.01557,0.00724,0.1326,0.9908,2009,0,stable_restoration,rising,regimeC_v0_CLCD+NDVI,RS_derived,ESA_WorldCover_2021_v200,Hansen_GFC2024v1.12_treecover2000,Landsat_C2_L2_GEE,CLCD_v01_zenodo.18180184,2026-06-10
SAIH_AFF_r58c01,116.884776,42.071219,2013,partial_forest,0.6865,0.7164,0.01336,0.00748,0.1399,0.992,2009,0,stable_restoration,rising,regimeC_v0_CLCD+NDVI,RS_derived,ESA_WorldCover_2021_v200,Hansen_GFC2024v1.12_treecover2000,Landsat_C2_L2_GEE,CLCD_v01_zenodo.18180184,2026-06-10
SAIH_AFF_r58c02,116.896827,42.071219,2013,partial_forest,0.6853,0.7181,0.01183,0.00673,0.1221,0.9863,2008,0,stable_restoration,rising,regimeC_v0_CLCD+NDVI,RS_derived,ESA_WorldCover_2021_v200,Hansen_GFC2024v1.12_treecover2000,Landsat_C2_L2_GEE,CLCD_v01_zenodo.18180184,2026-06-10
SAIH_AFF_r58c03,116.908878,42.071219,0,partial_forest,0.374,0.3903,0.0036,0.00528,0.0885,0.9793,0,0,early_restoration,rising,regimeC_v0_CLCD+NDVI,RS_derived,ESA_WorldCover_2021_v200,Hansen_GFC2024v1.12_treecover2000,Landsat_C2_L2_GEE,CLCD_v01_zenodo.18180184,2026-06-10
SAIH_AFF_r58c10,116.993233,42.071219,0,non_forest,0.2233,0.2372,0.01158,0.00884,0.1688,0.9657,2023,0,degraded,rising,regimeC_v0_CLCD+NDVI,RS_derived,ESA_WorldCover_2021_v200,Hansen_GFC2024v1.12_treecover2000,Landsat_C2_L2_GEE,CLCD_v01_zenodo.18180184,2026-06-10
SAIH_AFF_r58c14,117.041436,42.071219,0,partial_forest,0.3115,0.3233,0.0001,0.00424,0.0866,0.9583,2001,0,degraded,rising,regimeC_v0_CLCD+NDVI,RS_derived,ESA_WorldCover_2021_v200,Hansen_GFC2024v1.12_treecover2000,Landsat_C2_L2_GEE,CLCD_v01_zenodo.18180184,2026-06-10
SAIH_AFF_r58c15,117.053487,42.071219,1990,stable_forest,0.5724,0.5961,0.00102,0.00344,0.0593,0.9658,2021,0,early_restoration,rising,regimeC_v0_CLCD+NDVI,RS_derived,ESA_WorldCover_2021_v200,Hansen_GFC2024v1.12_treecover2000,Landsat_C2_L2_GEE,CLCD_v01_zenodo.18180184,2026-06-10
SAIH_AFF_r58c16,117.065538,42.071219,1985,stable_forest,0.7885,0.8206,0.00136,0.00353,0.0679,0.9723,2010,0,stable_restoration,rising,regimeC_v0_CLCD+NDVI,RS_derived,ESA_WorldCover_2021_v200,Hansen_GFC2024v1.12_treecover2000,Landsat_C2_L2_GEE,CLCD_v01_zenodo.18180184,2026-06-10
SAIH_AFF_r58c17,117.077588,42.071219,1985,stable_forest,0.7621,0.7954,0.00259,0.00415,0.0815,0.9772,2024,0,stable_restoration,rising,regimeC_v0_CLCD+NDVI,RS_derived,ESA_WorldCover_2021_v200,Hansen_GFC2024v1.12_treecover2000,Landsat_C2_L2_GEE,CLCD_v01_zenodo.18180184,2026-06-10
SAIH_AFF_r58c18,117.089639,42.071219,1985,stable_forest,0.8996,0.9471,0.00814,0.00484,0.0912,0.981,2005,0,stable_restoration,rising,regimeC_v0_CLCD+NDVI,RS_derived,ESA_WorldCover_2021_v200,Hansen_GFC2024v1.12_treecover2000,Landsat_C2_L2_GEE,CLCD_v01_zenodo.18180184,2026-06-10
SAIH_AFF_r58c19,117.10169,42.071219,1985,stable_forest,0.9866,1.0237,0.00336,0.00576,0.113,0.9855,0,0,stable_restoration,rising,regimeC_v0_CLCD+NDVI,RS_derived,ESA_WorldCover_2021_v200,Hansen_GFC2024v1.12_treecover2000,Landsat_C2_L2_GEE,CLCD_v01_zenodo.18180184,2026-06-10
SAIH_AFF_r58c20,117.113741,42.071219,1985,stable_forest,0.9432,0.9903,0.01241,0.00883,0.1824,0.9648,0,0,stable_restoration,rising,regimeC_v0_CLCD+NDVI,RS_derived,ESA_WorldCover_2021_v200,Hansen_GFC2024v1.12_treecover2000,Landsat_C2_L2_GEE,CLCD_v01_zenodo.18180184,2026-06-10
SAIH_AFF_r58c21,117.125792,42.071219,2012,partial_forest,0.8137,0.8726,0.02109,0.01028,0.2243,0.9688,2012,0,stable_restoration,rising,regimeC_v0_CLCD+NDVI,RS_derived,ESA_WorldCover_2021_v200,Hansen_GFC2024v1.12_treecover2000,Landsat_C2_L2_GEE,CLCD_v01_zenodo.18180184,2026-06-10
SAIH_AFF_r58c22,117.137842,42.071219,1985,stable_forest,0.8796,0.9196,0.01066,0.00822,0.1751,0.9755,0,0,stable_restoration,rising,regimeC_v0_CLCD+NDVI,RS_derived,ESA_WorldCover_2021_v200,Hansen_GFC2024v1.12_treecover2000,Landsat_C2_L2_GEE,CLCD_v01_zenodo.18180184,2026-06-10
SAIH_AFF_r58c23,117.149893,42.071219,2015,partial_forest,0.6163,0.6455,0.00805,0.00797,0.1666,0.9717,2011,0,early_restoration,rising,regimeC_v0_CLCD+NDVI,RS_derived,ESA_WorldCover_2021_v200,Hansen_GFC2024v1.12_treecover2000,Landsat_C2_L2_GEE,CLCD_v01_zenodo.18180184,2026-06-10
SAIH_AFF_r58c24,117.161944,42.071219,1985,stable_forest,0.862,0.9046,0.01143,0.00818,0.1787,0.9808,2009,0,stable_restoration,rising,regimeC_v0_CLCD+NDVI,RS_derived,ESA_WorldCover_2021_v200,Hansen_GFC2024v1.12_treecover2000,Landsat_C2_L2_GEE,CLCD_v01_zenodo.18180184,2026-06-10
SAIH_AFF_r58c25,117.173995,42.071219,1985,stable_forest,0.9668,1.006,0.01697,0.00893,0.1967,0.976,2019,1,stable_restoration,rising,regimeC_v0_CLCD+NDVI,RS_derived,ESA_WorldCover_2021_v200,Hansen_GFC2024v1.12_treecover2000,Landsat_C2_L2_GEE,CLCD_v01_zenodo.18180184,2026-06-10
SAIH_AFF_r58c26,117.186045,42.071219,1985,stable_forest,0.996,1.0334,0.00371,0.00483,0.1109,0.9853,2008,0,stable_restoration,rising,regimeC_v0_CLCD+NDVI,RS_derived,ESA_WorldCover_2021_v200,Hansen_GFC2024v1.12_treecover2000,Landsat_C2_L2_GEE,CLCD_v01_zenodo.18180184,2026-06-10
SAIH_AFF_r58c27,117.198096,42.071219,1985,stable_forest,0.9813,1.0197,0.00869,0.00712,0.1536,0.9823,0,0,stable_restoration,rising,regimeC_v0_CLCD+NDVI,RS_derived,ESA_WorldCover_2021_v200,Hansen_GFC2024v1.12_treecover2000,Landsat_C2_L2_GEE,CLCD_v01_zenodo.18180184,2026-06-10
SAIH_AFF_r58c28,117.210147,42.071219,1985,stable_forest,0.9423,0.986,0.01528,0.00793,0.1779,0.9834,0,0,stable_restoration,rising,regimeC_v0_CLCD+NDVI,RS_derived,ESA_WorldCover_2021_v200,Hansen_GFC2024v1.12_treecover2000,Landsat_C2_L2_GEE,CLCD_v01_zenodo.18180184,2026-06-10
SAIH_AFF_r58c29,117.222198,42.071219,1985,stable_forest,0.7808,0.812,0.00911,0.00539,0.1193,0.9827,0,0,stable_restoration,rising,regimeC_v0_CLCD+NDVI,RS_derived,ESA_WorldCover_2021_v200,Hansen_GFC2024v1.12_treecover2000,Landsat_C2_L2_GEE,CLCD_v01_zenodo.18180184,2026-06-10
SAIH_AFF_r58c30,117.234248,42.071219,1985,stable_forest,0.7403,0.7694,0.00189,0.00326,0.073,0.9772,0,0,stable_restoration,rising,regimeC_v0_CLCD+NDVI,RS_derived,ESA_WorldCover_2021_v200,Hansen_GFC2024v1.12_treecover2000,Landsat_C2_L2_GEE,CLCD_v01_zenodo.18180184,2026-06-10
SAIH_AFF_r58c31,117.246299,42.071219,1985,stable_forest,0.9553,0.9911,0.00117,0.00332,0.0696,0.9898,2011,0,stable_restoration,rising,regimeC_v0_CLCD+NDVI,RS_derived,ESA_WorldCover_2021_v200,Hansen_GFC2024v1.12_treecover2000,Landsat_C2_L2_GEE,CLCD_v01_zenodo.18180184,2026-06-10
SAIH_AFF_r58c32,117.25835,42.071219,1985,stable_forest,0.6361,0.6649,0.00222,0.00385,0.0783,0.9879,0,0,stable_restoration,rising,regimeC_v0_CLCD+NDVI,RS_derived,ESA_WorldCover_2021_v200,Hansen_GFC2024v1.12_treecover2000,Landsat_C2_L2_GEE,CLCD_v01_zenodo.18180184,2026-06-10
SAIH_AFF_r58c33,117.270401,42.071219,0,partial_forest,0.3383,0.3485,2e-05,0.00099,0.0428,0.9741,0,0,early_restoration,flat,regimeC_v0_CLCD+NDVI,RS_derived,ESA_WorldCover_2021_v200,Hansen_GFC2024v1.12_treecover2000,Landsat_C2_L2_GEE,CLCD_v01_zenodo.18180184,2026-06-10
SAIH_AFF_r58c34,117.282452,42.071219,1985,stable_forest,0.6928,0.7199,0.00086,0.00348,0.0751,0.9782,0,0,stable_restoration,rising,regimeC_v0_CLCD+NDVI,RS_derived,ESA_WorldCover_2021_v200,Hansen_GFC2024v1.12_treecover2000,Landsat_C2_L2_GEE,CLCD_v01_zenodo.18180184,2026-06-10
SAIH_AFF_r58c35,117.294502,42.071219,1985,stable_forest,0.6988,0.7279,0.00403,0.00487,0.1099,0.9755,0,0,stable_restoration,rising,regimeC_v0_CLCD+NDVI,RS_derived,ESA_WorldCover_2021_v200,Hansen_GFC2024v1.12_treecover2000,Landsat_C2_L2_GEE,CLCD_v01_zenodo.18180184,2026-06-10
SAIH_AFF_r58c36,117.306553,42.071219,0,partial_forest,0.3153,0.3267,0.00727,0.00696,0.1545,0.9506,0,0,degraded,rising,regimeC_v0_CLCD+NDVI,RS_derived,ESA_WorldCover_2021_v200,Hansen_GFC2024v1.12_treecover2000,Landsat_C2_L2_GEE,CLCD_v01_zenodo.18180184,2026-06-10
SAIH_AFF_r58c37,117.318604,42.071219,0,non_forest,0.2397,0.25,0.00229,0.00598,0.1309,0.9651,0,0,degraded,rising,regimeC_v0_CLCD+NDVI,RS_derived,ESA_WorldCover_2021_v200,Hansen_GFC2024v1.12_treecover2000,Landsat_C2_L2_GEE,CLCD_v01_zenodo.18180184,2026-06-10
SAIH_AFF_r58c39,117.342705,42.071219,0,non_forest,0.2581,0.277,0.00133,0.00837,0.1816,0.9685,0,0,degraded,rising,regimeC_v0_CLCD+NDVI,RS_derived,ESA_WorldCover_2021_v200,Hansen_GFC2024v1.12_treecover2000,Landsat_C2_L2_GEE,CLCD_v01_zenodo.18180184,2026-06-10
SAIH_AFF_r58c40,117.354756,42.071219,1985,stable_forest,0.7416,0.7744,0.00707,0.0078,0.1624,0.9813,0,0,stable_restoration,rising,regimeC_v0_CLCD+NDVI,RS_derived,ESA_WorldCover_2021_v200,Hansen_GFC2024v1.12_treecover2000,Landsat_C2_L2_GEE,CLCD_v01_zenodo.18180184,2026-06-10
SAIH_AFF_r58c41,117.366807,42.071219,1985,stable_forest,0.8882,0.9235,0.00239,0.00547,0.1088,0.9859,0,0,stable_restoration,rising,regimeC_v0_CLCD+NDVI,RS_derived,ESA_WorldCover_2021_v200,Hansen_GFC2024v1.12_treecover2000,Landsat_C2_L2_GEE,CLCD_v01_zenodo.18180184,2026-06-10
SAIH_AFF_r58c42,117.378858,42.071219,1985,stable_forest,0.8189,0.8526,0.00257,0.00527,0.1028,0.98,0,0,stable_restoration,rising,regimeC_v0_CLCD+NDVI,RS_derived,ESA_WorldCover_2021_v200,Hansen_GFC2024v1.12_treecover2000,Landsat_C2_L2_GEE,CLCD_v01_zenodo.18180184,2026-06-10
SAIH_AFF_r58c43,117.390908,42.071219,1985,stable_forest,0.7056,0.7404,0.00339,0.00599,0.118,0.9635,0,0,stable_restoration,rising,regimeC_v0_CLCD+NDVI,RS_derived,ESA_WorldCover_2021_v200,Hansen_GFC2024v1.12_treecover2000,Landsat_C2_L2_GEE,CLCD_v01_zenodo.18180184,2026-06-10
SAIH_AFF_r58c44,117.402959,42.071219,1985,stable_forest,0.9393,0.9751,0.00121,0.00604,0.1057,0.9692,0,0,stable_restoration,rising,regimeC_v0_CLCD+NDVI,RS_derived,ESA_WorldCover_2021_v200,Hansen_GFC2024v1.12_treecover2000,Landsat_C2_L2_GEE,CLCD_v01_zenodo.18180184,2026-06-10
SAIH_AFF_r58c45,117.41501,42.071219,1985,stable_forest,0.9202,0.955,0.00155,0.0069,0.1387,0.9748,0,0,stable_restoration,rising,regimeC_v0_CLCD+NDVI,RS_derived,ESA_WorldCover_2021_v200,Hansen_GFC2024v1.12_treecover2000,Landsat_C2_L2_GEE,CLCD_v01_zenodo.18180184,2026-06-10
SAIH_AFF_r58c46,117.427061,42.071219,1990,stable_forest,0.6104,0.6351,0.00442,0.00834,0.1892,0.9397,2011,0,early_restoration,rising,regimeC_v0_CLCD+NDVI,RS_derived,ESA_WorldCover_2021_v200,Hansen_GFC2024v1.12_treecover2000,Landsat_C2_L2_GEE,CLCD_v01_zenodo.18180184,2026-06-10
SAIH_AFF_r58c47,117.439112,42.071219,1985,stable_forest,0.6507,0.6787,0.00424,0.00732,0.1638,0.9697,2012,0,stable_restoration,rising,regimeC_v0_CLCD+NDVI,RS_derived,ESA_WorldCover_2021_v200,Hansen_GFC2024v1.12_treecover2000,Landsat_C2_L2_GEE,CLCD_v01_zenodo.18180184,2026-06-10
SAIH_AFF_r58c48,117.451162,42.071219,1985,stable_forest,0.6973,0.725,0.00499,0.00655,0.1365,0.9847,0,0,stable_restoration,rising,regimeC_v0_CLCD+NDVI,RS_derived,ESA_WorldCover_2021_v200,Hansen_GFC2024v1.12_treecover2000,Landsat_C2_L2_GEE,CLCD_v01_zenodo.18180184,2026-06-10
SAIH_AFF_r58c49,117.463213,42.071219,1985,stable_forest,0.8149,0.8463,0.0023,0.00548,0.1178,0.9907,0,0,stable_restoration,rising,regimeC_v0_CLCD+NDVI,RS_derived,ESA_WorldCover_2021_v200,Hansen_GFC2024v1.12_treecover2000,Landsat_C2_L2_GEE,CLCD_v01_zenodo.18180184,2026-06-10
SAIH_AFF_r58c50,117.475264,42.071219,1985,stable_forest,0.8723,0.9062,0.00564,0.00656,0.1273,0.9859,2009,0,stable_restoration,rising,regimeC_v0_CLCD+NDVI,RS_derived,ESA_WorldCover_2021_v200,Hansen_GFC2024v1.12_treecover2000,Landsat_C2_L2_GEE,CLCD_v01_zenodo.18180184,2026-06-10
SAIH_AFF_r58c51,117.487315,42.071219,1991,stable_forest,0.8147,0.8566,0.01385,0.00969,0.1931,0.9603,2023,0,stable_restoration,rising,regimeC_v0_CLCD+NDVI,RS_derived,ESA_WorldCover_2021_v200,Hansen_GFC2024v1.12_treecover2000,Landsat_C2_L2_GEE,CLCD_v01_zenodo.18180184,2026-06-10
SAIH_AFF_r58c52,117.499365,42.071219,0,non_forest,0.2526,0.2838,0.00563,0.01011,0.1887,0.9512,2023,0,degraded,rising,regimeC_v0_CLCD+NDVI,RS_derived,ESA_WorldCover_2021_v200,Hansen_GFC2024v1.12_treecover2000,Landsat_C2_L2_GEE,CLCD_v01_zenodo.18180184,2026-06-10
SAIH_AFF_r58c53,117.511416,42.071219,0,non_forest,0.2317,0.2541,0.00931,0.00919,0.1652,0.9532,0,0,degraded,rising,regimeC_v0_CLCD+NDVI,RS_derived,ESA_WorldCover_2021_v200,Hansen_GFC2024v1.12_treecover2000,Landsat_C2_L2_GEE,CLCD_v01_zenodo.18180184,2026-06-10
SAIH_AFF_r58c54,117.523467,42.071219,2018,afforested,0.5585,0.6048,0.01398,0.01111,0.1915,0.9685,2023,0,early_restoration,rising,regimeC_v0_CLCD+NDVI,RS_derived,ESA_WorldCover_2021_v200,Hansen_GFC2024v1.12_treecover2000,Landsat_C2_L2_GEE,CLCD_v01_zenodo.18180184,2026-06-10
SAIH_AFF_r58c55,117.535518,42.071219,2017,afforested,0.5659,0.5871,0.01827,0.00976,0.172,0.9767,2020,0,early_restoration,rising,regimeC_v0_CLCD+NDVI,RS_derived,ESA_WorldCover_2021_v200,Hansen_GFC2024v1.12_treecover2000,Landsat_C2_L2_GEE,CLCD_v01_zenodo.18180184,2026-06-10
SAIH_AFF_r58c56,117.547568,42.071219,2000,partial_forest,0.8343,0.8652,0.01519,0.01079,0.1934,0.9768,2021,0,stable_restoration,rising,regimeC_v0_CLCD+NDVI,RS_derived,ESA_WorldCover_2021_v200,Hansen_GFC2024v1.12_treecover2000,Landsat_C2_L2_GEE,CLCD_v01_zenodo.18180184,2026-06-10
SAIH_AFF_r58c57,117.559619,42.071219,2017,afforested,0.602,0.6317,0.01953,0.01402,0.2526,0.9605,2024,0,early_restoration,rising,regimeC_v0_CLCD+NDVI,RS_derived,ESA_WorldCover_2021_v200,Hansen_GFC2024v1.12_treecover2000,Landsat_C2_L2_GEE,CLCD_v01_zenodo.18180184,2026-06-10
SAIH_AFF_r58c58,117.57167,42.071219,1994,partial_forest,0.7852,0.8154,0.00904,0.00959,0.1657,0.981,0,0,stable_restoration,rising,regimeC_v0_CLCD+NDVI,RS_derived,ESA_WorldCover_2021_v200,Hansen_GFC2024v1.12_treecover2000,Landsat_C2_L2_GEE,CLCD_v01_zenodo.18180184,2026-06-10
SAIH_AFF_r58c59,117.583721,42.071219,2016,partial_forest,0.6295,0.6546,0.0134,0.00854,0.1554,0.9831,0,0,early_restoration,rising,regimeC_v0_CLCD+NDVI,RS_derived,ESA_WorldCover_2021_v200,Hansen_GFC2024v1.12_treecover2000,Landsat_C2_L2_GEE,CLCD_v01_zenodo.18180184,2026-06-10
SAIH_AFF_r58c60,117.595772,42.071219,2013,afforested,0.6486,0.6796,0.01291,0.01122,0.2058,0.9749,2022,0,stable_restoration,rising,regimeC_v0_CLCD+NDVI,RS_derived,ESA_WorldCover_2021_v200,Hansen_GFC2024v1.12_treecover2000,Landsat_C2_L2_GEE,CLCD_v01_zenodo.18180184,2026-06-10
SAIH_AFF_r58c61,117.607822,42.071219,0,non_forest,0.2718,0.2884,0.00978,0.01152,0.2131,0.9414,2012,0,degraded,rising,regimeC_v0_CLCD+NDVI,RS_derived,ESA_WorldCover_2021_v200,Hansen_GFC2024v1.12_treecover2000,Landsat_C2_L2_GEE,CLCD_v01_zenodo.18180184,2026-06-10
SAIH_AFF_r58c62,117.619873,42.071219,2016,afforested,0.7012,0.7301,0.01699,0.01117,0.2233,0.9808,0,0,stable_restoration,rising,regimeC_v0_CLCD+NDVI,RS_derived,ESA_WorldCover_2021_v200,Hansen_GFC2024v1.12_treecover2000,Landsat_C2_L2_GEE,CLCD_v01_zenodo.18180184,2026-06-10
SAIH_AFF_r58c63,117.631924,42.071219,2015,afforested,0.7532,0.784,0.02346,0.01087,0.2158,0.9763,0,0,stable_restoration,rising,regimeC_v0_CLCD+NDVI,RS_derived,ESA_WorldCover_2021_v200,Hansen_GFC2024v1.12_treecover2000,Landsat_C2_L2_GEE,CLCD_v01_zenodo.18180184,2026-06-10
SAIH_AFF_r58c64,117.643975,42.071219,0,partial_forest,0.3729,0.3886,0.01466,0.01042,0.2138,0.9684,2009,0,early_restoration,rising,regimeC_v0_CLCD+NDVI,RS_derived,ESA_WorldCover_2021_v200,Hansen_GFC2024v1.12_treecover2000,Landsat_C2_L2_GEE,CLCD_v01_zenodo.18180184,2026-06-10
