unit_id,vh_2015,vh_2016,vh_2017,vh_2018,vh_2019,vh_2020,vh_2021,vh_2022,vh_2023,vh_2024
SAIH_AFF_r00c35,-1784.325010732654,-1771.8570777881396,-1863.9346015308492,-1843.6848371255417,-1911.107001874294,-1791.971147503227,-1755.509902830285,-1884.135917196325,-1791.203600934009,-1764.986215092726
SAIH_AFF_r00c36,-1810.8214372690686,-1757.8608583392036,-1904.287220754327,-1859.0744925722154,-1955.8300002356782,-1783.8530600167069,-1718.4451642806457,-1888.1539579498117,-1811.1652992979411,-1771.1141021847343
SAIH_AFF_r00c37,-1596.48598598075,-1556.2681980703935,-1618.665082215235,-1596.4030980562598,-1635.7439392115123,-1552.6670505645952,-1486.47490354565,-1511.4961758531726,-1485.816679143353,-1494.011569287472
SAIH_AFF_r00c38,-1713.292796048675,-1695.702558099345,-1793.2537488935398,-1740.9621208550109,-1787.8253484389054,-1643.1512599320197,-1575.3045023386449,-1652.1532685951988,-1617.986138390876,-1545.3242930396061
SAIH_AFF_r00c39,-1726.4515381715798,-1707.8272305582066,-1738.2404976807052,-1745.220678931557,-1716.740563123676,-1638.8872182025739,-1541.523635383186,-1482.4899741369422,-1420.0861465084904,-1418.8299032491163
SAIH_AFF_r00c40,-1473.7739879490982,-1423.4495348727678,-1517.9423158467864,-1518.6252414630728,-1528.8122791496346,-1503.0561555414824,-1519.2535689419633,-1618.7775372599149,-1581.366120833621,-1605.3349936918626
SAIH_AFF_r00c41,-1596.3662514369864,-1557.7598912738963,-1631.7479712053917,-1620.5219560224923,-1624.5013315805913,-1575.8726134331257,-1545.8814330268676,-1609.5242080565256,-1570.05167370646,-1575.7776325885072
SAIH_AFF_r00c42,-1637.7445591119697,-1611.3806723107227,-1652.0093904581886,-1646.2328419883936,-1629.9706580914844,-1582.953430031141,-1537.7181212798926,-1524.2288721237508,-1473.5609764400622,-1501.481820062485
SAIH_AFF_r00c43,-1581.8177968098075,-1551.3126351277074,-1603.9428524313823,-1604.2981133161975,-1599.2202274071706,-1560.0561031917618,-1532.1973034660748,-1566.6759526339763,-1519.90824403344,-1550.5041748899343
SAIH_AFF_r00c44,-1616.4531963739337,-1586.0044789286244,-1622.501810157308,-1628.1991722751495,-1641.9957174008146,-1548.144179094327,-1489.5262047428018,-1478.285994382367,-1446.2589689825763,-1459.2131483124888
SAIH_AFF_r00c45,-1686.6812921473431,-1656.8866241537855,-1732.0794615616342,-1712.8372585735103,-1767.109554924124,-1653.5600151894137,-1586.9695897550118,-1682.2362372166767,-1636.253642184662,-1625.1296180387378
SAIH_AFF_r00c46,-1900.6107421742033,-1841.7287379739082,-1893.4715589795703,-1835.3667244512653,-1824.8111307799882,-1650.8772435175636,-1565.2932140631308,-1595.3172217305012,-1556.3403259679803,-1520.950243271412
SAIH_AFF_r00c47,-1491.0670076378271,-1461.1322301502998,-1491.3128549965227,-1498.545601838526,-1489.5304544478972,-1403.646856661243,-1381.0959648838134,-1382.2192877297537,-1389.7429498018598,-1394.9363060992694
SAIH_AFF_r00c48,-1440.827777661438,-1423.9397977026938,-1452.975482445581,-1465.3329319497852,-1459.5780184915695,-1386.950792121717,-1365.1967529815852,-1361.3144403840754,-1356.737866873296,-1371.175481398494
SAIH_AFF_r00c49,-1455.4330190087408,-1431.5439185915916,-1450.356745758454,-1469.731942484102,-1457.582580254902,-1396.6667094378581,-1380.9680996760765,-1379.8313305069466,-1379.8943926971278,-1371.52716974314
SAIH_AFF_r00c50,-1565.4776754631685,-1539.7152437141128,-1571.3163126953345,-1557.8092454835328,-1546.6980573020041,-1482.6896996696773,-1479.0695753914495,-1508.3273637206032,-1489.923689817461,-1479.911615355223
SAIH_AFF_r00c51,-1603.3914323198373,-1594.089811640927,-1639.141113499902,-1641.030947137435,-1647.113201371129,-1558.465128824209,-1535.6654001157515,-1591.4985820041613,-1562.83571411738,-1539.6587880390884
SAIH_AFF_r00c52,-1493.1917592328412,-1486.4694210938342,-1514.4894117215908,-1528.559412952025,-1526.9214302356975,-1449.62740621867,-1442.4924956607601,-1493.8268255584774,-1491.234421264,-1476.4048599530383
SAIH_AFF_r00c53,-1714.6443909706722,-1675.6284291366323,-1768.4905017137517,-1734.8976332182115,-1749.0266658986,-1622.7577838815855,-1580.3640167473584,-1698.708455634953,-1675.6282641767336,-1608.0922125835602
SAIH_AFF_r00c54,-1547.8744070866928,-1524.4837151712557,-1544.7535888925008,-1545.1968943384022,-1530.5673957886188,-1446.022604001974,-1409.8910165125744,-1426.8934902568546,-1427.7056401369628,-1413.9709171439674
SAIH_AFF_r00c55,-1528.0277443902435,-1528.0221431395864,-1539.0931839666537,-1539.1264719976796,-1515.6864399456422,-1446.53352239846,-1443.087011854545,-1452.3086475035327,-1436.323317071642,-1414.6285524996183
SAIH_AFF_r00c56,-1441.5775366776165,-1448.5520684736093,-1466.542624559934,-1487.6297137771726,-1501.2556217199542,-1474.894865788062,-1457.1842871912988,-1496.269326911751,-1508.9847923673915,-1484.033393971914
SAIH_AFF_r00c61,-1761.2508706969297,-1700.3642027034875,-1728.4765893819545,-1692.6339066403464,-1625.3945605664699,-1536.4094239521582,-1476.9486720889977,-1585.9044014056904,-1606.4316509461196,-1554.5354537313028
SAIH_AFF_r00c62,-1767.496968681616,-1704.1235955938605,-1720.6732013654073,-1658.2431284881147,-1589.8370757986706,-1488.81918107285,-1437.8770797776028,-1526.0282163911122,-1548.7195480770279,-1514.2111897008513
SAIH_AFF_r00c63,-1994.2932508012304,-2041.6108187226368,-2160.260876851211,-2123.2003524372094,-2036.6973517459508,-1933.3133575273878,-1838.82461142881,-2067.7849426045777,-2046.2128710278812,-1880.2790354846136
SAIH_AFF_r00c64,-1836.9466168602085,-1803.294134739228,-1802.0238317120982,-1703.8285080049884,-1622.1642827974038,-1484.4453786792083,-1421.8258850507368,-1439.6186638116124,-1431.967809911735,-1410.4006706595646
SAIH_AFF_r01c18,-1827.074290936609,-1766.1128426168625,-2088.699633651672,-1920.8338182189536,-1923.1697771795627,-1851.2434841585114,-1825.5473306850097,-1942.745035705213,-1870.627969215217,-1839.4170531349089
SAIH_AFF_r01c34,-2013.6156205151844,-1981.6515671321265,-2093.9212086611296,-2088.762617718231,-2173.0843223934376,-1994.2639978630018,-1941.422282398048,-2093.1599763254103,-1976.0706335571604,-1940.6505457726194
SAIH_AFF_r01c35,-1717.1909499988237,-1679.5779388551648,-1760.2969495642799,-1736.4099908117835,-1784.4347937624846,-1667.4017711531867,-1613.6420417213126,-1649.9234603192067,-1591.838593653063,-1601.617406305055
SAIH_AFF_r01c36,-1675.2255595388037,-1639.4567491626885,-1708.5633751181665,-1685.6468234536255,-1720.212628673631,-1620.2451234297955,-1570.7528104599123,-1604.9103454777323,-1568.3174084849309,-1565.2774846351053
SAIH_AFF_r01c37,-1712.2770432802417,-1681.9521914957656,-1737.1802562525354,-1722.9072805559551,-1739.5696763470266,-1649.5406352654784,-1580.0382468033865,-1592.9821382297891,-1529.9529976835183,-1531.0407988587724
SAIH_AFF_r01c38,-1715.1563649029445,-1678.9907475304055,-1765.654885241094,-1751.0274562386749,-1763.5734986015239,-1668.4371890091252,-1600.3432710740515,-1652.0557636102715,-1573.9831554247291,-1572.6460413153027
SAIH_AFF_r01c39,-1778.6532726720636,-1753.4696894338401,-1838.94830528884,-1828.6991979309562,-1842.5135938138076,-1738.0506921248552,-1651.9629252484217,-1707.6174832204226,-1609.3729909008105,-1578.4831837743322
SAIH_AFF_r01c40,-1565.1770576764513,-1526.5023413472236,-1626.5606957295604,-1602.6290489340256,-1635.4104595008441,-1582.210399298512,-1565.5395830334126,-1676.0367914774436,-1606.0521823345414,-1625.175856247301
SAIH_AFF_r01c41,-1629.0841867931285,-1601.5540553633748,-1646.3547686820618,-1653.438306051424,-1627.604650188411,-1600.0048340172345,-1549.3042628909304,-1538.9394988438667,-1463.2301814458574,-1496.3671286827955
SAIH_AFF_r01c42,-1598.913076723657,-1569.0412803075337,-1610.4329587799214,-1622.306713941924,-1588.121766956376,-1563.2653079394674,-1497.6431128347608,-1450.1171502866107,-1409.777863029195,-1445.1997292321873
SAIH_AFF_r01c43,-1469.3307908754207,-1421.6623512936958,-1514.1351175908596,-1517.9894986192724,-1521.3115339815993,-1511.0521875695267,-1513.3178892538833,-1618.6490230208483,-1583.9382585821043,-1616.2374510856052
SAIH_AFF_r01c44,-1601.9839664302883,-1581.3202761177058,-1625.2395611644713,-1636.2362026224396,-1612.7098460515554,-1575.6126498975177,-1517.574247861974,-1517.2979809481938,-1468.069382818821,-1493.1597440911405
SAIH_AFF_r01c45,-1725.485920952012,-1706.9237882486057,-1791.5714218371909,-1771.5905500675672,-1824.52615989776,-1709.2393202459646,-1636.5603466337036,-1704.354801961011,-1641.8287939577422,-1645.6481678381751
SAIH_AFF_r01c46,-1768.1366853725158,-1726.0533784438446,-1815.2322632680161,-1806.1793169004684,-1836.593154340272,-1709.7648955030027,-1635.5458328205157,-1711.902272197593,-1661.876973475753,-1644.6527782505884
SAIH_AFF_r01c47,-1538.3807525795316,-1480.402543149254,-1498.0285332132771,-1497.0996555388613,-1497.195091690529,-1407.2043104757013,-1376.1327929097538,-1374.7198583416646,-1375.2398140538041,-1368.8581846165116
SAIH_AFF_r01c48,-1562.6164796301673,-1511.2450374465648,-1534.298996625751,-1532.2485216394289,-1526.5768184685778,-1455.6529471664426,-1420.1507129375848,-1436.0899633780177,-1437.3839418236644,-1426.8160838300464
SAIH_AFF_r01c49,-1501.4665586039478,-1485.789746436679,-1493.7206404156304,-1520.9837722617485,-1501.1400843727165,-1456.7579613330988,-1422.0007227458048,-1432.629189503426,-1429.4029595917004,-1416.3697316151533
SAIH_AFF_r01c50,-1501.1003125278114,-1489.669911476629,-1531.531027677296,-1536.9896504609396,-1531.329575496145,-1465.347151913645,-1454.290828853071,-1500.7467608612583,-1493.0724310685107,-1484.116111672417
SAIH_AFF_r01c51,-1464.7421480158603,-1496.423389145226,-1542.1938917664818,-1549.414498871369,-1620.0567118294346,-1531.346652595856,-1518.3109946108461,-1570.6900188018174,-1540.1507601904289,-1531.2018393308872
SAIH_AFF_r01c52,-1455.0601865547576,-1468.7584134206327,-1521.5915377546928,-1521.9474002497518,-1566.170823526947,-1485.0223598679509,-1491.7301788841792,-1556.1643624387723,-1534.1483458514729,-1514.7564866131383
SAIH_AFF_r01c53,-1555.4150469612036,-1550.9619571051903,-1630.1264090324717,-1616.316382612704,-1622.4868123725169,-1545.0996960024727,-1513.605829630464,-1599.6044994776278,-1572.6684463134088,-1537.7045934785863
SAIH_AFF_r01c54,-1686.3278980764999,-1674.8628786530269,-1753.9986309330595,-1719.931036197815,-1728.3659047359763,-1621.89276253102,-1582.1169858538467,-1653.4400987403537,-1632.708993434761,-1598.5631446132575
SAIH_AFF_r01c56,-1582.1400332421574,-1559.5716342315695,-1577.4897093274353,-1580.7395463885146,-1560.671834469761,-1478.4357366278841,-1450.4291693386904,-1478.8073132746142,-1477.4345299637473,-1456.5498671622452
SAIH_AFF_r01c57,-1853.8234200451457,-1885.1988907452126,-1998.0039672356097,-1998.5357627305061,-1996.8575225595614,-1893.2346168147947,-1768.5495001021268,-2047.843041494928,-2011.1519385772424,-1896.1565918958415
SAIH_AFF_r02c19,-1886.9730859606268,-1805.4478840401327,-1910.125439765494,-1969.7463247470953,-2020.2781117402076,-1916.8451582112607,-1860.381662985112,-1990.88106967659,-1941.5868747114966,-1912.1524111797594
SAIH_AFF_r02c34,-1920.9374965755717,-1876.700577914038,-1973.2254386537145,-1929.5421694605768,-1980.1416841693383,-1834.6012367099402,-1796.5447446350588,-1866.6217493966528,-1776.6749644511185,-1762.3313469441073
SAIH_AFF_r02c35,-1863.424271664897,-1831.4557809113812,-1926.6626982367713,-1889.683230623594,-1945.991372902889,-1818.0626481641405,-1780.0572340608703,-1861.8142201057337,-1763.125400646256,-1765.4344791794422
SAIH_AFF_r02c36,-1861.0991369864448,-1834.6371716739545,-1940.9316137414296,-1891.9356600957983,-1954.806920283428,-1835.2385575046696,-1794.1224759201482,-1894.8015903659718,-1789.18341907813,-1792.596314191199
SAIH_AFF_r02c37,-1837.8966352610503,-1807.9291404699675,-1897.6681730586251,-1844.021091225815,-1892.6717378095739,-1777.8105857717717,-1733.1088983172438,-1790.4611906320372,-1698.5024499513715,-1702.150079405028
SAIH_AFF_r02c38,-1660.6776831256986,-1632.5630343748023,-1691.241948992245,-1666.9269558411124,-1683.6183471397892,-1613.062673015464,-1565.2063218315886,-1576.0607031504865,-1517.1499549931566,-1535.7409718870326
SAIH_AFF_r02c39,-1547.9094311279648,-1518.9912581531023,-1556.3992718604852,-1534.7822283885735,-1566.7260166439341,-1514.1724141528202,-1464.486948516468,-1452.746298667599,-1440.2075719207292,-1445.8698398458182
SAIH_AFF_r02c40,-1750.019338839097,-1671.8179916918089,-1760.2999867006365,-1764.1916047116267,-1943.7924543062552,-1673.3487484255904,-1594.4961523116112,-1770.62907032234,-1606.9380510434785,-1577.323951632041
SAIH_AFF_r02c41,-1709.082617633866,-1673.7049265864575,-1728.9111576069427,-1737.974208730321,-1727.922240078479,-1657.2119235706066,-1593.7397080154906,-1570.386795996956,-1493.9329129577302,-1496.6514734886869
SAIH_AFF_r02c42,-1540.9097905600772,-1511.1470305863736,-1558.4899689022975,-1567.313484195482,-1549.031640351889,-1519.7571378630284,-1478.9620722760856,-1447.3411721122482,-1427.913304705358,-1449.5026714809023
SAIH_AFF_r02c43,-1448.0171092399282,-1404.95825303734,-1501.864440370609,-1505.6972673719679,-1511.2123334645885,-1511.65925205423,-1514.3259543597135,-1619.4137171199316,-1586.8307408266987,-1615.631206043648
SAIH_AFF_r02c44,-1543.51356264165,-1523.2782603933365,-1554.6425779059798,-1575.7975605239958,-1535.5848613744467,-1521.0667009177428,-1472.160847896564,-1439.917408845649,-1413.0857806766646,-1421.2790323464037
SAIH_AFF_r02c45,-1416.3888930924318,-1384.540254386542,-1422.2011636553434,-1430.1554001695956,-1451.776413802106,-1418.2493509881992,-1393.614470028052,-1454.2138334094375,-1441.7071945730918,-1455.3456630356845
SAIH_AFF_r02c46,-1622.6668031974286,-1594.903936260136,-1664.4831728009858,-1663.123866446826,-1686.579920064283,-1602.3920633015746,-1531.1764273117185,-1593.5546479593436,-1578.3292078433012,-1563.092137393428
SAIH_AFF_r02c47,-1797.3133564724922,-1792.386729842994,-1915.863626762496,-1910.8988961528385,-1950.47662832452,-1804.8464288601454,-1718.7641292698174,-1758.7437447356733,-1722.378525961144,-1681.8249569074596
SAIH_AFF_r02c48,-1521.9352733000774,-1630.5850204593696,-1687.6267659078455,-1664.9519902567047,-1707.8410115714767,-1598.3226815980524,-1556.214587305028,-1574.2809205018777,-1518.9214407356549,-1511.5298597183971
SAIH_AFF_r02c49,-1592.8698540077426,-1548.8106614002313,-1544.353947739155,-1528.7234365053687,-1508.1158780928126,-1421.6396527074835,-1389.5831081010567,-1390.1277875755263,-1403.7423403633634,-1391.511645987039
SAIH_AFF_r02c50,-1536.4461493127365,-1498.9317638345979,-1535.8185862515882,-1528.1917637824442,-1562.657158056416,-1468.2263369119926,-1452.2425699585638,-1491.2429011387917,-1483.7707267971746,-1465.5210064749651
SAIH_AFF_r02c51,-1514.8131972199963,-1486.1829520907522,-1563.0309646550618,-1596.1059409143618,-1604.6411449800232,-1532.8908971375558,-1502.462197501754,-1545.6762081668064,-1528.0437063666877,-1506.3725776660083
SAIH_AFF_r02c52,-1527.0652799874845,-1502.6812420124709,-1563.5357554576085,-1568.0449388383236,-1586.9009076445627,-1527.0583265955543,-1522.9834850421257,-1614.7653738817496,-1597.1835658955204,-1562.657298974991
SAIH_AFF_r02c53,-1492.8848912981102,-1443.1206077080005,-1545.1249093498757,-1538.2067240218923,-1519.351991172374,-1484.7026571573165,-1489.8645752356908,-1620.0830068189764,-1618.6011655388668,-1605.140623777202
SAIH_AFF_r02c54,-1749.84378903775,-1703.5651296281376,-1882.7758102247337,-1844.2734904536053,-1831.8391494954965,-1743.6828915901503,-1683.8072803519742,-1836.8162934256247,-1803.8610275842884,-1716.0109168768283
SAIH_AFF_r02c55,-1836.1106078907678,-1826.902381629448,-1918.965187355377,-1884.4580090736254,-1873.4325518054677,-1727.4748675350747,-1632.2680317968054,-1730.3115789089272,-1690.0393155391646,-1644.253787414336
SAIH_AFF_r02c56,-1783.1465802292716,-1748.3710453848485,-1854.1321256089047,-1827.8164943829606,-1814.284395894398,-1687.991626594624,-1595.571363005768,-1759.73976207116,-1722.8472785780607,-1641.2237402079927
SAIH_AFF_r02c57,-1700.7365806699086,-1675.3123537407214,-1702.6547172124895,-1651.7442324599792,-1620.9880279356912,-1496.666172722273,-1429.5338904121782,-1456.140677625628,-1436.8034066510356,-1414.7502771915138
SAIH_AFF_r02c58,-1894.9102576139335,-1887.7370267211265,-1937.2477845410826,-1880.6298475388771,-1843.094968730609,-1723.9061161792447,-1636.840776440771,-1789.8075719404812,-1746.4690253023973,-1690.8268786413646
SAIH_AFF_r02c63,-1615.982167359693,-1636.5637733407757,-1678.0010069337552,-1718.0144075003514,-1706.6833636804722,-1638.8847817353685,-1586.419860072728,-1734.4020065633295,-1747.7801493183626,-1680.5405982125612
SAIH_AFF_r02c64,-1934.7632529476405,-1998.602086881237,-2080.9394486273122,-2075.9968548128477,-2042.8672997029596,-1929.827763187756,-1827.6021077448331,-2104.326804766295,-2107.391140273788,-1936.3839084296808
SAIH_AFF_r03c20,-2044.5529345218763,-1986.8817785203266,-2068.237610902197,-2125.4208627064845,-2171.4215042894407,-2027.8406098442395,-1959.4212581310821,-2036.6714623901455,-2000.4950558831847,-1987.4558826610241
SAIH_AFF_r03c35,-1884.1799581687453,-1834.27477481015,-1942.80703697014,-1911.5595676564292,-1971.5121868218453,-1820.7788493001517,-1782.5975194431583,-1922.1306559235209,-1834.7846423270537,-1794.5531489930922
SAIH_AFF_r03c36,-1827.2532405637403,-1801.1600039803288,-1892.454330964339,-1848.644588062156,-1896.876476256815,-1781.9679819209273,-1743.8199005965253,-1823.8002477230946,-1726.0635150493088,-1729.8300792399664
SAIH_AFF_r03c37,-1816.7458205185242,-1796.734991951209,-1891.9289848054539,-1832.0680286353695,-1878.118420604902,-1775.7578688374406,-1732.325032391471,-1793.2961692994272,-1694.6618592050665,-1703.5352798754066
SAIH_AFF_r03c38,-1786.8372350037316,-1755.2844714478397,-1845.8411868690173,-1804.4282732522367,-1843.4266652699398,-1736.1848027340939,-1677.6094829053675,-1742.8100407233298,-1655.520061805183,-1643.636260786445
SAIH_AFF_r03c39,-1620.428373977781,-1587.8984770111933,-1636.1226610682388,-1620.2273305550611,-1650.6099886914549,-1573.5945284441327,-1515.8214611059343,-1539.7121006669952,-1492.9196752981582,-1494.040598201104
SAIH_AFF_r03c40,-1724.3789710636179,-1701.9222421442498,-1743.3752071091096,-1739.571974505621,-1736.5465874438873,-1660.5445457995788,-1606.1683885406171,-1578.7190880655419,-1511.8799120522451,-1496.9720922927927
SAIH_AFF_r03c41,-1622.9332011794331,-1589.5146591319728,-1652.6704444875054,-1643.002252028134,-1633.3467756718112,-1598.2626650396198,-1555.9655780118246,-1566.80326439334,-1516.5180869282851,-1530.2156578802649
SAIH_AFF_r03c42,-1450.2519102959586,-1407.8698144433563,-1453.6996606245978,-1457.4901617794164,-1447.8595677153435,-1411.2407889430656,-1395.946223663055,-1386.9257773425022,-1382.8550662777118,-1397.152491109726
SAIH_AFF_r03c43,-1412.2864060516429,-1375.7941760787342,-1412.6124749702265,-1436.6453192686727,-1413.0638354120588,-1396.9008467588899,-1383.1428418118285,-1379.998039497965,-1381.6846340090826,-1385.0350299048541
SAIH_AFF_r03c44,-1435.3512062448317,-1393.7251133472266,-1448.3553343874032,-1462.9393003361165,-1456.0629064008479,-1436.5974943195515,-1420.3639100342416,-1456.8219794142603,-1444.0152429766626,-1455.8822288305093
SAIH_AFF_r03c45,-1513.4704526705873,-1468.7981353690643,-1516.0187903468693,-1511.6946562086716,-1539.6347261323322,-1482.3792428865127,-1442.0431038772283,-1496.0705914703617,-1475.79491154788,-1481.2361638884897
SAIH_AFF_r03c46,-1627.4667890446408,-1582.333544570635,-1659.3891095824054,-1687.4477776875808,-1715.0505450707958,-1637.075835936703,-1567.7000473974615,-1611.7773602495051,-1589.6582171746404,-1584.6363776818193
SAIH_AFF_r03c47,-1742.3210660496381,-1762.7564769687413,-1848.789546285002,-1931.0400135062268,-1961.6861058615978,-1850.730843929788,-1738.5560429895872,-1749.877258235919,-1755.196991985258,-1744.6042021117871
SAIH_AFF_r03c48,-1794.2752295739388,-1795.9027203333915,-1906.9961388647473,-1959.090813901133,-1975.5636184203627,-1850.6314670743325,-1758.201441315978,-1769.4588101944432,-1755.5132404217659,-1753.6782980639343
SAIH_AFF_r03c49,-1579.3142477813533,-1568.410359880275,-1620.655616860926,-1638.3208127224204,-1634.6011045441328,-1538.6805437352855,-1505.0009139068331,-1500.82791841352,-1493.3298260958368,-1483.0255920099926
SAIH_AFF_r03c50,-1565.245758364177,-1516.9701240164802,-1588.1803500102087,-1607.4166801903446,-1676.8261622945936,-1555.3204064432039,-1540.2585474000523,-1579.3694712155088,-1560.8825900546012,-1523.1049088329685
SAIH_AFF_r03c51,-1458.2027904272852,-1442.0894712171728,-1484.864301856358,-1512.539867548977,-1521.235963412304,-1447.9850030245357,-1451.3967141252294,-1494.194476231877,-1507.9448880136813,-1502.395441464138
SAIH_AFF_r03c52,-1736.4950769544932,-1666.7477740922925,-1777.7654007157466,-1736.2737480332692,-1732.370009869653,-1618.114731438116,-1592.6537846321396,-1747.7961956023762,-1722.093827147566,-1633.947400249752
SAIH_AFF_r03c53,-1601.1945767469388,-1545.9976539036586,-1679.2599427615344,-1653.3349392921396,-1649.649263833721,-1556.6925278402564,-1533.8576788833004,-1691.9571313735407,-1707.5763725056368,-1659.6868432697677
SAIH_AFF_r03c54,-1694.270575269886,-1647.7999015737714,-1828.4870658513346,-1766.9829141492928,-1786.9238610305438,-1703.4195758248425,-1668.725707569395,-1835.3506303466897,-1765.621846957687,-1735.0741076196555
SAIH_AFF_r03c55,-1774.8987320557874,-1749.614450164712,-1850.1287112638065,-1821.0823587637938,-1791.8498001979685,-1704.9923116806938,-1602.885552453925,-1669.0687235190294,-1616.764739000413,-1577.0085996051089
SAIH_AFF_r03c56,-1835.50020809067,-1799.402413328273,-1873.4063762122266,-1849.5176536795404,-1814.1064665157248,-1686.2793388213433,-1576.5013911973724,-1679.3201062702037,-1648.8190029970297,-1578.6331741025274
SAIH_AFF_r03c57,-1812.6993254390152,-1762.869958468412,-1870.3852617851783,-1792.3167137148523,-1764.3456103781843,-1618.8621523104243,-1539.8068571638066,-1622.6625728635852,-1611.4008610079666,-1560.4541057615268
SAIH_AFF_r03c58,-1924.2644733673276,-1906.9596845125284,-2012.9795399097402,-1966.975715422552,-1944.128893856737,-1797.0866726699683,-1719.7372072081498,-1902.488110321141,-1853.0252086321887,-1755.9330675476162
SAIH_AFF_r03c63,-1914.3165153229008,-1962.3741306897916,-2072.2062124258982,-2051.289692389869,-2026.3169630700254,-1938.3345247072616,-1832.6192892603522,-2128.987452606882,-2107.031999518212,-1956.581772764405
SAIH_AFF_r04c20,-1893.5848158284118,-1856.440807133785,-1923.7021932983278,-1981.4281763542797,-1934.1429271039292,-1844.4668517330324,-1791.2741924079141,-1778.6889942254052,-1759.982343621103,-1782.1919129489709
SAIH_AFF_r04c21,-1856.4861613932585,-1788.6623238597836,-1884.991547363819,-1919.4063574085578,-1937.2102714319747,-1831.415870223632,-1788.233482805469,-1883.4303907479107,-1830.7828282431672,-1839.415652952401
SAIH_AFF_r04c32,-2050.2411666583757,-2021.6555828185515,-2156.72113533939,-2173.3711142593042,-2268.2755625502455,-2078.5899072214365,-2015.0116974837451,-2224.1513942971173,-2179.7878505382623,-2031.5240875988845
SAIH_AFF_r04c35,-1916.9274392622212,-1892.0480823850635,-1984.5370107143528,-1942.7269136229081,-2006.2545973807044,-1839.393349929715,-1779.8515487773927,-1871.3072686388625,-1776.53067320051,-1726.7062283546818
SAIH_AFF_r04c36,-1754.6687947459661,-1724.5737355909482,-1803.5869911332945,-1768.8412005928596,-1796.332043217991,-1680.9397137305634,-1628.906226595929,-1660.0902513368142,-1581.739524141218,-1570.8105337306683
SAIH_AFF_r04c37,-1704.5639335680353,-1669.3288146684288,-1759.852281799264,-1733.3335025978613,-1765.7635121517098,-1688.0215105550392,-1651.2007407504354,-1696.8658430289622,-1626.2402046879292,-1631.7305343611354
SAIH_AFF_r04c38,-1734.2243475755872,-1700.156854220953,-1786.9849179640958,-1741.3354266783654,-1787.7631944899113,-1689.4787728004821,-1639.402027000485,-1695.9851746127358,-1618.3816627165472,-1618.4677290523643
SAIH_AFF_r04c39,-1674.8764358187705,-1638.6910411191277,-1687.6087138623916,-1668.4014690637996,-1673.2120378417435,-1604.199925656786,-1561.1009680324178,-1546.9039061600156,-1503.7479765033565,-1515.6103211417444
SAIH_AFF_r04c40,-1658.7868444816713,-1631.8744833723777,-1669.4472117158975,-1656.3721891400228,-1678.657084898376,-1594.3381748223376,-1538.3575861482286,-1549.3055765682054,-1493.7790522058917,-1473.1406064730588
SAIH_AFF_r04c41,-1799.7775546116825,-1782.5768674812364,-1851.95790802298,-1830.983007662133,-1850.9595577645202,-1753.501916842551,-1688.8665935193956,-1719.6413697568319,-1622.5590974080715,-1582.377243517562
SAIH_AFF_r04c42,-1496.7042013417906,-1460.8024892766803,-1543.9213256589805,-1529.5420500788214,-1530.5248849108877,-1531.3029972923289,-1512.9879490308433,-1585.412176140025,-1562.7669307998897,-1583.1228926515803
SAIH_AFF_r04c43,-1554.7025978615084,-1504.9695376199138,-1573.8565561648495,-1549.7766284076479,-1562.299786674345,-1517.8701906843435,-1488.9758405423454,-1507.1018623460589,-1479.2579408184906,-1500.1170438037407
SAIH_AFF_r04c44,-1624.3247803733925,-1578.5476529533112,-1646.612593321677,-1615.2095850392145,-1644.7895615844536,-1581.4810686575295,-1539.7825932169674,-1570.9297063966587,-1527.194925813849,-1541.5767227207525
SAIH_AFF_r04c45,-1636.990192355537,-1596.7679058256626,-1660.7885450902845,-1637.929549948278,-1668.3707446738854,-1601.4010004059235,-1546.509010200474,-1606.7882962982355,-1584.7453495528289,-1574.9616415037515
SAIH_AFF_r04c46,-1860.8819384251992,-1795.5482472104889,-1889.8235845573308,-1850.3779436834366,-1873.3271707905944,-1753.572812711946,-1654.5607302875003,-1716.6653739293015,-1676.3408689185258,-1634.308143721669
SAIH_AFF_r04c47,-1537.395219423839,-1502.7731267962497,-1526.2693837914803,-1520.0364092282075,-1526.642904257602,-1478.4381095470176,-1430.8822445464687,-1457.849313956958,-1457.4747752888388,-1454.8196316673902
SAIH_AFF_r04c48,-1609.1829235730813,-1602.5258735327675,-1728.2773316021476,-1730.1034129817915,-1756.7469398867056,-1670.1866747641432,-1616.543283980608,-1661.3271075254177,-1658.9304917123018,-1662.1000151827693
SAIH_AFF_r04c49,-1654.6932991512965,-1644.0106631192768,-1704.4677134260503,-1730.528932090699,-1731.3608832163231,-1637.3228264598283,-1581.2225899962552,-1613.6241250454989,-1603.0271003490648,-1588.4648852902897
SAIH_AFF_r04c50,-1459.1401480450006,-1437.9693858854698,-1493.1266941677186,-1500.8158363129055,-1526.4161200483713,-1465.2696664799535,-1474.414319218105,-1557.7309460117372,-1553.173555016936,-1557.5004318851663
SAIH_AFF_r04c51,-1556.2051969613256,-1505.0760061485773,-1626.0421994516562,-1608.5553358804025,-1619.934711962229,-1548.6185892316116,-1536.7422625609822,-1668.0689619956167,-1648.4395708565853,-1635.0951301073392
SAIH_AFF_r04c52,-1832.966623819633,-1780.2879032616972,-1944.94748925988,-1890.335866631411,-1855.3835394092337,-1751.3426183114764,-1714.6466690577217,-1941.2368821322632,-1874.071616502477,-1785.9130763733071
SAIH_AFF_r04c53,-1706.3399902071426,-1674.4441113243663,-1826.6119148178504,-1791.481531037336,-1815.7326052404883,-1738.86885949868,-1685.6848192379905,-1910.6530971875643,-1887.1339474380156,-1837.0225680852343
SAIH_AFF_r04c55,-1811.6281168331238,-1773.5712347922642,-1893.309824079941,-1873.6627168886396,-1841.2521878715181,-1743.1539392161892,-1671.1765799548539,-1805.0575995474987,-1756.263335410785,-1707.051121038656
SAIH_AFF_r04c56,-1809.8873876114071,-1748.1498383698251,-1886.1284508369433,-1850.909989660904,-1816.6569383187843,-1687.7256082398674,-1608.8449763771282,-1715.5790155609943,-1672.3020612755045,-1625.6173251842063
SAIH_AFF_r04c57,-1836.3359188012928,-1788.4236693394228,-1888.4376895238793,-1862.5065780170642,-1817.8254652009282,-1683.6316467562945,-1605.8104106547119,-1615.1352342894852,-1569.6046852659751,-1525.0133105337304
SAIH_AFF_r04c58,-2050.9080945101196,-1984.8713783860192,-2061.190598724647,-1993.747089096678,-1875.3813361883908,-1711.6949703150683,-1666.0024004481534,-1871.1328047286459,-1840.1520318733437,-1737.7847554527082
SAIH_AFF_r04c63,-1906.1251364875366,-1931.2999662217878,-2074.9960408794896,-2045.2041565528407,-2029.690793211888,-1892.7074466553013,-1776.050080779673,-2117.972841271212,-2112.2886806335628,-1917.6959594451985
SAIH_AFF_r04c64,-1842.2105439505783,-1821.6137322653258,-1967.0230040312008,-1919.0957986492847,-1872.276270875869,-1772.4034526988105,-1627.2483927543062,-1979.5997539395842,-1980.4275352075797,-1817.670417779174
SAIH_AFF_r05c15,-1967.0907327518532,-1923.7396992764643,-2168.872611331584,-2055.0086122949033,-2090.0484277980822,-1944.3344502266955,-1902.9564411589188,-2026.2448273876232,-1974.9437138100402,-1952.7167366470183
SAIH_AFF_r05c19,-2047.7907628682474,-1990.965938567446,-2059.9392034969705,-2137.831210982999,-2186.7497101126824,-1991.0983156434443,-1923.0824771950945,-2005.4947139734845,-1985.4748314989067,-2008.6298839141982
SAIH_AFF_r05c20,-1822.3207819926938,-1732.324843850253,-1823.0298733779412,-1842.2366902800875,-1866.5037384278958,-1767.4449030365727,-1708.6951459361785,-1727.564773664707,-1679.0242506776308,-1676.9635480365068
SAIH_AFF_r05c21,-1808.294460107169,-1729.356212255668,-1835.175421650161,-1854.7275078466316,-1904.1912196245655,-1800.4318749983638,-1770.7739279758946,-1911.253230927904,-1867.5229352034355,-1851.567829198635
SAIH_AFF_r05c33,-1743.0347078624034,-1687.7445647906266,-1782.5122472163034,-1779.406246891734,-1793.5222067499717,-1701.2457766865762,-1674.4896399909946,-1766.7154033807444,-1699.5390450364607,-1674.20845133832
SAIH_AFF_r05c36,-1796.2329251750562,-1719.51629316169,-1891.81742074694,-1800.1396493120835,-1930.8907294999972,-1644.0213654622678,-1825.3340752805866,-1908.991046878846,-1775.01518024081,-1631.1907939184762
SAIH_AFF_r05c37,-1666.6886701828305,-1630.6005653784232,-1698.9890719679613,-1687.4225470821493,-1704.2504574068491,-1609.824381944535,-1575.2670496930987,-1614.7973851247884,-1548.5325419780384,-1523.8719993718012
SAIH_AFF_r05c38,-1610.5813641660886,-1543.2340871295953,-1645.1035236810749,-1620.2925349290954,-1701.7691943065904,-1592.4026607654944,-1536.4787151854814,-1733.994610378557,-1614.9950058269726,-1578.2695439248914
SAIH_AFF_r05c39,-1695.387100405223,-1636.4050422499815,-1753.1973733809414,-1740.6931379118985,-1840.9991780362925,-1624.2849543993384,-1646.4980314754514,-1742.8809356774138,-1670.8535831335146,-1570.5434305728616
SAIH_AFF_r05c40,-1646.2707796202014,-1614.7210982999384,-1660.7451504403925,-1646.6537868575688,-1641.5910612624164,-1589.761389365127,-1540.227871062309,-1536.2676386289568,-1479.2321794552993,-1502.0875891583453
SAIH_AFF_r05c41,-1802.4952209868063,-1791.537826216749,-1841.5389312817172,-1817.0441292768887,-1817.319096674853,-1744.981651207976,-1672.8341826447179,-1633.8522041070703,-1534.8433871550596,-1529.633503370186
SAIH_AFF_r05c42,-1589.0473187772013,-1562.9293570197808,-1630.2231943186046,-1616.9681678441807,-1629.477568752324,-1588.6636595980913,-1554.5822042641892,-1612.066934989709,-1571.1935173013371,-1560.8865711038604
SAIH_AFF_r05c43,-1545.8593254721302,-1508.2958394953473,-1571.3231477967256,-1557.1726602887095,-1557.9293407844623,-1547.1391275896822,-1532.8839141985895,-1590.9335628001936,-1544.8948108207146,-1564.5409048672275
SAIH_AFF_r05c44,-1645.1552071662686,-1601.6046668691054,-1671.4790687203563,-1638.8801529794891,-1652.9885658042178,-1613.7372857397165,-1567.4724982461303,-1616.0391348962878,-1564.1366946588082,-1576.2486911405942
SAIH_AFF_r05c46,-1830.8439890331188,-1788.1689418320568,-1870.7189330595982,-1827.8419464906244,-1835.80105636108,-1716.4534208658815,-1637.1919413842684,-1650.0441136805837,-1588.7819350209631,-1577.1546099922232
SAIH_AFF_r05c47,-1608.6369887395751,-1572.7129062992412,-1625.2278495259734,-1601.2017086947646,-1594.2199473361845,-1512.8756066023461,-1454.7673395350296,-1469.9093564649281,-1479.0804929249352,-1459.7644550656203
SAIH_AFF_r05c48,-1538.2064437766342,-1516.8456985644427,-1597.506837481544,-1601.4891155251657,-1607.909416458121,-1555.7678266651296,-1510.7361705914986,-1563.136877899123,-1549.605185177428,-1557.926091326973
SAIH_AFF_r05c49,-1485.989305456992,-1458.7477119596097,-1511.0306302814777,-1609.3454358340512,-1624.5013053941448,-1566.3807534886885,-1538.2822977031867,-1621.0118991193497,-1604.9352487842941,-1585.335424757186
SAIH_AFF_r05c50,-1512.9369473833005,-1482.4805520801162,-1569.8492040225526,-1561.2509069588484,-1580.6887678447108,-1549.0878794700122,-1498.6229982776947,-1569.0931903488067,-1548.1424959298104,-1554.4395622516665
SAIH_AFF_r05c51,-1531.33545094363,-1502.304616407902,-1576.1163149391052,-1552.1052511672615,-1573.7169743137206,-1539.347101291779,-1515.1099385404214,-1613.955975353322,-1590.5533038124859,-1598.3970100320275
SAIH_AFF_r05c52,-1621.909701842248,-1602.912851230042,-1697.4643815497714,-1680.3528073532839,-1659.2875000981733,-1607.3779998376876,-1576.7812994955225,-1725.8228017770612,-1694.2497048267053,-1667.4239369179982
SAIH_AFF_r05c53,-1627.5436999719836,-1591.0993739379069,-1737.0890704902456,-1683.4641055114944,-1708.7266247895457,-1635.74149736457,-1589.9859600797051,-1801.673096611515,-1760.7564851496822,-1727.7645917504349
SAIH_AFF_r05c55,-1818.1470940981148,-1793.9966612373587,-1925.663769580861,-1905.9027150032207,-1906.399171986864,-1770.2771461042528,-1683.6068142181534,-1860.7393094129534,-1813.09244313629,-1747.3454454040298
SAIH_AFF_r05c57,-1843.6379341046102,-1833.3958986901578,-1912.5711483772313,-1913.6197110071816,-1845.1428780919564,-1724.5676865386326,-1644.074424292576,-1687.8779767360265,-1625.3330644865646,-1571.7849522622414
SAIH_AFF_r05c61,-1876.1326366012183,-1828.8166561048292,-1942.547130235311,-1915.687114732978,-1910.1094564232567,-1756.4666045176732,-1701.1651365095659,-1822.2133718098457,-1738.131476544865,-1653.8553359973612
SAIH_AFF_r05c62,-1774.570132797223,-1792.3677250131543,-1896.2644662064704,-1894.9697469444598,-1891.2959495930743,-1747.5263906013179,-1688.4225428063587,-1921.1825078335446,-1903.2002246008628,-1764.8125865485551
SAIH_AFF_r05c63,-1415.5922160016346,-1389.3799353733837,-1412.93539433234,-1443.0241145263249,-1418.0132212230878,-1361.5449060714454,-1345.4126676547453,-1414.2695830692928,-1441.5922814661967,-1426.6482143885873
SAIH_AFF_r05c64,-1795.3969039647989,-1746.1662195022984,-1966.543175137486,-1913.4734253488539,-1874.8999808919023,-1764.7350073422201,-1670.2035483474106,-2077.896766543555,-2054.052060402526,-1894.9893910799208
SAIH_AFF_r06c07,-2005.771256676124,-1924.457830885421,-2089.917912355002,-2129.6926635650498,-2109.622689435033,-2020.3925952390885,-1929.9056945255777,-2117.0512236084446,-2009.6939283777006,-1932.264622277393
SAIH_AFF_r06c19,-1844.8459442191588,-1763.1196067437706,-1850.9245537402367,-1892.4723742714455,-1910.4624255147144,-1821.6229408159802,-1759.6424367282543,-1817.9983492626443,-1779.2757435489543,-1773.0221819462008
SAIH_AFF_r06c20,-1852.6160820277337,-1786.2808745450511,-1874.892549930208,-1903.267078022881,-1932.520599553857,-1834.978446847646,-1771.2803605672023,-1835.6791473707556,-1782.124734857874,-1745.326634227794
SAIH_AFF_r06c21,-1821.2443504998157,-1760.3273958705508,-1878.3975396475596,-1895.268818410134,-1941.209388145764,-1826.908969046086,-1775.5083050586657,-1905.286359570312,-1865.102524247537,-1837.6474294611164
SAIH_AFF_r06c22,-1765.9678430922384,-1728.8364239723671,-1804.0330100076178,-1836.5537609442013,-1855.3457558934322,-1768.4705771859697,-1721.6157424316732,-1750.8494891836333,-1711.7391497177198,-1721.4419083348116
SAIH_AFF_r06c33,-1946.8028429419303,-1893.0104282927734,-2021.5667655863729,-2015.2664078064847,-2103.9645088610496,-1878.5557427322694,-1812.0250393766485,-2063.972433737704,-1962.1870599463844,-1841.484392765127
SAIH_AFF_r06c34,-1824.1949592329265,-1752.8237531798322,-1879.1242528210817,-1836.12277607462,-1922.3535738047096,-1731.0528732633227,-1662.404688539561,-1913.2004565912198,-1881.7260165677378,-1868.229480138281
SAIH_AFF_r06c35,-1784.4735252620358,-1759.9905513494914,-1946.9518543922004,-1827.6895897934758,-2003.9369577066625,-1687.3754554155669,-1672.7773268899268,-1981.4919087943138,-1886.8081295427462,-1854.0056175526352
SAIH_AFF_r06c36,-1711.916808415165,-1672.0742249052976,-1757.519535204065,-1748.4787403341438,-1774.4177423899318,-1604.550452899496,-1580.6349593538355,-1699.6396083567256,-1599.522274515533,-1569.415245703194
SAIH_AFF_r06c37,-1800.5425528585888,-1749.7600658189824,-1868.700348913622,-1843.0350061020774,-1875.1173267688198,-1714.0874709238649,-1652.3841778885776,-1760.0009857200973,-1657.3925147858015,-1627.5282077626769
SAIH_AFF_r06c38,-1732.2197169134436,-1690.3210932098368,-1771.717484834649,-1752.2230617702703,-1753.5581997260465,-1680.799632117932,-1595.0744295871114,-1627.106184854217,-1548.3254347400689,-1533.7002230774253
SAIH_AFF_r06c39,-1559.9185719911434,-1512.2316771984365,-1604.8589673041367,-1591.1927639831738,-1617.3378650803381,-1588.8977449060224,-1560.3700628255044,-1673.134820560031,-1597.5747946891718,-1592.2901004842963
SAIH_AFF_r06c40,-1643.426670769488,-1608.409556269493,-1675.087116273248,-1666.7653516778105,-1666.9821631601458,-1595.6518973808002,-1553.7410815800736,-1573.599416912663,-1516.5973776716148,-1527.9133087859477
SAIH_AFF_r06c41,-1658.5268687321943,-1634.103099857034,-1697.3438175044603,-1665.8760735492083,-1669.6809328268646,-1618.2983397163634,-1569.5414366514653,-1566.549002368852,-1495.4380054681872,-1525.7597728197688
SAIH_AFF_r06c42,-1598.1466444738958,-1558.5817593162685,-1604.6423111440406,-1594.8723219969322,-1592.7700830663596,-1548.243884813257,-1495.917137132541,-1476.5686549719812,-1435.468077890365,-1449.4553022634536
SAIH_AFF_r06c43,-1610.2931090683883,-1548.1027055218726,-1614.3240002607738,-1597.7797848621165,-1623.5305769606894,-1576.1187769737273,-1550.014603298781,-1601.3772996935916,-1565.509936762501,-1565.573346371993
SAIH_AFF_r06c44,-1796.4198824857926,-1752.3904804625458,-1824.122599708431,-1786.728288167993,-1799.0994046051173,-1682.1457843799465,-1623.0848757181639,-1652.4647131385886,-1605.6496063300149,-1605.1486870277977
SAIH_AFF_r06c45,-1627.1718739808225,-1581.6792564085831,-1637.4033109386205,-1617.3329619724734,-1640.2093170699886,-1557.6224408062092,-1522.6922418628917,-1547.5022868697404,-1525.2108720892309,-1511.3469232274474
SAIH_AFF_r06c46,-1731.3280947125934,-1690.0333283764703,-1763.1227136472853,-1747.4127970530149,-1766.0046724948927,-1667.0568134680552,-1603.1466396387227,-1595.717858009376,-1536.6702564784878,-1545.0058256175855
SAIH_AFF_r06c47,-1522.172803062504,-1491.2441815284878,-1539.4806468184531,-1525.67228021498,-1537.4658688787076,-1467.8748373435685,-1437.4359400954943,-1499.3980421250815,-1495.4277518599547,-1489.8832029039552
SAIH_AFF_r06c48,-1616.6279672023409,-1604.736818084612,-1662.1428429853788,-1677.1937894127395,-1698.2949702953758,-1632.594311525602,-1562.686356737133,-1600.9849938191426,-1586.9558029636805,-1596.1885448125142
SAIH_AFF_r06c49,-1523.3799095763964,-1473.3108343964489,-1530.1229406193986,-1527.2866005577778,-1534.870487624802,-1495.835273031799,-1490.3119744747682,-1565.5115534023646,-1558.8367366106015,-1548.6268865426402
SAIH_AFF_r06c50,-1496.4660774961737,-1477.600789617109,-1526.9999321993243,-1542.8867833012157,-1550.2772969434939,-1511.260826594555,-1410.0964960088872,-1419.2584379245693,-1424.6091447466213,-1417.919384995711
SAIH_AFF_r06c51,-1419.1864249804983,-1409.8340520783597,-1445.6002577568365,-1463.9718267602727,-1473.100793880623,-1454.1964534955014,-1425.8860599989039,-1483.9885183416948,-1488.5231368067884,-1492.7674762005392
SAIH_AFF_r06c52,-1466.3174956313073,-1452.4418716256741,-1507.5913121723472,-1506.3430140058945,-1510.9408987767656,-1502.042774053884,-1469.5486163636833,-1551.6593359588946,-1535.4048590281927,-1537.8081948827617
SAIH_AFF_r06c53,-1489.3504938149224,-1478.8456000125216,-1526.6654371292475,-1532.8527476770093,-1517.4073281821452,-1521.7559150836587,-1501.0392678078583,-1546.6865931726759,-1533.3032905343014,-1527.4240547605007
SAIH_AFF_r06c54,-1541.6078973928327,-1520.6525846084035,-1612.4118134898793,-1593.2815464097669,-1603.0943947340284,-1570.2192816142162,-1536.0695487986477,-1650.954233093315,-1644.758316099133,-1601.1298863194786
SAIH_AFF_r06c57,-1800.0838151043024,-1808.5379564214677,-1897.0062638922223,-1923.286691120457,-1873.6530048942361,-1780.5851012762585,-1713.0509981529212,-1820.347968213552,-1760.652785749319,-1688.4122663758646
SAIH_AFF_r06c58,-1931.783912560439,-1930.3777442220726,-2041.0105204959293,-2022.9332884764835,-1945.641272995656,-1799.1752781385453,-1700.9782574678836,-1903.5308077884008,-1831.277705624319,-1698.697503142587
SAIH_AFF_r06c63,-1499.2626781488948,-1479.1448592157396,-1518.202250356754,-1536.8559469055635,-1509.0045393238495,-1438.1682080366897,-1398.768731885097,-1436.060704325662,-1455.1644904869852,-1437.7185045275835
SAIH_AFF_r07c08,-1863.476252949237,-1768.8534771485251,-1929.0855192351548,-1953.3690645466293,-1922.449718366294,-1880.1943207141592,-1818.1607603455604,-1948.0227009078844,-1875.4939679846286,-1823.1695589440685
SAIH_AFF_r07c18,-1953.8985851465325,-1875.3377344013963,-2029.9761415324886,-2046.8270202185583,-2068.920678647843,-1953.9782757275298,-1906.4173778468007,-1987.3058236028946,-1932.360527080714,-1935.8285180830526
SAIH_AFF_r07c19,-1749.2905780200092,-1678.674752821258,-1765.3201164364425,-1797.5718840556992,-1814.0085364034067,-1753.6946004172696,-1715.653612068767,-1768.5518506011656,-1729.8511063817575,-1719.809442660032
SAIH_AFF_r07c20,-1899.358974963274,-1866.854469609484,-1972.2652410842175,-2004.5015489199457,-2049.46512115094,-1935.765098368855,-1862.649527729988,-1983.4277532935828,-1937.9957840048812,-1907.021336601384
SAIH_AFF_r07c32,-1983.4859641037253,-1959.2424334473385,-2094.712127957103,-2111.4504553810434,-2200.068108139256,-1982.2697746400743,-1922.8864349347243,-2151.160367970929,-2119.9237217121768,-1968.806205123107
SAIH_AFF_r07c34,-1862.111815003477,-1819.8963270437007,-1912.5987350888527,-1933.4383846848925,-1960.7838625620398,-1813.2860663358233,-1756.1492254710745,-1874.5863583391238,-1830.295790176649,-1699.9075331613683
SAIH_AFF_r07c35,-1666.7485864318446,-1663.3425913322155,-1769.6719082123145,-1750.6040962064078,-1836.4874715977576,-1671.7726144728504,-1579.823180947202,-1768.1474456299882,-1891.2573505544392,-1670.7033103672197
SAIH_AFF_r07c36,-1751.6095549090412,-1697.7260898142597,-1784.2764162282613,-1758.9087350115346,-1811.1383403556645,-1614.140574059186,-1551.939074623505,-1678.1273106261967,-1820.3512047072743,-1558.974889820544
SAIH_AFF_r07c37,-1675.1403077116413,-1648.0190762368968,-1699.6996984656346,-1699.7915434267131,-1692.3987163849424,-1622.7480277244151,-1556.8034163425386,-1580.3356480633263,-1521.5250519570989,-1516.9075032849487
SAIH_AFF_r07c38,-1595.8345170566201,-1564.501555600955,-1618.6196660433845,-1616.4897262247143,-1611.5420169387728,-1546.7380855109184,-1502.6140093126605,-1512.5619150128648,-1473.2832346024356,-1485.4465727020893
SAIH_AFF_r07c39,-1802.9320073715012,-1747.149961257766,-1870.309796550898,-1822.7037056427594,-1845.8910662492324,-1737.734131388547,-1661.514580693804,-1779.9668465912107,-1686.9000371716118,-1645.0094394940513
SAIH_AFF_r07c40,-1764.7445726430888,-1700.7948231364846,-1813.8991901498807,-1773.9844913963284,-1778.9341388209837,-1720.2039283227714,-1633.7526030896838,-1729.2987938625236,-1660.158640582551,-1625.569646063567
SAIH_AFF_r07c41,-1683.8385396344934,-1637.9616080570502,-1728.5432796424031,-1705.206613647854,-1706.198220893118,-1667.4200855249237,-1604.6549569625863,-1672.2681727362524,-1626.7410501287102,-1601.87841373008
SAIH_AFF_r07c42,-1646.6031366120553,-1596.3955514471977,-1666.4053373206605,-1657.050898587769,-1669.0717744195163,-1613.447382272307,-1559.3479340206447,-1615.99858331348,-1586.2936547631878,-1563.0983274719397
SAIH_AFF_r07c43,-1807.5244159080323,-1766.0745904943392,-1858.5196704061823,-1864.9246294948782,-1899.654774555943,-1780.8917355501694,-1725.9154997042242,-1781.7066452730824,-1708.0362809714022,-1643.9906241656768
SAIH_AFF_r07c44,-1603.8069558206505,-1556.2502702801821,-1590.9412948841855,-1591.6635332490498,-1604.989942697992,-1519.960595375532,-1489.5851323653046,-1475.2548722419049,-1456.4597092753932,-1451.8613181295889
SAIH_AFF_r07c45,-1450.3576948761984,-1418.6164674147926,-1452.9533894643168,-1476.1330513690154,-1501.2744490565594,-1452.7749558066805,-1439.6049051316695,-1455.0417211172123,-1433.6884966413131,-1431.9696211813741
SAIH_AFF_r07c46,-1683.857768711474,-1699.6022499332253,-1811.5451112659025,-1790.2921744640967,-1843.0824792211133,-1729.8097507580962,-1660.7872409512997,-1692.458198691729,-1631.7526592262452,-1578.0450981727154
SAIH_AFF_r07c47,-1583.5267428529592,-1584.3762400339272,-1688.1264062442788,-1702.542966030274,-1741.12106657314,-1652.2599399025291,-1589.1129183396802,-1673.7443292169048,-1642.0912036770485,-1602.233744104117
SAIH_AFF_r07c48,-1630.1762588609831,-1618.1707380920027,-1670.6917400500542,-1697.2301419850749,-1711.659932148733,-1640.0428494392904,-1571.1995513230002,-1595.2431834602091,-1584.8098070217725,-1570.9982539815546
SAIH_AFF_r07c49,-1444.4851326474243,-1422.9681834726905,-1446.7086051267827,-1461.5360678962093,-1454.172175857673,-1432.6415521228064,-1413.9522699717465,-1391.0694595380203,-1418.6746308366323,-1411.9685893625456
SAIH_AFF_r07c50,-1493.9368060390682,-1467.444056474879,-1524.205328677703,-1521.4469618841754,-1531.21531438623,-1500.9098092899849,-1480.3589724797582,-1511.2918836998726,-1519.6263905393635,-1518.067031195201
SAIH_AFF_r07c51,-1426.041151993972,-1404.7257729583146,-1451.3400414269577,-1468.2740568298236,-1474.6673169633223,-1457.1702354423082,-1435.030991654388,-1457.6405570380057,-1471.1546676024022,-1469.180505764952
SAIH_AFF_r07c52,-1421.6745213742156,-1402.8403210647746,-1459.6753119935954,-1467.1274572685973,-1473.9106128871,-1484.1903533963955,-1471.4348275690588,-1564.2966445799414,-1551.1583254576867,-1551.492576817055
SAIH_AFF_r07c53,-1540.964719528896,-1521.3334520346373,-1582.006454383352,-1571.4058851407794,-1582.8245167067728,-1550.7391931628058,-1488.0008038522071,-1582.0803249971864,-1561.4069455972738,-1547.7557598498088
SAIH_AFF_r07c54,-1602.4108588211934,-1573.4302325581434,-1702.7932865983307,-1673.7243201784295,-1690.5864370752804,-1667.9122776247916,-1611.7465576997633,-1821.4394181334665,-1787.4013407955817,-1756.1155539616593
SAIH_AFF_r07c55,-1563.1591001338174,-1559.6208013533117,-1682.1346709298027,-1650.0992932316303,-1692.0235388696485,-1626.1423618476065,-1573.5528897897036,-1836.1736571008162,-1830.8188221923756,-1761.582959523834
SAIH_AFF_r07c57,-1873.3453406585409,-1900.4024898004143,-1934.9715170813781,-1942.369814443363,-1908.8091013360345,-1805.2168074620754,-1691.5060935691554,-1665.4261046721783,-1610.3482211596424,-1571.6972540968638
SAIH_AFF_r07c62,-1836.0644691789828,-1856.4051181638338,-1969.0449750269668,-1941.7789467346627,-1964.653586798325,-1798.3655094604399,-1677.277915353449,-1849.6313100112097,-1765.971163209537,-1650.454590431719
SAIH_AFF_r07c63,-1818.7121811992665,-1834.7627179890014,-1881.040327310814,-1880.123249541764,-1874.3482744173864,-1720.8296988740515,-1638.0570542026705,-1713.010432050275,-1669.9568368682894,-1601.1988059701484
SAIH_AFF_r07c64,-1601.7343746318982,-1595.8537627315675,-1728.8217751287268,-1696.161652570662,-1732.8385699290407,-1712.0136981281294,-1703.1063705588456,-1998.1634561269943,-1932.9553796499224,-1920.817084311683
SAIH_AFF_r08c29,-1892.465311572545,-1863.5400243061529,-1979.909970738729,-1935.5125338382331,-2007.5092660689227,-1822.2365781526275,-1774.5083454603302,-1919.207739371273,-1876.5655327272443,-1824.7005361958254
SAIH_AFF_r08c30,-1982.8553376758548,-1961.8484612916432,-2060.209943627214,-2061.6479844316154,-2159.2587930850077,-1952.6139259823497,-1891.5475986132456,-2077.419621172794,-1999.9609277379668,-1923.5463177692961
SAIH_AFF_r08c32,-1702.3022642425003,-1652.782602457038,-1741.7312519729614,-1757.302191194004,-1778.6002603657123,-1686.188264237282,-1678.7335686538463,-1775.3344055809052,-1711.110344971524,-1702.1539497061108
SAIH_AFF_r08c33,-1711.6575587520465,-1673.221974778082,-1730.3406262712654,-1760.3304457123777,-1751.9981589460615,-1672.3347067352317,-1632.6939495561644,-1664.737947094472,-1609.4929904348633,-1592.8502513847016
SAIH_AFF_r08c34,-1754.2667960780016,-1718.518013222916,-1781.7167091949887,-1804.3412389048049,-1811.7427088714603,-1721.9833043723288,-1670.5626523061826,-1714.5395017663604,-1652.731839362962,-1600.5410202622666
SAIH_AFF_r08c35,-1677.9091414086095,-1644.3059106722787,-1715.331945900554,-1726.560827973984,-1743.0526363830782,-1655.3700924781322,-1600.3884968261175,-1700.72622195795,-1673.2059607450415,-1596.3042833075147
SAIH_AFF_r08c36,-1776.9984164170846,-1755.446990409801,-1844.2031812537173,-1839.7339554614039,-1877.916529266282,-1707.163448193098,-1639.6625559602196,-1713.4715085518692,-1700.013532198649,-1576.2219416239677
SAIH_AFF_r08c37,-1847.3564994941016,-1781.5737829746843,-1943.8142491316275,-1889.9291402851811,-1931.2124200732255,-1804.0321688971408,-1703.413376586801,-1892.5714490606972,-1824.2727445785395,-1725.229492849618
SAIH_AFF_r08c38,-1821.1041422063606,-1752.9985754316763,-1892.0453696311258,-1846.3299075856974,-1870.9451958651,-1763.744597859496,-1654.6614719495722,-1764.9193788255927,-1707.8374478832382,-1622.4301465792107
SAIH_AFF_r08c39,-1680.625923540135,-1606.429771830494,-1747.8710473264603,-1698.3243793732047,-1726.5891540594032,-1682.4099774933954,-1641.527567330737,-1793.3871892302118,-1715.6106200921654,-1688.3785934284886
SAIH_AFF_r08c41,-1742.2288348503942,-1693.1574716871846,-1803.8879827396831,-1746.809278202589,-1760.9000644392097,-1707.5149971171925,-1622.7329529593765,-1674.17913056636,-1625.396525500447,-1592.4009266723535
SAIH_AFF_r08c42,-1668.994471808572,-1625.45368998299,-1689.0719864964992,-1676.6734688553333,-1685.846543771588,-1621.6866514656624,-1578.7798219708434,-1627.8416286641555,-1575.0697611320402,-1546.6153145773112
SAIH_AFF_r08c43,-1682.7194095082634,-1637.3022032612128,-1692.7139593769643,-1668.341545907577,-1701.4556466228748,-1604.0343958047033,-1556.9237503161862,-1578.4694988226156,-1548.1717286825553,-1510.9439888181043
SAIH_AFF_r08c44,-1507.863947778145,-1475.0343703464146,-1510.8956788658481,-1525.3277140420553,-1533.8976113665465,-1476.0790212835864,-1449.9241552155347,-1427.0557556442832,-1414.5291948435347,-1413.979751774066
SAIH_AFF_r08c45,-1569.0369186615355,-1559.3210410279817,-1593.0406314004304,-1578.9517526580128,-1595.290232861522,-1522.679906072663,-1496.1888409105734,-1523.1529606679273,-1490.7946330963407,-1457.8060139586453
SAIH_AFF_r08c46,-1500.2130819080212,-1452.4540004382893,-1487.788538199046,-1501.233099752679,-1504.4948422678365,-1460.8390928443962,-1440.015387103843,-1475.6433286025856,-1460.4946883446207,-1456.424225427072
SAIH_AFF_r08c47,-1542.4049849273488,-1504.3289827785827,-1558.3801985000364,-1634.4310673940481,-1667.9340584547665,-1611.3456930811835,-1575.4178175426882,-1617.2134553400997,-1571.0588276710935,-1570.9863615975964
SAIH_AFF_r08c48,-1541.8997295556308,-1528.0445281306474,-1571.6307899739982,-1592.8803681381582,-1625.7592810404662,-1554.2435668404428,-1511.827820562638,-1527.9344048528721,-1512.1450150348287,-1518.8047167375587
SAIH_AFF_r08c49,-1537.6496655431147,-1497.6102351111901,-1556.7885173281018,-1542.7223746960667,-1547.1138718732716,-1505.1990827219888,-1490.8156312938943,-1521.4344521898836,-1511.9508567522719,-1508.5592708735533
SAIH_AFF_r08c50,-1430.6407936872192,-1403.772382104747,-1476.6629697816816,-1483.6626646778418,-1499.1957697483026,-1490.5233208857921,-1463.9170821642035,-1555.1749470631798,-1547.372145844851,-1549.432765023105
SAIH_AFF_r08c51,-1578.9108447753633,-1561.3106371100075,-1629.6706677902152,-1615.2248055746147,-1627.1936792509432,-1600.9277632406227,-1496.6177705193456,-1521.8068320858627,-1492.4015115742127,-1507.3562791377187
SAIH_AFF_r08c52,-1565.9433974074743,-1539.9594794084655,-1631.5804778174788,-1610.1896116428882,-1622.7061631152021,-1618.1300174747657,-1549.6944419811678,-1649.1906679533647,-1613.365081766254,-1619.6514827469287
SAIH_AFF_r08c53,-1486.8947670475295,-1454.8040668857932,-1558.2417462305002,-1534.2734961131112,-1549.2002817342309,-1579.7488782803778,-1573.2532086398498,-1713.4437548912194,-1677.7634058538113,-1698.3009599833044
SAIH_AFF_r08c54,-1605.7896714765952,-1599.299893334864,-1691.981606131811,-1647.0885216316378,-1672.5346140104273,-1630.1169039466097,-1567.4885419736438,-1676.1360332565732,-1631.0355124490475,-1628.0065955044156
SAIH_AFF_r08c55,-1655.4682500756562,-1671.0494537030274,-1720.5315255616886,-1698.5853960783493,-1690.0076778987127,-1644.3799711980955,-1565.009770210901,-1607.0050220710234,-1573.6534614461475,-1562.43456437121
SAIH_AFF_r08c56,-1649.1193741443385,-1654.8412491035922,-1775.5936136645153,-1731.6982541234763,-1783.5846534976213,-1728.708888454267,-1674.1810261425126,-1857.1620418540974,-1814.3932459743144,-1774.6825686159461
SAIH_AFF_r08c59,-1728.00423717758,-1716.6446536942235,-1827.3658114038517,-1788.1199089946092,-1830.5744454359017,-1722.9653929042925,-1624.6109858743355,-1781.022769611296,-1743.726874246622,-1678.5551928907255
SAIH_AFF_r08c60,-1774.6679401057695,-1783.0047043361253,-1885.6226856439514,-1857.9423066893362,-1882.201571936705,-1748.7942087640422,-1636.3452836683389,-1747.173619731091,-1705.5343776403217,-1615.2547017283996
SAIH_AFF_r08c61,-1566.1757355032107,-1554.9289398370502,-1705.1939688345435,-1694.6509787143011,-1728.8484460317914,-1655.3008877954865,-1538.186755333165,-1908.0784849820905,-1863.631957506868,-1823.396163408634
SAIH_AFF_r09c18,-1858.6686533395466,-1815.9885486987996,-1894.8257061155634,-1939.4025028935928,-1973.8647499986905,-1885.9467212041538,-1817.486739220379,-1901.9354689193915,-1834.5396985424657,-1827.6745583668064
SAIH_AFF_r09c19,-1778.5243814330438,-1732.0510455168946,-1823.3799854454826,-1838.3343900191612,-1876.1634137147526,-1797.8401856486178,-1744.585963268169,-1827.1925436897263,-1781.4915892694466,-1770.502617718814
SAIH_AFF_r09c26,-1933.1311727829302,-1888.7170352835196,-2013.0602810321623,-1971.6534390564523,-2068.6257050681097,-1892.950798422532,-1838.7971446378153,-1988.930032628221,-1969.5850611975548,-1891.8174835942357
SAIH_AFF_r09c32,-1854.4293674943322,-1791.89397922897,-1875.9658163078268,-1901.7353186096086,-1920.4955902146762,-1769.544925342648,-1694.9603669234682,-1720.919963967551,-1661.2272793928958,-1619.2561734375904
SAIH_AFF_r09c33,-1655.3177837223782,-1600.7982389555173,-1686.380613852781,-1701.87978149228,-1709.7596127167922,-1644.9583584175714,-1611.0722609319284,-1668.7604686346663,-1624.479580992865,-1612.4490113755926
SAIH_AFF_r09c34,-1668.397670788747,-1617.2139710773465,-1709.8430885749751,-1720.2973109578213,-1739.6893119215613,-1674.4059411385745,-1628.7655573189197,-1708.6961261869967,-1675.1080278436868,-1622.8788909665152
SAIH_AFF_r09c35,-1725.3069196779174,-1673.5860391820167,-1769.2390474644792,-1759.5315618357547,-1783.664222589866,-1705.7698213668682,-1659.194821105097,-1753.1870595688104,-1734.729736238652,-1659.7395657728032
SAIH_AFF_r09c39,-1779.3255526004416,-1729.4269604096212,-1830.7978885480034,-1782.3337748552408,-1801.4271357967812,-1752.15440614431,-1677.0991853659052,-1715.0406584086375,-1657.1447703213514,-1655.9927908023838
SAIH_AFF_r09c40,-1705.7565057610861,-1656.7499175491962,-1750.1523533815298,-1710.1953796139728,-1712.9017448160698,-1677.1195615187692,-1595.7957628139015,-1624.2969825623088,-1567.697539039801,-1547.1829962884046
SAIH_AFF_r09c41,-1796.6294575754553,-1752.9699092380276,-1858.708273322892,-1803.0284750627152,-1809.446003697515,-1743.894940268881,-1622.4006148560534,-1671.3146528472425,-1615.3373276281948,-1549.8572999753837
SAIH_AFF_r09c42,-1697.775611582756,-1650.398684920315,-1753.886466358365,-1713.2669072321519,-1749.2592058196606,-1671.6271191322874,-1610.688130764276,-1726.0668852355982,-1692.8535003325665,-1614.1539732584754
SAIH_AFF_r09c43,-1561.6080314935898,-1523.8099600571659,-1569.9490113755928,-1567.4582825104837,-1571.010483030839,-1511.175944781518,-1484.5536977222635,-1501.5188485156236,-1479.1662522314064,-1458.3358888720206
SAIH_AFF_r09c44,-1469.4732102656478,-1417.6825675633243,-1470.4177853051744,-1480.7512172392496,-1503.071885176383,-1463.704857439035,-1444.9742573531744,-1494.6189700847108,-1482.4321042270938,-1484.5580295906943
SAIH_AFF_r09c45,-1501.363243297036,-1471.5102004473008,-1471.0323978776792,-1491.885854506791,-1492.1440449814847,-1426.9662010339246,-1385.7146965006839,-1331.3157267589556,-1324.3101538316498,-1324.498664383024
SAIH_AFF_r09c46,-1552.7727901203539,-1518.1728938189365,-1527.3360907729218,-1519.6591668499723,-1595.0623055651583,-1515.8961338235454,-1493.7565780515147,-1548.168876808178,-1518.3023154112855,-1492.2989556819493
SAIH_AFF_r09c47,-1583.1555396760582,-1546.1416564584176,-1592.7924715477793,-1577.658316843086,-1589.5691072232514,-1525.698267738794,-1488.6869522882175,-1518.874982986253,-1494.0083864685748,-1486.4508904733484
SAIH_AFF_r09c48,-1580.408696107432,-1558.5523101489493,-1604.7517499541887,-1604.4810214392282,-1647.9941101018292,-1573.6568545326036,-1533.066027067353,-1593.9657260281156,-1558.4879060757569,-1555.0548964686777
SAIH_AFF_r09c49,-1490.3011055944853,-1438.0027443463314,-1518.9940818485572,-1499.109776471943,-1560.0593517267382,-1510.7148053294782,-1525.745611140788,-1647.1502110632766,-1620.990201007656,-1607.055756318804
SAIH_AFF_r09c50,-1478.681091706715,-1457.0682591533969,-1516.4536336128836,-1518.3317131011092,-1512.0152992848994,-1521.6409759085345,-1509.196380521616,-1558.4592560019269,-1516.7543345792644,-1541.8807859827675
SAIH_AFF_r09c51,-1509.7439063989366,-1488.8142669348183,-1565.4376289685679,-1549.2033775361656,-1558.6666326242048,-1571.0956959850862,-1523.17755239921,-1594.863748965634,-1563.6796839811902,-1576.5301223433794
SAIH_AFF_r09c52,-1558.590295776196,-1531.241000790621,-1614.8606673682777,-1591.7916555403717,-1605.075533145889,-1608.301341962103,-1542.1126164334069,-1627.0864002638896,-1575.4259669405042,-1599.1470634434447
SAIH_AFF_r09c53,-1543.8914461970305,-1532.6742364733243,-1627.2572555981494,-1589.0454528791981,-1617.456639225791,-1615.5324943966154,-1576.505278702948,-1689.7386177967703,-1638.5579845618897,-1665.1521921280305
SAIH_AFF_r09c54,-1694.7465105808183,-1712.798168643916,-1722.587468456489,-1710.0660188685165,-1680.886058553133,-1637.1947949279074,-1510.5749609959903,-1414.4098824120704,-1369.5664089086201,-1382.8603159063064
SAIH_AFF_r09c55,-1645.1158144747794,-1626.7908887131482,-1719.621004614039,-1683.048499782652,-1688.1219028066573,-1673.3750726671865,-1558.9404862285853,-1682.4377916507358,-1645.7764547839888,-1629.6409507748551
SAIH_AFF_r09c56,-1538.1430560717824,-1515.921255555614,-1639.364063489736,-1604.3931934897892,-1619.1602712762335,-1664.8211288692983,-1629.8915418562162,-1812.1881475005625,-1763.068086041994,-1772.6154782408407
SAIH_AFF_r09c57,-1664.3418028794545,-1689.989742797439,-1807.79997538481,-1747.5897145161553,-1828.4785376481511,-1721.1657257029733,-1643.2074222657504,-1850.5162538821307,-1814.293845154735,-1756.1810316383776
SAIH_AFF_r09c59,-1695.7806445530382,-1742.4674764171934,-1841.8678629604597,-1793.9448468754417,-1859.186983757849,-1729.6786217480335,-1624.624516166202,-1808.7360637534491,-1782.4112312293432,-1658.491514903913
SAIH_AFF_r09c60,-1599.0773362369982,-1611.4135941745242,-1681.9893232752077,-1660.6138553996118,-1687.2634604209968,-1574.0753024504907,-1464.7026143448695,-1547.469139841799,-1557.8837365134043,-1486.8469346623187
SAIH_AFF_r09c61,-1679.314019137001,-1724.8059249289042,-1810.2136258176683,-1794.0256050361634,-1856.9077401683273,-1683.9801873896895,-1575.138777305841,-1770.1898721581242,-1747.9717422841845,-1614.8818837429749
SAIH_AFF_r09c63,-1692.680965772219,-1745.4027865057913,-1819.9958026980032,-1790.4892174113402,-1826.103356270554,-1691.8817685749586,-1593.9699381009227,-1763.289744757954,-1711.6619456838214,-1690.5990359035582
SAIH_AFF_r09c64,-1700.887453797264,-1746.5276719055926,-1798.4005973634328,-1769.0692962524754,-1818.2397699548696,-1714.7086976325345,-1627.1235694166676,-1804.680866046092,-1733.1279174476188,-1721.2099305780962
SAIH_AFF_r10c18,-1829.6564638852951,-1777.4776184665977,-1860.5648849765132,-1891.5808568241687,-1935.9324835961265,-1860.0768664805905,-1799.2959688103856,-1874.3055100256079,-1776.9312477416856,-1802.471868601442
SAIH_AFF_r10c25,-1948.7477712574669,-1885.129400555942,-2020.082983033812,-1982.5259256544887,-2074.283847309543,-1906.3216534835396,-1823.5878985693125,-1958.2680537306248,-1954.3880289173787,-1868.8439566134637
SAIH_AFF_r10c33,-1727.4031966374316,-1670.6674151833731,-1771.3864623163706,-1770.470071109087,-1812.0753541714103,-1715.7830950380667,-1667.8316177644472,-1756.831552334665,-1724.4691001311212,-1688.2736927783837
SAIH_AFF_r10c34,-1833.3183507163121,-1774.6811648471935,-1893.7584049731995,-1866.8042352842597,-1918.2501106348218,-1792.9025313770833,-1722.5296462042443,-1812.3785465333988,-1821.0865072652387,-1701.2477539167348
SAIH_AFF_r10c35,-1819.6211739701723,-1758.468868275166,-1905.427115015156,-1863.2136059300526,-1908.8142435362543,-1793.2545791956118,-1746.5954917367703,-1882.652829181216,-1913.0683934731746,-1798.6397551131531
SAIH_AFF_r10c37,-1921.4795270211923,-1866.4992423231238,-2015.6133466286653,-1951.7679624380712,-2006.8376189840587,-1885.7291678116885,-1783.2902962398812,-1875.7643140734228,-1853.218569495589,-1730.9183933586162
SAIH_AFF_r10c38,-1766.050939152159,-1710.7380272174767,-1811.4870943499002,-1758.270616700753,-1768.0874420967461,-1720.5747485512738,-1633.8303058234512,-1636.1910643724457,-1596.4836718715235,-1542.5570417427145
SAIH_AFF_r10c39,-1804.4396214167555,-1719.1110125217247,-1879.3446117846597,-1790.8602848797032,-1817.990671524593,-1771.3474647695623,-1686.8462214963251,-1784.804942207425,-1739.488870741462,-1672.2613177125863
SAIH_AFF_r10c41,-1832.9924067867614,-1770.4180194805188,-1865.18823313783,-1813.083213762045,-1815.2184515081692,-1746.5185248219525,-1640.6321638039376,-1684.3650267071641,-1636.4062683284458,-1569.2271103896096
SAIH_AFF_r10c42,-1634.7435942417562,-1584.3250873214945,-1669.720799011316,-1651.7948926744202,-1672.255821869387,-1630.7955394033338,-1584.337726027828,-1662.9531029896161,-1620.664923727881,-1591.2916616481898
SAIH_AFF_r10c43,-1691.9328664264087,-1654.155615576476,-1733.5660592165702,-1710.228535759994,-1731.922049574837,-1636.5436717623384,-1588.0291973859496,-1611.612823190409,-1581.6438683134038,-1531.357039851972
SAIH_AFF_r10c44,-1451.7183173059298,-1409.3303747637765,-1454.362846613305,-1464.347149879336,-1500.06251734048,-1453.8136572316996,-1434.1905097185213,-1515.230909766682,-1514.0447763928657,-1526.8603836106938
SAIH_AFF_r10c45,-1521.3702986993599,-1488.6486596890725,-1486.1714817656436,-1509.548782499627,-1517.8622426935567,-1439.477649264577,-1376.2900973843177,-1311.9019479482256,-1309.2206714516515,-1316.638698679459
SAIH_AFF_r10c46,-1484.372657244149,-1469.7631715376438,-1493.9420221930127,-1503.3995999183078,-1519.9142102314083,-1451.858403024701,-1422.853412476893,-1410.9502935154296,-1410.604560617089,-1409.1846555055745
SAIH_AFF_r10c47,-1534.3926016849575,-1515.0598162198671,-1561.3282891069316,-1550.1431768157518,-1562.9342113183654,-1505.5862041890985,-1477.2582971940951,-1504.3549217848292,-1488.411618296357,-1489.8944036305872
SAIH_AFF_r10c48,-1567.2979955817996,-1536.3044501329648,-1565.4627384467196,-1556.0794045899033,-1548.8748665117148,-1484.3280513851369,-1461.1502711644357,-1447.588471323575,-1437.013518960571,-1427.2167692694263
SAIH_AFF_r10c49,-1458.3743748723562,-1437.339236807516,-1505.715423568163,-1505.4930980671452,-1510.544715936762,-1493.3906137902507,-1456.843638229796,-1534.119301846974,-1526.6587942040524,-1522.3999507752897
SAIH_AFF_r10c50,-1432.3424220138352,-1411.7834524597802,-1450.4606542489016,-1529.8274267378902,-1520.8439098948668,-1505.0523545684623,-1453.8169605351661,-1527.8819876101518,-1516.8865441640255,-1489.4657447125917
SAIH_AFF_r10c51,-1419.3380088080812,-1394.1302595817995,-1483.648781688408,-1467.6633658181509,-1490.5082503757305,-1515.5311660496125,-1524.9770869444544,-1631.2678426484983,-1609.5968705651937,-1621.5480883531193
SAIH_AFF_r10c52,-1465.9271719242026,-1445.598634113652,-1553.8362480793032,-1527.694180716867,-1548.420835918255,-1563.7742779884977,-1557.7132816610508,-1671.4485672328624,-1627.768561055223,-1652.7284613753611
SAIH_AFF_r10c53,-1585.8440174576456,-1593.556060562426,-1634.7801012166424,-1633.1331865438947,-1611.9387987527264,-1585.1898924736818,-1500.156550675083,-1487.991632478342,-1468.4482253052079,-1478.4549800629923
SAIH_AFF_r10c54,-1714.4064430345288,-1709.6322528634548,-1754.8903328307892,-1740.8968266432144,-1704.004672089955,-1682.9850597818129,-1531.3298966643636,-1514.2383603450812,-1487.1119835835589,-1474.1217648721658
SAIH_AFF_r10c55,-1534.238970260943,-1507.6410235597841,-1632.2160074570195,-1595.9708971989037,-1603.2584061667035,-1636.867784521447,-1551.0674797471727,-1736.0019820801106,-1707.2449060279323,-1723.260765287152
SAIH_AFF_r10c56,-1599.5572762224315,-1587.6906568399352,-1671.0351621489353,-1651.2062121977463,-1654.349318348963,-1670.3659847102892,-1568.5297877185046,-1634.6169275583838,-1592.7294176457199,-1613.0588216819735
SAIH_AFF_r10c57,-1591.6391828698008,-1582.3109587821593,-1681.441351899079,-1664.3905902252288,-1666.3401794083613,-1684.8623043448663,-1625.9464707453358,-1741.6707128680725,-1687.178853273705,-1709.7473646451374
SAIH_AFF_r10c58,-1704.44356586469,-1721.5090667336729,-1787.8379373704383,-1766.6484729987228,-1769.1104523944139,-1736.2934281885382,-1634.7714340306138,-1666.936454341772,-1626.9282251816487,-1622.4130808049085
SAIH_AFF_r10c59,-1591.3914011212737,-1631.5515322595425,-1740.19887820219,-1696.5420320670771,-1744.027783087667,-1723.8996483252897,-1698.390720291604,-1892.189796981829,-1851.6425958464151,-1814.4290981363595
SAIH_AFF_r10c60,-1656.7023363666585,-1698.8558869792116,-1758.100890106756,-1725.335246500161,-1777.2063629154457,-1677.0436285786825,-1586.3793592592303,-1698.6096694749128,-1655.6492518758719,-1594.3959731894931
SAIH_AFF_r10c61,-1656.128929467275,-1691.3594974890168,-1758.5266441838917,-1737.8216206450534,-1770.2164604290938,-1659.8941878184555,-1543.541487528867,-1655.7525437131146,-1632.019553730867,-1586.8030068966968
SAIH_AFF_r10c62,-1704.8671130259079,-1737.0259701508164,-1817.7702471378395,-1797.17480774969,-1838.755691603805,-1730.8974909306016,-1617.423686180488,-1788.842786621787,-1736.6605636899499,-1717.877051411581
SAIH_AFF_r10c63,-1766.7745257949232,-1796.8270293620972,-1824.221376863766,-1821.663839981149,-1831.7729261300412,-1724.605429959026,-1603.768912568234,-1640.1915592150906,-1609.2650443115022,-1602.29939128955
SAIH_AFF_r10c64,-1628.7043208325476,-1664.4742786397808,-1713.9249272357977,-1718.239218857969,-1734.3327627363535,-1732.022138115878,-1719.7966292899462,-1835.664808300354,-1757.1131404820235,-1795.1191396025717
SAIH_AFF_r11c15,-2025.5050181669699,-2058.240798718367,-2290.678688104041,-2171.8252201501546,-2204.8182858130135,-2063.988154822362,-2012.0555715527278,-2131.146251950202,-2064.835704114009,-2053.2634655455863
SAIH_AFF_r11c16,-1791.4302028097472,-1753.6957618131119,-2061.2196786990858,-1866.2331199183006,-1897.4267017557659,-1855.5398143420155,-1810.24353142962,-1894.6495646595192,-1835.7913036647171,-1840.4473414771473
SAIH_AFF_r11c19,-1822.972430185439,-1781.393218014093,-1869.479236254358,-1890.7053600410447,-1943.0220490455797,-1828.7150246589106,-1788.957561542569,-1863.711098080688,-1776.0323707108673,-1787.0842565155021
SAIH_AFF_r11c37,-1917.3113630295827,-1860.639208367579,-2008.6843207362458,-1922.8292142830956,-1972.7900305198839,-1846.5946247310524,-1769.383241808577,-1860.423221287487,-1827.298628960909,-1708.688579385728
SAIH_AFF_r11c40,-1840.257445438507,-1798.21750783937,-1914.9245666752165,-1822.3548473220505,-1840.8387340791421,-1775.506894457735,-1670.1072043680601,-1711.553082613089,-1688.9502599163452,-1622.0718499866502
SAIH_AFF_r11c41,-1697.7156788293617,-1653.352960893268,-1736.0569291763334,-1693.406718899752,-1703.990845243768,-1672.9834056950124,-1590.7895008353432,-1612.741215780954,-1566.1181241129357,-1537.079865821019
SAIH_AFF_r11c42,-1636.192011584851,-1588.603035524435,-1658.770882323674,-1645.003176407125,-1661.4924059516395,-1639.050317116985,-1582.286125411781,-1639.8560875462847,-1598.1414168923056,-1585.3730825027887
SAIH_AFF_r11c43,-1784.265248163834,-1750.4209623971988,-1900.1062542206962,-1831.9623684058986,-1867.4120865026725,-1739.6336488276281,-1683.3297246928385,-1821.8761667443189,-1808.2604764871244,-1708.4007109091572
SAIH_AFF_r11c44,-1558.4324628545721,-1529.5885940755797,-1614.8141288755355,-1594.2501492099725,-1639.3675696051448,-1545.1829471325514,-1517.231301634505,-1625.44936808268,-1618.4687104070035,-1574.795514277039
SAIH_AFF_r11c45,-1600.5494728241224,-1563.7729765402812,-1586.826094813092,-1586.6121499243166,-1622.6869916144212,-1536.0560199661625,-1472.373593019174,-1461.1183068566907,-1438.8701439847475,-1450.5600556245195
SAIH_AFF_r11c46,-1502.7394206496351,-1472.1699190313084,-1482.6044187118332,-1499.131189181829,-1515.1800034566193,-1450.952864280552,-1412.6201960845929,-1387.7189087557222,-1382.559417193016,-1391.8182001487396
SAIH_AFF_r11c47,-1601.0912722094836,-1573.883720199768,-1586.8765770434816,-1572.8363853378137,-1565.3434316466166,-1476.0163829297144,-1423.0007931023647,-1404.8207012804803,-1392.8087393075136,-1379.7262671315345
SAIH_AFF_r11c48,-1531.5002355959257,-1478.0892254129478,-1505.051613832098,-1495.9362634486,-1494.0377869689255,-1436.8262401507816,-1417.5133661422474,-1433.6953011701253,-1435.192434753016,-1433.5656736734627
SAIH_AFF_r11c49,-1414.5789916098408,-1398.4662796300368,-1446.5380018644785,-1459.7145827441364,-1471.9459562790003,-1440.5405812357922,-1422.8773947564123,-1471.5088431846975,-1491.5201060029951,-1483.0217583718272
SAIH_AFF_r11c50,-1451.4969139680252,-1420.5402597606562,-1492.101449047754,-1485.7379359445513,-1502.3864554868032,-1482.018086921926,-1450.8428427092172,-1550.572502120175,-1538.9180172964377,-1531.2280470312328
SAIH_AFF_r11c51,-1482.1360153557719,-1453.74476269784,-1568.0110035718412,-1535.2096282562939,-1562.8024803863043,-1560.3777535116114,-1537.1174543569125,-1690.4250306382203,-1652.8156600571933,-1659.6307649603566
SAIH_AFF_r11c52,-1645.880563802104,-1661.024807711439,-1682.148464047668,-1689.482200545581,-1647.6003565650376,-1610.2432129599085,-1504.866073438784,-1419.5782270183104,-1380.9929838891246,-1394.2832938022607
SAIH_AFF_r11c53,-1523.3752225643614,-1524.0554735122232,-1562.5873342550124,-1573.9137576195571,-1541.4469039988282,-1555.3488211944125,-1500.999489411174,-1518.4875678166707,-1498.1296712331641,-1506.1875117828195
SAIH_AFF_r11c54,-1612.200682177523,-1588.3486801461718,-1689.529331539323,-1669.6448645592277,-1671.042147890641,-1682.4142330607392,-1582.9260154131266,-1721.8404448027804,-1677.1406709736864,-1679.8098044040487
SAIH_AFF_r11c55,-1524.5251834355481,-1509.4467761955386,-1595.3391161575175,-1586.6052535102833,-1579.844031339852,-1582.0033806608392,-1517.3463226475467,-1656.1527503548245,-1624.4588193087855,-1610.2312466285043
SAIH_AFF_r11c56,-1557.1307224784443,-1551.560518890396,-1638.8269684802356,-1613.893224899619,-1635.322754328013,-1618.671604989975,-1544.8722300455966,-1663.6313402051057,-1641.2629107489674,-1629.948126665375
SAIH_AFF_r11c60,-1697.3438931437577,-1742.8694712155082,-1853.2786653963133,-1810.9149788245397,-1847.5658323866758,-1780.4584709694648,-1682.803795877984,-1841.3899923045913,-1786.5117708338792,-1739.5707349376783
SAIH_AFF_r11c64,-1753.3699481431247,-1820.85038205506,-1831.8122943460028,-1814.5319818959042,-1870.2140921905802,-1724.8655988146993,-1622.4517856722155,-1701.0655265658481,-1634.865148568242,-1590.6984736121542
SAIH_AFF_r12c16,-1730.5625823417538,-1692.392039362293,-2037.0365264758902,-1828.1236019837677,-1843.0278050982097,-1808.7796097685691,-1772.076734035809,-1862.247034392438,-1781.6977363028975,-1810.6624385942484
SAIH_AFF_r12c33,-1842.2814152645797,-1804.6688762790886,-1923.0897083520215,-1894.346013831374,-2005.2034468910695,-1806.4021294683366,-1739.3115683901988,-1876.499238544263,-1909.6873285420725,-1821.5433951538027
SAIH_AFF_r12c39,-1796.1024167868493,-1757.5350208505565,-1865.068388261097,-1809.763764105747,-1835.9079967557104,-1758.2561867083239,-1669.3554452682667,-1739.0734711547736,-1683.0760373771327,-1617.8807801941873
SAIH_AFF_r12c40,-1729.1915400181504,-1678.4093111433317,-1775.062861821862,-1743.0406179265458,-1759.5539095015079,-1700.4548159467613,-1612.3662419551683,-1624.6622135413959,-1580.1894903462025,-1533.3401647039195
SAIH_AFF_r12c41,-1736.038183492605,-1677.675124638997,-1800.6638464729313,-1751.7898760001767,-1779.1528148455418,-1715.457523603795,-1630.0777157735176,-1702.9383914199323,-1664.084603203176,-1603.4001309655182
SAIH_AFF_r12c42,-1652.6654909367926,-1596.1020954428293,-1679.7437178457012,-1662.434092166091,-1683.8043583749889,-1641.5031123796007,-1589.9998017260273,-1654.4081600175316,-1616.0852838970231,-1597.863180523235
SAIH_AFF_r12c43,-1814.1512007239028,-1767.1300077970782,-1920.3206971995717,-1865.3653517681637,-1901.6042161589874,-1765.9157680903943,-1700.712986698029,-1886.1041105463955,-1855.9553480391264,-1753.9546778555175
SAIH_AFF_r12c45,-1519.1581684169328,-1488.0043441393248,-1492.1371965299063,-1508.6228921792442,-1520.5161098428018,-1453.0972487117604,-1396.2129880634006,-1335.2418576739935,-1329.8971652207942,-1332.099299458613
SAIH_AFF_r12c46,-1495.472139897941,-1463.535363206612,-1475.3319497636362,-1499.7689742974317,-1500.5820436828865,-1450.8335359554196,-1379.8379527690522,-1330.7395019149087,-1330.4901332609807,-1332.2230503928954
SAIH_AFF_r12c47,-1456.3146298594954,-1437.5870771573707,-1483.7522843672093,-1497.5692377097912,-1514.1935610051216,-1472.279775005476,-1417.4731404312133,-1434.807401245449,-1439.7416578873253,-1421.9612022655913
SAIH_AFF_r12c48,-1479.1868908807828,-1443.4840354368177,-1488.191595621774,-1486.4783553226946,-1491.1435050320388,-1464.9640076882345,-1448.074803816994,-1512.2273140988357,-1505.4598310570277,-1500.9130222744964
SAIH_AFF_r12c49,-1427.1926701242867,-1395.6253613282274,-1444.83792928924,-1456.2681525039918,-1463.915955315308,-1430.4144839137196,-1420.771517943795,-1472.582857649723,-1478.3128893735586,-1482.317405324178
SAIH_AFF_r12c50,-1524.7701916156418,-1500.356541217703,-1550.0185383179125,-1552.9070971846998,-1543.6562992208117,-1536.3671181508098,-1492.3664088495757,-1539.133343416537,-1506.8706281488278,-1504.8726308817238
SAIH_AFF_r12c51,-1475.2987041786123,-1450.3694434516274,-1497.129694319726,-1504.842375211643,-1508.609646525388,-1505.6584322309147,-1474.7849802639641,-1525.6828668254589,-1507.9203827721237,-1520.7181881980327
SAIH_AFF_r12c52,-1552.2097206645617,-1552.2723038001084,-1540.4590647087964,-1569.695195743459,-1533.9304034845204,-1492.8425706163111,-1400.773808716517,-1295.8696199890448,-1287.4807960147093,-1290.807151613155
SAIH_AFF_r12c53,-1462.647015704075,-1457.2527625606515,-1482.0073042207962,-1497.6335811551107,-1486.685023738718,-1475.3749673918712,-1437.442299264361,-1466.5318959670267,-1471.4904366880578,-1465.3619815307563
SAIH_AFF_r12c54,-1510.3126201286764,-1481.1661342102996,-1523.1038094319108,-1525.9589378343069,-1500.7670970652748,-1496.6911196709805,-1457.8953429844855,-1552.509781114794,-1542.407745088579,-1535.0771509715921
SAIH_AFF_r12c55,-1444.7687447170413,-1415.2378661546322,-1523.899918603316,-1516.9402751834032,-1515.9177632608755,-1529.4044762958242,-1498.572701326348,-1679.971375499598,-1679.443087543177,-1652.5853047679666
SAIH_AFF_r12c56,-1668.0629011017668,-1671.1850707347287,-1730.3076523893346,-1721.7742460395075,-1711.8798904752593,-1684.4557089771174,-1587.3450707347288,-1627.7737636091015,-1579.304637851229,-1558.420397679119
SAIH_AFF_r12c57,-1493.3053202507635,-1479.319108082513,-1585.6448087574252,-1581.796647091511,-1583.5910401268948,-1600.2359297590192,-1562.8375801246511,-1702.3820129451694,-1682.8771356790476,-1679.4720343117435
SAIH_AFF_r12c58,-1604.2248814683835,-1622.4373177690502,-1685.8566771506512,-1671.15605228431,-1707.884683993929,-1648.6999676613411,-1557.7720567908575,-1677.325243452726,-1666.8678991868394,-1606.9063065600537
SAIH_AFF_r12c59,-1552.2951256803224,-1574.5676539499157,-1641.679279053627,-1626.1147481958071,-1675.4009820650501,-1614.2799276757619,-1514.0454009403193,-1630.0501625468983,-1659.6444971482538,-1586.9303500889703
SAIH_AFF_r12c60,-1603.081806944894,-1608.7682514681492,-1701.3062303768686,-1684.9283501444681,-1704.2916636243212,-1728.8169220498808,-1675.141362171296,-1746.7247415744403,-1702.7356940199647,-1735.1119783245888
SAIH_AFF_r12c64,-1730.3014685363928,-1758.014116830924,-1783.268431031471,-1809.5376705273015,-1815.1452158469453,-1705.5682852470907,-1578.4398202601176,-1580.237459022593,-1570.0949032841916,-1551.752406485449
SAIH_AFF_r13c18,-1793.1052616418415,-1762.8469062027868,-1858.3988404643421,-1849.0546563422306,-1902.5228385055968,-1802.810878895565,-1774.1608345095453,-1822.448110255401,-1725.0479918926824,-1743.8094543531076
SAIH_AFF_r13c21,-1943.4539962095498,-1901.118271153791,-1991.5179392270463,-1966.7977236317238,-2035.7921923918684,-1898.71382312598,-1802.4957619132433,-1911.6227788655917,-1808.0442185062313,-1770.8871867899486
SAIH_AFF_r13c30,-1919.9329950355104,-1885.429180020532,-1979.1430696076632,-1913.7275393284363,-1988.0618728921893,-1807.7995297346022,-1743.2111036050235,-1861.1724821424878,-1864.292711409963,-1790.9012259368687
SAIH_AFF_r13c31,-1779.3170802583454,-1731.7024967341188,-1822.1009086887043,-1775.185913361736,-1817.796153715264,-1643.8900881985708,-1603.4001764494974,-1688.0174590749807,-1686.5541639723704,-1632.082669466129
SAIH_AFF_r13c32,-1777.7981475759336,-1750.3161192841762,-1862.036438338952,-1806.1420925007528,-1852.4368594158404,-1688.936304264718,-1655.5366740163133,-1753.60308527855,-1711.9533175516838,-1679.4331828489796
SAIH_AFF_r13c33,-1783.319185748237,-1745.4586880045226,-1848.4549763901534,-1802.823669524976,-1876.0412727329826,-1722.921781260796,-1687.9225167781715,-1723.3881778015086,-1719.5190580142596,-1684.2608835631488
SAIH_AFF_r13c39,-1849.4135864841994,-1809.0716679057248,-1941.3920086280057,-1876.4752154382638,-1899.6063081788052,-1787.4216202632426,-1689.0876883448727,-1775.033567008371,-1722.8672005067947,-1647.202409871945
SAIH_AFF_r13c40,-1750.8499866508255,-1695.00738654508,-1819.6850771896625,-1782.2245200839725,-1827.03655580742,-1739.7713966381057,-1655.3365092161719,-1762.4314428105556,-1703.7369426718283,-1628.749590363468
SAIH_AFF_r13c41,-1736.9072292911123,-1685.2909575596368,-1802.5122853693772,-1763.366623284466,-1796.6533517336775,-1711.3941714216933,-1622.3151328831052,-1719.325267036248,-1667.150260424173,-1642.214576944937
SAIH_AFF_r13c42,-1684.344901630635,-1638.9498582004207,-1725.3749270052976,-1701.111988938852,-1725.515498445839,-1672.7628896215308,-1598.5808388564944,-1656.673164395871,-1610.14396520346,-1602.9776682020702
SAIH_AFF_r13c43,-1828.6490108520966,-1761.837857221382,-1903.934824602273,-1867.326745993938,-1909.4361045528547,-1787.1327457950085,-1705.5190840893508,-1813.1744030823509,-1772.740400370636,-1705.0263004978456
SAIH_AFF_r13c44,-1798.2797825193588,-1731.0400145545625,-1865.1924185429307,-1836.8133613953614,-1897.939904871857,-1783.0182507833629,-1747.9198897414024,-1871.5284926350373,-1827.1293680025003,-1786.5547667475612
SAIH_AFF_r13c45,-1599.3404889418541,-1560.2896751299668,-1585.4121305765484,-1602.2478518770765,-1620.9649622228987,-1537.7580746114315,-1476.9769251921643,-1433.4807159973345,-1414.172543833235,-1418.1422514371063
SAIH_AFF_r13c46,-1491.223464038254,-1453.4048387181247,-1487.9004734496357,-1512.5242747683817,-1532.1922210758414,-1472.0605952686467,-1414.1077857326165,-1419.377924363279,-1419.2964847412006,-1427.7602637491564
SAIH_AFF_r13c47,-1504.7059673442507,-1467.9559503305923,-1487.2768671835368,-1509.0597519670446,-1512.228674034021,-1446.9343534548227,-1382.491385854063,-1331.8653957900392,-1334.7078545515494,-1341.5326295786408
SAIH_AFF_r13c48,-1481.8205553752284,-1465.8472587248607,-1500.7601070123496,-1519.324086677909,-1521.1626362522677,-1476.435420876835,-1438.729820005658,-1450.9818984743986,-1449.6141508643757,-1436.453477901222
SAIH_AFF_r13c49,-1467.7897307248181,-1454.774618529006,-1484.04509567217,-1501.100029590683,-1501.4550260947938,-1493.8499124063546,-1472.7673020370466,-1491.9099579183908,-1464.0005734830884,-1471.3191577392752
SAIH_AFF_r13c50,-1359.6530941300296,-1327.5791239798389,-1383.2961737591845,-1397.198858252675,-1425.8800353884124,-1422.8133837286648,-1431.563290807918,-1541.3790014815004,-1539.450851468152,-1539.283073242493
SAIH_AFF_r13c51,-1540.2499207860199,-1535.1411553982105,-1539.219670207953,-1565.3357311385676,-1544.262529557953,-1505.5759655595987,-1441.3256572142402,-1382.4486732639105,-1370.5170565391527,-1371.8069692597414
SAIH_AFF_r13c52,-1531.4455192562978,-1524.0855308799742,-1551.7539184091313,-1569.5673348534904,-1550.7821922147589,-1527.0258050835298,-1479.6352234023375,-1470.465606748019,-1450.252990347641,-1447.9847583244145
SAIH_AFF_r13c53,-1604.850266161489,-1607.9672567692483,-1651.1448505018188,-1648.5633668577243,-1622.4322289748138,-1572.4717669823601,-1522.2190850747952,-1558.1054015202503,-1552.906148291095,-1503.3850111675247
SAIH_AFF_r13c54,-1504.1950436112002,-1461.176185564856,-1559.115409987126,-1554.0670423965798,-1543.1856119703102,-1517.7611907479386,-1493.2594421117715,-1642.9376537909855,-1647.9666554977368,-1615.9136362208567
SAIH_AFF_r13c55,-1527.1563636649348,-1494.5182636384873,-1616.2864624658653,-1593.910497827852,-1590.4279915889638,-1585.432356846022,-1519.6359658425886,-1664.310841915899,-1663.0939590812848,-1634.5026330329813
SAIH_AFF_r13c56,-1660.2839665484432,-1666.6717768849219,-1694.2825243099633,-1692.6348754727842,-1638.2444424086166,-1601.7993063644333,-1520.7603188106114,-1525.7780130612882,-1508.3511497336704,-1479.5099032836442
SAIH_AFF_r13c57,-1535.875216692247,-1529.3430257831087,-1614.7503810117416,-1610.773383122364,-1596.4648971661156,-1596.0888975013015,-1543.3986194543866,-1666.335950224947,-1648.8980171677938,-1634.9840603543596
SAIH_AFF_r13c58,-1732.58725534082,-1759.7238508838798,-1775.8527738730083,-1772.7428477190495,-1746.1395771326006,-1675.5509893694207,-1558.62869917359,-1590.3672826175214,-1604.4565889463975,-1535.294358015873
SAIH_AFF_r13c59,-1575.3608139428293,-1570.6678390446375,-1627.4015215597942,-1640.8341054616399,-1637.3424269009658,-1603.385481019785,-1532.0912150218005,-1648.4508792834781,-1657.4085086880789,-1633.2924537443187
SAIH_AFF_r13c60,-1559.0971956109806,-1557.5563102679314,-1660.4817717331032,-1648.0563809404189,-1669.5626498518536,-1669.036689491267,-1624.1503517919443,-1825.5072426212735,-1778.3913083309815,-1787.7916784454192
SAIH_AFF_r13c61,-1641.730652197828,-1671.0928961605593,-1778.114452783357,-1739.7565557586518,-1788.006996999048,-1716.0945170970886,-1633.8667951544785,-1889.4834894914145,-1864.434099372057,-1802.2736476047405
SAIH_AFF_r14c18,-1802.7047033468882,-1754.251827159006,-1827.2938223564129,-1812.7933156487552,-1871.710836211659,-1746.0668487497276,-1706.755499807529,-1740.8860496966292,-1667.15611571265,-1635.6060773495124
SAIH_AFF_r14c19,-1736.1963582200517,-1696.8972542675472,-1782.67436278013,-1771.755373536364,-1832.059071597415,-1748.5451099575666,-1715.3577828910688,-1787.4762245066242,-1671.383682668824,-1677.1438963799474
SAIH_AFF_r14c20,-1717.14521429675,-1672.8503392453592,-1762.8674206616267,-1743.9192567240234,-1808.9564676584348,-1721.9493213783496,-1685.4911214867611,-1755.2482553282866,-1669.932698224821,-1660.9577088957965
SAIH_AFF_r14c21,-1780.2651363442415,-1733.9492527702084,-1830.0258343346138,-1797.2008816500054,-1870.1918504964517,-1770.0412160906358,-1708.3393986037054,-1777.1837643418648,-1665.766187361097,-1664.0374858315597
SAIH_AFF_r14c22,-1840.7384714489967,-1786.25337935152,-1891.2177946883558,-1843.8726556648976,-1926.4779955902138,-1801.3514551767837,-1728.1780097308563,-1786.5085603255484,-1680.2951885157038,-1658.4956006892248
SAIH_AFF_r14c29,-1763.8503266913083,-1751.9187512434166,-1833.203305131776,-1802.0860548883284,-1850.346496968682,-1734.5140519145993,-1695.1074835345485,-1748.1537229196988,-1712.975647361863,-1696.3731086981566
SAIH_AFF_r14c30,-1715.5256107459873,-1679.2185043596658,-1762.3467806551282,-1733.871681809851,-1765.116977822,-1626.5780524207275,-1596.8760964625176,-1644.750758031997,-1625.8218637898985,-1585.3464140766148
SAIH_AFF_r14c31,-1743.0360858478762,-1708.60163936143,-1798.4034551728112,-1772.8290817795792,-1813.8756813219613,-1653.1178261575278,-1629.4854965469221,-1686.5451151637008,-1646.3433574708495,-1612.9159820722662
SAIH_AFF_r14c32,-1763.0742856993224,-1741.688645820513,-1840.4266557032763,-1802.158716026365,-1857.5627728299949,-1686.7494533580193,-1654.3470855799121,-1677.715484305156,-1645.743425239017,-1612.810038310765
SAIH_AFF_r14c33,-1630.7634670352104,-1607.306697657861,-1670.0795196364813,-1666.1736710954758,-1700.1545345562283,-1568.8133251667343,-1535.1103066662479,-1517.5248767157707,-1482.7871030561923,-1465.763304750238
SAIH_AFF_r14c34,-1580.6666361131774,-1538.8357261080446,-1603.5614229894936,-1602.319156514179,-1632.8384025937294,-1539.2709143000811,-1503.543983930611,-1542.285650684573,-1502.7894323336236,-1486.1479242832152
SAIH_AFF_r14c35,-1690.2442390402377,-1659.068178665013,-1728.1692307289586,-1724.4200507315238,-1778.0000104709036,-1652.992879786185,-1623.5122470295364,-1686.8292195774477,-1672.6402433437788,-1627.5458350675772
SAIH_AFF_r14c40,-1828.7055634807423,-1780.6027954822077,-1931.7599078642572,-1888.0198981795343,-1929.6380033765654,-1822.1662134041806,-1698.2058972110613,-1870.6668193537414,-1819.3987671609368,-1751.3094844848124
SAIH_AFF_r14c41,-1810.6987197448389,-1762.4604257391775,-1885.020527552065,-1844.4448526619822,-1874.9325384875228,-1766.3218130445134,-1675.8135787177541,-1809.6776527520633,-1766.8436302788584,-1732.5662058725711
SAIH_AFF_r14c42,-1748.2813026183828,-1700.4230131691625,-1825.7130987202686,-1789.5688009489968,-1822.2610945409135,-1747.077773733428,-1654.0804290386702,-1769.101003726331,-1738.7985424626258,-1690.0907150731784
SAIH_AFF_r14c43,-1758.9692418432387,-1704.3057100603337,-1838.3785784397132,-1799.0767422685815,-1850.4510960750702,-1770.386187491003,-1713.3014383122413,-1834.071507283174,-1780.3392034969706,-1745.5191980002364
SAIH_AFF_r14c44,-1725.7473737667233,-1671.4517644779855,-1795.2112923449838,-1748.5891662805511,-1801.602333440659,-1712.3905699050547,-1662.1340092301004,-1745.664153650025,-1681.2601181641357,-1669.4026402381078
SAIH_AFF_r14c45,-1586.5867657996457,-1553.4557620389476,-1595.814772524905,-1602.653976493018,-1613.9929892835814,-1531.6086831271407,-1474.626651197871,-1450.7029938927935,-1426.5480772252542,-1436.8687919674
SAIH_AFF_r14c46,-1599.9548990905446,-1567.7025272535393,-1599.2591698374083,-1604.761407468897,-1610.8387412700945,-1529.2900436527989,-1468.8305946679163,-1429.2095203429374,-1413.1018259806162,-1408.7783579529535
SAIH_AFF_r14c47,-1530.4800992550634,-1503.2412955507973,-1535.5802521162368,-1548.4708595300037,-1546.9975788255863,-1496.286813629772,-1429.4212241457833,-1409.514689330604,-1393.7943284316548,-1398.3454610177828
SAIH_AFF_r14c48,-1515.140885995429,-1492.3491208368341,-1564.7873464376673,-1556.4585653292704,-1579.5534029124808,-1516.9362662331707,-1486.872273311501,-1534.5633790650002,-1519.1871752384088,-1483.3227917520692
SAIH_AFF_r14c49,-1481.5753632714202,-1457.761336765503,-1513.9224383767548,-1530.4172914315345,-1542.2897084663382,-1501.9461213951088,-1479.0307533577566,-1511.618081214632,-1495.671865548331,-1480.649981538558
SAIH_AFF_r14c50,-1438.656489009177,-1406.445058971956,-1455.1114263727407,-1473.0547499515767,-1478.6563659873423,-1469.182108960701,-1457.6717227768384,-1524.2009705637543,-1508.8528187705147,-1517.6282725116873
SAIH_AFF_r14c51,-1539.7100801826755,-1534.755848726556,-1539.3001822571605,-1563.5144548782594,-1543.2760593697458,-1496.2858949716922,-1416.4811484296024,-1371.3027197167673,-1366.0231173306656,-1362.5642875473316
SAIH_AFF_r14c52,-1680.714246071119,-1686.6711442252058,-1774.7015019150263,-1735.5530801431487,-1726.9827215632267,-1655.8206157930144,-1590.0640113723523,-1679.6562324106817,-1649.158689352032,-1606.0726689163537
SAIH_AFF_r14c53,-1546.6417175729428,-1556.7989243567222,-1575.242645537835,-1576.0022884912978,-1556.2950896936723,-1507.265724213233,-1467.626093513934,-1517.810686259364,-1511.7815721463903,-1476.2959563877448
SAIH_AFF_r14c54,-1491.3010638409266,-1459.6786776331635,-1586.8017339769428,-1561.6521444352534,-1570.692255740658,-1540.8811320063246,-1478.197582798446,-1668.532598452405,-1674.333609938955,-1626.8626823241157
SAIH_AFF_r14c55,-1515.3839194295545,-1515.4198550842284,-1507.7205985173232,-1532.6276575965558,-1516.4741133925318,-1468.069493580393,-1413.5934031114725,-1382.9626267096469,-1388.6335181223271,-1372.6412221736311
SAIH_AFF_r14c56,-1496.1637136986485,-1522.4311429281895,-1587.7176379745845,-1572.5153188760494,-1571.8910861285979,-1545.1094818673198,-1497.3848499522317,-1579.7651742595774,-1573.2652619455826,-1536.0239448232544
SAIH_AFF_r14c57,-1528.6354385431994,-1630.1094957028158,-1656.2524733029911,-1655.922734485883,-1663.1566049890273,-1620.0042893280054,-1549.3268216550832,-1606.0697186012287,-1579.5469469306952,-1525.177606460702
SAIH_AFF_r14c58,-1406.2604277374937,-1401.2481374833126,-1413.482377424675,-1432.8203240752864,-1432.2449595560327,-1424.7823957488026,-1375.4958692180837,-1433.3013376613183,-1451.9903091542108,-1432.3652626894586
SAIH_AFF_r14c59,-1536.822066079341,-1539.8091576664817,-1562.6233592776105,-1574.7408863305432,-1578.854830768586,-1534.8017698327062,-1472.1368700306934,-1613.9437335665873,-1625.1378232995671,-1593.502003435958
SAIH_AFF_r14c60,-1629.7545989467187,-1615.4891740218404,-1728.334553088126,-1719.4475034289248,-1733.342866266713,-1719.0031881144585,-1662.8109484771392,-1927.9698359351282,-1895.9347640585906,-1864.276371308017
SAIH_AFF_r14c61,-1501.7946621695935,-1500.1090060176293,-1592.7373401976552,-1586.7961652674417,-1610.5964156091745,-1604.5017021142885,-1560.756725970075,-1696.7368636056544,-1700.254206840929,-1711.8497164015737
SAIH_AFF_r14c62,-1643.6703079230704,-1691.1609613335745,-1776.5275057524527,-1758.132292002063,-1791.5334113415581,-1694.0980914162158,-1604.7611508569125,-1814.8439678438579,-1839.2340037328763,-1792.3187918672502
SAIH_AFF_r15c16,-1870.7648215930242,-1862.008384880085,-2183.8509714094907,-1955.7205361731671,-1996.2755557526714,-1909.8949098508,-1892.312726807877,-1997.818258898175,-1856.2306050731922,-1878.7887839836797
SAIH_AFF_r15c17,-1714.8514824889269,-1680.2343034036392,-1779.306921758909,-1748.4255365204256,-1794.8357304736337,-1716.4535041714191,-1685.8424120403852,-1704.762715710031,-1612.8481443135001,-1624.0591456878894
SAIH_AFF_r15c18,-1751.7747946820882,-1702.3679182276444,-1776.0710238241893,-1765.7234652029226,-1815.2687368904428,-1706.9780698550571,-1661.1547502269755,-1696.7255549062418,-1621.5555010592052,-1607.9286761559927
SAIH_AFF_r15c19,-1754.5890679970719,-1714.514201589288,-1794.0069319299128,-1767.7829429667556,-1821.8125823134121,-1732.2053056125728,-1683.4708678995348,-1708.3093784473874,-1612.2082812830104,-1614.4214733350232
SAIH_AFF_r15c20,-1700.927105807586,-1659.4234912303132,-1724.5626374543779,-1711.0126242796289,-1756.5133091057082,-1661.0411547863475,-1633.9538440266203,-1638.7070561870457,-1570.6464471222955,-1560.8836787030832
SAIH_AFF_r15c21,-1598.1105196861129,-1568.5407870270199,-1614.24623477284,-1617.7124970334628,-1655.6979968339547,-1577.4258077471795,-1548.9264114875011,-1551.913815091167,-1505.5161132163114,-1498.2438145956546
SAIH_AFF_r15c22,-1625.889420518231,-1609.7689351644162,-1661.8099517881233,-1658.0990769824834,-1709.3210107798473,-1596.3678530059435,-1568.8086734427716,-1582.3110031619528,-1522.2163142955583,-1492.0767085477005
SAIH_AFF_r15c23,-1701.6441002826778,-1669.8636159759678,-1731.7802835118757,-1730.3392702542017,-1788.9721912192683,-1660.9031099729848,-1620.7973302110174,-1669.1891226569592,-1586.8575504073274,-1571.0566137124615
SAIH_AFF_r15c24,-1694.2718805035609,-1675.8280060009185,-1730.6244758985117,-1719.3844811166973,-1778.9851777444437,-1662.3370008479608,-1614.183489661475,-1635.5709790620363,-1569.5177613984793,-1563.1178031439624
SAIH_AFF_r15c25,-1746.2652232535272,-1733.4109293949887,-1779.8516337500025,-1763.4046885717096,-1817.3943376199384,-1671.420839603285,-1635.7321348935884,-1639.6767185735614,-1583.2242419342695,-1555.4216037325027
SAIH_AFF_r15c28,-1786.3090986882669,-1753.230887432567,-1827.7647818464598,-1794.4571389065768,-1871.9665673557636,-1728.8468803155754,-1697.333353334661,-1732.6152102225951,-1682.5680523234635,-1652.1753811556302
SAIH_AFF_r15c29,-1695.2142378397875,-1664.6577040133777,-1724.7003752839448,-1712.3142813925454,-1747.630761286558,-1636.549667095244,-1608.2754672793658,-1613.7223550827673,-1585.901033530411,-1564.9950344640574
SAIH_AFF_r15c30,-1612.7433779758057,-1572.886589520589,-1604.9425082563391,-1602.0873710681362,-1614.7066301109758,-1523.077953889742,-1523.9726745308403,-1515.2090978812691,-1474.9224034934898,-1462.4550714505617
SAIH_AFF_r15c31,-1559.0943561575305,-1559.9157505431597,-1610.113492380206,-1614.5265578012045,-1641.5278305934455,-1547.403939396316,-1508.1698421268188,-1513.0806632082238,-1485.0361389534467,-1464.3012866156037
SAIH_AFF_r15c32,-1646.4051796331476,-1618.8222348027364,-1702.7891753128736,-1686.4574690393445,-1728.5459094359967,-1603.9277893292415,-1562.5982614548627,-1578.472334330793,-1539.9581329945338,-1529.8092531091152
SAIH_AFF_r15c33,-1642.3872967278255,-1609.735740959016,-1655.6651185471828,-1648.4930947438686,-1661.5479091259936,-1540.0905428240615,-1509.8983326205546,-1485.5498701352888,-1465.337332714433,-1456.2803643513537
SAIH_AFF_r15c34,-1598.8004618094103,-1566.3499602113422,-1594.4315674124377,-1582.4680033918253,-1595.7458639358204,-1513.4472506685854,-1460.9199765181702,-1446.2199125953991,-1415.9489713652124,-1387.3911369121438
SAIH_AFF_r15c35,-1566.709197977281,-1530.6257227280257,-1578.6859689706223,-1575.5300161953728,-1583.2131164214813,-1503.843898571631,-1461.6489830300773,-1501.953667168268,-1466.661055228554,-1447.4537101994333
SAIH_AFF_r15c36,-1522.4602251974911,-1481.5485379903373,-1533.1140962359252,-1546.320001147902,-1562.6558381249545,-1480.1358307157689,-1456.9014291379253,-1516.6750159140945,-1497.22379913803,-1490.5424567188786
SAIH_AFF_r15c37,-1648.9224099489704,-1608.8933573591157,-1661.9070713497854,-1653.811798360793,-1680.770299131373,-1612.7868711813271,-1563.2280736524,-1593.643968217133,-1551.5341050441132,-1547.248666804011
SAIH_AFF_r15c38,-1821.4420794468779,-1791.5647041941222,-1913.2539299458683,-1874.1949514056564,-1924.57385428218,-1788.5466179636094,-1728.275123605773,-1835.548637401349,-1782.138832431029,-1786.2381579805678
SAIH_AFF_r15c42,-1739.8251693155428,-1701.026495664066,-1815.2815020818819,-1790.61464931596,-1830.2328206038012,-1737.9844276665292,-1661.6984174606373,-1728.3974036545076,-1672.701375917021,-1649.0609848998758
SAIH_AFF_r15c43,-1655.7323203216877,-1631.5393752428438,-1693.5325690980164,-1666.547482639116,-1691.9866145818405,-1601.8289284624634,-1545.1354840055599,-1548.365190089627,-1510.637339397148,-1500.4257934634936
SAIH_AFF_r15c44,-1591.775408600505,-1563.8931184035243,-1614.2598534854014,-1622.0372910706496,-1628.3628075098595,-1541.0652665454904,-1474.05753397507,-1452.7751425896474,-1422.2689526213865,-1433.10064859706
SAIH_AFF_r15c45,-1589.2884038875538,-1563.7100828386972,-1605.519282499516,-1616.7303189615852,-1613.1310129802414,-1556.7391481312425,-1488.1694344791654,-1463.3171769617159,-1439.0463635770718,-1446.3346370099837
SAIH_AFF_r15c46,-1439.5997109374186,-1408.9739530612462,-1458.8505196865183,-1476.778621891534,-1490.8604907802608,-1465.102058918677,-1448.310877936281,-1475.2652827491208,-1464.5220136287267,-1479.9266803719204
SAIH_AFF_r15c47,-1534.9495641198857,-1506.7973724630203,-1539.6996742959857,-1549.626178362722,-1546.7301167997082,-1493.4716840905744,-1452.7173937420011,-1422.3686818244678,-1415.3214064989597,-1412.5099028103418
SAIH_AFF_r15c48,-1496.7091797216328,-1473.0391062035344,-1503.1602324204687,-1516.0252397357665,-1519.9095902128909,-1475.5008228080876,-1458.6436680288887,-1472.4458498394856,-1459.4368263340357,-1461.6486231330382
SAIH_AFF_r15c49,-1628.3912180283246,-1593.4922229643034,-1623.752050570302,-1590.9803969653674,-1592.5526626107498,-1517.7334623853435,-1483.4029892410315,-1519.6469471025944,-1492.1217245661485,-1473.7568117545186
SAIH_AFF_r15c50,-1583.0551115190792,-1563.8783629787492,-1601.9166182065726,-1577.4749202690168,-1577.366845990768,-1520.1695747072224,-1483.9019993376432,-1515.6019031128383,-1497.5941373276664,-1496.070807375675
SAIH_AFF_r15c51,-1603.585763928754,-1603.0296132614053,-1631.7791410562857,-1612.312727623746,-1609.516047147471,-1556.0794896010582,-1494.9293153286728,-1534.401669153794,-1501.5559602199871,-1499.3328915650145
SAIH_AFF_r15c52,-1621.4732975144145,-1617.1161941524788,-1650.2024151691444,-1622.0262486633148,-1616.9209905844962,-1549.0929370647652,-1502.5821209671149,-1542.126692052898,-1516.8473461829408,-1515.5515349104132
SAIH_AFF_r15c53,-1573.4911567216748,-1572.2980289141296,-1596.7649122715495,-1572.3815757208977,-1559.2228480051767,-1497.4972452796721,-1452.5387512977975,-1521.5528222840185,-1526.9702693678244,-1489.2367807336536
SAIH_AFF_r15c54,-1562.363370826959,-1547.9365564112575,-1652.170022663086,-1643.5961955231983,-1643.9234618965588,-1592.061584120721,-1532.1274139833083,-1610.0062460391814,-1581.8073429427639,-1538.827502392799
SAIH_AFF_r15c55,-1470.3110623543967,-1467.380497196784,-1509.4225233427892,-1515.2946343550548,-1523.8516914552015,-1468.9361898624893,-1435.2889992147364,-1486.08562804422,-1498.0729776759777,-1463.1572830275356
SAIH_AFF_r15c56,-1502.209658492318,-1531.2820906653872,-1644.0695167363795,-1625.6356173528457,-1639.0466704565606,-1569.8852627022286,-1519.2922321083977,-1602.9916839645769,-1601.1553421856906,-1518.6011927734726
SAIH_AFF_r15c57,-1692.4665217879108,-1725.986989608911,-1764.8484538583805,-1737.0937363850112,-1733.349608279487,-1630.6221090556235,-1565.092340644238,-1616.2320869063917,-1596.8700917536557,-1560.7367528547518
SAIH_AFF_r15c58,-1418.9224680655793,-1434.7751498270984,-1438.7065840466153,-1557.7449757720904,-1567.8129156430484,-1539.340914662457,-1496.8950688761324,-1579.4144407759256,-1572.5244495908162,-1526.806400968078
SAIH_AFF_r15c59,-1394.5946226599697,-1391.7614454373484,-1407.1556506424881,-1478.8683504011467,-1491.8173400300032,-1466.542159024198,-1435.9999478181453,-1505.4279381645026,-1505.9421642423836,-1485.7092818472374
SAIH_AFF_r15c60,-1560.601928151961,-1537.3272851495308,-1594.7830372696117,-1593.0050224785944,-1597.5038646486394,-1547.262665720936,-1510.6021915321994,-1701.802915958239,-1718.8287350447013,-1681.439727649193
SAIH_AFF_r15c61,-1499.6092317164535,-1499.142195982881,-1578.8544046709108,-1580.3831921504652,-1588.898945759171,-1587.0561061702222,-1567.2253325645947,-1723.7267530895506,-1704.4618023578964,-1708.3524832445937
SAIH_AFF_r15c62,-1651.0822077857779,-1686.7666067707628,-1759.2860555545458,-1753.1809525796589,-1774.7124135790777,-1687.3157470601932,-1594.3911428817364,-1766.3753960823428,-1763.7845598954789,-1711.7897757945818
SAIH_AFF_r16c11,-1705.4817623530146,-1660.1314513680188,-1787.494013277069,-1753.232950797356,-1785.7763316335602,-1736.1026355193019,-1704.878425285069,-1768.9026470372644,-1692.6910332659697,-1676.8410704375767
SAIH_AFF_r16c12,-1555.4495205274977,-1539.058510833302,-1697.1829563368399,-1595.8302232650212,-1579.9350289883148,-1560.9820440035817,-1542.4290794442195,-1552.6941955284142,-1508.7348158312334,-1502.4480462346608
SAIH_AFF_r16c13,-1549.145197009518,-1502.527936295195,-1754.0798953959559,-1600.8934588442248,-1630.6064495356165,-1578.6935803063777,-1570.5606525449462,-1632.4340622807658,-1579.9001523512345,-1582.1402783158644
SAIH_AFF_r16c14,-1655.4497692980474,-1625.577569276051,-1900.0566254143992,-1705.326936875127,-1732.104051555732,-1677.562166451065,-1665.456355171023,-1709.3682432609362,-1639.3605261366192,-1630.2755120745364
SAIH_AFF_r16c15,-1573.5202454373155,-1549.7287441232202,-1816.3720511397544,-1612.8845690711282,-1595.3248772289876,-1555.7475995518462,-1547.213001162267,-1567.984772729652,-1499.4874558914373,-1490.6115881176506
SAIH_AFF_r16c16,-1542.450865326452,-1533.893489822693,-1742.8872208212556,-1606.1237067238583,-1602.5475242157863,-1557.7099552476052,-1558.61529699198,-1553.1199908871665,-1499.0159369852759,-1476.278383990741
SAIH_AFF_r16c17,-1583.1375353065746,-1582.9761132532828,-1631.9737546824565,-1663.7411278732804,-1692.5567771608667,-1616.87601404148,-1595.2414563978518,-1550.9889872281162,-1481.2362418883222,-1488.4281918583492
SAIH_AFF_r16c18,-1610.7962595383863,-1585.233744808551,-1666.8183189395563,-1666.9220876824531,-1718.7653412870072,-1639.0651071808272,-1616.2826897595564,-1675.8522512425436,-1606.9111182105278,-1599.1053844421513
SAIH_AFF_r16c19,-1728.5005758860793,-1688.3914899743468,-1768.6227422648026,-1744.1154573059002,-1803.2269645568292,-1696.0381000994712,-1648.4841500445004,-1662.0540128789069,-1580.5324171509344,-1571.4308517878646
SAIH_AFF_r16c20,-1828.8916175661873,-1769.5386676093954,-1872.0978710032205,-1830.9026265483017,-1911.3879304475342,-1792.528690392018,-1708.9752271715506,-1770.860999816691,-1674.1572367559638,-1662.5261397857905
SAIH_AFF_r16c21,-1667.7486224218671,-1632.670038297326,-1687.222216114195,-1675.796011109627,-1715.1247477166887,-1611.1592414878105,-1575.2795731012982,-1576.6917601849157,-1520.1196300630081,-1513.2741884395994
SAIH_AFF_r16c22,-1595.7324616762419,-1560.36763311843,-1605.9924085702755,-1604.1829668113892,-1639.6104567427292,-1553.5865040667431,-1516.39858017482,-1525.082877253992,-1492.2704266807718,-1489.541508020886
SAIH_AFF_r16c23,-1600.299250088341,-1572.4433640016234,-1621.6083942991013,-1614.521074742505,-1656.2948239081793,-1547.945493331938,-1513.4632778861135,-1496.0771034825748,-1460.6808674370825,-1459.5400515646068
SAIH_AFF_r16c24,-1632.574691301445,-1616.1418978905056,-1667.3649150833457,-1661.540153727298,-1703.0696591548929,-1596.4712776126441,-1560.310809359819,-1554.9001427280707,-1507.3112886118718,-1504.2826172923576
SAIH_AFF_r16c25,-1653.5276692878754,-1632.896927321655,-1687.1211244672947,-1680.2893835795735,-1717.471495659822,-1596.7159853617165,-1560.1016119912463,-1546.857397149827,-1500.87016114677,-1492.2881558694492
SAIH_AFF_r16c26,-1633.3783590570806,-1621.067461335819,-1667.0910264534743,-1657.7382671952819,-1719.9463860185708,-1591.977319981774,-1565.0569396508824,-1589.7303065376896,-1532.8215005839559,-1504.2211805864695
SAIH_AFF_r16c27,-1674.6314670743325,-1655.007730123661,-1717.0779321068444,-1691.3364475461503,-1753.4094373998719,-1620.2250479042539,-1585.6074521219225,-1584.687999329864,-1534.9309053118748,-1520.1257159460956
SAIH_AFF_r16c28,-1597.5507937089867,-1570.9422852324574,-1609.454186939285,-1613.6083251719142,-1641.0916523078058,-1547.1026374915555,-1530.6523025678364,-1527.834135509247,-1491.2551914485787,-1486.9101702638022
SAIH_AFF_r16c29,-1568.1781899090377,-1528.8683306066355,-1588.5472861723713,-1586.9578195144302,-1607.3928983705255,-1544.5512911458675,-1511.9736221451476,-1533.1698030233626,-1517.0312466461621,-1506.5784909364572
SAIH_AFF_r16c30,-1643.5650685917929,-1594.9411097756722,-1661.2140262950477,-1644.6310523518118,-1672.7801606192245,-1575.9638776947709,-1546.1321272489704,-1549.193732865144,-1506.969960486728,-1506.2123425949928
SAIH_AFF_r16c31,-1603.332450213233,-1575.9224041112218,-1614.6561119852147,-1621.0907117930578,-1637.9121155875075,-1548.3976920197194,-1515.8970938192945,-1488.1974611169733,-1446.9373839923144,-1443.3074985797657
SAIH_AFF_r16c32,-1604.747672679947,-1597.0248352218125,-1652.0809318183608,-1630.7535253497856,-1665.0207501368245,-1553.2971139922022,-1496.2659730751004,-1503.2979179159784,-1475.4668859344765,-1446.2391372091015
SAIH_AFF_r16c33,-1624.025431492542,-1617.9413421420452,-1686.4553168990115,-1666.1391821927195,-1697.2914936944762,-1582.0740067949928,-1525.2308020500145,-1537.7233788601366,-1514.742203818388,-1492.8924003915756
SAIH_AFF_r16c34,-1667.9038641333527,-1621.8102842776516,-1691.128135761893,-1667.1915986853305,-1678.8427974701776,-1542.0372219094133,-1482.477974047061,-1473.3825688433787,-1435.7566132854956,-1385.2923542275007
SAIH_AFF_r16c35,-1578.836515178883,-1545.528259657445,-1600.9536636379587,-1577.6527508370189,-1608.6616432511114,-1525.2507519416988,-1467.2577307983283,-1469.2814761878594,-1444.7875977393333,-1407.0209496585185
SAIH_AFF_r16c36,-1642.4266755351184,-1587.772869869435,-1643.7708875609485,-1614.0234027621389,-1631.32967858845,-1531.7968461131568,-1492.9319494707736,-1552.3422454291688,-1517.123259260811,-1478.4335180345558
SAIH_AFF_r16c37,-1588.056160923452,-1577.1717886636393,-1608.768566530121,-1598.9856116426079,-1611.141988509207,-1521.2463060634223,-1468.1149786019973,-1448.3409336596478,-1426.8065986991064,-1397.5764975330137
SAIH_AFF_r16c38,-1572.1367334913393,-1527.852466314867,-1592.446063193181,-1578.1459152273837,-1595.749010724248,-1523.0719742303827,-1480.588236064372,-1547.061692571594,-1520.761772446937,-1493.658974191099
SAIH_AFF_r16c39,-1637.5374569385258,-1584.0833743442613,-1667.3805613436227,-1656.1167528768724,-1676.8080610033194,-1584.7623739568392,-1543.5251641309694,-1564.2919934452318,-1522.732018889459,-1509.2443457273594
SAIH_AFF_r16c40,-1652.3461189126936,-1658.9906921959455,-1718.6098313025952,-1724.4364145584948,-1755.257634571844,-1668.668567838867,-1639.2026410501385,-1619.6582653875853,-1589.4504129094742,-1587.9382821395386
SAIH_AFF_r16c41,-1595.6735528100594,-1574.7892101665975,-1601.347197272427,-1589.095876169876,-1598.9174422197661,-1505.0817093417265,-1452.9326093673892,-1441.6111506816314,-1431.5970126584928,-1423.0413430467318
SAIH_AFF_r16c42,-1612.4689429608413,-1614.4114403029243,-1676.4209328633754,-1667.5464101100356,-1694.2396786408233,-1629.1768391999544,-1578.1828358795224,-1600.1661970576997,-1549.9326748333242,-1562.0043574125773
SAIH_AFF_r16c43,-1704.9049248125225,-1670.7618997762047,-1716.6064573545004,-1716.5089348113447,-1726.076462196862,-1626.8498894109334,-1514.1499273645773,-1439.5462419348507,-1407.4251488698978,-1413.5772251959852
SAIH_AFF_r16c44,-1483.2162733107855,-1462.1204045946197,-1515.140731181219,-1527.1252997288043,-1543.601331895333,-1508.5399018878984,-1491.1942530601127,-1543.4696711098077,-1527.9482555521813,-1524.1188313456116
SAIH_AFF_r16c45,-1565.0071599732878,-1536.5153111864763,-1584.9243043643362,-1597.2778221529682,-1601.63267294321,-1550.108905445927,-1491.6402624101404,-1495.7340570126623,-1474.8432086317744,-1489.6238761801253
SAIH_AFF_r16c46,-1501.341235528717,-1477.3408348761511,-1517.0499689690657,-1532.532074463767,-1539.3786507173777,-1471.9796662276071,-1410.566554152253,-1389.5924237385334,-1388.430505110284,-1391.390240836709
SAIH_AFF_r16c47,-1447.7691325128385,-1416.704302623244,-1474.2339482680093,-1482.6499531470029,-1497.1344942755584,-1484.0629452997803,-1489.4178318841186,-1531.8474241321721,-1522.5092449600306,-1517.2093412835102
SAIH_AFF_r16c48,-1510.5554563730975,-1505.2246447755558,-1511.048522035956,-1543.3442535836562,-1542.639320230777,-1485.8823780404794,-1438.5192507041656,-1424.2910510664578,-1418.5789608703385,-1408.6779132592683
SAIH_AFF_r16c49,-1537.0192496536836,-1507.2291025644377,-1537.5217360563734,-1527.7871330297448,-1529.9531786412902,-1482.58830461117,-1455.7593046975858,-1522.441715526203,-1538.4711464686266,-1512.9967947794705
SAIH_AFF_r16c50,-1618.7985294964485,-1620.2765373803156,-1663.7104851248282,-1631.4585992262714,-1637.0345220209088,-1565.4260429372384,-1512.0416180250547,-1597.5480936850538,-1616.6059767671954,-1544.9417347649237
SAIH_AFF_r16c51,-1537.5857383398313,-1522.9515524632275,-1552.9596362179443,-1548.2736666518274,-1558.9819784904557,-1497.8240140149837,-1447.6786321250038,-1480.2350311749597,-1468.4011946254939,-1458.9445161661997
SAIH_AFF_r16c52,-1547.2798059579181,-1550.7730267894299,-1577.3751960186285,-1580.6036352783783,-1581.7044261595522,-1535.4287670264587,-1490.3544200073816,-1525.2993934221504,-1510.450723730885,-1486.6763382280167
SAIH_AFF_r16c53,-1549.14497356714,-1549.4835524507018,-1577.1643576644822,-1580.7194477247317,-1561.2332506788237,-1524.520812440595,-1485.888021031078,-1554.4467087881733,-1528.0259929669478,-1512.5722327976941
SAIH_AFF_r16c54,-1603.542590285122,-1613.9146990146905,-1642.669816654974,-1622.7747662377099,-1605.1731018920875,-1553.9729066102634,-1503.6305901385294,-1566.5766075411245,-1560.8521643299166,-1503.7098127807503
SAIH_AFF_r16c55,-1485.7142281042634,-1475.4081670062167,-1552.004163633411,-1545.9689062999175,-1571.449640984817,-1534.7443974253551,-1497.308077448819,-1600.9394754345628,-1635.3289506072615,-1580.0411833098526
SAIH_AFF_r16c56,-1541.6269523223707,-1563.4957374131322,-1648.391663285739,-1705.0712978837573,-1716.0366475153455,-1650.8369825544116,-1603.1118794906363,-1681.4805768953922,-1681.4318417987413,-1595.1662657540342
SAIH_AFF_r16c57,-1545.0588564934349,-1562.5621219342302,-1584.9501516191033,-1645.6916763992688,-1635.4511676504014,-1593.2222358973286,-1520.7794662169597,-1645.5799522360544,-1671.98179785167,-1589.0560990682893
SAIH_AFF_r16c58,-1432.2256211846745,-1452.8323665225168,-1465.8445205909757,-1559.4644042595517,-1560.248659727966,-1496.83786111431,-1466.720812435211,-1560.2813733599987,-1566.4439022857916,-1526.3762970796722
SAIH_AFF_r16c59,-1399.7143055428244,-1398.624559703544,-1413.056122248556,-1424.4806583823272,-1430.1453024132825,-1385.9659757231332,-1381.6217129987294,-1448.3013212167236,-1475.2133640613333,-1451.7229713627255
SAIH_AFF_r16c60,-1513.7545315342438,-1531.463251711186,-1558.86133832402,-1550.6261513696036,-1557.1109110183356,-1496.3879778560117,-1464.5815676163804,-1517.549403866037,-1525.121543273698,-1520.5116779436983
SAIH_AFF_r16c61,-1588.337306679097,-1564.518663028507,-1644.7934104609335,-1649.9751831736842,-1648.184624408843,-1596.9986985372298,-1569.9553417583636,-1801.200328377126,-1830.1828646845333,-1777.146845327566
SAIH_AFF_r16c62,-1733.1073136637428,-1760.371067848832,-1857.8036417799485,-1842.4133938551515,-1879.9149500930598,-1759.6083097083592,-1665.675556463034,-1975.6087573394482,-2002.3845020169579,-1898.984293645995
SAIH_AFF_r17c11,-1645.4148011057246,-1627.3093018020365,-1728.1049417295783,-1702.21370009319,-1712.677298095348,-1670.494994921626,-1659.8547768132928,-1683.7000434541333,-1632.1842245793302,-1579.0441504455366
SAIH_AFF_r17c12,-1450.7960526660343,-1428.3204374171844,-1579.3500620617042,-1491.4628520103272,-1471.5851266634884,-1451.9640303971416,-1431.6853864323145,-1440.3288301499417,-1462.024774928117,-1433.6013831642554
SAIH_AFF_r17c13,-1433.9819900945524,-1424.0121566861778,-1619.7615415222563,-1481.6025700763337,-1444.7842921164788,-1431.8000638723393,-1422.4707993466182,-1423.327057788761,-1429.2591881930418,-1382.3094483942916
SAIH_AFF_r17c14,-1429.527891106584,-1409.4751334195732,-1652.1753701443915,-1493.7438213251357,-1482.069056085975,-1464.1231257103047,-1456.2206385285353,-1488.214086697846,-1481.85516840457,-1451.6941667234044
SAIH_AFF_r17c15,-1465.0224547919977,-1483.5183999455526,-1700.065783273825,-1544.9493340523345,-1522.0787095693333,-1495.7517067526692,-1494.102899908905,-1486.6847036218767,-1452.6609007046904,-1422.354289917596
SAIH_AFF_r17c16,-1531.238199734471,-1520.2962655514746,-1692.9082086640476,-1607.8681774498082,-1617.0791825640201,-1562.031180196766,-1554.5711001186257,-1574.7517263412058,-1527.727535305872,-1493.0730208941632
SAIH_AFF_r17c17,-1591.706366013721,-1581.9801891558657,-1635.5953881150622,-1656.426776052123,-1698.219900893424,-1608.6689248795178,-1581.947609112778,-1573.6178847316712,-1518.7565554051816,-1493.5634939125102
SAIH_AFF_r17c18,-1607.717071944442,-1587.1740215461473,-1639.7536647829918,-1654.3540345345887,-1692.012637543927,-1617.3884224804763,-1584.6718192721223,-1582.2911662887095,-1528.2037561734385,-1514.4491958164647
SAIH_AFF_r17c19,-1678.1345228091939,-1660.1408916357127,-1727.01942583707,-1709.057047199469,-1766.38301960384,-1664.5209113730534,-1638.891188088488,-1651.2337435245024,-1590.306682686895,-1565.5338060871634
SAIH_AFF_r17c20,-1677.7757421970134,-1636.4337541538684,-1706.7029247943697,-1694.0555106016923,-1735.8456816795117,-1650.3835280315702,-1599.8753538480066,-1634.5851369434342,-1570.5902957265898,-1568.367868375088
SAIH_AFF_r17c21,-1639.2386004591488,-1598.8159555614886,-1648.3943394300168,-1626.5490601055985,-1663.2203025567323,-1567.8359026310748,-1521.5407933279403,-1519.3143940881293,-1485.1373573012297,-1470.8692603092584
SAIH_AFF_r17c22,-1563.918987215813,-1538.4450112339546,-1573.9152242339178,-1580.0378890640475,-1601.9788335541732,-1524.543817659043,-1494.9677959976752,-1492.7788744049155,-1469.7815401777539,-1455.3032329696928
SAIH_AFF_r17c23,-1653.776453035637,-1614.9381277074694,-1676.0316873666718,-1655.7134813961707,-1698.028923294377,-1591.420565640174,-1556.171011268306,-1594.084576424244,-1561.661662893115,-1544.2965645408267
SAIH_AFF_r17c24,-1651.1890610064281,-1626.265243750736,-1693.4657360971066,-1673.1447367387275,-1718.1193939949446,-1609.395870051984,-1577.8958792180074,-1588.1666068692784,-1540.5887100786965,-1541.1799211722034
SAIH_AFF_r17c25,-1751.8546825754163,-1721.7734285833951,-1785.9886364826236,-1760.4061966639772,-1823.4310231092209,-1697.866417808865,-1639.1830492235836,-1660.0308733757045,-1608.1338491984548,-1596.0655057956285
SAIH_AFF_r17c26,-1739.428178632966,-1720.9157191563788,-1781.8815276082933,-1764.0878971818213,-1831.2476602475124,-1696.9089499787883,-1637.9270054834255,-1649.636040829793,-1609.297694551663,-1599.574248843871
SAIH_AFF_r17c27,-1675.8127807503436,-1664.5536606179915,-1719.9885605687775,-1697.420965833534,-1742.922358459943,-1608.3557506046934,-1582.3462692271444,-1575.4950734531901,-1536.903636534977,-1518.415698983278
SAIH_AFF_r17c28,-1576.789333242554,-1548.619999057291,-1574.7638539009854,-1590.3190495393833,-1605.3889278774905,-1512.512936068588,-1499.006729898031,-1484.2490428880428,-1442.9954645200833,-1450.0520401803722
SAIH_AFF_r17c29,-1534.6037103157983,-1511.5463854917073,-1555.5801641816042,-1569.2244382434244,-1591.7979194588697,-1515.2766638046571,-1499.8298264994135,-1531.686895313285,-1494.9469524836652,-1492.82842341682
SAIH_AFF_r17c30,-1592.3781470357967,-1563.487946018272,-1617.170672441197,-1612.7174285886358,-1641.6948655039062,-1546.9538343104475,-1517.6177734369896,-1509.429858578136,-1477.7639634780203,-1472.8039548895415
SAIH_AFF_r17c31,-1662.498493372673,-1616.1240827375334,-1687.6041641032625,-1677.3993884480558,-1698.3466473287797,-1626.4735993339946,-1583.2880551025062,-1566.570685823042,-1519.7611701166813,-1541.070998667466
SAIH_AFF_r17c32,-1628.0092778564826,-1593.5934738148676,-1653.6214252233046,-1646.1115359133967,-1660.7953974709146,-1557.3944149556012,-1526.43695744965,-1503.4006892271595,-1475.0840191999002,-1473.7247752548597
SAIH_AFF_r17c33,-1722.1446710605524,-1697.784774608292,-1771.0172099694794,-1763.3646733639403,-1808.6210063709595,-1696.815276170931,-1656.2954696554862,-1677.1117692633868,-1636.7358668851389,-1634.3592813430837
SAIH_AFF_r17c34,-1673.0791761054868,-1665.6360067566682,-1725.7377627047613,-1710.7529337820317,-1734.314221739188,-1630.9892600400683,-1586.8623053856923,-1581.1357645117778,-1536.8529350914635,-1527.037863531014
SAIH_AFF_r17c35,-1681.6395889123605,-1655.365743394824,-1718.0628437401017,-1688.2779239341276,-1724.6545256550216,-1606.5006819175378,-1561.7942284384478,-1586.575310658594,-1529.5546777448815,-1505.4580260777836
SAIH_AFF_r17c36,-1619.0862710080185,-1585.216320395519,-1624.8089101755013,-1611.386565866586,-1624.4378152184727,-1531.5727483646615,-1495.3983654465565,-1482.1967905980448,-1463.9763510859489,-1433.0305045066746
SAIH_AFF_r17c37,-1573.299770969387,-1528.5220772422088,-1565.7319451897022,-1561.8634480231376,-1624.5833344239552,-1524.4761611851998,-1485.9581986415203,-1503.9301417372292,-1486.1935871428755,-1452.5962491329549
SAIH_AFF_r17c38,-1524.1839070827168,-1476.444426403385,-1506.1458418991988,-1512.1302858489705,-1529.9509041626825,-1462.9209234113305,-1426.6442823658813,-1447.331851929449,-1448.974693920308,-1410.750464193587
SAIH_AFF_r17c39,-1519.6929284943935,-1483.0079526297607,-1529.921798268117,-1532.183674858382,-1554.6603431305825,-1490.2384506245885,-1454.4788383610992,-1485.9607499240865,-1472.4365098478581,-1450.370511921091
SAIH_AFF_r17c40,-1624.1638576607459,-1608.8088759177585,-1674.9058147600408,-1676.3558455155803,-1710.6586658639687,-1649.5898729207288,-1601.521886165242,-1627.2723841432291,-1606.7510214765275,-1608.6535669881807
SAIH_AFF_r17c41,-1682.0306720994654,-1654.531206301488,-1710.7870733585053,-1696.3741430509212,-1708.0817329094623,-1615.343772094753,-1533.6322909410853,-1507.5255683752378,-1464.5347414619323,-1440.8126155473726
SAIH_AFF_r17c42,-1643.6451720182883,-1604.0620695614834,-1674.5969838534827,-1676.0547373768586,-1684.008547232363,-1617.7464085388524,-1574.514811012941,-1598.0207893620482,-1550.0732720921335,-1543.467183236531
SAIH_AFF_r17c43,-1557.92831210983,-1524.7724142443953,-1604.9689931814316,-1595.4275229357797,-1614.5959742962214,-1563.6596840686307,-1544.1631326152676,-1614.910578596762,-1583.0262429818476,-1587.4280385818427
SAIH_AFF_r17c44,-1649.937635466951,-1617.133584808856,-1670.2679261384492,-1652.4048328324784,-1655.8535150728271,-1558.3207831167624,-1483.8699438761096,-1467.4319864297463,-1427.521700888979,-1422.707823314453
SAIH_AFF_r17c45,-1497.122670193404,-1472.9954510337955,-1486.8240935458105,-1523.3713129673044,-1518.9692414461367,-1462.2936558027482,-1379.4507588157496,-1358.9991305372598,-1347.278118084563,-1339.1040107897186
SAIH_AFF_r17c46,-1391.9693540066567,-1378.880113230176,-1409.2877287713063,-1437.9825467362532,-1454.0348620105435,-1415.0374466123906,-1398.0484004011762,-1432.2295948695519,-1430.378915200444,-1430.1968277743877
SAIH_AFF_r17c47,-1367.0924940975688,-1319.0534935583673,-1388.4144448574248,-1398.2488757898263,-1422.3463823728027,-1431.1141642629418,-1480.0480779801383,-1567.9090554540549,-1561.6078744444374,-1560.9835726587896
SAIH_AFF_r17c48,-1632.6195198056591,-1593.2391181428857,-1662.5530951907272,-1660.4992958336377,-1671.0615818351268,-1632.620857459975,-1499.3233563343551,-1520.245576055201,-1490.3006031224145,-1451.5573961027399
SAIH_AFF_r17c49,-1512.902966138311,-1461.911696698151,-1546.2740830162586,-1550.4728459687276,-1559.8498364656675,-1542.9555773193983,-1519.0685875294919,-1655.8161371331596,-1642.1376307030796,-1619.5228699293225
SAIH_AFF_r17c50,-1658.0320772891232,-1622.852399972779,-1734.8363390795878,-1695.1035843851275,-1715.367060511039,-1683.2706846819494,-1649.7738308999449,-1829.1352559639427,-1831.2037032189846,-1740.9789711186618
SAIH_AFF_r17c51,-1615.7140885677854,-1619.3018799246897,-1652.6147188754524,-1640.9493580393707,-1638.550297608918,-1585.85570222873,-1483.7543947396682,-1500.8363661597857,-1494.2703252618007,-1454.7748463510518
SAIH_AFF_r17c52,-1556.3457519916012,-1552.7921377876792,-1556.0752371203653,-1569.9173540953823,-1541.2117734220988,-1508.743983307982,-1425.881493485244,-1380.655659080734,-1363.6727490254696,-1360.7971275907835
SAIH_AFF_r17c53,-1452.6214170317169,-1463.3786117708064,-1474.7498317670882,-1495.2155999696276,-1471.3125204563373,-1454.0904661033596,-1423.6959841429027,-1427.00812231122,-1428.350537167037,-1423.8569692938938
SAIH_AFF_r17c54,-1443.0157298723593,-1437.6608117022497,-1489.0719480016326,-1499.5319440227006,-1499.4186020334441,-1483.7126870360084,-1450.9988717631904,-1592.3481094834704,-1577.5399542422751,-1563.5017041349472
SAIH_AFF_r17c55,-1553.5404212863793,-1585.1081052063732,-1636.2623219981251,-1620.274695059678,-1625.9301949837368,-1571.3565719941962,-1496.7420485076366,-1666.4512828704449,-1697.343305977302,-1619.6885235598793
SAIH_AFF_r17c56,-1611.3190697430937,-1629.031904618566,-1672.6178931801228,-1680.437027051787,-1680.2087083982262,-1585.094478399142,-1529.6182334541747,-1654.8728997892922,-1689.6819170516571,-1582.0471174861605
SAIH_AFF_r17c57,-1480.4774194899942,-1484.5207055656524,-1510.304741304815,-1525.5150493089427,-1528.2083178397297,-1478.6261083382653,-1452.6560864988294,-1579.4049041840592,-1612.7973200865217,-1555.0744216739386
SAIH_AFF_r17c58,-1505.691313361883,-1516.175620137586,-1537.4014140917034,-1566.886435504643,-1571.484037150665,-1539.5576840518095,-1465.8115268630293,-1567.0651864339338,-1596.0716050804695,-1567.696805335958
SAIH_AFF_r17c59,-1396.6259057994725,-1401.20424779688,-1423.9891212402938,-1428.0243109114942,-1457.4581859131315,-1429.7759221673705,-1404.8481713784379,-1472.8814807055212,-1504.2933415391046,-1480.903005146067
SAIH_AFF_r17c60,-1521.1881584630084,-1531.3761153790786,-1574.1422738159124,-1576.5328246672516,-1614.0514546715708,-1559.1656218508294,-1500.1485950607914,-1642.0405632844297,-1676.2797445327124,-1619.8641495111833
SAIH_AFF_r17c61,-1548.950853413917,-1576.4020393947796,-1612.1601872849449,-1605.5190741545725,-1616.822566369365,-1568.5223919681146,-1496.0842101404126,-1637.1246942740872,-1669.0239605318973,-1659.8327162077946
SAIH_AFF_r18c11,-1654.8527473444544,-1643.5774156784705,-1720.7735021893725,-1690.2107562271308,-1688.758493439702,-1629.3293005740095,-1614.49112123575,-1613.9076629381673,-1553.1498136620041,-1510.9028747427903
SAIH_AFF_r18c12,-1538.9907985223365,-1516.926229037744,-1687.4534108341065,-1581.3019503897642,-1564.8445845116714,-1536.3133981028304,-1526.0476535840623,-1533.786795475179,-1505.1226872384602,-1459.3924650672557
SAIH_AFF_r18c13,-1604.597564696709,-1582.8729120103899,-1839.0111124730406,-1661.2233630552655,-1673.2547471201717,-1585.5376757432007,-1576.1442117863674,-1621.7035830618893,-1567.2918556343448,-1514.9673197841664
SAIH_AFF_r18c14,-1639.4649069027855,-1613.501128332494,-1908.0446376161265,-1680.2364880553282,-1709.9760819599849,-1632.7944634746377,-1613.1502025780765,-1650.924353458958,-1601.7913824094917,-1544.4478762564927
SAIH_AFF_r18c15,-1473.5391388028993,-1461.8805428707794,-1702.884462618956,-1519.5409069926957,-1486.9758347394534,-1468.138768995653,-1453.9628158552912,-1445.7035204711005,-1438.8048001919456,-1390.5228339023013
SAIH_AFF_r18c16,-1545.971944232837,-1531.1530727248066,-1684.6507195258127,-1600.8054097488186,-1598.4271343149642,-1530.3804564475572,-1518.8107109687255,-1512.3261685120067,-1487.0801392092,-1444.985338161479
SAIH_AFF_r18c17,-1576.406473957083,-1572.8786159126225,-1621.2030596384343,-1647.067879533908,-1682.154854424635,-1592.5686201896488,-1564.2553436746948,-1522.590938963707,-1476.9586901868327,-1441.4845870583442
SAIH_AFF_r18c18,-1589.5864004925536,-1582.8124797812723,-1628.0823437027134,-1649.253360222066,-1690.0394278230551,-1602.0242859528105,-1577.9633401859596,-1537.5442411846343,-1482.633315766955,-1452.5635363728375
SAIH_AFF_r18c19,-1630.7066526185113,-1607.1514019032813,-1658.8443054117558,-1660.5651713553248,-1694.073403348085,-1612.1316988444173,-1575.6704621025808,-1578.0195048546975,-1532.0692149811052,-1503.54046885717
SAIH_AFF_r18c20,-1621.5580302053957,-1587.6580904700907,-1649.866778499853,-1647.3619247134825,-1677.7258895564682,-1602.9762567536898,-1578.7980245702556,-1615.4853682016337,-1555.3118554482155,-1551.5484061162144
SAIH_AFF_r18c21,-1685.2144621234445,-1655.3902640027331,-1715.360084810519,-1682.8100108751498,-1716.6332779578706,-1608.9819243016555,-1563.6490508367601,-1576.7888004214444,-1537.7956228174723,-1503.9405674376633
SAIH_AFF_r18c22,-1591.189782107339,-1564.2034238784474,-1596.9215148131527,-1609.4878765901044,-1618.8532250827009,-1547.1980730900473,-1515.8156234672902,-1531.070251599236,-1484.8793763761778,-1474.374362131758
SAIH_AFF_r18c23,-1552.6041786187404,-1523.0484202401196,-1574.8520246377875,-1583.1972118202966,-1599.1979263369813,-1516.846298073413,-1494.1917877520368,-1568.0086602551403,-1540.850707736599,-1513.0053953832837
SAIH_AFF_r18c24,-1588.0594481768965,-1559.838562389929,-1603.6684808557823,-1605.6835405387776,-1645.3907064118453,-1552.3870615093601,-1540.4805113821672,-1543.5301206705367,-1507.934266518818,-1495.9649859761269
SAIH_AFF_r18c25,-1587.4066210623216,-1560.0898229984637,-1595.2273480021806,-1594.8183484898664,-1628.2438041638516,-1546.8339309884386,-1523.8428632156536,-1547.7444365916185,-1508.455413190487,-1498.2930031321469
SAIH_AFF_r18c26,-1629.5033771708986,-1610.7546131189197,-1634.8980378754472,-1632.2743530676287,-1733.646987156575,-1647.6572008484015,-1604.825229775455,-1668.5730624639646,-1615.7854785564646,-1598.5607329856587
SAIH_AFF_r18c27,-1557.3216644977222,-1558.365277238077,-1580.8498446966044,-1573.183218887814,-1592.4299204836184,-1525.5180535307727,-1494.9025800444917,-1509.3605151221957,-1477.1886564626293,-1468.9993662682589
SAIH_AFF_r18c28,-1566.3796294363808,-1535.2567413150791,-1567.948091352125,-1579.4190259530205,-1597.634093209639,-1506.8032000375683,-1496.30203909128,-1511.7422725327942,-1481.2046761351187,-1483.3869186137524
SAIH_AFF_r18c29,-1557.1921406832303,-1534.065921140821,-1570.9320733459729,-1585.742313720683,-1613.5938927037391,-1529.1272992335232,-1506.6665319226065,-1520.5461176758995,-1473.076431177515,-1472.4257269007383
SAIH_AFF_r18c30,-1583.5027964585154,-1574.749662181551,-1639.715856858889,-1652.9994756640288,-1664.4244851855526,-1602.424513880556,-1579.5151770481712,-1593.3629970105028,-1563.775023347298,-1572.667868378628
SAIH_AFF_r18c31,-1784.6416255226154,-1765.4195910894125,-1857.7292630063466,-1862.6678716462068,-1895.7796504516077,-1814.548928168093,-1756.1129681358566,-1711.9118565291906,-1665.3620780941515,-1709.6301886497197
SAIH_AFF_r18c32,-1648.1615928663298,-1618.5052633775883,-1742.506473889212,-1721.2294389122094,-1777.3291052388545,-1685.3841235139273,-1643.9222976762876,-1641.9135371201826,-1589.4104964923865,-1597.5273134729423
SAIH_AFF_r18c33,-1592.5477839551884,-1581.751230846258,-1639.6052086701634,-1627.453545984624,-1660.185059821214,-1560.0946630297587,-1531.695550699391,-1503.5313709332518,-1458.6368455913791,-1453.6758310819966
SAIH_AFF_r18c34,-1558.3454203900594,-1532.7124153675556,-1585.523357902289,-1583.7104898571517,-1611.4210214597872,-1527.4390894266517,-1492.9367764659842,-1478.1765807840322,-1450.921171482617,-1452.3327088904834
SAIH_AFF_r18c35,-1574.104062403018,-1544.6758762058512,-1579.97533140519,-1581.2152705878068,-1593.5297554004121,-1508.0623352101888,-1468.5640734085646,-1443.2718239738374,-1413.4460689072437,-1404.164783292433
SAIH_AFF_r18c36,-1535.5535365815483,-1500.8687191501353,-1545.2810455299661,-1544.5466126457052,-1562.7197501747944,-1487.5797896208792,-1443.9986042555856,-1483.2246496290193,-1480.0283844845396,-1451.9865721560732
SAIH_AFF_r18c37,-1724.9187956513695,-1678.0195917877738,-1760.39574211752,-1726.8299611189198,-1747.997832986073,-1617.1771683829802,-1562.353012045051,-1582.0812147795045,-1533.5451852392712,-1499.3530694148542
SAIH_AFF_r18c38,-1737.1191650903406,-1697.0419776922581,-1788.5373687300248,-1749.1142652142717,-1773.5441210619017,-1648.263800143501,-1572.7395681951614,-1593.9197234361761,-1550.3622020742291,-1518.7748118191905
SAIH_AFF_r18c39,-1537.9795197721694,-1494.1357542059707,-1588.301322491218,-1592.5154325414728,-1626.6041367295793,-1549.1995994189492,-1501.4557913431727,-1532.5362622345435,-1518.6937954272214,-1501.458699206923
SAIH_AFF_r18c40,-1534.687991717887,-1496.9934650578787,-1543.5765169749425,-1558.5142889925605,-1568.8712308691263,-1518.7981026241466,-1473.189927948743,-1491.2616923570388,-1459.198588181299,-1456.9158932608736
SAIH_AFF_r18c41,-1582.0779660221017,-1544.8095474135675,-1616.9039701754198,-1605.2842074780585,-1623.632193953687,-1585.5661295876932,-1543.2235852108474,-1600.0619188746377,-1555.246540640946,-1569.4482922349644
SAIH_AFF_r18c42,-1639.152227451554,-1609.8132885303728,-1679.510328508667,-1660.2807142037218,-1681.6217167395414,-1592.7218529224544,-1524.5430489319297,-1522.5725865361537,-1488.7805602805063,-1492.1520161332405
SAIH_AFF_r18c43,-1530.810121597906,-1495.85555065884,-1514.743747343387,-1543.2526331435788,-1551.7528091645654,-1465.1967888556553,-1398.7425112849012,-1378.447257593024,-1364.0411158948257,-1349.7936277795022
SAIH_AFF_r18c44,-1460.357322991944,-1431.737121293126,-1477.2578714437348,-1502.034088508592,-1495.8885623156502,-1481.9152598952128,-1459.70264941595,-1515.5890679970687,-1498.6675959660233,-1492.422800781342
SAIH_AFF_r18c45,-1532.8075559324243,-1498.9283021329336,-1537.9943278324959,-1544.5993294631787,-1551.8040467027588,-1514.2390737720953,-1481.7573961254973,-1518.1072832822385,-1494.6043519666036,-1508.060914486987
SAIH_AFF_r18c46,-1557.2165386582071,-1537.7234443319735,-1586.3692904922414,-1590.7519331712354,-1606.0659104427773,-1543.9582894173875,-1495.8802816533964,-1513.6984539847854,-1474.4775350370983,-1473.8771666649275
SAIH_AFF_r18c47,-1437.283688461107,-1411.8866529152983,-1449.867494008767,-1468.40151560589,-1486.138847962198,-1444.1600043809665,-1446.489432221489,-1489.680238971307,-1471.5442725378573,-1470.5537854943059
SAIH_AFF_r18c48,-1456.5914021119165,-1411.1929439316918,-1502.8515242161147,-1500.9187206442673,-1521.5172137710163,-1536.5480345188191,-1532.242103780744,-1668.5021685100514,-1642.0967262409267,-1646.0622126365583
SAIH_AFF_r18c49,-1679.9195581621045,-1622.0285384077554,-1699.162448996629,-1674.68634361923,-1676.7589118933076,-1636.3172487920936,-1560.8827783401339,-1645.1037442474453,-1608.256138666555,-1584.8401859601154
SAIH_AFF_r18c50,-1621.9509722877776,-1589.6725618485598,-1648.90948609695,-1634.804199469591,-1637.555470080344,-1596.7772382698315,-1484.9029433316734,-1542.7813428184747,-1517.3673831807387,-1494.3992521063853
SAIH_AFF_r18c51,-1728.2213285399735,-1714.1965703820435,-1737.2007210911336,-1747.5456838886753,-1707.694248489466,-1676.2360269026476,-1513.1315626076164,-1470.7489929769272,-1429.4022770200465,-1406.8315010383296
SAIH_AFF_r18c52,-1504.5590803578414,-1490.857494588039,-1513.1987898072555,-1552.435721551341,-1543.4734096658922,-1515.741091781643,-1458.2124775044983,-1501.2869330481722,-1496.6618528468211,-1461.4078949427505
SAIH_AFF_r18c53,-1484.367462996489,-1483.5746357038886,-1523.6239519802164,-1526.0452076735658,-1522.6890244220567,-1486.671593511799,-1454.9007257227229,-1525.6795289845622,-1515.572504447726,-1497.9339075812204
SAIH_AFF_r18c54,-1398.8815156359615,-1369.9145479249846,-1407.5779789955739,-1415.8472993378416,-1403.9961767459567,-1398.6752685536048,-1376.9197507843407,-1480.8674327083816,-1482.4954999830481,-1477.0226839452016
SAIH_AFF_r18c55,-1490.511490729411,-1474.4273210386395,-1522.309095273004,-1523.5454789738824,-1501.5127560271214,-1482.757156758646,-1430.3888168553306,-1537.1089695258916,-1520.5695457189888,-1496.1301221729723
SAIH_AFF_r18c56,-1573.0661736327702,-1584.0833507181674,-1649.7615339682275,-1635.5325183323075,-1644.3242471497567,-1598.2164620471685,-1548.9368982674273,-1674.5630965171222,-1680.927708644087,-1600.2772846279818
SAIH_AFF_r18c57,-1551.9668674620216,-1542.439337453595,-1565.3900717175961,-1571.9749575407832,-1572.4178586988567,-1504.3788979648275,-1454.336154381974,-1514.1783339290232,-1546.1902590338348,-1489.9792882504719
SAIH_AFF_r18c58,-1798.820322239087,-1798.990812169767,-1883.9329416182884,-1862.2946703803962,-1885.5054819242548,-1759.9111286713503,-1633.1141632893634,-1828.112087356106,-1861.7105690039168,-1718.8936423240018
SAIH_AFF_r18c59,-1596.003493575109,-1610.4078611962684,-1639.718181462396,-1631.3385428217337,-1645.0553649468395,-1570.483783184397,-1500.229485356467,-1561.5505863935814,-1625.417431348248,-1545.9271254321304
SAIH_AFF_r18c60,-1746.9113477766543,-1750.5269273696401,-1829.9221802668226,-1815.7436788742975,-1839.7022603761386,-1748.6248552712561,-1654.2590853143354,-1845.7006853101632,-1864.3865222334648,-1738.486924866224
SAIH_AFF_r18c61,-1660.0343039166846,-1686.6698981761451,-1717.7731595136058,-1699.971646895847,-1686.9655734668384,-1639.392659707965,-1558.2050747569203,-1747.8450545121568,-1790.9982155389005,-1706.4502816265735
SAIH_AFF_r18c63,-1606.18909224661,-1593.2026154191296,-1709.9236895513664,-1693.3487147247101,-1712.7340494910545,-1671.203473660595,-1623.7801206233596,-1915.5639168157932,-1922.7908447287275,-1866.0719305476564
SAIH_AFF_r19c08,-1743.446941169698,-1739.200603334054,-1832.8225297084462,-1815.9762594336466,-1849.5858336955835,-1762.1821445592627,-1724.1689309151138,-1778.826675011396,-1668.267863034795,-1648.842096166844
SAIH_AFF_r19c09,-1784.8469578738277,-1752.1456184116555,-1851.7774979778549,-1828.4536763878284,-1853.2071965007024,-1774.0411707271155,-1745.0001125598521,-1808.8822493122116,-1709.9900764098165,-1701.9500914876007
SAIH_AFF_r19c10,-1723.2417897237005,-1688.469040430095,-1799.501753219035,-1775.6622375736179,-1801.2027134959887,-1731.8763214610244,-1696.9964883245298,-1744.9488908500032,-1658.16188797729,-1665.4553393964943
SAIH_AFF_r19c11,-1637.5022839656492,-1636.4096217124688,-1736.2399852360327,-1697.585132365302,-1707.415336207601,-1638.7473109413133,-1611.2438280573117,-1638.2690995809062,-1561.1785131841789,-1500.5873103130575
SAIH_AFF_r19c12,-1553.270773049964,-1523.588511484067,-1700.284353338907,-1597.7623946977726,-1587.6559337168826,-1544.5943877217046,-1525.680933913279,-1529.9970068896562,-1504.3686370218722,-1465.1852297991272
SAIH_AFF_r19c13,-1530.3204742259413,-1492.027656199282,-1706.0582678031064,-1570.8675067798927,-1550.4020475796576,-1524.530064500592,-1511.9709930578106,-1543.3386987843323,-1523.5073976733727,-1482.6847926243158
SAIH_AFF_r19c14,-1662.6922831173447,-1626.2135844787758,-1886.0995058618407,-1665.4531590014642,-1683.485389274563,-1629.8378195073333,-1612.4491603317356,-1665.9696865744788,-1613.4942926649217,-1554.8076343953733
SAIH_AFF_r19c15,-1572.5773352669612,-1544.2333356020304,-1799.70105912904,-1619.3130163450435,-1606.622422855834,-1569.7003759044285,-1552.7597326785617,-1595.0399123587822,-1557.6424510224879,-1525.974948430946
SAIH_AFF_r19c16,-1649.1102815828144,-1614.8171531671198,-1761.82549878626,-1690.0021865679275,-1705.985953592389,-1628.695090303947,-1596.0212502978716,-1601.4014774390719,-1557.0011810085457,-1519.1854052482872
SAIH_AFF_r19c17,-1609.5888584651825,-1586.9525538464788,-1660.290909709645,-1664.3118200475406,-1708.2005748510553,-1617.034430855578,-1586.0926463043077,-1576.2282336680555,-1527.0230961331079,-1496.1681989047497
SAIH_AFF_r19c18,-1661.2739363721887,-1647.02142050975,-1696.1637123995451,-1705.45031777248,-1736.6751650400577,-1624.6701581923026,-1579.6512934793186,-1538.8795921199794,-1496.9505704716473,-1455.1718118661283
SAIH_AFF_r19c19,-1609.7813073445568,-1582.118635327258,-1629.184981584303,-1639.684875566414,-1674.1734374141097,-1580.1619796288626,-1537.0305252990127,-1531.145323040439,-1482.1104575522727,-1451.8028145786413
SAIH_AFF_r19c20,-1582.993895940316,-1547.702362278954,-1620.2403915396842,-1611.4051487782717,-1651.529455819544,-1556.6321642832643,-1531.45275049296,-1568.2973653820472,-1542.7574506974763,-1512.4520905946158
SAIH_AFF_r19c21,-1655.38415385945,-1627.6282724843059,-1683.5860538047368,-1684.0528597344112,-1695.3205143307455,-1605.8458997254056,-1557.3421367447595,-1571.7499862569446,-1536.4712586810374,-1488.2383962765516
SAIH_AFF_r19c22,-1560.4514792682528,-1509.6437029627311,-1581.1475052241876,-1596.5449096308307,-1611.4857807991086,-1544.3099942913761,-1533.6030329058021,-1605.8117854393342,-1575.8795269693508,-1530.6582861542217
SAIH_AFF_r19c23,-1602.322996827591,-1554.8567965993448,-1615.5055307765597,-1625.821719487808,-1645.2766095004777,-1563.2263718315169,-1533.4435876495897,-1524.4094057229013,-1480.1304692653205,-1458.4014851692473
SAIH_AFF_r19c24,-1655.42654330041,-1618.0396549376233,-1672.411230764401,-1664.0546663035227,-1706.8960936927162,-1600.9229973497077,-1567.4670362766,-1595.009145095908,-1553.2840741245168,-1529.8403772221156
SAIH_AFF_r19c25,-1624.9339521636855,-1613.2222082610233,-1636.909013091252,-1638.6086526304275,-1674.71446110191,-1564.3384169565857,-1521.148461693516,-1511.1721939944175,-1466.0455850747803,-1443.7592818007904
SAIH_AFF_r19c26,-1610.2521957274303,-1576.6250085105708,-1620.185106238117,-1624.5370118205278,-1652.2513708566603,-1564.8172191118617,-1540.4419421909608,-1565.3375423564594,-1513.5706927343278,-1501.8423266069258
SAIH_AFF_r19c27,-1604.9371093054722,-1559.0379359810734,-1615.656461053584,-1619.7164434625138,-1647.4915185910438,-1579.8276179805916,-1547.3219035004186,-1592.585117744998,-1552.3606902401023,-1541.383699988486
SAIH_AFF_r19c28,-1566.9009052653143,-1525.9372729962843,-1562.077153114752,-1569.6122756803948,-1586.6881116170975,-1523.219971352037,-1495.6091830615667,-1518.7244950599334,-1482.6384202243178,-1480.417922524796
SAIH_AFF_r19c29,-1632.2701616703177,-1607.2938389370006,-1648.4640770447043,-1655.8648497952984,-1686.3006607122331,-1591.8894380281288,-1551.0305173659497,-1546.3210527418025,-1495.8908411254129,-1472.8867417777485
SAIH_AFF_r19c30,-1496.7865125291341,-1473.2565447356747,-1523.100649367656,-1545.954502369673,-1564.854476185493,-1510.3839726637204,-1491.3707025215406,-1548.1754680422132,-1509.776326883301,-1508.2458380246694
SAIH_AFF_r19c31,-1661.8359643749168,-1631.7810763970763,-1718.676203865149,-1706.7309478556424,-1749.1975375545253,-1659.2329820042048,-1616.1786071449217,-1610.0315541732814,-1571.0352638110103,-1584.8597170517728
SAIH_AFF_r19c32,-1656.157254822893,-1634.781618165017,-1718.459459459465,-1703.5948250352917,-1739.5586013297532,-1652.6664973276775,-1612.48445179993,-1588.072565250072,-1537.8972077396697,-1551.3727770983896
SAIH_AFF_r19c33,-1534.6600208352957,-1517.754447131743,-1562.3312471861873,-1571.9619886714618,-1581.2098266168287,-1506.5613201620747,-1470.9895902042695,-1435.4533142779358,-1400.393988650521,-1405.832712985938
SAIH_AFF_r19c34,-1493.7417898408812,-1463.497210902886,-1510.4403237971592,-1523.2074145462605,-1537.410012989604,-1479.2563193346025,-1442.1459784624137,-1472.0254370894982,-1449.8124443490065,-1451.911298855035
SAIH_AFF_r19c35,-1535.9251827827009,-1507.8606663158973,-1567.1978581768649,-1566.770548492064,-1588.9051885940514,-1508.7839957488197,-1472.8919716971557,-1482.8744224642805,-1447.6134692456567,-1454.1559719484565
SAIH_AFF_r19c36,-1554.2229880301772,-1508.1995825881108,-1575.1437714237827,-1564.7480131036955,-1599.4987443600949,-1514.2796947708287,-1484.166849535322,-1494.8247131929913,-1466.9035343841083,-1469.803559784957
SAIH_AFF_r19c37,-1661.6736955070776,-1625.3752908688805,-1687.432257980084,-1678.3781256134791,-1704.7404284835598,-1618.496347288936,-1573.3123663442832,-1558.6935622766987,-1523.3900797026574,-1517.017270216863
SAIH_AFF_r19c38,-1676.2069038665063,-1645.995136757425,-1685.8771356889263,-1670.4455929646722,-1659.9102460690817,-1582.5393878128307,-1535.2578173285483,-1532.1887210483915,-1502.9560213071345,-1479.1945401787164
SAIH_AFF_r19c39,-1596.3298901605233,-1558.5037276315963,-1622.7051035046065,-1608.171573144304,-1613.1996377077196,-1533.7153832863926,-1485.793391307083,-1512.2675675109729,-1494.2916138760077,-1472.8732212600687
SAIH_AFF_r19c40,-1645.0229815859423,-1601.16205682577,-1667.027682602839,-1654.3027182661767,-1668.028227041321,-1588.977486945259,-1531.1546938187946,-1543.7298852229483,-1502.6904186679615,-1474.9849546519429
SAIH_AFF_r19c41,-1593.1059634384933,-1563.0630307664558,-1624.0837285303953,-1615.6050010867418,-1616.270372397399,-1540.931053716253,-1484.9247689701176,-1489.4175375840955,-1455.6741097264344,-1437.1737863238727
SAIH_AFF_r19c42,-1539.984963744875,-1497.107566048759,-1568.9156299017795,-1565.5974436795143,-1583.0659479361204,-1553.1340248299887,-1525.7294128737833,-1614.9352906826066,-1588.8850100948785,-1598.022213958949
SAIH_AFF_r19c43,-1634.875402112317,-1606.5728330432275,-1685.4664947846459,-1660.780952505595,-1722.2722192411886,-1592.538009920297,-1508.6469578191047,-1512.5013126725908,-1479.6153097148242,-1459.3916214058556
SAIH_AFF_r19c44,-1545.011436843449,-1512.739177667666,-1545.2657331857,-1560.1160359256744,-1566.6804359036853,-1494.047129532926,-1407.9120836834604,-1402.3001091591668,-1392.2740497001457,-1376.7261754242738
SAIH_AFF_r19c45,-1445.0683734718946,-1413.5946485999568,-1437.6769230366372,-1469.1650490776399,-1464.6612307644018,-1417.424793894894,-1350.2450110516386,-1356.379105079567,-1351.5241931259936,-1338.3581200699816
SAIH_AFF_r19c46,-1436.1293479314022,-1406.9272671567026,-1444.476200451978,-1504.5786837122953,-1519.6956821175406,-1489.0049335257165,-1459.8848817813066,-1537.4475996197737,-1514.3417435456968,-1495.0263933151255
SAIH_AFF_r19c47,-1482.625406364683,-1451.2012061374849,-1508.1827790370828,-1529.3541615407607,-1546.0506771435942,-1502.6284583531858,-1472.9178109442362,-1537.5252456510511,-1518.7645650000297,-1503.9557199918372
SAIH_AFF_r19c48,-1492.4811118004504,-1439.208284578196,-1531.4797296412974,-1530.4513561127858,-1529.7615304271394,-1553.6037836606838,-1520.2121666653627,-1622.1268811631123,-1592.077801424571,-1581.7300548937123
SAIH_AFF_r19c49,-1423.9113012828764,-1387.6579998271727,-1465.8931462224782,-1472.514757369522,-1465.6124930278627,-1499.2445997009534,-1484.5039004705723,-1610.611060629473,-1590.876609484208,-1597.6115424600098
SAIH_AFF_r19c50,-1679.8857807698594,-1660.6733037382976,-1714.603152499966,-1694.4485062008298,-1702.7534511551014,-1636.3504996780537,-1472.2790684891393,-1516.7653947430456,-1465.0614742727362,-1440.966731754819
SAIH_AFF_r19c51,-1682.6862296335544,-1640.8714956085528,-1706.8222547515236,-1696.094899418147,-1687.4854456135272,-1703.9876531248267,-1583.289707707703,-1618.4917879532284,-1566.71728143544,-1543.1896888535148
SAIH_AFF_r19c52,-1568.724285890066,-1548.3052497650433,-1612.5169603564634,-1606.5925482814546,-1617.2252977257958,-1619.4446762780196,-1589.1045345424786,-1688.4804688215884,-1641.0647653405076,-1623.620413687668
SAIH_AFF_r19c53,-1676.330715795042,-1675.322145735526,-1727.1224997447057,-1713.9673012822363,-1708.118459536385,-1625.3600734202478,-1504.8529290855731,-1549.3981896305693,-1513.3371020997047,-1457.621993082158
SAIH_AFF_r19c54,-1558.2831717328306,-1549.8456174151654,-1628.9961048344082,-1614.423355810817,-1636.192391862041,-1622.0779268714132,-1557.742782949232,-1694.7947760803386,-1652.9117645519048,-1628.3401777954675
SAIH_AFF_r19c55,-1553.1545811871408,-1560.4435800008948,-1591.057733249192,-1597.2339051579481,-1585.0866692678583,-1551.8061784291842,-1496.3400388083128,-1605.6080596631955,-1593.6325282748146,-1546.3813243531338
SAIH_AFF_r19c56,-1524.7672028164216,-1514.1965030297472,-1554.039223128165,-1563.9127563506918,-1545.7941577562851,-1542.0125351725576,-1498.0980408067112,-1614.18872122394,-1573.4555379601882,-1563.1517753144258
SAIH_AFF_r19c57,-1664.120383996989,-1654.5009872262926,-1720.4513640482096,-1715.4956923415384,-1726.2935754350924,-1675.7435306563934,-1583.6548216969873,-1743.9037153227005,-1712.7581164665216,-1655.166249430452
SAIH_AFF_r19c58,-1608.9813643621937,-1603.067741682159,-1656.1421795241006,-1645.5319101594246,-1662.4140807832302,-1608.0108583544977,-1550.173173477139,-1689.5948613910682,-1692.1080704693645,-1629.253624250679
SAIH_AFF_r19c59,-1755.4946417908866,-1774.0590660060116,-1818.0617032086393,-1821.443463822921,-1837.2462759661,-1747.9614921276743,-1639.8268298048408,-1734.6710803364713,-1724.397843098227,-1640.6357779616794
SAIH_AFF_r19c61,-1765.172295864131,-1760.997106405716,-1738.0643818182828,-1701.1268703617452,-1696.3726373344418,-1589.6211198340898,-1498.2324773880707,-1549.8548646426405,-1588.2167053352166,-1504.9523198508475
SAIH_AFF_r19c62,-1620.2282944732003,-1588.851862904476,-1615.4659080497725,-1578.652609479836,-1563.4430579224204,-1498.1880731183176,-1452.2225328590052,-1623.0918978772906,-1670.822766883681,-1596.7651455062858
SAIH_AFF_r19c63,-1573.3989568250186,-1578.1205176075046,-1614.9444477901911,-1594.8471057392949,-1611.4097839549,-1562.5961100884754,-1539.7613946704853,-1667.1837312881787,-1686.5576194453677,-1649.7255774251062
SAIH_AFF_r19c64,-1643.8953750144028,-1643.943514863412,-1735.7401390532289,-1720.5768431358226,-1716.2378773441715,-1667.7094305938074,-1610.64593258851,-1785.2640047956677,-1769.9889767860745,-1746.5383495806461
SAIH_AFF_r20c06,-1811.469581908359,-1783.6954629489005,-1916.883041180692,-1900.0004792106388,-1929.0681814610955,-1860.0319971299743,-1823.7809195606978,-1873.4704460586897,-1795.62211753492,-1755.145755974422
SAIH_AFF_r20c07,-1610.5323391289317,-1588.3180721125402,-1651.1181998565496,-1656.4701136607555,-1659.78638479218,-1616.8317836519072,-1604.9927594276646,-1600.3038920039578,-1550.1072081127913,-1528.5454250367786
SAIH_AFF_r20c08,-1510.5762139316378,-1509.0450378261169,-1560.9465825562543,-1582.6907004574741,-1563.7846150220355,-1534.3687948276802,-1526.0416414623473,-1511.9664422500316,-1477.7234883300728,-1446.5728673218478
SAIH_AFF_r20c09,-1529.425148869898,-1515.0970487769773,-1588.129010980382,-1603.2309413812516,-1596.6531508068429,-1554.220494967871,-1544.0489628185169,-1550.4935099268414,-1515.5965789370366,-1484.8490282558344
SAIH_AFF_r20c10,-1576.3216383611143,-1568.9999397661352,-1657.9725385955028,-1668.8218046589582,-1667.3775589571676,-1619.0840969503324,-1610.133727035839,-1628.3653917165332,-1564.28039649596,-1537.4824994434907
SAIH_AFF_r20c11,-1539.6747947048636,-1532.8669776524757,-1637.9258895686241,-1615.7192803348587,-1595.5900301300217,-1558.1396635175417,-1548.6414998520981,-1544.2769344338249,-1502.2676781558641,-1465.4890199496863
SAIH_AFF_r20c12,-1591.7123602625966,-1558.4032921595167,-1760.3318319773107,-1642.6841836507556,-1614.3822827769136,-1567.3066144334423,-1553.906074469004,-1565.1183548629522,-1552.600350374596,-1504.7929228521218
SAIH_AFF_r20c13,-1536.9499441118498,-1511.1597929913385,-1738.0548750958744,-1588.7272160895047,-1558.683021258439,-1524.3727752720458,-1509.1082031239778,-1525.8242468188257,-1516.3665870009663,-1467.8753471740495
SAIH_AFF_r20c14,-1535.992877325017,-1519.6438374458926,-1755.9135694814324,-1592.4015617512357,-1560.5942039232323,-1539.6597770497985,-1522.9365008287966,-1539.3970969862187,-1522.5925463301203,-1484.0863152988252
SAIH_AFF_r20c15,-1628.1722380448798,-1593.5424358397127,-1871.2592457828557,-1691.3842968283734,-1698.8303508790316,-1638.8680224704995,-1620.7113546171333,-1697.542681905282,-1642.4467843942089,-1612.0978503293106
SAIH_AFF_r20c16,-1693.5208862516313,-1660.7458664809187,-1792.1067408963083,-1738.187261376671,-1763.4698280602718,-1684.130984241041,-1644.3533405956885,-1688.259425785199,-1614.442973934084,-1595.8470925269332
SAIH_AFF_r20c17,-1847.8715910935189,-1807.3358986843405,-1945.9287696262431,-1902.1283958179538,-1991.2889108776103,-1862.0796515310947,-1779.5755548225966,-1911.3936164643167,-1809.2883585418324,-1783.4993010727344
SAIH_AFF_r20c18,-1805.9766731172597,-1771.4350746444527,-1885.362792207962,-1849.3874048450143,-1919.652162869195,-1796.219898029993,-1727.473796536581,-1817.7511004852342,-1736.1122586592012,-1702.5060503774764
SAIH_AFF_r20c19,-1689.106316310263,-1658.0154838473236,-1729.542078631243,-1718.9040079997692,-1760.5491700500766,-1665.350057982623,-1605.3503511678975,-1619.878736476174,-1570.2094730256454,-1542.0675870590112
SAIH_AFF_r20c20,-1707.1911416967157,-1667.3408278538493,-1755.329758902689,-1729.1690483111145,-1769.800934327366,-1655.9788126605551,-1608.1344090667465,-1616.5154721783601,-1554.821773388953,-1547.6243757839525
SAIH_AFF_r20c21,-1700.2844832099504,-1667.2992314377555,-1742.3973697161339,-1717.3870192559395,-1749.1317785828717,-1637.410243657266,-1595.6285744950412,-1603.9440959969843,-1554.580877040511,-1520.4144005947453
SAIH_AFF_r20c22,-1722.6582521119315,-1706.2309245361082,-1801.8932591036935,-1781.9480986074088,-1823.935903613196,-1719.1746500191166,-1685.4828165016056,-1723.132379974757,-1664.5957557125575,-1653.1089196025955
SAIH_AFF_r20c24,-1832.6618889863687,-1796.3704382668361,-1889.6926920609142,-1870.6645471329985,-1923.1008550589895,-1817.9142217391864,-1720.9860074113842,-1822.742055022326,-1770.5035943903943,-1744.5507627440452
SAIH_AFF_r20c25,-1811.8745507328317,-1761.2621154888197,-1843.1426843729623,-1830.4584632379685,-1892.9443288282273,-1774.5155087157175,-1679.5639889950805,-1760.0584250191748,-1710.9025080429615,-1684.9743855543425
SAIH_AFF_r20c26,-1703.1671109621386,-1638.2878065769694,-1718.2410377136152,-1715.742496294627,-1762.3637208742055,-1668.6073379456266,-1609.5770953026877,-1659.2036907075028,-1652.6085268069905,-1608.130855927809
SAIH_AFF_r20c27,-1753.8487194119557,-1701.2273881448755,-1777.0493858831658,-1763.5105572599819,-1819.866923028596,-1702.1234882673841,-1653.9888223406595,-1683.2328722657924,-1633.954396720522,-1622.3770143346287
SAIH_AFF_r20c28,-1707.0365012818272,-1662.1062514893551,-1726.2791815165622,-1714.0484606299935,-1752.6233001725693,-1645.723989661593,-1601.979660990319,-1598.6979524820822,-1555.0850090474166,-1554.459448984883
SAIH_AFF_r20c29,-1570.9757520706157,-1537.0427080824682,-1575.8148853962703,-1581.1737563217907,-1608.1717982681173,-1551.255204025004,-1511.4381590107114,-1519.0034108876164,-1483.2568584232954,-1483.7214747180715
SAIH_AFF_r20c30,-1596.7605122659472,-1562.1362856791247,-1637.166292670282,-1633.898025979875,-1681.961593146047,-1596.1970406717799,-1558.0389410098169,-1585.330940978396,-1540.0028016998726,-1538.3664152119215
SAIH_AFF_r20c31,-1665.6503472704005,-1627.2115744582823,-1702.0547229036156,-1691.1361331382097,-1735.9244906133592,-1645.4309058874978,-1603.7327654138057,-1593.7168718699209,-1554.042905500041,-1569.9535707460363
SAIH_AFF_r20c32,-1727.6612792567264,-1700.8949716925301,-1775.9584396063663,-1768.0850900025664,-1818.1510849014608,-1725.6568092427426,-1689.8885377005222,-1659.0816805367167,-1598.9176778971303,-1626.548088656587
SAIH_AFF_r20c33,-1604.740163436672,-1581.96187873648,-1645.8305561663053,-1637.0685287558492,-1665.9336202112838,-1573.8704625645207,-1537.1847457360932,-1535.368755954811,-1487.8084592350615,-1478.7807006522805
SAIH_AFF_r20c34,-1583.8444342599746,-1556.1129673034875,-1640.6423836897172,-1622.8373607091885,-1659.566952559285,-1571.844119996334,-1532.311291230735,-1537.4649661511874,-1497.6187667770953,-1499.6564181801518
SAIH_AFF_r20c35,-1654.9408317016225,-1624.173183041371,-1719.0114080185976,-1690.1030203239695,-1725.4418316702101,-1615.1578798571784,-1568.8856711307506,-1578.603101473253,-1537.6479639383067,-1514.6912165062886
SAIH_AFF_r20c36,-1632.8127433702473,-1594.9695163625986,-1681.7047609570625,-1668.0509588165821,-1700.6194507655603,-1607.934400343566,-1568.45848008652,-1576.9709513796329,-1524.5768637545598,-1533.239865192195
SAIH_AFF_r20c37,-1507.8862048025626,-1482.4863131664774,-1511.978020971296,-1529.1048721881655,-1558.0567811205976,-1495.4414861037674,-1449.6215193981877,-1437.6536490370265,-1411.6847264465532,-1411.368583887804
SAIH_AFF_r20c38,-1646.6039057630571,-1608.207193475905,-1680.5069399705649,-1660.3524981275177,-1685.387637948284,-1574.0752921334793,-1528.9359794262616,-1542.615669667878,-1522.791900399638,-1495.1415439732255
SAIH_AFF_r20c39,-1633.5081751358596,-1603.834047097997,-1651.249395306954,-1651.8810272975718,-1651.5039291959417,-1563.9834219867437,-1503.7876611205932,-1456.8396202213546,-1438.4660638932814,-1411.8683470676312
SAIH_AFF_r20c40,-1576.6932489804892,-1535.745918030813,-1587.6214801358997,-1599.347041979238,-1594.0877355082894,-1544.149196693592,-1488.9455903215842,-1494.4024777121078,-1479.550352575344,-1473.9594132643715
SAIH_AFF_r20c41,-1628.9310275298062,-1585.8223380826805,-1635.9948255590143,-1632.3778860732634,-1628.4806966641086,-1564.1314637959329,-1494.0043521866983,-1484.284065288037,-1465.6633497173166,-1458.8825380947255
SAIH_AFF_r20c42,-1454.5344024384822,-1406.9267408092137,-1472.4701854261975,-1480.7468766121033,-1502.928647182208,-1478.674154243382,-1464.2887448052647,-1511.6831519049329,-1505.179371891997,-1498.076171123163
SAIH_AFF_r20c43,-1569.6042387565897,-1530.7417797856804,-1586.7594792250147,-1598.5414190961299,-1600.3585929443057,-1557.3224245247957,-1506.6017835548603,-1543.420669238783,-1511.7816100678974,-1523.9767567256301
SAIH_AFF_r20c44,-1585.5112051747215,-1549.8958616374935,-1610.4637013070312,-1603.616168120815,-1622.753488773884,-1569.6107991654699,-1525.752719162538,-1562.4831850391752,-1521.220553858398,-1549.274937109142
SAIH_AFF_r20c45,-1657.514983828517,-1611.538482892273,-1669.5050714295066,-1635.8830048841814,-1640.1973601854156,-1546.6124815042754,-1476.4975998114417,-1488.7541960743233,-1459.7287197684925,-1446.9738192198406
SAIH_AFF_r20c46,-1481.3370893321955,-1440.9196942479014,-1484.54924871294,-1507.2076815108492,-1507.2587266090218,-1455.7514441785074,-1436.3296524020764,-1438.5722743912982,-1437.626977725871,-1431.2644561875786
SAIH_AFF_r20c47,-1448.707778644456,-1415.6661815592884,-1458.064743512561,-1486.5641964580175,-1497.8850059940423,-1456.7558827994533,-1431.1519188788782,-1465.1665846521093,-1450.8904006323846,-1451.4225355061958
SAIH_AFF_r20c48,-1451.5109342114902,-1418.2427567720376,-1462.44489963666,-1483.6913814225725,-1499.6326345769235,-1465.6152372176782,-1425.500570662701,-1453.6106692983462,-1448.7634576924274,-1437.5793378218482
SAIH_AFF_r20c49,-1484.3958604472118,-1441.0637247071702,-1505.3729185051727,-1517.0667597158242,-1507.4783948758363,-1527.5244856328081,-1509.4134079821515,-1571.6081225106507,-1540.2989365685808,-1537.5769370765977
SAIH_AFF_r20c50,-1467.4532569376468,-1429.6850824246299,-1538.032250043189,-1526.084670432357,-1547.3970856912526,-1552.9808216811593,-1554.4442082890544,-1752.1695895258697,-1723.2259230563864,-1704.4525711563538
SAIH_AFF_r20c51,-1646.2566847440412,-1623.6963027362224,-1661.4383453310895,-1656.1983387321059,-1650.9017877484125,-1622.3583666992263,-1506.457464052562,-1497.759736773883,-1443.7001416686535,-1440.6108118582697
SAIH_AFF_r20c52,-1669.126001691192,-1663.4646485801568,-1678.0971257582219,-1686.9412978200369,-1672.6324640883395,-1630.864513494197,-1423.428015676254,-1400.3291908717495,-1354.9818681131683,-1335.5151906256624
SAIH_AFF_r20c53,-1457.8588990628714,-1434.8993378038344,-1520.4535559331896,-1514.328532040188,-1521.6561607285473,-1544.4214987261437,-1525.0872533129454,-1690.680703095748,-1662.739229820561,-1688.7535944238325
SAIH_AFF_r20c54,-1588.7069542318034,-1592.3579835188414,-1650.9459414887485,-1640.4929949844507,-1655.3494445200668,-1604.1767405212402,-1534.9829848277016,-1605.0203187334423,-1573.9836078447797,-1529.5799111022684
SAIH_AFF_r20c55,-1786.616996483179,-1790.4532797037798,-1812.3974505013366,-1784.453622744377,-1793.4840826544535,-1685.3552041353414,-1555.8545560242903,-1661.9490545434544,-1650.5299427305506,-1579.4410978346546
SAIH_AFF_r20c56,-1471.7504220706987,-1436.1231137693203,-1420.0245023491998,-1421.9741810519702,-1401.670619953147,-1359.1259092515281,-1325.7093719326256,-1382.1048541402192,-1416.015807038438,-1397.059550576503
SAIH_AFF_r20c57,-1491.5634757697487,-1481.8155117603012,-1486.200014140642,-1486.7133691912077,-1465.3513687617517,-1439.425245759117,-1415.742758158365,-1462.5433829652402,-1465.74031758834,-1439.4068445943474
SAIH_AFF_r20c58,-1576.5655570127558,-1560.0178083877158,-1545.1196588579908,-1511.6047600723539,-1492.8037779016831,-1438.5301548908274,-1399.9271722542017,-1468.6069354023837,-1494.7885087078635,-1464.8683074571143
SAIH_AFF_r20c59,-1630.8904476947446,-1606.8982440519048,-1720.8256020112867,-1720.2589165760965,-1735.3512917545072,-1704.0185258416363,-1683.1136298759955,-1934.3069098718054,-1918.5132789482636,-1863.762296219669
SAIH_AFF_r20c60,-1730.8005674739038,-1753.3239679199255,-1809.5388803383905,-1787.0107736281689,-1820.3171440985855,-1687.7505261174106,-1577.5770644218992,-1711.4520107631581,-1788.792429667787,-1618.0623985718923
SAIH_AFF_r20c62,-1694.7393615907356,-1699.2004177879232,-1698.5538962126845,-1673.5049919897806,-1676.8863150895786,-1578.4299969634462,-1500.3026632671226,-1569.9337429190705,-1594.3947991162577,-1532.8289373108698
SAIH_AFF_r20c63,-1557.3632931146437,-1533.3938760761637,-1545.1446956366906,-1518.220605794004,-1508.9177271203832,-1447.8816167075133,-1431.1785646955316,-1538.731702591172,-1571.2260782588653,-1538.2317759064908
SAIH_AFF_r20c64,-1628.6866538223924,-1644.3354685193128,-1720.1313100112036,-1700.1324513366073,-1708.7478744123223,-1662.739641686648,-1642.8334136100432,-1803.46825230621,-1784.4398291153148,-1732.392181397442
SAIH_AFF_r21c02,-1920.4997325917273,-1900.5360948999444,-1987.0483943763452,-2003.3172140492466,-2013.518756408022,-1886.4328779131258,-1827.8863266972655,-1889.760162166822,-1754.4344119235452,-1773.6161373722052
SAIH_AFF_r21c05,-1678.969533853887,-1665.584510825632,-1725.5061469531315,-1732.7319438141942,-1731.3158939292064,-1680.97150546889,-1657.7801231998649,-1646.051350660601,-1584.356528497145,-1540.5226866123237
SAIH_AFF_r21c06,-1623.1777174834658,-1586.584743220151,-1662.3160146619534,-1674.2045994703958,-1670.970446511264,-1629.4420526734589,-1615.6479878947573,-1620.5452707374027,-1592.2082023453904,-1538.276594356974
SAIH_AFF_r21c07,-1641.8039671818237,-1608.0117174256638,-1683.5411583378138,-1696.9973946787863,-1688.6945410827122,-1645.9939861153896,-1626.391862217891,-1619.7502986078912,-1569.695699003253,-1534.019019627278
SAIH_AFF_r21c08,-1648.7656799083827,-1618.7359180191488,-1709.3879011450344,-1713.5309110926223,-1712.7095972179147,-1658.393371927093,-1635.306533371254,-1645.005175980741,-1568.295158736168,-1562.8675194164543
SAIH_AFF_r21c09,-1601.69300295195,-1574.2371752078407,-1656.7157266686877,-1668.4808958057401,-1654.1623700049074,-1606.8817005497128,-1592.8563508537743,-1590.3904494675073,-1543.1291762717924,-1509.365955105409
SAIH_AFF_r21c10,-1607.0993858179777,-1579.0646847946891,-1678.0968002003779,-1693.5488449516524,-1675.0109164722876,-1611.7085557590647,-1607.6158335811965,-1628.1480142143726,-1562.4134352969409,-1538.9067794841278
SAIH_AFF_r21c11,-1637.9774751397256,-1611.0030252214842,-1759.5349660836205,-1719.6643516767858,-1710.1884295710229,-1637.4445250011138,-1620.3637072524511,-1627.7555855759558,-1571.2856956575074,-1547.4520228560746
SAIH_AFF_r21c12,-1578.8289234766848,-1545.7651444791163,-1730.4563249397384,-1634.2688986402616,-1601.575430202347,-1557.9221931188533,-1546.098792615863,-1526.5255329917493,-1508.1023745917157,-1474.7915149175108
SAIH_AFF_r21c13,-1587.460778944405,-1547.246235415005,-1783.7570897293472,-1643.3883872919503,-1617.143367184607,-1566.2015819863243,-1551.960335591824,-1551.3800027122759,-1532.7740623092939,-1497.5407414941512
SAIH_AFF_r21c14,-1573.3281642960792,-1564.3173557556909,-1806.517135045452,-1637.1757698769704,-1608.670171246105,-1563.6367490373334,-1555.4331921066141,-1550.0022618886164,-1537.365731996206,-1492.1919500767058
SAIH_AFF_r21c15,-1706.4208213476395,-1682.7764778598198,-1961.9443828678666,-1776.687984915627,-1782.0029235114541,-1718.802317423978,-1703.0028765683628,-1750.1274400628054,-1693.7241571759123,-1652.2189973477216
SAIH_AFF_r21c16,-1701.085126642546,-1671.6308596144772,-1774.08330833266,-1744.0230275772658,-1753.4164112249985,-1679.4397492454157,-1647.9496560342072,-1678.0182744056588,-1628.6866193784372,-1593.9940363609821
SAIH_AFF_r21c17,-1790.9609130290805,-1739.9041329901174,-1867.0719824112593,-1831.3640380046304,-1877.3140284852175,-1764.6591319860145,-1706.6181072277159,-1792.8797163475747,-1729.823366638243,-1681.8768083624825
SAIH_AFF_r21c18,-1803.6280067204498,-1765.7289203460443,-1877.2558516910726,-1848.3654998069494,-1904.7079006960519,-1799.6444269360477,-1729.106113099654,-1823.2561517109004,-1726.6428042201103,-1690.2594049693778
SAIH_AFF_r21c19,-1774.907980868036,-1740.50546627652,-1833.090404806989,-1810.0630760323636,-1865.5956128958271,-1766.229208067977,-1692.1142337041888,-1756.205741676711,-1678.2957031311164,-1654.9589272953967
SAIH_AFF_r21c20,-1697.962554916673,-1675.8744560510095,-1753.7071049912859,-1753.2830882736603,-1783.1424363697083,-1730.849225687958,-1663.260573742265,-1701.4218096152442,-1621.6967216963908,-1622.1606514865332
SAIH_AFF_r21c21,-1600.418695868752,-1575.1951007059768,-1634.6284793307013,-1640.659221840017,-1656.8220465623365,-1605.452179333048,-1558.268605764095,-1583.6792874038697,-1534.6151161971966,-1529.2629439056182
SAIH_AFF_r21c22,-1678.543278512325,-1638.4858808060396,-1742.9728416834564,-1717.8696087741498,-1763.62501434878,-1688.355980047382,-1601.7681655483366,-1707.997706804976,-1689.6361046469208,-1657.6925892493825
SAIH_AFF_r21c25,-1836.4232880677914,-1798.823294848496,-1884.2824189379903,-1879.771023442985,-1961.9748096838948,-1843.0776781825668,-1691.294011334213,-1826.1163047248522,-1809.0476474868417,-1769.9350017343013
SAIH_AFF_r21c26,-1579.3326802466943,-1537.0611779561082,-1579.5876397048844,-1589.4107636678596,-1610.5306176756028,-1525.7189127281447,-1472.2766026276513,-1515.1257343963596,-1512.617659949701,-1490.7649018543832
SAIH_AFF_r21c27,-1769.3232918582469,-1717.6573362924912,-1780.3036566060716,-1761.8620055653696,-1821.5708671171524,-1722.3387726467874,-1622.7733587521536,-1697.6452562701675,-1690.9689158492974,-1649.5550472951709
SAIH_AFF_r21c28,-1733.2977091469834,-1664.812416679065,-1752.9024359064722,-1718.8398855225767,-1838.8291239137366,-1675.1515704122353,-1610.8537256037635,-1722.4960984276365,-1749.0481467857414,-1703.2673418434902
SAIH_AFF_r21c29,-1784.3954887571044,-1729.1487891258696,-1827.6352668721786,-1798.2242659906885,-1899.0199873774957,-1750.248345251698,-1686.6598051335056,-1767.441073226202,-1731.3112882782837,-1650.04704492466
SAIH_AFF_r21c30,-1682.5765389040096,-1632.332708997998,-1720.6496643980206,-1702.2444116335107,-1757.881468457592,-1683.4147899650745,-1639.465528080747,-1660.7236768308155,-1611.0473625310149,-1608.341682731567
SAIH_AFF_r21c31,-1709.2836318396342,-1673.1453252271137,-1734.5049099004013,-1726.3884702758728,-1762.9108628123042,-1698.4039993844763,-1646.6990263661064,-1628.1037508248423,-1569.4462884282902,-1593.990691402659
SAIH_AFF_r21c32,-1638.6219140271423,-1611.2408956789259,-1649.4188757314682,-1654.6214731272896,-1680.1952090621926,-1617.4046338835508,-1579.5861593970415,-1549.1640538784886,-1509.2306845426822,-1508.7202425210132
SAIH_AFF_r21c33,-1667.0003494351663,-1637.2889359438393,-1716.9558277441088,-1699.615415306303,-1749.4515875830557,-1657.5648645547565,-1608.5427380070716,-1624.0984364080148,-1578.9420328781976,-1563.6049061740496
SAIH_AFF_r21c34,-1594.4947896283138,-1566.1273605827732,-1631.4260294202115,-1619.1753627952912,-1653.508568282749,-1568.727957022918,-1526.0598057786383,-1503.0364882564493,-1477.222537923266,-1465.9042825759168
SAIH_AFF_r21c35,-1625.7807960526045,-1594.665829512682,-1687.8199884206804,-1664.9887597081233,-1703.5933570135826,-1607.024496534032,-1564.7269756573398,-1571.8821725319651,-1525.2076011495928,-1522.2777995107538
SAIH_AFF_r21c36,-1613.704540473979,-1572.1239890636248,-1660.3002181013703,-1642.8397085372608,-1682.2796445678148,-1595.3008416208372,-1557.3938060254422,-1566.242987362643,-1512.463384536717,-1525.3402146576636
SAIH_AFF_r21c37,-1568.835653339457,-1526.476136707385,-1593.342287392174,-1596.4943881755353,-1614.6305218579557,-1538.9526437117354,-1495.2746247483576,-1480.1194051257473,-1451.0457290677937,-1445.9691532195009
SAIH_AFF_r21c38,-1605.5369657216575,-1578.7168709591624,-1721.3966170415995,-1703.886055406843,-1734.5646221763077,-1633.9181421124363,-1567.416550561745,-1594.9875989501024,-1536.4736376587045,-1511.3572796485073
SAIH_AFF_r21c39,-1614.7295895348236,-1576.1787227827897,-1626.9712160608,-1621.0762121097573,-1621.4048998156218,-1542.6583116656232,-1490.938040334551,-1487.436925436118,-1459.1059609902943,-1446.4695221975662
SAIH_AFF_r21c40,-1607.7461822904215,-1563.7077026984775,-1600.2548008219585,-1607.3369754560947,-1595.6548962646987,-1534.223907102404,-1476.0568484077264,-1450.8068145072998,-1426.5772825418048,-1412.1771662372646
SAIH_AFF_r21c41,-1536.4712149791196,-1506.9491765086507,-1566.8413177948798,-1569.6661788070705,-1568.5391135565005,-1500.2617431980143,-1468.7117010646857,-1495.4479046821514,-1480.3169209015261,-1473.44028676753
SAIH_AFF_r21c42,-1558.3374075156312,-1523.262110365558,-1581.2811577112966,-1570.691976165386,-1574.2166638838792,-1515.9798804094926,-1479.8450254103789,-1507.1427389984076,-1501.694277187018,-1484.8945965124694
SAIH_AFF_r21c43,-1545.52115511491,-1514.1404230240666,-1541.1876253334615,-1560.633639044845,-1546.917478753615,-1501.9949644959147,-1448.836876787916,-1426.6556768724076,-1408.7237357129632,-1391.9501691105336
SAIH_AFF_r21c44,-1444.049212264735,-1406.5103914291965,-1456.0186338967449,-1482.828437751837,-1487.3464548652928,-1465.5379028325156,-1447.9908147537747,-1507.9086508745875,-1495.530131102314,-1501.6244611296202
SAIH_AFF_r21c45,-1497.4924114539224,-1466.909894984024,-1502.262339051599,-1564.674374796169,-1557.8714917487491,-1518.461201487188,-1462.1141373687346,-1484.644999021596,-1462.9838966799348,-1454.141347596379
SAIH_AFF_r21c46,-1472.8627787575535,-1429.498145094807,-1560.0511520761374,-1571.7665089171112,-1597.5653756248244,-1536.280195038977,-1537.3762926941265,-1589.378554582738,-1573.1983678921392,-1540.0727378505019
SAIH_AFF_r21c47,-1474.760569109935,-1450.8887361920993,-1512.119306032194,-1532.6983044571282,-1538.0348731080994,-1517.1081527918348,-1473.2261471382863,-1564.2340250758884,-1539.7973458573722,-1535.6492375011771
SAIH_AFF_r21c48,-1457.7153475223226,-1429.32350831806,-1481.003904100483,-1508.935841833079,-1517.698873105003,-1498.5412408102425,-1463.4279488737614,-1505.4283531059425,-1488.44362265057,-1474.0292377224291
SAIH_AFF_r21c49,-1651.9275647781972,-1625.9005551671273,-1675.1951015893253,-1689.4784377054516,-1668.8260745927591,-1628.874823901409,-1483.9947535663257,-1467.372525488644,-1429.0312907635662,-1402.0661530675093
SAIH_AFF_r21c50,-1379.2661991884795,-1319.7765309954245,-1436.186061187666,-1442.775096746606,-1465.768793874979,-1520.4485339369387,-1602.4215778823223,-1779.0376164349323,-1748.1024705587886,-1755.0978887857443
SAIH_AFF_r21c51,-1650.397269565815,-1637.9800917797465,-1709.3862288649705,-1689.038483312427,-1722.4750240667522,-1674.915368540793,-1584.3261389636107,-1679.1427855855266,-1638.5790654537268,-1618.866702842882
SAIH_AFF_r21c52,-1690.7636785686384,-1681.4903497561402,-1709.1875955243781,-1707.1617015727343,-1701.4439190422825,-1651.323212748759,-1462.6849560522717,-1436.8731358076245,-1396.9181137685548,-1378.6575780496114
SAIH_AFF_r21c53,-1527.6526451713887,-1500.4456565972769,-1589.7895914853657,-1570.9412766734497,-1575.4645953983415,-1576.497378306465,-1536.596593102729,-1655.8726039547148,-1627.7413418897072,-1638.6112224135234
SAIH_AFF_r21c54,-1518.4318738378358,-1507.4913429114672,-1585.679751618889,-1567.4548003223476,-1590.407257402017,-1574.4973203318395,-1557.5976038159552,-1695.6821170291332,-1689.0557996886155,-1659.8768291506221
SAIH_AFF_r21c55,-1696.092333058537,-1731.523271103138,-1763.6651570016854,-1744.3402642261628,-1781.5050533774456,-1650.3087777974936,-1542.7658880065144,-1621.317927097796,-1639.1383613177964,-1524.7928271781493
SAIH_AFF_r21c56,-1830.968039637525,-1809.8594171719146,-1856.117924245388,-1806.1568472521026,-1815.0476875937152,-1710.49601147402,-1586.9421917986836,-1770.5842779842233,-1761.4783753830106,-1677.8830771236717
SAIH_AFF_r21c57,-1790.5039928621622,-1767.4315395673002,-1792.3653944989612,-1750.8950611647567,-1755.7373789814533,-1648.7348744746462,-1529.0631135715628,-1679.956111127059,-1668.8020004748182,-1580.5364236164608
SAIH_AFF_r21c58,-1800.5799469020135,-1789.7560152513345,-1731.8892766050742,-1629.935554790559,-1589.9642944695725,-1474.0948461566597,-1394.793979271967,-1485.0915496998293,-1506.6793491584176,-1464.1098914568602
SAIH_AFF_r21c59,-1712.4417414173658,-1689.2399014804023,-1786.4367241190362,-1767.3937887777404,-1762.0085448008465,-1705.0563748127956,-1604.5143683109193,-1836.2607507944692,-1843.1329101373942,-1741.1387884385572
SAIH_AFF_r21c60,-1624.0415071608165,-1614.0666691005476,-1690.0210469494878,-1685.9741052895147,-1679.1809813391237,-1655.3881703157476,-1601.5179906956407,-1756.8268392285354,-1762.3979936162937,-1716.2929857409642
SAIH_AFF_r21c61,-1573.1662783811553,-1586.158887477212,-1661.7709132840662,-1697.553926466643,-1718.8826951623944,-1661.657654790266,-1610.3728819307717,-1787.5325390220478,-1833.221213172669,-1785.3917361710855
SAIH_AFF_r21c62,-1669.6581925250603,-1733.3427698133526,-1770.7978489519942,-1756.1334651224097,-1796.2117457444604,-1660.0984792966888,-1585.5179727780846,-1714.030458401688,-1847.044789159225,-1633.6621461972022
SAIH_AFF_r21c63,-1819.0397201381563,-1847.8253759143495,-1854.976719919025,-1825.1831936806725,-1824.5905090104648,-1694.0522497469549,-1580.529887930044,-1618.7116468231184,-1632.7849514259167,-1544.3823421994507
SAIH_AFF_r21c64,-1596.0308174165255,-1589.9361719328688,-1719.705196478313,-1675.0465638463281,-1720.848489511079,-1644.8805091641243,-1625.5225947445876,-1922.4563934990608,-1905.9702231309311,-1819.8779064915616
SAIH_AFF_r22c03,-1779.562778132624,-1766.9671397757138,-1863.911125828508,-1868.3027260923748,-1904.8342355737518,-1824.61490476739,-1789.7085903060631,-1811.7080510559874,-1687.0337868967472,-1699.7052998335134
SAIH_AFF_r22c04,-1741.1811337652325,-1734.9191338595053,-1801.4125427492552,-1810.480412592504,-1803.322851800837,-1729.7714008138717,-1721.7668312916687,-1708.3819177852624,-1629.287589230068,-1569.5580316226649
SAIH_AFF_r22c05,-1674.4135546189898,-1655.5733043637597,-1710.9936991178242,-1722.7808748462076,-1717.3395591738451,-1658.2873930001824,-1640.5204418732508,-1622.67254522133,-1569.1259809952628,-1517.666731237402
SAIH_AFF_r22c06,-1631.7523635182774,-1588.720895334769,-1667.681277268847,-1678.7206543999416,-1671.2328504161367,-1623.895819256978,-1603.5366928028584,-1616.7226290179815,-1574.734942882733,-1525.9546440187935
SAIH_AFF_r22c07,-1609.890670233428,-1589.701321306858,-1656.682352386885,-1673.1191924532643,-1654.0785795427773,-1598.4364605309297,-1598.7559325316847,-1592.2663056281178,-1553.9888468927822,-1510.5977866539624
SAIH_AFF_r22c08,-1615.569192255118,-1576.9406904823,-1668.7142804770108,-1681.7011584851705,-1667.4152818439386,-1617.832716207794,-1611.5538156165048,-1640.174286028522,-1577.7747919492606,-1548.872446173909
SAIH_AFF_r22c09,-1654.407655883131,-1628.998277635702,-1737.1259891161235,-1742.792975999456,-1743.7706297623508,-1683.0188674800354,-1675.9159234935207,-1699.356435177066,-1616.428203846265,-1597.9405496383815
SAIH_AFF_r22c10,-1677.9273920478495,-1657.3816644363485,-1757.6533746749446,-1778.257626506118,-1770.7924600441515,-1690.0925551054177,-1677.7780411094138,-1686.7698888856876,-1611.489227699229,-1576.6994859359074
SAIH_AFF_r22c11,-1567.0501083735599,-1572.0197035695214,-1709.4039401903603,-1660.8323769933918,-1649.5060102823982,-1586.5872904516084,-1580.226738950608,-1567.5290409725346,-1517.113132571752,-1486.3438242777695
SAIH_AFF_r22c12,-1623.3026044967228,-1597.6893039138145,-1805.306016581211,-1694.9967843133131,-1679.940567406343,-1627.1068823027233,-1609.759787157153,-1606.6590979317994,-1561.8122070399438,-1547.023554643105
SAIH_AFF_r22c13,-1582.456891632245,-1567.639662420749,-1801.4767207484547,-1652.3290874156446,-1633.5998994801246,-1595.6551539995924,-1581.8793997078649,-1568.2205835388238,-1540.6324061421838,-1492.7059479495524
SAIH_AFF_r22c14,-1708.5493901193583,-1688.8375056955367,-1957.3786287767298,-1774.5245183016566,-1781.5159789252066,-1723.4680395309504,-1704.3433452568624,-1736.2576529677021,-1672.5789021624703,-1643.022030596159
SAIH_AFF_r22c15,-1788.8657790854757,-1767.7530156120763,-2020.8129587552228,-1849.6302419819297,-1857.101577960902,-1794.612912683372,-1764.757703946474,-1809.7322152183715,-1749.7582955509263,-1700.0578254086274
SAIH_AFF_r22c16,-1830.7301077296147,-1814.9827590721757,-1921.061097407054,-1898.3333569008237,-1936.2557413022882,-1828.5261546760532,-1787.5725747744077,-1839.5833267868102,-1785.9713864492185,-1725.3780303863512
SAIH_AFF_r22c17,-1816.6807361063834,-1779.166288840605,-1892.7480668045332,-1863.9652260412026,-1916.7623046517099,-1802.6926546425477,-1749.438776471819,-1819.6310201303627,-1766.8332870867243,-1714.118263919792
SAIH_AFF_r22c18,-1745.2032114968636,-1711.1607083937793,-1795.902010589768,-1790.2608424680132,-1837.1929228706542,-1741.618697594518,-1687.0662515253555,-1740.8106201456985,-1667.2487391261059,-1640.659862573911
SAIH_AFF_r22c19,-1731.4377139985131,-1698.69132121504,-1791.9898275446844,-1784.5681784865392,-1828.1791200276427,-1753.4548129378134,-1687.6238442771432,-1749.740777776614,-1674.246447755568,-1658.74094007518
SAIH_AFF_r22c21,-1782.3986597209494,-1758.457522054397,-1866.419172272977,-1853.1282348629616,-1907.7439726708728,-1827.1302924007211,-1759.0953535247754,-1815.6426009790316,-1753.0935420538729,-1759.1093662469566
SAIH_AFF_r22c26,-1843.565764458806,-1780.6126563981159,-1860.3642236525798,-1848.48051471936,-1940.607138929186,-1818.7539187908176,-1704.4518511147535,-1822.4502013732124,-1805.8658576822959,-1725.0283100885615
SAIH_AFF_r22c27,-1748.6276609111758,-1664.8372276263574,-1741.7504790425432,-1725.3937101452316,-1786.7379794352016,-1679.7493193931084,-1582.2611802770598,-1689.0717516727223,-1701.300199993718,-1655.9505041726436
SAIH_AFF_r22c30,-1807.7454609724805,-1749.7279908879057,-1843.675619910451,-1799.9920112068294,-1878.6329318425812,-1773.9917362729445,-1713.9561100782912,-1789.5499698881938,-1749.251019873793,-1704.6003849074395
SAIH_AFF_r22c31,-1712.997889941882,-1681.7187994135832,-1764.199607309283,-1753.6737132834191,-1827.863456201897,-1698.9406749044474,-1636.1844860987487,-1642.0101157128645,-1584.055141630452,-1541.0626629666485
SAIH_AFF_r22c32,-1544.1121771874793,-1524.1723351436847,-1587.7367876651708,-1595.9313314723554,-1626.3344733134677,-1545.9003608482292,-1515.1122845516109,-1498.7801339694884,-1467.6501317174602,-1463.7685176941338
SAIH_AFF_r22c33,-1561.4735031907142,-1543.9091235086867,-1615.297822775267,-1608.8540280489779,-1650.8634536155325,-1558.6340335980476,-1527.9295398983363,-1508.4351648754332,-1479.904456531412,-1464.427257450673
SAIH_AFF_r22c34,-1584.9705273853858,-1561.0496194801042,-1624.6832859320245,-1617.5964917794086,-1653.4732850416149,-1557.3679100998838,-1520.2955432294702,-1487.401648832252,-1475.4139705535747,-1459.2614745211436
SAIH_AFF_r22c35,-1592.1836984178506,-1567.4849559699703,-1638.1694920578416,-1626.206459482949,-1670.7167890013927,-1571.6945174497134,-1539.6333465964417,-1515.6963550883215,-1482.993222725987,-1483.1143393401258
SAIH_AFF_r22c36,-1554.334496881203,-1530.3322265226066,-1583.966866381411,-1583.1937398855132,-1619.4052262764553,-1547.4155777499623,-1512.8745306092526,-1491.1168121756164,-1455.5436003121417,-1452.721586475262
SAIH_AFF_r22c37,-1555.4464907367176,-1522.3808729838806,-1593.1045057401457,-1595.0456437182952,-1604.098906937907,-1534.4779633866076,-1500.5889997539557,-1511.66213492616,-1477.8332687686818,-1483.9953173178092
SAIH_AFF_r22c38,-1543.2340419959871,-1510.243841758195,-1576.7810033364242,-1582.7118314713268,-1609.1365105304226,-1518.648355619806,-1488.890036821128,-1499.8564656955946,-1471.7837688492214,-1479.4414161730128
SAIH_AFF_r22c39,-1562.1950436111958,-1547.4669617708344,-1608.5891045307476,-1617.372632273332,-1634.4311697014755,-1541.7393040009217,-1496.8066395820033,-1471.6627488141744,-1447.8719202538146,-1438.9889532266002
SAIH_AFF_r22c40,-1600.3587185836254,-1573.686830905179,-1642.2479727572074,-1635.2741894955057,-1655.596294687027,-1560.3982164451397,-1508.7802725326267,-1499.269305266905,-1475.6313402051057,-1465.3761562743753
SAIH_AFF_r22c41,-1533.4550144286907,-1505.0391041117846,-1549.1346791383633,-1563.399816171657,-1565.5340265739312,-1494.4226690199482,-1458.6207348943908,-1431.2308014601524,-1415.3128276569998,-1411.553936073824
SAIH_AFF_r22c42,-1540.652289474649,-1508.5924640853889,-1564.0714311900654,-1564.8578839315173,-1576.4840551170796,-1515.1340873263186,-1479.873721450306,-1498.4479938619145,-1484.9243161428521,-1468.4974834894915
SAIH_AFF_r22c43,-1607.4446742015364,-1572.9201483590982,-1636.6117823508162,-1646.1952513571666,-1643.635276903828,-1566.4254304455485,-1481.5168696963196,-1466.6095784277281,-1452.834399522571,-1444.7571758374647
SAIH_AFF_r22c44,-1525.063275499201,-1467.7800959132187,-1565.712961896486,-1572.7369689957382,-1582.9038747473908,-1552.2763263981244,-1550.0939237510881,-1609.4243296022128,-1592.591536391529,-1573.4567605206134
SAIH_AFF_r22c45,-1630.4145519397878,-1582.327040220403,-1659.7949906506815,-1676.6616594124332,-1667.7106948874678,-1607.6909513259268,-1523.3996192182187,-1530.1910508424871,-1492.7499384568653,-1460.7085526625924
SAIH_AFF_r22c46,-1508.4533382563973,-1454.9928589385042,-1553.8408855230496,-1574.0464365396097,-1586.6309377913253,-1567.3239507065127,-1561.4274659837229,-1663.6431171374998,-1631.8146571138277,-1616.7399077187365
SAIH_AFF_r22c47,-1454.6330710598777,-1407.7411999664953,-1507.0529127535053,-1518.2166739956654,-1545.198833118699,-1525.3566866643628,-1545.366007580279,-1689.3720461517526,-1673.736381149815,-1664.8786553381283
SAIH_AFF_r22c48,-1591.1290201827169,-1565.6375251956747,-1610.927834349886,-1636.317614722127,-1633.2546032826358,-1602.69623046517,-1530.8313421114617,-1526.0162404125533,-1501.737116829402,-1474.8161383209867
SAIH_AFF_r22c49,-1600.4663608082196,-1573.8589804020148,-1625.4091589940176,-1641.5320758570836,-1640.1388173124255,-1616.2278278813008,-1515.6787465040995,-1520.2816202117956,-1501.961589625951,-1482.106995464495
SAIH_AFF_r22c50,-1475.8716325868234,-1443.8068102103423,-1518.7721152537417,-1530.5453717372873,-1534.551022918827,-1570.1217137293095,-1585.6786234046344,-1675.0644114290506,-1638.2651527049245,-1651.3816837851145
SAIH_AFF_r22c51,-1549.4785689595583,-1529.6636264127635,-1624.7339921859466,-1608.2532628392478,-1641.6995778734477,-1643.5124150247743,-1634.8538766510608,-1765.9801689553688,-1743.141844473076,-1739.5508699158909
SAIH_AFF_r22c52,-1710.5964793783937,-1711.5160532805555,-1781.190081627737,-1756.1798689976904,-1781.3235291037704,-1744.0843896768918,-1611.3849698150154,-1643.271235516182,-1609.800648204871,-1617.2030876123756
SAIH_AFF_r22c53,-1642.5624672699469,-1631.7953298141988,-1689.936577012506,-1676.749942395107,-1666.1195641927989,-1646.7511625714833,-1542.0966269716591,-1574.0460105993018,-1533.8148631098265,-1537.7309484907526
SAIH_AFF_r22c54,-1514.8116027768756,-1508.2620441242675,-1590.057547930431,-1577.9226935279519,-1583.9660115389036,-1550.0685083191104,-1490.5979393317493,-1615.4000633487944,-1598.6467519344942,-1586.3096002219834
SAIH_AFF_r22c55,-1650.8718884041502,-1673.8701522475758,-1759.918350886934,-1722.1596216592732,-1790.738741168645,-1671.7192768371046,-1609.1999670051694,-1764.0414661226885,-1790.9793834680186,-1669.3965428749484
SAIH_AFF_r22c56,-1679.2758437465643,-1686.0132470959,-1753.8862702397098,-1724.9615857776287,-1750.4487653319231,-1679.7430937635772,-1555.0230181705865,-1644.8910995011074,-1634.8798495469125,-1597.4311653570517
SAIH_AFF_r22c57,-1710.4089106992287,-1736.6662572863588,-1809.533678295163,-1774.7344151797174,-1825.9054986147414,-1718.1504407166697,-1600.1093490591243,-1783.7029601076783,-1809.874129957736,-1705.387872566631
SAIH_AFF_r22c58,-1735.2204014533581,-1731.86176350481,-1794.9752520863215,-1777.8583212045687,-1798.723019172173,-1726.4639958954158,-1614.670798299529,-1724.188795116383,-1710.4225731128845,-1681.0993319581578
SAIH_AFF_r22c59,-1828.6742325440093,-1831.990703058301,-1842.5490564258882,-1800.2235901384317,-1776.8398438113784,-1660.258955180883,-1535.188128198278,-1543.6723312539605,-1542.2486892621623,-1501.426737480554
SAIH_AFF_r22c60,-1913.0058867256816,-1925.8555592782018,-1948.877184946315,-1848.6950131659537,-1812.2750375609223,-1662.4119163660928,-1544.8586688513954,-1682.5667563591826,-1702.3181841977148,-1594.8831894588611
SAIH_AFF_r22c61,-1635.4662012475192,-1632.5949805958971,-1702.691066256762,-1683.7912160428198,-1681.296804214959,-1652.6805236227285,-1599.579577770912,-1796.7880422543335,-1791.1682945862296,-1742.600052896475
SAIH_AFF_r22c62,-1505.3527166685867,-1516.5722699810478,-1602.1098525700759,-1591.5458205501402,-1608.021138079432,-1587.2566542412278,-1574.90310252034,-1741.4874768331883,-1754.0849737704568,-1707.1494298608427
SAIH_AFF_r22c63,-1664.437028172813,-1704.8665123476994,-1787.0687129641024,-1747.7918919697408,-1790.8331836404438,-1672.4380232159267,-1576.289355919067,-1715.3160021262504,-1777.550353109379,-1616.9419785123057
SAIH_AFF_r22c64,-1691.7576865691158,-1725.2694448079988,-1784.2078737271943,-1754.675410308091,-1773.6385781221366,-1659.4567965866545,-1548.1232835117662,-1611.1491322670988,-1663.4408240190546,-1544.663497631076
SAIH_AFF_r23c02,-1891.280376621405,-1887.129149407471,-2008.7355638062231,-1984.3359036661957,-2041.71752347338,-1927.6258712511985,-1883.5751174323568,-1930.538900613216,-1817.7360900916945,-1800.4982064400594
SAIH_AFF_r23c03,-1779.401108737986,-1764.8935182276944,-1840.1844755742618,-1842.8737907531888,-1844.0581537785044,-1768.011869987646,-1741.460058211361,-1733.6040501915954,-1648.47117700023,-1615.1602644638488
SAIH_AFF_r23c04,-1668.5540453498104,-1648.7143878299114,-1699.178862065353,-1709.545221512357,-1698.5566872643483,-1649.057988583996,-1632.872991726015,-1612.938777754502,-1552.0575565563463,-1503.0763955802258
SAIH_AFF_r23c05,-1642.8733379399878,-1613.0263914190602,-1679.888636744351,-1685.8107162300832,-1674.9445264568549,-1629.5426717549265,-1617.5723375630803,-1618.1384116464617,-1565.5600723454158,-1506.0850922377888
SAIH_AFF_r23c06,-1640.2686497597517,-1614.0298301889263,-1699.0818471045707,-1707.8830306759717,-1712.5389910839365,-1639.3626206156146,-1631.7121041123871,-1658.4481467419057,-1611.9026591078707,-1545.947399154218
SAIH_AFF_r23c07,-1631.236368728096,-1592.8343361747895,-1678.1739395573188,-1689.6052643287671,-1688.6000952677566,-1627.1251226834097,-1608.0365524587705,-1641.9786694444365,-1618.4799479691467,-1564.6543089030854
SAIH_AFF_r23c08,-1676.8792371217157,-1633.2059792313607,-1768.2476788454182,-1768.0014479396311,-1769.7923738354943,-1679.5227009703553,-1670.7281067862018,-1734.267897633548,-1658.9898722775856,-1606.5400134058782
SAIH_AFF_r23c09,-1708.07328812477,-1670.3414982686925,-1784.1278367675973,-1801.6644638178816,-1799.9672006721094,-1728.69792007454,-1719.9936584127454,-1753.589304362165,-1648.6975484255963,-1662.989159366732
SAIH_AFF_r23c10,-1765.2673666845594,-1732.0570968459915,-1845.6514775003598,-1865.0112308357002,-1868.1161183047693,-1777.4801057882398,-1758.1818745990383,-1805.2041424999013,-1693.012867411199,-1697.125123397792
SAIH_AFF_r23c11,-1718.6729013547745,-1689.5930963000178,-1886.330208137027,-1811.9594195615293,-1826.4832171200046,-1725.73302343112,-1714.651349540381,-1738.2562346881075,-1651.862030697069,-1651.9135336181082
SAIH_AFF_r23c12,-1560.35828781793,-1560.9219002833029,-1743.1108132026943,-1647.1723440912012,-1623.6952676200885,-1575.9699598347304,-1568.671775912358,-1554.0610569697467,-1513.6379915270643,-1485.274150219154
SAIH_AFF_r23c13,-1652.309191894341,-1611.0565783894433,-1909.2776099713658,-1740.3890026017273,-1755.8638883508627,-1692.8168897590406,-1668.0560025546133,-1717.1443905835315,-1647.8333612525985,-1636.9485805671459
SAIH_AFF_r23c15,-1848.0753790020328,-1821.963112737401,-2069.318505664091,-1922.1164541323806,-1942.904110915679,-1842.7005622212462,-1791.4606183386736,-1874.7007794668868,-1811.521795234208,-1750.4024200640756
SAIH_AFF_r23c16,-1889.896960096357,-1862.5634007121923,-1970.0521130079615,-1953.487528801845,-1983.8353372434037,-1857.8259007121922,-1804.9214652283213,-1845.162285295351,-1796.2544040636792,-1710.8809331797247
SAIH_AFF_r23c17,-1799.1922440689316,-1768.9734960319945,-1858.0873510689523,-1851.308282031953,-1886.2320261951122,-1782.4856879619738,-1734.6565189396313,-1778.5749523630034,-1722.5906908934805,-1660.285167619406
SAIH_AFF_r23c18,-1693.8709448526133,-1657.4972821675615,-1726.0313362414317,-1730.202009834468,-1751.6029032106014,-1654.682052879907,-1609.6512638706326,-1638.6300789166378,-1599.2907530857085,-1564.0287152874141
SAIH_AFF_r23c19,-1641.0537960602423,-1585.0787375606587,-1660.2786438566275,-1659.8164264737447,-1680.62766519916,-1581.1251707873762,-1546.2205997058002,-1590.3741643851392,-1578.3453412344852,-1533.5065252555926
SAIH_AFF_r23c20,-1786.903380795032,-1737.6310817392036,-1851.1781698880925,-1842.7300338812643,-1880.6776488392923,-1763.0969700619498,-1726.1909709312372,-1789.6117479485347,-1733.3231183330627,-1688.247647425391
SAIH_AFF_r23c21,-1786.6279131855008,-1750.8660013191773,-1859.3472501413398,-1863.9143345478146,-1908.9880462550004,-1821.1259815315013,-1752.4900145528395,-1834.932923445776,-1769.7311284209638,-1762.8085751826948
SAIH_AFF_r23c22,-1787.1002670716384,-1733.0928623795562,-1831.7570983452028,-1823.3426005446165,-1875.0706168831166,-1764.1337609970672,-1700.7359473188108,-1768.5021549015503,-1722.2779613531636,-1712.3550429409306
SAIH_AFF_r23c23,-1856.1359657043254,-1804.2417473415885,-1919.0852026622074,-1910.1937087955946,-1964.1155332919823,-1854.8709515322346,-1783.836048669289,-1860.3676316250933,-1791.0388312670614,-1801.0497554234755
SAIH_AFF_r23c24,-1761.340350206474,-1720.5301723799325,-1804.6232622568343,-1801.5951834171708,-1853.9373770912493,-1755.2737758877581,-1692.0128492834322,-1728.5726952072464,-1687.3707281435184,-1692.969915341892
SAIH_AFF_r23c25,-1819.4900040308441,-1771.59493945882,-1863.7290958869696,-1857.011323006695,-1931.3712616541115,-1832.7267846953564,-1741.0333094274627,-1841.1319185246057,-1783.4358179733752,-1771.4666199018984
SAIH_AFF_r23c26,-1895.552312002513,-1838.6020842061164,-1908.9217689568504,-1885.623337348135,-1972.7611986803515,-1869.860274403016,-1756.5854393590282,-1876.9282703183912,-1832.8883980938415,-1754.0117328236272
SAIH_AFF_r23c27,-1727.4364124630943,-1657.2413546705197,-1716.0274436208304,-1694.46261019327,-1740.1649915195678,-1625.1870066168317,-1561.6353571204224,-1629.1977851414456,-1596.6570502753527,-1544.144154260109
SAIH_AFF_r23c28,-2127.061929199832,-2005.7200722664438,-2134.3873088604955,-2078.4792914746563,-2199.5202424591557,-2085.771501885212,-1961.5707713657323,-2150.252880184333,-2075.254205069124,-1978.4510185379147
SAIH_AFF_r23c30,-1789.2099147805375,-1715.552913301305,-1783.844657093114,-1728.9116859315893,-1842.6331269390378,-1681.3111858726818,-1603.5491039520366,-1681.5479886374055,-1647.6562605542545,-1567.190009294289
SAIH_AFF_r23c31,-1763.0717866295317,-1706.7920271398689,-1763.5901220090007,-1737.6030165880945,-1802.279432282519,-1665.9852076194768,-1575.0341368668219,-1638.4759057748138,-1616.6484774397231,-1547.7884618908392
SAIH_AFF_r23c32,-1722.6403304356936,-1688.0887620444078,-1749.185224654378,-1738.3238034143276,-1782.9086876832853,-1676.0627513615425,-1609.270297444492,-1656.6694307708422,-1616.8475885002103,-1570.3447763929623
SAIH_AFF_r23c33,-1570.1751084171485,-1542.0168259227557,-1591.1915914878464,-1612.6641436942698,-1648.9710695675615,-1560.3374920502804,-1529.7169900206495,-1546.128333974545,-1515.8718492288444,-1507.300341020023
SAIH_AFF_r23c34,-1561.4534037555616,-1524.8853718508356,-1568.6856007143476,-1593.2731593377105,-1604.8837378596286,-1541.5035966136581,-1504.3242948830414,-1498.7054783221206,-1467.9085802868385,-1477.4401747113675
SAIH_AFF_r23c35,-1542.5010809990217,-1505.0272579268906,-1557.8075088861804,-1572.085022012597,-1582.8311887848336,-1518.9489941212505,-1501.8149659472226,-1518.183594465705,-1490.6079297690917,-1492.8393604045507
SAIH_AFF_r23c36,-1529.2135069464452,-1500.6971056917382,-1546.1810605306841,-1558.9240682652478,-1557.388990422128,-1496.6913008415333,-1476.5272542561045,-1489.7915176397275,-1466.4794303548897,-1472.953485266625
SAIH_AFF_r23c37,-1589.5744185255262,-1569.4050574604337,-1617.127512176483,-1626.935266390815,-1624.0017692213078,-1540.64549358919,-1500.5667527722596,-1483.568830822138,-1441.0044780142848,-1436.705160316051
SAIH_AFF_r23c38,-1504.5849871820737,-1457.6620832864178,-1529.8007918572778,-1541.4955340192262,-1554.217009220005,-1488.2150164839338,-1466.0509260592803,-1518.938997661613,-1505.105630723226,-1497.6437742054597
SAIH_AFF_r23c39,-1536.7209335804173,-1498.5495450928659,-1548.023666687606,-1562.325130347384,-1575.3274048830542,-1488.630993885713,-1453.071978976904,-1452.190066377704,-1438.1396444500283,-1439.5725652783888
SAIH_AFF_r23c40,-1579.9815514186487,-1557.5962511352066,-1609.810614804405,-1633.6282698533585,-1641.2122489786416,-1542.717154903701,-1496.720442095951,-1475.8145929351538,-1464.2931751502924,-1458.3945520546254
SAIH_AFF_r23c41,-1584.671391914537,-1578.8414877461246,-1623.3979891076663,-1640.5817998533716,-1638.7499450146622,-1546.3970203183908,-1507.2093894009208,-1487.8364605152908,-1468.1863269794717,-1457.470174382069
SAIH_AFF_r23c42,-1574.4700881331796,-1553.9979603165043,-1597.5062394939291,-1598.8483852723857,-1603.4197480113748,-1524.6315635129693,-1490.4586093495532,-1485.1753604139071,-1478.3363225999026,-1485.7917323432541
SAIH_AFF_r23c43,-1585.497852594552,-1608.6755206247763,-1646.9499985605446,-1658.7441459973988,-1657.3504864049996,-1560.75677917972,-1507.6949715903888,-1463.5690192599102,-1429.8378492968911,-1411.8133811755897
SAIH_AFF_r23c44,-1476.6867406178203,-1426.3337381626693,-1511.3620927931663,-1520.1255634020333,-1542.4267668968273,-1505.147191234748,-1521.904751684318,-1593.5219785684765,-1582.7402644652345,-1560.9226235034841
SAIH_AFF_r23c45,-1528.7349072636289,-1487.3331386868952,-1565.4432858762618,-1579.3068614178476,-1581.5943664258461,-1566.1626781604089,-1549.3973667741152,-1621.947073626106,-1580.927358473273,-1581.218864643915
SAIH_AFF_r23c46,-1500.550557443667,-1461.1543037583597,-1532.4363796796206,-1541.786925078943,-1546.7413660380917,-1556.487028765036,-1531.0213891841793,-1619.1086138007236,-1575.8921324249447,-1594.758073638073
SAIH_AFF_r23c47,-1566.293820517316,-1534.1000557464658,-1612.4128431482884,-1608.1259477553529,-1643.9405554232408,-1591.4020890530167,-1522.9490561050227,-1609.9742048276962,-1588.2900726797827,-1566.0481722749005
SAIH_AFF_r23c48,-1634.3320141549927,-1607.0049626232812,-1652.2032162824298,-1662.9977045249905,-1667.5847729128725,-1609.6495121134064,-1500.1331846640285,-1492.7263778084887,-1454.7607314111015,-1446.9058488807914
SAIH_AFF_r23c49,-1464.554602772293,-1425.453953948712,-1483.8231026230487,-1496.912937720267,-1513.7776483156247,-1528.1581919868452,-1514.1930472714319,-1598.9973345342764,-1579.8102125564906,-1585.1769314153148
SAIH_AFF_r23c50,-1555.515126136195,-1534.918552580957,-1595.1782133388472,-1597.2700562960795,-1604.4853187886533,-1605.6739878614044,-1555.8014064859583,-1608.6589755736268,-1588.3756526654931,-1591.5570328223682
SAIH_AFF_r23c51,-1626.198210629396,-1602.1715481171564,-1667.2442514440127,-1659.262446258661,-1672.5413749404338,-1656.0817025465947,-1575.4486596739655,-1637.0687810600084,-1610.8611941705374,-1604.1036494362734
SAIH_AFF_r23c52,-1500.9657324297223,-1487.4843163893272,-1561.5934956795793,-1553.0336445711384,-1578.1854364789554,-1549.926048955167,-1517.5021346882252,-1642.3047931669034,-1640.2914248618536,-1623.059949270069
SAIH_AFF_r23c53,-1687.6984681361319,-1701.072927820963,-1788.7111634153944,-1749.1687589834355,-1789.0702756621893,-1647.984916992406,-1544.8822499103298,-1640.874018531076,-1647.2457972577781,-1579.4966422570321
SAIH_AFF_r23c54,-1586.6007417760745,-1577.5426586678395,-1689.5643387356824,-1649.4853503151373,-1693.0443233452684,-1574.9288141005502,-1508.1049374960737,-1714.6098660929295,-1745.4382341855626,-1659.581289130388
SAIH_AFF_r23c59,-1749.871097994956,-1778.2211230023534,-1795.6323886385233,-1790.6402365097524,-1783.8058718940413,-1697.3604338456132,-1573.8163750009808,-1553.8072466462586,-1555.0445367346879,-1529.2133432140918
SAIH_AFF_r23c60,-1874.2159078120546,-1913.0877256346039,-1925.1841272583094,-1861.5588776436903,-1827.9809049724026,-1710.4998599802677,-1583.235706864108,-1600.8912269131024,-1602.3596805979766,-1564.226941890502
SAIH_AFF_r23c61,-1728.2419604002912,-1762.9437031645223,-1797.4289331329435,-1725.9376024423839,-1720.7798634276114,-1629.9894323971916,-1536.7422693639023,-1683.8015092086864,-1702.9538570702923,-1630.4257073433857
SAIH_AFF_r23c62,-1512.822920320165,-1509.7792484831984,-1642.2424474027237,-1600.0982897705553,-1630.1183549969373,-1603.3101969878599,-1558.7546472488182,-1795.1341878373214,-1790.0072084050946,-1739.3211378496228
SAIH_AFF_r23c63,-1570.6075400856687,-1592.47828932899,-1713.3592288679658,-1651.4717043871674,-1730.4049647581237,-1621.9351298136833,-1566.5572929212524,-1820.5809411099353,-1892.1429600033507,-1718.4246698365148
SAIH_AFF_r23c64,-1699.076037029184,-1756.6950562321208,-1792.3358537676952,-1747.5598478840654,-1784.2869290745052,-1654.6525281553186,-1555.9895099678852,-1591.147402225205,-1681.7712188904334,-1469.7001730017773
SAIH_AFF_r24c02,-1894.175665980534,-1882.2066620228702,-1943.4871369424511,-1918.371694229432,-1964.0076961808682,-1850.3278651316054,-1827.318421004573,-1872.2176897369477,-1752.063920043203,-1717.124860751305
SAIH_AFF_r24c03,-1772.3820489616446,-1741.6642343190513,-1805.7481868230743,-1800.6815041609836,-1795.076379018524,-1730.4453308575205,-1719.2292152940593,-1689.9083175335052,-1618.4117300354935,-1564.5350182426073
SAIH_AFF_r24c04,-1704.7234234610287,-1674.3062132801815,-1761.7478398572428,-1749.3548295365613,-1754.611633464472,-1701.5291280119377,-1674.2397523662437,-1694.2631199974944,-1621.6292015820163,-1580.1360707316308
SAIH_AFF_r24c05,-1694.95955842083,-1666.9410002034215,-1740.3649730598113,-1736.1828907631402,-1732.7584328268683,-1677.710923685982,-1658.5841900469954,-1677.5447551389796,-1607.4792876106437,-1567.8585340155748
SAIH_AFF_r24c06,-1722.5628942631288,-1695.860520205578,-1786.6706921290868,-1779.221611750281,-1783.0103545433199,-1704.7593566564929,-1693.7973650570034,-1735.8630716652322,-1655.7288487125306,-1607.529978346508
SAIH_AFF_r24c07,-1713.0842211228266,-1671.8633773468289,-1778.7466377010398,-1774.8343013172753,-1781.9186919568226,-1711.4717259149334,-1698.5760908400982,-1738.322684205997,-1674.3660544070435,-1611.5687051269679
SAIH_AFF_r24c08,-1751.12572363289,-1696.9470035924012,-1823.7865116655216,-1823.3077934512362,-1823.2865964535133,-1757.815548291326,-1740.1929122457327,-1797.0988627973754,-1691.8779705146496,-1691.7612526708226
SAIH_AFF_r24c09,-1797.4821538004185,-1777.8266387810295,-1879.7209019717272,-1882.431766678577,-1898.6676802157142,-1822.8115398556865,-1800.3604940138894,-1865.270169061025,-1715.4374359469168,-1767.4502139666372
SAIH_AFF_r24c11,-1828.5799025667495,-1808.1447285378226,-2001.3136954219924,-1924.685762123084,-1943.6598416448899,-1863.0762775074193,-1834.7501108381448,-1920.1139885562873,-1778.2048575795015,-1816.579388799349
SAIH_AFF_r24c12,-1797.4490409800972,-1742.7003688939424,-1972.4375332630657,-1859.4809709163362,-1871.119974015672,-1772.2714892462445,-1736.2888277833997,-1806.7255653417083,-1700.8774014630521,-1707.778533190018
SAIH_AFF_r24c13,-1885.3955560771433,-1843.9544471827774,-2139.0988094772392,-1939.1332759587435,-1932.7005594022614,-1827.1917093716183,-1772.3304072291994,-1847.5551565413555,-1775.1678232862605,-1713.0212051272026
SAIH_AFF_r24c14,-1773.6022086619419,-1715.9193627073703,-2004.4825010631112,-1822.9615923445576,-1832.9802117873576,-1777.5943507718305,-1749.7301993952665,-1835.9561815663085,-1773.5327320777765,-1756.8317441020174
SAIH_AFF_r24c16,-1816.4272819763662,-1776.2389377298941,-1850.4185036391627,-1856.1735867268417,-1859.9533482899867,-1766.8076331098532,-1729.4309576605021,-1726.538475986749,-1686.0842433412479,-1637.4693006026146
SAIH_AFF_r24c17,-1693.7931950008335,-1659.6189440410603,-1718.9937562593889,-1730.675508053746,-1747.4665148764807,-1640.6371301744275,-1619.9649213403427,-1664.8504944917368,-1656.559391170088,-1610.9546220372213
SAIH_AFF_r24c18,-1850.9289813935527,-1796.55850647521,-1909.357331441033,-1916.6565138217838,-1981.5518956035344,-1866.7667097999515,-1810.5309411752423,-1897.8354978242028,-1806.2417898921994,-1780.399287257243
SAIH_AFF_r24c19,-1842.6804575398617,-1788.6967989943719,-1899.6618210837614,-1895.9128916498437,-1954.325308651634,-1850.262535142211,-1785.5172099039744,-1894.206049415557,-1808.0387203279763,-1799.1205684301665
SAIH_AFF_r24c20,-1838.95384141776,-1804.9441651513537,-1906.5681812845512,-1909.9890845244954,-1976.9395474669263,-1869.9207271418095,-1800.258128559466,-1896.3875724285112,-1822.4889292972512,-1857.1930452976578
SAIH_AFF_r24c21,-1830.9248256581159,-1799.8719050077973,-1898.603825350379,-1903.5798060723653,-1962.8896782303432,-1869.0761940528162,-1790.2585580087728,-1882.9412949024872,-1860.5461686513204,-1846.4781218541511
SAIH_AFF_r24c22,-1715.9188957212066,-1693.0057238416007,-1755.175873772856,-1774.0033758664667,-1804.206167869786,-1737.854188135421,-1670.0628187702355,-1729.2563467072257,-1688.5224557732806,-1686.6191558246744
SAIH_AFF_r24c23,-1788.2515724582504,-1743.2976196685063,-1835.812595833899,-1834.0935886470081,-1899.5378745997143,-1784.7680611042153,-1715.215622359678,-1810.455433977615,-1784.5880733083693,-1746.9597315086212
SAIH_AFF_r24c24,-1733.6471176048533,-1702.8850929489256,-1775.4659082903913,-1768.8212119235548,-1840.52343617507,-1738.3585676081148,-1652.2761046246176,-1722.7971665253397,-1681.8476185506495,-1673.0562363837964
SAIH_AFF_r24c25,-1818.3924045681078,-1762.3287415795376,-1881.332327528876,-1845.9990533093749,-1981.389848764217,-1856.8760409032932,-1752.2346384450277,-1944.554466006504,-1869.9938399910277,-1817.5829814756364
SAIH_AFF_r24c27,-1925.3369027469525,-1862.2710311571734,-1933.138766387704,-1906.0288595697416,-1984.6639396207518,-1876.2203821689275,-1784.3224416666878,-1881.2300341902185,-1790.4866668579161,-1736.4399871688884
SAIH_AFF_r24c28,-1914.7297212685376,-1822.5274322476976,-1904.957978962088,-1884.6773691130904,-1951.3827783401325,-1825.386660335814,-1748.6353559017823,-1865.0050377242333,-1801.3119032214313,-1720.9209173823672
SAIH_AFF_r24c29,-1920.6018000067806,-1846.0197630417033,-1930.4911134119018,-1892.5073609376095,-1991.5264667760264,-1860.5971917599225,-1780.5524888966543,-1904.0958551857768,-1859.036725145589,-1790.7133081057677
SAIH_AFF_r24c30,-1735.638067313261,-1666.5413129790113,-1739.0581595546537,-1686.802325338732,-1835.7936151008762,-1590.7278513703168,-1581.2085735452938,-1677.8045583317253,-1624.474615356522,-1513.168262282766
SAIH_AFF_r24c31,-1741.1693848115997,-1677.4756566713027,-1723.23049677761,-1704.7485909376628,-1765.9953939766986,-1614.4107133076539,-1538.7875308741807,-1581.7459149581014,-1585.9415692298871,-1532.1726606696216
SAIH_AFF_r24c32,-1772.360206413642,-1723.1447608711537,-1808.7347616016366,-1782.2549177163014,-1831.222317300971,-1699.9194694605915,-1625.07832082816,-1731.3963731516171,-1669.8999759984147,-1627.8044836006563
SAIH_AFF_r24c33,-1602.4285691933776,-1570.4936267197938,-1597.0426102285403,-1623.327298188152,-1635.1416933523872,-1551.1639346399768,-1492.2447871574745,-1495.7302595208039,-1475.1609044633808,-1445.9656145365022
SAIH_AFF_r24c34,-1634.2277314520077,-1602.9397483797577,-1647.2427076049635,-1674.8776990993438,-1684.7097391957743,-1617.5419254010164,-1559.1335460608016,-1571.9679265072698,-1513.9241564825354,-1507.281207276218
SAIH_AFF_r24c35,-1643.4939560769133,-1588.59621638679,-1667.4021875480848,-1672.4141241331831,-1693.7106375654266,-1640.2614286869223,-1577.2350571010559,-1649.600683804374,-1611.542935977446,-1585.3699715472708
SAIH_AFF_r24c36,-1580.846825529339,-1527.3174575015391,-1603.0684462625359,-1598.9836293528965,-1627.5166080540969,-1557.8187201936819,-1514.55272522358,-1579.7343494004822,-1563.2180022331913,-1540.663265572333
SAIH_AFF_r24c37,-1658.1442511545672,-1613.1579051677152,-1663.521288108543,-1665.2296252447989,-1675.380862476759,-1609.8965179137206,-1547.2006978254235,-1575.332387600821,-1511.1996625612483,-1513.0529888363578
SAIH_AFF_r24c38,-1561.7644523412587,-1520.6265494668362,-1585.6867696209272,-1591.2033777137678,-1618.091142959271,-1550.5174351709084,-1491.8092737106595,-1569.7973919645588,-1545.8222434427325,-1520.9731943216
SAIH_AFF_r24c39,-1537.5225626755478,-1499.7082252120917,-1536.3906212918218,-1552.5843893355732,-1558.8361894727511,-1466.4400914868702,-1423.348202992362,-1416.973388482773,-1408.3358934704765,-1393.129229116192
SAIH_AFF_r24c40,-1577.6565061268345,-1543.357241764173,-1607.1351058864025,-1611.3291175220418,-1623.0411028562341,-1541.5965207822107,-1499.1378518137979,-1546.2776046542558,-1517.691405221174,-1518.5634627370089
SAIH_AFF_r24c41,-1552.143701670719,-1522.4371836747453,-1581.9643576445046,-1592.329622653322,-1611.8008311853653,-1533.8799581537548,-1509.791407953916,-1578.2805994135244,-1554.32505452534,-1541.8629065920877
SAIH_AFF_r24c42,-1514.6421676562973,-1493.7132540933133,-1538.2200475857528,-1563.013268702975,-1562.3198863577074,-1484.1173442766647,-1432.4361088211042,-1447.9316320035061,-1436.137604746053,-1408.1483402381375
SAIH_AFF_r24c43,-1479.5888853829567,-1469.7427642335786,-1494.5588027443628,-1565.306910192788,-1579.0311883111635,-1492.2441215509664,-1460.9708874326232,-1484.796597970673,-1471.418085048125,-1443.8265163230126
SAIH_AFF_r24c44,-1358.8621929783399,-1339.8237595255623,-1383.381778730553,-1410.1172067744287,-1434.871704195159,-1417.1809895629592,-1432.543365098244,-1527.5792896970083,-1529.8126600633216,-1515.5637645328384
SAIH_AFF_r24c45,-1483.066221208737,-1446.247182187249,-1496.3254025819522,-1517.6936228722911,-1517.4813528632108,-1501.5271684112759,-1475.0180809651529,-1536.3542955989942,-1514.1159321220218,-1518.4659827382882
SAIH_AFF_r24c46,-1503.322403915389,-1466.5091753889833,-1537.3997359825528,-1557.1272501487058,-1564.6710034750129,-1531.5743449132299,-1494.8379814666018,-1570.0991422041802,-1545.3644562597183,-1540.1715278574934
SAIH_AFF_r24c47,-1574.8126897120023,-1540.8463554433642,-1626.1272543783703,-1624.5982747290568,-1666.0826492401088,-1580.6773931093462,-1522.7829616455779,-1645.314030082716,-1617.6164870813284,-1576.20522796733
SAIH_AFF_r24c48,-1635.4797205313967,-1602.9230548557543,-1706.763301881379,-1688.350918783023,-1756.2777212720553,-1631.6340020133414,-1569.223744399414,-1727.5143672315485,-1697.5944471393336,-1608.3796375983843
SAIH_AFF_r24c49,-1673.7041066299328,-1626.4773093108126,-1703.4895162363325,-1686.4663311653578,-1723.381229667081,-1643.3650729050075,-1573.6453808565973,-1614.305400110094,-1608.8082685680147,-1559.2804149154586
SAIH_AFF_r24c50,-1594.2057208273802,-1558.9152306793655,-1610.3500349435171,-1601.9933711627339,-1608.7439787626874,-1587.6093888535404,-1555.3874427604344,-1603.2688303831276,-1592.9860330242313,-1598.2419290907392
SAIH_AFF_r24c51,-1494.2855596167058,-1470.6119455162595,-1542.6516708539127,-1545.099614669184,-1570.637580320737,-1564.5544302608641,-1541.310690908335,-1623.0196656987775,-1625.8628827545558,-1616.2275617194598
SAIH_AFF_r24c52,-1639.188558432379,-1618.866969737278,-1691.2620465351613,-1675.2685200399567,-1701.005954476813,-1622.9929240054357,-1542.4969340834461,-1661.86032930891,-1661.6869609216267,-1618.526414351254
SAIH_AFF_r24c53,-1642.86407437745,-1632.818305847,-1709.1678318577149,-1688.1952355859787,-1733.7609184488006,-1631.9949444621259,-1562.7737790276058,-1686.4791204720593,-1724.2768311325137,-1642.6626928434673
SAIH_AFF_r24c54,-1597.0886728927114,-1601.083775163453,-1644.5853255894617,-1644.020086427448,-1664.843679503863,-1592.3870796963306,-1535.6371272914096,-1581.9439551641308,-1604.0661167370376,-1544.806813528999
SAIH_AFF_r24c55,-1780.9854503807635,-1771.4484241173573,-1822.9037173664076,-1820.7948965456046,-1833.2828318667184,-1741.64154246313,-1644.2107307681263,-1653.5581867370695,-1639.9599826771603,-1576.0956252005565
SAIH_AFF_r24c56,-1719.8726520756134,-1707.3300563006387,-1763.1919384995708,-1782.5050550619717,-1782.5481710767529,-1733.0795614860858,-1648.4778878524658,-1730.0593281996055,-1715.288979521588,-1640.930582538196
SAIH_AFF_r24c57,-1637.21565946967,-1640.7511426842134,-1666.0610188151568,-1685.2822012585193,-1667.8747299821566,-1653.5111920439965,-1593.7878938086346,-1641.471865966796,-1618.9872321996934,-1601.0105946132103
SAIH_AFF_r24c58,-1486.830525006324,-1486.7652219495467,-1582.0488599348535,-1569.3192338887388,-1604.649353358909,-1575.0543653163575,-1601.722211645538,-1759.1487652662852,-1790.89821694489,-1738.874330734945
SAIH_AFF_r24c59,-1671.4982727851461,-1700.6592351203815,-1752.9023001701116,-1729.0509893653655,-1747.4849116563516,-1641.87460994166,-1562.4276970120738,-1639.74901115645,-1654.1307125935343,-1616.073983239232
SAIH_AFF_r24c60,-1728.436856543826,-1754.3697571686366,-1805.2620894136792,-1793.7174738445171,-1802.6716378599967,-1771.3898470829986,-1635.3314549020015,-1650.5418070492026,-1619.2700507984855,-1631.657874286787
SAIH_AFF_r24c61,-1720.2735424254129,-1755.8066124369961,-1782.467368278251,-1770.518679495341,-1766.0813888570021,-1704.5046046521338,-1553.299130203387,-1538.583669007692,-1529.0190786521553,-1495.6277745311868
SAIH_AFF_r24c62,-1546.2511220702947,-1563.506406428074,-1619.9057591349954,-1600.1802484332738,-1610.2439658567241,-1575.3116343237452,-1494.3824531938255,-1586.08216866653,-1619.5222549374998,-1559.5830723210493
SAIH_AFF_r24c63,-1399.659696968116,-1396.4437945769394,-1519.3327481047465,-1514.5045105210695,-1560.6629552913184,-1548.5293927362084,-1542.67884255177,-1757.826594073973,-1768.651419418458,-1719.2280434930058
SAIH_AFF_r24c64,-1613.948750713897,-1661.5812981309596,-1735.994773887168,-1683.7304248954913,-1741.8194487546255,-1667.6408090565076,-1621.210017237825,-1768.09561908835,-1801.1705267055918,-1636.4523325831444
SAIH_AFF_r25c02,-1885.342030700899,-1904.265760268981,-2007.4675000916475,-1974.616990242952,-2029.9732008651927,-1945.9391559607984,-1887.0982643671487,-2002.9484547420848,-1821.9584422249986,-1861.460775430892
SAIH_AFF_r25c03,-1859.2995377108573,-1849.1323649518865,-1948.7024700794736,-1913.3211757745833,-1934.7419138665807,-1834.5282190088276,-1808.4507162078685,-1863.1554689381492,-1769.8970425012828,-1735.7274012334692
SAIH_AFF_r25c04,-1792.983696363754,-1777.9803287961017,-1888.624647138609,-1868.4963496195055,-1900.025424350177,-1823.4273459062779,-1798.52139688591,-1873.3950607261943,-1761.0904189296004,-1759.5565704230094
SAIH_AFF_r25c05,-1855.9306643002387,-1856.6887314763142,-1972.6348298870917,-1949.338388161592,-1994.9937541065538,-1897.418519362003,-1866.1233603220783,-1974.510160702175,-1851.1398677001412,-1835.494307755531
SAIH_AFF_r25c06,-1900.9281419720437,-1900.0254610111087,-2009.2326790231434,-1989.9592985194229,-2026.6396309816223,-1910.1658880584896,-1854.355126506371,-1967.8105782475027,-1855.173958698852,-1805.6127689995235
SAIH_AFF_r25c07,-1883.1129103612197,-1862.6939407503974,-1978.34036192675,-1957.3872951302442,-1992.2108735088775,-1885.367596744596,-1828.1766022444376,-1935.7428136886103,-1841.4825567850128,-1812.4833630445196
SAIH_AFF_r25c08,-1872.5179193354882,-1848.1581499850665,-1956.9940766422726,-1943.119407245238,-1982.5319473758555,-1882.81428361937,-1840.4963522381438,-1942.377337788503,-1845.8528587664066,-1840.335025845946
SAIH_AFF_r25c11,-1809.3179515773038,-1790.4996924172283,-1963.1875155427397,-1880.0688095368916,-1889.1131590451525,-1824.8935266261892,-1790.0067746740228,-1865.6358848305347,-1724.495548557496,-1797.7418791605405
SAIH_AFF_r25c12,-1868.5383853963385,-1848.7522684005523,-2089.108605650504,-1954.3967245997992,-1985.5109550981003,-1908.9934141097715,-1867.3801328700013,-1982.2181775807326,-1863.4153195924277,-1890.5800611191494
SAIH_AFF_r25c13,-1872.151034522476,-1824.74231175984,-2114.940823848466,-1933.904856391946,-1942.292721171063,-1856.439863145661,-1814.8201313047762,-1867.7576175617528,-1775.77783682188,-1768.217935562234
SAIH_AFF_r25c14,-1836.21213636851,-1776.720056457964,-2076.9057811808443,-1902.7882119111582,-1922.1191352189257,-1837.857354593227,-1795.7272603482209,-1878.3204880105309,-1816.5639459826007,-1789.8722363483469
SAIH_AFF_r25c15,-1830.8994900683697,-1779.5782043495974,-1966.5386637068937,-1908.336455399302,-1929.1023946891669,-1852.4464467084745,-1818.4659696553988,-1881.4803723443183,-1848.4277928441982,-1828.2712113755538
SAIH_AFF_r25c16,-1797.574420894413,-1746.686497399721,-1839.931701415621,-1867.6133648613975,-1892.3357764964053,-1827.9078013627254,-1787.2354235077858,-1839.278758883635,-1795.7169858752186,-1794.4303842548227
SAIH_AFF_r25c17,-1857.9962095034653,-1805.770355594647,-1918.8476471696918,-1934.3520449833507,-1981.6031418190187,-1859.7635808674158,-1803.3438226424573,-1869.0604306716089,-1827.6310757889883,-1759.887290318527
SAIH_AFF_r25c18,-1879.0877690984207,-1833.2692306685071,-1955.0281268575934,-1959.07241075005,-2026.6591022763798,-1909.059092325532,-1851.492797419058,-1969.2164806992769,-1897.2306109035042,-1871.155557941426
SAIH_AFF_r25c20,-1880.3310018670934,-1862.034613239341,-1961.8799692047444,-1963.3656203437238,-2021.7828777328825,-1891.1154638797314,-1830.9488945393416,-1947.464055180071,-1882.5510124987889,-1876.7034490163062
SAIH_AFF_r25c21,-1842.5815068152415,-1812.4071008426397,-1899.4546623002939,-1902.0526398454426,-1968.6472352890285,-1849.3974807008126,-1784.3807377274416,-1882.5971032247687,-1843.7847705956042,-1826.6830928952254
SAIH_AFF_r25c23,-1861.3705410895084,-1831.0645449215278,-1942.839036864864,-1927.1807854592669,-2035.5834694433108,-1907.7823365895035,-1798.0321873920288,-1964.3638245856503,-1915.8183272083847,-1881.5730413250842
SAIH_AFF_r25c24,-1869.1654235761137,-1806.6326588868692,-1912.286014707571,-1889.810930641826,-1971.9983841568753,-1844.474115083642,-1733.4611123914428,-1828.8091969495342,-1766.6334340725482,-1723.3490430647016
SAIH_AFF_r25c25,-1937.2447468790103,-1871.6468007465694,-2001.6366858545884,-1965.0570716549964,-2079.9433890647056,-1933.4832897481951,-1801.8178246176092,-1957.2664007057313,-1882.9329103088596,-1831.850980730915
SAIH_AFF_r25c30,-1763.9194548453831,-1682.1715535073708,-1747.7737660705398,-1738.0149747322675,-1829.7037652850152,-1608.3084574899847,-1533.9520174910324,-1622.5716556256712,-1597.805558901312,-1498.7724463878928
SAIH_AFF_r25c31,-1633.8999078480913,-1577.2496766829458,-1595.1232531716441,-1599.8239217965388,-1607.550838006373,-1498.2971192058135,-1428.8450774651906,-1456.147820031515,-1451.6304603930027,-1427.181458094441
SAIH_AFF_r25c32,-1554.653529801477,-1509.4245843556923,-1540.6491069113831,-1559.8152808364953,-1565.0268489592152,-1500.4850174270737,-1449.0242879251657,-1471.5474773290837,-1464.230089793307,-1457.0565417660619
SAIH_AFF_r25c33,-1644.534985499052,-1603.1793222770152,-1630.8497214980468,-1642.6564034509106,-1652.7270942613932,-1564.0954785312674,-1516.1846070086167,-1500.0434714326095,-1472.8920569358497,-1463.6627901498252
SAIH_AFF_r25c34,-1715.0810880883246,-1650.4085857051516,-1738.0438425115963,-1726.591694513985,-1767.9948382061734,-1695.2700736426336,-1620.912875415086,-1702.322605566666,-1664.782728025052,-1621.9757675909484
SAIH_AFF_r25c35,-1711.9733803476818,-1646.1767750143274,-1732.567174767213,-1725.5313119255682,-1755.065725856056,-1678.0099028561954,-1584.5040326063859,-1642.35715725463,-1575.417582216214,-1559.0821154364626
SAIH_AFF_r25c36,-1593.76198618927,-1536.0133236618071,-1629.2709799228555,-1616.9034820112236,-1660.7906786740232,-1590.510339716715,-1530.0566700796332,-1635.309549933617,-1593.762805824912,-1584.8864346373305
SAIH_AFF_r25c37,-1676.9109110183306,-1618.5170542737067,-1699.987786779039,-1677.2895836877801,-1731.4527503304541,-1649.699208208452,-1545.6293577981605,-1621.3309531599627,-1568.429004436645,-1557.761143320808
SAIH_AFF_r25c38,-1617.0076078188954,-1582.6418354092198,-1621.4983946323578,-1621.488139135349,-1632.39227537947,-1567.187406375374,-1495.474046993009,-1519.8466625113874,-1492.0696279108697,-1482.2734572233646
SAIH_AFF_r25c39,-1719.7389506088823,-1694.3452116687438,-1758.5548909458346,-1750.3845612179723,-1776.2567144487605,-1672.9393291310219,-1583.7977707506573,-1662.3601536077401,-1613.8055610818512,-1593.5542260452555
SAIH_AFF_r25c40,-1631.8908662592103,-1588.3360180083498,-1672.639757096677,-1655.3712546951278,-1691.359188053764,-1625.658639689042,-1581.084102658064,-1706.0475781648754,-1669.9824601813928,-1665.9818843329974
SAIH_AFF_r25c41,-1708.4267028388658,-1671.4675039345063,-1784.368644877795,-1745.3346103588258,-1796.5263579634218,-1703.155332738022,-1674.0559997067053,-1846.0871903780458,-1778.4172731010185,-1758.5521568463084
SAIH_AFF_r25c42,-1476.9706921338511,-1468.2011930543042,-1493.5901219502575,-1505.5882600942155,-1518.5541705837181,-1448.6761758367181,-1433.7494638325918,-1456.0464468925818,-1454.8073123021247,-1429.2191438604546
SAIH_AFF_r25c43,-1458.692140978157,-1434.077841615517,-1460.3257417319949,-1479.6594380243168,-1497.490491957754,-1448.9918229527939,-1384.5737308432253,-1396.266819353741,-1397.5264693949666,-1385.7988640081664
SAIH_AFF_r25c44,-1353.881485088122,-1326.3222472651269,-1368.6372905492206,-1388.2492964862226,-1425.88524414218,-1407.220409883481,-1404.3259775242025,-1486.4866980270156,-1500.8765637638664,-1491.5096790406515
SAIH_AFF_r25c45,-1426.319601722165,-1386.8794272006317,-1434.490805145552,-1461.4739867589853,-1489.1303176166134,-1429.028878285368,-1399.8201124019185,-1462.3910261782253,-1454.5656917484578,-1453.599255193216
SAIH_AFF_r25c46,-1480.1536410938604,-1448.5843661702588,-1477.9833139990105,-1502.7309028823418,-1508.3997596084605,-1477.574486025605,-1428.8450312535188,-1448.4367531954003,-1436.8582737373551,-1439.828264074558
SAIH_AFF_r25c47,-1454.1918983577848,-1412.634721996823,-1474.5005575244827,-1492.1497987153343,-1495.9199703700558,-1503.3448799359194,-1498.8859404364878,-1577.3106510734265,-1557.1564000146534,-1568.9227579924886
SAIH_AFF_r25c48,-1616.858721345715,-1581.3032949312922,-1676.22253024127,-1663.5765252832975,-1716.318849457208,-1619.7617293742794,-1569.6134168911308,-1708.05145139799,-1683.1270329911902,-1616.9696003518166
SAIH_AFF_r25c49,-1733.7496549936234,-1705.4518287301933,-1794.6775846673147,-1760.639588139636,-1821.9199270969448,-1699.4982311058275,-1635.701034626332,-1775.430151593314,-1745.0114277633895,-1681.5546707447684
SAIH_AFF_r25c50,-1821.8011783921318,-1771.3678064945066,-1854.0193275155352,-1812.4965553886182,-1842.5411521125736,-1737.243499473886,-1620.013286358187,-1694.7585343126227,-1684.5683373206377,-1642.6125388042285
SAIH_AFF_r25c51,-1668.2231445644898,-1611.6699809886875,-1722.116000398028,-1706.6260847705232,-1733.498536181707,-1708.7131361324762,-1647.8799197649457,-1778.1537768606688,-1760.4201891703578,-1764.7752554480696
SAIH_AFF_r25c52,-1594.124734605829,-1547.0564821626317,-1659.4155804376674,-1633.6048395330624,-1693.2015869982379,-1603.8827841321113,-1570.230421044088,-1716.328829595344,-1743.403336309064,-1649.3472206587267
SAIH_AFF_r25c53,-1650.0690579742404,-1642.5595492143455,-1641.4200114686407,-1658.1473641764705,-1632.2818457703497,-1611.770323452323,-1512.377868142054,-1466.6051436067569,-1443.1894341875463,-1437.647753010518
SAIH_AFF_r25c54,-1510.8641822769914,-1500.2834047097945,-1507.9734458603348,-1533.3111656178294,-1511.9383474864608,-1484.731024156304,-1424.6895228422097,-1413.3487848549216,-1417.4384260180257,-1405.1888212935673
SAIH_AFF_r25c55,-1570.6838667948,-1556.7359804334847,-1588.4213608046514,-1604.0182571875182,-1580.1145447356034,-1572.0593803763988,-1526.9799149988025,-1558.4894429358085,-1547.6903557951853,-1522.9447361323091
SAIH_AFF_r25c56,-1576.544137470717,-1569.30756586266,-1591.3012655577224,-1604.8097841877266,-1602.4958839927235,-1543.684450784594,-1500.5880589982855,-1543.7833318064627,-1546.0809381093852,-1504.1146906778001
SAIH_AFF_r25c57,-1632.8152577524716,-1607.1767135053558,-1679.5293444503172,-1674.0623576115888,-1667.4281053111151,-1607.195028255093,-1562.9047732521863,-1683.6671633348826,-1670.6938027328056,-1614.4748113271737
SAIH_AFF_r25c58,-1520.0818381717706,-1509.9516949818017,-1568.7903117719372,-1580.668259993188,-1575.3492133713726,-1562.3687756864958,-1531.5425041229244,-1659.0000523546446,-1644.8479751838909,-1635.7490510719556
SAIH_AFF_r25c61,-1695.3534898580133,-1738.7587763631268,-1797.8826510037184,-1754.8262088939352,-1809.48395037158,-1683.3946836424159,-1584.8471553742254,-1680.7061365147988,-1712.442688502606,-1598.4632605177521
SAIH_AFF_r25c62,-1702.874061218133,-1732.675043388803,-1797.0901675606206,-1757.2427966733949,-1790.2164990013373,-1693.2945203148595,-1579.7824408197673,-1641.612749371092,-1643.1018583234518,-1545.6522063500788
SAIH_AFF_r25c63,-1545.1738258390042,-1533.745616125222,-1645.8671077816555,-1588.0343535535758,-1668.8802469685343,-1596.3932696361182,-1535.4269633500999,-1732.0576181361619,-1719.6586901136643,-1632.4990036945776
SAIH_AFF_r25c64,-1631.3057390867248,-1665.6729500643905,-1753.827869281588,-1668.4036234463786,-1718.0392867239718,-1620.3467090039,-1541.1898893228436,-1728.5762148832962,-1738.0452446519948,-1610.1488670512927
SAIH_AFF_r26c02,-1774.3109901879463,-1772.1335325248767,-1866.5995019338761,-1855.7158142543335,-1871.1721077729283,-1810.8105018107992,-1765.4310393137127,-1814.2684450752527,-1731.6834897100425,-1682.0811805895662
SAIH_AFF_r26c03,-1789.487102499398,-1774.860991277761,-1858.5967456519688,-1842.8811267708868,-1872.5881700051307,-1806.66980356638,-1765.644676083474,-1858.404377349403,-1786.3943122205587,-1750.4493288168962
SAIH_AFF_r26c08,-1781.4124735845696,-1729.8400959466264,-1829.6932379104423,-1806.4068540034982,-1805.0223473927651,-1718.5866098947636,-1669.9042811990225,-1758.1185454031315,-1718.9917853560996,-1684.7393912731573
SAIH_AFF_r26c09,-1821.8725275645847,-1791.9743254138666,-1888.2503167439818,-1878.9065683800563,-1894.5066542412335,-1801.4347455053826,-1770.5812592274638,-1835.5080547207997,-1756.5209469859644,-1743.8108488738624
SAIH_AFF_r26c10,-1763.736187997213,-1750.0816752994401,-1873.5603726844693,-1834.5310570391584,-1836.6732621413114,-1773.1777504857566,-1755.423975719994,-1795.0926107290804,-1691.8945003378037,-1733.180992358816
SAIH_AFF_r26c11,-1772.5559316354822,-1752.9403891511017,-1946.0928507294345,-1841.2274437123597,-1848.9435120978244,-1798.3012007507684,-1784.4429846261016,-1838.8237563839837,-1694.315964723533,-1771.7680695058568
SAIH_AFF_r26c16,-1829.2284132628756,-1793.640000209492,-1879.2483410932296,-1921.2368924106665,-1950.2913103137657,-1861.2399876400339,-1816.9025133681455,-1876.7133875216712,-1814.4808629981317,-1823.2100094794685
SAIH_AFF_r26c17,-1829.7208426916332,-1790.257521975639,-1881.6227729873806,-1901.5447077855831,-1936.3365374043924,-1840.876528085362,-1805.1798886951838,-1839.007821702874,-1787.2147041731498,-1750.4624045192108
SAIH_AFF_r26c18,-1899.0481175876043,-1866.5025701993102,-1980.306648475824,-1989.8804562725757,-2054.9122754185287,-1946.1969691811817,-1891.8911324850733,-2001.6651539631928,-1942.2347090817266,-1865.6012040526196
SAIH_AFF_r26c21,-1848.1338308744287,-1821.460346795394,-1903.744141545297,-1917.2992288200426,-1990.2622299823113,-1869.7774939007204,-1804.7991974074168,-1915.6015858140645,-1840.022198255559,-1849.5101541312904
SAIH_AFF_r26c23,-1790.7978143935932,-1747.119127327933,-1847.5677472549053,-1842.4050203510062,-1920.237681424963,-1823.4363936185528,-1734.07852216362,-1859.08959677525,-1811.3402949914278,-1808.4385949299171
SAIH_AFF_r26c24,-1734.7079155154634,-1706.619638858706,-1762.813542144069,-1768.3479134203722,-1829.6806767143805,-1744.0590160929225,-1659.8212546975922,-1721.1108617370976,-1674.9768047244363,-1646.4165040788866
SAIH_AFF_r26c25,-1750.0156880299314,-1692.7406619181177,-1791.2539665088223,-1777.2076065872504,-1855.923881773043,-1772.4326995819547,-1675.7946708340908,-1858.8094714550161,-1799.0923585970081,-1737.3916222307782
SAIH_AFF_r26c26,-1907.1535254714845,-1825.076692032534,-1941.104185106237,-1907.230835502437,-2019.763804146873,-1886.3768009678479,-1781.9413896584767,-1934.5566437448604,-1839.3732055787445,-1789.765810023096
SAIH_AFF_r26c30,-1884.6929371164088,-1789.6837884119948,-1889.511824713551,-1910.2090717233345,-2057.6946600263977,-1758.7121483483145,-1680.9914325813313,-1864.2766841576113,-1839.5936550828505,-1692.3233127003114
SAIH_AFF_r26c31,-1730.4600488508606,-1652.7184714343005,-1686.2785493443414,-1676.2976053657437,-1711.2899923817859,-1579.8623013307056,-1492.6814406027606,-1542.9002824762674,-1544.446008812008,-1518.1827901533918
SAIH_AFF_r26c32,-1530.3519474806142,-1482.4188903262345,-1498.4483054797656,-1512.1284808237233,-1517.7294947601115,-1429.852578572219,-1370.622038975803,-1379.0819973918422,-1400.107584097544,-1384.0204515578316
SAIH_AFF_r26c33,-1668.2369386772195,-1617.0985095957528,-1674.2078346996673,-1668.8666698076652,-1711.1784977646546,-1596.5391473233442,-1525.0726565526477,-1616.6814529216515,-1599.200968998334,-1560.2770256829049
SAIH_AFF_r26c34,-1733.634019039145,-1664.7928609776275,-1755.9771923162602,-1742.2798884364133,-1796.783469732489,-1688.239565792409,-1605.5637418324238,-1711.6034045227834,-1671.5433330278058,-1647.3353428747334
SAIH_AFF_r26c35,-1628.5051097871333,-1576.7219406720276,-1638.0121148026824,-1631.9365831439923,-1671.3969927646317,-1588.3998356072648,-1520.7508298168702,-1574.8701977948404,-1552.4085814058255,-1546.6586494665141
SAIH_AFF_r26c36,-1623.7518363242618,-1582.3146143915449,-1634.217824063769,-1635.9392579286,-1658.3725152339628,-1571.0182336197254,-1528.8637833648006,-1545.3555621312619,-1502.5792807631772,-1512.5057649452572
SAIH_AFF_r26c37,-1621.183098370358,-1589.2200991503678,-1624.622087392622,-1629.1525182831426,-1639.2431408783275,-1572.9744585730555,-1514.0478895211609,-1507.715934730377,-1469.2228920077723,-1475.593352632933
SAIH_AFF_r26c38,-1632.1107069342147,-1588.3070033469046,-1676.8937320281016,-1662.3763428188372,-1697.527746787979,-1633.2020002828426,-1564.234717661051,-1713.6397945768774,-1667.680433996957,-1664.3468649665094
SAIH_AFF_r26c39,-1779.865543490785,-1762.5244652000513,-1814.3063725746888,-1808.7496256662141,-1835.481819942834,-1736.8413322094643,-1613.83875637415,-1673.7168308848984,-1603.2635545480289,-1599.251992084023
SAIH_AFF_r26c40,-1602.374543903094,-1566.3396397292504,-1647.3168963946787,-1645.4389680823808,-1683.5792208268156,-1624.7715667746854,-1547.8176449956318,-1704.6109133455168,-1647.426678986304,-1659.3851290158816
SAIH_AFF_r26c41,-1730.8083938021978,-1702.855641999915,-1788.3371713928866,-1765.058770232304,-1798.1104832184235,-1713.6490047842653,-1666.637252308994,-1817.4762502062244,-1749.711134737106,-1719.5602170332377
SAIH_AFF_r26c42,-1616.6678197430108,-1594.6726040060062,-1625.0731492077339,-1642.1304975162202,-1642.9602254129002,-1558.5366361420088,-1524.929474673787,-1567.5299036077113,-1550.6778779554727,-1520.076535114714
SAIH_AFF_r26c43,-1459.825191207342,-1435.5497898158862,-1480.245988702932,-1507.5578464373407,-1527.6284347958099,-1482.6748585248895,-1430.0530642906876,-1479.1080995482216,-1475.5019552619312,-1466.587400470101
SAIH_AFF_r26c44,-1437.6477431278217,-1392.8314053783854,-1452.457431854063,-1473.362031459833,-1505.6930690477575,-1474.6781139810162,-1446.2082138996063,-1529.8849928405268,-1525.3109046598197,-1531.0609903903348
SAIH_AFF_r26c45,-1522.2477314093474,-1477.511581924608,-1537.4674802603215,-1556.9551231520695,-1573.6696355851243,-1533.7450824287384,-1455.2623420497905,-1512.0901255745177,-1506.6532048344277,-1503.9043826683653
SAIH_AFF_r26c46,-1524.982777222046,-1510.3393361230553,-1579.918966266714,-1591.9563813573977,-1613.3447724142275,-1567.3653784716596,-1513.2259700742131,-1580.1221070603704,-1555.8541366614475,-1540.9768172034
SAIH_AFF_r26c47,-1528.891120440998,-1493.9359736785657,-1563.5387047633042,-1568.7818875214016,-1592.4227606099826,-1553.6016474455994,-1515.0937138459801,-1564.7643425137333,-1545.621778529291,-1538.9220408013732
SAIH_AFF_r26c48,-1486.1525868297376,-1455.966535082672,-1500.136019287356,-1510.9938745379766,-1518.5334649173376,-1484.3129456666325,-1438.1546024732256,-1449.6709448917873,-1455.5929578128478,-1462.10855156383
SAIH_AFF_r26c49,-1542.2287857084907,-1488.065120444544,-1577.2261487337582,-1569.3856241669478,-1604.8079957682746,-1571.004506686712,-1536.0039777205786,-1637.4663805361447,-1624.4159899653584,-1617.27529021125
SAIH_AFF_r26c50,-1634.691466472628,-1607.321906262602,-1665.5648665344013,-1656.9861718222458,-1679.3426707778694,-1629.180839480067,-1552.797561026687,-1599.4797197196194,-1567.6508692670561,-1559.5570271642725
SAIH_AFF_r26c51,-1662.9626162350773,-1628.3969262354171,-1704.9807163039484,-1699.4532297048595,-1705.010739059967,-1661.4929964360329,-1590.373979056091,-1675.277686270717,-1660.6219044352051,-1647.7120146015673
SAIH_AFF_r26c52,-1616.8764094361254,-1599.7457713643985,-1663.5552190041903,-1651.5346393388163,-1662.3415868411655,-1585.8780299440593,-1510.0283340183662,-1557.0894577974223,-1559.323509931178,-1511.5092007675855
SAIH_AFF_r26c53,-1651.2371599665896,-1638.6467789615913,-1649.4287648169345,-1655.7028627088523,-1633.113783054168,-1563.6731227956252,-1468.2199858082122,-1435.6001293495085,-1443.638879215315,-1407.1891095045708
SAIH_AFF_r26c54,-1635.098342460452,-1616.5223788781566,-1659.5335827146844,-1641.5220516633046,-1634.9182879071902,-1533.8713024721778,-1497.760408050014,-1535.0988136498386,-1547.2182313644653,-1499.519410385018
SAIH_AFF_r26c55,-1623.4281958421436,-1628.7303491420114,-1658.0572746864896,-1659.0604118058384,-1648.5326608690248,-1567.036849368523,-1524.3049866580827,-1553.2304761455905,-1545.4474846744704,-1518.7850706637491
SAIH_AFF_r26c56,-1523.1082752031832,-1512.4076771060995,-1557.019348506066,-1551.2430734599325,-1575.7674331557803,-1493.7811880799381,-1454.214508762057,-1545.2057035166008,-1578.881691947284,-1531.0427567433162
SAIH_AFF_r26c57,-1527.5773964459904,-1599.8512875839988,-1612.0540277261377,-1687.2407287144117,-1702.586221253915,-1619.8491403013575,-1582.1084299174145,-1653.7216336107394,-1668.9561299682148,-1608.6708975117751
SAIH_AFF_r26c58,-1426.171926986399,-1412.548717183541,-1461.35498716006,-1474.0823562672322,-1479.3778817887487,-1479.8232511629294,-1467.1222477886806,-1578.5766064328027,-1623.7795429974585,-1593.9300726942465
SAIH_AFF_r26c59,-1493.4079901530713,-1469.1745996412146,-1542.3988922206645,-1551.1487409812873,-1547.4811193023336,-1548.1702863727417,-1521.3748720030371,-1645.6791839620773,-1646.8801686548195,-1612.1806596917584
SAIH_AFF_r26c60,-1512.1457214352313,-1502.3012506412904,-1579.1406068411004,-1567.8444812639414,-1587.3475463559207,-1554.6496895645564,-1504.477677963799,-1655.328145449219,-1685.4793165185204,-1612.743273026147
SAIH_AFF_r26c61,-1537.2813071190321,-1529.1321835769588,-1607.5539910652158,-1590.2536490711748,-1609.3418264471961,-1557.2113764081773,-1509.1444597489299,-1629.4681049968895,-1653.6293842536165,-1587.998300504355
SAIH_AFF_r26c62,-1645.1331005308784,-1680.7244013277125,-1772.0931358177277,-1714.3228929981308,-1788.8632451336648,-1659.5623200318357,-1593.1978445703323,-1786.0125702857545,-1792.3135765368668,-1628.2011690732274
SAIH_AFF_r26c64,-1660.1714972304592,-1709.2172575730647,-1823.940496633618,-1714.7871951666482,-1828.305199836661,-1657.0203972650133,-1589.3919248610048,-1831.5470639665832,-1849.8564416824656,-1642.28366124625
SAIH_AFF_r27c02,-1913.3239205128002,-1897.0710292272252,-1992.77644290347,-1967.0376382377578,-1987.8522046297096,-1898.6918318736687,-1843.376121490085,-1915.0509591528464,-1785.0923332994182,-1766.6030962126968
SAIH_AFF_r27c07,-1905.5794547768298,-1887.766128779897,-1992.6438473333387,-2013.0939459053488,-2024.2280064462946,-1924.7987279516835,-1863.7282333183816,-1980.1599135278339,-1871.1869321678532,-1878.2893531798593
SAIH_AFF_r27c08,-1814.0230676114188,-1766.1791457522352,-1867.9230931783256,-1860.5146644473834,-1861.2156568607954,-1794.216316904415,-1765.6160633224401,-1839.6929310110872,-1746.6960355640833,-1730.626235299023
SAIH_AFF_r27c09,-1672.0865711111458,-1635.9794962471508,-1733.940194344908,-1736.5231117092028,-1749.5999055919806,-1695.9592037387665,-1684.1043599814318,-1730.7683900042252,-1662.973049379046,-1675.7512113957262
SAIH_AFF_r27c10,-1726.645668757239,-1685.4671960929584,-1831.1985348596943,-1798.0128121510636,-1761.0778721028516,-1732.1952476859335,-1732.4765227962887,-1752.5956880628628,-1673.2213337577084,-1720.9701597670805
SAIH_AFF_r27c11,-1760.3938300968532,-1722.5317101412932,-1922.743311895925,-1801.683221973591,-1767.4450868710203,-1721.0401077607507,-1679.1969215683146,-1705.3676905503248,-1615.3786439670089,-1624.9385226448785
SAIH_AFF_r27c12,-1921.8925433332984,-1883.9126003109761,-2215.6472132071312,-2039.8162443778879,-2092.7484398968963,-1979.7651836121333,-1914.708143320775,-2115.035407557368,-1987.067329667003,-1988.7422490529807
SAIH_AFF_r27c15,-1841.136763482441,-1797.168056269114,-1905.8149346838973,-1933.2220017055931,-1954.7306405384832,-1863.5600310867526,-1829.3336975769485,-1894.3025795228957,-1871.1530292637954,-1858.7590541488512
SAIH_AFF_r27c16,-1769.4489925829691,-1729.761040106234,-1804.3408990704584,-1842.2119971719799,-1870.2354613925663,-1789.277482540106,-1752.9747330468788,-1780.1967300362378,-1744.3303879136042,-1756.560347189068
SAIH_AFF_r27c17,-1854.4534508298473,-1830.8298499911327,-1939.1177121039836,-1950.682670742011,-2000.191472548794,-1886.7926242163135,-1843.894198370557,-1944.6896313412124,-1905.8783655501195,-1868.163371965658
SAIH_AFF_r27c18,-1848.406125100436,-1830.3816434825192,-1911.3243031713337,-1914.9815553027793,-1949.7223042566231,-1849.5371007127367,-1799.8386336836115,-1835.0647416698785,-1783.5009391924975,-1746.7256827407666
SAIH_AFF_r27c19,-1866.6171550026727,-1843.7912503748905,-1935.9422368266635,-1931.4780529150203,-1987.083268786918,-1892.129856954713,-1837.4504818161663,-1929.814142836651,-1861.8798184876573,-1831.9041713935499
SAIH_AFF_r27c23,-1842.7590090618692,-1799.3980520242533,-1860.5882156594307,-1873.066072103788,-1943.397671295391,-1820.400855336072,-1709.5539292000788,-1767.6862898494041,-1724.642529499968,-1701.7743842493
SAIH_AFF_r27c24,-1645.8087848150758,-1598.622733024586,-1657.7508055573624,-1686.871583066984,-1738.903857543534,-1640.208583914939,-1576.6890744243644,-1644.8824603744004,-1617.5559663427002,-1579.4014558737156
SAIH_AFF_r27c25,-1734.3323257954842,-1661.8854458159308,-1761.1748108584534,-1762.3845812806542,-1867.950089061471,-1760.7223707304545,-1679.1352847750454,-1852.0131388498357,-1786.2811995524698,-1732.4982331141725
SAIH_AFF_r27c26,-1856.4560875327409,-1810.554235758189,-1887.3704488296617,-1854.378930259739,-2021.6116047669234,-1836.295626493577,-1760.5556445469435,-1943.3699948866183,-1893.8633422730545,-1779.2963491500304
SAIH_AFF_r27c27,-1843.2599890987708,-1777.9212660030303,-1878.6346732108818,-1842.4598962557668,-1924.5277055520644,-1778.7362606697734,-1711.3501433068282,-1783.1979746663783,-1745.1918616326286,-1683.2400643641954
SAIH_AFF_r27c28,-1866.868103457267,-1799.2489407995606,-1909.5762024272856,-1899.9840232919694,-1959.7784810126523,-1825.6882011332877,-1757.9777567908795,-1838.9661968964856,-1804.571683867799,-1796.5837159673108
SAIH_AFF_r27c29,-1815.5130619153292,-1739.2249069613993,-1833.7365579760224,-1815.267074897703,-1913.8753608750187,-1771.858226646464,-1678.3836032995775,-1829.284576847145,-1795.4381746439492,-1769.3010356167667
SAIH_AFF_r27c30,-2016.6662397186844,-1927.341476648729,-2022.1987655899052,-1971.1475970480594,-2106.3123067973434,-1911.4433624370993,-1817.635415987333,-1979.2518645279274,-1918.6355385935772,-1839.9165234086624
SAIH_AFF_r27c31,-1954.9709344329367,-1892.5760662895182,-1971.0230824002508,-1953.225907581715,-2064.6800831487994,-1877.448210657543,-1787.2600564931909,-1944.3756510671317,-1852.9844813241164,-1834.314134514313
SAIH_AFF_r27c32,-1771.957021395383,-1715.0241607901762,-1766.1520087032068,-1766.448559509741,-1828.7445781058007,-1692.959859851242,-1604.6211287558021,-1718.5572530634718,-1676.8989713206395,-1645.9212354587844
SAIH_AFF_r27c33,-1650.5634694218145,-1604.1807492515823,-1644.4833470673518,-1637.3148958474578,-1678.877843724248,-1564.4451830101486,-1488.054337168427,-1563.0724738966708,-1572.085056170399,-1539.3105592005752
SAIH_AFF_r27c34,-1820.4067914682612,-1770.6273015458814,-1809.335638901566,-1804.5001082773404,-1850.5486817559126,-1719.8913730350207,-1616.7747387645893,-1660.6201500228242,-1617.453058508899,-1574.4049859761217
SAIH_AFF_r27c35,-1773.4371076645375,-1724.1491415889225,-1792.881684535556,-1786.6231075967305,-1827.0897973873368,-1727.3527765679678,-1664.4057755951978,-1760.855198061757,-1695.7436841652252,-1655.7040222615688
SAIH_AFF_r27c36,-1777.3391632838343,-1732.1856705312698,-1825.5326317217482,-1809.414632619199,-1864.1905125903963,-1752.2553768770806,-1649.526558276895,-1822.1716504742924,-1747.742157742599,-1704.0586577895585
SAIH_AFF_r27c37,-1778.8915577506814,-1752.514848386862,-1811.390561599683,-1800.787501695022,-1857.3922383669392,-1749.0554949983837,-1635.3719007186894,-1743.4163102775665,-1654.324398397814,-1641.0523187891806
SAIH_AFF_r27c38,-1601.8147726827956,-1574.6162389928863,-1648.5052455808448,-1641.4187854673487,-1682.475783706212,-1614.0852573217626,-1576.0081664601098,-1729.2633565977387,-1685.8495179701217,-1675.784982062483
SAIH_AFF_r27c39,-1788.7919873357973,-1768.355586097543,-1852.0316005247207,-1837.2193676765523,-1903.0835873910855,-1782.6502661412517,-1656.425450458087,-1838.800843932475,-1764.3493478822145,-1744.3823123645495
SAIH_AFF_r27c40,-1642.9335395174664,-1625.1539965995266,-1688.111435917763,-1679.6591937957007,-1715.80113227425,-1619.9717087901204,-1556.9434149725143,-1696.7949441425278,-1681.800399503489,-1656.4175437315507
SAIH_AFF_r27c41,-1589.9236671293008,-1570.044478591623,-1598.8134868043403,-1607.7499556492376,-1618.3875160445336,-1529.587039665224,-1471.9711928788288,-1477.9093783589126,-1481.439735147709,-1471.8237448735686
SAIH_AFF_r27c42,-1741.7562325858066,-1757.9878374570849,-1772.2294838615428,-1742.5791974078288,-1756.5940183873026,-1650.8509031901242,-1708.7184457407618,-1775.839893766893,-1741.3733811973661,-1792.0232450144538
SAIH_AFF_r27c43,-1670.4875624225842,-1680.0568511637005,-1717.4672794836692,-1733.03887606754,-1753.3464450094534,-1663.4069652519725,-1666.6385709629046,-1708.6341795423434,-1684.2166008214365,-1671.1249885911734
SAIH_AFF_r27c44,-1534.4681530240427,-1509.9135099610578,-1588.3728585474194,-1574.8209147122207,-1593.4551263160308,-1517.3293762045412,-1466.290611642403,-1508.3686441009434,-1496.993041990591,-1475.9440829536543
SAIH_AFF_r27c45,-1488.3090861652806,-1447.286895831969,-1497.3067145000273,-1520.8121348900875,-1541.9559480790504,-1508.4096432065696,-1428.3912778031392,-1486.762867392859,-1490.2777118257072,-1483.1507298936747
SAIH_AFF_r27c46,-1433.4175608585283,-1405.4153589681373,-1457.544646980097,-1474.8317040909765,-1494.4072036252926,-1455.6593800791527,-1437.1069925673155,-1511.6200408549803,-1510.0155175877296,-1495.9561656844253
SAIH_AFF_r27c47,-1552.6089700294933,-1512.4446029357691,-1557.5022595879284,-1575.424377472443,-1577.2208033337079,-1541.2113112390055,-1473.7427955261983,-1485.9724963948288,-1457.9936632444715,-1470.0589865885045
SAIH_AFF_r27c48,-1524.8310122521734,-1485.008574960484,-1535.3472963316433,-1554.0596439617927,-1564.260193197402,-1554.7328748546013,-1488.0458322249467,-1520.0360889000106,-1501.8133198762741,-1502.3245027931157
SAIH_AFF_r27c49,-1542.6100801707248,-1491.0323474395198,-1563.0956256995046,-1571.4605968583926,-1593.0599623800244,-1573.320025462619,-1534.2594004283776,-1572.9759748713175,-1547.4341167784567,-1540.4601168254164
SAIH_AFF_r27c50,-1579.777637250735,-1545.2474516072673,-1599.1154932368825,-1607.1416095359048,-1605.6900700693916,-1585.2544063920395,-1519.7581628102857,-1563.2373127984217,-1522.564007750139,-1517.0519952956768
SAIH_AFF_r27c51,-1489.3554931164788,-1451.6447416822507,-1534.8703206568055,-1536.1042793374452,-1548.0352328551214,-1541.1449177813033,-1522.9812552340497,-1679.1556011238977,-1636.7609827109814,-1638.0717336234347
SAIH_AFF_r27c52,-1689.9401710962159,-1674.0357528494292,-1713.3149057145085,-1715.4202394303743,-1711.353590151534,-1626.5932656946864,-1490.1698469001842,-1467.4120549803072,-1439.0968102031754,-1409.1399963485553
SAIH_AFF_r27c53,-1545.881622676357,-1528.284106620199,-1544.554825716984,-1546.5081702500643,-1534.1269858246685,-1479.041346891288,-1408.3431844149616,-1419.7369789900401,-1432.362420501798,-1438.8367097787357
SAIH_AFF_r27c54,-1411.7358720852865,-1394.738425267897,-1403.9905435749204,-1409.7710115975472,-1404.9236314132693,-1362.15848248631,-1342.5169686237546,-1394.7086581317121,-1426.9016151031533,-1436.6965676775908
SAIH_AFF_r27c55,-1434.0503433270328,-1430.383294896005,-1458.7247252861882,-1463.9593616621567,-1467.8374153422255,-1410.8937695012828,-1389.518449914946,-1454.4335703924726,-1501.8752021872697,-1483.66155154601
SAIH_AFF_r27c56,-1499.9307023125311,-1484.3138110338068,-1534.6190113592513,-1530.7269607485218,-1548.3109373207196,-1481.2548738382584,-1451.910273393902,-1510.6740552211877,-1534.9508626354718,-1515.8591619814545
SAIH_AFF_r27c57,-1550.6985348596954,-1553.702656871237,-1594.6634221044171,-1643.718213551504,-1641.9676343827948,-1572.5129999895646,-1521.114873678609,-1593.8782258653619,-1615.9653464055025,-1554.0696646039219
SAIH_AFF_r27c58,-1547.2571236327738,-1500.6227486816733,-1615.1240422280243,-1595.0393983966233,-1620.8509239989303,-1596.524840784259,-1541.4031509328606,-1687.980826304885,-1697.4440880237366,-1652.117334564283
SAIH_AFF_r27c59,-1572.406637531798,-1563.3682447328938,-1625.7481286282691,-1630.0125053812535,-1655.7128536951277,-1609.7109203574446,-1523.3615732828903,-1560.2547518100575,-1575.9280151327368,-1542.7463283543145
SAIH_AFF_r27c60,-1415.5448360388548,-1410.8562957168006,-1448.1102183975488,-1464.8111245843922,-1468.2905795684203,-1467.181125236326,-1446.7045048569005,-1480.2581993611059,-1482.3979998696132,-1471.2648855857615
SAIH_AFF_r27c61,-1473.4824344913193,-1466.5993274338089,-1528.2509809343871,-1529.301499055586,-1539.6356585304725,-1526.7939620357477,-1482.3359100253542,-1574.5478518580314,-1557.1471766829761,-1542.8819121959327
SAIH_AFF_r27c62,-1499.749584030962,-1470.4109956655766,-1608.9756312558354,-1565.9462813150355,-1589.9867281101185,-1548.1210743736997,-1537.8378529216934,-1760.692639303989,-1757.4081634249767,-1695.4610084445626
SAIH_AFF_r27c64,-1641.2351692428804,-1676.2309704441027,-1754.2942262604815,-1711.1732565205205,-1760.2596396335252,-1675.0402119741343,-1605.464162861229,-1740.0311676050885,-1724.9207444131148,-1643.854306898282
SAIH_AFF_r28c02,-1924.0409791634477,-1875.8781675775192,-1989.4510195691291,-1976.9895228044645,-1988.6942340072853,-1910.099238760125,-1854.1700495185628,-1976.97962956659,-1868.9191912579195,-1841.8636026783495
SAIH_AFF_r28c04,-1981.8739466531194,-1948.3383148544817,-2060.529883889618,-2028.5886827730315,-2071.527026956252,-1958.257747238646,-1920.8260282079616,-2031.4596310863683,-1923.4458439606362,-1911.702171897831
SAIH_AFF_r28c07,-1880.346914630475,-1879.1753196612972,-1984.0551348663118,-1990.956023505086,-2027.3295789762992,-1925.1801096729437,-1874.0228376238401,-2010.3225640958524,-1900.1937546624092,-1909.561734874164
SAIH_AFF_r28c08,-1848.984013218881,-1818.552385840503,-1915.4017068278333,-1901.4676676844426,-1902.428783538196,-1826.8191307171385,-1798.0973583186242,-1843.3744599060421,-1753.2102346822792,-1727.6234006672294
SAIH_AFF_r28c09,-1785.0875234285843,-1727.5945965048224,-1830.0446478121105,-1824.2811691779325,-1862.0151853868472,-1755.3798571772622,-1732.0958111263526,-1844.9791263101695,-1783.6820544904358,-1721.859810686576
SAIH_AFF_r28c11,-1890.7344795451443,-1825.5576395505893,-2087.2717270661656,-1968.2835382134583,-1960.909081390111,-1884.7491754185723,-1843.1199307875136,-1933.1184570118216,-1850.3982859177183,-1808.5025575112813
SAIH_AFF_r28c14,-1903.356297037273,-1881.1876986891104,-2124.8179863726114,-1989.7636417913573,-1984.2217305003169,-1890.6128397027323,-1844.7860389967477,-1884.1797694551651,-1835.1019278408296,-1765.600710174454
SAIH_AFF_r28c15,-1795.6097792739522,-1750.5810602808294,-1834.0013193302839,-1871.1871747484395,-1893.4460043140018,-1811.3958514392239,-1775.646395924737,-1831.6767117263353,-1805.876252578454,-1805.6819969006224
SAIH_AFF_r28c16,-1847.4788689244897,-1811.0470906148707,-1894.622319338471,-1908.3617420175874,-1954.629268765287,-1815.13983168457,-1776.8590999785295,-1826.0563652455364,-1818.6984331058763,-1788.8785604683933
SAIH_AFF_r28c17,-1858.8123972480796,-1846.5309067300532,-1917.9925154716889,-1949.641137941506,-1986.75063876352,-1872.1983177482011,-1825.6250850812055,-1899.1207132161207,-1892.0394253222603,-1852.1682696838634
SAIH_AFF_r28c18,-1812.1145470542956,-1769.8359318944792,-1839.4312607691452,-1867.1566468872236,-1894.6089536448803,-1814.843769476114,-1780.5361005347256,-1846.5702868455357,-1794.8764003163312,-1782.747681196613
SAIH_AFF_r28c19,-1854.7118198167063,-1819.963516757371,-1906.442966302016,-1919.0749559567653,-1979.1335694521888,-1885.4808264683463,-1829.684728973773,-1936.1010677702986,-1875.8278374182937,-1830.775050980207
SAIH_AFF_r28c23,-1849.23172401157,-1787.16631025141,-1854.3048462877414,-1870.2012563964986,-1926.6002643667632,-1803.2545642529026,-1717.1385124788962,-1750.4082503370028,-1728.357669907995,-1676.6910835111046
SAIH_AFF_r28c24,-1634.5907894564539,-1570.6715054537822,-1647.4989851903258,-1645.928845473948,-1671.077547172282,-1554.7150466812438,-1519.8882949888052,-1579.1167541803602,-1600.8729772551694,-1550.8910264636172
SAIH_AFF_r28c25,-1633.688666848163,-1591.8174167303644,-1656.7461571887775,-1650.9064296409533,-1691.3395600138201,-1568.6286085253867,-1522.6309068825055,-1584.1518198381193,-1601.528130006388,-1518.945402238673
SAIH_AFF_r28c26,-1744.133720717087,-1692.5948915622257,-1757.2093469642125,-1764.4908766674164,-1806.810324239678,-1718.8098528849512,-1645.2975950434425,-1740.3038797731208,-1710.985154944772,-1672.1375046480807
SAIH_AFF_r28c27,-1866.4009926389742,-1796.4177565102661,-1892.7682062343592,-1878.6017166999993,-1957.5262400134027,-1838.145783378533,-1743.3306205040676,-1907.9049035108842,-1890.9492005486738,-1823.3305288839101
SAIH_AFF_r28c28,-1760.2429362257064,-1717.4793625189207,-1793.868049481773,-1780.2603449269154,-1842.49132183577,-1704.0777002079203,-1635.9033801371115,-1759.3703276962797,-1774.3747270070544,-1699.6450751287064
SAIH_AFF_r28c29,-1623.4921704030235,-1574.29100394752,-1636.8368611457227,-1624.1635786310374,-1674.489217616201,-1553.244523732239,-1487.1682381705284,-1570.5412081295874,-1595.3250421452726,-1562.2254117671694
SAIH_AFF_r28c30,-1811.7795716803128,-1745.3677610752245,-1824.6860891673716,-1775.67860574846,-1888.630989942683,-1729.416159785919,-1628.7049731481945,-1803.5377195210403,-1790.3386652911283,-1731.6565718190895
SAIH_AFF_r28c31,-1743.90463611874,-1694.4477078582868,-1757.013668290666,-1756.7544681775696,-1823.0494320368402,-1685.6897682856932,-1620.964880268287,-1725.861913874846,-1684.634061034769,-1662.2110587231227
SAIH_AFF_r28c32,-1869.5113348015211,-1805.1227515666044,-1887.5864427551287,-1880.0443362653432,-1953.1909593926848,-1810.5418393880752,-1744.3408401134395,-1837.4684230786354,-1754.3000390177988,-1746.6543939540738
SAIH_AFF_r28c33,-1924.4141674039242,-1861.7282133565054,-1938.71698957717,-1930.2254571439032,-2007.1035817676395,-1841.0565115195543,-1751.491898881286,-1881.600830790009,-1828.0203614224456,-1802.1575255335727
SAIH_AFF_r28c34,-1894.2481504275295,-1858.566617344734,-1920.8145739763513,-1908.2280244601877,-1987.5233432413686,-1828.8580706831315,-1729.1965797640403,-1878.0083594128505,-1807.1494245047072,-1781.707360316359
SAIH_AFF_r28c35,-1898.9677103538913,-1866.545049749878,-1958.2038658572685,-1942.959569227065,-2037.4200716733299,-1874.863854705755,-1788.755575101242,-1967.678912387339,-1891.2742905309015,-1846.259199342427
SAIH_AFF_r28c36,-1630.873784297603,-1603.2877672974091,-1635.5820969000574,-1629.7958431750455,-1652.4840524984425,-1554.7059322610885,-1502.6826002021592,-1552.2311392643721,-1545.130662148644,-1524.7446042977083
SAIH_AFF_r28c37,-1761.615704956222,-1735.3507414048076,-1791.6023871533457,-1781.1038385530487,-1838.5916763732007,-1731.7228546375427,-1641.4801293041396,-1769.3423340182428,-1723.2833331152076,-1701.1671661715236
SAIH_AFF_r28c38,-1651.1434299257555,-1630.8766934227242,-1681.678243790018,-1679.859731042701,-1694.098217863269,-1596.7176053110566,-1557.8357239193924,-1650.7456585787418,-1622.234516623238,-1600.6649871020975
SAIH_AFF_r28c39,-1770.9128954064279,-1751.2680177586046,-1796.888911866643,-1786.2961844130552,-1839.216451315666,-1709.5806440635376,-1630.4512947237263,-1758.3946237290982,-1692.6338675224865,-1660.491895542549
SAIH_AFF_r28c40,-1773.6581580703835,-1771.5923412163481,-1843.274593307071,-1814.4447853001607,-1868.7626326741608,-1726.8756795665424,-1651.4963917863079,-1814.8778416155155,-1761.5268934287835,-1735.5808739808135
SAIH_AFF_r28c41,-1752.2246555182535,-1725.724571721858,-1780.822697301233,-1783.1597709216023,-1838.5079370898543,-1703.6404087169208,-1608.5671104384105,-1687.875475937341,-1665.9154389621817,-1651.9829343402855
SAIH_AFF_r28c42,-1684.2575298917454,-1666.3075956195432,-1705.5851554685014,-1725.0297791441249,-1760.661166655319,-1653.4260784857988,-1634.5493560770717,-1740.6063638125268,-1703.9068288825222,-1689.4540298210418
SAIH_AFF_r28c43,-1530.171521679383,-1509.1710426782183,-1551.2131031684748,-1561.6472038634188,-1577.141224201337,-1506.974463741182,-1486.8448847648835,-1548.2871363321074,-1543.0747922365167,-1553.0162572471834
SAIH_AFF_r28c44,-1652.5094866129878,-1645.2131241950528,-1713.0905233343476,-1702.8102022973117,-1720.6723244296008,-1628.0888820246507,-1584.352638137024,-1665.1035831335164,-1646.481309487662,-1626.2001403097308
SAIH_AFF_r28c45,-1522.7587109952992,-1500.8032892927752,-1579.059594861789,-1613.3347405360812,-1642.1976849245123,-1573.4013984732023,-1522.7402663384355,-1604.3361206772388,-1586.30677630976,-1552.7568175568629
SAIH_AFF_r28c46,-1558.583085653234,-1525.5515859818736,-1588.0370014428731,-1620.259842828974,-1633.365324436926,-1572.0946273276472,-1505.2115157498354,-1530.725458721002,-1515.2190810129964,-1493.6859250491652
SAIH_AFF_r28c47,-1560.0464106416496,-1539.5351633049424,-1594.4364134161845,-1611.584016060893,-1627.9461556985277,-1569.513749653183,-1491.8445972474522,-1511.6233935180578,-1487.9304455484416,-1466.0600268030548
SAIH_AFF_r28c48,-1432.4174607080388,-1393.3900427211702,-1447.9937488874689,-1468.9929661895433,-1493.751463304817,-1483.3534784247624,-1464.888048019435,-1539.078332617823,-1527.160594431587,-1527.9442740018642
SAIH_AFF_r28c49,-1532.2552602015826,-1501.7962092506234,-1529.7004506686703,-1554.546843617185,-1547.8502135504361,-1530.058364342445,-1465.6930084817889,-1454.7640313504082,-1425.6579212678428,-1434.8464008044475
SAIH_AFF_r28c50,-1531.6766017704686,-1499.502007611649,-1545.491090078159,-1559.7522471116054,-1564.7734853918123,-1528.0998780251605,-1487.700106793423,-1528.2751893751017,-1505.9977672845685,-1484.4362589845211
SAIH_AFF_r28c51,-1552.8463693807191,-1521.3780589037847,-1564.4364965682673,-1584.8299688119496,-1566.228196513539,-1562.9392474540243,-1504.4107605328434,-1563.1594361535288,-1525.2497400995633,-1516.015795661956
SAIH_AFF_r28c52,-1589.663463174677,-1566.9218281633284,-1607.4075302568986,-1613.2877697465037,-1605.6868754565035,-1572.550841800203,-1502.7129685139755,-1556.3427125574967,-1516.581885391605,-1507.370329258938
SAIH_AFF_r28c53,-1530.8449036555644,-1510.8625307990621,-1518.185192361572,-1528.9331493463146,-1541.4333234706523,-1478.3407600200055,-1416.2805418016246,-1432.7072302185595,-1450.0307113437427,-1412.8080730850909
SAIH_AFF_r28c54,-1448.132972262651,-1421.569880003769,-1429.5434122488298,-1420.1017297885924,-1421.0700108897088,-1371.9683622504003,-1340.7208438478376,-1415.662879700113,-1432.493159900736,-1411.1952059097603
SAIH_AFF_r28c55,-1505.0737015486623,-1483.206819979155,-1497.5008013030326,-1499.2477283320843,-1509.068555926237,-1451.933916067435,-1409.947011872902,-1459.093432981214,-1482.2196146413248,-1445.1157385342951
SAIH_AFF_r28c56,-1580.458747006243,-1588.392113494484,-1629.0098339200872,-1624.165737020508,-1640.6872593542655,-1572.5904252116904,-1548.0341896896966,-1618.1143530212416,-1608.0938004685315,-1587.6987501472343
SAIH_AFF_r28c57,-1497.020689853828,-1469.7722256846428,-1546.3651611247572,-1553.6982098994972,-1566.6345220201215,-1544.0012831323102,-1498.3590282760467,-1587.7495430477798,-1587.1121667129303,-1570.0215251991485
SAIH_AFF_r28c58,-1520.6465372815508,-1497.2249510486577,-1548.645822644314,-1560.1490895573963,-1552.4080683329312,-1547.2564500591593,-1513.908165188527,-1567.04025266222,-1543.18703600934,-1542.4901757012847
SAIH_AFF_r28c59,-1539.5097749086663,-1514.5919705639717,-1605.38306904634,-1592.1696473700058,-1640.248535400489,-1603.3064384763445,-1555.5141326978223,-1692.0924039859096,-1696.4261336406119,-1645.440728567874
SAIH_AFF_r28c60,-1470.4811553612788,-1462.0239395882686,-1511.4701749793871,-1529.4222853328802,-1534.8122577183317,-1546.6761664201863,-1472.3264615424885,-1491.1471920847025,-1477.5725686764652,-1498.875661244094
SAIH_AFF_r28c61,-1487.212423863119,-1478.8346749485434,-1547.3247581688393,-1537.3139458151547,-1560.0086231728453,-1530.2602611305188,-1464.0275349719016,-1513.4872236682927,-1503.756380309942,-1494.0863809907873
SAIH_AFF_r28c62,-1455.6628081390331,-1438.3452780155544,-1549.2707853962322,-1522.565106763941,-1548.2381135621752,-1535.9210912774765,-1488.2075123491204,-1619.2028266201762,-1616.1942797458712,-1586.4401653355526
SAIH_AFF_r28c63,-1628.7261751398219,-1662.2351327007261,-1741.9973894509728,-1690.4663325582849,-1758.304145981272,-1650.0334789166077,-1568.2387906114486,-1738.7224936634614,-1728.6295795890142,-1604.8071361989137
SAIH_AFF_r28c64,-1676.859734772729,-1699.828751452834,-1736.0336952765858,-1724.1622043286586,-1728.8683392144737,-1660.4317848653966,-1559.3088960556202,-1538.918434499439,-1512.9244997539345,-1468.9100054448559
SAIH_AFF_r29c02,-1890.0487172571277,-1844.6752252688698,-1950.7803847835826,-1935.8000953186502,-1954.8255197354126,-1874.813411124525,-1840.5700605168684,-1942.413405363508,-1838.5337006418306,-1817.8481919570963
SAIH_AFF_r29c04,-1921.5256338411739,-1873.2358266252572,-1993.1358522879034,-1967.3723178606779,-2010.7589701422964,-1916.5218132492573,-1873.2542199341146,-1993.4475067953638,-1866.1871828175485,-1846.5517364184373
SAIH_AFF_r29c06,-2019.934470793123,-2008.1196244549494,-2109.30430410245,-2078.929652083961,-2110.7092825622967,-2002.3835273474845,-1947.8517304141735,-2082.14752320968,-1957.1695452343226,-1918.2734853147224
SAIH_AFF_r29c10,-1868.959516470739,-1827.5133544056837,-2081.5187935861145,-1966.5736227246182,-2022.9350467057213,-1871.6457069232365,-1834.6517169950166,-2011.6102854718629,-1956.6314294019517,-1854.2559609698867
SAIH_AFF_r29c11,-1765.1282551333456,-1720.2977916924071,-1947.4831680680181,-1860.365889029663,-1866.8040846884385,-1792.1939520224487,-1768.36313518947,-1851.5615923060002,-1777.9440724375143,-1771.265983791084
SAIH_AFF_r29c12,-1727.9059804440153,-1685.7361277685534,-2009.4796662808533,-1861.0995920162977,-1913.5992149325168,-1753.193307810347,-1734.5165943049865,-1895.1370490051788,-1900.3693299954425,-1766.1848129507323
SAIH_AFF_r29c15,-1876.220781022585,-1828.9506900306787,-1933.0063950870644,-1993.6664005319199,-2024.5426086091531,-1914.5969943352559,-1858.1022454791987,-1998.9898144560893,-2032.8143775588192,-1914.9827806456335
SAIH_AFF_r29c22,-1909.447428236242,-1880.2908206285772,-1960.415991494665,-1949.8110207972172,-2033.5006415661537,-1898.7613923818594,-1834.2733621732593,-1935.3548044139743,-1910.72610100608,-1831.7283661274016
SAIH_AFF_r29c23,-1853.0650368412105,-1789.686816997998,-1893.4438613252369,-1875.2953761991396,-1935.5667814000974,-1810.7885301469728,-1729.681998193931,-1866.4836262743922,-1822.2225680220922,-1778.0563755578537
SAIH_AFF_r29c24,-1703.3417067134574,-1637.6602207702076,-1735.8073668635182,-1718.9451531380532,-1754.8451020702116,-1627.532213332635,-1574.2751744817926,-1655.7264858777778,-1669.227443072451,-1599.871801385379
SAIH_AFF_r29c25,-1650.8526643142102,-1599.4970629194895,-1664.1641676177712,-1667.625579824718,-1679.2725176172478,-1559.4334523522825,-1518.1504690952122,-1574.1943368271159,-1582.7906741149493,-1536.0189313424708
SAIH_AFF_r29c26,-1858.4280136588122,-1794.167579698228,-1877.549395356632,-1886.5234656094353,-1973.9972111512052,-1812.4682202169279,-1737.2290391172046,-1889.7014255861816,-1900.7215681448001,-1816.9791635024797
SAIH_AFF_r29c27,-1802.151749159712,-1749.6968367485838,-1824.4511088656902,-1823.0680973372564,-1898.367682167052,-1772.93738940138,-1689.13664230443,-1850.4311592306,-1860.607672010303,-1787.345664534098
SAIH_AFF_r29c28,-1680.683964512228,-1645.029409916257,-1699.637538690368,-1694.4328031465557,-1741.4976327518225,-1630.4443513373396,-1571.6354804413982,-1657.7065266917716,-1677.6436872509032,-1619.87464321066
SAIH_AFF_r29c29,-1614.84970367423,-1585.8017392123809,-1623.2040511816383,-1610.0341193470363,-1648.7416992136375,-1558.6190302922428,-1507.2196030491189,-1576.7821324984557,-1614.7459163586482,-1554.8817131399014
SAIH_AFF_r29c30,-1604.7316469020273,-1563.396008494126,-1622.5874457661605,-1605.4646056280128,-1639.9638973478116,-1535.135432077107,-1462.0532584816885,-1519.126160283417,-1543.912298938758,-1500.7110819012812
SAIH_AFF_r29c31,-1696.2473251147321,-1647.5704345003269,-1685.2308844203483,-1713.419970731376,-1757.0931831331045,-1633.7227727178724,-1556.6463130172083,-1643.529201867119,-1639.6951952856055,-1595.7432502833933
SAIH_AFF_r29c32,-1659.80356764089,-1605.6981960159956,-1657.8639064410797,-1692.034369705429,-1743.6158998839949,-1617.2981378820932,-1533.6628783613573,-1643.7891546230862,-1617.533663980811,-1591.9035343841085
SAIH_AFF_r29c33,-1768.293493453667,-1697.6496861634455,-1753.0633955073465,-1793.125895834532,-1875.1529318459025,-1702.8664296969466,-1611.6609622924984,-1730.412785371394,-1695.3274710375179,-1653.2467189814831
SAIH_AFF_r29c34,-1730.472848930849,-1702.6363393523554,-1745.5479291335498,-1768.370048056149,-1818.2494808102774,-1671.0863308410487,-1606.075952284304,-1710.4884442640343,-1671.4426665269943,-1641.9894721680269
SAIH_AFF_r29c36,-1866.4810855823064,-1842.4282283870766,-1897.32815716014,-1881.6824195161805,-1947.3440994244236,-1797.0801591084062,-1720.4816014538678,-1811.0879678850315,-1793.5812144192646,-1751.5034539826859
SAIH_AFF_r29c38,-1802.4493446293664,-1811.1469601539902,-1869.4293888881625,-1866.6955047205026,-1858.2994932498793,-1707.4716599667418,-1733.195550550617,-1818.9395409131992,-1735.3851196165992,-1702.5223821183995
SAIH_AFF_r29c40,-1682.0335929013602,-1659.8910102213092,-1665.4830818359098,-1681.4498737059776,-1704.8032404559676,-1595.8244944967219,-1532.6336766611264,-1569.9591566438507,-1546.6357549503332,-1542.1267259092517
SAIH_AFF_r29c41,-1663.345034277963,-1638.9723524266908,-1662.3295214702073,-1665.2101770722584,-1717.1440302923966,-1603.8275470176334,-1530.2517662709026,-1605.4892138326893,-1589.9680212004873,-1589.4080125066114
SAIH_AFF_r29c42,-1543.2371385625777,-1518.8042149587043,-1536.9645017518685,-1556.1989300247722,-1583.935353699349,-1503.2427738701895,-1465.7591246419017,-1538.7180644080045,-1539.0017885293207,-1544.1070079973185
SAIH_AFF_r29c43,-1594.41007734691,-1572.5584551558065,-1622.0478058867413,-1612.2900103390969,-1625.9038149956166,-1540.2687013309953,-1520.744964598412,-1623.2783022942328,-1600.9262338206238,-1597.2805140755675
SAIH_AFF_r29c44,-1741.1369354889368,-1758.9911076091844,-1845.4634461744652,-1801.2216134571681,-1805.9590169942294,-1723.5731024156303,-1682.4678072940108,-1773.2719076887633,-1714.5453493607522,-1653.7640519145984
SAIH_AFF_r29c45,-1566.2549908994483,-1581.987576110725,-1626.3582579318836,-1621.7140200866838,-1629.1168091764982,-1577.9530673440793,-1529.0746742788301,-1559.960787754193,-1564.3325197396848,-1551.2298524270318
SAIH_AFF_r29c46,-1473.0306276628335,-1463.1298245246505,-1479.8211832605782,-1498.0778470554653,-1517.182930629495,-1467.7103936607857,-1424.3736176831803,-1429.5017584195953,-1439.344383139073,-1421.6904710155359
SAIH_AFF_r29c47,-1428.9269067075693,-1414.1864356648157,-1435.1159520057797,-1455.0610188301932,-1471.8692068494374,-1438.9408762295643,-1407.6134470718189,-1455.775877773881,-1465.8920260910993,-1452.8742036299295
SAIH_AFF_r29c48,-1484.12670020837,-1461.292537930745,-1479.9358999193735,-1497.669478969247,-1508.6298833544488,-1467.4221385715628,-1427.0311953551193,-1446.3384317770115,-1435.9004769483677,-1436.860103871082
SAIH_AFF_r29c49,-1433.1972231896657,-1417.2938014072597,-1448.0356921207615,-1469.686278566135,-1487.7405971032558,-1456.281603762468,-1430.4885630713554,-1470.6039667222692,-1461.5351408961526,-1451.8113004972806
SAIH_AFF_r29c50,-1430.8941567245827,-1418.6028698114887,-1469.597506582977,-1487.870329750868,-1511.532503939316,-1482.432887662742,-1446.1446344157507,-1490.4504928725862,-1488.9886139365417,-1460.6125126293696
SAIH_AFF_r29c51,-1581.8421324143633,-1552.2196230723498,-1587.6123882820905,-1593.7468085273526,-1608.1302173212837,-1528.7383136454926,-1451.633376715539,-1485.6261544947718,-1448.5790634157063,-1422.8412473126166
SAIH_AFF_r29c52,-1459.9219302631814,-1408.9668541987903,-1472.7864489932686,-1486.275575358854,-1509.6087952479054,-1486.480301273106,-1459.4778351689486,-1568.4780027174259,-1550.1986496639859,-1533.2721694124539
SAIH_AFF_r29c53,-1481.8820720010685,-1442.4730604774415,-1470.671884287177,-1474.4526159236054,-1488.8971069175805,-1422.2447926349332,-1364.1206380544158,-1359.231189989291,-1362.8207802341385,-1340.7545475254708
SAIH_AFF_r29c54,-1580.44130027329,-1566.7319822413954,-1592.9546558746845,-1578.054495670293,-1608.5137979958743,-1514.078042051035,-1465.2097054542792,-1541.1785362763476,-1562.7295084971156,-1509.1812011141017
SAIH_AFF_r29c55,-1501.2407758498787,-1483.734498976112,-1537.5870854042387,-1533.5981648589336,-1560.8377466101738,-1497.9634464410094,-1464.0843751145653,-1563.6776169352509,-1565.8823289113272,-1532.9230565782784
SAIH_AFF_r29c56,-1572.6576921566834,-1564.2104568833518,-1618.8718789671377,-1613.9565077412353,-1647.7135887133718,-1588.7004881623893,-1527.9330157442191,-1598.2127681294091,-1581.256205420828,-1532.8727191822957
SAIH_AFF_r29c57,-1578.4574497614421,-1565.331482829595,-1626.9382551495507,-1624.3527933004784,-1650.9735281948688,-1604.8355417175117,-1543.4670130251025,-1609.4405386013334,-1586.7426481755954,-1572.8606701616748
SAIH_AFF_r29c58,-1437.3057102918233,-1418.6997502696252,-1472.7731982241396,-1478.9120079997488,-1497.3382459189768,-1469.2022973100325,-1429.6731097452434,-1500.3576065673333,-1509.841947373381,-1510.365535637624
SAIH_AFF_r29c59,-1388.0102057117413,-1352.059835797247,-1454.593476410585,-1454.6126412549588,-1485.359368330081,-1515.659861985884,-1524.574762010763,-1711.731191975801,-1707.681844727572,-1701.6093022037733
SAIH_AFF_r29c60,-1604.4904422253926,-1599.9993691842587,-1649.260992814983,-1642.2774385216408,-1672.176589145258,-1627.6747503566337,-1454.742635029905,-1448.825182897303,-1442.9641429674518,-1454.956039210041
SAIH_AFF_r29c61,-1449.854149754634,-1429.3104787392833,-1527.057984487193,-1508.5271631253963,-1552.0965439224049,-1536.3509785847841,-1508.8281178805798,-1636.4219017592018,-1635.6318091118114,-1620.711248094942
SAIH_AFF_r29c62,-1547.314168963721,-1543.9933483590787,-1670.2198601610953,-1611.6844750543833,-1719.6512979992722,-1603.477617136679,-1527.7528736083516,-1710.4529084241028,-1784.4885984958544,-1614.8396590674092
SAIH_AFF_r29c63,-1694.237630658371,-1710.0039564088054,-1772.8662440562218,-1743.1119079788007,-1798.9432879825713,-1689.1850557196417,-1582.1634198454087,-1644.2368739395458,-1641.994980519072,-1533.6759227256534
SAIH_AFF_r29c64,-1696.4265468100477,-1696.1698637739128,-1752.612462435735,-1732.5133268064878,-1745.2038417641331,-1687.411877113808,-1564.0865208422772,-1533.8699491115462,-1523.639267876402,-1488.3030899552896
SAIH_AFF_r30c02,-1924.2372484718521,-1875.368344434097,-1998.3066054102858,-1981.4068801248093,-1989.0499573448967,-1894.1779670081683,-1865.958211042325,-1958.9918785725285,-1874.9678977947194,-1827.345386335236
SAIH_AFF_r30c03,-1887.5027826749144,-1838.5149226484184,-1975.618092863626,-1954.6951184527602,-1990.042316479069,-1898.508880045065,-1865.9716255828753,-2011.0260716036767,-1929.8948242768174,-1869.7728194990668
SAIH_AFF_r30c09,-1914.7014824955997,-1883.0475024447494,-2023.9075767651095,-2008.3870239259418,-2042.2230706043417,-1915.9486954821057,-1863.654431188474,-2019.597214942305,-1969.942843731664,-1893.3946958732647
SAIH_AFF_r30c10,-1793.0809601461083,-1737.6457791403036,-1941.3295127519405,-1858.253071554367,-1866.9804239775608,-1783.4095858065355,-1750.3302693888197,-1859.868501728523,-1799.6393451177348,-1746.7871163003058
SAIH_AFF_r30c12,-1506.8524893819058,-1487.77727832448,-1679.2984597242937,-1569.042172352259,-1539.4950274974683,-1511.3286860696871,-1500.9218357039238,-1492.8218195289417,-1484.9088878917207,-1438.5578203429086
SAIH_AFF_r30c13,-1800.6856586246201,-1707.545882960441,-2068.4575204137263,-1913.357322991945,-1944.396809956109,-1851.773517837072,-1784.7648829161055,-1936.5069332338844,-1964.93826461821,-1838.4976515414294
SAIH_AFF_r30c19,-1864.00908614363,-1817.4894103656104,-1938.3641264236214,-1904.4586755198318,-1993.2918258610835,-1875.7881629768326,-1813.9965887841936,-1922.0810450629956,-1911.4745006402557,-1840.6439791258629
SAIH_AFF_r30c20,-1888.3588645192258,-1863.1137124356592,-1934.7610804859792,-1934.594916894725,-1993.1427647146297,-1908.09490776371,-1828.4015689691607,-1891.9704389930841,-1834.0091231878205,-1783.568110845297
SAIH_AFF_r30c21,-1772.8769041390972,-1728.5815236242356,-1790.9316557175675,-1797.885385235277,-1831.3697778797768,-1758.86743984081,-1704.2467080985084,-1710.275369613578,-1666.105145250508,-1666.0007067580136
SAIH_AFF_r30c22,-1894.7966126457054,-1851.2689195112025,-1933.5562758930166,-1928.9222583405508,-2003.1852557212483,-1899.980623936886,-1847.501870558403,-1952.411726340177,-1910.4836502238413,-1906.4000620910604
SAIH_AFF_r30c23,-1756.5772188539027,-1703.5702483864663,-1793.4724454006125,-1788.9252024251914,-1856.9352343699065,-1747.1798213703628,-1688.50083317035,-1785.6551039833105,-1778.3811487059127,-1737.2196544755202
SAIH_AFF_r30c24,-1889.5893366381833,-1839.2487535059672,-1930.9353545104698,-1924.9845567803798,-2016.6319013762957,-1897.4850277216108,-1761.0157328289074,-1868.462636488162,-1851.482684756376,-1832.2416646011352
SAIH_AFF_r30c26,-1873.8248301626882,-1802.537330293132,-1883.9387098625639,-1890.189315119955,-1954.7882851388426,-1783.5677627391017,-1700.4074269256046,-1838.5080561845818,-1860.7984545065578,-1763.0899224644404
SAIH_AFF_r30c27,-1807.557991670209,-1767.6412374199033,-1839.8667911527934,-1813.3177969085373,-1956.0182895502087,-1748.3266874085584,-1694.4248662773873,-1829.3213984868687,-1866.9148791345785,-1753.4201172012536
SAIH_AFF_r30c28,-1673.4332077598185,-1641.2299847642103,-1689.2687290638353,-1658.1005014244408,-1739.0118625230891,-1604.5506068227119,-1535.2009350183143,-1635.794400325587,-1669.965482066641,-1596.0942140524073
SAIH_AFF_r30c29,-1708.1180879557062,-1692.1669948336514,-1744.2239524518636,-1720.3535284253458,-1791.6606040532752,-1657.8686532287716,-1596.9033963327008,-1677.7668467021174,-1687.8259871741036,-1616.3925616062886
SAIH_AFF_r30c30,-1809.5793562389629,-1760.8098455422194,-1848.916703405063,-1826.9337743679912,-1919.454177872965,-1775.0841131003463,-1690.3002131261728,-1846.2338909743544,-1832.0801557881887,-1761.6209067123007
SAIH_AFF_r30c31,-1766.4543033679447,-1720.479232360222,-1766.3782435988712,-1793.323463977111,-1843.2488673974785,-1721.3143405606043,-1640.4374049644111,-1700.4046514296738,-1689.6652086935887,-1659.3274388446807
SAIH_AFF_r30c32,-1775.4106760377465,-1728.5495307938554,-1791.503909398994,-1809.4103238396376,-1861.1070343093131,-1732.072722387017,-1651.7773768806717,-1746.8300865885572,-1714.878157716921,-1678.5515161476324
SAIH_AFF_r30c34,-1837.5740264822914,-1807.3825869154002,-1865.1773843845801,-1867.2000417454817,-1911.2130245906985,-1778.5834218250611,-1698.2401330637283,-1803.5749292283595,-1829.1183223534017,-1775.2387032809338
SAIH_AFF_r30c35,-1777.7183373713312,-1748.2140485759219,-1798.19991080766,-1791.118722306692,-1841.278853852352,-1702.3460401991447,-1635.9479946067322,-1725.5874958598592,-1718.9091307398005,-1690.0453420474084
SAIH_AFF_r30c36,-1955.3701201122853,-1930.7766104542557,-2004.3922067893186,-1998.563943356256,-2108.8347803854863,-1917.9771202270756,-1847.022175378547,-2053.9968928381345,-2033.2285264069621,-1998.9148961148737
SAIH_AFF_r30c38,-1879.4912530167621,-1865.8071463048732,-1942.87705955254,-1930.6969851934002,-2015.9267523318765,-1830.7880399191197,-1782.4695558019691,-1969.6125158176242,-1887.4185428217338,-1850.8771717435257
SAIH_AFF_r30c39,-1833.9953135146557,-1824.8568157457569,-1895.5961694436992,-1879.7611587641454,-1936.0191658212564,-1753.8663843126621,-1739.3360734189953,-1881.104667447313,-1796.1481836935347,-1768.501628664496
SAIH_AFF_r30c40,-1757.0312561933474,-1733.9653668026162,-1775.6696638120768,-1759.0681659347651,-1803.4974861529802,-1664.8180564103097,-1607.9919108366623,-1702.1760709927082,-1646.9354301181822,-1653.1078163952889
SAIH_AFF_r30c41,-1707.5182646853173,-1684.2164186502748,-1702.8327167708458,-1703.0907416490118,-1726.5613344881906,-1630.7395645277413,-1582.5163732559704,-1629.1615541548829,-1593.0380764293977,-1576.5424462834062
SAIH_AFF_r30c42,-1488.0694428501356,-1470.400568211464,-1483.4492809959606,-1503.237980944828,-1524.9975346196784,-1453.3783876151813,-1425.026357394054,-1473.5556054139226,-1476.5184812213674,-1462.7681107621024
SAIH_AFF_r30c43,-1677.9375083121454,-1668.802182671621,-1704.3951965577935,-1692.1693252493642,-1749.2692874372513,-1619.2259260707997,-1591.5903905078555,-1747.6662598604855,-1709.0191668296497,-1682.4275324336659
SAIH_AFF_r30c44,-1776.062178733216,-1829.4918618934253,-1891.8398927611158,-1819.2161625065544,-1862.7392259084172,-1753.9404631196826,-1717.9136325346958,-1913.8979274624928,-1808.4251818392859,-1771.439817652169
SAIH_AFF_r30c45,-1684.6540838823307,-1703.483957993608,-1760.970402452548,-1727.5858326267046,-1766.2240480073056,-1690.380113495532,-1630.2076159415576,-1733.8287756832576,-1707.9851333898646,-1665.4865696953889
SAIH_AFF_r30c46,-1502.3989726250759,-1510.7407587129906,-1594.9687848121741,-1645.2849543577343,-1690.760095693531,-1624.2362362284023,-1566.3089690509173,-1636.6175050286058,-1608.3760980102115,-1550.198365800781
SAIH_AFF_r30c47,-1461.7998471877052,-1451.1378752832632,-1464.1400005736975,-1479.9839155933723,-1504.7906471574565,-1475.6370786253146,-1431.070695243782,-1481.9306816314922,-1476.8155143594,-1456.8174206014955
SAIH_AFF_r30c48,-1452.9701102122358,-1450.318371487734,-1468.8375243191929,-1480.7594368900634,-1572.0428721944907,-1487.9716045712262,-1463.4559464012805,-1499.4472253952356,-1483.1177674850426,-1446.4254072323859
SAIH_AFF_r30c49,-1369.371879459545,-1347.575243864578,-1406.5488968372606,-1420.04833201585,-1457.1711082761326,-1435.9837858426788,-1443.954704714497,-1556.362242275773,-1550.8281638477768,-1527.8182944741409
SAIH_AFF_r30c50,-1463.2674528068185,-1438.4331941681,-1485.4329751197606,-1501.207543086027,-1529.121094615845,-1503.3940888241023,-1474.0825577544429,-1546.2906275995695,-1522.7322785981955,-1495.6376288538825
SAIH_AFF_r30c51,-1618.9461763025465,-1592.17867923101,-1626.2202412165723,-1631.2744249387572,-1644.2088430422625,-1542.0534114952256,-1440.5834435582988,-1420.1078378427742,-1391.6817172657968,-1358.5153206176797
SAIH_AFF_r30c52,-1423.4923710909993,-1382.9273571372682,-1451.6533293341329,-1467.900195613051,-1501.1759213374712,-1491.088675308416,-1489.6594846248147,-1612.8911765472992,-1593.6645392660591,-1584.0649044104218
SAIH_AFF_r30c53,-1494.3505225099268,-1468.0452833240302,-1502.3419453125412,-1509.721319344085,-1531.8596136087367,-1469.939954401032,-1403.4367744729254,-1397.449546358083,-1382.2626375403693,-1364.8988135920413
SAIH_AFF_r30c54,-1630.066781764173,-1604.3059333460249,-1607.9953265544027,-1580.8477922403074,-1595.3901622926999,-1496.450739744889,-1418.9164439043082,-1446.1336443747816,-1440.3147169201147,-1387.9872106153975
SAIH_AFF_r30c55,-1659.3158765274918,-1638.3139694449367,-1688.69443111023,-1649.4793560270048,-1664.5984378098021,-1591.4320546401327,-1532.2998267711607,-1620.694905924217,-1611.6229872582876,-1548.469645820071
SAIH_AFF_r30c56,-1627.471038604763,-1601.4119840615845,-1704.0851578716795,-1683.452210829361,-1695.2108397917998,-1661.577196486873,-1590.050057891497,-1741.0652609289762,-1707.1466349914988,-1648.132722777957
SAIH_AFF_r30c57,-1588.850128356308,-1560.7297708370304,-1654.5951949868004,-1641.790961837478,-1669.5963689774287,-1661.2824360566435,-1602.3026939171637,-1738.4415952706456,-1698.3670390391012,-1683.5154131925249
SAIH_AFF_r30c58,-1543.5095320804708,-1527.4209215474575,-1626.3907266287997,-1591.0013170179582,-1668.4064421737842,-1600.8021917265182,-1564.0130449976784,-1718.3171196686842,-1730.1750069110842,-1649.7883460862383
SAIH_AFF_r30c59,-1581.9063570543333,-1576.4520566173103,-1622.627841628073,-1612.3093679472945,-1626.3348535646721,-1586.2815445828705,-1510.1133181136252,-1501.369361424564,-1491.5631752658,-1480.864598525862
SAIH_AFF_r30c60,-1489.393506747506,-1456.5235856313968,-1559.3827133450677,-1542.608449051437,-1578.4645752656631,-1562.6157402699005,-1544.077251450551,-1704.8920894452049,-1708.9661047004367,-1674.5707568941914
SAIH_AFF_r30c61,-1615.250986152127,-1618.2410202761228,-1688.2912357686243,-1651.2531619480935,-1725.0312542394104,-1638.4722625147404,-1535.4178258737093,-1611.911139344861,-1625.546036085863,-1563.4399829901797
SAIH_AFF_r30c62,-1559.3250791514756,-1522.4627583832757,-1620.221102539628,-1587.5510220580943,-1643.7469760746085,-1598.8983835886522,-1510.1216142206645,-1654.4973868277348,-1699.721564147903,-1623.1454613735586
SAIH_AFF_r31c02,-1894.181008544636,-1844.0915373274647,-1969.4685147311839,-1972.6690033701957,-1981.1369001013418,-1877.7658591640763,-1827.2672247870396,-1972.5935733233484,-1891.3424453423495,-1812.9518090903628
SAIH_AFF_r31c03,-1810.0953268483715,-1756.1202318251778,-1860.7235505690926,-1860.6997973885639,-1832.7449137723422,-1781.626461995958,-1755.1980356638012,-1830.2581227814837,-1780.7912709548393,-1683.064453472666
SAIH_AFF_r31c04,-1883.8064617495634,-1840.5414242244901,-1960.5156332650745,-1925.4364509084048,-1939.1093726268596,-1868.9573345413985,-1837.304361602397,-1938.2138929186806,-1832.1715966879474,-1804.1798270651884
SAIH_AFF_r31c06,-1961.3962016100734,-1972.5331599650126,-2083.5157681368933,-2080.3588802815802,-2084.278745881848,-2009.0626666247651,-1947.26534257266,-2082.5301011402507,-1979.8547005861005,-1953.3742320202389
SAIH_AFF_r31c10,-1831.488457358352,-1771.7433565975725,-1966.7592347680345,-1905.9265592059608,-1896.0411737746997,-1820.5017271405936,-1792.3545758095563,-1886.1245636318406,-1799.3245426809308,-1766.6734696015399
SAIH_AFF_r31c12,-1787.2269631321067,-1735.7858210889888,-2013.6745863196777,-1891.9597828620197,-1878.930082199241,-1802.0963949124973,-1761.670406963498,-1866.343458757662,-1803.6605242002001,-1750.4932216394275
SAIH_AFF_r31c20,-1829.542779481351,-1762.3389861133296,-1846.613401697405,-1856.0209386792078,-1862.5868250771846,-1791.692647108886,-1718.920793868183,-1737.3638998944687,-1709.7232904835846,-1680.1161578204499
SAIH_AFF_r31c21,-1904.9334628231577,-1832.4282587981531,-1935.2994801210436,-1939.192156267342,-2008.7333643969298,-1930.9576662513223,-1859.2563113200633,-2025.550171198811,-1977.5406505554804,-1923.811843607007
SAIH_AFF_r31c25,-1965.4987448005425,-1923.9201567494129,-2003.4568533366842,-2015.5930797804251,-2088.5447801241326,-1967.004756407538,-1849.5088413684423,-1970.6149927619888,-1926.5677218718836,-1904.223527594755
SAIH_AFF_r31c28,-1751.558878906036,-1722.0401752396722,-1790.4628479850849,-1770.50923203021,-1823.6312922747388,-1680.7119700846094,-1624.0944335479758,-1694.7690670032512,-1740.247218345175,-1653.5932067131573
SAIH_AFF_r31c29,-1752.508371464771,-1711.3886919782624,-1785.2194276619582,-1754.621627069307,-1825.9531088028652,-1702.279038354816,-1649.307495576056,-1743.9875187166897,-1772.2038103515074,-1668.8701663822083
SAIH_AFF_r31c30,-1613.996169274597,-1569.0606239133622,-1597.209419971093,-1616.8406412995664,-1634.196283437022,-1537.7478319612899,-1501.8117629192063,-1536.7584600640987,-1548.7205246234737,-1491.2305216908605
SAIH_AFF_r31c31,-1644.3229994319065,-1605.2695226700953,-1622.9973192243558,-1666.198770089456,-1691.3505951897878,-1572.3643132214077,-1519.0643752667036,-1572.4205440613237,-1590.451105950851,-1543.6950827139708
SAIH_AFF_r31c32,-1775.9831176449027,-1735.7933921304714,-1765.66585925348,-1789.2830746992497,-1855.7077548326954,-1705.56792745327,-1622.27844232975,-1716.2441800784543,-1681.6867533610211,-1645.5006939389027
SAIH_AFF_r31c34,-1934.608016341709,-1902.4137830795225,-1965.5493380822063,-1944.9207872304207,-2028.2391467742154,-1887.686058479226,-1796.1372598829369,-1933.904340766542,-1871.313216095536,-1867.6133745367883
SAIH_AFF_r31c35,-1729.6551443410158,-1714.815736154886,-1761.200328785484,-1756.2675413337804,-1777.2486728165613,-1687.200983215188,-1651.4747651906232,-1696.6822455839092,-1697.6719474780898,-1652.3753180528363
SAIH_AFF_r31c36,-1769.2348609630849,-1738.3569631059215,-1795.1665248234376,-1779.130623211138,-1817.9276363855379,-1705.6651984801388,-1648.9338111486156,-1730.209384173438,-1707.71821555108,-1691.1020066670678
SAIH_AFF_r31c37,-1835.3765070174795,-1794.6049480952547,-1861.1659773953913,-1863.3636996592036,-1904.5131371614943,-1785.3568496987273,-1740.520107526319,-1887.7956947592704,-1836.0342759772386,-1835.1995937661966
SAIH_AFF_r31c38,-1788.619752465655,-1749.5200971072118,-1795.9229479947423,-1792.1117623335074,-1832.3368766466072,-1680.149177940846,-1634.4539421651668,-1716.1207319181042,-1668.8881381499373,-1637.4482068687385
SAIH_AFF_r31c39,-1876.264784875867,-1861.477346261374,-1958.2445970283654,-1916.9257824361532,-2000.5474068877425,-1803.2796456655806,-1769.4088615017326,-1975.606245353548,-1912.3005481503194,-1859.1798608420672
SAIH_AFF_r31c40,-1709.3840846390228,-1677.325120535224,-1678.1250006543723,-1679.8837391308903,-1687.8730676410698,-1571.1991566460588,-1532.5171105050183,-1542.8017332991321,-1500.2998172994876,-1477.6838234139348
SAIH_AFF_r31c41,-1658.948142988448,-1630.9666777522596,-1658.6494080554726,-1653.2323811070053,-1664.351118292015,-1569.670262938066,-1538.7977149710498,-1614.8002733864566,-1584.6656960225407,-1565.1082757013373
SAIH_AFF_r31c42,-1625.3401828337396,-1607.0258433998374,-1644.452135111567,-1630.6543284879685,-1685.630226486539,-1586.1754832053248,-1552.117634735792,-1657.6926890071938,-1644.3661257420586,-1614.1455887628738
SAIH_AFF_r31c43,-1823.4837742052007,-1828.033493348969,-1868.2413531354869,-1832.8411316961835,-1886.067826910896,-1761.6965705700368,-1706.6200091088513,-1860.0419661506735,-1800.8410871989247,-1771.9284955214823
SAIH_AFF_r31c44,-1807.836698419678,-1828.2236113619758,-1886.6313247524279,-1827.4716382512543,-1868.214148283687,-1771.974034779103,-1704.6684545732978,-1862.7877286256153,-1790.7151338574013,-1748.1764242390918
SAIH_AFF_r31c45,-1619.5731985491493,-1597.8260603124304,-1621.4925139781847,-1612.3741046759799,-1638.079157773442,-1554.6878654951613,-1491.1659521533602,-1571.5882753473268,-1551.61640456206,-1506.925215728895
SAIH_AFF_r31c46,-1516.744334578059,-1533.7243857986057,-1634.0195428906611,-1593.7151289155174,-1664.0962453977447,-1585.2520281346394,-1547.5515347833602,-1655.6124285766655,-1630.3666930276158,-1569.8432300368177
SAIH_AFF_r31c47,-1551.2471613365926,-1525.4822429759772,-1553.272231616088,-1569.6913696256474,-1593.5598776063614,-1540.8102401281521,-1426.2307470828123,-1401.2658004533487,-1378.9313197887168,-1366.647945535355
SAIH_AFF_r31c48,-1419.6559453629714,-1484.1988890401349,-1605.7343696009539,-1632.9511743086596,-1693.6906615498983,-1599.9807623844276,-1525.0661340481445,-1566.9792048417323,-1530.3379003800922,-1462.5305671026038
SAIH_AFF_r31c49,-1481.6110108752296,-1473.936531919964,-1531.95570825161,-1541.0989638024812,-1618.7882328603189,-1529.8469533383795,-1515.663627293605,-1589.101904539944,-1556.962089887582,-1501.123893295486
SAIH_AFF_r31c50,-1420.7505038660267,-1396.834894227397,-1448.9638708427783,-1466.550182438764,-1502.9657423451624,-1490.797126524031,-1479.8828203933558,-1595.6471262622827,-1575.4270637567204,-1558.1946545703915
SAIH_AFF_r31c51,-1538.7970550727061,-1509.1974902913757,-1564.868190543028,-1569.9863490076636,-1610.1867564687052,-1558.1898255197348,-1494.7493878919124,-1530.0773180893314,-1523.0042919578814,-1490.5298407602443
SAIH_AFF_r31c52,-1511.9667704245514,-1460.168556386607,-1546.756981404736,-1534.970097832603,-1584.7153953489583,-1549.762837747624,-1528.1182342484788,-1644.8701604014873,-1631.6880901829672,-1599.659879208018
SAIH_AFF_r31c53,-1635.10000235657,-1602.5713399195106,-1628.2837153158725,-1632.6226241192321,-1648.8274074326218,-1564.2989937446164,-1461.7052428445375,-1428.4675330116177,-1404.7491326513248,-1372.3225908654113
SAIH_AFF_r31c54,-1711.2327597038839,-1658.9661502780018,-1677.3245683381674,-1642.5611891773037,-1657.9897280713694,-1569.9372689863144,-1472.184669591531,-1514.065508413348,-1484.3164952933414,-1423.6586049652894
SAIH_AFF_r31c55,-1539.9067924656758,-1512.6697749810796,-1547.0814236970346,-1536.8125531909322,-1550.05864161161,-1492.1958080962813,-1463.5657603586474,-1546.538322348178,-1547.4415587136234,-1506.5019521890433
SAIH_AFF_r31c56,-1393.7696999044622,-1384.5095577746083,-1413.7101755028862,-1432.9542645499878,-1441.1804892093865,-1420.5003101728853,-1419.8941328901046,-1492.739070004843,-1493.7867397819634,-1474.4731013362302
SAIH_AFF_r31c57,-1519.9576225915082,-1485.0355637140658,-1582.0076987938553,-1580.3360706822593,-1590.4110160836706,-1594.7064717003864,-1576.9924138075514,-1706.836403249206,-1664.7152153305499,-1660.744250781663
SAIH_AFF_r31c58,-1552.3942661336982,-1532.948949114031,-1614.8325100586112,-1601.630220072197,-1633.582797354003,-1585.3603351735944,-1547.2402993631076,-1652.1278785165862,-1640.4685493349668,-1609.1991879814977
SAIH_AFF_r31c59,-1554.6361743639432,-1535.8071887807876,-1625.8245858921814,-1599.5598790084982,-1648.4666841257579,-1571.6127145831422,-1532.6449187497544,-1660.1320064424046,-1662.5620526653486,-1606.7160628003512
SAIH_AFF_r31c60,-1622.5176288595032,-1613.4391064903523,-1717.8901278386786,-1674.8267555569516,-1747.3353409554923,-1655.3918344483884,-1579.2660321847745,-1715.2942619174755,-1708.5935703740931,-1623.4134235847184
SAIH_AFF_r32c05,-1940.7514914492067,-1929.8543654502162,-2039.8204894623539,-2033.2810913821922,-2038.742693273239,-1951.1053896353842,-1922.624667876063,-2040.997675459613,-1931.6473818816796,-1910.585627115456
SAIH_AFF_r32c06,-1814.3460891835841,-1791.5825293821886,-1896.9340524375173,-1902.3296042570132,-1923.3085758280447,-1867.6669494898704,-1838.008317097187,-1945.6000225211078,-1830.0759196991603,-1866.4248763957855
SAIH_AFF_r32c15,-1864.9161963498605,-1845.7339717077025,-1926.5516920934501,-1985.3964875449026,-1993.2448352407878,-1903.5362789650662,-1843.5407919123036,-1938.771088342783,-1882.5184732416878,-1822.0345172403036
SAIH_AFF_r32c16,-1805.5398737823414,-1795.5506729862798,-1875.1346103488013,-1920.1515161830962,-1938.6751728291622,-1859.203574421285,-1808.132146223945,-1935.5929742327444,-1843.1276526657603,-1816.9443961453876
SAIH_AFF_r32c20,-1932.1944913623117,-1848.2445341775933,-1975.8315775139902,-1987.670175686681,-2007.9734754748306,-1900.4836791289251,-1830.1416046696147,-1934.3231414632621,-1925.9542099074827,-1847.9942389223643
SAIH_AFF_r32c24,-1812.6029320874547,-1768.7190789956167,-1858.5893663380914,-1853.9971768575701,-1896.0692586501357,-1759.503433339274,-1707.6646798168933,-1804.597838384268,-1787.8718246194833,-1720.431503441201
SAIH_AFF_r32c25,-1875.5719259393109,-1818.5147495752783,-1882.182829813808,-1877.8853619398458,-1920.3068419495837,-1811.0253814680807,-1759.296881503417,-1815.5573164123596,-1767.8771632230528,-1717.4646305996473
SAIH_AFF_r32c26,-1739.4438328471392,-1705.2389218546225,-1761.9513640482037,-1769.5934905912356,-1812.6426843127904,-1701.0047790131925,-1656.0050277837418,-1686.6258883727253,-1670.1315917649085,-1638.5421941038753
SAIH_AFF_r32c27,-1851.452517198418,-1817.4684879009092,-1895.8990188789944,-1887.0399987435017,-1945.8471147503285,-1812.988050113614,-1775.0180256117662,-1842.4411170329786,-1804.7759442111835,-1763.4807937970597
SAIH_AFF_r32c28,-1733.142284033869,-1702.889398942598,-1778.76077899429,-1764.7467273493894,-1845.026484967678,-1681.669299276999,-1645.514956386487,-1728.7637328249727,-1792.8659751700202,-1678.1340222113463
SAIH_AFF_r32c29,-1700.1398490099828,-1671.4002151764907,-1742.1397390657926,-1735.184405201935,-1739.8549731422095,-1649.089340125445,-1628.47360815891,-1643.4239578861436,-1644.7365972796706,-1618.0880469723502
SAIH_AFF_r32c30,-1697.3558220523198,-1658.2571338797143,-1709.439590479437,-1728.8366499960762,-1762.2952266240775,-1635.3866617789577,-1601.4289047157743,-1652.289290670581,-1653.8732685711336,-1607.4633866617833
SAIH_AFF_r32c31,-1731.938326291048,-1682.8112927969746,-1745.2446606872704,-1761.714075156168,-1802.3890354941952,-1676.8825612993478,-1626.8632669944398,-1714.6946918408978,-1693.9937509490146,-1653.2736257061977
SAIH_AFF_r32c32,-1843.9202858512099,-1827.875276594302,-1878.4929519190796,-1880.7593308840335,-1968.0309628493003,-1793.7907336655562,-1750.968167760828,-1856.7771690884822,-1821.9315460213695,-1745.5496927021063
SAIH_AFF_r32c33,-1876.352904377506,-1868.5405503031056,-1921.1517521542012,-1939.115620190344,-1999.0905314571087,-1865.5920051093585,-1791.4812717906827,-1923.0072085937743,-1888.454358660258,-1841.7121588089324
SAIH_AFF_r32c34,-1969.2032269722786,-1963.2831287122567,-2033.5185625543495,-2040.4944715643123,-2129.422400247229,-1968.7326421261107,-1889.170991294881,-2086.6211934716866,-2024.3618022019532,-1971.7830396706584
SAIH_AFF_r32c35,-1682.27118329054,-1658.152479902418,-1685.2886435207433,-1694.5168934926016,-1716.5634523613257,-1622.480520194451,-1580.6689571766315,-1631.4614369743335,-1625.2973265167814,-1602.7899222797298
SAIH_AFF_r32c36,-1659.411496371868,-1622.8346011935778,-1661.7035406688542,-1665.8565689999657,-1679.395412659049,-1602.0634078512194,-1560.7187785595881,-1590.873802297598,-1567.6664161497022,-1585.2916148393335
SAIH_AFF_r32c37,-1692.2976481828105,-1657.6018584198243,-1697.44584538471,-1704.391828187784,-1696.5824706513679,-1605.8817704720686,-1570.914088654482,-1620.9377298485822,-1586.8118546244598,-1602.7454488345659
SAIH_AFF_r32c38,-1745.6596803930465,-1734.7729124983045,-1764.2454484030181,-1774.17231120563,-1789.173722776848,-1676.9698960832236,-1643.3692476508795,-1735.3755250835468,-1687.31329286306,-1665.5286006851034
SAIH_AFF_r32c39,-1759.6974859428553,-1739.723422300874,-1761.8364030449357,-1746.0675790289356,-1785.8439289865285,-1634.7797268148684,-1623.702765881704,-1736.039697705836,-1686.662065589567,-1637.4810110677197
SAIH_AFF_r32c40,-1706.071279561312,-1679.6611550995344,-1711.823669986524,-1697.004352890371,-1720.5915638210201,-1581.1602088759214,-1568.490745854549,-1678.7501681739097,-1639.8655969846513,-1594.6634925205185
SAIH_AFF_r32c41,-1745.8138746245565,-1733.6373570547632,-1782.908169384388,-1763.1357217114453,-1798.8343000494972,-1671.4761533163858,-1642.6708180906464,-1785.8344807359485,-1720.940957428706,-1700.315926332306
SAIH_AFF_r32c42,-1715.9085071894913,-1703.7354776538036,-1758.2377100480044,-1740.2461368451134,-1804.469598849896,-1689.4724217483688,-1644.036946451349,-1802.5698457880474,-1752.9522333107313,-1718.3408165456462
SAIH_AFF_r32c44,-1671.2955569342319,-1666.7159322637383,-1700.476740198588,-1676.2722905884987,-1706.0788432793897,-1610.625961032543,-1562.636047129539,-1627.437071183821,-1622.881092429283,-1564.3683009128085
SAIH_AFF_r32c45,-1666.7572307015494,-1660.7957123851693,-1704.6118336283998,-1656.2634924209956,-1703.8860765129275,-1612.6838106661419,-1563.2289914205855,-1632.0557531347945,-1611.880909481365,-1548.764731146757
SAIH_AFF_r32c46,-1394.4026505916831,-1360.1355672114325,-1392.8714428991536,-1389.784763156724,-1421.6069022224433,-1392.0349327139375,-1388.9164835797922,-1502.5931333911183,-1527.1920120876623,-1500.00927000055
SAIH_AFF_r32c47,-1478.0174141333807,-1441.2469414677855,-1512.663409641775,-1514.5153437020713,-1559.4643891049818,-1541.3722693078882,-1471.1925422593124,-1548.90248556457,-1512.2243918271656,-1512.5208325699048
SAIH_AFF_r32c48,-1635.1234938260973,-1619.5438560669759,-1645.951320773491,-1655.2515686721106,-1665.560070259762,-1602.9221462209239,-1437.6956265657318,-1395.075641800894,-1346.918753648459,-1334.5859360070826
SAIH_AFF_r32c49,-1549.047174875683,-1547.319128934189,-1615.4320867713982,-1606.9925185334578,-1630.650596919954,-1534.2534978540239,-1479.2060270715472,-1528.3410915032878,-1512.5734857035143,-1448.6799231166078
SAIH_AFF_r32c50,-1426.0089203917896,-1398.4764530972752,-1460.8441130125727,-1467.131520811634,-1502.6492359558836,-1480.1062987179591,-1483.3869638734645,-1550.10072609058,-1533.3630479052301,-1513.2249467341676
SAIH_AFF_r32c51,-1518.0091652307872,-1500.441950046881,-1525.1425743300297,-1539.611687502297,-1548.0032942458129,-1526.6997941751106,-1487.9036210517565,-1515.7041044522134,-1492.675192077056,-1474.4250022258484
SAIH_AFF_r32c52,-1435.3763688579782,-1406.0838344516358,-1465.718602331546,-1477.413185018028,-1522.0479555158836,-1521.3149230716915,-1515.6309823314934,-1664.0265459619557,-1635.4781048172842,-1628.5363095877042
SAIH_AFF_r32c53,-1639.0338927132245,-1598.7429610563725,-1646.8022811597477,-1627.2222402601662,-1659.5476878120821,-1593.4174611362337,-1504.5340249429844,-1504.1884103888087,-1475.0167683046582,-1437.3725501491192
SAIH_AFF_r32c54,-1551.1796304828172,-1537.6596782300078,-1537.9676319068562,-1555.4137592536413,-1556.5836073212392,-1502.9833277488722,-1402.139592473539,-1366.0371663717415,-1351.9039951624598,-1333.2872763159319
SAIH_AFF_r32c55,-1611.176970595248,-1594.7364072725036,-1594.0496966300707,-1573.2497610487192,-1584.2369584971123,-1508.856076694856,-1457.2429342432276,-1523.0963922938581,-1529.9141451305024,-1462.4135336770782
SAIH_AFF_r32c56,-1429.6300252588046,-1425.67078747268,-1423.0783337041448,-1409.7499142771137,-1427.7661217919358,-1405.7307699354785,-1369.4600269601751,-1426.2105929929721,-1457.9265636247042,-1438.421701632007
SAIH_AFF_r32c57,-1435.1270222427102,-1411.7075558162599,-1474.5330393476502,-1479.5901099304012,-1494.4737612535987,-1505.2214476874863,-1486.7574670444535,-1612.225757964591,-1608.024049565574,-1587.8067445624044
SAIH_AFF_r32c58,-1464.8553624250721,-1445.9829611790306,-1511.0372686578924,-1523.6342477945648,-1528.0378000575952,-1551.5537970210257,-1534.954645166361,-1650.9592680819921,-1639.3400696316905,-1619.82491557813
SAIH_AFF_r32c59,-1543.8188134421378,-1518.5768324237108,-1594.3697478551444,-1585.6259886236257,-1619.5517017420714,-1586.9876467876927,-1544.8345790427486,-1642.2337001497992,-1644.1593635097042,-1601.4167513434793
SAIH_AFF_r32c60,-1626.8710855294196,-1602.1031451874694,-1657.9950607783435,-1653.1284354681704,-1665.43096868424,-1628.8599428338136,-1561.9704850750218,-1598.403668163881,-1593.7868360712419,-1544.0425396027717
SAIH_AFF_r32c61,-1519.2204395120998,-1500.4927306626785,-1588.470087305375,-1573.1850695772007,-1611.2381938734409,-1590.7988179470992,-1543.9608251850111,-1680.9568946103268,-1678.3682327863926,-1628.7795945301964
SAIH_AFF_r32c62,-1676.2098840085805,-1651.237713050152,-1735.4214093311507,-1680.47155971949,-1775.1968058511454,-1689.896979406357,-1614.823507700044,-1770.6477823937053,-1798.966741795399,-1649.8935606566347
SAIH_AFF_r32c63,-1690.043274480179,-1661.710668192326,-1723.2311873708793,-1701.0653948171164,-1717.1340705033363,-1662.0944434698129,-1555.098161613569,-1585.3835448573088,-1579.2559523030234,-1535.8680608832938
SAIH_AFF_r32c64,-1660.375980335701,-1629.9963587531327,-1724.0758981393296,-1689.2058417013145,-1708.4331879626875,-1666.5272164225264,-1565.0198920452804,-1655.9757389820254,-1653.081070751709,-1605.2341811252043
SAIH_AFF_r33c09,-1802.5288601455131,-1779.8476151980592,-1894.9453073252143,-1896.2390799801808,-1895.9243956502464,-1821.5320155422846,-1795.5019401778495,-1859.8079510783114,-1756.1553654783938,-1748.275372258586
SAIH_AFF_r33c15,-1845.5725075174141,-1813.153634308097,-1896.1337043576225,-1973.6218290593374,-1959.3602386795424,-1875.2579548981198,-1818.3624215333166,-1913.956233390621,-1833.7263400296777,-1808.3535962320339
SAIH_AFF_r33c16,-1751.0551527847704,-1703.3812327655694,-1800.5466754670415,-1839.0086116712798,-1838.9480430035712,-1782.3953672808664,-1732.2694114792714,-1826.52772770318,-1747.343600727335,-1754.852753726028
SAIH_AFF_r33c23,-1879.6847312478492,-1835.7654142632139,-1935.59529409924,-1920.7809354431574,-1982.96512949963,-1850.8134850681665,-1809.082417152573,-1881.1988599025756,-1875.066507421586,-1821.348981422566
SAIH_AFF_r33c24,-1818.795658469767,-1783.944559389472,-1864.0133168090802,-1868.7636970843391,-1907.9777131302592,-1800.2070549866287,-1755.209210097189,-1798.620776205075,-1781.274800078273,-1757.5254869219227
SAIH_AFF_r33c25,-1634.6846581351494,-1602.0571039612353,-1654.4004605662933,-1655.1123380128884,-1653.0995042262043,-1565.5917598796161,-1547.756147621146,-1556.5481938551168,-1569.4550400191952,-1537.162809923822
SAIH_AFF_r33c26,-1703.6717391758064,-1682.7217563943361,-1754.149647281038,-1752.4345695889472,-1811.179787533785,-1681.854868669582,-1638.9884140169263,-1658.08718837071,-1630.2937689795153,-1603.2795376042243
SAIH_AFF_r33c27,-1665.0542688222238,-1628.7286897922245,-1695.4644393038861,-1686.789186397978,-1721.505141572541,-1615.1820557423137,-1586.3648834376943,-1634.9873175413293,-1636.8121702573783,-1595.0498483477331
SAIH_AFF_r33c28,-1777.5683366900785,-1732.5704133490572,-1802.9261064209468,-1792.4350574472755,-1842.272767591599,-1733.1860253373272,-1684.1136735992993,-1733.7997589405918,-1714.125643085979,-1680.8687817629693
SAIH_AFF_r33c29,-1815.537600112663,-1795.8162856017716,-1876.7006543345422,-1845.6358389643308,-1914.0835847831356,-1783.4284704636675,-1751.8959089095379,-1823.2386821509324,-1844.8616430603763,-1793.303734844553
SAIH_AFF_r33c30,-1900.933758888929,-1882.235599021239,-1958.779056299597,-1954.5708244857076,-2054.758322855309,-1890.439297024589,-1831.8839234939035,-1970.6084071142739,-1920.6866088244956,-1873.4582826823043
SAIH_AFF_r33c31,-1869.602371867266,-1855.1895459441703,-1921.6766420368745,-1933.1406532415613,-2041.7106681863593,-1859.3259635221737,-1769.4777640704112,-1938.4381538349191,-1978.5673389652368,-1828.5654767338456
SAIH_AFF_r33c32,-1907.3270216118633,-1901.8869577467733,-1964.4976989783677,-1984.0992126436176,-2101.121630646895,-1872.9193833679446,-1803.1392248531208,-1998.9788368622626,-1997.0881953937817,-1890.2308743882206
SAIH_AFF_r33c33,-1822.7509205269691,-1796.4480019610094,-1844.314436887836,-1854.8475784664488,-1899.724814590743,-1769.0473510728177,-1708.3113832417148,-1793.5846650116305,-1797.9038297051186,-1738.8110937842257
SAIH_AFF_r33c34,-1631.077315041902,-1614.0335215353948,-1644.4118259426632,-1667.6981157181772,-1688.088852419666,-1577.527097965957,-1546.8139617403651,-1613.256979304731,-1618.5449597678962,-1564.8561819680858
SAIH_AFF_r33c35,-1585.8199914980855,-1565.81914652243,-1591.3683389708517,-1617.1729644301765,-1624.8573686310615,-1518.7027824213778,-1495.7131020777535,-1571.137963139242,-1563.2967220682092,-1531.1712379675735
SAIH_AFF_r33c36,-1556.0432419881658,-1528.9866530309826,-1540.6038277312239,-1568.3738586202214,-1567.4274369436587,-1477.7334206434505,-1459.6376986653027,-1503.2390818871506,-1487.2550325064956,-1469.8262806933321
SAIH_AFF_r33c37,-1718.6103938436984,-1695.5034330611747,-1734.94964495915,-1744.1028927419381,-1755.2093450193884,-1630.7136490584833,-1610.4993676283061,-1698.7645517201813,-1650.6092308013258,-1640.9017281349334
SAIH_AFF_r33c38,-1805.9090318490296,-1796.7938096989913,-1851.4794417614426,-1848.9280520354735,-1903.7184229682452,-1734.1260315646396,-1701.5663267036643,-1881.4608468548863,-1805.0313454759882,-1774.3628159268635
SAIH_AFF_r33c40,-1767.774223747448,-1757.9667880994168,-1812.2344182310808,-1800.700706952438,-1857.2882571836121,-1700.6750078883483,-1681.6112987219574,-1885.3724551928801,-1806.6466489515674,-1754.1275356801066
SAIH_AFF_r33c41,-1812.2321240360227,-1802.037638139564,-1851.7419307710773,-1842.9176719504935,-1880.6338818913255,-1728.5949862773539,-1692.6701790727034,-1880.685307898609,-1795.5615092823525,-1767.780075031045
SAIH_AFF_r33c42,-1621.437201936824,-1599.1035772798898,-1647.2475320108113,-1634.7210493910902,-1687.4402804011393,-1565.7778235779065,-1544.1450634998491,-1685.7904087574489,-1658.4773002389725,-1644.5730091727803
SAIH_AFF_r33c43,-1699.5816932958173,-1699.9963648406554,-1751.5650038985393,-1717.1751969479274,-1773.3201913022165,-1667.7002401708578,-1617.7373349640266,-1712.2213587777105,-1663.8813488162261,-1621.7551222107197
SAIH_AFF_r33c44,-1551.64860656892,-1523.301234606537,-1521.397481235753,-1502.1158975803376,-1521.33507284022,-1443.6627025730088,-1413.4284767970116,-1475.8227789339708,-1465.438520036928,-1423.533131477511
SAIH_AFF_r33c45,-1661.7937308884468,-1621.7880952629432,-1669.533761571296,-1637.2763648128248,-1679.4505473862175,-1569.054816894352,-1512.683990127219,-1593.7222941170328,-1591.5319456475227,-1510.8682672538848
SAIH_AFF_r33c46,-1507.6851513665247,-1491.1894742609074,-1525.6020328299953,-1528.0765728865558,-1569.806675049829,-1506.1804606217452,-1479.2124322998734,-1546.8512006010828,-1570.1064339904199,-1526.4222766026276
SAIH_AFF_r33c47,-1385.7010738612064,-1348.2637635732092,-1437.7886725636026,-1434.796798235092,-1482.4643289280168,-1477.1268840814032,-1505.2962088892139,-1670.036187401559,-1651.8193811346737,-1636.070765836715
SAIH_AFF_r33c48,-1628.6876998346545,-1614.8345747205567,-1648.5363236160872,-1650.5811543857994,-1678.135895389654,-1622.5954668502663,-1489.0788593842085,-1481.4754799943662,-1419.6526932365255,-1391.882493310591
SAIH_AFF_r33c49,-1656.0977441058994,-1661.8576858758122,-1699.3136571990597,-1733.2199855468327,-1775.9588554344164,-1694.8884497282857,-1576.3251597283638,-1628.631055524684,-1575.6227149517226,-1491.3956306563666
SAIH_AFF_r33c50,-1460.3441910315123,-1468.1006790516228,-1473.155115313605,-1480.5522614192287,-1498.295105821486,-1447.3169037958046,-1399.627418665054,-1412.1131987399472,-1410.8391659451966,-1361.9266212227103
SAIH_AFF_r33c51,-1650.3399390045051,-1634.4100681699001,-1680.2657608653112,-1645.2895772840045,-1670.8425570104375,-1575.460406410527,-1535.765785649623,-1631.8988487035192,-1610.2869971067573,-1541.6308702945676
SAIH_AFF_r33c52,-1473.6700755589977,-1427.003481921394,-1512.442352683426,-1487.3200185702467,-1524.9092770383577,-1509.6504829046783,-1508.8893922677864,-1686.400627006668,-1658.6848169969921,-1620.3368752428864
SAIH_AFF_r33c53,-1607.5652524377713,-1551.4958340072315,-1656.2915803642702,-1637.163165006704,-1675.612218332455,-1603.5223664508453,-1576.2089491889747,-1748.286535260942,-1718.242097135195,-1631.6099227321822
SAIH_AFF_r33c54,-1693.4447049496277,-1648.4392491191657,-1680.3723812926564,-1656.2519227108075,-1661.792636715236,-1604.9144070957093,-1509.2680215833905,-1520.0403397636678,-1486.895056110035,-1439.0995741218383
SAIH_AFF_r33c55,-1612.2183669050291,-1601.4293950833396,-1623.2791455457602,-1619.2482722816312,-1635.728832351966,-1570.0016018408123,-1473.5412187034483,-1490.0856176087698,-1463.4388495965395,-1426.2761818793708
SAIH_AFF_r33c56,-1463.6176798086979,-1443.192514805321,-1494.1203279466565,-1500.3265124114357,-1517.1965828459074,-1508.009416470871,-1484.6669474310065,-1584.3497237122438,-1574.6029279461352,-1555.2839700946865
SAIH_AFF_r33c57,-1505.5988969705825,-1488.9275099919648,-1534.2602711135692,-1527.569967232617,-1551.2809724816593,-1515.013466976948,-1463.70855552193,-1516.021163137738,-1533.3139850981454,-1487.276853078986
SAIH_AFF_r33c58,-1625.5853568848563,-1603.2300341902182,-1675.645123264735,-1650.942604246263,-1668.6798741925127,-1617.016417042428,-1575.291537464499,-1670.89589586979,-1662.1370738284438,-1599.3965726326987
SAIH_AFF_r33c59,-1512.5426715995782,-1500.2442000020867,-1538.6113636126445,-1541.6470532984063,-1539.3526936202627,-1523.1995350608959,-1473.7700064705327,-1532.1003193521115,-1528.583349857544,-1502.595654306557
SAIH_AFF_r33c60,-1499.9790886522233,-1470.4091390334731,-1544.4774562162956,-1529.676157047638,-1545.8637176772472,-1551.9504766921532,-1528.7553171515297,-1652.5202203006188,-1638.0348026995168,-1625.9852220217174
SAIH_AFF_r33c61,-1510.0217031734276,-1476.2153385788981,-1586.2262384296705,-1551.2641896334026,-1599.6903769292585,-1577.023406764273,-1572.2343102674613,-1758.602502426248,-1747.3719776263483,-1701.5513190436934
SAIH_AFF_r33c62,-1685.5557462256445,-1693.4007818632756,-1707.1320065824648,-1700.6300936514685,-1708.9030416515618,-1641.6749842871038,-1541.8649942755503,-1525.9100961551,-1519.219620647658,-1445.8641232204006
SAIH_AFF_r33c63,-1549.6152401374227,-1558.932595612806,-1580.590215551086,-1579.0576611546317,-1575.6603303047134,-1549.3059453283347,-1470.3448113047584,-1509.2850580289714,-1495.6038247731144,-1461.9209741667382
SAIH_AFF_r33c64,-1585.4628953977522,-1578.3491340303513,-1673.1379083723004,-1638.1836439835915,-1690.8562472127537,-1637.911793930258,-1569.9516277517127,-1778.2529867542246,-1786.112238324862,-1705.3803355387893
SAIH_AFF_r34c12,-1765.2951728363369,-1711.3546771330268,-1976.8234508616918,-1840.406889364843,-1820.453210341378,-1768.596082446153,-1755.3877676593634,-1811.9131445687863,-1707.6483575180262,-1727.7998518021993
SAIH_AFF_r34c13,-1826.12096719312,-1760.4387259392665,-2034.1007920346347,-1923.368625901052,-1907.9366843430516,-1851.148887330064,-1816.1316227548987,-1908.5282656378427,-1817.0582378407253,-1804.175318148744
SAIH_AFF_r34c22,-1787.5055509007145,-1732.9513955802272,-1794.7341013824894,-1796.1701193967335,-1808.2847036028486,-1705.0707399455382,-1655.7118375576051,-1667.7257802681188,-1649.86275921659,-1626.4408645789708
SAIH_AFF_r34c23,-1800.2345422139874,-1753.3020788350361,-1821.5096404240899,-1833.5229409901879,-1865.498190212228,-1756.3100638856395,-1709.1041799161978,-1762.8836396755735,-1747.727199683844,-1712.8076861673594
SAIH_AFF_r34c24,-1895.7286515191586,-1856.5403742972444,-1933.702088826857,-1930.1100214983926,-1977.4855416102582,-1832.6160088402648,-1789.9218464003918,-1881.804993073903,-1907.047995621765,-1831.0381917258692
SAIH_AFF_r34c27,-1974.4869940532283,-1936.2016353623553,-2033.9352503297946,-2007.4350618757464,-2103.309915300375,-1952.1742100634467,-1879.390508197751,-2010.199439349205,-2000.0543742278635,-1955.8089285340368
SAIH_AFF_r34c28,-1720.8818757855047,-1685.3607745077513,-1753.625625785506,-1756.6336405529962,-1791.0410923753668,-1676.3416972140767,-1643.1380289065758,-1682.7619894218685,-1689.4189751780473,-1648.642239212401
SAIH_AFF_r34c29,-1744.8551042522786,-1721.7026519811336,-1830.0940835588685,-1806.15402011234,-1860.771660550603,-1733.4993351725154,-1698.1439953514425,-1801.7498416454218,-1824.6887822140327,-1742.645058028446
SAIH_AFF_r34c30,-1756.4696024400782,-1732.6855650534753,-1798.7189799845535,-1792.5069288266948,-1844.905619771963,-1711.1642287704049,-1666.59863596497,-1732.9391996439374,-1719.4211386158063,-1694.5366050974587
SAIH_AFF_r34c31,-1905.3576504956534,-1892.328029087408,-1948.3260030207794,-1970.9524973757984,-2073.690671455236,-1932.9066936110853,-1876.094123097946,-2024.3941511068774,-1959.7320670853203,-1955.8364409286414
SAIH_AFF_r34c32,-1720.813000104735,-1693.845664013407,-1754.4658410138247,-1767.8439830330963,-1807.1354707792223,-1675.4312238165076,-1633.4219810431507,-1713.023080749895,-1695.434863322163,-1671.1829938206959
SAIH_AFF_r34c33,-1860.2262823582976,-1812.9509564525538,-1898.0956138491292,-1905.6721156589163,-1987.6476684751453,-1807.234170572824,-1755.42157717181,-1917.3243589844235,-1882.2992522684501,-1816.3436843248546
SAIH_AFF_r34c34,-1632.0812177424218,-1593.8325735099656,-1629.0671324239902,-1651.9753434916624,-1668.204680965836,-1552.4779162422385,-1526.145878230995,-1571.014622126441,-1583.6952894442593,-1527.5157677532877
SAIH_AFF_r34c35,-1576.7265857705984,-1550.5659487925795,-1564.15381595272,-1587.9730326079562,-1592.965651452413,-1500.4138027608662,-1484.9691954540463,-1503.655818287468,-1495.2088395881212,-1467.2930659016788
SAIH_AFF_r34c36,-1594.5129345782643,-1573.9571875932777,-1595.6868051591675,-1616.990628976597,-1615.7324191850687,-1501.311574091045,-1490.676138059604,-1581.5840669037136,-1569.227515042338,-1533.0997324060932
SAIH_AFF_r34c38,-1833.3853836344258,-1827.5776054173093,-1878.4607855203253,-1875.25315341973,-1929.4399128538034,-1752.1856858180586,-1747.6892379159276,-1939.8848978886438,-1877.3059308119934,-1785.4877280452079
SAIH_AFF_r34c39,-1845.4343473208119,-1841.317613124778,-1914.5061404610851,-1911.294697635949,-1969.9764720355156,-1803.4474029985145,-1790.4054170069314,-2022.6127400171706,-1957.8448970831503,-1888.3395392298519
SAIH_AFF_r34c42,-1769.7531747320131,-1737.7390278643281,-1806.067932719246,-1764.3331517953927,-1819.6491194537114,-1685.6728075366182,-1651.1639287603227,-1811.4924172998685,-1765.4182529417,-1732.346890202712
SAIH_AFF_r34c43,-1544.7100335262196,-1523.7935638031977,-1521.911957685251,-1523.5583856117291,-1529.6046601707976,-1443.630596536409,-1407.9045039244784,-1397.6221717976703,-1412.6356136920972,-1373.3108045507722
SAIH_AFF_r34c44,-1422.390447423664,-1405.2502839912695,-1440.1750616405031,-1445.4277405811767,-1482.9608667884659,-1435.0260198820079,-1418.9450758269797,-1512.9953488250371,-1532.897721264536,-1499.8580959759631
SAIH_AFF_r34c45,-1498.331989138205,-1470.3856199052614,-1520.5380411585575,-1523.2713668107754,-1563.5861310485511,-1518.3577793547347,-1488.326047621169,-1569.0898664271563,-1536.0587369628352,-1513.2444427569276
SAIH_AFF_r34c46,-1475.919609239583,-1451.440608291746,-1505.7354276527672,-1506.7340739732206,-1544.4179308864123,-1491.892690130446,-1462.6104283073512,-1542.9555773168347,-1524.3190101643797,-1480.7781327077264
SAIH_AFF_r34c47,-1476.4204513631714,-1445.691559775653,-1512.5520418124659,-1512.9508724452799,-1562.5214388346103,-1508.6724437104635,-1485.0337619442694,-1605.2635054320083,-1582.5679858252165,-1537.6865897033913
SAIH_AFF_r34c48,-1544.8332548108126,-1524.0719135414695,-1621.1502711644348,-1602.6149622044932,-1677.7857565383085,-1618.4869390874621,-1594.2003475930221,-1768.6394010302145,-1706.8303233033896,-1627.7895648805402
SAIH_AFF_r34c49,-1723.2647975241005,-1724.8495687601132,-1733.9267572959914,-1726.3018391189821,-1733.4565461010357,-1649.589871753918,-1526.5820481669025,-1448.991809845989,-1378.79927576835,-1322.0372903367697
SAIH_AFF_r34c50,-1530.6124652238902,-1482.0338378432143,-1564.9927922174809,-1530.8690717035656,-1575.8839478966838,-1525.0522132393937,-1517.624917885194,-1665.5305205358995,-1626.8634420956491,-1576.4802963722932
SAIH_AFF_r34c51,-1559.0175978341142,-1523.4740470567301,-1601.8402527217606,-1580.8168605107865,-1613.0968705651953,-1572.6697257555213,-1521.5426448332403,-1644.0577055000788,-1598.381981137511,-1550.4686794685847
SAIH_AFF_r34c52,-1547.2459092777137,-1506.365477994781,-1566.38322823495,-1543.4254455883552,-1571.6460317834267,-1523.5159479926601,-1457.8783293152505,-1500.2062729207405,-1485.4427037115572,-1427.2596047881932
SAIH_AFF_r34c53,-1459.8693870711852,-1415.0124439394378,-1513.815231193367,-1506.1172421737758,-1566.3400994363192,-1534.6033124494386,-1556.4717910318811,-1771.7974201014272,-1737.6192489651874,-1670.2335941856725
SAIH_AFF_r34c54,-1696.1037125447572,-1669.7263516343155,-1701.4067335678542,-1703.7520468203602,-1712.002112255794,-1654.5822183135456,-1525.3724113742492,-1507.1068586804029,-1449.8312812781369,-1400.287701279394
SAIH_AFF_r34c55,-1580.244065542178,-1558.3426144605444,-1581.0960955378318,-1585.3278287189526,-1588.8723980289167,-1550.5543016636911,-1481.7367656222996,-1493.762797115642,-1459.2872890276017,-1435.9028623645663
SAIH_AFF_r34c56,-1488.7771711678238,-1458.9299138677839,-1523.5001007623914,-1530.8363854305435,-1557.4201242125487,-1543.727156380615,-1507.817745696661,-1611.5452711031785,-1599.6393020437752,-1579.7605440645716
SAIH_AFF_r34c57,-1466.328967694975,-1442.4047292379078,-1500.8328873434893,-1505.5521310634115,-1536.2541173328593,-1527.400267593907,-1514.8006634862622,-1611.4183288734357,-1619.8114143725695,-1588.3537450055248
SAIH_AFF_r34c58,-1590.858675168036,-1572.7974249848185,-1633.938723642606,-1621.2866543124562,-1649.8737776660987,-1605.3611460100087,-1540.185462340599,-1611.447507695207,-1618.4471281696913,-1562.1358308729605
SAIH_AFF_r34c59,-1621.018636402914,-1591.928086056869,-1668.7379198558729,-1628.1376375734174,-1656.0277647576368,-1597.8551691992648,-1516.1191582850415,-1587.8648867335094,-1592.8875793101083,-1527.2222463713074
SAIH_AFF_r34c60,-1486.7587263700345,-1447.7167649422,-1550.81027980392,-1514.4832539015783,-1579.8137057073093,-1554.145214858318,-1553.9193643365818,-1719.9216334414236,-1725.7467108448564,-1656.0166113130715
SAIH_AFF_r34c61,-1638.306795628427,-1639.4927053167933,-1657.1446028246598,-1652.123713742596,-1654.7757002738786,-1600.7442016956345,-1503.3528835730851,-1463.6654185933255,-1461.9885473997304,-1399.9854551452922
SAIH_AFF_r34c62,-1645.8559025687464,-1661.4920534793514,-1682.8885864301906,-1676.496681097437,-1706.3072157339018,-1656.8273097520248,-1565.8163086893471,-1603.5669617383933,-1566.3789516665188,-1526.6678401482513
SAIH_AFF_r34c63,-1517.7947978164962,-1482.8049665536507,-1594.1360919480037,-1558.7631736722908,-1605.679933500019,-1618.2803838148463,-1577.3459648387895,-1831.3668049901155,-1825.460310769593,-1778.4720791716297
SAIH_AFF_r34c64,-1629.8663599053536,-1614.5326104026622,-1718.5722747450639,-1662.2742634587596,-1723.600807211507,-1660.2710335657598,-1587.6622092049327,-1782.2053337730601,-1769.2166017547156,-1687.5659877086096
SAIH_AFF_r35c12,-1731.7121331943702,-1690.6383792729607,-1948.1688497373502,-1804.1909012826081,-1786.89524926809,-1762.742391549133,-1751.4934795929585,-1807.8885665055325,-1690.621894950743,-1721.7745431787107
SAIH_AFF_r35c13,-1764.1013758658055,-1691.1840744056497,-1940.092389284162,-1840.129466459344,-1834.0177768354038,-1793.8433277314434,-1768.028587957509,-1826.709981833126,-1699.2427319417611,-1766.9687341301628
SAIH_AFF_r35c14,-1839.0254662483826,-1792.861049864092,-1884.1733118954216,-1942.053391397252,-1945.010026762473,-1884.5239893369082,-1829.8815590319418,-1907.24825991547,-1744.6322202378763,-1792.7877542042218
SAIH_AFF_r35c21,-1850.5711604408266,-1791.553498599513,-1876.1259207874139,-1883.6351718541396,-1881.7295254050941,-1799.0768697154526,-1735.0981990000262,-1795.7402136069738,-1785.9988141671683,-1761.4924138111571
SAIH_AFF_r35c24,-1895.9843601051737,-1860.956013450519,-1955.225620934203,-1955.743740899425,-2000.9024654047203,-1884.3145027812402,-1823.9500555200555,-1926.2352793287312,-1927.1312473156574,-1909.3885146813877
SAIH_AFF_r35c29,-1736.7843235291043,-1713.6827769808276,-1816.96021067401,-1822.063003256442,-1874.2517695779195,-1745.2686774237459,-1701.7334979005898,-1761.7710595478673,-1749.046320534434,-1713.4192093442093
SAIH_AFF_r35c30,-1777.4373176926501,-1746.78835327695,-1831.482726296771,-1826.0651357649706,-1874.5120028278914,-1759.6384357571153,-1718.4084967662534,-1777.68922259171,-1747.5852897279465,-1721.8232698803383
SAIH_AFF_r35c34,-1701.5651493010278,-1667.5274587137224,-1717.238928782808,-1725.112534896267,-1758.321951781609,-1614.5393771310946,-1606.2524970799748,-1663.6101281668532,-1643.066615860845,-1593.547406546095
SAIH_AFF_r35c35,-1632.162453011948,-1601.9852674785093,-1619.6668586327137,-1652.6625551029817,-1658.4037595677628,-1552.760743118018,-1534.893176130593,-1549.0204312953526,-1517.4312848811037,-1506.662039412375
SAIH_AFF_r35c36,-1787.0519171044157,-1766.8458355809973,-1840.1579928668318,-1843.0591785858312,-1888.218666694599,-1739.1898119294644,-1702.4488213513218,-1927.9529352306238,-1885.407294999974,-1838.845178303018
SAIH_AFF_r35c42,-1705.2976133739046,-1706.4749239285848,-1755.294033696626,-1734.1240239029216,-1804.6012155714652,-1685.3959065460697,-1653.2389349478105,-1754.3386736078014,-1705.2934261727569,-1663.0597861097003
SAIH_AFF_r35c43,-1436.7241614884074,-1416.4121048250734,-1440.5364877527838,-1453.7418242829397,-1462.6626243960152,-1421.3453301434906,-1393.6637708548192,-1426.8039346047333,-1447.792145448454,-1417.347863869796
SAIH_AFF_r35c44,-1453.6398908934787,-1441.2209459388705,-1464.264316304199,-1480.5771860569819,-1503.5880574432208,-1446.7742531648216,-1399.7930510036326,-1405.9238662659811,-1424.0671601939198,-1396.352394689171
SAIH_AFF_r35c45,-1483.0990661156582,-1462.948358762433,-1510.4393158498444,-1528.505790292421,-1547.199886865385,-1524.8446048930714,-1502.3085353781364,-1568.1636785510384,-1549.2127637843525,-1527.4217197508935
SAIH_AFF_r35c46,-1441.0336365731282,-1507.918753731578,-1572.6805036189758,-1590.1125993778085,-1622.039774691261,-1564.1479040316751,-1516.4323366747321,-1569.1491662214962,-1557.946524526286,-1516.251000324713
SAIH_AFF_r35c47,-1520.0175372470187,-1505.8815502926366,-1537.1236035639877,-1558.6615520725363,-1560.430903246746,-1533.535111139031,-1496.1330344148842,-1535.2823837044948,-1508.2556721215356,-1503.788699730921
SAIH_AFF_r35c48,-1405.2456558728823,-1380.1111672469303,-1456.3945001439743,-1465.2584330253128,-1500.4370775634138,-1489.4994424229724,-1482.3347791942615,-1606.9046386220252,-1599.0085442789452,-1578.0068820187948
SAIH_AFF_r35c49,-1696.3067671181218,-1685.0982308393293,-1725.9893447087532,-1709.091909415621,-1737.7583665902016,-1660.9764321402756,-1571.283521352481,-1583.9768144633335,-1523.5826341534946,-1444.5971152939699
SAIH_AFF_r35c50,-1564.2471652479826,-1537.5659112562955,-1589.5993759881062,-1592.648459339762,-1613.1340918847043,-1574.3459496811886,-1526.7710211389262,-1601.94217681733,-1560.8006145888955,-1511.337953220048
SAIH_AFF_r35c51,-1556.807091830856,-1527.5177361237672,-1617.8950549392994,-1606.3064502613408,-1684.075988017052,-1621.804313442059,-1568.1204448564451,-1758.246153201563,-1712.3838523499774,-1635.8873403932166
SAIH_AFF_r35c52,-1567.7993915879965,-1530.6710962411441,-1620.9286058359378,-1603.6512469304507,-1648.7146118362834,-1598.2284450936959,-1538.2742356889662,-1635.4545968615992,-1606.2429773442448,-1564.459783024153
SAIH_AFF_r35c53,-1593.7469678878904,-1568.6245155952158,-1632.7420740903665,-1608.4154595823125,-1643.3899825090598,-1578.5260635958023,-1527.4212960053626,-1579.175702779698,-1565.1816387021095,-1502.7360439054023
SAIH_AFF_r35c54,-1633.1851748112626,-1621.1394563521567,-1609.402898338272,-1619.129137304587,-1606.266672251134,-1538.4202852266421,-1433.9923274661535,-1327.2271028135242,-1308.2298592714365,-1268.5379673936943
SAIH_AFF_r35c55,-1506.11189699328,-1482.117610860013,-1525.7484694064588,-1524.870922126962,-1545.729607361513,-1518.635661127375,-1475.0652512058816,-1530.0905891410341,-1527.8221447687479,-1485.7657733621725
SAIH_AFF_r35c56,-1598.7732550530566,-1573.110675154301,-1620.8752480067847,-1629.648688901337,-1634.6542824686037,-1607.0846730498426,-1517.2775555823123,-1560.5154379315582,-1538.7405574197874,-1506.507064594316
SAIH_AFF_r35c57,-1593.0636171761657,-1560.3260570129723,-1622.4948203352906,-1604.971009065723,-1605.6228795583932,-1605.0433384484052,-1561.239246565657,-1671.0455302478802,-1639.6484348404465,-1622.9750443859032
SAIH_AFF_r35c58,-1453.180863428374,-1422.2631880673907,-1499.0021962660855,-1498.1148183826685,-1526.933536119284,-1545.9095290200305,-1548.280786990984,-1669.8362957184586,-1646.7868548631977,-1639.5446163994839
SAIH_AFF_r35c59,-1594.5179679766184,-1590.442416576316,-1621.6063203490407,-1624.2641745625197,-1635.238894737669,-1597.6712234775268,-1517.635104204313,-1520.4385851887928,-1515.8781838751747,-1475.957650466418
SAIH_AFF_r35c60,-1524.661294713202,-1512.7699622558541,-1547.7941635300463,-1553.8829538851346,-1569.5837124325344,-1550.3817446066705,-1515.6411924218548,-1546.232492945876,-1548.5092318726022,-1506.8192626018858
SAIH_AFF_r35c61,-1563.9245596761277,-1584.4137473224434,-1608.994102828653,-1611.7240506130233,-1609.5921262811687,-1597.1053399253165,-1512.535985314682,-1504.024568055767,-1485.5911888089918,-1442.5993903812214
SAIH_AFF_r35c62,-1486.2034412531543,-1465.8739830162408,-1591.220236537072,-1625.1000204182067,-1707.6202867972736,-1687.1014941938995,-1626.9560799137196,-1904.8224453682083,-1893.375799713098,-1793.1521575238478
SAIH_AFF_r35c63,-1630.6003424872742,-1615.9406014998217,-1671.0161267517124,-1650.8703313852402,-1677.2869692494603,-1632.320068497455,-1559.8484415257963,-1686.0445390561172,-1679.929640859674,-1596.57292517648
SAIH_AFF_r35c64,-1556.092999696345,-1560.2537093075607,-1576.9635953844386,-1584.6031800048163,-1573.077296001173,-1553.8059877700175,-1518.2729678648839,-1556.6674973561037,-1555.0453310367213,-1521.4607001874283
SAIH_AFF_r36c08,-1811.3414477614654,-1758.5037763266707,-1871.3256641508542,-1902.4480380058887,-1892.202304146263,-1845.4790651928345,-1828.0763065829376,-1892.7589725260816,-1771.4337049221392,-1819.8097435750267
SAIH_AFF_r36c09,-1788.497745545203,-1738.6425052743036,-1904.867006725552,-1863.440470136624,-1845.7162803190931,-1822.457016713477,-1809.4805913477965,-1878.8113038285317,-1752.4708120470555,-1792.9593024620365
SAIH_AFF_r36c12,-1732.0985786886772,-1683.665248312061,-1926.5839116324196,-1793.9204190885637,-1764.4353418138915,-1759.4329390464059,-1743.5897450614113,-1766.600279670656,-1631.6767951621127,-1695.0786782430823
SAIH_AFF_r36c13,-1724.220348840242,-1677.643719258716,-1849.7125093234442,-1788.461227512897,-1748.1337959847915,-1734.3246801341543,-1712.7795963926758,-1737.2917703329326,-1634.1637666192023,-1680.0541307420688
SAIH_AFF_r36c14,-1848.1939719494508,-1800.9481904891124,-1905.0451673327977,-1965.7063458106797,-1968.3217647427145,-1912.0372859423755,-1850.6089150239488,-1935.1905960741742,-1792.0384521064007,-1845.5287888590897
SAIH_AFF_r36c30,-1915.3839844942231,-1867.9681928100579,-1952.6185041516565,-1978.9943157658586,-2029.2799048366867,-1886.6178363389258,-1828.5258503525583,-1869.0028538559668,-1865.7171108751736,-1832.1568551237676
SAIH_AFF_r36c32,-1873.3688296848227,-1856.9519706136334,-1900.6124881622297,-1899.2280208814352,-1938.0801942046453,-1787.342187854645,-1755.53683861761,-1791.4342498310775,-1771.2203351360674,-1724.9015045381382
SAIH_AFF_r36c33,-1844.5464044685973,-1819.4165397573763,-1882.1717056608493,-1895.6328844569143,-1957.6879882965286,-1833.227469254919,-1803.8585595969491,-1870.9325303278433,-1822.535092157005,-1809.6631053833873
SAIH_AFF_r36c34,-1821.1371812332695,-1789.4221079436638,-1841.278534416632,-1870.2093724072076,-1924.5319379869238,-1798.106025976196,-1767.5687680354015,-1829.0828963091685,-1768.516489508811,-1748.0584203468013
SAIH_AFF_r36c35,-1874.9538183088987,-1844.6581360414348,-1881.8287589778897,-1920.074034664957,-1962.7615936699692,-1815.4460413830527,-1770.5895702609528,-1856.9090788176575,-1802.8675471127324,-1769.1267362469425
SAIH_AFF_r36c36,-1845.1717339580703,-1810.584796038694,-1915.6167677168228,-1913.4954657873043,-1988.9966032537816,-1821.2553612238728,-1783.9743861333443,-2032.2973979149917,-2023.902050048525,-1959.4838745864943
SAIH_AFF_r36c42,-1682.5225327934713,-1661.1188861176915,-1706.8813252006232,-1685.6328044288152,-1743.4827110313379,-1611.1590235528615,-1589.9182041595798,-1653.992823003955,-1641.1506229976937,-1589.3627918018926
SAIH_AFF_r36c43,-1451.6922344756008,-1438.5067865869394,-1471.2648294421826,-1472.9704832362827,-1482.6027662675988,-1444.1964576754278,-1421.294181919646,-1471.2631057403703,-1495.324801748214,-1454.7880264005403
SAIH_AFF_r36c44,-1556.9814625978984,-1531.8193881196855,-1590.462618760124,-1589.807618381969,-1617.089528767139,-1538.102964993312,-1482.638374613046,-1516.0392315897384,-1520.2641110366403,-1480.046802506776
SAIH_AFF_r36c45,-1440.357145652601,-1414.2808140369184,-1461.8209875415823,-1488.1779505576928,-1516.9651086034833,-1495.4555241014934,-1457.7619359467744,-1533.6004096275522,-1532.2294592655408,-1510.871249103126
SAIH_AFF_r36c46,-1445.5480657852174,-1433.5543583749889,-1476.651095202814,-1497.703992611686,-1519.8807121166274,-1483.8809025639962,-1425.2237626138779,-1442.9646237490479,-1440.0968516180199,-1412.2943246684133
SAIH_AFF_r36c47,-1498.3650815174865,-1484.5707475826384,-1502.6017925502508,-1526.8870020548866,-1530.0281582158982,-1471.0136853414544,-1416.0321037040121,-1357.2026828276078,-1361.9311925648537,-1335.1470965588453
SAIH_AFF_r36c48,-1372.9154059403868,-1351.2663290241314,-1416.2458487963008,-1433.4252679016176,-1466.0102518496897,-1478.4185289599748,-1510.096173355622,-1616.1071710788813,-1598.216509363844,-1590.1186669205067
SAIH_AFF_r36c49,-1543.8102883320987,-1515.890915399626,-1625.5975403591885,-1603.5364745844072,-1717.57098730003,-1647.0435654878058,-1644.8894779133227,-1830.8888726559317,-1829.8751656631218,-1716.3074211860953
SAIH_AFF_r36c50,-1582.7387111579344,-1575.142201858787,-1615.129223210841,-1595.9577939688538,-1620.1786239556072,-1547.8387017701252,-1470.04998226747,-1471.6250586738158,-1455.107933742921,-1410.4594603052092
SAIH_AFF_r36c51,-1483.014528748349,-1461.2361619476728,-1559.6904716560289,-1542.813813398592,-1621.3600124181814,-1570.4570098797592,-1527.035235280153,-1722.680568418693,-1709.8410159949299,-1651.7970932067872
SAIH_AFF_r36c52,-1649.7548107769753,-1633.7574737226466,-1679.7473409665893,-1681.888998721994,-1719.5537596828474,-1634.2873216661012,-1526.4417386087996,-1525.866774471193,-1515.685472470723,-1467.344370256384
SAIH_AFF_r36c53,-1609.2885428079526,-1603.281590754944,-1622.9498852193879,-1643.9772603954718,-1641.2651666927543,-1588.8176683883764,-1442.4880471643974,-1381.7822924818706,-1379.4775473470033,-1348.3066077111707
SAIH_AFF_r36c54,-1608.2184757578043,-1599.8966547831085,-1623.5018190448122,-1625.0910722062988,-1629.2972958171094,-1565.591934133625,-1481.2913653398289,-1449.7645830019057,-1437.9520059043978,-1373.8157040290205
SAIH_AFF_r36c55,-1434.3589437214985,-1395.7579909628807,-1518.1703982176202,-1488.1380091206022,-1533.7711396579248,-1520.8471020693542,-1534.9980590021603,-1716.3514301814723,-1702.9178154382373,-1647.2353668590263
SAIH_AFF_r36c56,-1566.8430875545994,-1550.0746489340888,-1594.3739513657997,-1604.3998982984547,-1613.3692913488494,-1597.5535641176089,-1464.6249742486468,-1470.4741482495594,-1447.6367012191147,-1421.3641775865437
SAIH_AFF_r36c57,-1469.6393353665069,-1451.0678408281574,-1517.4131418777029,-1517.3358439274843,-1542.2503593706388,-1541.5768140064558,-1523.2283614525104,-1609.2196426381852,-1579.3394598091888,-1573.2104620554187
SAIH_AFF_r36c58,-1573.4890544071852,-1561.1956775731396,-1617.6718199884206,-1611.5496111537063,-1634.4389790372459,-1606.568612723698,-1542.0708712138983,-1558.8429514763632,-1537.4975719926347,-1515.547209225905
SAIH_AFF_r36c59,-1575.60894294943,-1572.992386647672,-1607.6309611400718,-1606.7349259276643,-1616.3481086637753,-1593.988219915778,-1486.4224105992048,-1467.7381351200443,-1441.231085333208,-1423.2582356225566
SAIH_AFF_r36c60,-1516.8954484765666,-1503.178730872336,-1526.4085809802964,-1525.0112549416392,-1523.7454104037797,-1508.448966819306,-1461.179095953854,-1479.9330310110677,-1486.382177763407,-1448.5989214448882
SAIH_AFF_r36c61,-1486.5178954838009,-1476.0212048243072,-1562.8620825495882,-1549.5920393207577,-1584.0108685160005,-1553.5395020727403,-1496.864026151226,-1632.413864532269,-1652.9620306332497,-1551.689762045766
SAIH_AFF_r36c62,-1639.6542936201397,-1650.1860677392353,-1709.0687876361696,-1692.0686207265264,-1708.697684911108,-1666.114789498254,-1609.0771670217846,-1710.043759013773,-1679.4596013467522,-1588.1015227896864
SAIH_AFF_r36c63,-1605.8676273405988,-1602.2148525337677,-1631.9555097015193,-1637.0764956618368,-1636.878682742824,-1608.4847838222781,-1550.1625650202682,-1613.970668489234,-1577.8008958058335,-1509.9603748089169
SAIH_AFF_r36c64,-1380.1384117065638,-1361.796744235778,-1414.7907668154066,-1422.8770742978747,-1437.1223832486185,-1452.0223370879103,-1484.3664508153743,-1642.9008848772833,-1635.6140912730186,-1597.594239561029
SAIH_AFF_r37c08,-1890.9874384294494,-1818.4537929553596,-1967.0047056790231,-1986.8340809523431,-1996.6987710767019,-1939.7453119967315,-1893.176579492457,-2002.1629364275066,-1921.9469151223288,-1884.0677570644102
SAIH_AFF_r37c09,-1838.9930688793208,-1782.77911764321,-1978.8247091311234,-1926.82584774045,-1911.2320433456794,-1898.943100943606,-1865.6994725752206,-1954.5386721459518,-1836.695721708176,-1872.5185253046109
SAIH_AFF_r37c12,-1835.2806374827487,-1795.5815380344977,-2072.539639726927,-1946.3636877842857,-1929.3525061734529,-1895.2057311647454,-1871.4551229846254,-1918.3176205951124,-1798.9742377781317,-1870.3899108875364
SAIH_AFF_r37c13,-1793.5125296783096,-1746.6156465879433,-1933.7730417551234,-1892.0484224358854,-1878.6470381897993,-1843.2001162264107,-1797.8494292079065,-1843.1208754675883,-1718.5381204304563,-1805.731632169586
SAIH_AFF_r37c33,-1768.382039765053,-1736.3998413795264,-1789.222827737119,-1808.7346509826086,-1827.0760226570758,-1766.0760409795726,-1728.4263173875254,-1725.9966705405654,-1677.4148475044758,-1709.4652893384002
SAIH_AFF_r37c34,-1819.7908392148647,-1775.6588982440521,-1846.7318519294477,-1858.6900443897393,-1902.8104675981094,-1807.5275936571122,-1781.1100891723083,-1830.6473228666082,-1773.5024028074222,-1778.584132304993
SAIH_AFF_r37c35,-1864.9711291791893,-1837.5797723631729,-1896.1256086196256,-1924.9995706941147,-1970.2552171135987,-1864.028970294128,-1840.816503146499,-1904.45837827084,-1821.4327403327652,-1845.7114567081671
SAIH_AFF_r37c36,-1926.4771353079657,-1911.1759571799296,-1983.4898174019388,-2015.5760860172254,-2079.7675796133312,-1939.4219316690978,-1906.6525687590506,-2085.204796308759,-2028.8870447814352,-2002.1770412986382
SAIH_AFF_r37c38,-1804.1432488490136,-1794.4535362423603,-1884.370599665835,-1876.623217213223,-1943.7200180177363,-1776.373747531729,-1739.306607899521,-1916.8833587362453,-1926.9126218423146,-1800.7773919328745
SAIH_AFF_r37c39,-1728.8415939813406,-1718.0811309592368,-1777.9339235416687,-1771.1024575144233,-1812.8567819859056,-1697.1625577206999,-1676.1891537438612,-1787.010575584013,-1778.8713129430482,-1670.4648335654379
SAIH_AFF_r37c41,-1853.4847791304524,-1845.9421436745333,-1921.002176093349,-1900.3604485213818,-1959.7534336972367,-1788.3348591300335,-1754.3900522943243,-1874.8593133391116,-1845.4685959091537,-1758.2740699230371
SAIH_AFF_r37c42,-1503.1930935877263,-1473.6373151564515,-1478.3752176748014,-1483.0644003173804,-1483.9508192428455,-1415.743789230564,-1394.0552167320898,-1410.6942052021993,-1440.1660613234105,-1402.3370928335567
SAIH_AFF_r37c43,-1463.9237290797446,-1446.400807756134,-1476.6692544876796,-1499.6502096606168,-1592.0908450814827,-1525.4894515320145,-1529.5398695445053,-1613.778767478262,-1630.8093475654766,-1546.0867408636657
SAIH_AFF_r37c44,-1592.6879697181496,-1571.5068937805454,-1672.137378243035,-1677.6118017543997,-1736.5612927376435,-1627.241608225941,-1531.6184036585332,-1570.7565436597372,-1576.1839711421926,-1520.5952394041005
SAIH_AFF_r37c45,-1452.9806335031228,-1417.5906820830442,-1465.2333119459463,-1492.5698725922819,-1509.8475376134295,-1488.369966871374,-1469.0681821157796,-1508.7029003915202,-1501.248755385038,-1494.5516636331492
SAIH_AFF_r37c46,-1391.7678237552307,-1365.8282776174588,-1427.0414582667763,-1447.2438265624098,-1470.7393670229756,-1457.7998758765889,-1475.8203771885262,-1539.1538685129806,-1537.1689649573943,-1526.9739864564074
SAIH_AFF_r37c47,-1456.0053239662232,-1458.2506399752906,-1503.7135397308175,-1527.1054637399677,-1548.396093664113,-1525.4033833622125,-1462.59619784005,-1481.9979007763454,-1461.9346623181498,-1454.0070488894
SAIH_AFF_r37c48,-1460.9873799775917,-1459.1569060657775,-1509.5431583301045,-1530.5981592201285,-1554.1922714469697,-1544.1060123765735,-1495.6758112310606,-1515.7207705517098,-1486.3956498748726,-1487.101355454802
SAIH_AFF_r37c49,-1434.8874113916254,-1435.3779803444563,-1493.0669692073618,-1516.8006609458018,-1543.8947828751134,-1527.4625049426902,-1511.2420517601213,-1562.4361849496038,-1572.2906118985954,-1544.7722250881825
SAIH_AFF_r37c50,-1605.446121671213,-1617.1214513435561,-1704.515163095544,-1682.9774843866974,-1768.8081958717023,-1671.5518733346253,-1645.5158305544364,-1770.7101369992101,-1758.7313046072989,-1684.5512006407612
SAIH_AFF_r37c51,-1674.3163243662223,-1673.631768867986,-1737.0941376411772,-1750.3299098924524,-1811.9016122992482,-1613.9011383246436,-1516.3838722939588,-1652.090442734178,-1743.896011019255,-1514.9888602874742
SAIH_AFF_r37c52,-1655.3406286733036,-1666.515808460674,-1677.6638323049172,-1694.0572963435156,-1693.4979645477888,-1615.1388139138535,-1462.997452739548,-1358.3159283625537,-1339.836975331104,-1300.5304296833065
SAIH_AFF_r37c53,-1574.7004171128876,-1560.4095561531353,-1596.0594169845856,-1614.5869744521628,-1610.7646284081895,-1578.133426374208,-1472.8421098109247,-1449.0522242093057,-1433.2135471353276,-1406.2743885355492
SAIH_AFF_r37c54,-1425.7409453106184,-1399.8063568683706,-1441.0946593300737,-1445.6861669266937,-1465.0387867396835,-1433.5262478665588,-1403.7439897176007,-1516.9605143293923,-1553.5308812288617,-1590.2759311225823
SAIH_AFF_r37c55,-1538.957874091007,-1517.516372987255,-1596.503143665925,-1591.896943796333,-1619.6707255439544,-1570.0258668321637,-1555.3994118555872,-1698.7470429114978,-1717.0832017471494,-1645.7128724019906
SAIH_AFF_r37c56,-1489.8814275805212,-1458.7996309335288,-1541.5174259576752,-1540.0058134512951,-1567.9897420460943,-1561.0981742988397,-1532.761543797197,-1656.7984792367392,-1646.6443062989963,-1608.1923464513345
SAIH_AFF_r37c57,-1575.0617160454385,-1561.0660001361696,-1638.8718595991393,-1616.369246199048,-1677.2654853120634,-1615.714531866198,-1543.52791467432,-1637.866459968891,-1640.2212067728435,-1559.35348723938
SAIH_AFF_r37c58,-1550.6513320297056,-1558.8236228799692,-1584.388446929538,-1595.8365989461033,-1608.8023852716278,-1583.683064100248,-1474.3365845486117,-1449.6973725887472,-1429.502074547591,-1412.6992809107592
SAIH_AFF_r37c59,-1571.5740261100702,-1587.7353559690443,-1609.254158100799,-1621.6154015372724,-1614.9548376959233,-1579.3037358090317,-1470.2350168261987,-1430.7727742932334,-1401.5305110712454,-1384.0035590357338
SAIH_AFF_r37c60,-1492.5375637361144,-1481.930241019359,-1497.4085812105416,-1481.4100129827982,-1491.5260833830662,-1440.649666007057,-1370.052313346107,-1386.9011003968133,-1394.452406005591,-1380.3657693878195
SAIH_AFF_r37c61,-1490.5229445006003,-1463.8955949282238,-1491.964454616396,-1478.2385971435906,-1489.4869565672814,-1458.8742137541308,-1399.9988923163949,-1488.9615845898436,-1519.983712075585,-1442.7074929689595
SAIH_AFF_r37c62,-1523.334861208548,-1524.7892841062583,-1551.796184413055,-1539.0812225793954,-1563.4324523836951,-1505.7169329759272,-1447.2863993801243,-1515.4112881270744,-1523.2570416636129,-1454.5893270368474
SAIH_AFF_r37c63,-1424.1531478455765,-1406.9974680031005,-1413.3365696809733,-1413.0020475921153,-1432.4852898049812,-1390.1757237269317,-1364.2262275079072,-1408.427140283625,-1414.3725858312907,-1372.6467248999768
SAIH_AFF_r37c64,-1348.6306791409693,-1333.6533983225659,-1357.5251588955318,-1355.63286493618,-1390.222474686659,-1378.979401170644,-1378.3488895636785,-1484.8219820319773,-1494.0510926358331,-1452.9168403086812
SAIH_AFF_r38c08,-1902.6333069723764,-1805.24490282236,-1982.0067508471225,-1973.3122986922451,-1950.8401767056414,-1912.5087043505964,-1871.606337626145,-1995.5081753858499,-1902.596614625606,-1851.147285258636
SAIH_AFF_r38c37,-1852.3406169430243,-1813.9808373359106,-1884.7972542501477,-1895.95952047533,-1938.9076600923909,-1802.5187922888613,-1766.6984412830898,-1870.8443795887863,-1859.0767265636193,-1765.9963826250776
SAIH_AFF_r38c38,-1813.641518525885,-1776.7126287174829,-1836.1340547448658,-1863.1496134547044,-1909.4174689140025,-1766.5742947381596,-1725.4681781041422,-1833.7605409538924,-1840.4143393637125,-1712.9068782015652
SAIH_AFF_r38c39,-1568.1832507879294,-1536.4160785525034,-1574.4211595447237,-1591.5542783996284,-1604.5445718982614,-1543.28169533941,-1516.428423714435,-1573.1090934316167,-1582.9858695538321,-1520.136338649045
SAIH_AFF_r38c40,-1549.0796974178402,-1521.6522477718554,-1560.5621667604566,-1568.6672329175851,-1576.7475873260964,-1500.6450784593405,-1478.0740750435125,-1542.6898951694138,-1551.1949901189614,-1493.8232642751473
SAIH_AFF_r38c41,-1542.1402755337383,-1557.877667416467,-1598.3029483315247,-1644.0629260206747,-1656.6932153546766,-1548.3153083322577,-1466.543363439007,-1449.7633897825674,-1459.6021336713075,-1396.3194091291114
SAIH_AFF_r38c42,-1406.0965337006382,-1385.4995535211563,-1410.9925970927773,-1493.8224925826858,-1504.0128942041506,-1453.6359325122974,-1431.4632172139152,-1502.5094938946258,-1529.290397169765,-1460.1042639383845
SAIH_AFF_r38c43,-1467.1255715949685,-1453.738245494641,-1482.0610477823288,-1502.4956248609458,-1510.4686463636483,-1462.2853852294882,-1423.375900744676,-1469.054284181183,-1484.2965305134214,-1449.1286680888375
SAIH_AFF_r38c44,-1514.1954027501783,-1497.110415668656,-1527.106886974455,-1549.7188798228276,-1565.7552007664672,-1512.0154917004975,-1436.9526505781225,-1444.6072730889925,-1433.261707123614,-1408.4016638264309
SAIH_AFF_r38c45,-1512.077057646574,-1482.4574721614013,-1499.6211725207118,-1491.7444663265587,-1496.510813316428,-1445.0040042530409,-1448.3117005897661,-1490.5759760530432,-1486.656789159968,-1465.9024261216582
SAIH_AFF_r38c46,-1362.7348858402052,-1326.7126116524432,-1383.6942916174585,-1400.8346247613763,-1429.5586406094105,-1433.130547270457,-1470.354378504073,-1524.5735066526659,-1519.186324392409,-1515.9791241682535
SAIH_AFF_r38c47,-1367.6180407594852,-1350.0213796244386,-1419.8160012145095,-1432.2787543908278,-1459.4908414169975,-1446.1548687854297,-1427.6876213859014,-1496.7826518272623,-1508.5452694178136,-1487.877195416254
SAIH_AFF_r38c48,-1527.3591388729574,-1516.6159874977375,-1570.9213321082318,-1570.42904000146,-1624.079895605094,-1546.2832248285986,-1508.8003827114862,-1555.8688519440489,-1566.9276643866226,-1507.4657902521083
SAIH_AFF_r38c49,-1562.8409854481902,-1563.69105235455,-1581.3425186643822,-1598.3882323365856,-1603.967390023485,-1545.182459273531,-1459.727650526213,-1383.6753614383651,-1384.7873922755198,-1367.8984358838018
SAIH_AFF_r38c50,-1441.322010962028,-1420.500264366068,-1502.8454008156052,-1510.9848002596518,-1537.7877245148459,-1545.374143427752,-1531.5395502112272,-1669.5983625008478,-1643.2254466739569,-1639.326369075972
SAIH_AFF_r38c51,-1635.0268227025354,-1620.711297849048,-1691.439787052405,-1707.529035451109,-1778.2480111449172,-1604.2679337379946,-1514.5349823765673,-1717.763557994958,-1790.459879856913,-1549.2104651223663
SAIH_AFF_r38c52,-1653.5693873223352,-1650.03572185905,-1674.064762722553,-1691.7070231609546,-1690.3210516808472,-1606.4706750894638,-1471.5748012325241,-1384.9217888941494,-1369.2300911830193,-1329.5363750363201
SAIH_AFF_r38c53,-1601.7806138079295,-1561.1195173744675,-1656.1515379237578,-1633.670221596132,-1674.562547295051,-1613.2677822843548,-1514.633597880135,-1555.9630149432728,-1522.8430000706983,-1489.770831424076
SAIH_AFF_r38c54,-1593.3094641005978,-1581.9463629414724,-1645.0542522224384,-1645.5061856695547,-1662.5205072091924,-1607.8273562087008,-1481.1798739306562,-1484.8218720877833,-1470.7365606315984,-1410.551113577579
SAIH_AFF_r38c55,-1398.2396007091238,-1376.8755227468484,-1472.050317248743,-1475.1917790283212,-1514.869808865153,-1498.798969301629,-1511.290638085032,-1699.0709312160661,-1687.2199006486323,-1646.4958429022895
SAIH_AFF_r38c56,-1511.172539884045,-1489.9587692549305,-1569.6013427737566,-1558.802384535854,-1596.080228768863,-1561.8378725019306,-1510.0260649923434,-1614.5408525173743,-1607.3048986375952,-1550.4071221976474
SAIH_AFF_r38c57,-1590.524193590619,-1560.3579703465466,-1654.0133576691996,-1632.2096742938795,-1688.2153279319539,-1599.370440297683,-1501.6317331713233,-1572.4751700804932,-1601.9978134377939,-1517.8449216765528
SAIH_AFF_r38c58,-1530.88779089552,-1528.6551215936709,-1568.810311248392,-1571.2346195125722,-1592.2071542629726,-1587.1963822936514,-1450.7837831470335,-1439.2632548886093,-1395.367927541158,-1414.2320436637738
SAIH_AFF_r38c59,-1536.002178900283,-1521.1523527932861,-1585.7383957846653,-1574.035648065701,-1612.4937801824822,-1598.5647410984584,-1541.8240407077228,-1566.6605734278914,-1535.5751930107574,-1516.9127680413983
SAIH_AFF_r38c60,-1550.430413774327,-1558.3668268576362,-1550.5648773439675,-1555.3736323564792,-1547.8269571044132,-1483.7412209064903,-1366.5001936949643,-1299.075412779677,-1289.8595554438728,-1256.75069101988
SAIH_AFF_r38c61,-1321.2116408905422,-1318.915538470398,-1337.211913228828,-1340.5415473004427,-1351.0443021069518,-1325.7692456753157,-1293.3745960751821,-1362.9383703695905,-1394.1394110160797,-1353.8882313199467
SAIH_AFF_r38c62,-1439.256285813756,-1428.4273437152297,-1470.881982455999,-1448.8679462109696,-1482.3470737753591,-1415.5307726740818,-1379.456337644724,-1421.5983675862701,-1425.2213234697392,-1386.7567844904959
SAIH_AFF_r38c63,-1505.3274899125709,-1477.941682748074,-1450.3118684719727,-1410.6706274498497,-1415.5472610110726,-1359.1174462112897,-1319.5557263341448,-1323.8486453650191,-1344.327097150906,-1289.9568433483191
SAIH_AFF_r38c64,-1488.5297817869543,-1499.404950629819,-1513.3495047275949,-1495.7076583981611,-1529.0315644534667,-1470.5860889186679,-1466.5489408709625,-1591.6913447745042,-1578.0100546579633,-1479.4970917143917
SAIH_AFF_r39c05,-1916.8273924049317,-1851.6451620503078,-1987.564648661951,-1985.7665355186118,-1998.5272649216922,-1931.369662130149,-1876.4345424608196,-1947.229600718305,-1839.17256571146,-1845.689103193365
SAIH_AFF_r39c07,-1844.6968943449062,-1784.600013087463,-1882.5894200944908,-1890.4203143608734,-1866.8721642738417,-1832.8746299519685,-1795.659377821984,-1816.891614862123,-1740.5130233349466,-1735.3074454579948
SAIH_AFF_r39c08,-1817.360281659897,-1760.2850693544278,-1902.793319349845,-1891.2094459239704,-1886.3728903657952,-1853.0339217396076,-1833.1607812945974,-1900.8857439136473,-1798.4483514411625,-1829.6926487185726
SAIH_AFF_r39c36,-1842.8232912691785,-1822.0238506115847,-1891.5700709914454,-1921.7787428936547,-1948.595665620082,-1825.586628678868,-1788.5617751265463,-1886.2051524443734,-1844.6021808069092,-1778.7221461360596
SAIH_AFF_r39c38,-1883.259882256198,-1851.4710642510336,-1949.3706860881093,-1978.0542810452391,-2039.5870062800193,-1841.2246298245902,-1839.9564929317064,-2035.2515333406666,-2050.69790962849,-1861.86283737423
SAIH_AFF_r39c39,-1624.6865883794228,-1573.633006292996,-1622.3388977309612,-1656.451637644891,-1649.5243631090125,-1603.3429421065305,-1566.1089808697109,-1622.8621142791324,-1644.2525967770646,-1563.8905269991521
SAIH_AFF_r39c40,-1388.2103621029928,-1365.7548855373436,-1422.018772608534,-1458.0277819948383,-1468.85960591133,-1450.5860158200846,-1460.7785737843087,-1584.4521052438713,-1595.3714840621287,-1555.1672233186578
SAIH_AFF_r39c41,-1608.0186107044926,-1580.7006261178326,-1602.5013420551634,-1633.412289821067,-1626.5565928296273,-1545.4900897409368,-1436.2210345215856,-1384.833166176543,-1386.2854610254076,-1353.3074026453532
SAIH_AFF_r39c42,-1451.3588642416275,-1424.0872453695824,-1449.9850737279285,-1475.3708314457272,-1480.138466050587,-1444.041900926215,-1416.3145698745932,-1473.3194588833583,-1479.8400060752551,-1462.5168051493022
SAIH_AFF_r39c43,-1462.7059647267606,-1443.2580945749992,-1486.7732027033396,-1504.6407212744016,-1523.9480559932576,-1472.4613371164733,-1438.438143574334,-1492.1720918423437,-1501.450958785068,-1461.1471969344007
SAIH_AFF_r39c44,-1607.731960597994,-1617.259400907304,-1613.7536903387604,-1646.1388677289406,-1645.0513362180675,-1561.2790652625192,-1465.1517259974194,-1405.0288656609368,-1394.9618623547499,-1364.383224566832
SAIH_AFF_r39c45,-1523.6333302779922,-1493.3364139899693,-1509.2096505126422,-1498.574143958936,-1521.6669591064435,-1439.4182377666327,-1397.6361979337164,-1427.6912307349835,-1428.9026489806067,-1394.0772695727323
SAIH_AFF_r39c46,-1373.7321133974724,-1351.4180209386245,-1395.9122285127712,-1416.6741708084783,-1434.4729651878347,-1414.4648945474732,-1421.6022630264115,-1483.2414959751543,-1493.142959269715,-1470.9655596813645
SAIH_AFF_r39c47,-1394.5279940111923,-1384.1018149646902,-1444.5599221036207,-1464.5915073054027,-1472.0367599713118,-1474.5888348523476,-1485.4851745601313,-1574.9072467713308,-1562.0340901357429,-1563.3699659203337
SAIH_AFF_r39c48,-1455.0771808215445,-1433.4368580044597,-1525.8332774886646,-1531.9861051485286,-1572.9550720919754,-1518.4511481314719,-1504.5794242065683,-1613.9753725013863,-1629.6840020732323,-1579.2992209668798
SAIH_AFF_r39c49,-1670.9147212322289,-1674.2637524647985,-1732.141734118577,-1723.090987412177,-1763.5703407117996,-1658.7714421135593,-1576.5457830662747,-1570.435030127501,-1551.4637776037832,-1513.150873186916
SAIH_AFF_r39c50,-1527.1886343529313,-1517.9694303827291,-1568.448655397518,-1575.155059861902,-1593.8623097742159,-1573.117142961843,-1531.1442287054442,-1564.3166451160337,-1540.6230925071854,-1545.2004863288716
SAIH_AFF_r39c51,-1448.5872178738184,-1434.7989404965479,-1505.534651209683,-1508.7364098911435,-1567.5870031449922,-1516.3652354030235,-1515.7825896820177,-1657.327238875345,-1641.8469009654943,-1603.5641371436354
SAIH_AFF_r39c52,-1620.2633757353146,-1620.5729320198225,-1673.344073888878,-1654.2725830477586,-1720.3776987740157,-1587.9236554889137,-1512.5153843535895,-1575.2847015150044,-1553.888106414226,-1465.4572083805651
SAIH_AFF_r39c53,-1541.8829989185963,-1515.1368041245214,-1565.2571960482942,-1559.0382497492872,-1585.6510679189657,-1506.9806368499464,-1419.6144860975467,-1413.7083116223419,-1425.2102715030467,-1365.7511802488018
SAIH_AFF_r39c54,-1634.5168869040765,-1613.426049443473,-1646.6317471702453,-1648.0455299833513,-1658.4714825712279,-1583.0389568914063,-1464.1754630744583,-1384.3666952870594,-1372.2497774939004,-1333.6443986052795
SAIH_AFF_r39c55,-1415.516137310509,-1402.9171727170121,-1471.397741169323,-1471.6398099921698,-1503.7896035131544,-1472.2410030402295,-1438.0570494842605,-1522.349812375124,-1524.8286996666482,-1480.1622896257709
SAIH_AFF_r39c56,-1444.0539884045077,-1421.1499404520412,-1515.2653038254655,-1508.1944797078877,-1541.6961614469503,-1531.9042416469265,-1520.2960541297493,-1659.30935622767,-1639.5132144119152,-1612.1069271944411
SAIH_AFF_r39c57,-1603.944118278613,-1588.592665720466,-1673.8044663478915,-1641.000272338286,-1705.5768177271277,-1616.5643294455303,-1514.6066256762635,-1621.2714505679826,-1636.1699102854843,-1532.0031999748614
SAIH_AFF_r39c58,-1537.0827934274141,-1529.2780888508444,-1580.494629735793,-1584.0604380502127,-1607.7097256361722,-1595.6450049867672,-1503.4898340623695,-1501.5285554604443,-1488.1573776671348,-1482.1467680250043
SAIH_AFF_r39c59,-1590.7144757689632,-1584.4104649792448,-1646.4121986669977,-1640.2656811009697,-1676.902507561968,-1637.2306014220424,-1524.0726996556189,-1552.299655619426,-1533.8557870340053,-1482.9373986827109
SAIH_AFF_r39c60,-1662.0162363497402,-1655.8185496958472,-1646.0971537309838,-1633.2306776182852,-1624.3187172158184,-1550.9507203358778,-1397.22805750123,-1329.5713870653642,-1318.3078702976622,-1257.4842348001803
SAIH_AFF_r39c61,-1489.4015339977698,-1451.8997716548226,-1471.6888377963655,-1426.6857897024709,-1442.3356071834469,-1396.707613426278,-1367.0833486087183,-1468.6221175349197,-1508.3185598541945,-1454.2164094291898
SAIH_AFF_r39c62,-1448.0891647382805,-1434.9254813984903,-1500.6777849910477,-1493.1197213700095,-1516.6362732060775,-1487.7786980513704,-1449.9743489733307,-1534.641362051454,-1524.6499664931991,-1497.1860962482856
SAIH_AFF_r39c63,-1713.176511866607,-1698.2767810385628,-1662.3094403946454,-1596.73207178617,-1595.3832663021838,-1493.1870247596296,-1397.8997020255968,-1375.309000502733,-1382.3412932822214,-1313.6634277006217
SAIH_AFF_r39c64,-1610.5445221616073,-1639.2311288650617,-1663.9808409159923,-1645.418879511638,-1718.2584683203672,-1603.7726170905623,-1527.1432049254995,-1705.6326110174543,-1690.7393197072336,-1558.2073207124383
SAIH_AFF_r40c05,-1897.2738823603013,-1845.3273376416705,-1964.1302726357505,-1947.2704659374756,-1932.6910015073934,-1883.1154698754908,-1839.1387615336823,-1907.9087397833268,-1853.268830748844,-1778.1356632815334
SAIH_AFF_r40c09,-1907.7064708014598,-1852.5754770367744,-2040.8343143109678,-1951.2186636972165,-1947.9418558862535,-1892.7673557415185,-1873.9498827781663,-1959.647966807573,-1881.1813509066071,-1859.2769877510318
SAIH_AFF_r40c26,-1854.9630114685824,-1840.61606854018,-1907.493751760985,-1928.4731260500682,-1983.9824736243424,-1899.4269621296703,-1838.131961764428,-1871.919881661744,-1814.3075698915738,-1852.3407051248596
SAIH_AFF_r40c35,-1895.6719599625446,-1851.2405480895313,-1940.2159706447626,-1968.7783439955488,-2002.337089669592,-1852.6048335989049,-1830.107695838469,-1934.1264783891074,-1902.3921542036405,-1847.5162202268355
SAIH_AFF_r40c36,-1860.8440731735313,-1832.2473050392894,-1918.1971104177317,-1932.3963079299153,-1964.865518069019,-1845.0449638410876,-1817.465889050059,-1912.872160247112,-1889.5328639110057,-1838.6333835975247
SAIH_AFF_r40c38,-1629.2965520840085,-1590.399206835818,-1620.2885082512505,-1640.2691774835262,-1632.1863727088855,-1549.9222568651694,-1515.718134498724,-1561.6081534146456,-1580.9908029482692,-1527.2358619789918
SAIH_AFF_r40c39,-1528.04274950905,-1480.822070033874,-1529.4194991172055,-1566.7356608413734,-1569.6368821441486,-1519.4574395672864,-1475.5331144394304,-1529.8717749443813,-1532.1994611976197,-1493.8473984399216
SAIH_AFF_r40c40,-1489.4744860173741,-1448.6565208774437,-1484.7762623997298,-1513.990351417034,-1506.8916959601086,-1465.395651879123,-1442.8763025586966,-1511.33023970209,-1519.4296201066,-1474.0011839072033
SAIH_AFF_r40c41,-1579.6706512778176,-1554.4537630312907,-1591.1444921577365,-1604.819035866711,-1605.8043427217744,-1535.093616621614,-1478.043695931203,-1490.609924655884,-1481.9809943961457,-1439.0129347678571
SAIH_AFF_r40c42,-1420.3652676176825,-1400.2759895436532,-1436.5520390912752,-1468.3730603065899,-1481.1122439395954,-1443.4577676437714,-1424.2346598557772,-1463.8142799002328,-1461.8519023865892,-1434.674608930673
SAIH_AFF_r40c43,-1545.8898389725532,-1529.8787795814585,-1552.5743920724947,-1582.4295038790012,-1579.1309759436729,-1533.0333137753441,-1449.0199178564444,-1410.349441293435,-1405.2789699458892,-1376.8511532694436
SAIH_AFF_r40c44,-1591.2907029206397,-1571.5950584571876,-1591.9425416554698,-1607.1924066940808,-1611.418262949119,-1536.1522547027823,-1459.8590351108223,-1449.1218381871595,-1445.1348466395245,-1420.297754816229
SAIH_AFF_r40c45,-1559.1854569173524,-1540.8585558671914,-1563.764949448824,-1550.2068593046713,-1563.5679994781776,-1490.0601552410103,-1444.7317252625348,-1512.8853095036156,-1510.4006835822802,-1472.7464144543703
SAIH_AFF_r40c46,-1519.368117461982,-1509.282144599499,-1524.352996423233,-1515.4092985518137,-1536.5049633844412,-1468.634230525402,-1436.8869052743628,-1472.029889879392,-1473.9485268988049,-1443.92909078102
SAIH_AFF_r40c47,-1371.1564969998167,-1403.1227948481871,-1464.3546157918167,-1494.048469660496,-1506.8787880368266,-1497.0135340581012,-1498.777705051407,-1601.9984692693376,-1605.0048216711773,-1573.1034195010345
SAIH_AFF_r40c48,-1546.6950777431737,-1522.3585157598752,-1582.1873373287167,-1602.3011694076217,-1610.6326145805556,-1581.1990183652233,-1523.8443910682658,-1572.1319104323402,-1564.3336176005707,-1535.0140412370001
SAIH_AFF_r40c49,-1518.3362970151825,-1498.295308982092,-1570.0889339354576,-1586.1382103640121,-1605.2254250509343,-1566.6396100253799,-1538.0564638788192,-1620.2934984229312,-1606.384897745145,-1584.0037567798092
SAIH_AFF_r40c50,-1663.2436260844813,-1663.1957092602656,-1736.2173298528953,-1729.543842264331,-1798.3691877218155,-1681.0183009672,-1612.9995697264728,-1683.3774281117217,-1665.1739713203108,-1593.2814093152888
SAIH_AFF_r40c51,-1613.3321697751373,-1598.151142556746,-1635.2821159018715,-1632.906630977254,-1658.2733109491835,-1603.0929072518852,-1515.7099870338886,-1499.560013253081,-1454.7807084138792,-1455.1879850876671
SAIH_AFF_r40c52,-1494.9351947001867,-1464.4532902115193,-1554.9971362249246,-1540.03040609269,-1615.6806343079165,-1579.0984794345438,-1599.0778409535437,-1745.3644531963114,-1715.2472053415363,-1692.3081218538862
SAIH_AFF_r40c53,-1668.435462328678,-1683.7506091166642,-1744.0383913059363,-1719.7975489249818,-1817.598567336739,-1654.3030453224546,-1579.3412957620098,-1661.9404865629137,-1627.608373201998,-1518.421873940242
SAIH_AFF_r40c54,-1633.4653859895684,-1610.1052646677547,-1642.5608186875181,-1645.4022527468176,-1661.214203936433,-1609.6850118531247,-1499.9374092107514,-1465.071189198911,-1423.6468027842416,-1409.538085191274
SAIH_AFF_r40c55,-1575.012788671245,-1550.6062722405939,-1611.5533200454938,-1606.039806108919,-1640.4302571300311,-1598.6251343566998,-1496.2276811337065,-1528.7104443424048,-1495.076554624475,-1472.402206580604
SAIH_AFF_r40c56,-1415.7485344584798,-1374.4801108804725,-1493.7278421596136,-1475.8025091531147,-1540.1973969687797,-1538.698648676841,-1543.0515599411692,-1704.9678102410585,-1693.2116168938862,-1666.1455553932967
SAIH_AFF_r40c57,-1650.5645303515657,-1650.8595463700162,-1693.0613136172428,-1682.9173954104747,-1725.505262086882,-1623.7546229142051,-1506.1814728625504,-1488.2120174898473,-1502.0713681947636,-1403.761533805708
SAIH_AFF_r40c58,-1489.6304864881722,-1453.4233625945988,-1562.3120654492677,-1542.9458536101893,-1603.1423031384074,-1572.6752207634997,-1529.8181133000505,-1667.7567767745784,-1658.6984889500839,-1608.3374851998415
SAIH_AFF_r40c59,-1572.480033918204,-1579.5388767855968,-1599.3742639097243,-1606.9946696236375,-1639.0040414845728,-1590.2006157458734,-1508.1758371926155,-1472.1809614506544,-1475.711906594481,-1404.4416724284126
SAIH_AFF_r40c60,-1634.272935654211,-1643.3161692417984,-1656.3197679118546,-1670.6534793663172,-1660.763254449439,-1607.5469117934638,-1482.7080644109744,-1449.878834343826,-1426.3206780102971,-1359.674062194404
SAIH_AFF_r40c61,-1577.4728912519388,-1562.770049151071,-1609.4697188683722,-1559.1453374309906,-1579.9752757573501,-1525.7134054076578,-1503.6031389900506,-1653.7836283093447,-1662.0722708631142,-1575.9566849635232
SAIH_AFF_r40c62,-1472.363053603931,-1455.010755211997,-1519.8157191961188,-1503.6879632382431,-1540.056462255044,-1503.223384501433,-1490.2066805409902,-1604.1512666843962,-1613.9236025265843,-1556.6311410852193
SAIH_AFF_r40c63,-1670.4051134496085,-1670.0427372946344,-1695.3344741771043,-1686.2162038075658,-1698.8156815585032,-1608.3486286397003,-1474.741429324206,-1438.9805995690526,-1416.3660438981371,-1327.4011639736832
SAIH_AFF_r40c64,-1539.9309675753573,-1530.6953784525936,-1612.215859984399,-1591.8119094624165,-1654.388454085739,-1573.640123825439,-1531.1771840925462,-1725.7601625274112,-1720.5037645751734,-1576.9793711190414
SAIH_AFF_r41c04,-1931.5137583207197,-1886.0521868240642,-2027.139091542324,-2016.3060558607717,-2034.3569726457133,-1954.517534395801,-1905.6917575770265,-2004.8326481232223,-1918.0628499154184,-1885.2901266896754
SAIH_AFF_r41c07,-1919.8661100132178,-1852.0211598110166,-1999.6981585938822,-1981.629640487377,-1954.1326728526735,-1914.1805415592394,-1880.6071509900662,-1956.8724888429365,-1889.1600806187748,-1840.3215668311318
SAIH_AFF_r41c08,-1884.625330602967,-1853.2516746185943,-2012.7556654219402,-1951.8839053310214,-1920.5159815438435,-1881.0493508397965,-1851.0446870466476,-1884.4807556339974,-1804.230306537689,-1774.511223479749
SAIH_AFF_r41c09,-1895.508850414643,-1834.114728178925,-2054.0665888339763,-1942.1449494262024,-1936.440086279109,-1879.4775114131346,-1854.2473718378292,-1941.763352843861,-1879.5106932693923,-1810.1609539914562
SAIH_AFF_r41c29,-1882.8709176675072,-1848.75010994419,-1913.5636367443951,-1933.3738154822358,-1971.6676963027335,-1842.2628294399124,-1777.1386212998536,-1813.5649220443333,-1768.4471534925603,-1771.2732479607967
SAIH_AFF_r41c35,-1736.8911157008577,-1689.1438963799478,-1758.9974032161383,-1805.9607786163233,-1819.9724379664465,-1741.3078497739598,-1712.39170861572,-1793.458536534289,-1764.6395967655387,-1766.329050734142
SAIH_AFF_r41c36,-1784.704423925966,-1732.898124531919,-1786.5504611420401,-1832.7095067010926,-1826.1504826148666,-1705.7533453092346,-1657.1753125343698,-1668.0581756477202,-1634.8467494854383,-1609.2215183906906
SAIH_AFF_r41c37,-1500.6612702692087,-1457.5366121791933,-1513.8490675182238,-1540.554997447944,-1558.6988836393616,-1491.0912876755349,-1490.5889437108192,-1585.373749165674,-1588.519763378659,-1559.0123676530245
SAIH_AFF_r41c38,-1587.6100145346943,-1543.7748772407651,-1582.734096295618,-1600.2006363838739,-1603.7820162631433,-1509.7327894826433,-1472.4607916824891,-1522.265581584151,-1518.053272924879,-1475.8917309379462
SAIH_AFF_r41c39,-1479.9641267813583,-1440.5630529931002,-1497.0100939237514,-1531.1384563835695,-1544.9798488005613,-1514.7420368993646,-1501.8067154958492,-1591.378139953719,-1583.2990063139378,-1565.4225678774492
SAIH_AFF_r41c40,-1491.5985446740567,-1458.8624586108965,-1496.724037744245,-1527.287625803243,-1533.3902707796203,-1479.0392335981364,-1435.9403656637305,-1452.2324804669609,-1453.7234173984743,-1421.1816068787705
SAIH_AFF_r41c41,-1530.5024248581997,-1499.8180151776212,-1555.6148324857668,-1584.6096816260679,-1596.6301069975214,-1544.2112428576659,-1506.8562237154267,-1551.1564033539496,-1540.6438338945934,-1501.492895636826
SAIH_AFF_r41c42,-1592.8906718899752,-1578.106905870461,-1603.2682479744838,-1627.5490549337749,-1616.0794861186034,-1568.3003341381277,-1525.9271495084818,-1476.1572779788307,-1448.9166697217431,-1422.9734182120992
SAIH_AFF_r41c43,-1570.9405776806395,-1537.7148110824642,-1538.8347262757006,-1556.5366488240913,-1548.1706631417767,-1499.6272009841773,-1430.321077359997,-1402.597906005837,-1394.9667918700677,-1384.4745461922025
SAIH_AFF_r41c44,-1512.6408097127855,-1505.373595593857,-1528.7331130959253,-1521.4502031349812,-1527.2916845544128,-1468.7204642786103,-1428.8743364082816,-1477.5540270986264,-1495.5316325141628,-1453.9081573353726
SAIH_AFF_r41c45,-1451.3037305713053,-1444.1645143972032,-1478.0443714072462,-1505.044334743155,-1520.2390655894408,-1485.3864683313907,-1430.4144927915775,-1455.8124396024564,-1466.7534235095393,-1435.6366902800871
SAIH_AFF_r41c46,-1502.1241708717728,-1488.4310759747248,-1501.9773906257774,-1528.669940844827,-1534.4562856626608,-1487.6317531561203,-1433.3034511112214,-1392.8873380695877,-1397.498508682115,-1368.8169986671098
SAIH_AFF_r41c47,-1537.4770237091864,-1521.244541233254,-1538.51713406239,-1538.6643859639933,-1534.4676243174902,-1493.2345921695287,-1471.3890290697973,-1500.5681357742258,-1494.9804866429693,-1480.0289520110136
SAIH_AFF_r41c48,-1479.0888846423668,-1459.0535873218632,-1501.6891144780786,-1530.8393558317537,-1527.642152602535,-1516.1237448038275,-1495.2363328900656,-1554.5416243468787,-1545.3013072887757,-1533.2313382825666
SAIH_AFF_r41c49,-1490.946336123935,-1464.8766225774264,-1518.772678113633,-1545.1865993500521,-1546.9985937880517,-1543.4220783131739,-1525.4886494866146,-1606.4638430698885,-1587.269812007531,-1569.579348847927
SAIH_AFF_r41c50,-1493.4800809326632,-1466.0358778785805,-1549.3102453631243,-1561.203218984102,-1590.9396669511013,-1562.5220627882518,-1551.150560403721,-1701.223980881884,-1692.1288745334334,-1649.401202996499
SAIH_AFF_r41c51,-1566.2274004456942,-1547.4185614739836,-1635.5193976070848,-1621.351385393728,-1688.3351288503907,-1587.869010178671,-1544.300505136472,-1658.3549493685157,-1637.5937225860703,-1569.0330211036548
SAIH_AFF_r41c52,-1551.7121805125405,-1527.4068731527123,-1607.4956816997787,-1591.439647205736,-1647.5060618515674,-1586.9130030708486,-1495.1552284287873,-1572.4297775532157,-1542.9443398720866,-1499.1647498946274
SAIH_AFF_r41c53,-1652.5767757409453,-1647.6301625247772,-1732.846259992512,-1689.5132164300067,-1788.8008436520563,-1643.3948223538998,-1619.2382806465387,-1777.7034544697597,-1736.8025011062794,-1628.272244056862
SAIH_AFF_r41c54,-1650.5107195585474,-1628.0112483377484,-1674.3990686156455,-1666.2584185837084,-1688.0004423944797,-1618.5770734950736,-1498.536689946913,-1448.071086772143,-1412.2666853397272,-1388.834939740113
SAIH_AFF_r41c55,-1594.1339433012633,-1555.935429639832,-1625.5149550379958,-1621.611464918115,-1655.0757912212798,-1611.33205369254,-1521.5789204929315,-1536.0077118870418,-1502.8234697992548,-1489.7936644687568
SAIH_AFF_r41c56,-1463.6782996767395,-1420.520671648628,-1519.6750435158162,-1518.1797301365023,-1574.1041500346817,-1563.910751351281,-1549.985839364473,-1672.8349984949418,-1656.6565299899228,-1638.3409703045454
SAIH_AFF_r41c57,-1645.503103085279,-1617.9239914318196,-1687.6924881768525,-1683.189924530872,-1742.6304107594576,-1653.064664631113,-1534.3327004959701,-1551.5373496247498,-1563.9534249158114,-1472.3404542812104
SAIH_AFF_r41c58,-1579.0629980210044,-1552.7494528967675,-1641.723383035088,-1619.577060406479,-1686.006478854067,-1602.4520067432431,-1541.7708161000176,-1638.8884930316322,-1649.347305843795,-1529.9151387914508
SAIH_AFF_r41c59,-1681.524990506618,-1679.87807356388,-1713.099975120794,-1720.9748772407645,-1729.0664824732537,-1652.1062970577063,-1540.3279864866627,-1513.753863478636,-1479.6195576739246,-1381.19783419974
SAIH_AFF_r41c60,-1468.1656166158436,-1478.1619940059416,-1489.3175489798325,-1499.7374602468296,-1543.5294611891272,-1478.7345862398413,-1403.5876689918732,-1440.677001400359,-1463.4750408983239,-1379.2373594733606
SAIH_AFF_r41c61,-1367.491337547594,-1337.9421621565004,-1440.2884219567509,-1425.052304662746,-1487.2122143721292,-1489.6109726142906,-1533.470068974908,-1745.1992704476306,-1732.1020116372251,-1687.3627729274797
SAIH_AFF_r41c62,-1617.7479365777426,-1580.4267416383298,-1673.9030734717064,-1637.5903206975715,-1687.072749214028,-1605.1566211444176,-1550.1853847140528,-1608.9443785650149,-1603.496435966504,-1507.2703482360457
SAIH_AFF_r41c63,-1611.3794016297281,-1604.8250528928725,-1633.0533092085961,-1627.66398100046,-1639.007947023335,-1574.6493726172014,-1495.631598516904,-1497.0720887971838,-1487.7477114667552,-1416.3743296744726
SAIH_AFF_r41c64,-1598.8943249044544,-1592.0329459190618,-1649.015072509292,-1618.4517878645086,-1671.4036123763149,-1591.1963064761003,-1559.0995445264641,-1670.6417779173855,-1649.3350007852987,-1530.4979817810581
SAIH_AFF_r42c04,-1892.7671460884026,-1861.4021246566087,-2006.0253685668736,-1969.334062075245,-1958.4824671479137,-1899.3320532520754,-1853.8011943366835,-1933.294425646149,-1826.0646814971733,-1802.7544591961057
SAIH_AFF_r42c26,-1774.3740898335275,-1750.8801645669673,-1822.800542121369,-1851.4952323060502,-1884.0637762223166,-1810.6758620329806,-1761.17291532419,-1809.400752395586,-1723.2856076950964,-1797.0929615532116
SAIH_AFF_r42c27,-1733.2785185803364,-1703.4618522179314,-1765.6392006113035,-1797.3798478522237,-1835.1140664974978,-1762.900767519553,-1714.047235182283,-1748.7355773869913,-1678.469610867848,-1747.1918199054362
SAIH_AFF_r42c28,-1739.597216859549,-1701.2840770346565,-1767.0559210869585,-1799.1206392770307,-1836.276876558799,-1761.9438806390694,-1714.4474234819004,-1758.5213509762389,-1680.9515585377821,-1753.6188600290113
SAIH_AFF_r42c29,-1821.9552919208331,-1787.3809692705306,-1862.4846665606103,-1886.2743667246498,-1936.579470742718,-1822.2595118440029,-1775.9316978012382,-1838.6921289474574,-1774.1593300699192,-1815.7817980768978
SAIH_AFF_r42c32,-1777.0865567988235,-1761.6536345350623,-1814.9318982857178,-1849.9331688011507,-1873.4835602607823,-1817.8302440067944,-1737.0294070841032,-1751.5313754699225,-1682.7373815903102,-1737.0625735372773
SAIH_AFF_r42c33,-1640.0029962761678,-1616.4514232963725,-1654.1374870917598,-1694.9746372654345,-1714.513742711407,-1636.1180882245553,-1600.1596423244212,-1609.3977641364772,-1590.4847500234687,-1621.1037874599706
SAIH_AFF_r42c34,-1630.396676015916,-1607.400600091319,-1631.2832770204166,-1680.7686413149834,-1679.4145378644578,-1623.4235731524366,-1579.3246598395408,-1542.4274398278,-1510.0588533037642,-1543.683256147675
SAIH_AFF_r42c35,-1569.930302548228,-1534.8353392811978,-1574.491144707297,-1605.9789486312186,-1619.5759552267223,-1561.2227214996758,-1531.9784452969545,-1570.5411495320038,-1544.9042387004067,-1565.386198209382
SAIH_AFF_r42c36,-1663.9618713932402,-1624.2735241633363,-1683.60957506757,-1714.5660617571248,-1720.8928511797305,-1616.0744231792712,-1596.2190275183407,-1647.7438848132572,-1604.2621129744227,-1594.2943507570935
SAIH_AFF_r42c37,-1468.5824443186934,-1432.425011147996,-1499.3579380249657,-1510.7657538783287,-1526.132688531515,-1463.989618673349,-1456.219491651389,-1516.0632423848103,-1520.7408605992011,-1502.377360311048
SAIH_AFF_r42c38,-1483.533590763812,-1452.957701389342,-1470.237615289284,-1495.3733246363583,-1493.9080190463765,-1446.790346357055,-1413.1155671515235,-1404.6112138803728,-1416.833362468202,-1402.9042593438135
SAIH_AFF_r42c39,-1477.3906160759225,-1488.8281413404343,-1517.008170705946,-1549.2348067378985,-1564.631981806944,-1505.338949987352,-1466.4981887790368,-1482.8493231066943,-1478.1281468171283,-1456.527603842031
SAIH_AFF_r42c40,-1506.6624386860226,-1471.2897018595643,-1508.2973946286215,-1546.0600583607359,-1558.8416880282257,-1523.4564028611883,-1476.256915017067,-1516.686526180188,-1507.0193831703073,-1487.5267825710537
SAIH_AFF_r42c41,-1556.984276352175,-1494.7730702202919,-1585.920711281788,-1600.9572380435563,-1629.1492037734656,-1579.1539623488156,-1547.0210353032012,-1673.3461289615652,-1656.9107271437056,-1604.8116866853802
SAIH_AFF_r42c42,-1668.2048065785214,-1650.006811754516,-1653.0666748411202,-1681.1203001241824,-1710.343293121981,-1628.5596648126314,-1506.5454856147019,-1438.3831096663775,-1381.5696072088244,-1359.4403064898204
SAIH_AFF_r42c43,-1529.1203227312203,-1506.9040307502146,-1561.2213926780491,-1564.390033822107,-1634.1940324973855,-1533.9503829434361,-1483.371159156873,-1497.7023341686727,-1489.1545073107386,-1446.77864122229
SAIH_AFF_r42c44,-1548.4790777247226,-1571.2427635919823,-1601.7879606616902,-1593.160276755608,-1604.6466723867707,-1502.8623054795646,-1450.643289876202,-1480.5773113604903,-1492.77422719935,-1437.5750685238759
SAIH_AFF_r42c45,-1401.8384501989435,-1356.0486778422808,-1431.0508877437871,-1429.654516991716,-1457.8660465723046,-1452.417243493575,-1463.2204892048794,-1587.0426795381904,-1586.108561737656,-1566.1136651229533
SAIH_AFF_r42c46,-1591.1099194381545,-1582.5297410959336,-1581.2237000010437,-1615.5359006334336,-1602.0054786229352,-1537.9234271134444,-1446.9099992695174,-1360.0187786323272,-1348.3273503292394,-1326.347253383702
SAIH_AFF_r42c47,-1495.8757213600813,-1490.9995280029834,-1484.5094673213773,-1511.7111247871449,-1497.4643798715435,-1431.077389256722,-1399.1451951486006,-1343.033256231795,-1380.7551274261557,-1341.7595892322095
SAIH_AFF_r42c48,-1463.6135931546532,-1433.482447195541,-1474.6000344249333,-1472.6960617353811,-1480.6179119191117,-1449.9177896062772,-1462.5821621466548,-1553.734831513418,-1554.9472776918592,-1519.49565906797
SAIH_AFF_r42c49,-1437.3209873000299,-1414.2095155853772,-1498.562678055245,-1499.3600968411822,-1525.6542519331704,-1511.2307204650033,-1506.1552433030351,-1667.8275042524542,-1655.7708839888542,-1618.1147406263365
SAIH_AFF_r42c50,-1447.309656120185,-1425.0804507180362,-1508.0867692195368,-1507.4227320021807,-1540.9123598025444,-1502.6741525567384,-1484.4024283073045,-1631.2172333673216,-1643.267969135047,-1588.9818711422079
SAIH_AFF_r42c51,-1468.439557744687,-1448.8125450029759,-1546.5438420278226,-1536.4892618990496,-1599.5265974099175,-1512.6244847485589,-1491.1007805733266,-1643.649391611969,-1642.0934626984058,-1559.9640628424156
SAIH_AFF_r42c52,-1568.7382097493542,-1556.0975404919013,-1636.1501317127877,-1609.9224746355073,-1702.4501317127877,-1568.480230040948,-1543.1704519965572,-1677.0820818445004,-1686.543885136016,-1557.674325134973
SAIH_AFF_r42c53,-1526.4672329147347,-1508.2699286798738,-1583.4347319104095,-1581.106022820354,-1635.071346213043,-1533.541284284008,-1515.0026373316784,-1625.8762593193553,-1622.0865545648544,-1551.9798952371516
SAIH_AFF_r42c54,-1698.9259446645253,-1688.6160107238882,-1726.9063485315937,-1733.8655967118973,-1780.5633510065375,-1660.0144219610213,-1528.634657563183,-1524.5376470557546,-1474.2172943566572,-1434.0788200593045
SAIH_AFF_r42c55,-1603.9087107268547,-1585.4259670396468,-1639.0175393742386,-1639.9717538591578,-1674.9643003425429,-1615.8808506974785,-1490.6180548852226,-1470.4423637326536,-1420.2831971072942,-1418.9404318708926
SAIH_AFF_r42c56,-1439.5099771563284,-1404.6975351782123,-1497.0673132086497,-1502.2508057870639,-1551.4662899373109,-1556.5263328083117,-1563.442729140807,-1672.798623642679,-1629.5297202432484,-1637.3551825929137
SAIH_AFF_r42c57,-1606.8347495101873,-1604.4444299507718,-1673.0960295740522,-1656.1418490043293,-1734.9215750217197,-1621.3034392617974,-1575.3959416554276,-1664.289972319983,-1694.020294331728,-1541.0352352801535
SAIH_AFF_r42c58,-1637.313833643679,-1638.5739903296976,-1672.290484610449,-1664.368754596522,-1715.6798837894646,-1614.011141189541,-1524.4381079798238,-1533.0189650586003,-1551.5730306017595,-1428.927417966733
SAIH_AFF_r42c59,-1624.2750635966333,-1598.6427552018772,-1649.9391611767,-1637.393443350074,-1661.2062174678747,-1590.0272284912915,-1509.3844811166907,-1510.374710064574,-1501.5882695192738,-1431.461196268997
SAIH_AFF_r42c60,-1508.980947960238,-1491.5943005559668,-1525.3291835734183,-1521.2751019620523,-1550.6269440590813,-1491.029889745382,-1411.0984390157403,-1443.1285764950092,-1446.3288497846024,-1383.0267343979808
SAIH_AFF_r42c61,-1430.6378613598947,-1376.9034408271134,-1512.948279325557,-1487.5952195226303,-1535.6727966210033,-1506.7705715232362,-1513.6570234458366,-1754.6515135308593,-1744.7317125347954,-1673.728934097555
SAIH_AFF_r42c62,-1672.1291952128477,-1672.9313457280482,-1733.4520541514644,-1714.109526057328,-1758.9200898177828,-1649.1322152184289,-1560.624463088386,-1576.4462592875602,-1580.2539516955585,-1444.0019455303648
SAIH_AFF_r42c63,-1462.70839931234,-1473.1124073576482,-1523.0657842219084,-1525.169290609372,-1565.994547764453,-1518.85167832332,-1484.7663234453955,-1574.420025617681,-1559.1197222229466,-1495.2635699360083
SAIH_AFF_r42c64,-1502.6541741425344,-1484.635986918968,-1575.1532196653584,-1548.5422186639407,-1597.3673172410915,-1523.2630679921554,-1500.0610056955682,-1693.8383621588916,-1709.0090962196432,-1595.100770362179
SAIH_AFF_r43c28,-1760.4863424610592,-1726.0501601300998,-1793.6624017681136,-1829.7014850331448,-1856.8205233622405,-1776.8454842789765,-1728.3116029506946,-1758.860669796826,-1709.7847945804608,-1742.302065848434
SAIH_AFF_r43c29,-1777.8380731495392,-1737.91234568548,-1798.7246185983722,-1823.0786860098679,-1854.8152675832214,-1778.535111462471,-1732.9233976943176,-1770.0908479314824,-1714.8493790771008,-1757.360459880845
SAIH_AFF_r43c31,-1686.1632528575008,-1660.6881626690613,-1712.339663540839,-1759.4209352371142,-1778.2352727120478,-1731.7068103398692,-1695.2491949798214,-1747.784906460587,-1668.0463482190141,-1739.9179088848093
SAIH_AFF_r43c32,-1724.0525692827846,-1717.6468286909185,-1756.039064934526,-1799.6465249281891,-1818.072070326315,-1762.8505775419887,-1722.9020653247048,-1744.2348662003799,-1680.4354595851598,-1748.8866546034503
SAIH_AFF_r43c33,-1538.5025154170717,-1526.698186596307,-1542.8398980222169,-1585.613479075708,-1590.0554752855683,-1534.442396687292,-1496.386578509281,-1482.4047910711847,-1451.468629267833,-1476.487074787196
SAIH_AFF_r43c34,-1592.9822519144,-1573.7676407119188,-1618.1307340170395,-1638.8392380134353,-1671.3373681398755,-1584.7325504656405,-1552.6391536858034,-1566.0948371586355,-1528.247556593798,-1553.3940090717726
SAIH_AFF_r43c35,-1492.1135019672267,-1449.2679242220822,-1498.7584598349324,-1507.719513312449,-1522.971168369503,-1448.4139304889172,-1432.5716798730964,-1481.1102455164962,-1486.7418503655713,-1488.8435175950488
SAIH_AFF_r43c36,-1570.3682442252343,-1544.454023154052,-1567.7887513518751,-1579.6138232991243,-1582.0135986194505,-1498.4698450024482,-1476.6290376220613,-1451.941250716854,-1444.3507647750448,-1425.3008612720846
SAIH_AFF_r43c37,-1546.3046447408065,-1509.3151749139536,-1547.8989909565666,-1565.2012380740532,-1570.3699668887211,-1512.7127013833485,-1473.5823371592387,-1479.9463989844164,-1473.6629219071092,-1449.9185462445557
SAIH_AFF_r43c38,-1521.6032620651422,-1482.0433030242775,-1507.0122877405483,-1531.836524863562,-1537.3661311949438,-1475.4734472716661,-1433.942460795513,-1439.1525387331,-1432.524240265664,-1405.0037266527745
SAIH_AFF_r43c39,-1480.243680826784,-1433.3814278085542,-1491.4508863595945,-1525.7541359957315,-1543.8204218715678,-1535.57128048334,-1526.9623545857241,-1634.8965817827757,-1603.3891500790587,-1597.4016732458713
SAIH_AFF_r43c40,-1536.7858158070417,-1482.9552879896385,-1547.4075645539172,-1570.610590375483,-1583.5904382991566,-1566.6550982214167,-1533.7067125600415,-1608.2641809210998,-1560.6520462249243,-1549.2300985486038
SAIH_AFF_r43c41,-1588.697004532878,-1531.7714159271218,-1624.811127666766,-1631.208684995435,-1677.7943054962766,-1615.7093147793703,-1598.4837866642972,-1765.135059194458,-1723.7826996650804,-1667.2919474071548
SAIH_AFF_r43c42,-1723.1161159221458,-1695.9301214789107,-1747.383369514272,-1761.7362449165616,-1811.9817428124807,-1679.8545159829002,-1543.1607795180166,-1586.552638676856,-1553.4228822369548,-1470.5140005813435
SAIH_AFF_r43c43,-1560.0664712272119,-1537.049855383528,-1567.746226229894,-1597.2501904225944,-1612.5368843984347,-1567.5111204177522,-1460.4421494850078,-1422.82784226989,-1381.6709157298224,-1372.397251632661
SAIH_AFF_r43c44,-1565.4930381585953,-1539.8630275044509,-1560.5606566303115,-1564.789388263697,-1570.389745321477,-1472.4581072272858,-1408.4459871574438,-1431.3732379434157,-1448.3542515791494,-1393.0807044823375
SAIH_AFF_r43c45,-1340.8456228197952,-1306.260182168639,-1383.0376724526295,-1399.7370994437574,-1440.9515823215818,-1436.931207508831,-1477.7093629859369,-1620.5457726191912,-1605.5727522234276,-1594.389255821754
SAIH_AFF_r43c46,-1570.9862049822325,-1567.169229882921,-1562.2684686430448,-1595.381261505668,-1584.175388934134,-1518.1234455073231,-1422.1105408285919,-1332.3055905435524,-1305.0365196123366,-1286.28711077127
SAIH_AFF_r43c47,-1504.5197803405915,-1492.2969773273412,-1489.4957361155498,-1506.4523512875453,-1515.6924584997655,-1444.2164896373774,-1397.3575223925948,-1384.9015694445204,-1372.730364929881,-1329.8315281405933
SAIH_AFF_r43c48,-1653.1746415679163,-1642.992680839038,-1703.0923821565384,-1658.9450617914185,-1681.1041828638492,-1561.5447565646057,-1507.9175390237492,-1552.3817376986567,-1532.3427702343686,-1457.5522825258995
SAIH_AFF_r43c49,-1437.4582496458318,-1413.704622168921,-1463.8627097206718,-1509.3996208203198,-1571.7959971404432,-1513.4329037883956,-1493.0881016662458,-1618.8487732961169,-1618.28723908484,-1545.463335052913
SAIH_AFF_r43c50,-1412.699449804477,-1382.0021489558885,-1465.3490260335186,-1486.6207105950637,-1504.7137779220348,-1513.2565999905812,-1522.5837438423691,-1711.610279913942,-1677.6330625108014,-1655.2886851321614
SAIH_AFF_r43c51,-1477.7902680961,-1460.4909657010942,-1515.5712793091043,-1536.6249456632804,-1557.5800962611163,-1535.701917890013,-1492.2396157935336,-1559.7325926081176,-1559.1056672549933,-1513.4023850549195
SAIH_AFF_r43c52,-1496.7143586427562,-1482.2685252330664,-1524.1576002869308,-1544.0318211210606,-1563.5837991093792,-1531.289277682809,-1488.6680995552147,-1527.6545386002938,-1516.2538725950947,-1467.8720950628215
SAIH_AFF_r43c53,-1475.5159055382019,-1448.9634731652136,-1514.5500574741238,-1523.0690291717185,-1558.691498804696,-1544.596301232487,-1510.5367742746353,-1591.0920162027285,-1571.5652704425906,-1541.6736569514896
SAIH_AFF_r43c54,-1517.196915280153,-1497.162277624791,-1571.8255709244781,-1577.0834633467055,-1657.1657251604706,-1553.2948258169963,-1533.0712464529947,-1676.2989879899117,-1681.5471006146458,-1587.3001450216263
SAIH_AFF_r43c55,-1677.1901659434893,-1690.4566810779436,-1727.4225706182933,-1730.8295550661655,-1800.0907543528456,-1658.0790254453702,-1564.5024078433682,-1607.9016149178967,-1566.2287280983205,-1475.7499456631372
SAIH_AFF_r43c56,-1508.7801437003493,-1485.6269968197462,-1579.0108809171695,-1573.8129094740148,-1633.5526024421204,-1572.597160020416,-1513.5027418236068,-1644.3102147652767,-1626.6283081835902,-1573.302631888913
SAIH_AFF_r43c57,-1733.3520627006594,-1746.0881459523791,-1763.5383604187787,-1765.462210444181,-1806.748799354773,-1681.1409429189484,-1540.4351677761013,-1491.224092511226,-1486.4474570412588,-1375.417151551023
SAIH_AFF_r43c58,-1545.887131226936,-1493.5952540509438,-1593.717588544808,-1595.474655113745,-1634.9621318813695,-1603.0500824585786,-1531.648150571979,-1626.3287165257498,-1579.4847621790059,-1572.0597418915786
SAIH_AFF_r43c59,-1612.6384701605884,-1579.2578618493408,-1678.313601889776,-1659.3266805292205,-1709.4411225526646,-1614.3141439959763,-1534.554307518252,-1608.5637694974896,-1578.5707618818144,-1486.2692539361612
SAIH_AFF_r43c60,-1617.9083901330775,-1568.1614892525508,-1647.9258305326134,-1635.1380259865402,-1664.4042754237769,-1603.0540199558213,-1532.8822596350196,-1574.4426427322549,-1541.24455298343,-1475.246851148039
SAIH_AFF_r43c61,-1547.732362168027,-1481.5247461231118,-1635.847781228566,-1604.2268813600224,-1678.3400614856116,-1581.070420396049,-1559.857663965984,-1807.0959154494444,-1796.6149843667406,-1657.2517898386448
SAIH_AFF_r43c62,-1647.572357864045,-1633.5374164618343,-1687.1275827135923,-1676.7197515254848,-1701.478768935978,-1621.1622466368822,-1523.5778367638668,-1535.2241820261772,-1509.0815002709382,-1430.5470732518218
SAIH_AFF_r43c63,-1609.5763463215246,-1632.2909447489064,-1678.1893765825016,-1658.8134513014804,-1699.694735160809,-1586.4601569475606,-1535.0144195899036,-1589.631757137133,-1574.1821628599323,-1444.1193890723216
SAIH_AFF_r43c64,-1471.5602782111605,-1494.1701621938612,-1545.278789671534,-1543.489814456096,-1566.3206914966065,-1515.1009261489212,-1540.9644042595573,-1757.1106483566007,-1764.0114184894749,-1614.4693543658357
SAIH_AFF_r44c26,-1773.1608131392743,-1737.9402793562335,-1812.6016293161686,-1841.259724309858,-1869.183110836444,-1806.4289249446153,-1744.4177669307992,-1792.4245910997747,-1733.3388569124168,-1779.92195151331
SAIH_AFF_r44c29,-1772.8657869386304,-1749.6245720029729,-1801.3334842884515,-1825.9087384689487,-1857.465631969676,-1759.3860716417291,-1694.111664031496,-1771.8063725746838,-1752.9754745924213,-1759.978032103703
SAIH_AFF_r44c30,-1758.651011227717,-1740.0147337606577,-1774.3080552588033,-1805.325972999016,-1820.5475921154614,-1746.3780006912586,-1694.10755880936,-1747.101381993758,-1726.4268417855426,-1734.8204560212823
SAIH_AFF_r44c31,-1680.514444511354,-1657.5860898112269,-1684.4964487576608,-1721.092955371898,-1729.875650232088,-1667.0983509564724,-1620.5909173017424,-1596.961762295839,-1533.4307304851902,-1600.3959249068735
SAIH_AFF_r44c32,-1572.026482279686,-1591.006818931706,-1631.0577697589333,-1648.9683092506043,-1656.5528571952345,-1581.6217064088576,-1536.083136499096,-1554.1995480231956,-1521.846731154981,-1533.7355359565142
SAIH_AFF_r44c33,-1549.2790045125691,-1505.829920113913,-1521.1671901665775,-1524.7448173508799,-1522.1863162358256,-1435.9728041796227,-1393.0126582278472,-1388.4637554836609,-1383.9161562542527,-1377.259729245846
SAIH_AFF_r44c34,-1515.5949324987942,-1475.116466105362,-1502.6723513467557,-1513.6046720528022,-1525.8452696774923,-1450.7289528473648,-1429.4736188767745,-1454.2295748274876,-1437.7559271432174,-1428.5913577498768
SAIH_AFF_r44c35,-1446.9471404039714,-1415.8938619729267,-1447.0426112268772,-1469.165201616709,-1488.8386123996165,-1420.7712899071282,-1415.0432499502688,-1460.78279739904,-1452.8094928955165,-1467.8505649037256
SAIH_AFF_r44c36,-1565.7010922365057,-1538.789104868846,-1561.6211371724405,-1571.824427760771,-1583.0002016356052,-1483.6610531663332,-1434.6005860525772,-1396.525415251508,-1394.44663072141,-1394.9972556608543
SAIH_AFF_r44c37,-1685.4633604330415,-1678.7242452479593,-1708.1014799265054,-1709.1731493066327,-1720.3112112154079,-1604.2933337870347,-1535.6166718143927,-1491.3880265727207,-1475.6249038073986,-1448.371918564784
SAIH_AFF_r44c38,-1429.6092429932537,-1388.03477056196,-1418.0503082394523,-1429.9069834435925,-1450.2977614011988,-1409.4592217805134,-1419.9540469194437,-1489.3661188018261,-1491.5187745845235,-1466.5785971307855
SAIH_AFF_r44c39,-1473.806021800362,-1429.387139671005,-1502.9360700710977,-1527.9180549302116,-1558.284930839869,-1528.7518611980772,-1504.0132875407053,-1590.3859616975385,-1559.176549427767,-1541.194467713056
SAIH_AFF_r44c40,-1501.9787826596796,-1458.2959329504818,-1514.9429623657884,-1538.818304602064,-1546.8714657397284,-1522.9915036409225,-1487.2424655669738,-1531.842524198657,-1498.029561885218,-1500.4349240667354
SAIH_AFF_r44c41,-1517.9910101943863,-1467.2549983371655,-1551.7430376796758,-1563.0270532134737,-1611.6957318717848,-1566.8106013192769,-1548.0071567546659,-1670.829680761088,-1642.671281590674,-1615.9042911722936
SAIH_AFF_r44c42,-1636.9710430321852,-1603.9687909981533,-1651.4542012218642,-1670.1792933326751,-1690.1057172859378,-1615.1527376616077,-1530.7853025974382,-1528.1172969306917,-1475.9814364311062,-1455.5287487856071
SAIH_AFF_r44c43,-1652.7373719395046,-1629.508281725237,-1626.8381765546562,-1667.6015898609066,-1663.9012946085033,-1608.3456573292221,-1482.0693869324634,-1391.5553205634926,-1350.5007773932982,-1351.9295189584498
SAIH_AFF_r44c44,-1564.3963550787869,-1591.5566776872986,-1647.5433141977655,-1664.5597404263303,-1703.3955566724578,-1601.1844475682701,-1544.0958794380326,-1618.6652661834419,-1591.3956273510512,-1543.369031258269
SAIH_AFF_r44c45,-1349.3282536107629,-1312.8301797849956,-1384.0914454818105,-1412.8025350600428,-1444.668017127373,-1455.7913944139686,-1473.365258154492,-1616.890047008609,-1593.1446581728248,-1591.142327384154
SAIH_AFF_r44c46,-1619.6659273380506,-1615.2731579195447,-1609.3270573324457,-1640.4464174422194,-1632.2430043102775,-1565.8803858824022,-1432.0744976144215,-1329.9215508617938,-1303.4752538768923,-1272.977862039709
SAIH_AFF_r44c47,-1471.877211121178,-1452.0686645063722,-1469.7331132900267,-1499.62711820043,-1531.1988137554158,-1480.0883061202096,-1404.9617035644962,-1408.0846311700727,-1391.918020343104,-1362.3109442318503
SAIH_AFF_r44c48,-1356.4596164518434,-1337.4389678858292,-1363.521046459277,-1378.758785064347,-1413.0438598787516,-1365.9856836958045,-1333.924180392243,-1385.1605970493106,-1399.6033632451374,-1343.5304257457917
SAIH_AFF_r44c49,-1357.0704441482462,-1346.3975704218897,-1382.40213471877,-1413.155751721103,-1470.861384686692,-1416.9017406128148,-1382.107126116524,-1467.0546065879848,-1487.3797636411718,-1431.9757696850031
SAIH_AFF_r44c50,-1404.1439146071427,-1393.7837616412687,-1436.5301324971347,-1473.0789616957131,-1499.6292043366518,-1475.7336341697078,-1457.1594546206484,-1508.2263837338967,-1519.9286368657183,-1475.123809698309
SAIH_AFF_r44c51,-1476.6214723589073,-1468.965009675896,-1494.2658735666255,-1524.9478261325037,-1527.9400854201801,-1508.2759291604427,-1462.263959337698,-1499.4112292701636,-1490.5900093485657,-1457.1310238637104
SAIH_AFF_r44c52,-1516.7096960827737,-1498.9909052591931,-1519.781870207529,-1537.0860963560858,-1550.9254513991648,-1513.8136546773553,-1453.9050837873322,-1500.75210417327,-1490.0420363423154,-1443.745713769609
SAIH_AFF_r44c53,-1484.907462733464,-1444.544852072866,-1490.8863897609663,-1501.2855612956948,-1528.0638682834483,-1520.018504311214,-1517.3706020512632,-1617.5371932204102,-1595.9808149019013,-1559.5244363215515
SAIH_AFF_r44c54,-1415.2593609624873,-1366.684373789309,-1478.4816890568927,-1479.6242447881261,-1524.6576337916133,-1544.336858528009,-1541.2225846308536,-1757.0633959142692,-1745.6293859878795,-1680.8293954116673
SAIH_AFF_r44c55,-1497.1098515498409,-1487.9807373539832,-1566.213714291704,-1582.2396753945668,-1617.7153758127622,-1511.1066646765125,-1509.0354981551795,-1668.7980590710717,-1674.3883612348466,-1557.464746686783
SAIH_AFF_r44c56,-1596.0372914185502,-1589.8481958931543,-1679.0452512138627,-1681.3640251802806,-1735.687398081377,-1620.47685743826,-1547.903027130312,-1626.417963852426,-1595.3362457302155,-1514.3752018741252
SAIH_AFF_r44c57,-1704.694808289564,-1706.091728248294,-1754.0939567086928,-1742.221115120541,-1777.1323616443008,-1650.9651721230393,-1566.198448195502,-1567.786361089149,-1571.6220677808146,-1430.9783883858245
SAIH_AFF_r44c58,-1667.7517427508685,-1598.170523885443,-1726.0502315378405,-1697.2396946684837,-1742.3338280834903,-1644.1541055100568,-1558.4285661931256,-1694.2006800851336,-1664.1759190180449,-1574.9882804421916
SAIH_AFF_r44c59,-1749.6835077060057,-1733.6109206615242,-1756.0770076863646,-1756.3028165878816,-1761.5326061621856,-1661.2446568633868,-1536.7854495934207,-1447.3173198549143,-1410.2647304534553,-1338.121651455433
SAIH_AFF_r44c60,-1489.0151579399235,-1406.5590246149661,-1551.5845740281227,-1530.9814105181606,-1580.4688596077945,-1539.599232025631,-1542.4155882568502,-1739.4213362858727,-1710.3672561275666,-1662.180555119306
SAIH_AFF_r44c61,-1659.4030763751841,-1601.2365729369114,-1715.562590670325,-1691.8377701779161,-1746.9428351463087,-1623.9868256354184,-1545.903607958568,-1656.0166100168167,-1635.1902256741737,-1505.3200760452344
SAIH_AFF_r44c62,-1637.4497790645366,-1621.6333884799478,-1709.5346690679917,-1665.141618587902,-1739.4463184402632,-1615.3245552495773,-1583.9856234882716,-1716.5525742646876,-1713.72135692073,-1535.1109467765457
SAIH_AFF_r44c63,-1664.4957267642794,-1670.3002655061894,-1690.2978042062032,-1682.4003906659116,-1713.4863869163569,-1619.406166865665,-1550.3425972475325,-1574.507755713357,-1573.396303336893,-1417.6820183707237
SAIH_AFF_r44c64,-1403.4961833659715,-1419.4312979697024,-1471.4426745756725,-1472.7499083798457,-1489.8260159366764,-1454.1442153649668,-1532.784014638288,-1726.9263740406116,-1736.398817314645,-1576.2764023119732
SAIH_AFF_r45c03,-1951.1207141609057,-1876.3347668362703,-2092.1475186663993,-2010.9155232981173,-2049.825353442363,-1942.3310296445627,-1880.8598357513376,-2050.511927457275,-1893.784778963237,-1862.427977561202
SAIH_AFF_r45c26,-1810.6023772005794,-1786.151890907573,-1846.569424588059,-1877.8126780552445,-1902.5988056601989,-1842.7636182912954,-1773.5666200548897,-1808.3516675884666,-1719.124051676458,-1770.2603963392355
SAIH_AFF_r45c27,-1680.9219910130114,-1660.5373106302686,-1726.7426892654255,-1752.107622254161,-1781.0153321354196,-1741.606389997997,-1690.1198222421638,-1781.1912226849934,-1727.6038263835878,-1761.9307067804139
SAIH_AFF_r45c28,-1828.0429681691235,-1825.1925793163243,-1875.379408672429,-1908.437972695523,-1943.0426577130147,-1849.4569522602044,-1767.0556473009951,-1821.8824154007175,-1782.0708883479879,-1791.620567847709
SAIH_AFF_r45c29,-1628.8305610757332,-1600.1757788661687,-1635.3939917901578,-1685.4647352141951,-1681.0587989839446,-1652.7291480849815,-1598.561419980079,-1619.586247724562,-1557.739105262338,-1600.6454978849513
SAIH_AFF_r45c30,-1642.9725231582365,-1635.758170923542,-1661.6347716523971,-1696.9844446589375,-1702.0170083554895,-1640.9292222851238,-1597.873389488736,-1616.5623270143333,-1607.3434722609938,-1593.693312220716
SAIH_AFF_r45c31,-1597.614724745643,-1562.327827463628,-1606.3917409346216,-1642.336885675617,-1645.2347727883332,-1586.1094340508484,-1539.5339859001806,-1546.8161023867515,-1513.0344019050206,-1527.9200149188
SAIH_AFF_r45c32,-1602.0069578692849,-1573.19183839586,-1602.214186018001,-1623.979311622281,-1627.7963303566125,-1562.7161074543442,-1535.176039049644,-1540.9655941582125,-1531.5395127143568,-1536.5782153730618
SAIH_AFF_r45c33,-1573.3528226016745,-1542.977706557906,-1546.344524820327,-1562.3903608048474,-1580.4080098884936,-1506.0057343875487,-1465.1029842806324,-1442.6579838112416,-1448.6486664093707,-1430.5491060718266
SAIH_AFF_r45c34,-1511.267610117049,-1478.8089382530563,-1521.0191168720075,-1534.013014188288,-1562.2022939202807,-1485.3533294718713,-1484.9859082536311,-1531.358905117492,-1521.9189613696785,-1486.4704963029114
SAIH_AFF_r45c35,-1465.9673014432478,-1435.6269787868885,-1475.5746631824425,-1490.0834233078335,-1514.7048341079026,-1450.0745458244055,-1433.4615196040138,-1451.0551582768762,-1447.6768663839696,-1436.5979444088064
SAIH_AFF_r45c36,-1633.2322988301833,-1614.3762274724245,-1619.3610777755744,-1640.1916970164982,-1654.0304141838935,-1553.3676677763053,-1467.204824840598,-1378.5646581861058,-1366.891259770211,-1354.1897481920541
SAIH_AFF_r45c37,-1674.8924261231518,-1660.3395440653428,-1696.815208774478,-1689.9432454703845,-1697.3169559503103,-1603.7465890955414,-1549.032249736624,-1538.4148525592248,-1517.0243848376472,-1492.5979696252214
SAIH_AFF_r45c38,-1539.351779666771,-1493.150879005624,-1478.3651643471844,-1473.4634125977814,-1477.988060760714,-1408.2236598360496,-1367.214601042601,-1373.2908363207569,-1392.2419704963086,-1363.3241988760058
SAIH_AFF_r45c39,-1409.3660622308955,-1353.3937430074393,-1410.7641109630413,-1417.4096645394527,-1440.93758655133,-1448.6193176039242,-1481.179708587721,-1610.6686652253438,-1607.0964524062283,-1596.9350777038605
SAIH_AFF_r45c40,-1516.244046563544,-1481.186726157572,-1542.6288398752492,-1558.9073683881165,-1582.6381259844193,-1546.4663890308686,-1508.555372435306,-1549.4293854113466,-1542.3456304957842,-1510.855067853011
SAIH_AFF_r45c41,-1577.890174194579,-1527.6211731066792,-1615.4395354115659,-1608.8647298379667,-1641.665043946503,-1579.429105129835,-1544.98436762178,-1659.2120937003547,-1632.2396329834867,-1584.3503066732446
SAIH_AFF_r45c42,-1680.0107694073756,-1656.0743710019149,-1700.4734625940532,-1710.1928344829794,-1736.7954934413103,-1639.3468072672674,-1519.0216066453129,-1512.5053403529316,-1476.295459526025,-1434.5546453504794
SAIH_AFF_r45c43,-1608.4081079178152,-1592.691754655429,-1584.5532848123873,-1621.7560740279077,-1612.594259890423,-1569.4246199902468,-1466.917700409673,-1383.153247782787,-1334.239805777139,-1347.5386476894312
SAIH_AFF_r45c44,-1408.0738549085836,-1398.7253084568483,-1425.1129978275733,-1454.3219895629375,-1468.5622403446762,-1464.5401535047197,-1438.2798214066902,-1502.8814915462942,-1501.850897530527,-1477.3691780482604
SAIH_AFF_r45c45,-1368.7277724871221,-1347.4131628726163,-1408.9366381840762,-1440.1741908551362,-1461.934749200971,-1479.9916743852389,-1467.2390268084325,-1606.4231426521487,-1591.7242136846976,-1580.4834831387445
SAIH_AFF_r45c46,-1555.3442192701427,-1536.874623018565,-1572.1997453744775,-1594.622817681864,-1611.726671501769,-1552.281029876757,-1430.8688052427813,-1414.732259697163,-1386.6522196249498,-1370.02827752095
SAIH_AFF_r45c47,-1580.1540122458814,-1562.5387794803369,-1586.22412875904,-1603.7268016772919,-1611.1183281352728,-1541.7684731247887,-1421.7038641270944,-1354.305930488482,-1337.9674608058947,-1311.8683072734705
SAIH_AFF_r45c48,-1362.6780121165375,-1347.095213630191,-1392.17354600293,-1408.5161731991482,-1440.3059203062815,-1408.4054083657834,-1363.832932143765,-1415.8229984639213,-1438.1085637239478,-1372.1097268694475
SAIH_AFF_r45c49,-1485.3701644630448,-1497.4632488755803,-1627.3699348826556,-1634.2288342533977,-1673.0730248259918,-1568.8039435649696,-1516.927256931765,-1587.444363279663,-1565.5605883519283,-1493.7505087292757
SAIH_AFF_r45c50,-1438.2477260636956,-1425.9447136196313,-1469.9273487780242,-1496.3143873410634,-1509.6860194640649,-1482.1323081496662,-1452.6144478402864,-1528.495055753168,-1522.1934671270214,-1487.446966694139
SAIH_AFF_r45c51,-1495.825936776863,-1469.5102123874015,-1518.4226537858556,-1541.4731352511997,-1559.900049307484,-1507.519815605693,-1456.514921381972,-1520.8573135512145,-1507.0139443634314,-1451.2006840434285
SAIH_AFF_r45c52,-1448.855491510397,-1456.3414751832283,-1460.781012493157,-1490.2784695234905,-1512.443874703324,-1474.233747163614,-1411.5923815236988,-1443.7071907357702,-1435.684538744429,-1378.794194204641
SAIH_AFF_r45c53,-1423.6077633432467,-1403.3623415244956,-1434.2277169092713,-1445.4362315437997,-1493.8525382167275,-1460.3574294360103,-1403.3277456044252,-1505.8226404758184,-1520.1180022956125,-1435.964960609381
SAIH_AFF_r45c54,-1463.594268248481,-1396.0068797709216,-1507.1842281642948,-1491.5248289837134,-1530.9547859786248,-1495.8231862362898,-1508.9927499002506,-1761.5857376454976,-1753.578229358737,-1670.6145268005985
SAIH_AFF_r45c55,-1462.8197324344947,-1436.3792876746677,-1540.4311311008416,-1537.9951631586134,-1591.1096507247478,-1484.3847845596797,-1458.8342038256487,-1652.21522117984,-1677.2518757761436,-1533.192852745055
SAIH_AFF_r45c58,-1704.4886501739543,-1702.3608238012566,-1764.641205188795,-1747.4844696199204,-1807.6187741562005,-1642.9485893564133,-1585.1647185232762,-1677.562272781807,-1658.4635251224483,-1489.0750309042862
SAIH_AFF_r45c59,-1635.4665539535674,-1574.5225661015347,-1666.4859030354253,-1645.958551845415,-1685.4592641295772,-1585.8812155272728,-1517.0048972797522,-1550.0041302045004,-1526.2181389815107,-1467.2857929314273
SAIH_AFF_r45c60,-1521.3219445284756,-1449.4454437826655,-1592.3325605774587,-1568.6019359751365,-1625.1330174509008,-1557.3935787376565,-1556.133825845689,-1710.6584427708685,-1683.9091416412025,-1619.4869978825313
SAIH_AFF_r45c61,-1615.5501018760383,-1604.4893388884732,-1670.5103558747694,-1651.783709748538,-1689.6144416123877,-1586.288667889358,-1518.1743267181355,-1550.1000628735605,-1551.7316655752984,-1431.296604045305
SAIH_AFF_r45c62,-1650.9814208704902,-1647.4499440591946,-1671.8850462000714,-1676.0490010197182,-1690.4045837560454,-1609.4297610323408,-1534.1928536593675,-1518.7962633103964,-1490.9162530871813,-1405.1650475562121
SAIH_AFF_r45c63,-1644.166866662144,-1639.434340614907,-1639.3149459229603,-1652.602347251279,-1639.5186491435834,-1594.210743931006,-1529.1665771034732,-1489.7302695765125,-1460.3050983195153,-1351.6674170844824
SAIH_AFF_r45c64,-1402.7378567349028,-1392.0925091865067,-1467.2379545330114,-1468.2806492751242,-1505.5224296701244,-1542.4365029482915,-1600.0391792261212,-1900.9272538552068,-1884.0215129758583,-1747.2248182911198
SAIH_AFF_r46c04,-1905.5722927217587,-1850.877583940421,-2011.4389490884523,-1968.0650181471574,-1982.8960112915638,-1894.2946726441426,-1878.9521784444246,-1950.4281131670318,-1821.5292475607387,-1792.7928631657232
SAIH_AFF_r46c22,-1908.2177266037834,-1905.0092280780766,-1968.169211109307,-1944.1645525534323,-2007.7379686706224,-1809.782210548918,-1746.2997213769836,-1855.4807242103489,-1801.8699898920586,-1750.191210281817
SAIH_AFF_r46c25,-1879.609591371953,-1909.1946336483347,-1948.5301929268871,-1992.3024894636271,-2081.9804167430175,-1960.4146435957173,-1840.4227585665296,-1972.4245752728982,-1946.146734378682,-1844.2605324467936
SAIH_AFF_r46c26,-1778.3523402762137,-1749.3873697882566,-1809.0259690267571,-1816.3852748783638,-1856.509209747615,-1796.8542518814907,-1735.178460136483,-1769.136289600343,-1673.2335772157594,-1723.355762835251
SAIH_AFF_r46c27,-1664.7940745316903,-1639.2060354125,-1672.6081955540667,-1706.2866663874436,-1717.5557678816367,-1670.0852983675907,-1604.312162968702,-1598.800794215888,-1526.6687774206046,-1583.3342015434068
SAIH_AFF_r46c28,-1616.422763290895,-1591.028425308607,-1611.2094595656208,-1651.794979024715,-1643.9210349902332,-1602.3962862484877,-1522.7471836555142,-1479.2671952822632,-1440.3276831867774,-1472.0920267729489
SAIH_AFF_r46c29,-1465.180308471985,-1435.10995466111,-1487.4947305320252,-1536.8332068102577,-1559.5941017559653,-1545.7478142047896,-1540.2150874841625,-1603.80090154236,-1567.7289692470392,-1600.4372061610627
SAIH_AFF_r46c30,-1545.6480977193578,-1526.1223927103242,-1564.1394726506242,-1588.6819119687887,-1591.136958969391,-1553.4217093032387,-1526.7583540624748,-1541.2804508915717,-1507.4326019219186,-1525.8861695163778
SAIH_AFF_r46c31,-1563.0560186397197,-1535.6502251426782,-1574.725480391644,-1600.0275590345052,-1617.932318445993,-1580.6463977171582,-1535.5724462013727,-1546.921202680769,-1506.2057149588982,-1537.3896957955917
SAIH_AFF_r46c32,-1640.8077789241593,-1617.7416897543199,-1642.572981423387,-1671.6455726698057,-1684.1056829668116,-1632.8164073342798,-1587.4357203085808,-1541.4814181492527,-1499.273914705745,-1517.4145905236755
SAIH_AFF_r46c33,-1657.8004716709497,-1625.233806923773,-1661.848023536432,-1685.5311611690731,-1696.8444271108706,-1636.6672390235726,-1579.4073697931658,-1549.6775257429733,-1526.4592352753332,-1527.5655784905475
SAIH_AFF_r46c34,-1554.3717257742655,-1538.1982526987324,-1560.2328425595665,-1582.314896581344,-1597.8673575210953,-1547.2723820597837,-1508.746819398396,-1510.7936890788437,-1478.023478051361,-1466.6525091267163
SAIH_AFF_r46c35,-1462.1393621142793,-1440.3214218401517,-1481.8237411390223,-1502.0067563322623,-1522.805820236014,-1485.8248955530187,-1460.3813309529546,-1518.2101321424464,-1502.1321267394749,-1496.282449242432
SAIH_AFF_r46c36,-1556.536079585627,-1533.7369264529514,-1556.0515426392728,-1573.7818832192488,-1591.4853277748389,-1526.4145224391034,-1473.9971928207437,-1425.8278533982057,-1410.8846594985835,-1410.5068241689758
SAIH_AFF_r46c37,-1648.3178753343836,-1629.1889746260924,-1633.6013019374632,-1646.853491464379,-1654.8685341555731,-1574.4834862817565,-1497.526580568832,-1423.7826753846393,-1402.1594520031617,-1392.6476052621938
SAIH_AFF_r46c38,-1478.9640378581944,-1462.244276488428,-1508.2070442010659,-1547.545916416567,-1569.342999533844,-1504.8394090811487,-1456.1502621475684,-1479.1836447154092,-1472.9726146142698,-1429.526201662451
SAIH_AFF_r46c39,-1413.8761923709203,-1383.7468142362022,-1435.2089253740724,-1452.3952388930193,-1478.5128137336003,-1450.8205579929424,-1437.9891626441056,-1504.0197821010859,-1498.3574076207033,-1483.8762604316094
SAIH_AFF_r46c40,-1424.6155803227884,-1397.0121974840722,-1450.0566580987627,-1482.6157975741141,-1503.7257110400317,-1494.3707249912318,-1487.4465404689483,-1544.131486784314,-1525.8842286007443,-1525.3371635876308
SAIH_AFF_r46c41,-1516.956813432561,-1481.7805267650917,-1538.7630290302134,-1563.9815464624817,-1582.5492722806755,-1561.4162690702267,-1522.0315860039075,-1582.5156908750962,-1554.3484437438124,-1538.6262314142202
SAIH_AFF_r46c42,-1597.2619030161468,-1573.2551364571927,-1646.5325575183704,-1655.4835732878037,-1728.8461131565577,-1624.5907148356287,-1591.5011993359137,-1729.5498457622598,-1709.3712285075337,-1616.6953005933833
SAIH_AFF_r46c43,-1638.2754956209462,-1615.0456411008095,-1639.0976557796705,-1665.9872240515547,-1678.3155195971167,-1615.1054611224831,-1481.9807091292673,-1433.4833161451766,-1371.8905576815364,-1368.027190443036
SAIH_AFF_r46c44,-1570.3334607289826,-1553.9479937802996,-1575.5698904746448,-1602.294925290305,-1603.6524376197606,-1575.981181219438,-1494.8749620430774,-1477.5891621205612,-1432.9664382270716,-1422.9410960912226
SAIH_AFF_r46c45,-1448.067278431619,-1423.211003912572,-1471.1015095090697,-1501.1802375826908,-1520.0689675942663,-1530.0983223603237,-1519.3710317772088,-1591.7201122965803,-1545.2062506874493,-1557.7235482367241
SAIH_AFF_r46c46,-1476.7816909153755,-1445.759720432811,-1524.482164367491,-1540.855625909981,-1570.9526731190228,-1549.816628958091,-1528.3671086949682,-1652.7093140181626,-1628.5471697619118,-1606.1804014915836
SAIH_AFF_r46c47,-1567.3118776894805,-1557.2077116771889,-1556.3839400697298,-1582.5753185496958,-1584.8581995791055,-1508.493783438557,-1406.8241747023894,-1306.911853084985,-1293.2638884526384,-1271.9445325669287
SAIH_AFF_r46c48,-1467.9695662417212,-1461.69263631842,-1488.9740923012482,-1524.4905054841497,-1536.0120075390685,-1509.4641815659272,-1438.5463181592097,-1458.5336561870101,-1446.7537341954398,-1428.5528991387657
SAIH_AFF_r46c49,-1393.0947689826023,-1382.6032377001961,-1416.5297452576228,-1448.1427112465824,-1467.9270260503406,-1444.5942766761978,-1416.6150609098238,-1476.9390456588,-1477.8923891524996,-1441.3308403775043
SAIH_AFF_r46c50,-1444.8742239113815,-1424.4582822920925,-1467.0483111892872,-1494.2403309566441,-1515.0516380312215,-1472.3528284700187,-1418.8721534692345,-1470.8768518809359,-1467.8319094135754,-1422.598664028227
SAIH_AFF_r46c51,-1562.4497978401369,-1533.3768134158731,-1617.1816872492636,-1627.2485414113482,-1655.012098167992,-1575.0572908483382,-1531.0799238496272,-1655.360831788329,-1644.9892582932682,-1543.805264012402
SAIH_AFF_r46c52,-1546.3135547073384,-1550.5079219222043,-1562.2889616679483,-1590.6082941949526,-1589.9490101524168,-1537.490156501159,-1461.4632989334461,-1443.0540188178372,-1417.677620177078,-1380.1004324856399
SAIH_AFF_r46c53,-1436.9596320618366,-1410.4001759567655,-1462.2736232430511,-1483.6234682335196,-1505.3709440918333,-1481.9217699365304,-1451.5880045664971,-1589.7874248517987,-1578.6935969542722,-1509.1046759462918
SAIH_AFF_r46c54,-1496.9299498445073,-1469.1291713349312,-1549.24365988503,-1547.4356721778374,-1587.8367538192517,-1548.0050286378437,-1538.256175198685,-1696.6256243259372,-1679.7033993696532,-1598.947779127357
SAIH_AFF_r46c55,-1411.9652244957808,-1392.2910563059404,-1466.9102252551859,-1474.872053378303,-1500.9858017482018,-1471.0767889221163,-1442.3346461435322,-1568.5864647871826,-1571.7896998517847,-1488.2585459230427
SAIH_AFF_r46c56,-1554.8203724158875,-1542.598595457092,-1637.718431811876,-1625.5460468111173,-1672.285777105375,-1558.7228475105094,-1572.0242457714514,-1780.2328070441774,-1789.9372719515457,-1614.5232851541437
SAIH_AFF_r46c58,-1612.0326508067797,-1621.9669408290827,-1669.3906709736868,-1648.4818932389549,-1665.4784378501195,-1554.7333408374593,-1453.711482885354,-1447.3251625603377,-1478.5759426405455,-1327.7970822906084
SAIH_AFF_r46c59,-1531.542354771295,-1487.1599414423613,-1597.321265641121,-1579.2990551164598,-1630.7546078785676,-1550.3074773599817,-1526.6704823410475,-1660.3042875923795,-1657.670917071279,-1588.5061543135184
SAIH_AFF_r46c60,-1638.4881270841736,-1622.7153850583443,-1681.4689016505865,-1681.3508975358993,-1708.2884129136294,-1620.368798521644,-1553.5651675452693,-1556.5799903676523,-1543.3555121634568,-1463.606246368238
SAIH_AFF_r46c61,-1632.7292564641066,-1619.4839032361126,-1657.8814883287337,-1674.784292365625,-1686.026270170055,-1634.225606083619,-1523.70708446153,-1496.0652407313326,-1457.841064423717,-1413.1139945218117
SAIH_AFF_r46c62,-1566.842473534863,-1549.4307273069958,-1580.9453498842963,-1604.8520072667873,-1603.073955791964,-1570.0926750992112,-1490.8252620336534,-1494.6381946116876,-1466.2226945750392,-1427.1617174329601
SAIH_AFF_r46c63,-1598.4361502126137,-1576.6941965688427,-1636.1336485892027,-1624.6522732985609,-1651.4944227989693,-1588.9301409748837,-1543.4956796330043,-1610.6434021449963,-1578.9076462640608,-1489.130218479649
SAIH_AFF_r46c64,-1529.6236898317327,-1537.6488408741086,-1576.862415316796,-1568.854200915154,-1623.300464383317,-1542.8708260473486,-1503.9702810382914,-1582.893385548098,-1577.0708825900758,-1468.7816796331003
SAIH_AFF_r47c25,-1727.5583477728283,-1711.4170509927912,-1759.5527490878244,-1783.7537285305214,-1789.6447308495658,-1741.2195762902618,-1689.9423720207078,-1708.971307720897,-1648.1375957325401,-1692.8517356185243
SAIH_AFF_r47c26,-1726.8581430666109,-1701.6595072266437,-1744.584216589862,-1770.5875026183496,-1784.274476330121,-1722.0496281943851,-1666.3689673229994,-1675.0918700251354,-1600.1778409090907,-1634.222358085462
SAIH_AFF_r47c27,-1633.0952478170748,-1603.5878352911623,-1643.8499853424632,-1663.7991629499345,-1672.3823994388263,-1605.8207671126747,-1558.9593907699398,-1586.215125531336,-1541.855387691857,-1568.3970674456107
SAIH_AFF_r47c28,-1591.2428859447004,-1564.9239029116043,-1598.132517281107,-1614.0743480310016,-1622.2100701717634,-1544.0715202136575,-1392.9872198366145,-1363.7493139924597,-1347.9667574361115,-1363.0239317134487
SAIH_AFF_r47c29,-1455.0578321389119,-1422.999921477069,-1466.9175980358793,-1505.2123024493922,-1519.56121124239,-1498.774817172442,-1466.4948933920334,-1515.9092222565396,-1484.632614761264,-1499.8794542132798
SAIH_AFF_r47c30,-1509.9981201974065,-1488.4790407246928,-1521.9128640808474,-1557.8653218311058,-1564.8668822243458,-1544.2894712727934,-1492.7572384181392,-1509.5910303569804,-1475.207312379731,-1496.9694649893308
SAIH_AFF_r47c31,-1465.8722504783786,-1439.733980592691,-1478.3193567892883,-1517.9513246653996,-1525.2925912449848,-1524.4886773240225,-1511.198800589497,-1534.5482159357737,-1500.2987689158451,-1524.7386871402357
SAIH_AFF_r47c32,-1581.4392438206962,-1561.9744108713876,-1610.7968501256817,-1633.0877932551332,-1648.2656603477185,-1599.9241411813994,-1588.8294223921246,-1633.4176712400513,-1610.4125366568921,-1585.185193234186
SAIH_AFF_r47c33,-1725.0847760600273,-1713.8031322545266,-1720.9318954484424,-1751.157942259525,-1752.714608376582,-1673.962841118168,-1586.303439774502,-1486.212406010117,-1453.5973896134137,-1430.7253885874752
SAIH_AFF_r47c34,-1548.312016381809,-1528.4621209939073,-1560.3158185536563,-1581.2136234016866,-1595.0600387025486,-1562.1640432902925,-1531.0288174250504,-1546.0293306658784,-1513.9139771712587,-1506.6165724415864
SAIH_AFF_r47c35,-1611.7446460447998,-1586.6424379799719,-1645.1940615724498,-1645.3816057415968,-1670.9854392311033,-1621.8793835426407,-1584.631732687002,-1650.9650206515307,-1614.0292864359496,-1584.9508760541714
SAIH_AFF_r47c36,-1588.4962138866047,-1572.5469912704687,-1610.9010242929182,-1611.4759950984756,-1633.8671796859035,-1566.3527133812665,-1519.5194516157749,-1502.3951932593566,-1490.4784144406449,-1458.9536423667662
SAIH_AFF_r47c37,-1565.443483062846,-1552.5964395729786,-1545.7877065291061,-1564.1430425895528,-1566.9458346092135,-1491.4328075396045,-1436.079502419593,-1332.6683678409997,-1334.4346788313712,-1321.0733808091832
SAIH_AFF_r47c38,-1566.1904044913827,-1580.6426534550803,-1662.7349137310248,-1678.237106788134,-1718.121596178974,-1604.7683686535552,-1547.072264832269,-1559.5463710469326,-1538.6087507561163,-1472.501792415034
SAIH_AFF_r47c39,-1515.7194102435249,-1509.8725029838565,-1518.3098106036819,-1513.7993697259044,-1515.7726013987483,-1447.5941537366257,-1426.6264474317902,-1448.8818942772796,-1445.4891036916063,-1408.7283330192445
SAIH_AFF_r47c40,-1542.1528936975421,-1524.8500637286068,-1551.9088851026854,-1540.4756143202235,-1542.41912748077,-1478.4526746386316,-1462.1365074629202,-1487.578692398891,-1478.6224256652251,-1451.614461552151
SAIH_AFF_r47c41,-1452.074777440301,-1427.1207556556349,-1471.6518904482607,-1506.3577372224538,-1519.568718579807,-1527.7272491621277,-1518.7404953917044,-1584.5334651235855,-1554.9719679514021,-1563.866223292834
SAIH_AFF_r47c42,-1521.4469001523876,-1492.886704615078,-1557.0177261325612,-1584.3830729834885,-1619.9227669524143,-1586.7824922366358,-1571.7208409046875,-1687.6331580793988,-1650.6388346311567,-1610.4351909552215
SAIH_AFF_r47c43,-1704.3400045539129,-1688.7396208736711,-1764.8888949956688,-1760.2938870263215,-1801.418999238397,-1701.1814001449925,-1644.8421912172296,-1709.898049930775,-1648.776277254776,-1601.677051681676
SAIH_AFF_r47c44,-1706.7512053269986,-1685.1180854015424,-1730.6705387196591,-1728.8029205295593,-1742.8585671135525,-1648.5155030440749,-1551.41929936606,-1533.1330466373893,-1457.999712082587,-1417.8451737189005
SAIH_AFF_r47c45,-1491.4530295452355,-1473.0940247035142,-1508.8699281728464,-1530.6432628329183,-1550.5182605416758,-1512.1643985556018,-1458.8206887341614,-1441.7515037091948,-1421.4819306133468,-1406.6946992450694
SAIH_AFF_r47c46,-1336.9549803362988,-1299.8590680819652,-1396.8867910201564,-1406.8967773524446,-1461.7530516702363,-1465.2896141096876,-1510.4879425641882,-1682.8304261079484,-1664.9908358251162,-1640.005451374888
SAIH_AFF_r47c47,-1573.6149175449568,-1564.9109024907934,-1565.422382860448,-1584.2558108493613,-1588.5390290692962,-1509.7923614255383,-1409.859817266748,-1297.344471285335,-1292.4874020838183,-1261.2418088027068
SAIH_AFF_r47c48,-1478.9985473333747,-1455.784154678896,-1504.9370354084208,-1530.6591939401555,-1553.1446646564889,-1514.3873175660096,-1436.0410803651816,-1445.8831611072717,-1425.122560567037,-1407.4444636388384
SAIH_AFF_r47c49,-1389.8568058399358,-1367.724030037546,-1424.170032100795,-1448.6211975220058,-1476.129474081095,-1446.8400092165416,-1449.638428789124,-1506.5458130194113,-1508.9736543063768,-1471.8369195804382
SAIH_AFF_r47c50,-1553.2884657159243,-1534.3475857592648,-1564.3554975699255,-1589.0375438054689,-1592.716483418698,-1542.7124476886163,-1433.597246176919,-1398.6315158589543,-1388.9064061326355,-1337.3390274989729
SAIH_AFF_r47c51,-1436.6211687203163,-1388.5489078921885,-1494.9087405281725,-1497.0433989139158,-1528.4622697828368,-1500.1868941825826,-1504.1364257623304,-1691.3479008802863,-1697.8980891386213,-1612.7313456674415
SAIH_AFF_r47c52,-1610.5431374550753,-1609.2447077793745,-1622.8440957743383,-1645.2080660064976,-1645.7223151485646,-1572.514393112457,-1472.3714985746933,-1409.9182169659944,-1387.1188200710424,-1327.927690217606
SAIH_AFF_r47c53,-1516.1556945488064,-1504.3488125502356,-1575.142891926494,-1559.758501700472,-1581.882040460477,-1540.8306493207288,-1521.8138147887316,-1640.2270960039593,-1605.3543996250858,-1553.2270698227278
SAIH_AFF_r47c54,-1551.1526032832885,-1529.3147706095447,-1647.0500738111698,-1624.2278592667044,-1655.1151323366212,-1577.239033021338,-1554.239211005716,-1706.4441914274328,-1681.0249387524345,-1601.828587955692
SAIH_AFF_r47c55,-1551.4822031723752,-1547.804970648457,-1679.89913123622,-1668.9438288446336,-1725.7916695031968,-1594.8504694675873,-1564.2061127664808,-1740.1553458559606,-1764.9406082917455,-1605.3702902686937
SAIH_AFF_r47c56,-1525.9438975940031,-1496.948647821046,-1596.865857775846,-1595.306137083962,-1633.901692546462,-1529.6693789634298,-1523.784850047241,-1666.2292069607186,-1705.2661802155008,-1582.4644204068707
SAIH_AFF_r47c57,-1623.6116170317507,-1642.780887196863,-1734.1549635789515,-1704.5961793245742,-1771.955011756329,-1627.8399516131574,-1617.2175470384004,-1797.0793224794588,-1872.2478621289179,-1630.939155115444
SAIH_AFF_r47c58,-1635.9047574177598,-1613.2069618066466,-1738.3896627719494,-1709.627483929056,-1768.4217235169697,-1645.7889157610387,-1598.6698468287361,-1713.7621448164666,-1711.4733128127818,-1553.0321287978727
SAIH_AFF_r47c59,-1710.6976671109503,-1707.4676330956531,-1742.1000269713284,-1742.6995184439368,-1768.2783100760166,-1652.3836946531303,-1552.5453419467003,-1520.0126712875788,-1513.6652805672875,-1420.0341017107146
SAIH_AFF_r47c60,-1625.0814077348477,-1606.6912028349423,-1645.5435853950264,-1652.6844714189626,-1671.2847713490846,-1612.882213306324,-1529.1381510590468,-1519.9642151435926,-1484.1389440680045,-1466.7763348329843
SAIH_AFF_r47c61,-1614.136831604359,-1600.3973481496232,-1645.1872607495775,-1656.5583522289887,-1675.838914752227,-1620.7066364336172,-1564.198807609931,-1566.751766067417,-1519.746566052754,-1494.8697273265223
SAIH_AFF_r47c62,-1548.4027153229652,-1531.5203269694862,-1633.7000188455036,-1645.1710805278838,-1689.4655284331538,-1638.885003167092,-1631.400385809336,-1746.4492951258208,-1694.627382516608,-1629.9455417297029
SAIH_AFF_r47c63,-1550.6313570970399,-1537.2309067822116,-1639.467047165241,-1616.6579151994335,-1682.3538924742436,-1586.6352842612346,-1591.464790354884,-1792.2694244086335,-1760.4949064680395,-1644.3919912031515
SAIH_AFF_r47c64,-1705.6651956781197,-1709.9502141047387,-1755.8340033921727,-1731.6137189312562,-1788.2499999999993,-1663.6098346839203,-1582.202975480033,-1611.947960508407,-1578.4173759867667,-1469.8497209833113
SAIH_AFF_r48c25,-1787.294128425958,-1764.602727677286,-1822.324740190047,-1829.4797832517474,-1856.4117038820968,-1759.772437894296,-1707.8359624093605,-1738.2765424988884,-1680.704026072616,-1705.2849087720208
SAIH_AFF_r48c26,-1672.258263110208,-1646.5183435547476,-1713.6884711871326,-1728.3975353385104,-1737.5423433662052,-1662.090644132419,-1606.5467243465187,-1640.0973190390641,-1601.4856577231467,-1638.1195250839269
SAIH_AFF_r48c27,-1513.3322932263902,-1486.0360826361477,-1525.03192308095,-1555.3484000502597,-1565.674447399558,-1526.230586997267,-1497.1935986304097,-1515.38337277363,-1497.3705538045926,-1530.2250269625035
SAIH_AFF_r48c28,-1547.6443916643545,-1518.0698128721751,-1558.0457921116179,-1588.0289359428943,-1605.0594744918546,-1536.5205693965104,-1458.5557455522464,-1463.8627755461187,-1451.7308433583512,-1482.5940169373473
SAIH_AFF_r48c29,-1525.956077296001,-1507.4762206422836,-1529.4538888830714,-1567.1817246578642,-1572.859546296975,-1501.1195119525037,-1363.2361810623747,-1304.504591478802,-1299.3131419955394,-1305.2817319874769
SAIH_AFF_r48c30,-1399.986774370925,-1379.7654604487973,-1428.4379618234668,-1464.5311172789404,-1480.3915215626726,-1485.5088869105293,-1503.680738917546,-1579.3677856039383,-1563.522835222958,-1574.3048728758092
SAIH_AFF_r48c31,-1534.5312032043569,-1507.068260118331,-1555.7025236923405,-1590.9771846693548,-1594.163207497775,-1552.5262448295725,-1501.782883920625,-1541.815767841249,-1508.552340436672,-1506.3708544950005
SAIH_AFF_r48c32,-1498.9789749605902,-1474.5470909557512,-1536.9640670580663,-1561.565950382059,-1582.249200006285,-1569.1497048795688,-1567.5445011233958,-1639.5497226863038,-1603.7439365451792,-1614.9716951487128
SAIH_AFF_r48c33,-1750.7948231364799,-1733.576893881887,-1754.4087308858084,-1781.2828533736767,-1796.0557603011148,-1684.2776445768302,-1606.3346874460135,-1521.0702349978797,-1501.3823335409859,-1451.7713442883833
SAIH_AFF_r48c34,-1481.4077088669255,-1452.6805361323675,-1496.1462893417763,-1525.2355583140848,-1540.5708662654583,-1530.3897801731587,-1498.0646176730936,-1547.5149536724234,-1524.1326477166187,-1532.8881643385023
SAIH_AFF_r48c35,-1665.1664895343606,-1634.1061197030467,-1681.2004701422993,-1682.937234955971,-1699.146647225742,-1633.3667083756532,-1575.4853695695433,-1574.8631535135025,-1544.1070516109442,-1514.5318785797322
SAIH_AFF_r48c36,-1564.9889807739644,-1543.3815642692168,-1571.9887686643376,-1589.871652726787,-1594.5730207029467,-1530.5722010694512,-1480.4467735769015,-1449.5959730594593,-1460.8973520338957,-1432.2486972279107
SAIH_AFF_r48c37,-1572.5101820199664,-1550.6946990676522,-1575.6426477439893,-1584.6572114352718,-1585.90467901771,-1508.101280997576,-1469.8424666139676,-1428.6924323249032,-1432.4613842312183,-1403.7637195520954
SAIH_AFF_r48c38,-1533.7554773390332,-1520.4863452805591,-1544.6986088632598,-1551.8316703592554,-1559.85246408238,-1482.4303934046716,-1460.5201180580657,-1475.758819000331,-1474.3739753722712,-1451.8123379582348
SAIH_AFF_r48c39,-1449.0714480173397,-1463.6156822298774,-1501.3365836675289,-1515.3558579311643,-1534.2377438405076,-1461.3831371789365,-1419.483003151733,-1441.403463765536,-1448.9479649853931,-1404.890184077987
SAIH_AFF_r48c40,-1481.154989189784,-1461.7229208001131,-1492.5184480402886,-1513.1089240562658,-1520.0904393711758,-1474.4871036472048,-1449.665312553986,-1453.690906330652,-1449.2178271726448,-1428.351818890919
SAIH_AFF_r48c41,-1500.6568092427422,-1488.6680798579648,-1506.2627514546523,-1534.4695923829074,-1539.731547771802,-1531.0626299498788,-1480.7851696091416,-1473.4945270479052,-1447.9324286814108,-1446.7096428702355
SAIH_AFF_r48c42,-1423.625461534836,-1387.8434342905327,-1444.683961893589,-1471.5397561524885,-1495.1737858687861,-1507.550186185117,-1539.5134231351371,-1599.5223841122036,-1584.1674592409104,-1581.4834842541336
SAIH_AFF_r48c43,-1513.131546986489,-1482.6707804819318,-1538.3324887578985,-1561.6117457060145,-1584.7569062364219,-1571.2671589285062,-1541.2781392816576,-1611.7662113986273,-1579.5437434235673,-1567.214777801626
SAIH_AFF_r48c44,-1641.7516439274154,-1615.3234688962648,-1687.5553830769716,-1690.3070008271982,-1721.8399422007683,-1644.6673795587562,-1604.2904673151625,-1680.934303110896,-1651.7981136718213,-1593.6764970733902
SAIH_AFF_r48c45,-1631.8038554810046,-1613.345655054656,-1645.2490244758353,-1653.5777407646015,-1670.5544381766467,-1587.3315341786995,-1523.89021490339,-1489.5353362350263,-1432.725350010213,-1406.3281453779791
SAIH_AFF_r48c46,-1535.614047491856,-1488.7636143669667,-1580.2504137468707,-1579.6736401344933,-1606.0154264735152,-1570.025167855534,-1555.2290324607984,-1643.1505200641043,-1608.9255360378759,-1565.0225544417556
SAIH_AFF_r48c47,-1582.9888101894023,-1568.2018353906878,-1580.0696856906532,-1608.2041387902966,-1617.20006334349,-1552.3144035765508,-1450.5121190229397,-1355.7545596842247,-1336.4099030478167,-1330.8239522149283
SAIH_AFF_r48c48,-1410.606149053689,-1387.0984450668825,-1465.0234365592519,-1486.2304180518838,-1516.861516714222,-1510.8505510326947,-1497.5109604460608,-1593.0667862097846,-1589.1980497892723,-1551.1537551373
SAIH_AFF_r48c49,-1561.7198226649487,-1529.9522436602463,-1591.3621489698223,-1602.161665043103,-1623.3608684494448,-1560.600907100734,-1493.6855576155613,-1495.5746839288147,-1467.4153206800113,-1413.1057882663488
SAIH_AFF_r48c50,-1552.7746882558029,-1535.8271377118865,-1565.2478745903618,-1597.687248065668,-1599.2445791584216,-1553.3863324643235,-1447.7292510810278,-1402.585893247898,-1413.3195862256707,-1344.251808692192
SAIH_AFF_r48c51,-1457.60305439462,-1407.1315610302815,-1539.8447297028351,-1534.3978333280954,-1569.609260597681,-1525.1984230483197,-1522.1170851271092,-1731.8084116310001,-1742.0837758853659,-1650.0458133006528
SAIH_AFF_r48c52,-1654.6915345909968,-1641.0302190178486,-1689.4496986737452,-1696.6350130112196,-1717.071530297556,-1632.8640419081717,-1484.5768211781822,-1451.4077355240352,-1430.1899585840013,-1368.596502939959
SAIH_AFF_r48c53,-1445.9410282997133,-1433.357312679361,-1487.6623934309475,-1500.4424553300237,-1519.243223569828,-1497.9477078489283,-1484.0200307924342,-1527.2772575881356,-1510.4986148641572,-1472.5463509918523
SAIH_AFF_r48c54,-1567.3834068039755,-1553.157728029486,-1618.5056228600145,-1620.4793200213603,-1641.513028386543,-1591.472851638168,-1542.5583070688874,-1578.6245039422847,-1547.2623739568392,-1488.4564568652295
SAIH_AFF_r48c55,-1517.8799564258738,-1512.0759902377197,-1587.6522161528026,-1593.1645604093446,-1621.5670711588514,-1572.0617108081635,-1544.9498976112786,-1621.9330283493675,-1594.0047947250162,-1546.9564363487807
SAIH_AFF_r48c56,-1477.4347748700418,-1450.3825350873979,-1559.493422258053,-1552.3080362050644,-1595.7555713186373,-1558.5861571643206,-1564.0647278076462,-1698.0864215303916,-1669.757225569696,-1636.8694973903669
SAIH_AFF_r48c57,-1566.3222835565289,-1576.5988430860118,-1662.1802093862439,-1635.1259643132098,-1709.9029114010234,-1582.4276077700208,-1607.7872435699358,-1807.0387663075642,-1837.7502841221533,-1645.6792981004405
SAIH_AFF_r48c59,-1701.818934858555,-1667.937563834635,-1742.289079890845,-1731.249655620328,-1745.9463658123952,-1656.4723867737248,-1546.2499672642891,-1560.1935570884596,-1540.0851364162513,-1489.2068163605218
SAIH_AFF_r48c60,-1649.2915041644198,-1606.6485946718458,-1695.9122199944507,-1668.6332876145807,-1706.5107500143959,-1614.2198112269205,-1545.6553006705997,-1608.9472969223598,-1597.315946247311,-1535.1055658219173
SAIH_AFF_r48c61,-1729.7281173568533,-1709.8309198225618,-1763.20855613573,-1737.6838650040067,-1788.0596080423593,-1700.6795573455397,-1564.3821377508002,-1561.8494388260135,-1504.4914789540126,-1449.1533316923205
SAIH_AFF_r48c62,-1526.601826644189,-1511.5302948598473,-1564.3209925342655,-1565.420756416028,-1609.6089075735842,-1552.7648660251505,-1541.6143105452186,-1653.9478131577016,-1639.7296027349928,-1551.792922735411
SAIH_AFF_r48c63,-1546.3541208445915,-1536.3372295188415,-1614.6149767485692,-1601.23150359245,-1651.4816109470232,-1591.55177894384,-1575.072427679674,-1731.3068141351923,-1712.4422877521522,-1631.8567759064906
SAIH_AFF_r48c64,-1594.3439289865244,-1611.4990968870086,-1695.0891045307483,-1672.6629189658963,-1748.4503366386396,-1636.4358187700914,-1603.9145026857798,-1729.3851789996122,-1750.386163261887,-1605.927211710627
SAIH_AFF_r49c20,-1952.734153735378,-1949.532644766088,-2021.9715529026269,-1977.8440757824,-2119.205591847811,-1905.8169905141567,-1887.8364239723674,-1914.8136459452974,-1970.8991411606337,-1683.5282931741572
SAIH_AFF_r49c22,-1831.4086713556721,-1803.5777938368108,-1907.5213274964276,-1884.0273331107098,-1959.8413964748977,-1821.3194271969273,-1731.7612937898505,-1842.9084443841523,-1841.040914877854,-1790.6399162031587
SAIH_AFF_r49c23,-1826.7840907905584,-1822.3942358843842,-1923.7267625614124,-1904.619399910295,-1926.6552352689614,-1837.6894251530746,-1774.4492797463213,-1890.6957541019522,-1850.2097628013237,-1811.4790182436454
SAIH_AFF_r49c24,-1824.7207070641186,-1805.60183419216,-1877.5878859826496,-1882.395332333181,-1898.3311069075721,-1820.5182884351964,-1769.5365155567147,-1827.0164007566373,-1765.9867614637017,-1765.8927193268544
SAIH_AFF_r49c25,-1616.3377494842748,-1605.4288769328266,-1659.9699771281637,-1675.477525877514,-1662.957769252636,-1595.6452518118817,-1554.7691926528455,-1552.0557791159526,-1529.3781155379834,-1526.5384791923655
SAIH_AFF_r49c26,-1595.134568023625,-1569.696753002807,-1592.97485051186,-1621.778556669832,-1615.7311431016306,-1538.4733738925354,-1502.6565138217825,-1464.0067073997932,-1460.1330287914677,-1435.7652644870436
SAIH_AFF_r49c27,-1460.5695292390267,-1424.6936754615422,-1476.356712731749,-1507.4218567036046,-1512.5128923986108,-1480.9300026340293,-1469.2487827395469,-1539.6073262518812,-1528.1026306387137,-1529.2542698654045
SAIH_AFF_r49c28,-1504.3673843681436,-1475.1068073371996,-1523.5170372573423,-1550.527579720694,-1552.559841067343,-1508.8180961996507,-1494.856874515729,-1529.2627371793371,-1509.193228926162,-1520.4244717680606
SAIH_AFF_r49c29,-1516.59156013165,-1498.869675205116,-1533.2591421909963,-1565.9104062674407,-1572.4626279854583,-1540.0485549313848,-1501.4902931864535,-1501.316658060411,-1475.1532591630553,-1500.5393305897637
SAIH_AFF_r49c30,-1582.7199308187753,-1563.0224578117136,-1591.4894389068736,-1624.8965307650371,-1618.1915344301815,-1580.459656024272,-1485.2984679436847,-1418.7349044323464,-1403.0193013531034,-1405.135665112784
SAIH_AFF_r49c31,-1409.1570776898827,-1383.2457271477729,-1437.177664061094,-1475.3145387823447,-1490.522282992834,-1491.3706094536133,-1491.251582513712,-1561.3532154957243,-1548.1418250484476,-1556.3740574686572
SAIH_AFF_r49c32,-1487.5336297015194,-1460.261751024636,-1506.489904958689,-1541.1576360463027,-1554.2623380214827,-1518.5434990751542,-1487.0814777710823,-1518.462451768426,-1525.75296042076,-1519.2370736772355
SAIH_AFF_r49c33,-1715.596618823602,-1691.182944956137,-1754.5408891299585,-1762.1357190541244,-1812.6209488990178,-1690.7844297948238,-1647.3896254263618,-1688.256399357457,-1740.2768413147103,-1627.8708341591118
SAIH_AFF_r49c34,-1614.2360634950458,-1586.4932450414062,-1613.7518250650978,-1639.425896356132,-1658.1744391740656,-1593.4184082405802,-1536.017718394674,-1484.4587344823817,-1449.0469168271254,-1461.6548970188433
SAIH_AFF_r49c35,-1617.3953062001563,-1569.8612854095268,-1631.2185310946647,-1640.0398313173832,-1645.2223752223294,-1592.6425952295263,-1551.101045268907,-1564.1268431731526,-1554.4261687556404,-1512.903458671717
SAIH_AFF_r49c36,-1670.558206455383,-1648.6700460204331,-1649.3664259551063,-1674.310588351926,-1668.0373146399238,-1595.1649039414779,-1474.6724670499964,-1361.955276174773,-1332.0759911089772,-1329.190541287946
SAIH_AFF_r49c37,-1511.1210818929992,-1488.713257152989,-1530.2681367282435,-1553.9044503436976,-1557.805088193263,-1503.2100757283367,-1467.1635460889333,-1505.2016397375583,-1510.216897537264,-1478.4516084448574
SAIH_AFF_r49c38,-1493.150753768845,-1516.6467566284189,-1543.3574648945666,-1559.7592531713606,-1568.2271247201736,-1488.318581484787,-1476.3859666974558,-1487.4318190119861,-1499.8632205680537,-1455.3906448128503
SAIH_AFF_r49c39,-1453.2705904137001,-1435.9825762890448,-1477.0722167310394,-1500.8755955904794,-1514.8777262852632,-1475.354908030659,-1455.3370722636741,-1502.2593501511312,-1505.847974796777,-1483.1772779787364
SAIH_AFF_r49c40,-1514.1500458959617,-1498.2711225735118,-1533.1624977834338,-1544.2086936340213,-1545.6134125734072,-1497.3909814434282,-1464.9806350332221,-1478.0376138272015,-1472.0365603062517,-1462.668751108283
SAIH_AFF_r49c41,-1433.2241988797482,-1418.0781410201216,-1465.9087154682798,-1480.0999381696654,-1500.3615457061815,-1483.0779114391328,-1456.5095315243384,-1489.3248127480053,-1494.4540746712164,-1469.9876208887385
SAIH_AFF_r49c42,-1550.020158723533,-1528.3400007304836,-1529.1660492345586,-1552.9276769595206,-1546.0203204733534,-1483.4088278877562,-1414.5026584365576,-1383.9945500746142,-1371.0958237240027,-1342.8062158890498
SAIH_AFF_r49c43,-1483.9401450412934,-1451.6555360556174,-1483.1260492806605,-1519.369691011456,-1518.520192866848,-1515.5178094122987,-1492.7686588765425,-1570.8888147137898,-1544.6236123678862,-1526.3272608265947
SAIH_AFF_r49c44,-1433.6984203567176,-1425.710242253699,-1493.930276105061,-1526.768079052581,-1551.8201731165966,-1544.8680135927057,-1545.8962369699661,-1675.980424628563,-1655.7044551834592,-1622.106068469468
SAIH_AFF_r49c45,-1556.7210279825204,-1550.8964816385107,-1599.7359519926943,-1623.4776205074695,-1640.42889570152,-1591.1744387189353,-1554.231804839866,-1618.8315778488043,-1580.8936925184264,-1547.674025177745
SAIH_AFF_r49c46,-1638.6583035052747,-1635.1533753535018,-1706.2221607688862,-1716.0734865956363,-1758.81302242583,-1660.190144740001,-1623.8128815469554,-1717.784982311875,-1681.0013461759222,-1614.6803745291002
SAIH_AFF_r49c47,-1691.0897083520217,-1669.674076082987,-1720.5024982006703,-1723.0581522702844,-1752.0626844965516,-1643.3046944267676,-1546.7679124638817,-1501.7136796044592,-1468.5222073871632,-1426.2025055022991
SAIH_AFF_r49c48,-1533.37521091792,-1493.8475549168973,-1572.518160456703,-1586.0713352440896,-1609.8019653507815,-1593.4368315499296,-1571.0073361620894,-1630.1994142545298,-1576.9562255667727,-1576.90357628122
SAIH_AFF_r49c49,-1610.246376282258,-1570.8344229705613,-1659.3784997965083,-1662.8536320661185,-1691.9200929800581,-1636.5793878551979,-1577.691329166101,-1615.5213901092584,-1587.1011249439089,-1525.2449570580313
SAIH_AFF_r49c50,-1549.3146116054206,-1535.1027913089745,-1560.943975633417,-1590.250902272894,-1595.4513085564683,-1538.48078628128,-1446.0485871345281,-1397.5004563518978,-1398.2740171484015,-1346.1780111402024
SAIH_AFF_r49c51,-1423.217117260488,-1376.803192724409,-1478.7521268741416,-1482.7505537308036,-1521.355767800913,-1496.0799146380614,-1494.402557727578,-1628.597645763604,-1610.4815279578645,-1574.8260437401698
SAIH_AFF_r49c52,-1491.1186197543097,-1482.04660806969,-1514.0787772880205,-1536.9918181581068,-1555.0099475757017,-1496.698388148457,-1417.5231110299678,-1378.1193709084273,-1395.486325343627,-1336.4515114368426
SAIH_AFF_r49c53,-1473.8072285699386,-1447.6886497626133,-1548.6647910471133,-1541.6510121563115,-1584.4754891219286,-1547.577680388168,-1551.6729769917058,-1667.4943261856317,-1654.9420644858358,-1588.7180675118705
SAIH_AFF_r49c54,-1593.9736571015758,-1561.9737249082648,-1639.4126793291305,-1635.706144068349,-1681.911676572529,-1607.8235122299789,-1511.504403522819,-1534.1609704701866,-1503.4559634678417,-1448.9445132653345
SAIH_AFF_r49c55,-1534.9508124015156,-1522.2387114278854,-1649.1351158859209,-1627.255309046511,-1684.2816794849052,-1585.699554927108,-1571.1255856908797,-1745.3297243991772,-1716.84747252862,-1616.2219598860447
SAIH_AFF_r49c56,-1589.9824317100206,-1567.7221357324468,-1658.9163022361304,-1651.2448529891126,-1698.5534650237958,-1605.1001864528332,-1570.9793102549067,-1623.9672260251646,-1597.7986909185743,-1546.7595566855723
SAIH_AFF_r49c57,-1498.89754219181,-1481.0432236133256,-1615.8642139892372,-1583.0754926182274,-1658.0682712902656,-1529.9624010915481,-1555.0118337946662,-1830.2455147152834,-1899.4426246187818,-1661.6473680503211
SAIH_AFF_r49c59,-1624.0911071452792,-1597.424356987428,-1693.196243418546,-1669.3254721165529,-1713.2364261598746,-1647.4091433282704,-1584.2183972823614,-1675.6944979309833,-1646.3038531181344,-1584.1346112702659
SAIH_AFF_r49c60,-1750.9503802063236,-1750.4066982027562,-1786.9117806590245,-1768.5350034943522,-1781.7973719346194,-1673.0463497063706,-1574.329814642898,-1559.9086174884483,-1533.8210109628767,-1443.5527334174758
SAIH_AFF_r49c61,-1697.2331434951952,-1682.7331317553203,-1776.021872692789,-1738.1588587797314,-1790.361778617251,-1676.2825318476732,-1641.1662940343172,-1786.1872666699721,-1805.4211197754298,-1618.2497567236883
SAIH_AFF_r49c62,-1747.8845089596566,-1755.6878841855726,-1803.8475358660123,-1780.5679935113872,-1848.8602105669445,-1723.6308871508265,-1621.2628774700677,-1673.9697893548168,-1699.6769776836595,-1498.1868266565132
SAIH_AFF_r49c63,-1519.2360711844774,-1522.7719138523819,-1556.1260754104678,-1572.451875870632,-1583.2073735724223,-1563.3235883362627,-1517.1081488592422,-1566.842370520318,-1562.2093691794787,-1519.1635328244745
SAIH_AFF_r49c64,-1412.9563507483504,-1406.2182932013354,-1483.8731336861017,-1491.732930318195,-1532.5001890763422,-1536.9427242119425,-1561.6508503219509,-1700.0334573847997,-1696.0259256264935,-1657.5878448687297
SAIH_AFF_r50c23,-1906.3689355965917,-1884.7546676438644,-1974.7492154065624,-1911.582436623958,-1974.617073904907,-1836.5240586841867,-1730.7573348689295,-1833.4413668546902,-1828.780997002971,-1714.775547383162
SAIH_AFF_r50c24,-1721.678199269337,-1694.4259188937926,-1758.2832955780484,-1733.2587411122317,-1741.9599051971347,-1670.4483782686682,-1595.400725425238,-1675.0541764328461,-1647.433864526182,-1603.9744582225774
SAIH_AFF_r50c25,-1558.8082306530441,-1518.3808214946691,-1546.6873283753607,-1577.8430804348566,-1566.9382766464837,-1508.1481213891743,-1465.786875247048,-1435.4545366494683,-1436.1723615288568,-1418.2485687584915
SAIH_AFF_r50c26,-1498.1487700260288,-1463.0285510031997,-1489.6583699506125,-1509.8484751674614,-1508.1036273364791,-1456.219970776007,-1437.8969775687522,-1467.5182780888133,-1468.227782171269,-1448.3405590267048
SAIH_AFF_r50c27,-1510.2380867616719,-1490.5309152592067,-1524.2658843177696,-1550.0284179554565,-1549.8717815147174,-1506.7886794132123,-1465.5319780530458,-1476.8843256232788,-1460.7170272138048,-1456.5750657047427
SAIH_AFF_r50c28,-1458.644249326355,-1442.727011577027,-1465.6165205026762,-1507.6564443525017,-1501.0211926876993,-1493.1317701773087,-1482.1798746716881,-1506.7805392835924,-1481.5510439225204,-1499.0788735640015
SAIH_AFF_r50c29,-1434.3988277855146,-1402.1071772614473,-1450.6353465336167,-1481.6100279572374,-1483.3011790205542,-1462.476327968755,-1444.626579793305,-1493.3648707370453,-1491.622278881292,-1488.023206077296
SAIH_AFF_r50c30,-1520.0713070026602,-1500.266705419049,-1547.7274503026874,-1572.2177203125323,-1574.1794759002075,-1519.0892718741486,-1430.570380087559,-1422.2927873436809,-1421.4200575001566,-1407.6242773204297
SAIH_AFF_r50c31,-1485.8866665444962,-1460.0353815262104,-1502.775246806762,-1537.1455682118653,-1541.8830014215443,-1516.9532251773007,-1500.473787826033,-1498.5013155173456,-1479.3992470790274,-1493.8489131601482
SAIH_AFF_r50c32,-1502.3385557691206,-1459.4931417887396,-1534.0045040562695,-1560.5087017319672,-1584.0651543163005,-1554.5695326779762,-1550.8495540460574,-1595.2565740891073,-1599.7044265446034,-1592.3223568783749
SAIH_AFF_r50c33,-1611.0232250735517,-1581.0640711541073,-1631.17346693051,-1661.633068442378,-1681.6423370083016,-1596.4284585021612,-1553.118274334893,-1570.2487645402095,-1599.7156217608438,-1546.9159992042794
SAIH_AFF_r50c34,-1611.213654755202,-1583.1055140174687,-1655.854886144902,-1667.9160261362595,-1714.1639382471944,-1629.6007123309203,-1609.6169964252517,-1679.6685173303301,-1698.0989170998703,-1646.419557673925
SAIH_AFF_r50c35,-1778.3624441117036,-1755.6694815869664,-1792.5401715129374,-1793.9596766593722,-1825.2039988272631,-1702.3811293886056,-1631.4153298849258,-1599.4219762729972,-1601.879414782782,-1521.6365402133972
SAIH_AFF_r50c36,-1642.4804636047734,-1621.5825933481199,-1658.8449343636826,-1676.3745315900144,-1683.454683052396,-1624.8103996836676,-1572.7908881655615,-1535.9121104439387,-1486.530780853521,-1492.9495806241277
SAIH_AFF_r50c37,-1621.3090805819195,-1601.7343382734018,-1622.1139286892155,-1645.8911282934514,-1645.6590489103403,-1605.2315087711956,-1538.4458703925704,-1463.3091695764379,-1429.936722279516,-1432.5432932159997
SAIH_AFF_r50c38,-1602.754864526537,-1566.02658925326,-1591.885652854816,-1597.3578091691418,-1587.5983249791802,-1510.9736150175725,-1460.6358296276521,-1454.3148861059178,-1448.6791874211076,-1424.7575095719226
SAIH_AFF_r50c39,-1527.2886270588356,-1518.034996282839,-1531.9565641917009,-1553.3263902704623,-1545.9820895678668,-1474.6499481691678,-1441.2821194098613,-1441.318882652901,-1440.6607593478736,-1399.730335696261
SAIH_AFF_r50c40,-1509.6672887558047,-1483.649746365621,-1501.6215455730464,-1504.3453877281795,-1489.50096585228,-1428.470346502777,-1402.8740047010049,-1427.281856111568,-1453.5967867743677,-1420.5977264517887
SAIH_AFF_r50c41,-1416.7480523833588,-1379.0058683817037,-1439.781971681981,-1453.5676827879138,-1465.2702781262024,-1452.5569149228675,-1470.2716319652666,-1565.1496895597272,-1571.8599130086382,-1563.2914420088134
SAIH_AFF_r50c42,-1496.4478693401281,-1476.144449652637,-1517.3781531749753,-1539.2898943900784,-1552.4327492883835,-1501.6825522354052,-1428.0103776870565,-1425.480969003108,-1404.7059053045878,-1379.6395148175982
SAIH_AFF_r50c43,-1500.0794668704814,-1481.812137805395,-1511.1095025206394,-1547.5043005292562,-1555.0213325096977,-1535.3180899682238,-1481.8993184066842,-1509.3259398082955,-1471.6795438245656,-1481.7218973631448
SAIH_AFF_r50c44,-1499.7028933721795,-1493.7887757158812,-1506.7152595082325,-1544.005023415555,-1554.4885068754554,-1516.806110295253,-1457.2405899306557,-1450.8546036632442,-1433.4985039697797,-1405.5632167660087
SAIH_AFF_r50c45,-1515.288816142675,-1496.7664837826858,-1548.071371891736,-1583.1208317511023,-1593.499068993963,-1581.734494362896,-1554.1413819743611,-1647.0468776597825,-1597.7264518325494,-1583.799245767261
SAIH_AFF_r50c46,-1469.8465504689975,-1450.3736638402834,-1550.2211570187333,-1569.4456528001085,-1589.9710378707337,-1570.0418405878318,-1566.7870628839573,-1703.7362639376972,-1669.2474743242603,-1658.3894437490503
SAIH_AFF_r50c47,-1548.2030069677476,-1534.5748993576683,-1605.5669945503948,-1615.2442271349526,-1638.3644744350156,-1584.4136282018399,-1594.2782465985767,-1680.97813875816,-1655.808981117457,-1618.3074341833183
SAIH_AFF_r50c48,-1642.6529009559908,-1627.083324607603,-1693.293886055935,-1691.5448362878647,-1731.2211920044392,-1631.5401636597799,-1544.4830581238282,-1551.9825816990033,-1530.3194323738517,-1475.8144770321346
SAIH_AFF_r50c49,-1638.5320194722387,-1611.984895660121,-1687.5665305844554,-1679.8426090076125,-1705.7604202400241,-1634.2349369037677,-1592.695703066694,-1612.8702566533204,-1584.3325023502332,-1512.34382274921
SAIH_AFF_r50c50,-1474.301916523141,-1449.374693099784,-1503.1739816671293,-1529.2514383084763,-1549.336464718909,-1511.7508048768998,-1448.7316919952052,-1480.743701020296,-1460.2979379446454,-1428.9900587887323
SAIH_AFF_r50c51,-1631.8823443150534,-1598.1438630763303,-1655.957868633094,-1668.8812811454986,-1692.5330669299271,-1592.0418040363775,-1484.7670637404187,-1499.3307949941996,-1487.4613841629637,-1412.8036252510626
SAIH_AFF_r50c52,-1414.4589807293062,-1401.3338429599519,-1444.4766858911082,-1476.9037800507353,-1499.7394830605865,-1472.2296906374431,-1424.932988462716,-1469.262126975566,-1489.6362548726493,-1443.2225645912463
SAIH_AFF_r50c53,-1528.3496469072638,-1488.423242587933,-1593.582224654435,-1598.0491030632795,-1632.701906988801,-1591.6546420501113,-1583.370719879763,-1686.6892338790974,-1670.843041965275,-1609.5036592295069
SAIH_AFF_r50c54,-1581.8728469262749,-1558.2836533930874,-1677.011020596212,-1655.9246594347826,-1730.8190737463754,-1602.109072489869,-1593.2155900861756,-1730.0454331277556,-1756.4664722574155,-1595.90712333644
SAIH_AFF_r50c55,-1611.5925384742281,-1605.5502711591882,-1724.9661227771091,-1699.8280764325868,-1765.0398529377105,-1648.667381552795,-1627.4458637421797,-1754.2410946922967,-1767.7278274008254,-1625.9098798310451
SAIH_AFF_r50c56,-1640.876734416103,-1643.171555706789,-1712.4738132942457,-1704.0360454920233,-1755.1535290345382,-1646.5209360153906,-1597.794312188355,-1632.3664934759,-1640.80972922038,-1526.3356515593714
SAIH_AFF_r50c57,-1543.8148466264095,-1514.8888336065443,-1634.124031758834,-1611.6739665547636,-1670.2856566756916,-1591.3919550222845,-1579.2795788183662,-1767.1218268661714,-1775.5469652611562,-1642.3614321851476
SAIH_AFF_r50c60,-1717.5043659892578,-1730.613031483285,-1745.5806634837872,-1723.5148019599844,-1737.5030598569804,-1634.642784600727,-1528.487271099664,-1450.4438677220426,-1438.2049135701652,-1358.626200123546
SAIH_AFF_r50c61,-1680.7517217540687,-1651.400769355658,-1695.7680463394074,-1661.7590801250662,-1682.427798930549,-1580.329408868801,-1502.4736434149127,-1543.3663237997478,-1543.043587218955,-1457.2011427733469
SAIH_AFF_r50c62,-1741.5739845868711,-1748.037252756458,-1789.7062134173796,-1758.9882124121755,-1781.8751321948002,-1673.2320188894596,-1580.2985979498021,-1628.8278116917795,-1628.4684355465274,-1483.3992570914002
SAIH_AFF_r50c63,-1454.8526362093883,-1467.7615052682295,-1500.984074865414,-1495.997339701292,-1535.582128867383,-1499.2781399903638,-1499.2973433670581,-1570.9698490751791,-1576.8165074676886,-1537.984457152433
SAIH_AFF_r50c64,-1390.1898683810987,-1374.5627441022798,-1486.4186753295712,-1447.054443315917,-1521.900592127996,-1503.7116687433904,-1579.9150079055107,-1771.1851433986371,-1765.1075437420814,-1729.0718275865675
SAIH_AFF_r51c11,-1846.6584653321438,-1835.742523121055,-2112.6657426094976,-1986.5483533196634,-2016.5240163241308,-1826.2343440372078,-1809.4683399169078,-1884.5020326639758,-1974.5389033300019,-1679.5226210763508
SAIH_AFF_r51c20,-1973.3482142155722,-1992.1328909570368,-2031.8876758746928,-1999.2967238142126,-2073.7455987137228,-1899.633175079934,-1851.3607496654683,-1968.217567436636,-2064.8895717731107,-1864.518240166337
SAIH_AFF_r51c21,-1791.0665897055255,-1789.3475423482514,-1887.749331825517,-1878.2464981374828,-1909.854190062583,-1794.963294250684,-1733.5254429846195,-1767.9904950380937,-1775.5973623796099,-1704.280245856788
SAIH_AFF_r51c22,-1814.3973022797807,-1783.9906488459626,-1873.8299614012801,-1859.770177910218,-1901.9181283027515,-1802.5120850114392,-1739.7528556240445,-1822.4242585328254,-1843.6472616909016,-1733.0259637894767
SAIH_AFF_r51c23,-1777.3653296478942,-1742.9415198249417,-1849.3630785982768,-1776.302564626064,-1851.1532284239515,-1746.6600208352975,-1635.1742835903724,-1758.6507522693726,-1860.6185413198477,-1628.5037011443708
SAIH_AFF_r51c24,-1637.0336393919972,-1609.1738589581025,-1628.6396041315245,-1631.4743769706945,-1623.8256329810017,-1563.6169875655964,-1503.8546553042552,-1447.5952273703344,-1440.11189386241,-1423.1818596075834
SAIH_AFF_r51c25,-1526.4592328493097,-1474.1303234723546,-1525.4128781631896,-1537.8630484462437,-1552.3385740201134,-1498.1388022857927,-1474.6527560724633,-1502.025103989147,-1492.6348010921088,-1478.1494695178887
SAIH_AFF_r51c26,-1473.1416578069434,-1451.3817842347555,-1490.7524994893656,-1523.1695148712408,-1527.784004315514,-1518.7277193239722,-1509.684909840315,-1565.42086739744,-1540.2586663803622,-1539.4870560755005
SAIH_AFF_r51c27,-1585.091091379324,-1564.5508596588547,-1588.744832623055,-1624.2028967676365,-1621.0942431127771,-1592.9505931750803,-1508.4815660241,-1474.3399238767329,-1444.5717097892175,-1454.7231631467039
SAIH_AFF_r51c28,-1548.1440568559992,-1520.048654409661,-1541.1342447960947,-1581.3916156249227,-1568.2484203028673,-1563.829945244144,-1510.8602377205182,-1480.90590687577,-1446.5060634706942,-1468.3863626246111
SAIH_AFF_r51c29,-1463.8182544003823,-1436.1090463126777,-1474.3339973613356,-1511.299878014299,-1505.1516208914868,-1504.608569887854,-1482.2190376218514,-1503.7175402866885,-1488.660850968029,-1500.3652555417063
SAIH_AFF_r51c30,-1392.4880416852106,-1360.5892173548716,-1427.9252022727844,-1457.822720012565,-1466.0129166557533,-1455.2771778691283,-1462.9097797910474,-1528.1587651540908,-1543.1884501584107,-1530.1770443298128
SAIH_AFF_r51c31,-1622.4518611019432,-1606.5033012372396,-1658.0224567907005,-1681.1816308792597,-1682.1799606259992,-1620.4496175172353,-1571.0536339789155,-1573.8388362680519,-1555.3303514862057,-1536.4397138055015
SAIH_AFF_r51c32,-1601.5565299821633,-1581.0429667144083,-1598.7956436234656,-1634.7598677060894,-1625.2596909476044,-1572.632308308692,-1499.4731392568776,-1426.6632999630729,-1422.5889749840876,-1417.092338632592
SAIH_AFF_r51c33,-1525.5478060118717,-1482.850977897833,-1523.7463878506135,-1562.7075258347197,-1559.054991048151,-1548.3954623027705,-1515.113981635622,-1509.8666881301622,-1505.668255488896,-1513.493335846132
SAIH_AFF_r51c34,-1554.9546044981673,-1506.3814542064254,-1559.7514718052348,-1592.3428887189486,-1590.852683294743,-1588.3823472412776,-1559.0140450026668,-1562.6873251903867,-1535.296961586403,-1550.0299179769695
SAIH_AFF_r51c35,-1638.9249733646375,-1604.759724196419,-1706.7894275295685,-1712.561719426922,-1778.1989837988885,-1659.2199203687803,-1672.315600859655,-1780.8427401305144,-1859.7625565755911,-1718.9341589640019
SAIH_AFF_r51c36,-1715.2380373785272,-1689.5133354457066,-1757.9265208430984,-1758.2855081610048,-1775.4859051474687,-1647.1344830927235,-1609.5713148474506,-1580.0393556040299,-1590.3443988509393,-1502.7048238045236
SAIH_AFF_r51c37,-1616.1255349500661,-1597.3839521522284,-1612.4706173356496,-1640.621835124129,-1635.445565312982,-1559.2288055072,-1491.8631574814435,-1378.3113010247434,-1363.1574421861253,-1364.8097894227074
SAIH_AFF_r51c38,-1528.5693529294654,-1513.638595866369,-1531.102816857141,-1556.5905186411158,-1550.6714260273793,-1496.318213720781,-1426.419603293487,-1369.8338509967389,-1359.3480531316407,-1353.1480107059385
SAIH_AFF_r51c39,-1510.0358653654832,-1488.7511989152147,-1518.9986099913058,-1537.905118163824,-1537.1781252944902,-1465.885898872284,-1414.5948137754808,-1409.1519454886204,-1418.6101745494875,-1375.3863752971083
SAIH_AFF_r51c40,-1449.7353139028091,-1445.6521613945968,-1490.0905966574585,-1516.5100341582765,-1524.8460704890754,-1460.2276983077877,-1439.2000104699669,-1483.8168645054875,-1478.546404219395,-1429.681438050489
SAIH_AFF_r51c41,-1443.7291981449462,-1436.807417047892,-1462.8342843376208,-1493.4899142917677,-1496.4697402566728,-1437.312687069391,-1406.8237888115746,-1434.0093328480075,-1446.3026864671024,-1403.7752129612363
SAIH_AFF_r51c42,-1366.6537890472555,-1338.491956834265,-1405.1154953034575,-1441.3979370320774,-1460.537497675949,-1474.1738491713252,-1484.9723261678455,-1598.0827701066005,-1599.1852769347145,-1591.7187288053435
SAIH_AFF_r51c43,-1514.716931251554,-1494.1666191155489,-1532.834058815061,-1558.2718475572246,-1571.6216990145142,-1515.5515632975173,-1429.326833226453,-1378.2075854938548,-1373.279024722218,-1338.2547396249129
SAIH_AFF_r51c44,-1492.7753494009294,-1472.9737232697464,-1517.3356866687066,-1545.7976550413443,-1548.9900238474772,-1506.9748174790748,-1469.6420312504051,-1476.8575590755213,-1457.0637520909054,-1432.3262785626578
SAIH_AFF_r51c45,-1501.4536695613858,-1466.8113025214438,-1546.5676742334522,-1563.1993327117825,-1580.6504331611814,-1549.565167974352,-1528.7136526958602,-1601.0536213741696,-1582.1351599082298,-1567.5132960056942
SAIH_AFF_r51c46,-1600.435032746147,-1582.006111915617,-1664.6716927178124,-1673.9272802499238,-1690.9788204055235,-1635.5433739135906,-1591.8120468108848,-1611.7270168143148,-1556.1533059074002,-1545.437180034409
SAIH_AFF_r51c47,-1533.7061243933929,-1508.7785868717338,-1584.060882720924,-1593.8026284792877,-1621.5982970636999,-1579.7511896473145,-1560.0157101500813,-1612.4390413719757,-1568.1898436313895,-1573.0338205346945
SAIH_AFF_r51c48,-1504.2535790854138,-1485.9897280444752,-1580.487216336697,-1581.2568433893207,-1625.6827159427296,-1595.1077953252607,-1575.5170714979356,-1681.2639060131726,-1653.078272615181,-1640.2389852648155
SAIH_AFF_r51c49,-1678.178950290272,-1691.9836151430914,-1742.4812570539684,-1740.370985945732,-1801.3035689502071,-1645.784496055008,-1544.2372098869487,-1590.0919144122274,-1618.7153717034498,-1464.4021609052095
SAIH_AFF_r51c50,-1551.3059945660962,-1514.466420273996,-1594.0316009066935,-1623.953783052299,-1661.9328928977109,-1606.6188417101573,-1529.0595739779997,-1582.2260722530764,-1521.8603623647386,-1513.368343079103
SAIH_AFF_r51c51,-1685.2828730641688,-1656.1963532856003,-1721.8575618391164,-1725.6686376277198,-1749.7681379917103,-1649.7935571046214,-1550.3539166959051,-1548.389860112389,-1501.2762688607318,-1447.1800889289207
SAIH_AFF_r51c52,-1483.2240096968642,-1471.8469784988138,-1502.851931650688,-1527.7068320509723,-1551.4764267145533,-1508.2328033740032,-1431.6115205286108,-1428.928464653811,-1437.8686838805233,-1398.0469057199437
SAIH_AFF_r51c53,-1531.3080036971971,-1492.4083595392647,-1573.7980655178833,-1570.5814836440952,-1605.0816865709553,-1590.9889398315318,-1542.4170919402695,-1595.853528701714,-1570.909659580374,-1545.097004275866
SAIH_AFF_r51c54,-1575.2527433693137,-1544.9210810131578,-1635.829272378872,-1625.0909290807558,-1665.9502214590061,-1626.8049066521414,-1572.8198747683261,-1643.7736353831763,-1611.5467760175025,-1571.2451205721238
SAIH_AFF_r51c55,-1531.8126648109155,-1509.8575090932366,-1607.270532134687,-1596.1837947820839,-1643.6599899967737,-1615.4426634754068,-1600.0501287063591,-1674.6677202345186,-1656.1919282910414,-1608.5715112457617
SAIH_AFF_r51c56,-1604.9602141109033,-1596.9281367378194,-1681.2460129042386,-1676.7515397400828,-1716.091897551336,-1638.984470415789,-1596.166150584355,-1668.069091337408,-1670.6791555968532,-1569.0327474512162
SAIH_AFF_r51c57,-1521.2090091599896,-1509.5004163633373,-1619.1057850936647,-1605.8920257254897,-1634.169627472644,-1558.1894400829547,-1543.7181534416707,-1659.5920529593182,-1673.0357496373147,-1563.6443969016248
SAIH_AFF_r51c58,-1525.0543493625769,-1509.2661841313004,-1626.2767964189384,-1588.6608387214922,-1681.787010811229,-1558.1844323446976,-1534.5498573335728,-1707.3282374806881,-1770.5817779639217,-1607.314790188733
SAIH_AFF_r51c59,-1634.4897235520257,-1654.3388032809198,-1740.3700987837954,-1706.4323283854133,-1804.5653015367525,-1633.2947512596763,-1623.018882056546,-1771.521663297052,-1786.8079006086248,-1647.218712353735
SAIH_AFF_r51c60,-1768.9651951084131,-1734.9420852048422,-1813.7809100522418,-1781.5330066693848,-1814.443865104539,-1688.6286029881333,-1563.177702044787,-1530.1082833390883,-1544.1850441310396,-1461.7951701898182
SAIH_AFF_r51c61,-1669.2193134980237,-1637.141160265839,-1701.9107751690274,-1671.8806241783966,-1718.173013370758,-1633.350941923855,-1555.5683464352433,-1582.9205191186663,-1570.0911600039756,-1532.4543466761586
SAIH_AFF_r51c62,-1720.8659331799302,-1724.9678229160895,-1769.9211200724546,-1749.4879545353367,-1809.168201962767,-1701.6061396137766,-1576.6609155233712,-1598.8734591412247,-1586.8999531427064,-1496.4704000670104
SAIH_AFF_r51c63,-1672.8792755380173,-1680.4335303251269,-1746.8778039909814,-1725.7961383673153,-1783.0315937482808,-1683.2291292997575,-1607.4676639321717,-1657.102594583554,-1638.4729269384738,-1591.208095603425
SAIH_AFF_r51c64,-1456.1993523763606,-1454.1792299718268,-1558.2453901971612,-1539.133686899883,-1601.1272132812524,-1611.9418264347669,-1660.4483864381164,-1881.7000827199067,-1887.723047967074,-1809.4941441630033
SAIH_AFF_r52c14,-1822.528130046516,-1837.033654310229,-1909.4665765739908,-1927.2766879984554,-1973.3980078735428,-1829.3148817272747,-1760.343986183471,-1832.6107996420642,-1840.1393627595487,-1744.4813740350478
SAIH_AFF_r52c21,-1840.610643563711,-1870.0096050781995,-1923.3681564143824,-1929.4647913770762,-1960.751029488086,-1839.574776433525,-1786.2321101180626,-1862.8973276340948,-1841.3794018928495,-1739.4257764517804
SAIH_AFF_r52c22,-1698.0129034614456,-1700.017862919636,-1714.5607605372181,-1710.6882272219723,-1694.1118760892023,-1597.42108695879,-1550.125470900685,-1536.0577499034716,-1530.7659193129277,-1486.9181728531619
SAIH_AFF_r52c23,-1559.4564718522154,-1522.293773273947,-1568.6448043684613,-1587.782291460222,-1581.0123814788933,-1534.763098603303,-1517.245342602927,-1537.1589851776905,-1520.9041947866365,-1518.5027250727558
SAIH_AFF_r52c24,-1643.4390528993542,-1617.549970647707,-1655.8539299458614,-1684.5814180418756,-1681.8002974365663,-1640.524492857609,-1509.1696562520378,-1495.6810279825193,-1459.479016372057,-1472.453021981606
SAIH_AFF_r52c25,-1533.070537211528,-1494.7206990347977,-1565.5783519323604,-1589.0830188580826,-1606.6537790492976,-1601.3698176782468,-1602.603414327553,-1687.6519169733183,-1652.6677785224922,-1668.7966894688384
SAIH_AFF_r52c26,-1606.1281498738617,-1590.710562496576,-1600.3709200671003,-1645.2564301907857,-1628.6510648067224,-1606.4732709119794,-1539.5406760603064,-1477.5877451351255,-1428.319543762343,-1447.8045936829035
SAIH_AFF_r52c27,-1413.942150463041,-1395.7028006770233,-1443.7005760960558,-1475.4496730935234,-1488.4253826513977,-1488.037716166418,-1496.57939772013,-1558.6629798953168,-1546.5168304024328,-1555.1925709949066
SAIH_AFF_r52c28,-1555.5471161572427,-1535.975481857932,-1569.8043870725376,-1603.9272125810055,-1603.4366488567948,-1572.5463778475796,-1471.2971239838469,-1455.6088080603597,-1436.5569098479561,-1440.0702072484792
SAIH_AFF_r52c29,-1504.5658911494018,-1485.1825825481233,-1511.0257430700265,-1549.1125617106063,-1539.1131432833565,-1532.5171277086818,-1484.630445724658,-1460.6320522215822,-1439.6203946870858,-1448.3389864986457
SAIH_AFF_r52c30,-1475.6600085563282,-1448.8245248368296,-1489.2544229434807,-1520.9039604321988,-1512.698045087676,-1483.729635677802,-1456.1095992612338,-1445.7648444469949,-1450.1854818934523,-1444.4781317987593
SAIH_AFF_r52c31,-1511.1835741988327,-1490.00798103331,-1510.7930356355748,-1550.3628735893005,-1541.8384701454588,-1511.48574759591,-1464.0687438218724,-1434.0388279878673,-1434.1358523143697,-1417.6633229788551
SAIH_AFF_r52c32,-1498.1088051676322,-1470.2782637506562,-1494.1684880866355,-1524.1254523113207,-1525.9463383327804,-1477.531208502801,-1429.5426248796666,-1386.9156476889405,-1397.9032973397445,-1365.9102603904425
SAIH_AFF_r52c33,-1433.1675593779007,-1381.9593794657287,-1439.905003181424,-1472.5358040659646,-1494.8054610979561,-1472.7763275928608,-1471.9136347515878,-1539.3196940616879,-1542.3294156609536,-1527.1284174237758
SAIH_AFF_r52c34,-1563.9337055638907,-1514.2428543474007,-1574.2842841301942,-1599.7572291435658,-1615.1998956362927,-1573.8936533820367,-1558.8476785597816,-1582.3855195355816,-1567.365369512752,-1558.4855312764987
SAIH_AFF_r52c35,-1556.2061479802737,-1504.3258502567537,-1596.723327847946,-1602.9268835263663,-1632.7126691581286,-1573.1613434069736,-1579.9799683394924,-1680.4048346168793,-1681.8622950477652,-1650.394966135776
SAIH_AFF_r52c37,-1606.9316803876116,-1581.0405787048505,-1626.434482380952,-1638.2045129173325,-1647.9671949034755,-1569.3953978987006,-1498.4690815876831,-1423.416875066823,-1413.794647397367,-1407.192501766729
SAIH_AFF_r52c38,-1577.190137629641,-1548.9382219033337,-1581.6965573021987,-1607.3675298414985,-1605.5671045593901,-1534.0068410410283,-1433.0644367621164,-1368.980173504664,-1359.4164190202862,-1348.4806183549674
SAIH_AFF_r52c39,-1454.3613444501525,-1443.3110918702387,-1482.9512835023718,-1502.2549296766404,-1510.407333032549,-1460.3753334915489,-1425.8278283864877,-1447.897846616055,-1453.008736630998,-1417.1730218050661
SAIH_AFF_r52c40,-1394.131442042157,-1390.161399510271,-1433.4845922962786,-1452.406113013297,-1467.691415652048,-1414.4042928259062,-1385.8410830375751,-1426.7635712180916,-1438.7285678150195,-1404.084307533438
SAIH_AFF_r52c41,-1494.2821986496494,-1488.0882997485046,-1510.9133386206383,-1538.3238596637684,-1537.3179584042075,-1472.1048086656156,-1409.4440554332286,-1377.190883049662,-1376.5424358479347,-1353.5356840973836
SAIH_AFF_r52c42,-1456.2036717209137,-1440.2578187775891,-1479.7489486261702,-1508.2846040260051,-1518.8516519352584,-1501.5870005322095,-1489.2461962703621,-1511.4186059252613,-1504.0870083588136,-1496.7398671564383
SAIH_AFF_r52c43,-1459.9443538986693,-1430.3077916015825,-1493.4821749413916,-1516.9099033318817,-1533.6568868537104,-1518.9375738310255,-1488.5086458901055,-1523.2333229893845,-1511.6891052136116,-1499.0295480563373
SAIH_AFF_r52c44,-1571.045284436017,-1553.9058425893797,-1567.1539237904976,-1574.053953260328,-1570.3590025114552,-1505.4205266493316,-1405.8154223704694,-1371.1569307563313,-1353.3841744405293,-1329.8210398938033
SAIH_AFF_r52c45,-1479.8914591350851,-1451.4450694670925,-1539.21863674907,-1541.8257804448497,-1555.5651503489657,-1532.9781149305322,-1509.410078925053,-1609.1018485421694,-1598.3252494944877,-1556.3701832887614
SAIH_AFF_r52c46,-1484.9644672169643,-1475.438934225218,-1531.038459933004,-1557.3682756425642,-1565.5201430703244,-1526.1124030805513,-1495.4153291869723,-1541.7036143258165,-1536.3074081417549,-1496.3165209179037
SAIH_AFF_r52c47,-1499.9937258297111,-1477.0834495941092,-1544.8415133110989,-1572.9515120854708,-1588.694988226152,-1557.499273750447,-1509.9151448457146,-1567.1013802653092,-1551.8327696315557,-1540.4110285623387
SAIH_AFF_r52c48,-1512.7596930964964,-1491.0254744512213,-1572.2146525037613,-1574.4311436119576,-1598.8758798569795,-1550.4962875838119,-1503.7415078642705,-1601.9636191037516,-1584.6093421968835,-1553.860007876007
SAIH_AFF_r52c49,-1650.4190233441514,-1639.3967670906945,-1708.627195362476,-1703.9447963517591,-1752.5693619752262,-1625.859869869661,-1531.2774531186412,-1572.824814509481,-1547.7537411168041,-1495.4603634674988
SAIH_AFF_r52c50,-1592.5484709643604,-1545.0400023991006,-1661.8146251274525,-1648.9799675078293,-1704.5233038748083,-1637.5316042422362,-1579.1298461185418,-1673.815587375514,-1601.0502090086234,-1586.2109800587775
SAIH_AFF_r52c51,-1657.5777364417124,-1653.0895024366819,-1654.159354879105,-1677.394210399991,-1681.3220256295192,-1576.3344255794293,-1426.785026662631,-1299.3268520354386,-1283.692437935029,-1238.8671120874071
SAIH_AFF_r52c52,-1461.1413891134807,-1429.8458829973129,-1487.6923006702998,-1503.4431079001583,-1530.1092120706287,-1480.958952557314,-1431.1064969614763,-1475.1332855168087,-1468.7901724003018,-1427.3390391486914
SAIH_AFF_r52c53,-1453.7523021218653,-1435.1975546639817,-1478.8149667920554,-1504.7118552102302,-1534.7157525134214,-1496.040655602569,-1449.0268324368324,-1487.233086904122,-1477.8568797575012,-1429.8415305393098
SAIH_AFF_r52c54,-1543.8298964904823,-1520.384437843435,-1606.7934060603534,-1609.2421637635841,-1644.7155066072405,-1603.4588739395426,-1556.5896939049615,-1609.3054221879133,-1575.4668933844148,-1554.3611279903403
SAIH_AFF_r52c55,-1541.0582376098653,-1535.3826651604838,-1605.3733254371791,-1610.7474804922397,-1639.247734856212,-1610.7554062127413,-1567.5683717314223,-1592.1155386385396,-1560.916552963797,-1544.7620718532567
SAIH_AFF_r52c56,-1533.7558491274558,-1519.3405897631146,-1602.096710093983,-1595.4254086305273,-1635.7946051382619,-1605.211410883602,-1582.8432287809408,-1657.5379032846909,-1631.476814715915,-1601.1085569892252
SAIH_AFF_r52c57,-1550.8730528111782,-1520.4060901257214,-1621.361822967892,-1603.550868881242,-1642.7526799527275,-1578.0499675196772,-1585.9403927379738,-1691.0382719946567,-1687.3330002687123,-1640.9635829056974
SAIH_AFF_r52c58,-1537.9865038258722,-1552.1015173090066,-1672.6440113498259,-1644.5244469828554,-1708.247646319392,-1579.847411081728,-1565.6962434996685,-1727.6971354207412,-1791.0133657763113,-1618.920559041525
SAIH_AFF_r52c59,-1630.9263974952705,-1645.7194520905352,-1767.8937864457632,-1719.3211349553196,-1810.2435718478894,-1629.793701650251,-1614.2320787945994,-1808.277323070902,-1851.9387463309633,-1642.0133846454892
SAIH_AFF_r52c62,-1686.3417457092708,-1677.3344408425764,-1751.81035512449,-1714.9650300044602,-1771.2238637815792,-1666.2986023998346,-1561.8733631856626,-1582.8482538473775,-1596.692851349483,-1523.4151386255587
SAIH_AFF_r52c63,-1625.379694893854,-1610.5853024192495,-1705.9583374636745,-1678.7654757370697,-1746.9103020279538,-1653.2266879183594,-1600.293075113084,-1691.5163822383147,-1704.1678031627107,-1650.0035868754271
SAIH_AFF_r52c64,-1625.7975970352834,-1635.7450442438644,-1733.6731665462657,-1687.6476242883557,-1748.0699034797865,-1631.7980403867061,-1558.1914834799431,-1642.9389661566383,-1652.188440002816,-1562.9620673737686
SAIH_AFF_r53c01,-1997.260256222317,-1933.343604389391,-2080.671243311728,-2003.4150026700722,-2085.7501622985656,-1953.1355088321825,-1891.0912405893016,-1970.7613766059703,-1846.9056862088103,-1855.3042051035043
SAIH_AFF_r53c16,-1856.5167108781106,-1842.5378328624154,-1920.9455714798237,-1928.4559321456925,-1971.3076409419798,-1827.8437900161584,-1760.9475223697693,-1855.075571453637,-1875.9305247501168,-1746.3785616834755
SAIH_AFF_r53c17,-1942.002329763646,-1920.0299780373953,-1996.4304932031096,-1970.7898998201626,-2025.267870465141,-1871.406475695852,-1822.0941198336168,-1902.9920735681756,-1989.6372479470583,-1790.1996424205445
SAIH_AFF_r53c18,-1841.4263063072488,-1831.854608016172,-1900.9965407800391,-1897.0086493592182,-1962.2450494660595,-1821.5510791404574,-1762.401539235043,-1821.9010652616796,-1896.262885005158,-1709.706474319022
SAIH_AFF_r53c19,-1872.7194065325396,-1867.1313078167452,-1948.0498447749624,-1934.5618177820352,-1937.6134032762163,-1805.2619559925236,-1737.284415196871,-1835.6354855428685,-1921.6941072073623,-1726.911050556768
SAIH_AFF_r53c20,-1649.213085776387,-1631.8079740222336,-1689.376879263614,-1686.1074332552084,-1683.2140232804786,-1603.7366556243696,-1568.9230565775863,-1595.4431330444008,-1595.7896376991869,-1547.4119309179946
SAIH_AFF_r53c21,-1576.7628654672242,-1563.1839842308198,-1604.9508024638026,-1615.878728622997,-1615.220407265758,-1545.3353987188837,-1494.663857847025,-1491.4822086274999,-1484.0451060309774,-1455.0815814204293
SAIH_AFF_r53c22,-1483.6719947208273,-1464.0220436893467,-1500.1400159213158,-1523.130738089128,-1517.8210894578904,-1466.2198136577654,-1427.803039190528,-1421.53411822624,-1430.876536485475,-1411.2451201692693
SAIH_AFF_r53c23,-1516.2421704249502,-1485.5614757423864,-1538.7204125168505,-1571.5640670601636,-1578.417539818608,-1548.6432252745099,-1495.8461306914107,-1547.1713672473145,-1533.1183708725412,-1538.3596749074063
SAIH_AFF_r53c24,-1613.3309012819334,-1599.6576150008507,-1625.166109285181,-1667.9458942764727,-1659.2096662258243,-1621.3292671110003,-1473.0759182390757,-1458.0129686129183,-1437.7381764852228,-1453.6976783773516
SAIH_AFF_r53c25,-1495.9526166717271,-1474.736599897386,-1513.4196150906253,-1546.02211448855,-1544.769645979707,-1547.7886532360233,-1500.714160811702,-1533.5091829576031,-1505.2151791043211,-1526.1442415421498
SAIH_AFF_r53c26,-1482.8343685679715,-1472.411715259847,-1509.977228329466,-1540.3965402563117,-1550.7464975725225,-1533.3819073107113,-1497.3476791017024,-1511.874577744724,-1509.3159909709377,-1515.9744656670448
SAIH_AFF_r53c27,-1570.3252253855899,-1549.2843627948864,-1558.5660450457056,-1595.1929284943928,-1591.3940033297388,-1567.7317309403893,-1507.0575034292117,-1431.140534852309,-1411.532245060365,-1425.4623362616887
SAIH_AFF_r53c28,-1442.3156610226304,-1421.6077202666816,-1473.9520265634576,-1503.2243177140347,-1519.1615123154518,-1502.9348823446235,-1492.3111543477237,-1541.6398064303264,-1538.9265865014481,-1529.649335651701
SAIH_AFF_r53c29,-1563.6953708260473,-1537.062909018565,-1584.0665188528108,-1601.8768965372815,-1614.8812183910454,-1591.3947493796004,-1545.6821304042808,-1530.9040841648953,-1525.8361805388317,-1510.9775530611605
SAIH_AFF_r53c30,-1560.7811086876268,-1521.9138595117713,-1555.2516031221937,-1580.333179719883,-1582.822126097442,-1557.1688770420342,-1505.0434106375571,-1436.2130679660972,-1414.8120399779004,-1422.7101418916977
SAIH_AFF_r53c31,-1577.3150749124957,-1557.2130666869125,-1554.4011686506335,-1596.7627618272215,-1574.5974674000406,-1545.8390932485825,-1472.0422169805158,-1385.3088101701933,-1369.772856623009,-1354.7961118281373
SAIH_AFF_r53c32,-1550.4371171869477,-1509.3988535575602,-1556.2510441843845,-1603.9161824357063,-1606.777150757967,-1569.0428855364428,-1543.1558643228054,-1599.1462198561321,-1593.8271720999169,-1543.5494884478517
SAIH_AFF_r53c33,-1606.9011035320348,-1555.2697816493296,-1641.1367871931643,-1667.4905089962979,-1680.3710233846184,-1627.5608120488098,-1612.9403317925064,-1664.682527758437,-1640.3091512540366,-1610.057872612198
SAIH_AFF_r53c34,-1577.3513624638274,-1539.7312312587574,-1605.583569249303,-1633.050612159384,-1634.8004975840981,-1610.8021972266238,-1589.4103235606071,-1620.730966753526,-1600.4391205855777,-1596.3919967526092
SAIH_AFF_r53c35,-1554.6942496420268,-1507.3691385850152,-1573.7735536411262,-1600.603477386777,-1608.9858773700244,-1584.516979877543,-1565.5507328323008,-1606.698875163281,-1586.616924643532,-1577.9668910057567
SAIH_AFF_r53c36,-1577.0135985838406,-1574.3473386788453,-1686.0154787654699,-1695.712601930459,-1758.9475041767264,-1673.900161831789,-1623.949868806268,-1741.7923682432604,-1822.9401143820799,-1685.3360418772488
SAIH_AFF_r53c37,-1733.3239147220868,-1721.8186365480497,-1749.9631954350916,-1750.942752817076,-1774.2054993521692,-1655.9197843186003,-1575.6257980080875,-1473.2802680312525,-1467.623052258241,-1412.002138491538
SAIH_AFF_r53c38,-1588.9446241275916,-1560.1931883355821,-1628.3522214511122,-1631.3531249590806,-1657.1568358889085,-1597.1953279472043,-1542.683601985099,-1544.3882282077818,-1502.938333617044,-1509.1506763215446
SAIH_AFF_r53c39,-1605.950006806069,-1586.761586023476,-1626.4347481230964,-1637.8113750353396,-1648.649233531931,-1579.2053286284204,-1474.9643545228948,-1418.83024093484,-1390.900887930222,-1372.5391061013795
SAIH_AFF_r53c40,-1464.4378358570323,-1437.8472771532147,-1493.3000065437311,-1513.6189977620436,-1526.7414780981298,-1490.267026135664,-1472.4458610896618,-1508.8832205630224,-1502.1639675954402,-1489.6141763404833
SAIH_AFF_r53c41,-1500.2533636396954,-1487.590607471495,-1535.2235399787357,-1548.5833800323653,-1561.3376130596678,-1495.1065287866797,-1461.5575550306635,-1450.3480378550205,-1450.9970252279518,-1415.1832417683122
SAIH_AFF_r53c42,-1470.5859489156226,-1455.9800040850744,-1503.0741336238275,-1535.7629845133781,-1541.9722686302957,-1514.8684318028274,-1479.8839027123845,-1520.9884989446891,-1492.2516615254087,-1480.4182016246027
SAIH_AFF_r53c43,-1457.1118192883036,-1450.3862267533927,-1514.41550864427,-1533.8875708358964,-1551.5001792982498,-1533.22942061799,-1519.277111335052,-1587.4256174010918,-1563.330387781544,-1548.8776610085201
SAIH_AFF_r53c44,-1581.3511303309854,-1566.4955812906417,-1614.2809100237705,-1621.5478309581915,-1658.8525988712406,-1568.2691800257603,-1476.75088740668,-1439.3252489450613,-1398.999468603082,-1354.3427143649953
SAIH_AFF_r53c45,-1514.1479265146857,-1498.6742290720065,-1552.8970865141623,-1564.824913250142,-1573.103432020847,-1529.7625371551292,-1487.1223559297628,-1501.3685579227183,-1485.0532153098777,-1456.5233956186423
SAIH_AFF_r53c46,-1491.9868256009138,-1475.290996839297,-1543.7830112837385,-1551.949541344465,-1575.3676340811312,-1552.1209001851382,-1544.3088533742546,-1622.6755237943116,-1595.5017584195962,-1575.4873794441671
SAIH_AFF_r53c47,-1572.793551038356,-1553.3736120781261,-1616.0055883322948,-1611.1506101359514,-1619.9689356779024,-1548.731207760322,-1505.1076545756268,-1543.2963229558743,-1514.5447092758463,-1479.8773210555792
SAIH_AFF_r53c48,-1490.7897579133628,-1455.663327330031,-1542.3706925436895,-1551.6127765619917,-1578.9873276232152,-1551.0677544160908,-1539.5652806718103,-1635.079565563385,-1608.9363737264787,-1593.92857292441
SAIH_AFF_r53c49,-1559.6540613862574,-1532.601882281467,-1633.255029760891,-1621.244442582297,-1674.8922925444579,-1591.8721551703816,-1591.3327380282126,-1714.2119216396902,-1725.664711412313,-1621.4397593989681
SAIH_AFF_r53c50,-1641.0524020667676,-1644.7457923914928,-1690.0376394465595,-1691.99677525743,-1715.0203875973057,-1611.1625066091528,-1530.3738895316283,-1481.801539605179,-1464.0980091402612,-1384.4538327845346
SAIH_AFF_r53c51,-1504.7375359081607,-1488.8013025136383,-1541.1970058421966,-1554.3428014779636,-1592.1559769245086,-1526.16439848433,-1453.1228117954222,-1450.5973572642515,-1426.0449097484284,-1403.4006813712285
SAIH_AFF_r53c52,-1530.7569473714523,-1522.7739273624993,-1575.4988965361968,-1590.5198976907109,-1618.3885580097337,-1560.001819471751,-1476.599472745884,-1451.8596074653321,-1436.034677299014,-1405.942604174575
SAIH_AFF_r53c53,-1468.9833259581428,-1452.925652835347,-1524.7371796046732,-1532.0010133250946,-1565.748839389283,-1530.0760281845774,-1505.3756948608452,-1542.1327796266673,-1506.9991045034058,-1493.5946437782632
SAIH_AFF_r53c54,-1421.0384569071123,-1385.1232605258467,-1480.5092562537297,-1485.4992356261057,-1538.6321581520997,-1506.6252526098656,-1506.631082269667,-1635.8519077934723,-1619.1079625770917,-1599.4957121765806
SAIH_AFF_r53c55,-1656.697146732726,-1642.7222516091524,-1700.3786261580922,-1697.0852837817315,-1724.9782679285001,-1631.2943715008462,-1546.0154892400187,-1511.863867517898,-1475.860175239212,-1449.4726849936367
SAIH_AFF_r53c56,-1560.9628001936946,-1543.5310604771694,-1625.0259000903038,-1616.932856077164,-1652.472216623696,-1589.5109581332044,-1556.6255310238325,-1637.9005588346927,-1601.0358544150563,-1591.6400031409912
SAIH_AFF_r53c57,-1536.1460623549935,-1542.6609964438908,-1618.2899198173245,-1628.313694425969,-1680.901489480934,-1593.12768475796,-1567.7650427623487,-1699.8185572355574,-1671.0834978710482,-1604.3757954111004
SAIH_AFF_r53c58,-1497.8315000575894,-1500.8199140341144,-1568.4860266169637,-1579.4619593101784,-1611.1273991392932,-1579.7050092667237,-1575.754850632964,-1634.3047417358607,-1628.4223087232858,-1606.8463687004592
SAIH_AFF_r53c59,-1597.349869711531,-1593.2762927365807,-1651.5479422278656,-1633.7473006062662,-1666.355838101846,-1590.5947125142386,-1514.9584831541583,-1536.0017598763884,-1548.7320876271772,-1492.6351661014273
SAIH_AFF_r53c60,-1519.7547461686454,-1514.1241345914748,-1578.6890340143177,-1574.1613972176053,-1597.2948055857294,-1549.4263974139176,-1520.1076967372958,-1598.9212082346326,-1611.625871297884,-1568.5580860893351
SAIH_AFF_r53c61,-1629.4511597944893,-1623.7358711420934,-1712.7723592351485,-1693.6344984523853,-1769.6793478545512,-1643.3076034754558,-1640.6371720811362,-1775.08390375984,-1830.8234776551678,-1714.147772325193
SAIH_AFF_r53c64,-1675.2475550506267,-1705.8420730238838,-1813.5830785420346,-1759.5188763703757,-1847.6832298461834,-1659.680203763232,-1598.7599159188717,-1714.576489743777,-1767.9412060354116,-1595.3100687936508
SAIH_AFF_r54c01,-1683.0577730542498,-1653.060778195449,-1720.824712312702,-1712.2205951645506,-1677.57774363109,-1674.0177795461925,-1648.800563856633,-1652.9324654722889,-1544.3404448027813,-1613.3634911992294
SAIH_AFF_r54c02,-1818.7548320532535,-1728.5574177025587,-1878.169648865997,-1861.827847710127,-1961.3256624515227,-1882.439432068441,-1862.1053140147224,-1998.2040133341377,-1891.375571191771,-1923.3151878746296
SAIH_AFF_r54c10,-1751.1699423085483,-1789.89161968161,-2039.2889941051542,-1889.5036387776643,-1914.0137328176102,-1813.9158904202864,-1720.6192940326143,-1840.679263812035,-1834.991242840944,-1726.2322794539348
SAIH_AFF_r54c17,-1735.3129631714098,-1714.0933894919804,-1757.369016237667,-1768.05805823362,-1776.3169447113055,-1654.5054382966023,-1598.1485211236266,-1634.471800697882,-1709.147437390874,-1566.2560253185097
SAIH_AFF_r54c18,-1513.2209030109082,-1507.5395466614987,-1541.976314425025,-1545.4870639314113,-1546.722872226208,-1499.8134875536161,-1461.218847380577,-1451.0070127108659,-1442.3626681819846,-1421.2420013721658
SAIH_AFF_r54c19,-1518.0635714678376,-1495.1822984154908,-1518.8447583970094,-1528.7304763475402,-1504.4042449039428,-1452.6117310758075,-1422.6102677671588,-1428.298347429786,-1450.7247932651155,-1422.0213004337572
SAIH_AFF_r54c20,-1606.298738605684,-1586.6520311407542,-1641.5855048326828,-1667.8616970296875,-1664.2637196598923,-1614.7576588395805,-1537.4342946325933,-1558.841310991178,-1536.1552167047682,-1536.9478106939634
SAIH_AFF_r54c21,-1630.166801479539,-1611.4923104308516,-1629.8026261023901,-1665.5992628484519,-1647.9374468274475,-1624.6343194305925,-1534.745148699907,-1457.6700592391321,-1407.1456816688524,-1438.7869197483847
SAIH_AFF_r54c22,-1449.6045805204799,-1433.9386898433524,-1477.652299949198,-1509.255668040578,-1519.0089478838788,-1489.8925573088782,-1457.7807126883451,-1480.3180282708088,-1476.0865328717543,-1481.4289458937135
SAIH_AFF_r54c23,-1537.1812508997632,-1526.513311259145,-1568.7198602258895,-1596.2755015770397,-1601.5090368935598,-1582.9928751848606,-1472.5308091978693,-1478.052527843579,-1441.0663769974742,-1465.4264942611478
SAIH_AFF_r54c24,-1538.7799578362954,-1527.7189173617571,-1565.445052311802,-1594.0006651913739,-1593.3204389215516,-1579.6393353323992,-1520.9751050819052,-1533.3560161845778,-1511.8649949586875,-1521.0840733805605
SAIH_AFF_r54c25,-1514.049891102897,-1501.2139121284144,-1526.7453535491031,-1557.2071217658086,-1552.357792425369,-1531.566372260557,-1457.3888150110467,-1415.7214092751015,-1403.7883626692355,-1413.242892893417
SAIH_AFF_r54c26,-1476.5192522219138,-1456.9641220494502,-1490.5241621669747,-1526.8896663332268,-1526.0919298833664,-1525.727842399929,-1522.68384143627,-1517.069828583998,-1501.6558010673568,-1521.3844185839453
SAIH_AFF_r54c27,-1594.2793498633546,-1578.7663685957505,-1622.6613666586381,-1641.8260316429844,-1657.2964749798432,-1603.7113703234452,-1539.2213595384433,-1515.625030103766,-1530.545600661759,-1506.5657492434793
SAIH_AFF_r54c28,-1546.5739895987733,-1522.1725001178395,-1551.3338160354886,-1582.6618867805955,-1573.8894987404362,-1572.0215016314114,-1530.6495372867778,-1488.1131670324037,-1467.3565746128352,-1485.3794510288633
SAIH_AFF_r54c29,-1465.7061087086272,-1446.3494733149744,-1488.1767379035214,-1520.491683507324,-1518.0727568767468,-1516.6921117661223,-1498.5119080028899,-1523.4914191177243,-1523.3907625938452,-1522.3044354627602
SAIH_AFF_r54c30,-1603.0840326672965,-1580.2042177365931,-1614.6122002246595,-1636.470030975803,-1640.013115621179,-1594.735472400638,-1521.5064033243345,-1466.2215594732804,-1459.9310938936032,-1440.1604038637277
SAIH_AFF_r54c31,-1551.7925095358653,-1526.8783571871757,-1535.8897243042159,-1568.2426442291332,-1551.6407551200464,-1505.1220616840196,-1443.1317323727224,-1358.922440762451,-1346.6999756531118,-1338.3765887653515
SAIH_AFF_r54c32,-1461.7387823828094,-1425.3985707439833,-1463.22940108988,-1492.9407793608948,-1485.6654970055808,-1461.2897817883772,-1450.6427514618586,-1464.3616530977256,-1474.3339190367585,-1447.3414397829674
SAIH_AFF_r54c33,-1539.6979290451927,-1496.6792899284376,-1572.9132198740456,-1590.5251461865837,-1604.4800207304872,-1571.4001717070712,-1564.9599472314842,-1600.3424666139672,-1600.3565094255655,-1559.6210116059315
SAIH_AFF_r54c34,-1627.590951826003,-1586.8319815631999,-1658.317105108094,-1669.456027969464,-1683.2091660228634,-1618.6470452670587,-1583.8535400489732,-1583.5078002854564,-1573.3158978119397,-1523.5036912883502
SAIH_AFF_r54c35,-1590.3844234851877,-1538.5281130648075,-1627.9243477282073,-1647.0428678755325,-1671.101897589337,-1620.5401127192679,-1608.0469986466362,-1673.9709458628165,-1644.1593514322892,-1603.3863265717487
SAIH_AFF_r54c36,-1521.9431336709624,-1484.8480404736583,-1616.0054677148191,-1625.8442460681154,-1661.562305238845,-1628.356524858724,-1602.3464038253048,-1756.7848920335807,-1761.2811918989833,-1703.4648526492747
SAIH_AFF_r54c38,-1723.6368421741818,-1686.820694260761,-1775.648959656405,-1762.477767156832,-1793.655001374904,-1695.5556704945736,-1639.1844910893174,-1632.2095876599158,-1593.4218570362332,-1562.030567376816
SAIH_AFF_r54c39,-1667.844771891982,-1652.1801697328876,-1677.0142560966667,-1686.7480497994823,-1695.7194302796765,-1610.5751599426192,-1539.1520920808766,-1460.781752929227,-1422.2649759693409,-1387.6121823398214
SAIH_AFF_r54c40,-1470.6847203863424,-1445.4340326401345,-1509.64232485702,-1531.632399324687,-1550.2843146749733,-1524.9808006910189,-1506.6087293381677,-1545.0100197620702,-1533.3974427096289,-1519.7115575390342
SAIH_AFF_r54c41,-1562.6489271442706,-1536.8307993652415,-1592.6990216770796,-1611.9933617542777,-1632.8093841488642,-1566.5028307469918,-1499.0148581484132,-1514.1118550950828,-1490.3443167713247,-1465.1445644944195
SAIH_AFF_r54c42,-1597.267548798307,-1587.0057583835676,-1622.4695033492374,-1621.4001696877008,-1632.1933051917106,-1546.677025123207,-1496.4931627378376,-1464.8064984104872,-1451.6109490465542,-1410.0270452867144
SAIH_AFF_r54c43,-1487.6495517543744,-1481.5946079650305,-1534.8093104215477,-1546.8978968446124,-1562.5174521326023,-1509.9603842479291,-1474.3391145022188,-1505.389511706736,-1497.0781347746997,-1461.9832768391161
SAIH_AFF_r54c44,-1455.2400448153458,-1427.4185496790672,-1518.5889082018357,-1528.0884998377007,-1551.9688124980355,-1519.2476466707847,-1536.219495722647,-1617.4867281656066,-1601.3455702962208,-1582.8945870810335
SAIH_AFF_r54c45,-1561.133158742421,-1553.230111694535,-1638.9651586376665,-1631.3831842763418,-1664.2027550445857,-1572.7534627924938,-1527.401267530018,-1584.0166166900174,-1583.6887218635827,-1523.857062420615
SAIH_AFF_r54c46,-1558.5563650075808,-1545.205254571498,-1642.1919623334213,-1638.2254678862566,-1676.7030928806919,-1587.9505835648652,-1558.1100066251695,-1642.755562654991,-1648.7815500802612,-1567.85370682183
SAIH_AFF_r54c47,-1611.5968862388306,-1608.4136020269814,-1697.1127403506387,-1677.850444710847,-1713.630858587709,-1615.679855305382,-1573.6229092831752,-1660.6797610758917,-1654.9477261900404,-1561.9721551855012
SAIH_AFF_r54c48,-1627.2646435190509,-1629.742853627634,-1689.9937017685295,-1684.0461922662105,-1719.7032789545867,-1610.2387595154073,-1552.6966508905475,-1547.770352763787,-1539.2027082918853,-1469.7657979330484
SAIH_AFF_r54c49,-1475.6476745129976,-1432.3001306703468,-1533.8783456453257,-1539.7135465084305,-1583.8173233789935,-1535.0164398484333,-1532.3560806228188,-1680.1643592046653,-1717.4576185525705,-1627.2604948713854
SAIH_AFF_r54c50,-1706.0166707673945,-1698.5596682074938,-1733.6585070907693,-1730.0944179496712,-1747.9615360453977,-1617.1184019725374,-1505.065780036959,-1446.4800521403183,-1421.7238055103314,-1345.8710076797038
SAIH_AFF_r54c51,-1576.8172029213592,-1556.6562610474048,-1615.0820054624917,-1622.295291415822,-1660.8351563461522,-1597.2067995715897,-1480.4039206341308,-1499.816095234853,-1459.2521099725827,-1427.6810517522658
SAIH_AFF_r54c52,-1496.310417588401,-1450.4832804944767,-1544.7275478494885,-1552.3844164207974,-1607.9570683205088,-1582.7192594357275,-1574.2354239369176,-1667.0139405569407,-1608.832605980957,-1618.531052754208
SAIH_AFF_r54c53,-1588.4264108653588,-1567.4751080749184,-1630.4721335599133,-1634.7591664026438,-1665.762834796589,-1604.4841494484322,-1515.724574573658,-1513.2055007580302,-1467.6084349495043,-1469.4953274453999
SAIH_AFF_r54c54,-1552.6663429421064,-1528.1156665235644,-1623.2754599331959,-1624.5249180654007,-1685.4878878150423,-1612.8537166371739,-1565.6093421149067,-1681.7191083002629,-1638.0561762457723,-1617.151597332021
SAIH_AFF_r54c55,-1655.6639607413874,-1634.4077192192265,-1710.3504993741446,-1698.269093794352,-1741.7641629001923,-1622.0486699940811,-1565.5758933481363,-1596.1602082340426,-1576.7013993998078,-1502.07168519789
SAIH_AFF_r54c56,-1555.2084387964774,-1546.5669724770644,-1615.3248177570706,-1616.7601277336441,-1648.294528131503,-1582.4974649583169,-1539.7702521954225,-1571.7391249721893,-1550.3087542043477,-1499.0966509180857
SAIH_AFF_r54c57,-1521.5475518359265,-1526.9760656544756,-1625.8095465043807,-1613.1184095444094,-1685.950471092862,-1588.2500013093186,-1560.2881915166624,-1719.005653638073,-1728.9710562011949,-1611.1401416159083
SAIH_AFF_r54c58,-1613.570688878884,-1617.054014010031,-1676.3457954200394,-1670.3094326879786,-1718.1414562893306,-1642.9434834507815,-1561.976173523345,-1555.0669586295714,-1529.4358240055285,-1499.7209145262452
SAIH_AFF_r54c59,-1582.5869502023068,-1581.7992798124894,-1638.4891068365437,-1635.8330160143512,-1673.1554190836596,-1612.981227985177,-1552.754002278411,-1571.1138603359998,-1540.5215912215685,-1533.9132841859914
SAIH_AFF_r54c60,-1554.642076195213,-1533.2283500634744,-1617.3569134526037,-1589.6208195369659,-1633.6527738878929,-1572.320990982738,-1538.831067020901,-1655.2783912889843,-1652.7709850933793,-1603.3912732793265
SAIH_AFF_r54c61,-1501.9672120415423,-1491.2064900308478,-1551.2059820151987,-1547.7879977374976,-1579.0969236248227,-1534.5253484097018,-1521.012121672367,-1574.955119174187,-1584.9985545121745,-1561.670894893134
SAIH_AFF_r54c62,-1553.1483308072284,-1554.2715628607552,-1656.032313205641,-1620.2447992335299,-1692.573870909477,-1600.3743007400312,-1591.57833413174,-1767.385915588818,-1795.3457910897853,-1709.817876972129
SAIH_AFF_r54c63,-1602.9900814847397,-1657.7255231571667,-1727.9776178805582,-1698.562812899306,-1814.8414870441352,-1630.311139738997,-1617.9704617817715,-1804.0968731016567,-1916.218264940614,-1654.0028278765783
SAIH_AFF_r55c00,-1754.1472441294088,-1739.6286285999015,-1815.6471123819151,-1823.95620765492,-1808.3497882909076,-1779.939800526467,-1752.003391519634,-1803.389969972006,-1628.7968636269943,-1733.2039294668261
SAIH_AFF_r55c01,-1583.128115521733,-1569.4151725289025,-1598.3004983791589,-1609.4335272778483,-1550.9619708796347,-1570.1967802254828,-1554.4675219002559,-1536.5816170851988,-1446.5202207368498,-1512.6428699963226
SAIH_AFF_r55c02,-1777.0840081605406,-1710.0340900789975,-1854.053907040815,-1844.7215633381002,-1905.0768520354393,-1830.1359011552079,-1824.9240558506488,-2009.569902010917,-1883.6908204368303,-1945.9425605518284
SAIH_AFF_r55c14,-1903.2208766295605,-1898.7469326313756,-1997.904497415923,-2036.8690169028112,-2093.6050653650186,-1974.8598337111841,-1858.7657086058514,-2031.4033169062031,-2004.0692626575426,-1890.6613854618597
SAIH_AFF_r55c15,-1783.3076206893875,-1779.048291401853,-1860.756117597663,-1851.624992502147,-1897.547961496235,-1737.7727328442577,-1650.2386899747835,-1776.790430389917,-1935.5910474307807,-1695.6060144532582
SAIH_AFF_r55c17,-1533.5475115010265,-1539.7163314590907,-1571.2428516289203,-1581.438035280248,-1618.6794186374007,-1554.6829289283428,-1526.3028499598367,-1566.540931661467,-1623.071481102846,-1525.2161123918997
SAIH_AFF_r55c18,-1528.7117435587043,-1518.1809302179965,-1580.0423027956624,-1596.7934793951595,-1622.812581527126,-1523.093955774468,-1480.494143091195,-1520.564702536863,-1580.0512016446298,-1489.1327809490012
SAIH_AFF_r55c19,-1460.5986365639737,-1448.8116695310644,-1465.9027938963552,-1493.0501273983352,-1490.127129716802,-1427.5920358436586,-1391.4077007534363,-1378.1598646995772,-1395.7578414523143,-1367.9370336660206
SAIH_AFF_r55c20,-1572.7700419244004,-1546.8689751610323,-1627.6465410413011,-1656.4559350289192,-1667.7432384838346,-1595.8982257134585,-1582.536559277241,-1655.3699052200707,-1636.7514172638785,-1637.6522414031504
SAIH_AFF_r55c21,-1636.5941926179373,-1619.3641949390124,-1649.3225251210736,-1677.0377605015603,-1670.6184543726179,-1596.0329540505363,-1510.7372125713594,-1428.1786914873915,-1417.3295926643589,-1424.1890450471117
SAIH_AFF_r55c22,-1463.6487524392921,-1454.2912931637227,-1491.97986475628,-1518.441730931784,-1525.0718717063044,-1500.256710008662,-1481.3447775679087,-1485.5690254312462,-1483.2576492011647,-1496.1201514187028
SAIH_AFF_r55c23,-1492.3930884853294,-1493.1567999040365,-1547.3020867016455,-1567.8261612199983,-1588.0704815946765,-1544.1102833032578,-1514.149542605013,-1522.9744312551506,-1519.7518019380616,-1525.6049765826285
SAIH_AFF_r55c24,-1622.6211858326265,-1636.2129306633615,-1645.199217272193,-1671.269561020155,-1660.4174183027849,-1617.835663687952,-1524.2903267888585,-1428.0649585806534,-1402.0200717500486,-1406.3959298154068
SAIH_AFF_r55c25,-1392.129732450455,-1383.8005596659732,-1436.4815683165418,-1459.7030666878782,-1467.5999770500432,-1445.8509087400216,-1434.1218303633132,-1471.1242218530517,-1475.7646794960388,-1468.3679868976606
SAIH_AFF_r55c26,-1551.2882269918,-1543.15906487977,-1570.5759504733776,-1590.2761505730357,-1593.406418842239,-1542.5503940684928,-1449.0598603215678,-1375.0885447511014,-1371.8866188897202,-1373.8829116978725
SAIH_AFF_r55c27,-1453.6694293545588,-1439.3398132186535,-1500.6255010523078,-1520.6999554040633,-1542.058201610149,-1551.5484596145975,-1589.406892289076,-1657.2169214198723,-1643.7445174380555,-1654.089285760857
SAIH_AFF_r55c28,-1723.2943142329416,-1717.5158880065121,-1752.0446873010744,-1753.1343227900284,-1765.0835072578716,-1681.2877242322108,-1562.1879376376185,-1465.7848388241312,-1481.4582085424781,-1437.5400043828988
SAIH_AFF_r55c29,-1516.2652128217242,-1485.4104521402141,-1532.7045297475768,-1550.1111403781008,-1558.046014661893,-1565.1726619080282,-1522.3023056881989,-1532.3589008014233,-1510.8601695688799,-1520.0095346635621
SAIH_AFF_r55c30,-1499.1217137699493,-1466.001635615195,-1527.1518278717178,-1546.454651460054,-1571.5605281967535,-1546.5639846403474,-1560.391112896578,-1592.425552117952,-1583.4237052031874,-1567.691593929181
SAIH_AFF_r55c31,-1575.4934834602225,-1556.1659794110212,-1571.1181923220377,-1594.9692938872074,-1587.5717236684595,-1540.1896564765048,-1471.3395016809736,-1378.1395350656876,-1358.7134391733118,-1359.8319288279622
SAIH_AFF_r55c32,-1547.2657516520617,-1523.3382779950382,-1545.998429465523,-1576.539982103212,-1560.095132125779,-1528.0460855341257,-1445.6324088398655,-1368.6759976937667,-1368.0000286974744,-1356.8348564734983
SAIH_AFF_r55c33,-1530.6830362265168,-1497.5555288988091,-1537.9066903795797,-1567.112510300514,-1562.9542448549578,-1552.9045520449777,-1514.7569339411066,-1499.9801108804716,-1493.542477234559,-1486.0122145844846
SAIH_AFF_r55c34,-1560.9713208531734,-1516.9042071619594,-1596.5094175200575,-1620.6790894266526,-1629.915614115191,-1611.8133507272846,-1605.1069336638184,-1631.3072363185706,-1643.561333246364,-1593.1033331159092
SAIH_AFF_r55c35,-1595.9209713047317,-1553.6845841494046,-1652.6265364082806,-1668.467923524488,-1694.6899356618858,-1642.3448804646328,-1637.6818849216183,-1710.6746556854614,-1711.4568006196496,-1633.501216608467
SAIH_AFF_r55c36,-1654.3372092416544,-1603.1139944900704,-1697.813030252434,-1713.120790591378,-1742.2309865695468,-1668.2524679891885,-1645.3838923267974,-1690.4849937908941,-1679.9633793189812,-1592.8454376115294
SAIH_AFF_r55c37,-1642.5076184490847,-1595.1627346620523,-1726.5256508213004,-1717.1901313507713,-1768.859214503086,-1662.8163801218843,-1674.094889654399,-1826.965080043913,-1881.0917916850294,-1736.5030523342984
SAIH_AFF_r55c38,-1809.211652207945,-1794.6944595916775,-1840.7090783380079,-1829.8689139651688,-1873.19244667667,-1720.8657073902552,-1654.1365625203841,-1586.5343552279703,-1607.1369017024333,-1463.3198460635324
SAIH_AFF_r55c39,-1598.2514245924428,-1579.3265257156868,-1624.5931911653101,-1636.524628171593,-1654.9683655719366,-1585.8266626330387,-1535.9086044079565,-1510.8034883933208,-1490.7834619487128,-1460.2989101378826
SAIH_AFF_r55c40,-1510.3205902831198,-1478.048542676614,-1549.1026502241334,-1557.1315567817626,-1574.254085642685,-1528.5970397181572,-1517.8983172393648,-1553.6004375751347,-1539.3929205662917,-1510.910583946364
SAIH_AFF_r55c41,-1573.424538491238,-1553.9350704916146,-1584.225361849999,-1601.320963820216,-1606.121121917621,-1525.399013326097,-1442.03734594634,-1376.547262253852,-1369.9845241946416,-1343.7412028968863
SAIH_AFF_r55c42,-1415.5025566907034,-1394.8209377315372,-1441.7505061204045,-1467.6863070950778,-1475.7405350266624,-1430.5026427833493,-1410.0863770127417,-1465.7699604495601,-1474.4299440658688,-1451.0598709132082
SAIH_AFF_r55c43,-1443.3271408715516,-1424.2872453889022,-1479.4404566636333,-1492.278561686881,-1511.301619132308,-1459.68991621401,-1422.672230668332,-1505.4185674760156,-1512.406321630763,-1476.372609048261
SAIH_AFF_r55c44,-1534.9314083188385,-1525.5317583056694,-1570.338777862682,-1571.923941759272,-1587.4227277587554,-1520.4544352094065,-1451.1682753368837,-1439.4630179713815,-1436.9505324129025,-1403.3385405392728
SAIH_AFF_r55c45,-1511.244109320984,-1496.8256656447725,-1542.384648098624,-1557.5079225099478,-1567.266153545105,-1535.8340799686912,-1499.728776987803,-1493.4179896940846,-1474.1179231622202,-1462.6500450068488
SAIH_AFF_r55c46,-1541.1970191073503,-1527.6030555062773,-1577.0693750195676,-1591.7654940674347,-1604.6807110730804,-1576.1912743798723,-1517.0254573345721,-1520.0906242499514,-1501.5815610422953,-1485.9344965406415
SAIH_AFF_r55c47,-1423.9516007478928,-1397.9874360131114,-1488.92238908722,-1505.4995527763062,-1531.652252938246,-1520.323419657502,-1514.3380619958948,-1624.7503214012827,-1635.4681871402972,-1604.7998132873677
SAIH_AFF_r55c48,-1648.5054727821337,-1647.447868392433,-1725.230913069217,-1716.8090589735623,-1757.6307430309062,-1640.4232936838064,-1556.9390809064178,-1606.0670999340182,-1600.1273905117573,-1509.765787874599
SAIH_AFF_r55c49,-1527.6530101119724,-1483.7253488056595,-1581.774312041491,-1574.6053747899857,-1612.8145851377997,-1562.7411924614141,-1525.6934788733859,-1632.8197689586436,-1611.2372817681855,-1598.0031749924335
SAIH_AFF_r55c50,-1682.2964193419689,-1666.7933539690782,-1727.3279466565148,-1729.6976715683088,-1766.3159694062492,-1648.0065688424606,-1524.8951879773763,-1509.0713549965194,-1483.5217548901248,-1435.5979602427271
SAIH_AFF_r55c51,-1550.8408433948696,-1532.0271791874954,-1597.1561537979915,-1611.9313345925495,-1656.0416114456273,-1587.5063786824187,-1523.8783223934818,-1552.1335896981036,-1523.626021371848,-1496.9767315057359
SAIH_AFF_r55c52,-1586.3326439060013,-1549.0037609869332,-1623.1275631830154,-1626.7689470801488,-1689.669419159646,-1615.5025716595812,-1558.1259513314733,-1595.4757205080718,-1565.1656086174069,-1545.2183824104743
SAIH_AFF_r55c53,-1624.361139661191,-1593.4053638787311,-1640.2380902692641,-1647.4184279311958,-1700.455316662407,-1623.7459031361038,-1512.8379175775158,-1481.0674123889378,-1430.2335225464476,-1444.932728477444
SAIH_AFF_r55c54,-1494.8609102265525,-1456.8900957899864,-1560.551685648192,-1558.5204293728136,-1619.1735772983204,-1568.423197189673,-1559.4547716348968,-1687.9945337377392,-1653.2572220642965,-1639.9733650112264
SAIH_AFF_r55c55,-1663.2081740840938,-1655.681202371977,-1719.502591903659,-1714.266949119378,-1764.3411947019245,-1632.4887023263218,-1575.8416916899937,-1587.0347108990388,-1565.0714019237741,-1491.5636027330427
SAIH_AFF_r55c56,-1630.8457478434116,-1614.6914774327472,-1670.612437284211,-1681.7750915311524,-1707.3464284596694,-1627.2605665022063,-1554.476885124493,-1553.1100512157216,-1520.2427035851006,-1485.100527803566
SAIH_AFF_r55c57,-1469.503374562038,-1464.6539789047479,-1547.9275127899427,-1556.1211972586084,-1617.5100297671079,-1574.4895580328152,-1561.916213811834,-1669.0839218489527,-1661.7494684445194,-1616.0240015235754
SAIH_AFF_r55c58,-1570.5174941712169,-1585.2085973889132,-1672.1287939245037,-1650.1004532628135,-1759.3120576254032,-1635.1230068693567,-1605.074219829856,-1753.712110306122,-1773.681665023653,-1640.001924671788
SAIH_AFF_r55c59,-1608.1800639227697,-1620.719668645228,-1685.8634479159866,-1669.6635131433036,-1734.913203313547,-1615.7523136129403,-1559.6308525210354,-1617.638925053812,-1617.205199921726,-1512.3706842345568
SAIH_AFF_r55c60,-1599.3001022228248,-1585.2568113780264,-1674.5651931281227,-1632.4423171202375,-1700.8208831843453,-1580.5649766869374,-1544.273688575035,-1638.9220942118939,-1635.5056170399193,-1561.0219413992015
SAIH_AFF_r55c61,-1551.2471478624304,-1553.254911833534,-1580.3151687020138,-1561.166500134357,-1618.8373818511966,-1525.628190311211,-1489.7195265438588,-1473.7639711042532,-1490.5501540532578,-1423.1995544064978
SAIH_AFF_r55c62,-1404.3991962299483,-1398.1195588392536,-1467.3819889788056,-1468.3027386078245,-1511.9144070957093,-1506.3331186121534,-1519.0144245689714,-1636.9617074767307,-1642.2699358183615,-1615.7146068646452
SAIH_AFF_r55c63,-1515.5991438454428,-1522.6288431739797,-1597.3463799948863,-1588.761333222031,-1629.8189553975294,-1584.3017566559358,-1551.6673596944759,-1643.8979136123874,-1641.5905927344245,-1593.8590423173034
SAIH_AFF_r55c64,-1501.4305307438128,-1507.1442665533068,-1598.6158255594698,-1577.4987912153827,-1651.3559173071353,-1561.6310924961465,-1581.4729646909705,-1776.0591430799361,-1786.4894730116334,-1658.620611146898
SAIH_AFF_r56c00,-1806.0978692091949,-1830.954116115922,-1908.4017890577325,-1921.8438476263293,-1922.2226711742262,-1856.1244720158581,-1830.2582664051508,-1916.3465854188648,-1706.479036443671,-1805.664758547909
SAIH_AFF_r56c01,-1607.5365197951896,-1583.2250243447847,-1680.3023648471776,-1699.5866648168117,-1675.75172245898,-1670.2068285813014,-1658.2630676523252,-1714.6920594117457,-1608.3271860569826,-1671.2761274514942
SAIH_AFF_r56c02,-1618.7130104378891,-1573.4487585040256,-1672.5227035859627,-1682.151912390869,-1681.4634831019334,-1679.847040154186,-1657.1691953974841,-1733.852882334149,-1647.0721172730562,-1716.5487983073133
SAIH_AFF_r56c10,-1760.472884214496,-1770.072149883198,-1937.253923068059,-1839.8468720210349,-1874.4921721959752,-1757.665905448298,-1693.7839510375961,-1807.1202035386177,-1809.2857894847107,-1730.4294711976618
SAIH_AFF_r56c14,-1750.7047085841762,-1748.4601822052643,-1787.0428672059322,-1810.4389083395956,-1845.806723107178,-1704.9387368183993,-1657.3461219188375,-1766.5323703705635,-1817.1312071688003,-1655.2183661231231
SAIH_AFF_r56c15,-1695.2236605132816,-1691.308859407557,-1750.448857627508,-1714.1165931960238,-1731.0599405254275,-1619.8307697140394,-1554.1189098771754,-1680.492835303602,-1679.4166884809893,-1559.311414301121
SAIH_AFF_r56c16,-1491.3526973344822,-1483.9373332250962,-1526.6758825485697,-1508.980813193777,-1569.8165561162366,-1494.7222037462325,-1460.9977296354584,-1534.1565216025056,-1605.4004456932469,-1505.363551614787
SAIH_AFF_r56c17,-1518.1035805157949,-1520.9310833167538,-1565.427805932797,-1560.6726882925138,-1593.6585735526628,-1525.3165214705293,-1490.8726034784243,-1517.835986827638,-1550.551571678376,-1512.1195983372252
SAIH_AFF_r56c18,-1488.0416102567058,-1491.492951919073,-1531.7381329590414,-1545.258575405169,-1569.551834753074,-1504.2645668631512,-1469.1369210504956,-1498.0196712554032,-1524.9131840880696,-1474.6022593662353
SAIH_AFF_r56c19,-1595.090900523807,-1573.8490985861665,-1603.2824368931783,-1639.8458159581792,-1644.3889285910614,-1568.4838970605556,-1474.9510275882108,-1448.925305815801,-1423.186698812338,-1425.5503951456897
SAIH_AFF_r56c20,-1532.319202256224,-1512.6168425959142,-1578.2765890587805,-1605.0555623931261,-1630.4557776456816,-1575.507982936914,-1528.9088397573043,-1575.614593180526,-1555.178554874999,-1553.250036006358
SAIH_AFF_r56c21,-1617.5422304593324,-1598.5088701634247,-1618.162707356595,-1645.6714283096562,-1625.2378884377677,-1582.6924983835545,-1494.1969184133447,-1406.4051427838467,-1372.2863975121131,-1411.9038928198404
SAIH_AFF_r56c22,-1473.7608765102984,-1452.693800114172,-1514.9444848878434,-1547.1891834564963,-1561.8063281990578,-1549.4620559445684,-1540.445040038965,-1603.0960228135682,-1588.5227297723352,-1603.598785475989
SAIH_AFF_r56c23,-1515.398577127242,-1513.6779454722493,-1597.626961815917,-1614.502832134519,-1643.767948194449,-1574.6722471757182,-1545.389476081289,-1578.2041204677996,-1611.0746118248164,-1566.7109338191412
SAIH_AFF_r56c24,-1614.1661542409997,-1616.164622201737,-1631.8003844501952,-1650.2249190769012,-1641.32809471931,-1574.4913708215925,-1465.246873068583,-1338.1490922994733,-1343.5180073537886,-1339.1742151245016
SAIH_AFF_r56c25,-1501.0269756630048,-1493.7583865386075,-1520.6043935907605,-1546.6441987272617,-1536.4816327278536,-1516.0737282434272,-1467.9650324205325,-1436.1106250867122,-1424.2105410577187,-1437.617542426789
SAIH_AFF_r56c26,-1467.8972551443128,-1465.592113187981,-1519.4305563556943,-1534.0268567448238,-1536.7554637868634,-1509.3924656565707,-1468.845314472161,-1487.3307705602313,-1495.6239401065259,-1484.1127925672592
SAIH_AFF_r56c27,-1544.1690889291435,-1532.6083787943835,-1568.327311707486,-1591.827903311938,-1587.457192444217,-1580.4183297906873,-1533.6747222600336,-1501.7889045370305,-1494.1143236338128,-1492.3763703757998
SAIH_AFF_r56c28,-1530.8134713533423,-1521.0669011226137,-1608.002029449274,-1598.774896105291,-1629.4202033639115,-1577.0288312728976,-1563.1428653728826,-1614.7825425464232,-1639.4658568072975,-1592.7403430947663
SAIH_AFF_r56c29,-1597.6767379035216,-1583.4503628158275,-1649.2177784991045,-1640.0866648168114,-1683.054890945834,-1598.2177104384155,-1544.2318435022983,-1519.707226474561,-1532.941017559658,-1479.929748280159
SAIH_AFF_r56c30,-1517.4440313162784,-1504.5440941583097,-1541.31522610039,-1564.421219659082,-1572.2155586394697,-1546.582747244115,-1531.3216674085515,-1521.1661464743001,-1498.1529705951664,-1513.1404074258335
SAIH_AFF_r56c31,-1595.5848975595459,-1583.6582918387974,-1649.0464346114177,-1655.1300258130052,-1675.739246762903,-1615.1714784621106,-1618.4969788836013,-1627.8290451282542,-1636.7330553068505,-1580.4667179785226
SAIH_AFF_r56c32,-1671.5964485947047,-1662.0582386475226,-1664.1328621519492,-1683.3077613996124,-1670.293324814011,-1602.8251740743747,-1509.962092506226,-1369.1490296613833,-1357.2895513476853,-1334.772122961058
SAIH_AFF_r56c33,-1503.4623943838924,-1484.2672519395667,-1532.8324250609871,-1558.542874642711,-1564.0377679010787,-1548.2654013673812,-1517.5341164891997,-1516.3763074410274,-1520.1096392038608,-1506.8712766068825
SAIH_AFF_r56c34,-1530.0866531882132,-1497.3433627345194,-1577.2851426236894,-1585.7066891191168,-1608.2102612585245,-1584.30654665256,-1572.451679219786,-1587.3848875456993,-1585.6057630864964,-1582.0911628832719
SAIH_AFF_r56c35,-1645.360774951507,-1614.194604343854,-1669.6173382441873,-1683.583572200801,-1689.8898277798294,-1632.8198219423007,-1586.7502715890384,-1553.0413234173893,-1563.5325972288763,-1490.9592367759049
SAIH_AFF_r56c36,-1591.7401964506898,-1534.048452774061,-1659.3104847896052,-1668.5936309335207,-1706.7406782812266,-1630.6302238678948,-1612.6267436897226,-1727.247757785884,-1754.3463471222408,-1658.93111656371
SAIH_AFF_r56c37,-1577.9704328024188,-1521.158711670091,-1662.2100066746061,-1669.6295305526833,-1720.618756952715,-1602.3969296810585,-1593.9895614390978,-1730.0004580612235,-1821.0172335719612,-1668.4417699485664
SAIH_AFF_r56c38,-1833.6622521239042,-1774.293845130473,-1868.409992038634,-1852.8870664459841,-1956.2211374278506,-1722.8982542609024,-1640.278904474079,-1618.313216915809,-1756.8596023506989,-1490.7915693319792
SAIH_AFF_r56c39,-1589.7370920285225,-1548.8893594965602,-1647.1104546454035,-1650.061464037779,-1677.4599331958157,-1625.5887092552064,-1592.5281614190128,-1665.7623975163087,-1646.0261981299016,-1606.722265269154
SAIH_AFF_r56c40,-1645.33974531796,-1628.8767317986103,-1651.9100027483676,-1675.145789108613,-1677.6688426756014,-1607.7413053436114,-1514.9694041277864,-1426.1992409271163,-1429.521260584486,-1393.5655825884387
SAIH_AFF_r56c41,-1630.1075896165514,-1620.0712978262625,-1642.7541512057542,-1661.0756447756733,-1663.3245626209484,-1590.8340015240506,-1456.646218546809,-1378.4997577754089,-1362.7491181715573,-1339.983643948182
SAIH_AFF_r56c42,-1472.675468802782,-1458.0599276730468,-1508.2512877182967,-1526.2327424799082,-1539.935547309736,-1506.5065636317454,-1485.742301840645,-1503.2435889042806,-1492.154023415917,-1476.2624693291293
SAIH_AFF_r56c43,-1457.0332002774546,-1436.8710518394432,-1497.6398644138783,-1511.4535643706895,-1526.4644819327568,-1489.8932115326731,-1460.4730830137814,-1503.0538837047993,-1492.8383410331246,-1473.246837414441
SAIH_AFF_r56c44,-1493.026048988118,-1468.6479499281427,-1536.576352513408,-1539.9375227414914,-1554.5499632209542,-1509.7829460408202,-1490.9631555112283,-1567.351018687943,-1556.227828518026,-1523.947917730117
SAIH_AFF_r56c45,-1620.3115172688317,-1620.947203570044,-1687.2670488471729,-1667.3148563287618,-1706.2031981646946,-1584.4779752988118,-1544.1775149013727,-1577.8233755146077,-1591.8547993421394,-1481.4285991137733
SAIH_AFF_r56c46,-1599.6631742681539,-1578.981732337899,-1634.66472188689,-1640.4282426016755,-1657.906283960542,-1591.931163699306,-1575.6556692338104,-1579.7376144674852,-1526.976625981664,-1509.0234499590179
SAIH_AFF_r56c47,-1462.7238787999347,-1438.7527208765434,-1516.695481695921,-1534.8077299592192,-1557.4631013019368,-1525.31537825288,-1530.0346188678845,-1677.0860891096881,-1641.4423341691836,-1622.115904891034
SAIH_AFF_r56c48,-1549.0458677891463,-1532.2821986801418,-1632.054283777168,-1629.4928968014005,-1661.952760522602,-1573.3897898228051,-1540.8209266225313,-1636.8759564515149,-1641.4751800340816,-1554.8458840190453
SAIH_AFF_r56c49,-1585.827996972847,-1570.6664554293657,-1642.110480599774,-1649.1913521893173,-1673.566467736994,-1596.6872788882283,-1545.9468336663374,-1597.2455764552458,-1593.126226507488,-1537.483409579524
SAIH_AFF_r56c50,-1540.8800092135502,-1541.77255880182,-1624.9388790878586,-1624.269383791481,-1669.6468933060419,-1586.3211314867845,-1557.5326583709814,-1655.2145448453853,-1666.475625971742,-1593.3982766473155
SAIH_AFF_r56c51,-1706.6279073421351,-1717.2567443005355,-1765.6650370013456,-1749.8634642477432,-1800.2196015481377,-1673.8994678928864,-1590.0000026186372,-1600.3450028543145,-1555.9243763715112,-1484.6073562760882
SAIH_AFF_r56c52,-1485.6262935920554,-1477.2899295510997,-1544.748297681285,-1556.2552051290766,-1597.8672440107957,-1534.0281402904336,-1496.3451315386437,-1560.1844211330974,-1549.8884598367956,-1523.6505331444914
SAIH_AFF_r56c53,-1642.6841410695158,-1610.2110858288977,-1693.3863334651269,-1689.3054140886227,-1736.6331894080035,-1646.7651913665752,-1571.7948893852235,-1623.544260311958,-1585.0268099112097,-1563.3280869103012
SAIH_AFF_r56c54,-1625.929264002178,-1602.8025035862747,-1688.678881815231,-1667.348619938641,-1730.0521187816082,-1609.4914112645677,-1566.6659162539397,-1623.9691868318275,-1614.7916767012557,-1550.8825953111418
SAIH_AFF_r56c55,-1600.1036983112363,-1598.7341761876198,-1650.7366193826804,-1642.3867318534499,-1685.2853850847262,-1577.8732314331578,-1518.2546579134116,-1511.057615410197,-1507.6029192645797,-1453.7967408353995
SAIH_AFF_r56c56,-1589.3477155832431,-1591.0307476867908,-1630.139753170438,-1640.367443625751,-1658.2611367770812,-1593.5402792864716,-1515.3846667277417,-1492.1358557238023,-1461.8024813830832,-1462.9916240233483
SAIH_AFF_r56c57,-1478.887073882234,-1468.7277193239725,-1539.4052655560156,-1544.168459560383,-1621.7937823074383,-1566.4347435568425,-1536.0908588606826,-1630.9426099434897,-1611.8285447184703,-1587.2753706681187
SAIH_AFF_r56c58,-1523.5414465589906,-1514.916902698882,-1606.2628334336794,-1603.8906651658326,-1683.9467265254837,-1578.8525064788873,-1554.9954791759376,-1694.0230805476294,-1718.7836967618646,-1628.5894426847462
SAIH_AFF_r56c59,-1608.1421365793356,-1621.8066199809343,-1692.033034432909,-1668.7425938341303,-1795.05778014058,-1583.7644666408264,-1566.8531389782208,-1737.8811844627644,-1803.9887048113885,-1580.562156273242
SAIH_AFF_r56c60,-1650.5889714273746,-1657.5317476521034,-1699.0440682225087,-1683.55653013789,-1727.4780522662315,-1597.6652584519063,-1522.2673121420569,-1517.2810513972213,-1517.2683826993748,-1444.4777695762793
SAIH_AFF_r56c61,-1604.878872310005,-1605.7727991662262,-1663.607680987122,-1651.4286185640444,-1702.5613599107571,-1585.6411733590312,-1514.8814411932613,-1560.5479577247186,-1557.7117482546787,-1508.154318918608
SAIH_AFF_r56c62,-1478.4525288538812,-1492.71236168592,-1575.1555949959557,-1583.0525089591663,-1656.6812133682013,-1546.2511341296456,-1507.3922583381109,-1662.3735101868797,-1673.9538049951443,-1605.0363340322663
SAIH_AFF_r56c63,-1590.4597144360853,-1592.1128378077606,-1679.5440822600024,-1645.3910911180874,-1719.997227102649,-1569.7817632903993,-1522.111578352024,-1680.4670355135092,-1713.7445530503176,-1605.0000759339212
SAIH_AFF_r56c64,-1487.6120383652867,-1490.3683680093816,-1613.6958210736839,-1600.1098866004206,-1667.3595672387255,-1557.5328392825359,-1539.1576442624842,-1740.1360428468217,-1774.3122153230786,-1662.3333952860119
SAIH_AFF_r57c01,-1633.6482230924728,-1627.1938342251085,-1713.862928389689,-1734.3293037915105,-1714.0723982492757,-1694.847266578018,-1670.2448195344705,-1681.3629624200341,-1585.2788943802868,-1636.6040517051865
SAIH_AFF_r57c02,-1518.792964750436,-1491.8170641332217,-1578.940496547323,-1606.494664512401,-1596.3681447167605,-1593.8589257797728,-1578.983206634604,-1632.012828738056,-1567.5476815833435,-1625.2160669535012
SAIH_AFF_r57c03,-1629.894626346817,-1604.8652974252125,-1689.614375988189,-1727.212040459462,-1727.5133215710498,-1699.8716663350895,-1678.3642346313723,-1755.5140676209126,-1663.9553024512327,-1703.1536077400713
SAIH_AFF_r57c04,-1711.5275690141916,-1700.159425261475,-1806.9190814867634,-1847.4788623591878,-1855.1079088085773,-1791.5940614541869,-1754.826902832847,-1876.7585616348736,-1760.1850381535505,-1777.1022787382408
SAIH_AFF_r57c13,-1735.190755288433,-1763.3489593286101,-1828.6892514129108,-1819.5917573485722,-1950.3691000044507,-1687.1511336001656,-1690.3160991903433,-1757.4183260779093,-2012.4882949009595,-1641.6759534361397
SAIH_AFF_r57c15,-1600.3736636545516,-1597.299027255695,-1629.6818241311862,-1605.837845408005,-1606.8986131325778,-1527.6171455347012,-1466.233916735607,-1474.0807173596709,-1470.9650429829485,-1406.7265373862665
SAIH_AFF_r57c16,-1511.2533845887967,-1487.2389637528222,-1546.2604130114862,-1546.6338699794187,-1548.4365347048022,-1483.9664500180695,-1450.1621355511459,-1495.1878689005393,-1529.3263005462488,-1456.5933701339181
SAIH_AFF_r57c17,-1667.9454758202608,-1659.3840775468987,-1704.2004717104642,-1723.8345688901484,-1741.6448847424463,-1635.1493217526086,-1568.163554215293,-1563.0903343856535,-1607.159245472682,-1538.2200416738685
SAIH_AFF_r57c18,-1521.9387289624706,-1501.2400039803422,-1524.5402734388333,-1543.7784469868607,-1542.0021184831803,-1481.1747211798602,-1435.0172594840778,-1410.0999745991542,-1422.0484396808436,-1380.2622781681043
SAIH_AFF_r57c19,-1421.4054961768156,-1393.8519074058108,-1465.8657551745926,-1501.0466190764178,-1525.1335013913244,-1495.1867302250494,-1489.83859103534,-1573.9023012426385,-1567.8995709547667,-1563.1791545269682
SAIH_AFF_r57c20,-1638.3552984060393,-1618.1991939855297,-1658.1811332909117,-1690.8207311740111,-1709.2662728246376,-1620.194105986451,-1483.978247036365,-1471.021066882442,-1446.2276951599856,-1466.0051665579936
SAIH_AFF_r57c21,-1565.1911327392909,-1553.00681392208,-1587.6893683968085,-1617.628684439237,-1623.4136100436672,-1583.4157958388785,-1507.7503219794187,-1464.0409725348995,-1441.8073646901196,-1460.5421557438037
SAIH_AFF_r57c22,-1553.1015140961297,-1541.7056389737083,-1578.725108542524,-1609.2250247461284,-1616.0939383782302,-1591.1855461692005,-1548.3182744227258,-1533.8606387380312,-1495.864244601684,-1528.8843321689176
SAIH_AFF_r57c23,-1552.9614574199377,-1551.178143935924,-1624.9734978863748,-1647.529141855017,-1680.6282610687222,-1609.422471174862,-1598.8447695952052,-1644.4352052768656,-1711.394029499143,-1628.8298132418956
SAIH_AFF_r57c24,-1614.1266299152842,-1617.2201390616663,-1624.6356793987138,-1654.7694509552355,-1641.4263326742578,-1605.26023386453,-1530.2379866176116,-1444.6469588445618,-1430.6665322316694,-1434.137008472029
SAIH_AFF_r57c25,-1603.930677388876,-1590.8186465834801,-1601.321509066498,-1614.4196161890677,-1592.6946030349961,-1547.7008148980053,-1502.3697223378422,-1449.5496700356848,-1441.7118459939668,-1429.306378612139
SAIH_AFF_r57c26,-1453.341056567803,-1440.504367887126,-1501.3168944008291,-1522.3212753811424,-1521.096852921614,-1496.2187504909944,-1483.5110401751344,-1531.778012873221,-1534.2912055682705,-1533.6578383672265
SAIH_AFF_r57c27,-1528.3135765368672,-1533.2003340209255,-1583.702538140168,-1589.0144000712073,-1603.1130723642239,-1554.6065856570003,-1501.6003371621882,-1514.085612493853,-1521.3963069223005,-1484.3476330586518
SAIH_AFF_r57c28,-1577.1467043053183,-1573.920293707142,-1615.6226140877889,-1629.6537890472648,-1637.9982612202416,-1594.4359387970526,-1545.1331685333278,-1510.171793535619,-1507.092027013939,-1493.6502067419663
SAIH_AFF_r57c29,-1531.27375841597,-1515.33634545512,-1586.7734626137442,-1605.8520962692312,-1620.1136665863942,-1579.5651785807809,-1562.6993026397115,-1637.4966781148273,-1661.8411725286155,-1615.595439410284
SAIH_AFF_r57c30,-1658.0759546701884,-1653.5944824985888,-1718.0073367686828,-1706.4755257755744,-1739.0363696348934,-1661.6692850709094,-1571.8015118666108,-1539.2499842895775,-1520.2905040951878,-1501.393441421063
SAIH_AFF_r57c31,-1534.1629094793223,-1521.0195639027336,-1605.6921689412316,-1596.3482678367197,-1638.0930077307971,-1611.2664465847658,-1618.422046761737,-1666.7179190479098,-1658.736168742268,-1636.9764568209307
SAIH_AFF_r57c32,-1707.065942526154,-1695.6274019451296,-1744.9543728625436,-1736.4321668176801,-1749.6993856676804,-1646.1517552726314,-1584.2958484123253,-1469.3824676991128,-1486.5625723398614,-1414.9533830176172
SAIH_AFF_r57c33,-1529.4169284166214,-1525.1212033168943,-1575.7717252463058,-1603.6125263058696,-1598.9528038655228,-1573.0222984787085,-1534.7521515846342,-1524.3864423993034,-1524.9166064641756,-1519.1497523845414
SAIH_AFF_r57c34,-1545.5804475638067,-1536.822891487389,-1639.894506933447,-1642.781241079501,-1667.24196205267,-1595.7059016092976,-1574.4680852178296,-1630.669143238755,-1676.3130380128105,-1606.9785724574156
SAIH_AFF_r57c35,-1731.1837350659207,-1736.5314623624452,-1812.3977519030896,-1814.4580615268708,-1845.265138267913,-1729.3518318796334,-1694.3128435756007,-1655.8747526255781,-1688.3191889260095,-1545.7592641068932
SAIH_AFF_r57c36,-1569.4507446114853,-1531.4442110941482,-1664.7571338415248,-1681.376246801981,-1713.8378483124145,-1635.2998845177897,-1617.316269374694,-1789.3956797607605,-1821.8702933143395,-1690.523914768368
SAIH_AFF_r57c37,-1633.5112578066555,-1605.3973134125254,-1729.8526486339395,-1736.5678399983296,-1770.9703595902117,-1631.348630793155,-1602.2041508090695,-1714.2137857744924,-1805.3106641608651,-1642.5478869036756
SAIH_AFF_r57c39,-1817.0351481105358,-1789.468621404568,-1853.7266290064235,-1844.5924316513663,-1869.642587143864,-1753.3398558160527,-1682.0486293624333,-1663.7492905982058,-1646.0956645341023,-1552.0445483387994
SAIH_AFF_r57c40,-1656.3046203860306,-1641.6971987666445,-1667.6773451364534,-1679.4228626919307,-1683.125827779905,-1627.7864628866723,-1562.3460551870755,-1511.6133999570764,-1501.053137580295,-1463.5629243598971
SAIH_AFF_r57c41,-1580.453617264202,-1566.0134048397808,-1603.058699528911,-1615.5571427449188,-1627.2354606326157,-1572.2033115374882,-1515.2739442281186,-1493.4178727705553,-1481.4649350445338,-1451.7881202586225
SAIH_AFF_r57c42,-1511.5903969079093,-1504.773372054357,-1560.1444156102662,-1567.5809514581968,-1593.050673384366,-1554.5966947472657,-1529.2960848650268,-1611.2534742862279,-1584.407853837759,-1554.13023041451
SAIH_AFF_r57c43,-1576.0172937290274,-1579.8867806494507,-1603.180475649529,-1619.7977887479522,-1628.239800966376,-1560.3667202378776,-1477.0767734775397,-1428.3771195091692,-1401.3527611858267,-1382.474544950085
SAIH_AFF_r57c44,-1445.9054294248135,-1433.84771642702,-1497.226959433111,-1514.3952268390249,-1530.8611270356146,-1494.562311032934,-1467.4586203015172,-1531.6165215137848,-1528.5389740086082,-1501.2019313580045
SAIH_AFF_r57c45,-1530.6563474708373,-1506.217329020943,-1588.9963545417697,-1564.9736516125708,-1588.2346266155164,-1520.0557582265103,-1498.1367046838432,-1593.481834252124,-1607.4677526221435,-1539.6851025939905
SAIH_AFF_r57c46,-1750.6234792263501,-1749.9700873053707,-1819.4145381509284,-1794.350287264519,-1836.8944505836948,-1714.91847396289,-1655.8091222851278,-1704.091683731454,-1619.8530525455783,-1582.7311026034504
SAIH_AFF_r57c47,-1479.0928396057056,-1469.2668029504337,-1527.8796401480495,-1541.6766200928726,-1574.570271642686,-1535.6900085330076,-1547.762062683555,-1622.9541861451276,-1598.7773749757923,-1555.6853441732183
SAIH_AFF_r57c48,-1553.0902170612485,-1538.9227118519887,-1586.7390605530763,-1610.3458346858247,-1625.975608096086,-1571.510824267305,-1504.3576589217134,-1491.9957514423668,-1500.2441991351093,-1450.8177544160944
SAIH_AFF_r57c49,-1579.7711723932073,-1553.886235620372,-1613.244324743309,-1628.1655637810097,-1649.1823990447208,-1614.6700063109345,-1560.458773374675,-1564.3746310984973,-1523.580833619204,-1529.9114688761065
SAIH_AFF_r57c50,-1448.4225381236856,-1403.2679049119786,-1499.3927066374254,-1501.052464886432,-1546.8059893311324,-1548.4278856472824,-1585.230391104741,-1681.345777733576,-1657.6861765337208,-1671.7111159389228
SAIH_AFF_r57c51,-1610.664716649609,-1602.6905914731783,-1703.8251505065825,-1680.8270280744928,-1749.5827687972924,-1628.8561185931655,-1590.54931038005,-1763.032733052798,-1757.0397719684684,-1640.6682753871075
SAIH_AFF_r57c52,-1658.9072776252144,-1657.7534393252035,-1717.3150539689398,-1709.7010804258916,-1740.5578264773765,-1646.6720029111596,-1536.6585074048614,-1530.1884108812308,-1484.9944892258513,-1454.7272336960968
SAIH_AFF_r57c53,-1558.7747276197863,-1527.706714391573,-1611.7238885499505,-1602.466475173536,-1632.7905271123382,-1588.730918983743,-1544.7001840743003,-1599.5900929797785,-1573.5114385288725,-1560.267797994821
SAIH_AFF_r57c54,-1615.0746363988612,-1614.962791744766,-1680.6785284231946,-1657.265331979106,-1720.1230877564096,-1594.4529255625532,-1545.7532485890536,-1615.1498068123562,-1645.3911945174548,-1532.720511397552
SAIH_AFF_r57c55,-1543.5640922910181,-1540.5733858106937,-1570.5412604516146,-1581.3804634452324,-1599.4943031693338,-1529.7373880208168,-1443.0378392108537,-1399.4534761010734,-1401.8896221054356,-1384.891379206507
SAIH_AFF_r57c56,-1479.7131437396122,-1455.4588674109068,-1529.7905744087734,-1531.8515279613657,-1570.3562250520229,-1537.65354604824,-1520.0213980028536,-1634.5339004567527,-1597.4800586318368,-1590.77674619482
SAIH_AFF_r57c57,-1633.256720732805,-1623.5636276507212,-1685.3984204379472,-1684.9218389119078,-1722.3994181387825,-1628.589971142621,-1529.8886764883073,-1540.6008672927003,-1505.6505035639707,-1490.857491135917
SAIH_AFF_r57c58,-1539.2593380818923,-1517.7812994913804,-1607.3229304915346,-1594.421904081302,-1653.0846232176616,-1575.0202978448308,-1544.8435254482245,-1644.3035305266135,-1637.619058089954,-1584.4115221813029
SAIH_AFF_r57c59,-1582.175490054865,-1575.0214144482704,-1644.2138328379303,-1630.711746913014,-1699.0218622739585,-1579.6622399141006,-1527.203467375505,-1632.5578258193764,-1649.7497256740287,-1561.5505846613153
SAIH_AFF_r57c60,-1624.4142350095844,-1637.2994210091028,-1727.1384997539596,-1686.6638973521417,-1807.1673917140483,-1621.204138790301,-1601.0151082074353,-1784.6188030698079,-1821.9978013003786,-1675.9053407460967
SAIH_AFF_r57c61,-1681.1597918707082,-1707.20565730417,-1751.943131052332,-1713.9023850549188,-1823.7886000240976,-1633.7348289244262,-1562.4515630646486,-1644.2751716516857,-1655.9761023154042,-1544.8783171588898
SAIH_AFF_r57c62,-1561.3152126111263,-1557.3605357946924,-1613.616423044307,-1596.3478058280944,-1654.4006052165942,-1553.4652785776404,-1474.770227113288,-1534.1857245322176,-1538.977314848753,-1511.9019088405644
SAIH_AFF_r57c63,-1550.1001199229136,-1547.0143017239566,-1630.949315549131,-1619.671730660465,-1681.8540134900184,-1569.5380873080703,-1501.8718055468266,-1588.3990081484728,-1583.448145122436,-1537.7460147887466
SAIH_AFF_r57c64,-1447.609027988653,-1423.4583861240008,-1554.0229521585757,-1536.9366067034591,-1594.6826172999847,-1540.4590588777369,-1548.3549260232705,-1754.5317110457315,-1748.9045422656934,-1709.4929976021742
SAIH_AFF_r58c00,-1624.7352957290104,-1598.6436798701818,-1673.9281228884408,-1712.6851322829996,-1694.4773745326845,-1665.915931616171,-1637.4288938109653,-1701.562843882318,-1626.1945229280957,-1661.8784264310325
SAIH_AFF_r58c01,-1604.975307933643,-1582.2565022702206,-1650.73144900285,-1673.8204817926003,-1654.4683225407691,-1619.5440808673,-1602.5106652096922,-1638.8317846459586,-1558.8259219753656,-1614.7785277081603
SAIH_AFF_r58c02,-1582.2376333454213,-1564.7195604590556,-1631.525017675036,-1649.6882802125706,-1628.4867117651825,-1620.13641996405,-1580.8397115642997,-1633.5240210900351,-1541.412583581393,-1604.1913651910083
SAIH_AFF_r58c03,-1658.7239433240404,-1637.9665634787968,-1731.029537636624,-1748.7106819005694,-1734.9800856972226,-1710.243905873885,-1670.1351282980786,-1747.8371804935807,-1647.1832684388557,-1702.029130796494
SAIH_AFF_r58c10,-1788.510240715519,-1843.668117325986,-1980.158847195479,-1916.0052912537765,-1998.6925750246555,-1771.8987225848869,-1756.81545839269,-1896.775531343112,-1946.3764982753853,-1719.830679879146
SAIH_AFF_r58c14,-1724.936787126801,-1735.6917387583871,-1825.2284977094132,-1854.5708333768139,-1913.9371314973857,-1763.4838458889453,-1685.370887119496,-1783.0493884813252,-1764.0593882726162,-1653.882113078777
SAIH_AFF_r58c15,-1640.3666020764492,-1642.4543986981114,-1701.654960450445,-1732.7453728455077,-1754.188087929627,-1689.9796736411927,-1628.71463294414,-1690.8633747388785,-1649.8590168551775,-1607.2091758097029
SAIH_AFF_r58c16,-1640.1170315178176,-1627.3795260717916,-1678.9439144080336,-1713.403298139612,-1723.262275408485,-1645.5020910132093,-1560.4130918558758,-1548.8236870185003,-1516.2466847722585,-1522.5156467270363
SAIH_AFF_r58c17,-1619.4004819490763,-1613.0376405358807,-1651.811307026076,-1688.4111145593995,-1697.3683363629007,-1618.5568441724056,-1550.6945725961873,-1548.4659806020704,-1537.3954642541387,-1520.6761030974615
SAIH_AFF_r58c18,-1593.8225682740765,-1573.2099956171005,-1610.8791624489957,-1630.907980005634,-1627.9824736243431,-1543.6666701451568,-1493.0010774625102,-1484.357519279534,-1478.3100013566109,-1433.3136850783178
SAIH_AFF_r58c19,-1460.4784530646093,-1441.5740190172176,-1495.7613250504637,-1529.9609275979155,-1542.112016941284,-1513.390950913045,-1488.879189029892,-1535.334632095597,-1527.9768204839322,-1536.2193160895258
SAIH_AFF_r58c20,-1502.5880701681153,-1484.4187415864005,-1543.5630798209274,-1571.97664280422,-1592.9627218842293,-1544.948060045707,-1511.257860519478,-1580.2018742108176,-1572.9361036033688,-1583.708907719119
SAIH_AFF_r58c21,-1673.3023761028362,-1661.583048849503,-1703.0830084262839,-1719.3527356086822,-1739.6889029138613,-1641.7399091911968,-1537.5149344231081,-1476.3972480916325,-1460.5458542729946,-1472.6962025646567
SAIH_AFF_r58c22,-1602.4009543239376,-1587.4491348993497,-1638.857795819549,-1659.8730524799898,-1672.9931673745393,-1614.9810126582277,-1535.040974881818,-1503.1598036044118,-1489.5940496937187,-1508.2853971218965
SAIH_AFF_r58c23,-1608.3307638548442,-1600.0666325923926,-1674.1232880284556,-1684.8301640780655,-1716.9128472186014,-1623.458216420324,-1609.019654424267,-1627.0985068165937,-1680.9454542135627,-1612.4821866296722
SAIH_AFF_r58c24,-1646.9255156219426,-1645.3904428934834,-1659.1829730611178,-1675.2057008675233,-1666.7507664209772,-1608.3899210749462,-1534.2221903333116,-1426.4301428478248,-1417.6232939795184,-1432.365836540343
SAIH_AFF_r58c25,-1552.7428939523945,-1530.475914156284,-1532.5301102386024,-1582.140084132891,-1556.2598678805864,-1505.6539571928924,-1460.5935671980824,-1406.2743629398003,-1408.7342198669412,-1402.7394801286248
SAIH_AFF_r58c26,-1450.1566442651858,-1437.470446742567,-1477.1292928923997,-1498.0150896928837,-1500.8785024053764,-1460.5603065941746,-1442.9239436693204,-1459.1252361025597,-1477.0382460058227,-1448.7984127646694
SAIH_AFF_r58c27,-1496.1772701548864,-1471.5876883917556,-1505.0813706339666,-1530.4214889827174,-1518.6805835547918,-1481.9555657555359,-1457.955584011183,-1454.3328317377034,-1473.8935617549416,-1448.3435504103609
SAIH_AFF_r58c28,-1553.6886307842024,-1524.7915274179713,-1565.0303072993722,-1580.0738155055874,-1570.26257282022,-1507.9995486646478,-1483.5370421098503,-1461.9843363152777,-1493.6010482459233,-1472.3258041204576
SAIH_AFF_r58c29,-1531.088897408213,-1504.0725350900525,-1599.4490118453375,-1600.8898373156821,-1611.5793575038729,-1560.372423991112,-1565.3250504639552,-1643.5571168520921,-1656.0539899124244,-1641.6313627615125
SAIH_AFF_r58c30,-1664.7384495788342,-1654.6479035636676,-1726.2664729314106,-1740.8325563923504,-1743.7627073545482,-1656.3698534724956,-1604.709548417727,-1595.5211130559996,-1630.3748620679762,-1554.9949679267283
SAIH_AFF_r58c31,-1616.493916418238,-1610.1160901282967,-1651.3140354034472,-1668.6482007464622,-1669.365220952039,-1633.0521714409422,-1563.891353619764,-1524.3643237378365,-1518.2215884342838,-1500.8806392129554
SAIH_AFF_r58c32,-1534.4918903124649,-1525.262927627202,-1606.7641994537023,-1610.2336351801557,-1628.2111936385195,-1595.85078540178,-1610.2409843806663,-1691.7601348266535,-1707.3188592955516,-1661.8319493252147
SAIH_AFF_r58c33,-1732.5802527407186,-1739.1802798610597,-1819.5175291282887,-1798.5393714339348,-1833.5188121290507,-1686.9533112893628,-1675.7024220550952,-1641.0377807216087,-1778.245991926482,-1578.1181899258356
SAIH_AFF_r58c34,-1640.4339610826719,-1644.312092654342,-1710.6443092930904,-1713.8334846611042,-1726.5733548323137,-1644.5691567912254,-1598.829915412994,-1559.7369401524759,-1564.113065326633,-1528.3365842713044
SAIH_AFF_r58c35,-1559.2570688656967,-1548.0240818689663,-1637.9845921938659,-1668.9307092076508,-1687.6750095190414,-1624.695067311354,-1629.0886887717047,-1691.6920446899414,-1738.9755530171449,-1663.8119819946696
SAIH_AFF_r58c36,-1638.2576100681435,-1626.6947285211895,-1734.1288572114333,-1753.2037186805392,-1795.222246861532,-1664.6828138207397,-1647.478575975456,-1757.7549281517736,-1819.0097075980673,-1677.3166070105506
SAIH_AFF_r58c37,-1713.3640410351622,-1713.2967330419635,-1836.56878396562,-1850.0560347974842,-1899.3433513440214,-1738.5082299804944,-1681.7738789389691,-1842.221497564385,-1964.458516308713,-1709.324906904213
SAIH_AFF_r58c39,-1870.5021737259515,-1862.7867662207943,-1912.5491559371278,-1913.2535944064698,-1962.528229749924,-1795.7607675717124,-1704.336448963731,-1721.3410233072445,-1722.2530180496187,-1560.1423731819332
SAIH_AFF_r58c40,-1677.3194228582759,-1664.9920933774213,-1715.7786615068478,-1716.123024648218,-1740.1335389959218,-1655.256344595229,-1619.2307028340756,-1615.097163838154,-1588.133760652557,-1514.609055064724
SAIH_AFF_r58c41,-1581.2696611332422,-1570.889488060483,-1595.7517446850686,-1614.6971670227774,-1627.318147072711,-1570.8908133689174,-1495.2606605149388,-1452.8062623432384,-1442.1234832653715,-1408.0701369920191
SAIH_AFF_r58c42,-1495.6102638087389,-1485.6491855113902,-1537.9901071722998,-1556.3398337629274,-1568.8909727947241,-1543.5897841944338,-1531.4603791207076,-1622.3814973859144,-1606.073361369969,-1567.8406633829713
SAIH_AFF_r58c43,-1578.9735264435676,-1588.1704091770823,-1649.1869968733456,-1649.3276441611888,-1683.861365870704,-1602.2141275747958,-1539.6403382732212,-1604.0257694724846,-1591.5746707103685,-1525.8981007987443
SAIH_AFF_r58c44,-1569.559478511687,-1578.7087296350678,-1604.7495312186234,-1615.356920621426,-1626.2011756697905,-1573.9804141967077,-1494.5513208029395,-1460.4574158736282,-1433.2569834733372,-1419.4289995070949
SAIH_AFF_r58c45,-1524.9670341138865,-1529.4188559128563,-1566.1882956102013,-1582.097295675429,-1594.0952162285566,-1559.3990868175595,-1518.5912308394757,-1539.5340003913643,-1528.697833148523,-1497.331821798969
SAIH_AFF_r58c46,-1546.4195581621045,-1539.2736076471137,-1652.08697183466,-1627.8229491688144,-1695.1363081386246,-1588.8670886075945,-1586.7709596460286,-1740.0891919813826,-1762.812923288843,-1645.4994808352549
SAIH_AFF_r58c47,-1669.5261789525289,-1684.192416213791,-1726.383246930707,-1709.3392337460486,-1763.575553620044,-1644.5696914539628,-1561.4872169314374,-1552.4892639956602,-1526.0070069574106,-1453.6253689931052
SAIH_AFF_r58c48,-1600.0240948459088,-1591.0523024282613,-1647.6613838301903,-1650.9330747986007,-1688.9247032805386,-1617.5544865860106,-1573.779904705523,-1608.9109072274093,-1582.3801634141182,-1550.3966952063272
SAIH_AFF_r58c49,-1549.039466956077,-1523.8658154799793,-1581.1784230957867,-1587.1936641030186,-1607.0684853955565,-1581.302780009809,-1567.1680241476824,-1608.8835975247057,-1560.3211699207936,-1558.911577634696
SAIH_AFF_r58c50,-1500.5262363224822,-1471.4575462349667,-1557.47285358145,-1563.8468144029875,-1595.9479863146587,-1572.846047731801,-1553.6383919723792,-1642.1187479790133,-1618.3579389583713,-1608.2870401276746
SAIH_AFF_r58c51,-1497.1317109694785,-1483.9758393358877,-1566.3426374022001,-1565.0425296562305,-1608.0708410186041,-1548.452353062412,-1520.828960447054,-1611.1203493786995,-1631.7421531975506,-1572.591705386516
SAIH_AFF_r58c52,-1611.7168514123257,-1597.9308077514925,-1686.7768576719432,-1669.6422680681246,-1728.0595628700348,-1615.1841188284075,-1585.7201742260238,-1749.0140554497789,-1757.4993949036275,-1641.7211940220645
SAIH_AFF_r58c53,-1692.5936088068036,-1667.1459983304642,-1755.265077998644,-1737.7877132571607,-1789.4614989304537,-1672.3144493139253,-1602.2799107841604,-1663.7673110032872,-1640.2039964522364,-1571.317629258622
SAIH_AFF_r58c54,-1679.2027524299572,-1656.0355020172485,-1733.9453139058478,-1715.1457661242998,-1747.1153887279204,-1639.5378348281238,-1552.6062622084635,-1577.829839115592,-1565.4591216947497,-1512.0185868564558
SAIH_AFF_r58c55,-1583.8728542060169,-1554.3882491364643,-1635.1193348429974,-1614.4091618228676,-1681.1922918384164,-1606.961941832677,-1538.7866154632823,-1596.2437152368325,-1573.7173161008893,-1578.741909900132
SAIH_AFF_r58c56,-1552.1167064345789,-1543.8171849533862,-1618.8414264293635,-1607.6425503618227,-1663.3388512940867,-1581.3562683356151,-1511.7295808070933,-1568.2325549253537,-1554.3964560923137,-1547.8929604276682
SAIH_AFF_r58c57,-1614.8910461272756,-1592.450187707568,-1679.1313770352383,-1648.2217897310006,-1712.5299223342006,-1588.5064843246573,-1522.39698519993,-1585.1858448405858,-1601.8537289758392,-1528.0121599023248
SAIH_AFF_r58c58,-1659.6892854721182,-1662.3061662520013,-1697.141651149326,-1694.9565827426309,-1726.528051178535,-1628.8893339801061,-1513.7525727489422,-1469.6530244469825,-1458.4282551207216,-1447.142597837482
SAIH_AFF_r58c59,-1519.7153681178474,-1498.8868433548841,-1592.093330098049,-1572.4798394881989,-1630.8533164263683,-1575.7871861905578,-1530.304925458027,-1663.3697459258904,-1651.0711501432388,-1627.9407760505533
SAIH_AFF_r58c60,-1591.3006654914523,-1578.324252365207,-1656.7117577110432,-1631.3674362932752,-1706.0023208753616,-1601.7387085502096,-1587.596084239953,-1682.7003332672714,-1666.9900541363736,-1616.7066361388981
SAIH_AFF_r58c61,-1622.6825355000801,-1639.0362344740151,-1732.022968414517,-1672.8694917155615,-1810.9507681791977,-1622.1235321894353,-1606.07755100976,-1810.5452728738442,-1848.1363990931602,-1709.85781445257
SAIH_AFF_r58c62,-1647.0673506484704,-1659.2917058947794,-1675.959787816118,-1648.2225140243222,-1709.0696899914199,-1571.1962257557227,-1463.855156334352,-1416.7432538513096,-1407.974032510869,-1365.7861000779783
SAIH_AFF_r58c63,-1437.672668270108,-1425.8087243244927,-1524.8579571244472,-1507.5010486719425,-1585.0117806032208,-1516.05260837581,-1519.2371850723366,-1721.3213162137195,-1724.8477260514103,-1679.3491138461209
SAIH_AFF_r58c64,-1563.864816934981,-1564.1698114191677,-1660.2224659206188,-1634.373682659483,-1713.8607615734277,-1601.627527429109,-1580.1895901085686,-1737.1783472380512,-1737.0607208894146,-1675.8281595960798
